fetched_at_utc,city,condition_id,question,active,closed,end_date_iso,start_date_iso,volume_usdc,volume_24h_usdc,liquidity_usdc,market_slug,book_ts,yes_best_bid,no_best_bid,yes_best_ask,no_best_ask,yes_ask_depth_usdc,no_ask_depth_usdc,yes_vwap_buy_100,no_vwap_buy_100,outcome_probs_json,clob_token_ids_json
2026-09-03T09:53:54.934266+00:00,Houston,0xf259e94c4b87e258d2a5bd749aa7b163eabc363c0d82a5f69a82edf69c726637,Will the lowest temperature in Houston be 71°F or below on September 3?,True,False,2026-09-03,2026-09-01,82.0,62.0,28.2529,,1788429315196,,0.59,0.41,,67.74,0.0,,,"{""Yes"": 0.205, ""No"": 0.795}","[""33303503277519513665087168341730614613764645526545810516112642457486625077590"", ""36863530837707900933755821983278128490181503556333920683075827937012502132564""]"
2026-09-03T09:53:54.934297+00:00,Houston,0x264ced03d1ba10b9ce1b7e845e13f6897829ff51a5db20f6e1b30b64a108fcc7,Will the lowest temperature in Houston be between 72-73°F on September 3?,True,False,2026-09-03,2026-09-01,163.98405000000002,145.82080000000002,218.002,,1788429368247,,0.87,0.13,,574.31,0.0,0.370683,,"{""Yes"": 0.065, ""No"": 0.935}","[""39514036801617929357595899924160342429197626038776632384015264349709491542921"", ""29993585052000106590018939265937665137032874275718613682501873116529601853462""]"
2026-09-03T09:53:54.934342+00:00,Houston,0x3ad74e01e3cd0b06c69a7df1d39622eaf1590b52abb6d03e634063be162ee6c5,Will the lowest temperature in Houston be between 74-75°F on September 3?,True,False,2026-09-03,2026-09-01,53.0,43.0,36.932,,1788429411856,0.03,0.34,0.66,0.97,451.65,100.93,0.780906,0.97981,"{""Yes"": 0.345, ""No"": 0.655}","[""958379339340009587630696672146261390285888940752627842949804345556443111479"", ""62158461534381523773302885365659634553817392151568902454950195113451706137885""]"
2026-09-03T09:53:54.934362+00:00,Houston,0x074bb806a779b99563953618933a12dac3204625d39e6af27cee5f97ecb74c55,Will the lowest temperature in Houston be between 76-77°F on September 3?,True,False,2026-09-03,2026-09-01,10.0,0.0,36.792,,1788429368247,0.06,0.32,0.68,0.94,438.75,89.77,0.817426,,"{""Yes"": 0.36, ""No"": 0.64}","[""72323079446899930293981172540076634952703657494326902248618747874850127446887"", ""67439872618872888262363396086344843984505622918148184703301353658764872488427""]"
2026-09-03T09:53:54.934374+00:00,Houston,0xaa69b874f5f52b57da5e90523129664b19465ad3bb5b9cccaf893cd727f8d0fe,Will the lowest temperature in Houston be between 78-79°F on September 3?,True,False,2026-09-03,2026-09-01,16.0,0.0,36.482,,1788429411851,0.04,0.32,0.68,0.96,433.23,98.6,0.817426,,"{""Yes"": 0.35, ""No"": 0.65}","[""77209856047778947341013510575960556567703611416412977578933759397907354681845"", ""73202172130755293751703467796971427745816248297733046738246088057908388015917""]"
2026-09-03T09:53:54.934386+00:00,Houston,0xfecb170064331b6621648c70bab01017ceb47371ae3fe7a010c66ec742d7f41f,Will the lowest temperature in Houston be between 80-81°F on September 3?,True,False,2026-09-03,2026-09-01,47.918668,19.918668,39.7715,,1788429275194,0.04,0.57,0.43,0.96,445.29,98.6,0.804251,,"{""Yes"": 0.235, ""No"": 0.765}","[""58365733163733614848344077041141560400282203705004707974920408345452925096386"", ""81365263536921396215469406250141618795917515324424244758904031157020316015753""]"
2026-09-03T09:53:54.934396+00:00,Houston,0xf76fc8b4a828286c65c28dbfb41bdcdc359096f93c12be58cf48dd32b35f3d31,Will the lowest temperature in Houston be between 82-83°F on September 3?,True,False,2026-09-03,2026-09-01,10.0,0.0,36.352,,1788429325191,0.04,0.32,0.68,0.96,426.99,86.97,0.817426,,"{""Yes"": 0.35, ""No"": 0.65}","[""72566018595613366602998869312594693148435553523049805814312910055173879400738"", ""108635323929201105508389755643792329623235536340826311055022724025871320158798""]"
2026-09-03T09:53:54.934406+00:00,Houston,0x78b0290f62ab2e730e4e09709e98269fb42859bff918b86dcd82887e55ed7be5,Will the lowest temperature in Houston be between 84-85°F on September 3?,True,False,2026-09-03,2026-09-01,234.8347,234.83470000000003,3345.66153,,1788429411851,,0.999,0.001,,464.39,0.0,0.02917,,"{""Yes"": 0.0005, ""No"": 0.9995}","[""94193160904061547727357014104517121959227234022530930963456504816642826061893"", ""47714605551577459903569633206405803564436365751195838156380349175694098015546""]"
2026-09-03T09:53:54.934416+00:00,Houston,0x977769c012547881c600893ef18cfd41212d6fd1d44f49802322353cd07e1065,Will the lowest temperature in Houston be between 86-87°F on September 3?,True,False,2026-09-03,2026-09-01,90.0,90.0,3073.13029,,1788429368247,,0.999,0.001,,453.35,0.0,0.031666,,"{""Yes"": 0.0005, ""No"": 0.9995}","[""173771782230455051335623980056352532275105612001675157010938996263480862948"", ""46254542917626295215807265030016492651966578311606101717797362027210044076588""]"
2026-09-03T09:53:54.934426+00:00,Houston,0x56189c658c723b08a38318199a04d072c976ef16ca9a2e57657a0c38285e0c93,Will the lowest temperature in Houston be between 88-89°F on September 3?,True,False,2026-09-03,2026-09-01,52.0,52.0,2984.9532,,1788429411851,,0.999,0.001,,499.55,0.0,0.032692,,"{""Yes"": 0.0005, ""No"": 0.9995}","[""62560444579405703169981751480279930912806045170170786027725289400880269789600"", ""112038730847756033529308662761784776201799202219009992911963245381535967077216""]"
2026-09-03T09:53:54.934436+00:00,Houston,0x59237ec74b84e8253887c520ff5937c27de88ec8093c1bc99b5cf40d38f0c582,Will the lowest temperature in Houston be 90°F or higher on September 3?,True,False,2026-09-03,2026-09-01,101.9973,101.9973,3069.7512,,1788429411851,,0.999,0.001,,415.44,0.0,0.032071,,"{""Yes"": 0.0005, ""No"": 0.9995}","[""6536933108199361525476891808293165691063790938003400174325887671139230682"", ""20657684390025474586204258165866961684196031859877745116102114059704753949661""]"
2026-09-03T09:53:54.934446+00:00,Houston,0x0de27f3e12f92a170830b85cb5dfa5c043857c5e3eca6222884be90857721465,Will the highest temperature in Houston be 81°F or below on September 3?,True,False,2026-09-03,2026-09-01,146.55,141.0,6256.24644,,1788429386548,,0.999,0.001,,408.56,0.0,0.014667,,"{""Yes"": 0.0005, ""No"": 0.9995}","[""42602473938154345045273200760327623912981119884752518657248921834994954035904"", ""50259504178756528111655474684842808009264071080234501521432702371186694773016""]"
2026-09-03T09:53:54.934456+00:00,Houston,0xe5074da69fc5bd92f6f45bd956c4359d50a947f8f6752cda954d5281485f2965,Will the highest temperature in Houston be between 82-83°F on September 3?,True,False,2026-09-03,2026-09-01,574.289,527.71,627.85415,,1788429404592,0.002,0.99,0.01,0.998,3755.64,567.66,0.235782,0.998,"{""Yes"": 0.006, ""No"": 0.994}","[""2406433102571781882500272490567073163527772125631435132938135454307822456759"", ""95705226082131857199361074922856479851497112019333189506137533339617765751167""]"
2026-09-03T09:53:54.934468+00:00,Houston,0xe6d77fb6b9ab42e73844c2d7f859f928f02fa8a79de0759858e6e48b28782b3f,Will the highest temperature in Houston be between 84-85°F on September 3?,True,False,2026-09-03,2026-09-01,1002.8249489999998,528.070774,573.9596,,1788429299766,0.02,0.96,0.04,0.98,6718.23,468.38,0.296363,0.984709,"{""Yes"": 0.03, ""No"": 0.97}","[""59282809189285949992843222882597563380126463749717832450530315027808909480934"", ""36994162465266569671708920273264692958187100971546426834686104543170209880776""]"
2026-09-03T09:53:54.934478+00:00,Houston,0xd60d93f369dd897635aa3f5e8a2a5c97115fb2141a224fc60226410564d1f2af,Will the highest temperature in Houston be between 86-87°F on September 3?,True,False,2026-09-03,2026-09-01,3556.0525979999993,1553.1408070000002,711.7212,,1788429392010,0.03,0.94,0.06,0.97,9267.9,406.82,0.292937,0.97,"{""Yes"": 0.085, ""No"": 0.915}","[""61360027226930641263612020058559451100021668197449898219827977112648444678814"", ""21396934256451258619842411721800517680668487375048882413254059768315512413272""]"
2026-09-03T09:53:54.934488+00:00,Houston,0xe0822170245c49e455c4ba553534536beb4b7b0e984e847010d2f8c020a31539,Will the highest temperature in Houston be between 88-89°F on September 3?,True,False,2026-09-03,2026-09-01,2852.281672,2494.8982280000014,1785.0937,,1788429381300,0.16,0.82,0.18,0.84,7386.94,1144.54,0.185058,0.849575,"{""Yes"": 0.175, ""No"": 0.825}","[""105884909489958397124594408428229590959226290300202035941819314935458888908578"", ""114984560509785250316864954628840919634352568600022664430115364558861466644728""]"
2026-09-03T09:53:54.934499+00:00,Houston,0x757cc48511e7c6b21fdfe1c4496d6d45c7fbbb43b014d068c2952b9fdc9faa1b,Will the highest temperature in Houston be between 90-91°F on September 3?,True,False,2026-09-03,2026-09-01,3223.9236539999997,2054.3951289999995,1147.7943,,1788429406543,0.33,0.66,0.34,0.67,6906.53,958.86,0.34965,0.67966,"{""Yes"": 0.38, ""No"": 0.62}","[""66697633769993165726025314030778525001678900529922577985367614338354261514995"", ""108845696312884062602528288309111741073590424432877786790435331299552060839411""]"
2026-09-03T09:53:54.934509+00:00,Houston,0x49f7f5349d651e83145ca71a4e7a70f641b48af1b6ec9812a1fe184014a109a9,Will the highest temperature in Houston be between 92-93°F on September 3?,True,False,2026-09-03,2026-09-01,1069.6519010000002,917.3182360000002,1169.763,,1788429380206,0.22,0.75,0.25,0.78,8521.39,1304.58,0.260063,0.788817,"{""Yes"": 0.195, ""No"": 0.805}","[""106689203922452517942186918052230387904870645767452076059354208575952176460379"", ""26480655074354864595242380209062737141207828410079370376513494091201022881373""]"
2026-09-03T09:53:54.934519+00:00,Houston,0x2602e89ed8dd37fe2c0fa38f1a5226dfc6fd5672afdb9650f33b312383274137,Will the highest temperature in Houston be between 94-95°F on September 3?,True,False,2026-09-03,2026-09-01,508.930025,496.380025,483.0232,,1788429383821,0.11,0.88,0.12,0.89,5717.35,454.43,0.351575,0.931542,"{""Yes"": 0.07, ""No"": 0.93}","[""84707389607740001963084808983718852552314830082924737376952098119937468372011"", ""15310706486135836230657635672785644694018685153607567852526108787991389935323""]"
2026-09-03T09:53:54.934529+00:00,Houston,0x428b94a5872f6e09a5e25a0513f7b117d94014c2b9f644cf7567c64799ca9f78,Will the highest temperature in Houston be between 96-97°F on September 3?,True,False,2026-09-03,2026-09-01,158.60000000000002,153.05,455.21917,,1788429380523,0.007,0.99,0.01,0.993,3811.47,1241.9,0.209211,0.993,"{""Yes"": 0.007, ""No"": 0.993}","[""64029750098898336319728853717320408794238799874174534206568204688430218857878"", ""31509718227587191465453905717860418602293317308061432640281680288112065567012""]"
2026-09-03T09:53:54.934539+00:00,Houston,0xa64644be082179991fdcd28f6e6d2c407de292c328d27bcefd40a5648a683333,Will the highest temperature in Houston be between 98-99°F on September 3?,True,False,2026-09-03,2026-09-01,730.652119,482.428665,2156.38309,,1788429294168,,0.997,0.003,,3761.24,0.0,0.045913,,"{""Yes"": 0.0015, ""No"": 0.9985}","[""49829950423925616378379567661718268949359497026698404248230097115574569044184"", ""43570464087200952816814100798771507935568347612436553935922495563448578818825""]"
2026-09-03T09:53:54.934549+00:00,Houston,0xccf6ea9905a480c574e4e2aeed68ec22d416f1ff6e4d0a0175fcc6ea3f322c9b,Will the highest temperature in Houston be 100°F or higher on September 3?,True,False,2026-09-03,2026-09-01,497.98706300000003,406.992063,3212.46969,,1788429380014,,0.995,0.005,,259.57,0.0,0.030461,,"{""Yes"": 0.0025, ""No"": 0.9975}","[""5822556059409518435880196956208124615047630682467792619226016177050030237599"", ""106283688770047143116768605993119509032927820258325338841719961161159586195944""]"
2026-09-03T09:53:54.934560+00:00,Houston,0x8d88662a7e50f05b805130bc3e1a44e15010506fd354affb75bc011a38987a9d,Will the highest temperature in Houston be 81°F or below on September 4?,True,False,2026-09-04,2026-09-02,229.536,229.53600000000003,2571.93015,,1788429409752,0.002,0.99,0.01,0.998,2877.99,1276.66,0.071032,0.998,"{""Yes"": 0.006, ""No"": 0.994}","[""82033641086698233472000010598346766886013798475847238190525751373547261270061"", ""34481828523023565833703523997177716037108439806234114312596059180956109195066""]"
2026-09-03T09:53:54.934570+00:00,Houston,0x1262400549f6cacf72e449f88279f4293548ae387f183cd9fe860b103bb92a07,Will the highest temperature in Houston be between 82-83°F on September 4?,True,False,2026-09-04,2026-09-02,213.56426599999998,213.564266,2712.44231,,1788429409613,0.003,0.991,0.009,0.997,5724.34,842.32,0.082869,0.997112,"{""Yes"": 0.006, ""No"": 0.994}","[""25598132939999530103645224103557113017135873894303619929269973896028301762404"", ""55646191332844120295720807187587673149434775595915361728346124607731126494716""]"
2026-09-03T09:53:54.934579+00:00,Houston,0xef76b258734e90cd8fb888abf7f33ec217f7d0cdcaeadd2c70db09986a51ec7c,Will the highest temperature in Houston be between 84-85°F on September 4?,True,False,2026-09-04,2026-09-02,140.05255,140.05255,2705.3382,,1788429409612,0.03,0.95,0.05,0.97,13157.92,1887.39,0.1824,0.978833,"{""Yes"": 0.035, ""No"": 0.965}","[""82152729196808193023433610871767504299290243250294933316346250834417690127901"", ""69990699967204001761856356130920287227046733294783096944590445654816456482972""]"
2026-09-03T09:53:54.934589+00:00,Houston,0xc4e01c2f3fa6a962c06c4cb77446e0ed75a54f96cc439b6d30c470303d8c974c,Will the highest temperature in Houston be between 86-87°F on September 4?,True,False,2026-09-04,2026-09-02,1485.8341750000002,1485.834175,6005.1386,,1788429409615,0.21,0.78,0.22,0.79,19328.35,3703.73,0.233183,0.79,"{""Yes"": 0.21, ""No"": 0.79}","[""72995785510856862165885643006209731077000456909762338170267587871984032235409"", ""87778022235497396680256920980554821444952656701840285180861270090991319832265""]"
2026-09-03T09:53:54.934598+00:00,Houston,0x7b6574aa9ff2de769f8d8ecb9333b8265bbae461a750eec403eb16fde0ef3be9,Will the highest temperature in Houston be between 88-89°F on September 4?,True,False,2026-09-04,2026-09-02,1623.1877569999997,1623.187757,4604.2033,,1788429409646,0.25,0.72,0.28,0.75,15219.42,2917.6,0.283276,0.75962,"{""Yes"": 0.26, ""No"": 0.74}","[""102825397032467685882999817415233330667708523268564889796747560332910953260059"", ""113461856186242787679718113209816793075127068868516562821880015665696618696040""]"
2026-09-03T09:53:54.934608+00:00,Houston,0x5a1f2940f76c5b4e8c8e781bb41cb51b39ed76faa93cf8344ef85c5bac8acf45,Will the highest temperature in Houston be between 90-91°F on September 4?,True,False,2026-09-04,2026-09-02,2265.636703000001,2149.170038,4962.0897,,1788429411441,0.22,0.77,0.23,0.78,14922.43,4338.48,0.244461,0.787875,"{""Yes"": 0.235, ""No"": 0.765}","[""82889369727420858127383057259790305558107257697025164569082391771852594108518"", ""40395817129510374282748183791207387715870256099080042148665342894328177086898""]"
2026-09-03T09:53:54.934618+00:00,Houston,0xe80458e201bed9509afdef9d3091eacd85742fc9ffd870a9eb90766c88013ed8,Will the highest temperature in Houston be between 92-93°F on September 4?,True,False,2026-09-04,2026-09-02,2389.4637339999995,2363.463734,4117.5844,,1788429409618,0.2,0.78,0.22,0.8,17589.0,4115.22,0.241079,0.802681,"{""Yes"": 0.24, ""No"": 0.76}","[""36687716125269690941893290842165914007560785444326847751115679006533112033421"", ""61290579292255368654449604987572865205834806244526552842539019806581930001398""]"
2026-09-03T09:53:54.934627+00:00,Houston,0x7838e5aaf930bd290ec0346852fe958cd140540e7a0f741f935929ee7dda9a9f,Will the highest temperature in Houston be between 94-95°F on September 4?,True,False,2026-09-04,2026-09-02,118.303,118.303,2923.3888,,1788429409636,0.02,0.95,0.05,0.98,13302.11,528.47,0.150505,0.98,"{""Yes"": 0.035, ""No"": 0.965}","[""105588233130407198577233826632319668591631859485562327486277764286074475624362"", ""27433700316201994814544952034590036498224458666597904089393252268938260913996""]"
2026-09-03T09:53:54.934637+00:00,Houston,0x70333ff5e8c4981a01bddf46629fef2c22149908aab2e71152cef5551ac5f7ee,Will the highest temperature in Houston be between 96-97°F on September 4?,True,False,2026-09-04,2026-09-02,94.3856,94.3856,2663.64493,,1788429409605,0.002,0.99,0.01,0.998,17174.79,1469.54,0.11639,0.998,"{""Yes"": 0.0075, ""No"": 0.9925}","[""55125330468967597125303680436250124770187185761378870534994953353951591050811"", ""64648887744145614847083416469294606700038688600363446822849354388413389480085""]"
2026-09-03T09:53:54.934647+00:00,Houston,0xd36e8c4a4e7c945575c8b6281a4a6274298125eb8fb8e3e6975c79e1b8a8f8ea,Will the highest temperature in Houston be between 98-99°F on September 4?,True,False,2026-09-04,2026-09-02,201.6987,201.69870000000006,3101.09081,,1788429409751,0.002,0.99,0.01,0.998,17292.11,337.52,0.089842,0.998732,"{""Yes"": 0.006, ""No"": 0.994}","[""78209509759087578159235497034710547601717581233943178408479568030229093269703"", ""97939685870201949234336061774652713504466126026085526147011342427912576957348""]"
2026-09-03T09:53:54.934657+00:00,Houston,0xd8882bb821b13e130fc0f9f397532aaaf025c1b6bff4552068a54c478a83484a,Will the highest temperature in Houston be 100°F or higher on September 4?,True,False,2026-09-04,2026-09-02,400.51293200000003,400.512932,2313.6134,,1788429409621,0.001,0.997,0.003,0.999,2661.09,3.23,0.085113,,"{""Yes"": 0.002, ""No"": 0.998}","[""93688890235748624668486669364071473914084684444849436663751440090108720594963"", ""114100717501291122469422328498783927102363310092920528786698263061638249269297""]"
2026-09-03T09:53:54.934666+00:00,Houston,0x9f44a83245c2d86931009134430d9992d675fce720b2eafa1fd1be354af07ce4,Will the lowest temperature in Houston be 69°F or below on September 4?,True,False,2026-09-04,2026-09-02,0.0,0.0,65.85,,1788429251576,,0.56,0.44,,331.47,0.0,0.833255,,"{""Yes"": 0.215, ""No"": 0.785}","[""53234299209301945733459756843579552357429977752554126702052899457605000297884"", ""90091638938089666625879388670280205960348142437528548194126613063261833043480""]"
2026-09-03T09:53:54.934676+00:00,Houston,0x7a07ac1913ccc7bd2a281910b2bdaaa207388738f5446ebeafb98bacd4032cbf,Will the lowest temperature in Houston be between 70-71°F on September 4?,True,False,2026-09-04,2026-09-02,0.0,0.0,239.2131,,1788429251582,,0.89,0.11,,4571.96,0.0,0.516974,,"{""Yes"": 0.055, ""No"": 0.945}","[""98247183267371701465384408195267730516783659709971449485402971456186348003441"", ""50247337949040671111088225199684821032280874566239840028956100729840945696156""]"
2026-09-03T09:53:54.934684+00:00,Houston,0xa1fe4c4562beaf912b919acc104f43214ee26ac85a82aee0e003be01e14600ba,Will the lowest temperature in Houston be between 72-73°F on September 4?,True,False,2026-09-04,2026-09-02,0.0,0.0,285.9885,,1788429251579,,0.82,0.18,,4587.3,0.0,0.516662,,"{""Yes"": 0.09, ""No"": 0.91}","[""20790945535824766975050441475606720120991674462944851194275885971478181914473"", ""4332834768977325708665417528454337775423148607390968763653122776163452035175""]"
2026-09-03T09:53:54.934694+00:00,Houston,0x3b9c235b2300554cfe9306a7ac2662c7450ad6a48b6d14912db89cb0390e30da,Will the lowest temperature in Houston be between 74-75°F on September 4?,True,False,2026-09-04,2026-09-02,0.0,0.0,274.8969,,1788429251581,,0.78,0.22,,4580.27,0.0,0.517055,,"{""Yes"": 0.11, ""No"": 0.89}","[""40183537816780413874451232014926851491069259121920960753312091721195914069182"", ""5086395188689883731573748943632636291727352457499081986100696347537713405583""]"
2026-09-03T09:53:54.934703+00:00,Houston,0x837998d6660c755784ffcc2e62a83011e085baa74ee3b366ffbc6e8b29e76146,Will the lowest temperature in Houston be between 76-77°F on September 4?,True,False,2026-09-04,2026-09-02,0.0,0.0,293.612,,1788429251583,0.04,0.73,0.27,0.96,4591.97,309.7,0.537194,0.962779,"{""Yes"": 0.155, ""No"": 0.845}","[""114451631000173546774515980297662740486960752678616799850022603240251841576313"", ""25515181516436573734693470002976111843963177784034069174348578759046280899214""]"
2026-09-03T09:53:54.934712+00:00,Houston,0x02e8788b8bbe8052cbc1d4d61f0411fe4371a6ff25e43e6b52be7d3a4d54b2d7,Will the lowest temperature in Houston be between 78-79°F on September 4?,True,False,2026-09-04,2026-09-02,15.55,15.55,221.1065,,1788429251570,0.31,0.49,0.51,0.69,4609.96,113.66,0.656847,0.79868,"{""Yes"": 0.4, ""No"": 0.6}","[""9172643869197954529156358315315900784444827856991573305718102449946080807417"", ""71428566659671618056700691147923975342675518569076445248251388680987290418835""]"
2026-09-03T09:53:54.934720+00:00,Houston,0xd1ba9ef0763c1affe858bc4bcbc5eae866df19c603322f29e73b24fff6fc2df0,Will the lowest temperature in Houston be between 80-81°F on September 4?,True,False,2026-09-04,2026-09-02,0.0,0.0,247.0478,,1788429271821,0.14,0.5,0.5,0.86,4540.19,454.96,0.621834,0.90042,"{""Yes"": 0.42, ""No"": 0.58}","[""84242218286496430209144572846037304334598437009667641634626257831909428988212"", ""99965541558879195762433592065388127858898859795907632723982160064775864232022""]"
2026-09-03T09:53:54.934729+00:00,Houston,0x495a1b23623c8af910d96eec91cc715120f0ee36ac2bd9711641b2162ddaeb23,Will the lowest temperature in Houston be between 82-83°F on September 4?,True,False,2026-09-04,2026-09-02,0.0,0.0,281.8553,,1788429251568,,0.76,0.24,,4586.57,0.0,0.522826,,"{""Yes"": 0.12, ""No"": 0.88}","[""70977956578597606596495086615531612734245059331450750288746223331429626455955"", ""112136910320804167735687333890200023988037611051882338622915680235193492752012""]"
2026-09-03T09:53:54.934741+00:00,Houston,0xb25272a668ef09496f7e332488951be43f45fd6aea6ce358bbaaae8209cbdd2d,Will the lowest temperature in Houston be between 84-85°F on September 4?,True,False,2026-09-04,2026-09-02,0.0,0.0,239.1701,,1788429251564,,0.88,0.12,,4574.73,0.0,0.51456,,"{""Yes"": 0.06, ""No"": 0.94}","[""14043272702145474931336073700073276858682725637366986777966750318620735606204"", ""55585215218462248000777925477697620112545751574097868621790092432082399640549""]"
2026-09-03T09:53:54.934752+00:00,Houston,0xc1f5d4b9f419313886b89370564c7cf9bb58cd138ed1c6280af8c98f690219f6,Will the lowest temperature in Houston be between 86-87°F on September 4?,True,False,2026-09-04,2026-09-02,0.0,0.0,240.0673,,1788429251554,,0.88,0.12,,4624.17,0.0,0.51653,,"{""Yes"": 0.06, ""No"": 0.94}","[""3626179918774850090758027633532101777453426011999558331210182417129610317490"", ""27637538050289038920867676143478427635695245524255363557145631212230297668544""]"
2026-09-03T09:53:54.934760+00:00,Houston,0x33bc8e92d745a7a0031286a9b48be78041da1afafe5ad729002acdfc8d23e034,Will the lowest temperature in Houston be 88°F or higher on September 4?,True,False,2026-09-04,2026-09-02,0.0,0.0,76.49,,1788429251552,,0.58,0.42,,356.39,0.0,0.819823,,"{""Yes"": 0.205, ""No"": 0.795}","[""112148033159127197212683758884754653312051598277849972270542497022081446535526"", ""33669495506747899465500172968797243833132853881386061587128903297086855453436""]"
2026-09-03T09:53:54.934770+00:00,Houston,0x9a3b0103aacca10ad9361a97346a0ba335d298ba465ad10f9330fbfab410db47,Will the highest temperature in Houston be 81°F or below on September 5?,True,False,2026-09-05,2026-09-03,0.0,0.0,277.81,,1788429399001,0.002,0.988,0.012,0.998,174.64,1137.86,0.247391,0.998,"{""Yes"": 0.0055, ""No"": 0.9945}","[""30898165697245304039548035551008045127804746572977332324818698713612883974529"", ""108889714031986961267058541799516619722090549638984753184358678206308013902599""]"
2026-09-03T09:53:54.934780+00:00,Houston,0x496d37f96a396a9c08de35fb1c64c046792139b055f1f53242c81a177337ffb1,Will the highest temperature in Houston be between 82-83°F on September 5?,True,False,2026-09-05,2026-09-03,0.0,0.0,1309.5603,,1788429320724,0.01,0.98,0.02,0.99,12958.93,217.8,0.154309,0.99,"{""Yes"": 0.01, ""No"": 0.99}","[""35437654046417630418837071221041731178738497067568592121527001084769173549443"", ""115275095547726428383924007625395854158604788910559729021056666891238104440649""]"
2026-09-03T09:53:54.934789+00:00,Houston,0x77ac89cfdff1a9de6e447d97c04f8cfdef96b6ef83d3d2aea0ca4c48f907e4d5,Will the highest temperature in Houston be between 84-85°F on September 5?,True,False,2026-09-05,2026-09-03,0.0,0.0,1556.3989,,1788429300728,,0.92,0.08,,12784.88,0.0,0.244522,,"{""Yes"": 0.085, ""No"": 0.915}","[""39501920417414569550896565127389904285720025328117378067037747047671114945265"", ""89894572357746426834340547871795116331830888865140086479081767087489311584368""]"
2026-09-03T09:53:54.934797+00:00,Houston,0x56200a65ea94c9c5a4260c3a1b4a6b1ad35987c06a487237d378c2ed1f079419,Will the highest temperature in Houston be between 86-87°F on September 5?,True,False,2026-09-05,2026-09-03,0.0,0.0,1540.8509,,1788429332484,,0.8,0.2,,13036.83,0.0,0.22802,,"{""Yes"": 0.1, ""No"": 0.9}","[""73592424751683682951106469126510908944323495129484375269434669134950473486023"", ""33473333185908012389656893383581733035459586270043407451593780793427192128231""]"
2026-09-03T09:53:54.934806+00:00,Houston,0xa8f589fbd2e21fb73a3757015ad0d27097d7d67d6bb125e62546531a5091abf7,Will the highest temperature in Houston be between 88-89°F on September 5?,True,False,2026-09-05,2026-09-03,141.944443,141.944443,2299.9839,,1788429356350,0.25,0.74,0.26,0.75,13874.36,4413.3,0.26,0.751982,"{""Yes"": 0.25, ""No"": 0.75}","[""60438511816062367774982736070198760749032945155963365805232498464905642507969"", ""52384409257458319742632352423538877843920212879149549831561266580209077125402""]"
2026-09-03T09:53:54.934816+00:00,Houston,0xeee9c6414555338cbe9bfe4dc53e57c7a7038810066dceb41550d677128f0b4d,Will the highest temperature in Houston be between 90-91°F on September 5?,True,False,2026-09-05,2026-09-03,10.879999999999999,10.88,2666.9184,,1788429360280,0.41,0.57,0.43,0.59,14517.73,7298.89,0.43,0.59,"{""Yes"": 0.41, ""No"": 0.59}","[""66778551584314630307363416684532850417099642375494004231415045964190428735693"", ""5661303443766734359735829825855809838427931627194057267510314975279173949855""]"
2026-09-03T09:53:54.934825+00:00,Houston,0x9cb69d90f0ac39796152b5bcc599d1c0c5cb96fd4ef6654ad3b8fa43cebfc5a4,Will the highest temperature in Houston be between 92-93°F on September 5?,True,False,2026-09-05,2026-09-03,10.1,10.1,1356.4262,,1788429407259,0.15,0.81,0.19,0.85,13190.71,2145.16,0.20385,0.86257,"{""Yes"": 0.17, ""No"": 0.83}","[""9544081213142881750903485143036584383178242674281248855724964156528164377142"", ""1908809085756704743869214358797110155355821100888111097250525567731245774635""]"
2026-09-03T09:53:54.934835+00:00,Houston,0x04a7d0995105ddbcd28f82a306d71d82f8e71be361709883ecc6542ab265e091,Will the highest temperature in Houston be between 94-95°F on September 5?,True,False,2026-09-05,2026-09-03,0.0,0.0,964.9771,,1788429240725,0.01,0.93,0.07,0.99,12946.7,297.0,0.3201,0.99,"{""Yes"": 0.035, ""No"": 0.965}","[""68117311130577163816352799935409703767613064453599163241648487005049844163955"", ""29151047686214883103644440625161634783913695548915649519954157476613970880829""]"
2026-09-03T09:53:54.934843+00:00,Houston,0x774a037bde344875060f53692d6076f5e8a998b43248adefb83736af098ac043,Will the highest temperature in Houston be between 96-97°F on September 5?,True,False,2026-09-05,2026-09-03,0.0,0.0,1053.5867,,1788429240723,,0.93,0.07,,12959.66,0.0,0.29226,,"{""Yes"": 0.035, ""No"": 0.965}","[""28511164809742976483871441078077571442131272037879483773497023568405885940672"", ""18075698202114108660456404831011914789454667443433936653735627159786911832689""]"
2026-09-03T09:53:54.934852+00:00,Houston,0x4be43b5678457a6a3af77e4f323be797c24f99e992f3fd3da2e6e70b75759460,Will the highest temperature in Houston be between 98-99°F on September 5?,True,False,2026-09-05,2026-09-03,0.0,0.0,1389.5403,,1788429290720,,0.93,0.07,,13124.96,0.0,0.196413,,"{""Yes"": 0.035, ""No"": 0.965}","[""86131387513243772407452671101330510241838893309789148311724080362810658482962"", ""83724948975303791363971596607667687316540730438957984581262510054233454207636""]"
2026-09-03T09:53:54.934861+00:00,Houston,0xd9d0ddfd332304f2e3fbd1490a73dc9f8b654974dff1a33bcab7ac408acb75ba,Will the highest temperature in Houston be 100°F or higher on September 5?,True,False,2026-09-05,2026-09-03,0.0,0.0,386.74,,1788429280721,,0.93,0.07,,289.66,0.0,0.192862,,"{""Yes"": 0.035, ""No"": 0.965}","[""105546495919230534114888957197966168638820849877593107713063723910672251358938"", ""51866386479323481968237062547600730795411928804997941850483583641190201698362""]"
2026-09-03T09:53:54.934869+00:00,Houston,0xf465bcaa18f5864c00a4ef2cc6e0fb79d4d36ea382b87a57a43a402878710f4d,Will the lowest temperature in Houston be 69°F or below on September 5?,True,False,2026-09-05,2026-09-03,0.0,0.0,57.12,,1788425329659,,0.51,0.49,,54.88,0.0,,,"{""Yes"": 0.245, ""No"": 0.755}","[""63589571416105710113071667975900454036180865017051152011606488570119667952394"", ""33080812423157259223598655009413452312990319718065778206177083314828634872868""]"
2026-09-03T09:53:54.934878+00:00,Houston,0x72e6e021e675f778af72c6f672d973ad1b35aa075af5379d1d96a65a8ed342de,Will the lowest temperature in Houston be between 70-71°F on September 5?,True,False,2026-09-05,2026-09-03,0.0,0.0,953.4789,,1788429031136,,0.8,0.2,,12248.97,0.0,0.315752,,"{""Yes"": 0.11, ""No"": 0.89}","[""20830699535809699155050868245051207652319682181404546232213703177055045112848"", ""17309724605490696334975805781494829565099740858910887276236396859115892992880""]"
2026-09-03T09:53:54.934886+00:00,Houston,0x22171bf325cbf4f4e1942b7c1e523f960d29fefa6bb983961486fb961bc16985,Will the lowest temperature in Houston be between 72-73°F on September 5?,True,False,2026-09-05,2026-09-03,0.0,0.0,739.0878,,1788428619760,,0.51,0.49,,12203.74,0.0,0.585317,,"{""Yes"": 0.245, ""No"": 0.755}","[""29681942688450264213517374767570927414449246336162141631738150089786029343727"", ""10084447787742394428768315998991807687092835125574576756548224729751737057324""]"
2026-09-03T09:53:54.934895+00:00,Houston,0x6eb3b2fd74d481e1db14cc2cc7ae3ef1f1c104dc1754c00806d588aafa938ea2,Will the lowest temperature in Houston be between 74-75°F on September 5?,True,False,2026-09-05,2026-09-03,0.0,0.0,739.5078,,1788429008307,0.02,0.51,0.49,0.98,12203.74,157.8,0.585317,0.984095,"{""Yes"": 0.255, ""No"": 0.745}","[""63520646688139243879410689750695588314596715535268260795294975182364152919297"", ""114867140344337872384009780759866213963540917344855293381116592740749922091610""]"
2026-09-03T09:53:54.934903+00:00,Houston,0xe7313995b40b3a29aa4a4f5e9c9eb96118fd11a70d8fa706ae13215748279880,Will the lowest temperature in Houston be between 76-77°F on September 5?,True,False,2026-09-05,2026-09-03,0.0,0.0,788.7309,,1788429157188,0.11,0.5,0.5,0.89,12159.68,3309.86,0.621002,0.89,"{""Yes"": 0.31, ""No"": 0.69}","[""73888022838899357204927355696762317417230868365488103785735134341598198208821"", ""93186229553282779147964931919970932030170036987772364346154716159058298918575""]"
2026-09-03T09:53:54.934912+00:00,Houston,0x28a06bf493fadab98e9b775bead4ab802ec86c431dc2d98dc4ace022fe51b683,Will the lowest temperature in Houston be between 78-79°F on September 5?,True,False,2026-09-05,2026-09-03,0.0,0.0,844.9512,,1788429182593,0.2,0.5,0.5,0.8,12160.52,2845.48,0.625732,0.802908,"{""Yes"": 0.34, ""No"": 0.66}","[""9067494698486521154933000222350500972546639142532784482851328421905088749961"", ""72550747725264938495312572085550175605676241688098571328487078106246123629769""]"
2026-09-03T09:53:54.934921+00:00,Houston,0x0afe5cb40ba0d3375890574e15626df72af22bb17ffbcf688ffca9cea898bdce,Will the lowest temperature in Houston be between 80-81°F on September 5?,True,False,2026-09-05,2026-09-03,0.0,0.0,806.987,,1788428510199,0.13,0.51,0.49,0.87,12194.08,3430.16,0.585317,0.90714,"{""Yes"": 0.31, ""No"": 0.69}","[""81160493052673444764886359781986406283918717289609610941709907510651428362556"", ""72259040574853556313983553638504031229217647873287059579824035766254643542073""]"
2026-09-03T09:53:54.934929+00:00,Houston,0xa7b452224d99ab273aaa4f2fc5ffca7d4bf93cc9370139463742b3f2e7c896a0,Will the lowest temperature in Houston be between 82-83°F on September 5?,True,False,2026-09-05,2026-09-03,0.0,0.0,744.0478,,1788429332867,,0.51,0.49,,12203.74,0.0,0.585317,,"{""Yes"": 0.245, ""No"": 0.755}","[""11995462866523166301641415885618429486465299543239892542426932240212955166741"", ""15684455512249411786159415832067683711138262485346388831350622619338968276031""]"
2026-09-03T09:53:54.934938+00:00,Houston,0x95ebe6e098aa8f476ea10c0540a3538150124949c891b03c11837ad893ae6870,Will the lowest temperature in Houston be between 84-85°F on September 5?,True,False,2026-09-05,2026-09-03,0.0,0.0,737.6178,,1788429229592,,0.51,0.49,,12203.74,0.0,0.585317,,"{""Yes"": 0.245, ""No"": 0.755}","[""112787937477271766127488529301896887395972206866430747959349037944666307165362"", ""5799201160469455295169045641399513556634556783969035252725947266361278618245""]"
2026-09-03T09:53:54.934946+00:00,Houston,0x470a77e8c2ea56ac7d14a32ea0a86cc075a217b463bd63f523447ad807b83110,Will the lowest temperature in Houston be between 86-87°F on September 5?,True,False,2026-09-05,2026-09-03,0.0,0.0,946.1801,,1788428877046,,0.81,0.19,,12292.64,0.0,0.320176,,"{""Yes"": 0.095, ""No"": 0.905}","[""29011565070448618684653294977542417106206934368924829490450633817028994752902"", ""10534725268099152034895060526042559450552545387136352561494776821863001658059""]"
2026-09-03T09:53:54.934955+00:00,Houston,0x37bdac52879518c302c4e840625c1ee158416fb83d1224745d6d6e6db9c19475,Will the lowest temperature in Houston be 88°F or higher on September 5?,True,False,2026-09-05,2026-09-03,0.0,0.0,77.0,,1788429185850,,0.52,0.48,,529.0,0.0,0.62435,,"{""Yes"": 0.24, ""No"": 0.76}","[""114695141712304307996892119170322323009271759360331363031627316675460213701196"", ""84926884756564340793453986319778419085850962833937974655429299205360768714937""]"
2026-09-03T11:21:10.590927+00:00,Houston,0xf259e94c4b87e258d2a5bd749aa7b163eabc363c0d82a5f69a82edf69c726637,Will the lowest temperature in Houston be 71°F or below on September 3?,True,False,2026-09-03,2026-09-01,82.0,62.0,27.9529,,1788434645185,,0.59,0.41,,59.02,0.0,,,"{""Yes"": 0.205, ""No"": 0.795}","[""33303503277519513665087168341730614613764645526545810516112642457486625077590"", ""36863530837707900933755821983278128490181503556333920683075827937012502132564""]"
2026-09-03T11:21:10.590967+00:00,Houston,0x264ced03d1ba10b9ce1b7e845e13f6897829ff51a5db20f6e1b30b64a108fcc7,Will the lowest temperature in Houston be between 72-73°F on September 3?,True,False,2026-09-03,2026-09-01,163.98405,145.82080000000002,75.7362,,1788434170000,,0.87,0.13,,452.73,0.0,0.612422,,"{""Yes"": 0.065, ""No"": 0.935}","[""39514036801617929357595899924160342429197626038776632384015264349709491542921"", ""29993585052000106590018939265937665137032874275718613682501873116529601853462""]"
2026-09-03T11:21:10.590980+00:00,Houston,0x3ad74e01e3cd0b06c69a7df1d39622eaf1590b52abb6d03e634063be162ee6c5,Will the lowest temperature in Houston be between 74-75°F on September 3?,True,False,2026-09-03,2026-09-01,53.0,43.0,43.6462,,1788434613841,0.03,0.3,0.7,0.97,435.24,63.69,0.779425,,"{""Yes"": 0.38, ""No"": 0.62}","[""958379339340009587630696672146261390285888940752627842949804345556443111479"", ""62158461534381523773302885365659634553817392151568902454950195113451706137885""]"
2026-09-03T11:21:10.590992+00:00,Houston,0x074bb806a779b99563953618933a12dac3204625d39e6af27cee5f97ecb74c55,Will the lowest temperature in Houston be between 76-77°F on September 3?,True,False,2026-09-03,2026-09-01,10.0,0.0,24.5762,,1788434635187,0.06,0.24,0.76,0.94,372.32,46.67,0.863581,,"{""Yes"": 0.41, ""No"": 0.59}","[""72323079446899930293981172540076634952703657494326902248618747874850127446887"", ""67439872618872888262363396086344843984505622918148184703301353658764872488427""]"
2026-09-03T11:21:10.591003+00:00,Houston,0xaa69b874f5f52b57da5e90523129664b19465ad3bb5b9cccaf893cd727f8d0fe,Will the lowest temperature in Houston be between 78-79°F on September 3?,True,False,2026-09-03,2026-09-01,16.0,0.0,24.1462,,1788434585552,0.04,0.24,0.76,0.96,366.8,51.62,0.863782,,"{""Yes"": 0.4, ""No"": 0.6}","[""77209856047778947341013510575960556567703611416412977578933759397907354681845"", ""73202172130755293751703467796971427745816248297733046738246088057908388015917""]"
2026-09-03T11:21:10.591017+00:00,Houston,0xfecb170064331b6621648c70bab01017ceb47371ae3fe7a010c66ec742d7f41f,Will the lowest temperature in Houston be between 80-81°F on September 3?,True,False,2026-09-03,2026-09-01,47.918668000000004,19.918668,25.4857,,1788434615189,0.04,0.57,0.43,0.96,367.81,51.62,0.854457,,"{""Yes"": 0.235, ""No"": 0.765}","[""58365733163733614848344077041141560400282203705004707974920408345452925096386"", ""81365263536921396215469406250141618795917515324424244758904031157020316015753""]"
2026-09-03T11:21:10.591028+00:00,Houston,0xf76fc8b4a828286c65c28dbfb41bdcdc359096f93c12be58cf48dd32b35f3d31,Will the lowest temperature in Houston be between 82-83°F on September 3?,True,False,2026-09-03,2026-09-01,10.0,0.0,23.4062,,1788433805160,0.03,0.24,0.76,0.97,403.52,63.64,0.870574,,"{""Yes"": 0.395, ""No"": 0.605}","[""72566018595613366602998869312594693148435553523049805814312910055173879400738"", ""108635323929201105508389755643792329623235536340826311055022724025871320158798""]"
2026-09-03T11:21:10.591040+00:00,Houston,0x78b0290f62ab2e730e4e09709e98269fb42859bff918b86dcd82887e55ed7be5,Will the lowest temperature in Houston be between 84-85°F on September 3?,True,False,2026-09-03,2026-09-01,234.83470000000003,234.83470000000003,3606.92273,,1788434554808,,0.999,0.001,,450.39,0.0,0.027069,,"{""Yes"": 0.0005, ""No"": 0.9995}","[""94193160904061547727357014104517121959227234022530930963456504816642826061893"", ""47714605551577459903569633206405803564436365751195838156380349175694098015546""]"
2026-09-03T11:21:10.591050+00:00,Houston,0x977769c012547881c600893ef18cfd41212d6fd1d44f49802322353cd07e1065,Will the lowest temperature in Houston be between 86-87°F on September 3?,True,False,2026-09-03,2026-09-01,90.0,90.0,3332.56449,,1788434625182,,0.999,0.001,,434.18,0.0,0.029219,,"{""Yes"": 0.0005, ""No"": 0.9995}","[""173771782230455051335623980056352532275105612001675157010938996263480862948"", ""46254542917626295215807265030016492651966578311606101717797362027210044076588""]"
2026-09-03T11:21:10.591061+00:00,Houston,0x56189c658c723b08a38318199a04d072c976ef16ca9a2e57657a0c38285e0c93,Will the lowest temperature in Houston be between 88-89°F on September 3?,True,False,2026-09-03,2026-09-01,52.0,52.0,3354.2774,,1788434645185,,0.999,0.001,,480.48,0.0,0.029105,,"{""Yes"": 0.0005, ""No"": 0.9995}","[""62560444579405703169981751480279930912806045170170786027725289400880269789600"", ""112038730847756033529308662761784776201799202219009992911963245381535967077216""]"
2026-09-03T11:21:10.591070+00:00,Houston,0x59237ec74b84e8253887c520ff5937c27de88ec8093c1bc99b5cf40d38f0c582,Will the lowest temperature in Houston be 90°F or higher on September 3?,True,False,2026-09-03,2026-09-01,101.9973,101.9973,3340.9902,,1788434525180,,0.999,0.001,,423.2,0.0,0.029518,,"{""Yes"": 0.0005, ""No"": 0.9995}","[""6536933108199361525476891808293165691063790938003400174325887671139230682"", ""20657684390025474586204258165866961684196031859877745116102114059704753949661""]"
2026-09-03T11:21:10.591080+00:00,Houston,0x0de27f3e12f92a170830b85cb5dfa5c043857c5e3eca6222884be90857721465,Will the highest temperature in Houston be 81°F or below on September 3?,True,False,2026-09-03,2026-09-01,146.55,141.0,7001.99644,,1788434392422,,0.999,0.001,,435.55,0.0,0.014239,,"{""Yes"": 0.0005, ""No"": 0.9995}","[""42602473938154345045273200760327623912981119884752518657248921834994954035904"", ""50259504178756528111655474684842808009264071080234501521432702371186694773016""]"
2026-09-03T11:21:10.591110+00:00,Houston,0xe5074da69fc5bd92f6f45bd956c4359d50a947f8f6752cda954d5281485f2965,Will the highest temperature in Houston be between 82-83°F on September 3?,True,False,2026-09-03,2026-09-01,762.615923,716.036923,312.04924,,1788434642058,0.002,0.996,0.004,0.998,3769.86,1498.0,0.283169,0.998,"{""Yes"": 0.0025, ""No"": 0.9975}","[""2406433102571781882500272490567073163527772125631435132938135454307822456759"", ""95705226082131857199361074922856479851497112019333189506137533339617765751167""]"
2026-09-03T11:21:10.591129+00:00,Houston,0xe6d77fb6b9ab42e73844c2d7f859f928f02fa8a79de0759858e6e48b28782b3f,Will the highest temperature in Houston be between 84-85°F on September 3?,True,False,2026-09-03,2026-09-01,1302.228112,827.473937,381.0323,,1788434629485,0.03,0.96,0.04,0.97,5665.52,891.3,0.299826,0.97951,"{""Yes"": 0.025, ""No"": 0.975}","[""59282809189285949992843222882597563380126463749717832450530315027808909480934"", ""36994162465266569671708920273264692958187100971546426834686104543170209880776""]"
2026-09-03T11:21:10.591145+00:00,Houston,0xd60d93f369dd897635aa3f5e8a2a5c97115fb2141a224fc60226410564d1f2af,Will the highest temperature in Houston be between 86-87°F on September 3?,True,False,2026-09-03,2026-09-01,4175.4825869999995,2158.270796,374.3651,,1788434644599,0.1,0.89,0.11,0.9,5968.73,774.65,0.314956,0.912698,"{""Yes"": 0.06, ""No"": 0.94}","[""61360027226930641263612020058559451100021668197449898219827977112648444678814"", ""21396934256451258619842411721800517680668487375048882413254059768315512413272""]"
2026-09-03T11:21:10.591154+00:00,Houston,0xe0822170245c49e455c4ba553534536beb4b7b0e984e847010d2f8c020a31539,Will the highest temperature in Houston be between 88-89°F on September 3?,True,False,2026-09-03,2026-09-01,3296.430904,2939.047460000001,474.8786,,1788434627859,0.17,0.8,0.2,0.83,5827.64,1031.68,0.2,0.839161,"{""Yes"": 0.16, ""No"": 0.84}","[""105884909489958397124594408428229590959226290300202035941819314935458888908578"", ""114984560509785250316864954628840919634352568600022664430115364558861466644728""]"
2026-09-03T11:21:10.591174+00:00,Houston,0x757cc48511e7c6b21fdfe1c4496d6d45c7fbbb43b014d068c2952b9fdc9faa1b,Will the highest temperature in Houston be between 90-91°F on September 3?,True,False,2026-09-03,2026-09-01,3776.0074199999995,2342.1154920000004,457.1643,,1788434646542,0.32,0.65,0.35,0.68,5837.02,1242.87,0.367069,0.695479,"{""Yes"": 0.33, ""No"": 0.67}","[""66697633769993165726025314030778525001678900529922577985367614338354261514995"", ""108845696312884062602528288309111741073590424432877786790435331299552060839411""]"
2026-09-03T11:21:10.591191+00:00,Houston,0x49f7f5349d651e83145ca71a4e7a70f641b48af1b6ec9812a1fe184014a109a9,Will the highest temperature in Houston be between 92-93°F on September 3?,True,False,2026-09-03,2026-09-01,1437.0753639999998,1284.7416990000002,527.2543,,1788434614128,0.27,0.71,0.29,0.73,5890.48,761.44,0.360273,0.803772,"{""Yes"": 0.385, ""No"": 0.615}","[""106689203922452517942186918052230387904870645767452076059354208575952176460379"", ""26480655074354864595242380209062737141207828410079370376513494091201022881373""]"
2026-09-03T11:21:10.591206+00:00,Houston,0x2602e89ed8dd37fe2c0fa38f1a5226dfc6fd5672afdb9650f33b312383274137,Will the highest temperature in Houston be between 94-95°F on September 3?,True,False,2026-09-03,2026-09-01,771.134196,758.584196,447.7554,,1788434626862,0.06,0.9,0.1,0.94,5709.65,563.01,0.16553,0.949086,"{""Yes"": 0.09, ""No"": 0.91}","[""84707389607740001963084808983718852552314830082924737376952098119937468372011"", ""15310706486135836230657635672785644694018685153607567852526108787991389935323""]"
2026-09-03T11:21:10.591221+00:00,Houston,0x428b94a5872f6e09a5e25a0513f7b117d94014c2b9f644cf7567c64799ca9f78,Will the highest temperature in Houston be between 96-97°F on September 3?,True,False,2026-09-03,2026-09-01,401.099857,395.549857,385.59157,,1788434605478,0.007,0.99,0.01,0.993,3807.38,1218.68,0.222064,0.993,"{""Yes"": 0.0085, ""No"": 0.9915}","[""64029750098898336319728853717320408794238799874174534206568204688430218857878"", ""31509718227587191465453905717860418602293317308061432640281680288112065567012""]"
2026-09-03T11:21:10.591236+00:00,Houston,0xa64644be082179991fdcd28f6e6d2c407de292c328d27bcefd40a5648a683333,Will the highest temperature in Houston be between 98-99°F on September 3?,True,False,2026-09-03,2026-09-01,730.6521190000001,479.688665,2033.94229,,1788434597931,,0.997,0.003,,3751.38,0.0,0.048381,,"{""Yes"": 0.0015, ""No"": 0.9985}","[""49829950423925616378379567661718268949359497026698404248230097115574569044184"", ""43570464087200952816814100798771507935568347612436553935922495563448578818825""]"
2026-09-03T11:21:10.591251+00:00,Houston,0xccf6ea9905a480c574e4e2aeed68ec22d416f1ff6e4d0a0175fcc6ea3f322c9b,Will the highest temperature in Houston be 100°F or higher on September 3?,True,False,2026-09-03,2026-09-01,497.987063,406.992063,2795.3598,,1788434597930,,0.995,0.005,,285.89,0.0,0.029568,,"{""Yes"": 0.0025, ""No"": 0.9975}","[""5822556059409518435880196956208124615047630682467792619226016177050030237599"", ""106283688770047143116768605993119509032927820258325338841719961161159586195944""]"
2026-09-03T11:21:10.591268+00:00,Houston,0x8d88662a7e50f05b805130bc3e1a44e15010506fd354affb75bc011a38987a9d,Will the highest temperature in Houston be 81°F or below on September 4?,True,False,2026-09-04,2026-09-02,246.92600000000002,246.92600000000002,2485.06079,,1788434631480,0.001,0.99,0.01,0.999,2955.5,1044.95,0.074483,0.999,"{""Yes"": 0.0055, ""No"": 0.9945}","[""82033641086698233472000010598346766886013798475847238190525751373547261270061"", ""34481828523023565833703523997177716037108439806234114312596059180956109195066""]"
2026-09-03T11:21:10.591284+00:00,Houston,0x1262400549f6cacf72e449f88279f4293548ae387f183cd9fe860b103bb92a07,Will the highest temperature in Houston be between 82-83°F on September 4?,True,False,2026-09-04,2026-09-02,230.954266,210.954266,1877.29601,,1788434637763,0.003,0.991,0.009,0.997,5682.34,742.42,0.105176,0.997112,"{""Yes"": 0.006, ""No"": 0.994}","[""25598132939999530103645224103557113017135873894303619929269973896028301762404"", ""55646191332844120295720807187587673149434775595915361728346124607731126494716""]"
2026-09-03T11:21:10.591295+00:00,Houston,0xef76b258734e90cd8fb888abf7f33ec217f7d0cdcaeadd2c70db09986a51ec7c,Will the highest temperature in Houston be between 84-85°F on September 4?,True,False,2026-09-04,2026-09-02,385.58468300000004,385.584683,1932.9971,,1788434637540,0.02,0.96,0.04,0.98,12972.83,333.02,0.181368,0.98,"{""Yes"": 0.035, ""No"": 0.965}","[""82152729196808193023433610871767504299290243250294933316346250834417690127901"", ""69990699967204001761856356130920287227046733294783096944590445654816456482972""]"
2026-09-03T11:21:10.591306+00:00,Houston,0xc4e01c2f3fa6a962c06c4cb77446e0ed75a54f96cc439b6d30c470303d8c974c,Will the highest temperature in Houston be between 86-87°F on September 4?,True,False,2026-09-04,2026-09-02,1523.105478,1523.1054780000002,5053.6664,,1788434648151,0.21,0.77,0.23,0.79,21694.96,8383.96,0.237447,0.79,"{""Yes"": 0.225, ""No"": 0.775}","[""72995785510856862165885643006209731077000456909762338170267587871984032235409"", ""87778022235497396680256920980554821444952656701840285180861270090991319832265""]"
2026-09-03T11:21:10.591316+00:00,Houston,0x7b6574aa9ff2de769f8d8ecb9333b8265bbae461a750eec403eb16fde0ef3be9,Will the highest temperature in Houston be between 88-89°F on September 4?,True,False,2026-09-04,2026-09-02,1660.574898,1660.574898,3164.8976,,1788434648151,0.25,0.72,0.28,0.75,14365.6,4610.15,0.284014,0.750988,"{""Yes"": 0.265, ""No"": 0.735}","[""102825397032467685882999817415233330667708523268564889796747560332910953260059"", ""113461856186242787679718113209816793075127068868516562821880015665696618696040""]"
2026-09-03T11:21:10.591326+00:00,Houston,0x5a1f2940f76c5b4e8c8e781bb41cb51b39ed76faa93cf8344ef85c5bac8acf45,Will the highest temperature in Houston be between 90-91°F on September 4?,True,False,2026-09-04,2026-09-02,2319.443368,2197.9767030000003,3620.7408,,1788434651267,0.19,0.8,0.2,0.81,16051.84,2987.99,0.217279,0.816688,"{""Yes"": 0.22, ""No"": 0.78}","[""82889369727420858127383057259790305558107257697025164569082391771852594108518"", ""40395817129510374282748183791207387715870256099080042148665342894328177086898""]"
2026-09-03T11:21:10.591336+00:00,Houston,0xe80458e201bed9509afdef9d3091eacd85742fc9ffd870a9eb90766c88013ed8,Will the highest temperature in Houston be between 92-93°F on September 4?,True,False,2026-09-04,2026-09-02,2438.903734,2412.903734,3611.2351,,1788434637770,0.19,0.8,0.2,0.81,14940.19,4970.06,0.216599,0.81,"{""Yes"": 0.195, ""No"": 0.805}","[""36687716125269690941893290842165914007560785444326847751115679006533112033421"", ""61290579292255368654449604987572865205834806244526552842539019806581930001398""]"
2026-09-03T11:21:10.591347+00:00,Houston,0x7838e5aaf930bd290ec0346852fe958cd140540e7a0f741f935929ee7dda9a9f,Will the highest temperature in Houston be between 94-95°F on September 4?,True,False,2026-09-04,2026-09-02,140.69299999999998,140.693,2457.2112,,1788434631518,0.03,0.95,0.05,0.97,13334.83,574.91,0.164425,0.974482,"{""Yes"": 0.04, ""No"": 0.96}","[""105588233130407198577233826632319668591631859485562327486277764286074475624362"", ""27433700316201994814544952034590036498224458666597904089393252268938260913996""]"
2026-09-03T11:21:10.591357+00:00,Houston,0x70333ff5e8c4981a01bddf46629fef2c22149908aab2e71152cef5551ac5f7ee,Will the highest temperature in Houston be between 96-97°F on September 4?,True,False,2026-09-04,2026-09-02,111.77559999999998,111.7756,2257.25108,,1788434642291,0.002,0.99,0.01,0.998,17213.92,1469.54,0.111481,0.998,"{""Yes"": 0.006, ""No"": 0.994}","[""55125330468967597125303680436250124770187185761378870534994953353951591050811"", ""64648887744145614847083416469294606700038688600363446822849354388413389480085""]"
2026-09-03T11:21:10.591367+00:00,Houston,0xd36e8c4a4e7c945575c8b6281a4a6274298125eb8fb8e3e6975c79e1b8a8f8ea,Will the highest temperature in Houston be between 98-99°F on September 4?,True,False,2026-09-04,2026-09-02,219.0887,219.0887,2947.0548,,1788434631488,0.001,0.99,0.01,0.999,17283.88,310.69,0.089332,0.999,"{""Yes"": 0.0055, ""No"": 0.9945}","[""78209509759087578159235497034710547601717581233943178408479568030229093269703"", ""97939685870201949234336061774652713504466126026085526147011342427912576957348""]"
2026-09-03T11:21:10.591377+00:00,Houston,0xd8882bb821b13e130fc0f9f397532aaaf025c1b6bff4552068a54c478a83484a,Will the highest temperature in Houston be 100°F or higher on September 4?,True,False,2026-09-04,2026-09-02,417.90293199999996,417.90293199999996,2245.83491,,1788434644222,0.001,0.998,0.002,0.999,2703.49,10.22,0.09273,,"{""Yes"": 0.0015, ""No"": 0.9985}","[""93688890235748624668486669364071473914084684444849436663751440090108720594963"", ""114100717501291122469422328498783927102363310092920528786698263061638249269297""]"
2026-09-03T11:21:10.591387+00:00,Houston,0x9f44a83245c2d86931009134430d9992d675fce720b2eafa1fd1be354af07ce4,Will the lowest temperature in Houston be 69°F or below on September 4?,True,False,2026-09-04,2026-09-02,0.0,0.0,56.15,,1788434514825,,0.56,0.44,,336.85,0.0,0.817132,,"{""Yes"": 0.22, ""No"": 0.78}","[""53234299209301945733459756843579552357429977752554126702052899457605000297884"", ""90091638938089666625879388670280205960348142437528548194126613063261833043480""]"
2026-09-03T11:21:10.591397+00:00,Houston,0x7a07ac1913ccc7bd2a281910b2bdaaa207388738f5446ebeafb98bacd4032cbf,Will the lowest temperature in Houston be between 70-71°F on September 4?,True,False,2026-09-04,2026-09-02,0.0,0.0,223.6131,,1788434514826,,0.89,0.11,,4534.66,0.0,0.545139,,"{""Yes"": 0.055, ""No"": 0.945}","[""98247183267371701465384408195267730516783659709971449485402971456186348003441"", ""50247337949040671111088225199684821032280874566239840028956100729840945696156""]"
2026-09-03T11:21:10.591406+00:00,Houston,0xa1fe4c4562beaf912b919acc104f43214ee26ac85a82aee0e003be01e14600ba,Will the lowest temperature in Houston be between 72-73°F on September 4?,True,False,2026-09-04,2026-09-02,0.0,0.0,227.7613,,1788434514824,,0.61,0.39,,4577.07,0.0,0.558225,,"{""Yes"": 0.195, ""No"": 0.805}","[""20790945535824766975050441475606720120991674462944851194275885971478181914473"", ""4332834768977325708665417528454337775423148607390968763653122776163452035175""]"
2026-09-03T11:21:10.591415+00:00,Houston,0x3b9c235b2300554cfe9306a7ac2662c7450ad6a48b6d14912db89cb0390e30da,Will the lowest temperature in Houston be between 74-75°F on September 4?,True,False,2026-09-04,2026-09-02,0.0,0.0,197.1761,,1788434514827,,0.61,0.39,,4543.99,0.0,0.580329,,"{""Yes"": 0.2, ""No"": 0.8}","[""40183537816780413874451232014926851491069259121920960753312091721195914069182"", ""5086395188689883731573748943632636291727352457499081986100696347537713405583""]"
2026-09-03T11:21:10.591424+00:00,Houston,0x837998d6660c755784ffcc2e62a83011e085baa74ee3b366ffbc6e8b29e76146,Will the lowest temperature in Houston be between 76-77°F on September 4?,True,False,2026-09-04,2026-09-02,0.0,0.0,207.3361,,1788434514842,0.04,0.61,0.39,0.96,4581.58,804.7,0.588042,0.962779,"{""Yes"": 0.22, ""No"": 0.78}","[""114451631000173546774515980297662740486960752678616799850022603240251841576313"", ""25515181516436573734693470002976111843963177784034069174348578759046280899214""]"
2026-09-03T11:21:10.591434+00:00,Houston,0x02e8788b8bbe8052cbc1d4d61f0411fe4371a6ff25e43e6b52be7d3a4d54b2d7,Will the lowest temperature in Houston be between 78-79°F on September 4?,True,False,2026-09-04,2026-09-02,15.55,15.55,202.2816,,1788434514731,0.2,0.49,0.51,0.8,4631.34,254.47,0.656847,0.818638,"{""Yes"": 0.42, ""No"": 0.58}","[""9172643869197954529156358315315900784444827856991573305718102449946080807417"", ""71428566659671618056700691147923975342675518569076445248251388680987290418835""]"
2026-09-03T11:21:10.591443+00:00,Houston,0xd1ba9ef0763c1affe858bc4bcbc5eae866df19c603322f29e73b24fff6fc2df0,Will the lowest temperature in Houston be between 80-81°F on September 4?,True,False,2026-09-04,2026-09-02,0.0,0.0,236.0275,,1788434514838,0.14,0.5,0.5,0.86,4632.04,802.03,0.64374,0.908402,"{""Yes"": 0.32, ""No"": 0.68}","[""84242218286496430209144572846037304334598437009667641634626257831909428988212"", ""99965541558879195762433592065388127858898859795907632723982160064775864232022""]"
2026-09-03T11:21:10.591452+00:00,Houston,0x495a1b23623c8af910d96eec91cc715120f0ee36ac2bd9711641b2162ddaeb23,Will the lowest temperature in Houston be between 82-83°F on September 4?,True,False,2026-09-04,2026-09-02,0.0,0.0,197.5761,,1788434514840,,0.61,0.39,,4543.39,0.0,0.577574,,"{""Yes"": 0.2, ""No"": 0.8}","[""70977956578597606596495086615531612734245059331450750288746223331429626455955"", ""112136910320804167735687333890200023988037611051882338622915680235193492752012""]"
2026-09-03T11:21:10.591461+00:00,Houston,0xb25272a668ef09496f7e332488951be43f45fd6aea6ce358bbaaae8209cbdd2d,Will the lowest temperature in Houston be between 84-85°F on September 4?,True,False,2026-09-04,2026-09-02,0.0,0.0,225.8001,,1788434514843,,0.88,0.12,,4563.38,0.0,0.541872,,"{""Yes"": 0.06, ""No"": 0.94}","[""14043272702145474931336073700073276858682725637366986777966750318620735606204"", ""55585215218462248000777925477697620112545751574097868621790092432082399640549""]"
2026-09-03T11:21:10.591469+00:00,Houston,0xc1f5d4b9f419313886b89370564c7cf9bb58cd138ed1c6280af8c98f690219f6,Will the lowest temperature in Houston be between 86-87°F on September 4?,True,False,2026-09-04,2026-09-02,0.0,0.0,230.7173,,1788434514806,,0.88,0.12,,4477.8,0.0,0.544648,,"{""Yes"": 0.06, ""No"": 0.94}","[""3626179918774850090758027633532101777453426011999558331210182417129610317490"", ""27637538050289038920867676143478427635695245524255363557145631212230297668544""]"
2026-09-03T11:21:10.591479+00:00,Houston,0x33bc8e92d745a7a0031286a9b48be78041da1afafe5ad729002acdfc8d23e034,Will the lowest temperature in Houston be 88°F or higher on September 4?,True,False,2026-09-04,2026-09-02,0.0,0.0,59.23,,1788434514808,,0.58,0.42,,386.77,0.0,0.804364,,"{""Yes"": 0.21, ""No"": 0.79}","[""112148033159127197212683758884754653312051598277849972270542497022081446535526"", ""33669495506747899465500172968797243833132853881386061587128903297086855453436""]"
2026-09-03T11:21:10.591488+00:00,Houston,0x9a3b0103aacca10ad9361a97346a0ba335d298ba465ad10f9330fbfab410db47,Will the highest temperature in Houston be 81°F or below on September 5?,True,False,2026-09-05,2026-09-03,0.0,0.0,305.31,,1788434340728,0.002,0.988,0.012,0.998,146.62,1137.86,0.248252,0.998,"{""Yes"": 0.007, ""No"": 0.993}","[""30898165697245304039548035551008045127804746572977332324818698713612883974529"", ""108889714031986961267058541799516619722090549638984753184358678206308013902599""]"
2026-09-03T11:21:10.591497+00:00,Houston,0x496d37f96a396a9c08de35fb1c64c046792139b055f1f53242c81a177337ffb1,Will the highest temperature in Houston be between 82-83°F on September 5?,True,False,2026-09-05,2026-09-03,120.404,120.404,1686.4473,,1788434440721,0.01,0.98,0.02,0.99,13194.58,177.67,0.138506,0.99,"{""Yes"": 0.015, ""No"": 0.985}","[""35437654046417630418837071221041731178738497067568592121527001084769173549443"", ""115275095547726428383924007625395854158604788910559729021056666891238104440649""]"
2026-09-03T11:21:10.591506+00:00,Houston,0x77ac89cfdff1a9de6e447d97c04f8cfdef96b6ef83d3d2aea0ca4c48f907e4d5,Will the highest temperature in Houston be between 84-85°F on September 5?,True,False,2026-09-05,2026-09-03,0.0,0.0,1121.6612,,1788434251751,,0.92,0.08,,12836.16,0.0,0.233967,,"{""Yes"": 0.04, ""No"": 0.96}","[""39501920417414569550896565127389904285720025328117378067037747047671114945265"", ""89894572357746426834340547871795116331830888865140086479081767087489311584368""]"
2026-09-03T11:21:10.591515+00:00,Houston,0x56200a65ea94c9c5a4260c3a1b4a6b1ad35987c06a487237d378c2ed1f079419,Will the highest temperature in Houston be between 86-87°F on September 5?,True,False,2026-09-05,2026-09-03,0.0,0.0,1363.1504,,1788434510719,,0.8,0.2,,13033.75,0.0,0.221377,,"{""Yes"": 0.1, ""No"": 0.9}","[""73592424751683682951106469126510908944323495129484375269434669134950473486023"", ""33473333185908012389656893383581733035459586270043407451593780793427192128231""]"
2026-09-03T11:21:10.591525+00:00,Houston,0xa8f589fbd2e21fb73a3757015ad0d27097d7d67d6bb125e62546531a5091abf7,Will the highest temperature in Houston be between 88-89°F on September 5?,True,False,2026-09-05,2026-09-03,537.5639209999999,537.5639209999999,3016.261,,1788434643031,0.25,0.74,0.26,0.75,13806.83,4816.94,0.266632,0.750988,"{""Yes"": 0.255, ""No"": 0.745}","[""60438511816062367774982736070198760749032945155963365805232498464905642507969"", ""52384409257458319742632352423538877843920212879149549831561266580209077125402""]"
2026-09-03T11:21:10.591535+00:00,Houston,0xeee9c6414555338cbe9bfe4dc53e57c7a7038810066dceb41550d677128f0b4d,Will the highest temperature in Houston be between 90-91°F on September 5?,True,False,2026-09-05,2026-09-03,10.879999999999999,10.88,2788.6457,,1788434650722,0.42,0.57,0.43,0.58,14518.84,2976.92,0.43,0.589524,"{""Yes"": 0.425, ""No"": 0.575}","[""66778551584314630307363416684532850417099642375494004231415045964190428735693"", ""5661303443766734359735829825855809838427931627194057267510314975279173949855""]"
2026-09-03T11:21:10.591545+00:00,Houston,0x9cb69d90f0ac39796152b5bcc599d1c0c5cb96fd4ef6654ad3b8fa43cebfc5a4,Will the highest temperature in Houston be between 92-93°F on September 5?,True,False,2026-09-05,2026-09-03,33.44965,33.44965,1232.5495,,1788434644205,0.1,0.87,0.13,0.9,13176.83,2795.59,0.136919,0.9,"{""Yes"": 0.125, ""No"": 0.875}","[""9544081213142881750903485143036584383178242674281248855724964156528164377142"", ""1908809085756704743869214358797110155355821100888111097250525567731245774635""]"
2026-09-03T11:21:10.591554+00:00,Houston,0x04a7d0995105ddbcd28f82a306d71d82f8e71be361709883ecc6542ab265e091,Will the highest temperature in Houston be between 94-95°F on September 5?,True,False,2026-09-05,2026-09-03,0.0,0.0,983.0723,,1788434620719,0.01,0.93,0.07,0.99,13077.05,306.9,0.275028,0.99,"{""Yes"": 0.04, ""No"": 0.96}","[""68117311130577163816352799935409703767613064453599163241648487005049844163955"", ""29151047686214883103644440625161634783913695548915649519954157476613970880829""]"
2026-09-03T11:21:10.591563+00:00,Houston,0x774a037bde344875060f53692d6076f5e8a998b43248adefb83736af098ac043,Will the highest temperature in Houston be between 96-97°F on September 5?,True,False,2026-09-05,2026-09-03,0.0,0.0,1043.1425,,1788433730775,,0.93,0.07,,12957.38,0.0,0.286434,,"{""Yes"": 0.035, ""No"": 0.965}","[""28511164809742976483871441078077571442131272037879483773497023568405885940672"", ""18075698202114108660456404831011914789454667443433936653735627159786911832689""]"
2026-09-03T11:21:10.591572+00:00,Houston,0x4be43b5678457a6a3af77e4f323be797c24f99e992f3fd3da2e6e70b75759460,Will the highest temperature in Houston be between 98-99°F on September 5?,True,False,2026-09-05,2026-09-03,0.0,0.0,1385.0325,,1788434460722,,0.93,0.07,,13081.22,0.0,0.189317,,"{""Yes"": 0.035, ""No"": 0.965}","[""86131387513243772407452671101330510241838893309789148311724080362810658482962"", ""83724948975303791363971596607667687316540730438957984581262510054233454207636""]"
2026-09-03T11:21:10.591580+00:00,Houston,0xd9d0ddfd332304f2e3fbd1490a73dc9f8b654974dff1a33bcab7ac408acb75ba,Will the highest temperature in Houston be 100°F or higher on September 5?,True,False,2026-09-05,2026-09-03,0.0,0.0,426.94,,1788434585992,,0.93,0.07,,265.26,0.0,0.177478,,"{""Yes"": 0.035, ""No"": 0.965}","[""105546495919230534114888957197966168638820849877593107713063723910672251358938"", ""51866386479323481968237062547600730795411928804997941850483583641190201698362""]"
2026-09-03T11:21:10.591589+00:00,Houston,0xf465bcaa18f5864c00a4ef2cc6e0fb79d4d36ea382b87a57a43a402878710f4d,Will the lowest temperature in Houston be 69°F or below on September 5?,True,False,2026-09-05,2026-09-03,0.0,0.0,57.12,,1788425329659,,0.51,0.49,,54.88,0.0,,,"{""Yes"": 0.245, ""No"": 0.755}","[""63589571416105710113071667975900454036180865017051152011606488570119667952394"", ""33080812423157259223598655009413452312990319718065778206177083314828634872868""]"
2026-09-03T11:21:10.591598+00:00,Houston,0x72e6e021e675f778af72c6f672d973ad1b35aa075af5379d1d96a65a8ed342de,Will the lowest temperature in Houston be between 70-71°F on September 5?,True,False,2026-09-05,2026-09-03,0.0,0.0,969.9901,,1788434640066,,0.81,0.19,,12242.52,0.0,0.315842,,"{""Yes"": 0.09, ""No"": 0.91}","[""20830699535809699155050868245051207652319682181404546232213703177055045112848"", ""17309724605490696334975805781494829565099740858910887276236396859115892992880""]"
2026-09-03T11:21:10.591607+00:00,Houston,0x22171bf325cbf4f4e1942b7c1e523f960d29fefa6bb983961486fb961bc16985,Will the lowest temperature in Houston be between 72-73°F on September 5?,True,False,2026-09-05,2026-09-03,0.0,0.0,743.7378,,1788434248261,,0.51,0.49,,12203.05,0.0,0.585317,,"{""Yes"": 0.245, ""No"": 0.755}","[""29681942688450264213517374767570927414449246336162141631738150089786029343727"", ""10084447787742394428768315998991807687092835125574576756548224729751737057324""]"
2026-09-03T11:21:10.591616+00:00,Houston,0x6eb3b2fd74d481e1db14cc2cc7ae3ef1f1c104dc1754c00806d588aafa938ea2,Will the lowest temperature in Houston be between 74-75°F on September 5?,True,False,2026-09-05,2026-09-03,0.0,0.0,762.4278,,1788434634130,0.02,0.51,0.49,0.98,12252.66,157.8,0.561959,0.984095,"{""Yes"": 0.255, ""No"": 0.745}","[""63520646688139243879410689750695588314596715535268260795294975182364152919297"", ""114867140344337872384009780759866213963540917344855293381116592740749922091610""]"
2026-09-03T11:21:10.591624+00:00,Houston,0xe7313995b40b3a29aa4a4f5e9c9eb96118fd11a70d8fa706ae13215748279880,Will the lowest temperature in Houston be between 76-77°F on September 5?,True,False,2026-09-05,2026-09-03,0.0,0.0,847.6011,,1788434561060,0.11,0.5,0.5,0.89,12161.21,3507.48,0.625732,0.899191,"{""Yes"": 0.32, ""No"": 0.68}","[""73888022838899357204927355696762317417230868365488103785735134341598198208821"", ""93186229553282779147964931919970932030170036987772364346154716159058298918575""]"
2026-09-03T11:21:10.591633+00:00,Houston,0x28a06bf493fadab98e9b775bead4ab802ec86c431dc2d98dc4ace022fe51b683,Will the lowest temperature in Houston be between 78-79°F on September 5?,True,False,2026-09-05,2026-09-03,0.0,0.0,894.8576,,1788434563321,0.36,0.5,0.5,0.64,12161.21,5781.41,0.625732,0.650246,"{""Yes"": 0.42, ""No"": 0.58}","[""9067494698486521154933000222350500972546639142532784482851328421905088749961"", ""72550747725264938495312572085550175605676241688098571328487078106246123629769""]"
2026-09-03T11:21:10.591643+00:00,Houston,0x0afe5cb40ba0d3375890574e15626df72af22bb17ffbcf688ffca9cea898bdce,Will the lowest temperature in Houston be between 80-81°F on September 5?,True,False,2026-09-05,2026-09-03,0.0,0.0,771.4278,,1788434329102,0.04,0.51,0.49,0.96,12252.66,648.8,0.561959,0.967581,"{""Yes"": 0.265, ""No"": 0.735}","[""81160493052673444764886359781986406283918717289609610941709907510651428362556"", ""72259040574853556313983553638504031229217647873287059579824035766254643542073""]"
2026-09-03T11:21:10.591651+00:00,Houston,0xa7b452224d99ab273aaa4f2fc5ffca7d4bf93cc9370139463742b3f2e7c896a0,Will the lowest temperature in Houston be between 82-83°F on September 5?,True,False,2026-09-05,2026-09-03,0.0,0.0,731.0278,,1788433697465,,0.51,0.49,,12175.45,0.0,0.585317,,"{""Yes"": 0.245, ""No"": 0.755}","[""11995462866523166301641415885618429486465299543239892542426932240212955166741"", ""15684455512249411786159415832067683711138262485346388831350622619338968276031""]"
2026-09-03T11:21:10.591660+00:00,Houston,0x95ebe6e098aa8f476ea10c0540a3538150124949c891b03c11837ad893ae6870,Will the lowest temperature in Houston be between 84-85°F on September 5?,True,False,2026-09-05,2026-09-03,0.0,0.0,749.8578,,1788434092156,,0.51,0.49,,12215.5,0.0,0.562417,,"{""Yes"": 0.245, ""No"": 0.755}","[""112787937477271766127488529301896887395972206866430747959349037944666307165362"", ""5799201160469455295169045641399513556634556783969035252725947266361278618245""]"
2026-09-03T11:21:10.591669+00:00,Houston,0x470a77e8c2ea56ac7d14a32ea0a86cc075a217b463bd63f523447ad807b83110,Will the lowest temperature in Houston be between 86-87°F on September 5?,True,False,2026-09-05,2026-09-03,0.0,0.0,969.9501,,1788434636844,,0.81,0.19,,12286.1,0.0,0.312818,,"{""Yes"": 0.09, ""No"": 0.91}","[""29011565070448618684653294977542417106206934368924829490450633817028994752902"", ""10534725268099152034895060526042559450552545387136352561494776821863001658059""]"
2026-09-03T11:21:10.591678+00:00,Houston,0x37bdac52879518c302c4e840625c1ee158416fb83d1224745d6d6e6db9c19475,Will the lowest temperature in Houston be 88°F or higher on September 5?,True,False,2026-09-05,2026-09-03,0.0,0.0,136.91,,1788434620044,,0.52,0.48,,717.09,0.0,0.607735,,"{""Yes"": 0.24, ""No"": 0.76}","[""114695141712304307996892119170322323009271759360331363031627316675460213701196"", ""84926884756564340793453986319778419085850962833937974655429299205360768714937""]"
2026-09-03T13:19:57.642227+00:00,Houston,0xf259e94c4b87e258d2a5bd749aa7b163eabc363c0d82a5f69a82edf69c726637,Will the lowest temperature in Houston be 71°F or below on September 3?,True,False,2026-09-03,2026-09-01,82.0,62.0,26.7529,,1788441464089,,0.57,0.43,,29.72,0.0,,,"{""Yes"": 0.205, ""No"": 0.795}","[""33303503277519513665087168341730614613764645526545810516112642457486625077590"", ""36863530837707900933755821983278128490181503556333920683075827937012502132564""]"
2026-09-03T13:19:57.642261+00:00,Houston,0x264ced03d1ba10b9ce1b7e845e13f6897829ff51a5db20f6e1b30b64a108fcc7,Will the lowest temperature in Houston be between 72-73°F on September 3?,True,False,2026-09-03,2026-09-01,163.98405,145.82080000000002,67.2382,,1788441464089,,0.87,0.13,,353.96,0.0,0.634569,,"{""Yes"": 0.065, ""No"": 0.935}","[""39514036801617929357595899924160342429197626038776632384015264349709491542921"", ""29993585052000106590018939265937665137032874275718613682501873116529601853462""]"
2026-09-03T13:19:57.642285+00:00,Houston,0x3ad74e01e3cd0b06c69a7df1d39622eaf1590b52abb6d03e634063be162ee6c5,Will the lowest temperature in Houston be between 74-75°F on September 3?,True,False,2026-09-03,2026-09-01,86.0,76.0,43.0382,,1788441503125,0.01,0.16,0.84,0.99,323.95,31.68,0.914651,,"{""Yes"": 0.385, ""No"": 0.615}","[""958379339340009587630696672146261390285888940752627842949804345556443111479"", ""62158461534381523773302885365659634553817392151568902454950195113451706137885""]"
2026-09-03T13:19:57.642299+00:00,Houston,0x074bb806a779b99563953618933a12dac3204625d39e6af27cee5f97ecb74c55,Will the lowest temperature in Houston be between 76-77°F on September 3?,True,False,2026-09-03,2026-09-01,10.0,0.0,17.0782,,1788441464089,0.06,0.16,0.84,0.94,323.95,46.67,0.914651,,"{""Yes"": 0.45, ""No"": 0.55}","[""72323079446899930293981172540076634952703657494326902248618747874850127446887"", ""67439872618872888262363396086344843984505622918148184703301353658764872488427""]"
2026-09-03T13:19:57.642310+00:00,Houston,0xaa69b874f5f52b57da5e90523129664b19465ad3bb5b9cccaf893cd727f8d0fe,Will the lowest temperature in Houston be between 78-79°F on September 3?,True,False,2026-09-03,2026-09-01,16.0,0.0,16.6482,,1788441464089,0.04,0.16,0.84,0.96,318.43,51.62,0.91649,,"{""Yes"": 0.44, ""No"": 0.56}","[""77209856047778947341013510575960556567703611416412977578933759397907354681845"", ""73202172130755293751703467796971427745816248297733046738246088057908388015917""]"
2026-09-03T13:19:57.642322+00:00,Houston,0xfecb170064331b6621648c70bab01017ceb47371ae3fe7a010c66ec742d7f41f,Will the lowest temperature in Houston be between 80-81°F on September 3?,True,False,2026-09-03,2026-09-01,50.264248,22.264248,17.5082,,1788441464089,0.06,0.16,0.84,0.94,318.43,61.76,0.91649,,"{""Yes"": 0.45, ""No"": 0.55}","[""58365733163733614848344077041141560400282203705004707974920408345452925096386"", ""81365263536921396215469406250141618795917515324424244758904031157020316015753""]"
2026-09-03T13:19:57.642332+00:00,Houston,0xf76fc8b4a828286c65c28dbfb41bdcdc359096f93c12be58cf48dd32b35f3d31,Will the lowest temperature in Houston be between 82-83°F on September 3?,True,False,2026-09-03,2026-09-01,178.0,168.0,5400.6093,,1788441464089,,0.999,0.001,,413.05,0.0,0.018217,,"{""Yes"": 0.0005, ""No"": 0.9995}","[""72566018595613366602998869312594693148435553523049805814312910055173879400738"", ""108635323929201105508389755643792329623235536340826311055022724025871320158798""]"
2026-09-03T13:19:57.642342+00:00,Houston,0x78b0290f62ab2e730e4e09709e98269fb42859bff918b86dcd82887e55ed7be5,Will the lowest temperature in Houston be between 84-85°F on September 3?,True,False,2026-09-03,2026-09-01,234.8347,234.83470000000003,3667.08823,,1788441464089,,0.999,0.001,,395.79,0.0,0.026635,,"{""Yes"": 0.0005, ""No"": 0.9995}","[""94193160904061547727357014104517121959227234022530930963456504816642826061893"", ""47714605551577459903569633206405803564436365751195838156380349175694098015546""]"
2026-09-03T13:19:57.642352+00:00,Houston,0x977769c012547881c600893ef18cfd41212d6fd1d44f49802322353cd07e1065,Will the lowest temperature in Houston be between 86-87°F on September 3?,True,False,2026-09-03,2026-09-01,90.0,90.0,4084.75649,,1788441464089,,0.999,0.001,,387.78,0.0,0.02401,,"{""Yes"": 0.0005, ""No"": 0.9995}","[""173771782230455051335623980056352532275105612001675157010938996263480862948"", ""46254542917626295215807265030016492651966578311606101717797362027210044076588""]"
2026-09-03T13:19:57.642362+00:00,Houston,0x56189c658c723b08a38318199a04d072c976ef16ca9a2e57657a0c38285e0c93,Will the lowest temperature in Houston be between 88-89°F on September 3?,True,False,2026-09-03,2026-09-01,52.0,52.0,3750.4944,,1788441464089,,0.999,0.001,,432.99,0.0,0.026132,,"{""Yes"": 0.0005, ""No"": 0.9995}","[""62560444579405703169981751480279930912806045170170786027725289400880269789600"", ""112038730847756033529308662761784776201799202219009992911963245381535967077216""]"
2026-09-03T13:19:57.642372+00:00,Houston,0x59237ec74b84e8253887c520ff5937c27de88ec8093c1bc99b5cf40d38f0c582,Will the lowest temperature in Houston be 90°F or higher on September 3?,True,False,2026-09-03,2026-09-01,101.9973,101.9973,3930.8162,,1788441464089,,0.999,0.001,,390.72,0.0,0.025183,,"{""Yes"": 0.0005, ""No"": 0.9995}","[""6536933108199361525476891808293165691063790938003400174325887671139230682"", ""20657684390025474586204258165866961684196031859877745116102114059704753949661""]"
2026-09-03T13:19:57.642382+00:00,Houston,0x0de27f3e12f92a170830b85cb5dfa5c043857c5e3eca6222884be90857721465,Will the highest temperature in Houston be 81°F or below on September 3?,True,False,2026-09-03,2026-09-01,146.55,141.0,8095.09178,,1788441563605,,0.999,0.001,,372.75,0.0,0.012406,,"{""Yes"": 0.0005, ""No"": 0.9995}","[""42602473938154345045273200760327623912981119884752518657248921834994954035904"", ""50259504178756528111655474684842808009264071080234501521432702371186694773016""]"
2026-09-03T13:19:57.642394+00:00,Houston,0xe5074da69fc5bd92f6f45bd956c4359d50a947f8f6752cda954d5281485f2965,Will the highest temperature in Houston be between 82-83°F on September 3?,True,False,2026-09-03,2026-09-01,1942.4459229999998,1895.866923,367.77083,,1788441619025,,0.979,0.021,,3700.42,0.0,0.347496,,"{""Yes"": 0.013, ""No"": 0.987}","[""2406433102571781882500272490567073163527772125631435132938135454307822456759"", ""95705226082131857199361074922856479851497112019333189506137533339617765751167""]"
2026-09-03T13:19:57.642404+00:00,Houston,0xe6d77fb6b9ab42e73844c2d7f859f928f02fa8a79de0759858e6e48b28782b3f,Will the highest temperature in Houston be between 84-85°F on September 3?,True,False,2026-09-03,2026-09-01,1328.0764439999998,766.002269,357.6846,,1788441651268,0.02,0.92,0.08,0.98,3695.57,885.52,0.379534,0.98,"{""Yes"": 0.045, ""No"": 0.955}","[""59282809189285949992843222882597563380126463749717832450530315027808909480934"", ""36994162465266569671708920273264692958187100971546426834686104543170209880776""]"
2026-09-03T13:19:57.642414+00:00,Houston,0xd60d93f369dd897635aa3f5e8a2a5c97115fb2141a224fc60226410564d1f2af,Will the highest temperature in Houston be between 86-87°F on September 3?,True,False,2026-09-03,2026-09-01,4245.719112999999,2039.0773219999999,329.5466,,1788441685867,0.05,0.87,0.13,0.95,3910.36,539.06,0.459626,0.95,"{""Yes"": 0.09, ""No"": 0.91}","[""61360027226930641263612020058559451100021668197449898219827977112648444678814"", ""21396934256451258619842411721800517680668487375048882413254059768315512413272""]"
2026-09-03T13:19:57.642425+00:00,Houston,0xe0822170245c49e455c4ba553534536beb4b7b0e984e847010d2f8c020a31539,Will the highest temperature in Houston be between 88-89°F on September 3?,True,False,2026-09-03,2026-09-01,3345.8909040000003,2970.3790000000004,631.4558,,1788441629049,0.19,0.74,0.26,0.81,3640.25,532.18,0.352365,0.81,"{""Yes"": 0.215, ""No"": 0.785}","[""105884909489958397124594408428229590959226290300202035941819314935458888908578"", ""114984560509785250316864954628840919634352568600022664430115364558861466644728""]"
2026-09-03T13:19:57.642435+00:00,Houston,0x757cc48511e7c6b21fdfe1c4496d6d45c7fbbb43b014d068c2952b9fdc9faa1b,Will the highest temperature in Houston be between 90-91°F on September 3?,True,False,2026-09-03,2026-09-01,3905.8706689999995,2437.9787410000004,372.4095,,1788441704040,0.29,0.58,0.42,0.71,3608.67,662.02,0.558611,0.773064,"{""Yes"": 0.395, ""No"": 0.605}","[""66697633769993165726025314030778525001678900529922577985367614338354261514995"", ""108845696312884062602528288309111741073590424432877786790435331299552060839411""]"
2026-09-03T13:19:57.642445+00:00,Houston,0x49f7f5349d651e83145ca71a4e7a70f641b48af1b6ec9812a1fe184014a109a9,Will the highest temperature in Houston be between 92-93°F on September 3?,True,False,2026-09-03,2026-09-01,1663.683596,1511.3499310000002,338.5753,,1788441636121,0.24,0.74,0.26,0.76,3699.35,611.36,0.600068,0.95535,"{""Yes"": 0.25, ""No"": 0.75}","[""106689203922452517942186918052230387904870645767452076059354208575952176460379"", ""26480655074354864595242380209062737141207828410079370376513494091201022881373""]"
2026-09-03T13:19:57.642455+00:00,Houston,0x2602e89ed8dd37fe2c0fa38f1a5226dfc6fd5672afdb9650f33b312383274137,Will the highest temperature in Houston be between 94-95°F on September 3?,True,False,2026-09-03,2026-09-01,791.1341959999999,768.284196,418.8702,,1788441668060,0.04,0.88,0.12,0.96,3671.93,436.25,0.30682,0.96,"{""Yes"": 0.06, ""No"": 0.94}","[""84707389607740001963084808983718852552314830082924737376952098119937468372011"", ""15310706486135836230657635672785644694018685153607567852526108787991389935323""]"
2026-09-03T13:19:57.642465+00:00,Houston,0x428b94a5872f6e09a5e25a0513f7b117d94014c2b9f644cf7567c64799ca9f78,Will the highest temperature in Houston be between 96-97°F on September 3?,True,False,2026-09-03,2026-09-01,401.09985700000004,395.549857,404.41771,,1788441811798,0.007,0.96,0.04,0.993,3727.72,1218.68,0.287512,0.993,"{""Yes"": 0.0085, ""No"": 0.9915}","[""64029750098898336319728853717320408794238799874174534206568204688430218857878"", ""31509718227587191465453905717860418602293317308061432640281680288112065567012""]"
2026-09-03T13:19:57.642476+00:00,Houston,0xa64644be082179991fdcd28f6e6d2c407de292c328d27bcefd40a5648a683333,Will the highest temperature in Houston be between 98-99°F on September 3?,True,False,2026-09-03,2026-09-01,730.6521190000001,472.428665,2406.20309,,1788441563600,,0.997,0.003,,3737.14,0.0,0.041544,,"{""Yes"": 0.0015, ""No"": 0.9985}","[""49829950423925616378379567661718268949359497026698404248230097115574569044184"", ""43570464087200952816814100798771507935568347612436553935922495563448578818825""]"
2026-09-03T13:19:57.642486+00:00,Houston,0xccf6ea9905a480c574e4e2aeed68ec22d416f1ff6e4d0a0175fcc6ea3f322c9b,Will the highest temperature in Houston be 100°F or higher on September 3?,True,False,2026-09-03,2026-09-01,497.98706300000003,406.992063,3464.88974,,1788441563603,,0.995,0.005,,236.32,0.0,0.029,,"{""Yes"": 0.0025, ""No"": 0.9975}","[""5822556059409518435880196956208124615047630682467792619226016177050030237599"", ""106283688770047143116768605993119509032927820258325338841719961161159586195944""]"
2026-09-03T13:19:57.642497+00:00,Houston,0x8d88662a7e50f05b805130bc3e1a44e15010506fd354affb75bc011a38987a9d,Will the highest temperature in Houston be 81°F or below on September 4?,True,False,2026-09-04,2026-09-02,246.926,246.92600000000002,2802.27028,,1788441812240,0.001,0.99,0.01,0.999,2316.92,1039.96,0.12043,0.999,"{""Yes"": 0.0055, ""No"": 0.9945}","[""82033641086698233472000010598346766886013798475847238190525751373547261270061"", ""34481828523023565833703523997177716037108439806234114312596059180956109195066""]"
2026-09-03T13:19:57.642509+00:00,Houston,0x1262400549f6cacf72e449f88279f4293548ae387f183cd9fe860b103bb92a07,Will the highest temperature in Houston be between 82-83°F on September 4?,True,False,2026-09-04,2026-09-02,230.95426600000002,168.954266,2295.97805,,1788441817237,0.003,0.996,0.004,0.997,5477.58,727.43,0.109291,0.997112,"{""Yes"": 0.0035, ""No"": 0.9965}","[""25598132939999530103645224103557113017135873894303619929269973896028301762404"", ""55646191332844120295720807187587673149434775595915361728346124607731126494716""]"
2026-09-03T13:19:57.642525+00:00,Houston,0xef76b258734e90cd8fb888abf7f33ec217f7d0cdcaeadd2c70db09986a51ec7c,Will the highest temperature in Houston be between 84-85°F on September 4?,True,False,2026-09-04,2026-09-02,449.584683,449.584683,2356.919,,1788441817237,0.02,0.96,0.04,0.98,12801.9,290.29,0.20158,0.989777,"{""Yes"": 0.03, ""No"": 0.97}","[""82152729196808193023433610871767504299290243250294933316346250834417690127901"", ""69990699967204001761856356130920287227046733294783096944590445654816456482972""]"
2026-09-03T13:19:57.642535+00:00,Houston,0xc4e01c2f3fa6a962c06c4cb77446e0ed75a54f96cc439b6d30c470303d8c974c,Will the highest temperature in Houston be between 86-87°F on September 4?,True,False,2026-09-04,2026-09-02,1544.542978,1541.342978,3456.9204,,1788441817496,0.19,0.76,0.24,0.81,13729.63,2701.16,0.258415,0.833333,"{""Yes"": 0.22, ""No"": 0.78}","[""72995785510856862165885643006209731077000456909762338170267587871984032235409"", ""87778022235497396680256920980554821444952656701840285180861270090991319832265""]"
2026-09-03T13:19:57.642545+00:00,Houston,0x7b6574aa9ff2de769f8d8ecb9333b8265bbae461a750eec403eb16fde0ef3be9,Will the highest temperature in Houston be between 88-89°F on September 4?,True,False,2026-09-04,2026-09-02,1721.166325,1703.6378770000001,3617.8546,,1788441811786,0.25,0.72,0.28,0.75,13055.18,657.43,0.314721,0.76307,"{""Yes"": 0.265, ""No"": 0.735}","[""102825397032467685882999817415233330667708523268564889796747560332910953260059"", ""113461856186242787679718113209816793075127068868516562821880015665696618696040""]"
2026-09-03T13:19:57.642555+00:00,Houston,0x5a1f2940f76c5b4e8c8e781bb41cb51b39ed76faa93cf8344ef85c5bac8acf45,Will the highest temperature in Houston be between 90-91°F on September 4?,True,False,2026-09-04,2026-09-02,2668.565271,2357.2705700000006,4320.4877,,1788441817446,0.26,0.72,0.28,0.74,12764.44,1281.44,0.285764,0.740215,"{""Yes"": 0.27, ""No"": 0.73}","[""82889369727420858127383057259790305558107257697025164569082391771852594108518"", ""40395817129510374282748183791207387715870256099080042148665342894328177086898""]"
2026-09-03T13:19:57.642564+00:00,Houston,0xe80458e201bed9509afdef9d3091eacd85742fc9ffd870a9eb90766c88013ed8,Will the highest temperature in Houston be between 92-93°F on September 4?,True,False,2026-09-04,2026-09-02,2484.903734,2458.903734,6104.0007,,1788441811785,0.19,0.79,0.21,0.81,13440.88,3518.17,0.313641,0.81,"{""Yes"": 0.195, ""No"": 0.805}","[""36687716125269690941893290842165914007560785444326847751115679006533112033421"", ""61290579292255368654449604987572865205834806244526552842539019806581930001398""]"
2026-09-03T13:19:57.642574+00:00,Houston,0x7838e5aaf930bd290ec0346852fe958cd140540e7a0f741f935929ee7dda9a9f,Will the highest temperature in Houston be between 94-95°F on September 4?,True,False,2026-09-04,2026-09-02,140.69299999999998,140.693,2646.864,,1788441817237,0.02,0.96,0.04,0.98,12772.31,465.12,0.206487,0.98,"{""Yes"": 0.03, ""No"": 0.97}","[""105588233130407198577233826632319668591631859485562327486277764286074475624362"", ""27433700316201994814544952034590036498224458666597904089393252268938260913996""]"
2026-09-03T13:19:57.642583+00:00,Houston,0x70333ff5e8c4981a01bddf46629fef2c22149908aab2e71152cef5551ac5f7ee,Will the highest temperature in Houston be between 96-97°F on September 4?,True,False,2026-09-04,2026-09-02,111.7756,111.7756,2769.40414,,1788441811796,0.002,0.995,0.005,0.998,16850.27,1509.5,0.139225,0.998,"{""Yes"": 0.0035, ""No"": 0.9965}","[""55125330468967597125303680436250124770187185761378870534994953353951591050811"", ""64648887744145614847083416469294606700038688600363446822849354388413389480085""]"
2026-09-03T13:19:57.642594+00:00,Houston,0xd36e8c4a4e7c945575c8b6281a4a6274298125eb8fb8e3e6975c79e1b8a8f8ea,Will the highest temperature in Houston be between 98-99°F on September 4?,True,False,2026-09-04,2026-09-02,219.08870000000002,219.08870000000007,3278.80129,,1788441812240,0.001,0.99,0.01,0.999,17054.14,310.69,0.092094,0.999,"{""Yes"": 0.0055, ""No"": 0.9945}","[""78209509759087578159235497034710547601717581233943178408479568030229093269703"", ""97939685870201949234336061774652713504466126026085526147011342427912576957348""]"
2026-09-03T13:19:57.642605+00:00,Houston,0xd8882bb821b13e130fc0f9f397532aaaf025c1b6bff4552068a54c478a83484a,Will the highest temperature in Houston be 100°F or higher on September 4?,True,False,2026-09-04,2026-09-02,417.90293199999996,417.902932,2375.42645,,1788441812239,0.001,0.998,0.002,0.999,2358.75,60.17,0.095273,,"{""Yes"": 0.0015, ""No"": 0.9985}","[""93688890235748624668486669364071473914084684444849436663751440090108720594963"", ""114100717501291122469422328498783927102363310092920528786698263061638249269297""]"
2026-09-03T13:19:57.642615+00:00,Houston,0x9f44a83245c2d86931009134430d9992d675fce720b2eafa1fd1be354af07ce4,Will the lowest temperature in Houston be 69°F or below on September 4?,True,False,2026-09-04,2026-09-02,0.0,0.0,109.79,,1788441628836,,0.48,0.52,,116.22,0.0,0.7564,,"{""Yes"": 0.245, ""No"": 0.755}","[""53234299209301945733459756843579552357429977752554126702052899457605000297884"", ""90091638938089666625879388670280205960348142437528548194126613063261833043480""]"
2026-09-03T13:19:57.642624+00:00,Houston,0x7a07ac1913ccc7bd2a281910b2bdaaa207388738f5446ebeafb98bacd4032cbf,Will the lowest temperature in Houston be between 70-71°F on September 4?,True,False,2026-09-04,2026-09-02,0.0,0.0,207.6609,,1788441408917,,0.86,0.14,,2394.53,0.0,0.575608,,"{""Yes"": 0.07, ""No"": 0.93}","[""98247183267371701465384408195267730516783659709971449485402971456186348003441"", ""50247337949040671111088225199684821032280874566239840028956100729840945696156""]"
2026-09-03T13:19:57.642633+00:00,Houston,0xa1fe4c4562beaf912b919acc104f43214ee26ac85a82aee0e003be01e14600ba,Will the lowest temperature in Houston be between 72-73°F on September 4?,True,False,2026-09-04,2026-09-02,0.0,0.0,218.9117,,1788441408937,,0.62,0.38,,2430.58,0.0,0.55957,,"{""Yes"": 0.19, ""No"": 0.81}","[""20790945535824766975050441475606720120991674462944851194275885971478181914473"", ""4332834768977325708665417528454337775423148607390968763653122776163452035175""]"
2026-09-03T13:19:57.642642+00:00,Houston,0x3b9c235b2300554cfe9306a7ac2662c7450ad6a48b6d14912db89cb0390e30da,Will the lowest temperature in Houston be between 74-75°F on September 4?,True,False,2026-09-04,2026-09-02,0.0,0.0,227.2617,,1788441408841,,0.62,0.38,,2432.01,0.0,0.599983,,"{""Yes"": 0.19, ""No"": 0.81}","[""40183537816780413874451232014926851491069259121920960753312091721195914069182"", ""5086395188689883731573748943632636291727352457499081986100696347537713405583""]"
2026-09-03T13:19:57.642651+00:00,Houston,0x837998d6660c755784ffcc2e62a83011e085baa74ee3b366ffbc6e8b29e76146,Will the lowest temperature in Houston be between 76-77°F on September 4?,True,False,2026-09-04,2026-09-02,0.0,0.0,217.1078,,1788441408976,0.04,0.51,0.49,0.96,2426.91,756.7,0.63714,0.967581,"{""Yes"": 0.265, ""No"": 0.735}","[""114451631000173546774515980297662740486960752678616799850022603240251841576313"", ""25515181516436573734693470002976111843963177784034069174348578759046280899214""]"
2026-09-03T13:19:57.642660+00:00,Houston,0x02e8788b8bbe8052cbc1d4d61f0411fe4371a6ff25e43e6b52be7d3a4d54b2d7,Will the lowest temperature in Houston be between 78-79°F on September 4?,True,False,2026-09-04,2026-09-02,15.55,15.55,209.4301,,1788441408938,0.22,0.49,0.51,0.78,2475.18,334.58,0.639407,0.842546,"{""Yes"": 0.365, ""No"": 0.635}","[""9172643869197954529156358315315900784444827856991573305718102449946080807417"", ""71428566659671618056700691147923975342675518569076445248251388680987290418835""]"
2026-09-03T13:19:57.642669+00:00,Houston,0xd1ba9ef0763c1affe858bc4bcbc5eae866df19c603322f29e73b24fff6fc2df0,Will the lowest temperature in Houston be between 80-81°F on September 4?,True,False,2026-09-04,2026-09-02,0.0,0.0,193.2571,,1788441417122,0.3,0.5,0.5,0.7,2454.43,417.37,0.65037,0.762725,"{""Yes"": 0.4, ""No"": 0.6}","[""84242218286496430209144572846037304334598437009667641634626257831909428988212"", ""99965541558879195762433592065388127858898859795907632723982160064775864232022""]"
2026-09-03T13:19:57.642678+00:00,Houston,0x495a1b23623c8af910d96eec91cc715120f0ee36ac2bd9711641b2162ddaeb23,Will the lowest temperature in Houston be between 82-83°F on September 4?,True,False,2026-09-04,2026-09-02,0.0,0.0,210.7493,,1788441409013,,0.53,0.47,,2434.3,0.0,0.601625,,"{""Yes"": 0.235, ""No"": 0.765}","[""70977956578597606596495086615531612734245059331450750288746223331429626455955"", ""112136910320804167735687333890200023988037611051882338622915680235193492752012""]"
2026-09-03T13:19:57.642687+00:00,Houston,0xb25272a668ef09496f7e332488951be43f45fd6aea6ce358bbaaae8209cbdd2d,Will the lowest temperature in Houston be between 84-85°F on September 4?,True,False,2026-09-04,2026-09-02,0.0,0.0,220.1717,,1788441408879,,0.84,0.16,,2425.18,0.0,0.561281,,"{""Yes"": 0.08, ""No"": 0.92}","[""14043272702145474931336073700073276858682725637366986777966750318620735606204"", ""55585215218462248000777925477697620112545751574097868621790092432082399640549""]"
2026-09-03T13:19:57.642696+00:00,Houston,0xc1f5d4b9f419313886b89370564c7cf9bb58cd138ed1c6280af8c98f690219f6,Will the lowest temperature in Houston be between 86-87°F on September 4?,True,False,2026-09-04,2026-09-02,0.0,0.0,213.5496,,1788441409003,,0.63,0.37,,2481.51,0.0,0.593497,,"{""Yes"": 0.185, ""No"": 0.815}","[""3626179918774850090758027633532101777453426011999558331210182417129610317490"", ""27637538050289038920867676143478427635695245524255363557145631212230297668544""]"
2026-09-03T13:19:57.642705+00:00,Houston,0x33bc8e92d745a7a0031286a9b48be78041da1afafe5ad729002acdfc8d23e034,Will the lowest temperature in Houston be 88°F or higher on September 4?,True,False,2026-09-04,2026-09-02,0.0,0.0,175.522,,1788441588326,,0.21,0.79,,165.75,0.0,0.7996,,"{""Yes"": 0.345, ""No"": 0.655}","[""112148033159127197212683758884754653312051598277849972270542497022081446535526"", ""33669495506747899465500172968797243833132853881386061587128903297086855453436""]"
2026-09-03T13:19:57.642715+00:00,Houston,0x9a3b0103aacca10ad9361a97346a0ba335d298ba465ad10f9330fbfab410db47,Will the highest temperature in Houston be 81°F or below on September 5?,True,False,2026-09-05,2026-09-03,50.1,50.1,1323.0618,,1788441811398,0.002,0.988,0.012,0.998,594.05,1087.86,0.201779,0.998,"{""Yes"": 0.007, ""No"": 0.993}","[""30898165697245304039548035551008045127804746572977332324818698713612883974529"", ""108889714031986961267058541799516619722090549638984753184358678206308013902599""]"
2026-09-03T13:19:57.642724+00:00,Houston,0x496d37f96a396a9c08de35fb1c64c046792139b055f1f53242c81a177337ffb1,Will the highest temperature in Houston be between 82-83°F on September 5?,True,False,2026-09-05,2026-09-03,205.8585,205.8585,1847.0435,,1788441811398,0.01,0.98,0.02,0.99,12991.31,197.09,0.189236,0.99,"{""Yes"": 0.015, ""No"": 0.985}","[""35437654046417630418837071221041731178738497067568592121527001084769173549443"", ""115275095547726428383924007625395854158604788910559729021056666891238104440649""]"
2026-09-03T13:19:57.642733+00:00,Houston,0x77ac89cfdff1a9de6e447d97c04f8cfdef96b6ef83d3d2aea0ca4c48f907e4d5,Will the highest temperature in Houston be between 84-85°F on September 5?,True,False,2026-09-05,2026-09-03,0.0,0.0,1092.6669,,1788441669882,,0.92,0.08,,12732.28,0.0,0.297635,,"{""Yes"": 0.04, ""No"": 0.96}","[""39501920417414569550896565127389904285720025328117378067037747047671114945265"", ""89894572357746426834340547871795116331830888865140086479081767087489311584368""]"
2026-09-03T13:19:57.642742+00:00,Houston,0x56200a65ea94c9c5a4260c3a1b4a6b1ad35987c06a487237d378c2ed1f079419,Will the highest temperature in Houston be between 86-87°F on September 5?,True,False,2026-09-05,2026-09-03,0.0,0.0,1445.9813,,1788441500528,,0.8,0.2,,12804.53,0.0,0.216791,,"{""Yes"": 0.1, ""No"": 0.9}","[""73592424751683682951106469126510908944323495129484375269434669134950473486023"", ""33473333185908012389656893383581733035459586270043407451593780793427192128231""]"
2026-09-03T13:19:57.642752+00:00,Houston,0xa8f589fbd2e21fb73a3757015ad0d27097d7d67d6bb125e62546531a5091abf7,Will the highest temperature in Houston be between 88-89°F on September 5?,True,False,2026-09-05,2026-09-03,546.8339209999999,546.8339209999999,2311.7633,,1788441719740,0.21,0.74,0.26,0.79,13631.58,2676.69,0.479621,0.794327,"{""Yes"": 0.245, ""No"": 0.755}","[""60438511816062367774982736070198760749032945155963365805232498464905642507969"", ""52384409257458319742632352423538877843920212879149549831561266580209077125402""]"
2026-09-03T13:19:57.642761+00:00,Houston,0xeee9c6414555338cbe9bfe4dc53e57c7a7038810066dceb41550d677128f0b4d,Will the highest temperature in Houston be between 90-91°F on September 5?,True,False,2026-09-05,2026-09-03,10.879999999999999,10.88,3321.0467,,1788441811394,0.42,0.57,0.43,0.58,14743.84,2619.31,0.43,0.596525,"{""Yes"": 0.425, ""No"": 0.575}","[""66778551584314630307363416684532850417099642375494004231415045964190428735693"", ""5661303443766734359735829825855809838427931627194057267510314975279173949855""]"
2026-09-03T13:19:57.642771+00:00,Houston,0x9cb69d90f0ac39796152b5bcc599d1c0c5cb96fd4ef6654ad3b8fa43cebfc5a4,Will the highest temperature in Houston be between 92-93°F on September 5?,True,False,2026-09-05,2026-09-03,33.44965,33.44965,2285.97,,1788441817187,0.11,0.84,0.16,0.89,13516.57,2636.78,0.189197,0.895077,"{""Yes"": 0.135, ""No"": 0.865}","[""9544081213142881750903485143036584383178242674281248855724964156528164377142"", ""1908809085756704743869214358797110155355821100888111097250525567731245774635""]"
2026-09-03T13:19:57.642780+00:00,Houston,0x04a7d0995105ddbcd28f82a306d71d82f8e71be361709883ecc6542ab265e091,Will the highest temperature in Houston be between 94-95°F on September 5?,True,False,2026-09-05,2026-09-03,0.0,0.0,1162.1161,,1788441811597,0.03,0.93,0.07,0.97,13037.74,359.76,0.307882,0.984095,"{""Yes"": 0.05, ""No"": 0.95}","[""68117311130577163816352799935409703767613064453599163241648487005049844163955"", ""29151047686214883103644440625161634783913695548915649519954157476613970880829""]"
2026-09-03T13:19:57.642789+00:00,Houston,0x774a037bde344875060f53692d6076f5e8a998b43248adefb83736af098ac043,Will the highest temperature in Houston be between 96-97°F on September 5?,True,False,2026-09-05,2026-09-03,0.0,0.0,1043.6325,,1788441667702,,0.93,0.07,,12824.67,0.0,0.344864,,"{""Yes"": 0.035, ""No"": 0.965}","[""28511164809742976483871441078077571442131272037879483773497023568405885940672"", ""18075698202114108660456404831011914789454667443433936653735627159786911832689""]"
2026-09-03T13:19:57.642798+00:00,Houston,0x4be43b5678457a6a3af77e4f323be797c24f99e992f3fd3da2e6e70b75759460,Will the highest temperature in Houston be between 98-99°F on September 5?,True,False,2026-09-05,2026-09-03,0.0,0.0,1087.6125,,1788441451079,,0.93,0.07,,12821.39,0.0,0.315801,,"{""Yes"": 0.035, ""No"": 0.965}","[""86131387513243772407452671101330510241838893309789148311724080362810658482962"", ""83724948975303791363971596607667687316540730438957984581262510054233454207636""]"
2026-09-03T13:19:57.642806+00:00,Houston,0xd9d0ddfd332304f2e3fbd1490a73dc9f8b654974dff1a33bcab7ac408acb75ba,Will the highest temperature in Houston be 100°F or higher on September 5?,True,False,2026-09-05,2026-09-03,0.0,0.0,228.79,,1788441522066,,0.93,0.07,,220.51,0.0,0.382307,,"{""Yes"": 0.035, ""No"": 0.965}","[""105546495919230534114888957197966168638820849877593107713063723910672251358938"", ""51866386479323481968237062547600730795411928804997941850483583641190201698362""]"
2026-09-03T13:19:57.642815+00:00,Houston,0xf465bcaa18f5864c00a4ef2cc6e0fb79d4d36ea382b87a57a43a402878710f4d,Will the lowest temperature in Houston be 69°F or below on September 5?,True,False,2026-09-05,2026-09-03,0.0,0.0,37.27,,1788440649592,,0.32,0.68,,79.73,0.0,,,"{""Yes"": 0.34, ""No"": 0.66}","[""63589571416105710113071667975900454036180865017051152011606488570119667952394"", ""33080812423157259223598655009413452312990319718065778206177083314828634872868""]"
2026-09-03T13:19:57.642824+00:00,Houston,0x72e6e021e675f778af72c6f672d973ad1b35aa075af5379d1d96a65a8ed342de,Will the lowest temperature in Houston be between 70-71°F on September 5?,True,False,2026-09-05,2026-09-03,0.0,0.0,926.4401,,1788441643907,,0.8,0.2,,12100.24,0.0,0.402362,,"{""Yes"": 0.095, ""No"": 0.905}","[""20830699535809699155050868245051207652319682181404546232213703177055045112848"", ""17309724605490696334975805781494829565099740858910887276236396859115892992880""]"
2026-09-03T13:19:57.642833+00:00,Houston,0x22171bf325cbf4f4e1942b7c1e523f960d29fefa6bb983961486fb961bc16985,Will the lowest temperature in Houston be between 72-73°F on September 5?,True,False,2026-09-05,2026-09-03,0.0,0.0,752.6593,,1788441578512,,0.5,0.5,,12201.17,0.0,0.633313,,"{""Yes"": 0.235, ""No"": 0.765}","[""29681942688450264213517374767570927414449246336162141631738150089786029343727"", ""10084447787742394428768315998991807687092835125574576756548224729751737057324""]"
2026-09-03T13:19:57.642842+00:00,Houston,0x6eb3b2fd74d481e1db14cc2cc7ae3ef1f1c104dc1754c00806d588aafa938ea2,Will the lowest temperature in Houston be between 74-75°F on September 5?,True,False,2026-09-05,2026-09-03,0.0,0.0,763.2878,,1788441620164,0.04,0.51,0.49,0.96,12131.57,290.54,0.649971,0.975273,"{""Yes"": 0.265, ""No"": 0.735}","[""63520646688139243879410689750695588314596715535268260795294975182364152919297"", ""114867140344337872384009780759866213963540917344855293381116592740749922091610""]"
2026-09-03T13:19:57.642851+00:00,Houston,0xe7313995b40b3a29aa4a4f5e9c9eb96118fd11a70d8fa706ae13215748279880,Will the lowest temperature in Houston be between 76-77°F on September 5?,True,False,2026-09-05,2026-09-03,0.0,0.0,851.3821,,1788441492761,0.03,0.5,0.5,0.97,12220.59,2692.2,0.631459,0.979412,"{""Yes"": 0.31, ""No"": 0.69}","[""73888022838899357204927355696762317417230868365488103785735134341598198208821"", ""93186229553282779147964931919970932030170036987772364346154716159058298918575""]"
2026-09-03T13:19:57.642861+00:00,Houston,0x28a06bf493fadab98e9b775bead4ab802ec86c431dc2d98dc4ace022fe51b683,Will the lowest temperature in Houston be between 78-79°F on September 5?,True,False,2026-09-05,2026-09-03,0.0,0.0,882.2301,,1788441492760,0.24,0.5,0.5,0.76,12212.69,1531.23,0.625732,0.820258,"{""Yes"": 0.38, ""No"": 0.62}","[""9067494698486521154933000222350500972546639142532784482851328421905088749961"", ""72550747725264938495312572085550175605676241688098571328487078106246123629769""]"
2026-09-03T13:19:57.642869+00:00,Houston,0x0afe5cb40ba0d3375890574e15626df72af22bb17ffbcf688ffca9cea898bdce,Will the lowest temperature in Houston be between 80-81°F on September 5?,True,False,2026-09-05,2026-09-03,0.0,0.0,758.8078,,1788440810003,0.04,0.51,0.49,0.96,12230.24,806.42,0.619663,0.967002,"{""Yes"": 0.265, ""No"": 0.735}","[""81160493052673444764886359781986406283918717289609610941709907510651428362556"", ""72259040574853556313983553638504031229217647873287059579824035766254643542073""]"
2026-09-03T13:19:57.642878+00:00,Houston,0xa7b452224d99ab273aaa4f2fc5ffca7d4bf93cc9370139463742b3f2e7c896a0,Will the lowest temperature in Houston be between 82-83°F on September 5?,True,False,2026-09-05,2026-09-03,0.0,0.0,745.2793,,1788441578512,,0.5,0.5,,11927.55,0.0,0.633313,,"{""Yes"": 0.235, ""No"": 0.765}","[""11995462866523166301641415885618429486465299543239892542426932240212955166741"", ""15684455512249411786159415832067683711138262485346388831350622619338968276031""]"
2026-09-03T13:19:57.642887+00:00,Houston,0x95ebe6e098aa8f476ea10c0540a3538150124949c891b03c11837ad893ae6870,Will the lowest temperature in Houston be between 84-85°F on September 5?,True,False,2026-09-05,2026-09-03,0.0,0.0,765.3969,,1788441820765,,0.52,0.48,,12090.35,0.0,0.609484,,"{""Yes"": 0.24, ""No"": 0.76}","[""112787937477271766127488529301896887395972206866430747959349037944666307165362"", ""5799201160469455295169045641399513556634556783969035252725947266361278618245""]"
2026-09-03T13:19:57.642896+00:00,Houston,0x470a77e8c2ea56ac7d14a32ea0a86cc075a217b463bd63f523447ad807b83110,Will the lowest temperature in Houston be between 86-87°F on September 5?,True,False,2026-09-05,2026-09-03,0.0,0.0,988.3401,,1788441423391,,0.82,0.18,,12126.27,0.0,0.596918,,"{""Yes"": 0.09, ""No"": 0.91}","[""29011565070448618684653294977542417106206934368924829490450633817028994752902"", ""10534725268099152034895060526042559450552545387136352561494776821863001658059""]"
2026-09-03T13:19:57.642905+00:00,Houston,0x37bdac52879518c302c4e840625c1ee158416fb83d1224745d6d6e6db9c19475,Will the lowest temperature in Houston be 88°F or higher on September 5?,True,False,2026-09-05,2026-09-03,0.0,0.0,40.65,,1788441492761,,0.31,0.69,,265.25,0.0,0.753968,,"{""Yes"": 0.345, ""No"": 0.655}","[""114695141712304307996892119170322323009271759360331363031627316675460213701196"", ""84926884756564340793453986319778419085850962833937974655429299205360768714937""]"
2026-09-03T17:33:13.094957+00:00,Houston,0xf259e94c4b87e258d2a5bd749aa7b163eabc363c0d82a5f69a82edf69c726637,Will the lowest temperature in Houston be 71°F or below on September 3?,True,False,2026-09-03,2026-09-01,82.0,62.0,34.7529,,1788455105408,,0.58,0.42,,52.22,0.0,,,"{""Yes"": 0.21, ""No"": 0.79}","[""33303503277519513665087168341730614613764645526545810516112642457486625077590"", ""36863530837707900933755821983278128490181503556333920683075827937012502132564""]"
2026-09-03T17:33:13.094988+00:00,Houston,0x264ced03d1ba10b9ce1b7e845e13f6897829ff51a5db20f6e1b30b64a108fcc7,Will the lowest temperature in Houston be between 72-73°F on September 3?,True,False,2026-09-03,2026-09-01,163.98405,143.78,68.6686,,1788456861001,,0.86,0.14,,676.53,0.0,0.760216,,"{""Yes"": 0.05, ""No"": 0.95}","[""39514036801617929357595899924160342429197626038776632384015264349709491542921"", ""29993585052000106590018939265937665137032874275718613682501873116529601853462""]"
2026-09-03T17:33:13.095000+00:00,Houston,0x3ad74e01e3cd0b06c69a7df1d39622eaf1590b52abb6d03e634063be162ee6c5,Will the lowest temperature in Houston be between 74-75°F on September 3?,True,False,2026-09-03,2026-09-01,86.0,76.0,101.6586,,1788455105404,0.01,0.9,0.1,0.99,669.87,31.68,0.538932,,"{""Yes"": 0.055, ""No"": 0.945}","[""958379339340009587630696672146261390285888940752627842949804345556443111479"", ""62158461534381523773302885365659634553817392151568902454950195113451706137885""]"
2026-09-03T17:33:13.095013+00:00,Houston,0x074bb806a779b99563953618933a12dac3204625d39e6af27cee5f97ecb74c55,Will the lowest temperature in Houston be between 76-77°F on September 3?,True,False,2026-09-03,2026-09-01,10.0,0.0,21.6134,,1788455096105,0.03,0.17,0.83,0.97,393.99,63.64,0.88722,,"{""Yes"": 0.43, ""No"": 0.57}","[""72323079446899930293981172540076634952703657494326902248618747874850127446887"", ""67439872618872888262363396086344843984505622918148184703301353658764872488427""]"
2026-09-03T17:33:13.095034+00:00,Houston,0xaa69b874f5f52b57da5e90523129664b19465ad3bb5b9cccaf893cd727f8d0fe,Will the lowest temperature in Houston be between 78-79°F on September 3?,True,False,2026-09-03,2026-09-01,16.0,0.0,20.9534,,1788454887995,0.04,0.17,0.83,0.96,428.67,51.62,0.898277,,"{""Yes"": 0.435, ""No"": 0.565}","[""77209856047778947341013510575960556567703611416412977578933759397907354681845"", ""73202172130755293751703467796971427745816248297733046738246088057908388015917""]"
2026-09-03T17:33:13.095049+00:00,Houston,0xfecb170064331b6621648c70bab01017ceb47371ae3fe7a010c66ec742d7f41f,Will the lowest temperature in Houston be between 80-81°F on September 3?,True,False,2026-09-03,2026-09-01,50.264248,22.264248,23.5501,,1788454837003,0.85,0.12,0.88,0.15,335.24,51.41,0.925433,,"{""Yes"": 0.865, ""No"": 0.135}","[""58365733163733614848344077041141560400282203705004707974920408345452925096386"", ""81365263536921396215469406250141618795917515324424244758904031157020316015753""]"
2026-09-03T17:33:13.095063+00:00,Houston,0xf76fc8b4a828286c65c28dbfb41bdcdc359096f93c12be58cf48dd32b35f3d31,Will the lowest temperature in Houston be between 82-83°F on September 3?,True,False,2026-09-03,2026-09-01,178.0,168.0,3291.4667,,1788455087613,,0.999,0.001,,408.41,0.0,0.029552,,"{""Yes"": 0.0005, ""No"": 0.9995}","[""72566018595613366602998869312594693148435553523049805814312910055173879400738"", ""108635323929201105508389755643792329623235536340826311055022724025871320158798""]"
2026-09-03T17:33:13.095100+00:00,Houston,0x78b0290f62ab2e730e4e09709e98269fb42859bff918b86dcd82887e55ed7be5,Will the lowest temperature in Houston be between 84-85°F on September 3?,True,False,2026-09-03,2026-09-01,234.8347,234.83470000000003,5668.98863,,1788455087613,,0.999,0.001,,404.46,0.0,0.017356,,"{""Yes"": 0.0005, ""No"": 0.9995}","[""94193160904061547727357014104517121959227234022530930963456504816642826061893"", ""47714605551577459903569633206405803564436365751195838156380349175694098015546""]"
2026-09-03T17:33:13.095114+00:00,Houston,0x977769c012547881c600893ef18cfd41212d6fd1d44f49802322353cd07e1065,Will the lowest temperature in Houston be between 86-87°F on September 3?,True,False,2026-09-03,2026-09-01,90.0,0.0,3583.42689,,1788455117379,,0.999,0.001,,391.95,0.0,0.027195,,"{""Yes"": 0.0005, ""No"": 0.9995}","[""173771782230455051335623980056352532275105612001675157010938996263480862948"", ""46254542917626295215807265030016492651966578311606101717797362027210044076588""]"
2026-09-03T17:33:13.095129+00:00,Houston,0x56189c658c723b08a38318199a04d072c976ef16ca9a2e57657a0c38285e0c93,Will the lowest temperature in Houston be between 88-89°F on September 3?,True,False,2026-09-03,2026-09-01,52.0,52.0,3348.7448,,1788455117379,,0.999,0.001,,437.66,0.0,0.029086,,"{""Yes"": 0.0005, ""No"": 0.9995}","[""62560444579405703169981751480279930912806045170170786027725289400880269789600"", ""112038730847756033529308662761784776201799202219009992911963245381535967077216""]"
2026-09-03T17:33:13.095142+00:00,Houston,0x59237ec74b84e8253887c520ff5937c27de88ec8093c1bc99b5cf40d38f0c582,Will the lowest temperature in Houston be 90°F or higher on September 3?,True,False,2026-09-03,2026-09-01,101.9973,101.9973,3917.5562,,1788454741017,,0.999,0.001,,480.63,0.0,0.025183,,"{""Yes"": 0.0005, ""No"": 0.9995}","[""6536933108199361525476891808293165691063790938003400174325887671139230682"", ""20657684390025474586204258165866961684196031859877745116102114059704753949661""]"
2026-09-03T17:33:13.095156+00:00,Houston,0x0de27f3e12f92a170830b85cb5dfa5c043857c5e3eca6222884be90857721465,Will the highest temperature in Houston be 81°F or below on September 3?,True,False,2026-09-03,2026-09-01,146.55,141.0,12087.23776,,1788455122104,,0.999,0.001,,402.86,0.0,0.00825,,"{""Yes"": 0.0005, ""No"": 0.9995}","[""42602473938154345045273200760327623912981119884752518657248921834994954035904"", ""50259504178756528111655474684842808009264071080234501521432702371186694773016""]"
2026-09-03T17:33:13.095175+00:00,Houston,0xe5074da69fc5bd92f6f45bd956c4359d50a947f8f6752cda954d5281485f2965,Will the highest temperature in Houston be between 82-83°F on September 3?,True,False,2026-09-03,2026-09-01,2684.5321369999997,2619.0801369999995,22522.99491,,1788456280000,,0.999,0.001,,3878.42,0.0,0.004506,,"{""Yes"": 0.0005, ""No"": 0.9995}","[""2406433102571781882500272490567073163527772125631435132938135454307822456759"", ""95705226082131857199361074922856479851497112019333189506137533339617765751167""]"
2026-09-03T17:33:13.095203+00:00,Houston,0xe6d77fb6b9ab42e73844c2d7f859f928f02fa8a79de0759858e6e48b28782b3f,Will the highest temperature in Houston be between 84-85°F on September 3?,True,False,2026-09-03,2026-09-01,4000.78142,3438.707245,26723.98478,,1788456277000,,0.999,0.001,,3682.13,0.0,0.008751,,"{""Yes"": 0.0005, ""No"": 0.9995}","[""59282809189285949992843222882597563380126463749717832450530315027808909480934"", ""36994162465266569671708920273264692958187100971546426834686104543170209880776""]"
2026-09-03T17:33:13.095213+00:00,Houston,0xd60d93f369dd897635aa3f5e8a2a5c97115fb2141a224fc60226410564d1f2af,Will the highest temperature in Houston be between 86-87°F on September 3?,True,False,2026-09-03,2026-09-01,8361.454855,6022.813064,23737.81528,,1788456279000,,0.999,0.001,,4163.76,0.0,0.008979,,"{""Yes"": 0.0005, ""No"": 0.9995}","[""61360027226930641263612020058559451100021668197449898219827977112648444678814"", ""21396934256451258619842411721800517680668487375048882413254059768315512413272""]"
2026-09-03T17:33:13.095223+00:00,Houston,0xe0822170245c49e455c4ba553534536beb4b7b0e984e847010d2f8c020a31539,Will the highest temperature in Houston be between 88-89°F on September 3?,True,False,2026-09-03,2026-09-01,4420.949182,4045.437278,259.5117,,1788455234002,0.25,0.73,0.27,0.75,2135.25,650.7,0.437913,0.796298,"{""Yes"": 0.26, ""No"": 0.74}","[""105884909489958397124594408428229590959226290300202035941819314935458888908578"", ""114984560509785250316864954628840919634352568600022664430115364558861466644728""]"
2026-09-03T17:33:13.095233+00:00,Houston,0x757cc48511e7c6b21fdfe1c4496d6d45c7fbbb43b014d068c2952b9fdc9faa1b,Will the highest temperature in Houston be between 90-91°F on September 3?,True,False,2026-09-03,2026-09-01,4824.875437999998,2955.6661320000003,287.4463,,1788456812000,0.39,0.58,0.42,0.61,2956.78,879.67,0.512679,0.663743,"{""Yes"": 0.41, ""No"": 0.59}","[""66697633769993165726025314030778525001678900529922577985367614338354261514995"", ""108845696312884062602528288309111741073590424432877786790435331299552060839411""]"
2026-09-03T17:33:13.095251+00:00,Houston,0x49f7f5349d651e83145ca71a4e7a70f641b48af1b6ec9812a1fe184014a109a9,Will the highest temperature in Houston be between 92-93°F on September 3?,True,False,2026-09-03,2026-09-01,1755.5791719999995,1581.7351070000002,213.1705,,1788455234002,0.16,0.75,0.25,0.84,1724.62,699.87,0.470102,0.895257,"{""Yes"": 0.205, ""No"": 0.795}","[""106689203922452517942186918052230387904870645767452076059354208575952176460379"", ""26480655074354864595242380209062737141207828410079370376513494091201022881373""]"
2026-09-03T17:33:13.095266+00:00,Houston,0x2602e89ed8dd37fe2c0fa38f1a5226dfc6fd5672afdb9650f33b312383274137,Will the highest temperature in Houston be between 94-95°F on September 3?,True,False,2026-09-03,2026-09-01,850.8494529999999,812.6994530000001,256.3121,,1788455234002,0.06,0.88,0.12,0.94,1704.57,492.72,0.362717,0.954559,"{""Yes"": 0.09, ""No"": 0.91}","[""84707389607740001963084808983718852552314830082924737376952098119937468372011"", ""15310706486135836230657635672785644694018685153607567852526108787991389935323""]"
2026-09-03T17:33:13.095282+00:00,Houston,0x428b94a5872f6e09a5e25a0513f7b117d94014c2b9f644cf7567c64799ca9f78,Will the highest temperature in Houston be between 96-97°F on September 3?,True,False,2026-09-03,2026-09-01,1338.6998569999998,1302.599857,459.72254,,1788455341010,0.009,0.986,0.014,0.991,4626.98,427.75,0.211202,0.995846,"{""Yes"": 0.0115, ""No"": 0.9885}","[""64029750098898336319728853717320408794238799874174534206568204688430218857878"", ""31509718227587191465453905717860418602293317308061432640281680288112065567012""]"
2026-09-03T17:33:13.095297+00:00,Houston,0xa64644be082179991fdcd28f6e6d2c407de292c328d27bcefd40a5648a683333,Will the highest temperature in Houston be between 98-99°F on September 3?,True,False,2026-09-03,2026-09-01,730.6521190000001,336.666665,2397.6727,,1788454077650,,0.997,0.003,,3738.12,0.0,0.040995,,"{""Yes"": 0.0015, ""No"": 0.9985}","[""49829950423925616378379567661718268949359497026698404248230097115574569044184"", ""43570464087200952816814100798771507935568347612436553935922495563448578818825""]"
2026-09-03T17:33:13.095311+00:00,Houston,0xccf6ea9905a480c574e4e2aeed68ec22d416f1ff6e4d0a0175fcc6ea3f322c9b,Will the highest temperature in Houston be 100°F or higher on September 3?,True,False,2026-09-03,2026-09-01,497.98706300000003,0.0,3763.51472,,1788455107653,,0.995,0.005,,274.03,0.0,0.025931,,"{""Yes"": 0.0025, ""No"": 0.9975}","[""5822556059409518435880196956208124615047630682467792619226016177050030237599"", ""106283688770047143116768605993119509032927820258325338841719961161159586195944""]"
2026-09-03T17:33:13.095324+00:00,Houston,0x8d88662a7e50f05b805130bc3e1a44e15010506fd354affb75bc011a38987a9d,Will the highest temperature in Houston be 81°F or below on September 4?,True,False,2026-09-04,2026-09-02,246.926,246.92600000000002,2382.95685,,1788455075344,0.001,0.99,0.01,0.999,3494.1,1039.96,0.085288,0.999,"{""Yes"": 0.0055, ""No"": 0.9945}","[""82033641086698233472000010598346766886013798475847238190525751373547261270061"", ""34481828523023565833703523997177716037108439806234114312596059180956109195066""]"
2026-09-03T17:33:13.095338+00:00,Houston,0x1262400549f6cacf72e449f88279f4293548ae387f183cd9fe860b103bb92a07,Will the highest temperature in Houston be between 82-83°F on September 4?,True,False,2026-09-04,2026-09-02,248.686932,154.686932,2565.40469,,1788456759001,0.003,0.991,0.009,0.997,7426.28,719.73,0.084144,0.997289,"{""Yes"": 0.006, ""No"": 0.994}","[""25598132939999530103645224103557113017135873894303619929269973896028301762404"", ""55646191332844120295720807187587673149434775595915361728346124607731126494716""]"
2026-09-03T17:33:13.095353+00:00,Houston,0xef76b258734e90cd8fb888abf7f33ec217f7d0cdcaeadd2c70db09986a51ec7c,Will the highest temperature in Houston be between 84-85°F on September 4?,True,False,2026-09-04,2026-09-02,449.584683,449.584683,2900.1939,,1788456502001,0.02,0.96,0.04,0.98,14315.21,290.29,0.132053,0.989777,"{""Yes"": 0.03, ""No"": 0.97}","[""82152729196808193023433610871767504299290243250294933316346250834417690127901"", ""69990699967204001761856356130920287227046733294783096944590445654816456482972""]"
2026-09-03T17:33:13.095368+00:00,Houston,0xc4e01c2f3fa6a962c06c4cb77446e0ed75a54f96cc439b6d30c470303d8c974c,Will the highest temperature in Houston be between 86-87°F on September 4?,True,False,2026-09-04,2026-09-02,1552.5405070000002,1549.340507,3405.5942,,1788456031000,0.13,0.83,0.17,0.87,14772.71,6616.55,0.202972,0.87,"{""Yes"": 0.15, ""No"": 0.85}","[""72995785510856862165885643006209731077000456909762338170267587871984032235409"", ""87778022235497396680256920980554821444952656701840285180861270090991319832265""]"
2026-09-03T17:33:13.095383+00:00,Houston,0x7b6574aa9ff2de769f8d8ecb9333b8265bbae461a750eec403eb16fde0ef3be9,Will the highest temperature in Houston be between 88-89°F on September 4?,True,False,2026-09-04,2026-09-02,1725.186325,1687.7689900000005,4320.4547,,1788456035000,0.25,0.72,0.28,0.75,15735.22,4203.93,0.28,0.75,"{""Yes"": 0.265, ""No"": 0.735}","[""102825397032467685882999817415233330667708523268564889796747560332910953260059"", ""113461856186242787679718113209816793075127068868516562821880015665696618696040""]"
2026-09-03T17:33:13.095397+00:00,Houston,0x5a1f2940f76c5b4e8c8e781bb41cb51b39ed76faa93cf8344ef85c5bac8acf45,Will the highest temperature in Houston be between 90-91°F on September 4?,True,False,2026-09-04,2026-09-02,2791.8890760000004,2434.8303510000005,3638.8037,,1788456063000,0.26,0.69,0.31,0.74,15501.38,7405.16,0.311983,0.74,"{""Yes"": 0.285, ""No"": 0.715}","[""82889369727420858127383057259790305558107257697025164569082391771852594108518"", ""40395817129510374282748183791207387715870256099080042148665342894328177086898""]"
2026-09-03T17:33:13.095410+00:00,Houston,0xe80458e201bed9509afdef9d3091eacd85742fc9ffd870a9eb90766c88013ed8,Will the highest temperature in Houston be between 92-93°F on September 4?,True,False,2026-09-04,2026-09-02,2854.567176,2789.967176,4393.5103,,1788456819001,0.25,0.72,0.28,0.75,15288.74,10828.77,0.283844,0.752101,"{""Yes"": 0.265, ""No"": 0.735}","[""36687716125269690941893290842165914007560785444326847751115679006533112033421"", ""61290579292255368654449604987572865205834806244526552842539019806581930001398""]"
2026-09-03T17:33:13.095424+00:00,Houston,0x7838e5aaf930bd290ec0346852fe958cd140540e7a0f741f935929ee7dda9a9f,Will the highest temperature in Houston be between 94-95°F on September 4?,True,False,2026-09-04,2026-09-02,336.486766,336.486766,2937.7375,,1788456250002,0.03,0.95,0.05,0.97,14050.92,590.92,0.139117,0.97,"{""Yes"": 0.04, ""No"": 0.96}","[""105588233130407198577233826632319668591631859485562327486277764286074475624362"", ""27433700316201994814544952034590036498224458666597904089393252268938260913996""]"
2026-09-03T17:33:13.095438+00:00,Houston,0x70333ff5e8c4981a01bddf46629fef2c22149908aab2e71152cef5551ac5f7ee,Will the highest temperature in Houston be between 96-97°F on September 4?,True,False,2026-09-04,2026-09-02,121.87559999999999,121.87559999999999,3148.63378,,1788456250002,0.003,0.982,0.018,0.997,18742.16,1731.52,0.105403,0.997,"{""Yes"": 0.0105, ""No"": 0.9895}","[""55125330468967597125303680436250124770187185761378870534994953353951591050811"", ""64648887744145614847083416469294606700038688600363446822849354388413389480085""]"
2026-09-03T17:33:13.095453+00:00,Houston,0xd36e8c4a4e7c945575c8b6281a4a6274298125eb8fb8e3e6975c79e1b8a8f8ea,Will the highest temperature in Houston be between 98-99°F on September 4?,True,False,2026-09-04,2026-09-02,219.08870000000002,219.08870000000007,2832.12369,,1788456250000,0.001,0.99,0.01,0.999,18541.66,210.79,0.103881,0.999,"{""Yes"": 0.0055, ""No"": 0.9945}","[""78209509759087578159235497034710547601717581233943178408479568030229093269703"", ""97939685870201949234336061774652713504466126026085526147011342427912576957348""]"
2026-09-03T17:33:13.095468+00:00,Houston,0xd8882bb821b13e130fc0f9f397532aaaf025c1b6bff4552068a54c478a83484a,Will the highest temperature in Houston be 100°F or higher on September 4?,True,False,2026-09-04,2026-09-02,417.90293199999996,417.902932,2030.77075,,1788455070289,0.001,0.998,0.002,0.999,3646.02,60.17,0.089891,,"{""Yes"": 0.0015, ""No"": 0.9985}","[""93688890235748624668486669364071473914084684444849436663751440090108720594963"", ""114100717501291122469422328498783927102363310092920528786698263061638249269297""]"
2026-09-03T17:33:13.095484+00:00,Houston,0x9f44a83245c2d86931009134430d9992d675fce720b2eafa1fd1be354af07ce4,Will the lowest temperature in Houston be 69°F or below on September 4?,True,False,2026-09-04,2026-09-02,0.0,0.0,255.275,,1788455120490,,0.52,0.48,,760.75,0.0,0.485149,,"{""Yes"": 0.24, ""No"": 0.76}","[""53234299209301945733459756843579552357429977752554126702052899457605000297884"", ""90091638938089666625879388670280205960348142437528548194126613063261833043480""]"
2026-09-03T17:33:13.095496+00:00,Houston,0x7a07ac1913ccc7bd2a281910b2bdaaa207388738f5446ebeafb98bacd4032cbf,Will the lowest temperature in Houston be between 70-71°F on September 4?,True,False,2026-09-04,2026-09-02,0.0,0.0,200.6877,,1788456602001,,0.57,0.43,,968.59,0.0,0.500071,,"{""Yes"": 0.215, ""No"": 0.785}","[""98247183267371701465384408195267730516783659709971449485402971456186348003441"", ""50247337949040671111088225199684821032280874566239840028956100729840945696156""]"
2026-09-03T17:33:13.095508+00:00,Houston,0xa1fe4c4562beaf912b919acc104f43214ee26ac85a82aee0e003be01e14600ba,Will the lowest temperature in Houston be between 72-73°F on September 4?,True,False,2026-09-04,2026-09-02,0.0,0.0,192.4977,,1788456602003,,0.57,0.43,,927.78,0.0,0.500071,,"{""Yes"": 0.215, ""No"": 0.785}","[""20790945535824766975050441475606720120991674462944851194275885971478181914473"", ""4332834768977325708665417528454337775423148607390968763653122776163452035175""]"
2026-09-03T17:33:13.095522+00:00,Houston,0x3b9c235b2300554cfe9306a7ac2662c7450ad6a48b6d14912db89cb0390e30da,Will the lowest temperature in Houston be between 74-75°F on September 4?,True,False,2026-09-04,2026-09-02,0.0,0.0,216.7956,,1788456409000,,0.62,0.38,,976.8,0.0,0.49215,,"{""Yes"": 0.185, ""No"": 0.815}","[""40183537816780413874451232014926851491069259121920960753312091721195914069182"", ""5086395188689883731573748943632636291727352457499081986100696347537713405583""]"
2026-09-03T17:33:13.095535+00:00,Houston,0x837998d6660c755784ffcc2e62a83011e085baa74ee3b366ffbc6e8b29e76146,Will the lowest temperature in Houston be between 76-77°F on September 4?,True,False,2026-09-04,2026-09-02,0.0,0.0,198.3205,,1788456491000,0.03,0.54,0.46,0.97,944.24,825.91,0.508503,0.976777,"{""Yes"": 0.245, ""No"": 0.755}","[""114451631000173546774515980297662740486960752678616799850022603240251841576313"", ""25515181516436573734693470002976111843963177784034069174348578759046280899214""]"
2026-09-03T17:33:13.095548+00:00,Houston,0x02e8788b8bbe8052cbc1d4d61f0411fe4371a6ff25e43e6b52be7d3a4d54b2d7,Will the lowest temperature in Houston be between 78-79°F on September 4?,True,False,2026-09-04,2026-09-02,15.55,15.55,210.8604,,1788456602000,0.17,0.49,0.51,0.83,872.16,477.44,0.59076,0.876804,"{""Yes"": 0.34, ""No"": 0.66}","[""9172643869197954529156358315315900784444827856991573305718102449946080807417"", ""71428566659671618056700691147923975342675518569076445248251388680987290418835""]"
2026-09-03T17:33:13.095561+00:00,Houston,0xd1ba9ef0763c1affe858bc4bcbc5eae866df19c603322f29e73b24fff6fc2df0,Will the lowest temperature in Houston be between 80-81°F on September 4?,True,False,2026-09-04,2026-09-02,1.666665,1.666665,151.4982,,1788456377000,0.21,0.5,0.5,0.79,707.17,220.76,0.653841,0.814799,"{""Yes"": 0.445, ""No"": 0.555}","[""84242218286496430209144572846037304334598437009667641634626257831909428988212"", ""99965541558879195762433592065388127858898859795907632723982160064775864232022""]"
2026-09-03T17:33:13.095587+00:00,Houston,0x495a1b23623c8af910d96eec91cc715120f0ee36ac2bd9711641b2162ddaeb23,Will the lowest temperature in Houston be between 82-83°F on September 4?,True,False,2026-09-04,2026-09-02,0.0,0.0,195.0135,,1788456491000,,0.57,0.43,,928.63,0.0,0.4939,,"{""Yes"": 0.215, ""No"": 0.785}","[""70977956578597606596495086615531612734245059331450750288746223331429626455955"", ""112136910320804167735687333890200023988037611051882338622915680235193492752012""]"
2026-09-03T17:33:13.095595+00:00,Houston,0xb25272a668ef09496f7e332488951be43f45fd6aea6ce358bbaaae8209cbdd2d,Will the lowest temperature in Houston be between 84-85°F on September 4?,True,False,2026-09-04,2026-09-02,0.0,0.0,193.1855,,1788455421000,,0.94,0.06,,925.13,0.0,0.456637,,"{""Yes"": 0.03, ""No"": 0.97}","[""14043272702145474931336073700073276858682725637366986777966750318620735606204"", ""55585215218462248000777925477697620112545751574097868621790092432082399640549""]"
2026-09-03T17:33:13.095604+00:00,Houston,0xc1f5d4b9f419313886b89370564c7cf9bb58cd138ed1c6280af8c98f690219f6,Will the lowest temperature in Houston be between 86-87°F on September 4?,True,False,2026-09-04,2026-09-02,0.0,0.0,208.3177,,1788456602001,,0.57,0.43,,1199.96,0.0,0.500071,,"{""Yes"": 0.215, ""No"": 0.785}","[""3626179918774850090758027633532101777453426011999558331210182417129610317490"", ""27637538050289038920867676143478427635695245524255363557145631212230297668544""]"
2026-09-03T17:33:13.095612+00:00,Houston,0x33bc8e92d745a7a0031286a9b48be78041da1afafe5ad729002acdfc8d23e034,Will the lowest temperature in Houston be 88°F or higher on September 4?,True,False,2026-09-04,2026-09-02,0.0,0.0,121.4,,1788455120483,,0.53,0.47,,888.6,0.0,0.633383,,"{""Yes"": 0.235, ""No"": 0.765}","[""112148033159127197212683758884754653312051598277849972270542497022081446535526"", ""33669495506747899465500172968797243833132853881386061587128903297086855453436""]"
2026-09-03T17:33:13.095622+00:00,Houston,0x9a3b0103aacca10ad9361a97346a0ba335d298ba465ad10f9330fbfab410db47,Will the highest temperature in Houston be 81°F or below on September 5?,True,False,2026-09-05,2026-09-03,50.1,50.1,1698.0385,,1788454922766,0.002,0.99,0.01,0.998,747.89,1023.92,0.09913,0.998,"{""Yes"": 0.006, ""No"": 0.994}","[""30898165697245304039548035551008045127804746572977332324818698713612883974529"", ""108889714031986961267058541799516619722090549638984753184358678206308013902599""]"
2026-09-03T17:33:13.095631+00:00,Houston,0x496d37f96a396a9c08de35fb1c64c046792139b055f1f53242c81a177337ffb1,Will the highest temperature in Houston be between 82-83°F on September 5?,True,False,2026-09-05,2026-09-03,205.8585,205.8585,2410.7277,,1788456252000,0.01,0.98,0.02,0.99,13641.18,113.85,0.12695,0.99,"{""Yes"": 0.015, ""No"": 0.985}","[""35437654046417630418837071221041731178738497067568592121527001084769173549443"", ""115275095547726428383924007625395854158604788910559729021056666891238104440649""]"
2026-09-03T17:33:13.095640+00:00,Houston,0x77ac89cfdff1a9de6e447d97c04f8cfdef96b6ef83d3d2aea0ca4c48f907e4d5,Will the highest temperature in Houston be between 84-85°F on September 5?,True,False,2026-09-05,2026-09-03,0.0,0.0,1655.8833,,1788456502000,,0.95,0.05,,13125.66,0.0,0.202432,,"{""Yes"": 0.025, ""No"": 0.975}","[""39501920417414569550896565127389904285720025328117378067037747047671114945265"", ""89894572357746426834340547871795116331830888865140086479081767087489311584368""]"
2026-09-03T17:33:13.095648+00:00,Houston,0x56200a65ea94c9c5a4260c3a1b4a6b1ad35987c06a487237d378c2ed1f079419,Will the highest temperature in Houston be between 86-87°F on September 5?,True,False,2026-09-05,2026-09-03,0.0,0.0,1480.4903,,1788456562000,,0.91,0.09,,13237.39,0.0,0.288201,,"{""Yes"": 0.045, ""No"": 0.955}","[""73592424751683682951106469126510908944323495129484375269434669134950473486023"", ""33473333185908012389656893383581733035459586270043407451593780793427192128231""]"
2026-09-03T17:33:13.095657+00:00,Houston,0xa8f589fbd2e21fb73a3757015ad0d27097d7d67d6bb125e62546531a5091abf7,Will the highest temperature in Houston be between 88-89°F on September 5?,True,False,2026-09-05,2026-09-03,562.918921,562.9189209999998,2356.5095,,1788455579000,0.21,0.74,0.26,0.79,14296.75,4313.69,0.280283,0.798085,"{""Yes"": 0.235, ""No"": 0.765}","[""60438511816062367774982736070198760749032945155963365805232498464905642507969"", ""52384409257458319742632352423538877843920212879149549831561266580209077125402""]"
2026-09-03T17:33:13.095666+00:00,Houston,0xeee9c6414555338cbe9bfe4dc53e57c7a7038810066dceb41550d677128f0b4d,Will the highest temperature in Houston be between 90-91°F on September 5?,True,False,2026-09-05,2026-09-03,38.617905,38.617905,4390.9047,,1788456252001,0.4,0.58,0.42,0.6,15919.29,4001.18,0.42975,0.6,"{""Yes"": 0.41, ""No"": 0.59}","[""66778551584314630307363416684532850417099642375494004231415045964190428735693"", ""5661303443766734359735829825855809838427931627194057267510314975279173949855""]"
2026-09-03T17:33:13.095675+00:00,Houston,0x9cb69d90f0ac39796152b5bcc599d1c0c5cb96fd4ef6654ad3b8fa43cebfc5a4,Will the highest temperature in Houston be between 92-93°F on September 5?,True,False,2026-09-05,2026-09-03,33.44965,33.44965,2554.5022,,1788456502002,0.11,0.84,0.16,0.89,14089.35,4141.19,0.168484,0.893674,"{""Yes"": 0.135, ""No"": 0.865}","[""9544081213142881750903485143036584383178242674281248855724964156528164377142"", ""1908809085756704743869214358797110155355821100888111097250525567731245774635""]"
2026-09-03T17:33:13.095684+00:00,Houston,0x04a7d0995105ddbcd28f82a306d71d82f8e71be361709883ecc6542ab265e091,Will the highest temperature in Houston be between 94-95°F on September 5?,True,False,2026-09-05,2026-09-03,0.0,0.0,1569.4661,,1788456680001,0.03,0.93,0.07,0.97,13208.25,389.04,0.295032,0.97,"{""Yes"": 0.05, ""No"": 0.95}","[""68117311130577163816352799935409703767613064453599163241648487005049844163955"", ""29151047686214883103644440625161634783913695548915649519954157476613970880829""]"
2026-09-03T17:33:13.095691+00:00,Houston,0x774a037bde344875060f53692d6076f5e8a998b43248adefb83736af098ac043,Will the highest temperature in Houston be between 96-97°F on September 5?,True,False,2026-09-05,2026-09-03,0.0,0.0,1587.9523,,1788456252002,,0.96,0.04,,13211.85,0.0,0.214275,,"{""Yes"": 0.02, ""No"": 0.98}","[""28511164809742976483871441078077571442131272037879483773497023568405885940672"", ""18075698202114108660456404831011914789454667443433936653735627159786911832689""]"
2026-09-03T17:33:13.095700+00:00,Houston,0x4be43b5678457a6a3af77e4f323be797c24f99e992f3fd3da2e6e70b75759460,Will the highest temperature in Houston be between 98-99°F on September 5?,True,False,2026-09-05,2026-09-03,0.0,0.0,1664.8525,,1788456252000,,0.96,0.04,,13243.95,0.0,0.197003,,"{""Yes"": 0.02, ""No"": 0.98}","[""86131387513243772407452671101330510241838893309789148311724080362810658482962"", ""83724948975303791363971596607667687316540730438957984581262510054233454207636""]"
2026-09-03T17:33:13.095708+00:00,Houston,0xd9d0ddfd332304f2e3fbd1490a73dc9f8b654974dff1a33bcab7ac408acb75ba,Will the highest temperature in Houston be 100°F or higher on September 5?,True,False,2026-09-05,2026-09-03,0.0,0.0,794.94,,1788455014472,,0.96,0.04,,1093.06,0.0,0.168754,,"{""Yes"": 0.02, ""No"": 0.98}","[""105546495919230534114888957197966168638820849877593107713063723910672251358938"", ""51866386479323481968237062547600730795411928804997941850483583641190201698362""]"
2026-09-03T17:33:13.095715+00:00,Houston,0xf465bcaa18f5864c00a4ef2cc6e0fb79d4d36ea382b87a57a43a402878710f4d,Will the lowest temperature in Houston be 69°F or below on September 5?,True,False,2026-09-05,2026-09-03,0.0,0.0,135.47,,1788455122109,,0.36,0.64,,676.53,0.0,0.64,,"{""Yes"": 0.32, ""No"": 0.68}","[""63589571416105710113071667975900454036180865017051152011606488570119667952394"", ""33080812423157259223598655009413452312990319718065778206177083314828634872868""]"
2026-09-03T17:33:13.095723+00:00,Houston,0x72e6e021e675f778af72c6f672d973ad1b35aa075af5379d1d96a65a8ed342de,Will the lowest temperature in Houston be between 70-71°F on September 5?,True,False,2026-09-05,2026-09-03,0.0,0.0,1063.9789,,1788456721002,,0.78,0.22,,12681.49,0.0,0.37797,,"{""Yes"": 0.11, ""No"": 0.89}","[""20830699535809699155050868245051207652319682181404546232213703177055045112848"", ""17309724605490696334975805781494829565099740858910887276236396859115892992880""]"
2026-09-03T17:33:13.095731+00:00,Houston,0x22171bf325cbf4f4e1942b7c1e523f960d29fefa6bb983961486fb961bc16985,Will the lowest temperature in Houston be between 72-73°F on September 5?,True,False,2026-09-05,2026-09-03,0.0,0.0,913.4261,,1788456839002,,0.5,0.5,,12512.68,0.0,0.583422,,"{""Yes"": 0.25, ""No"": 0.75}","[""29681942688450264213517374767570927414449246336162141631738150089786029343727"", ""10084447787742394428768315998991807687092835125574576756548224729751737057324""]"
2026-09-03T17:33:13.095739+00:00,Houston,0x6eb3b2fd74d481e1db14cc2cc7ae3ef1f1c104dc1754c00806d588aafa938ea2,Will the lowest temperature in Houston be between 74-75°F on September 5?,True,False,2026-09-05,2026-09-03,0.0,0.0,1116.6161,,1788455136001,0.04,0.51,0.49,0.96,13102.05,408.14,0.588068,0.974543,"{""Yes"": 0.265, ""No"": 0.735}","[""63520646688139243879410689750695588314596715535268260795294975182364152919297"", ""114867140344337872384009780759866213963540917344855293381116592740749922091610""]"
2026-09-03T17:33:13.095746+00:00,Houston,0xe7313995b40b3a29aa4a4f5e9c9eb96118fd11a70d8fa706ae13215748279880,Will the lowest temperature in Houston be between 76-77°F on September 5?,True,False,2026-09-05,2026-09-03,0.0,0.0,851.5559,,1788455689000,0.08,0.5,0.5,0.92,12552.39,3057.19,0.617335,0.933188,"{""Yes"": 0.29, ""No"": 0.71}","[""73888022838899357204927355696762317417230868365488103785735134341598198208821"", ""93186229553282779147964931919970932030170036987772364346154716159058298918575""]"
2026-09-03T17:33:13.095754+00:00,Houston,0x28a06bf493fadab98e9b775bead4ab802ec86c431dc2d98dc4ace022fe51b683,Will the lowest temperature in Houston be between 78-79°F on September 5?,True,False,2026-09-05,2026-09-03,0.0,0.0,826.8798,,1788456870001,0.3,0.5,0.5,0.7,12095.33,1361.41,0.654356,0.83578,"{""Yes"": 0.4, ""No"": 0.6}","[""9067494698486521154933000222350500972546639142532784482851328421905088749961"", ""72550747725264938495312572085550175605676241688098571328487078106246123629769""]"
2026-09-03T17:33:13.095761+00:00,Houston,0x0afe5cb40ba0d3375890574e15626df72af22bb17ffbcf688ffca9cea898bdce,Will the lowest temperature in Houston be between 80-81°F on September 5?,True,False,2026-09-05,2026-09-03,0.0,0.0,957.7861,,1788456717001,0.05,0.51,0.49,0.95,12478.93,409.42,0.592865,0.965558,"{""Yes"": 0.27, ""No"": 0.73}","[""81160493052673444764886359781986406283918717289609610941709907510651428362556"", ""72259040574853556313983553638504031229217647873287059579824035766254643542073""]"
2026-09-03T17:33:13.095770+00:00,Houston,0xa7b452224d99ab273aaa4f2fc5ffca7d4bf93cc9370139463742b3f2e7c896a0,Will the lowest temperature in Houston be between 82-83°F on September 5?,True,False,2026-09-05,2026-09-03,0.0,0.0,996.9161,,1788455121886,,0.5,0.5,,12793.89,0.0,0.583422,,"{""Yes"": 0.25, ""No"": 0.75}","[""11995462866523166301641415885618429486465299543239892542426932240212955166741"", ""15684455512249411786159415832067683711138262485346388831350622619338968276031""]"
2026-09-03T17:33:13.095777+00:00,Houston,0x95ebe6e098aa8f476ea10c0540a3538150124949c891b03c11837ad893ae6870,Will the lowest temperature in Houston be between 84-85°F on September 5?,True,False,2026-09-05,2026-09-03,0.0,0.0,1048.6561,,1788455384001,,0.52,0.48,,12900.15,0.0,0.574343,,"{""Yes"": 0.24, ""No"": 0.76}","[""112787937477271766127488529301896887395972206866430747959349037944666307165362"", ""5799201160469455295169045641399513556634556783969035252725947266361278618245""]"
2026-09-03T17:33:13.095785+00:00,Houston,0x470a77e8c2ea56ac7d14a32ea0a86cc075a217b463bd63f523447ad807b83110,Will the lowest temperature in Houston be between 86-87°F on September 5?,True,False,2026-09-05,2026-09-03,0.0,0.0,1026.4361,,1788456528001,,0.82,0.18,,12694.09,0.0,0.369198,,"{""Yes"": 0.09, ""No"": 0.91}","[""29011565070448618684653294977542417106206934368924829490450633817028994752902"", ""10534725268099152034895060526042559450552545387136352561494776821863001658059""]"
2026-09-03T17:33:13.095793+00:00,Houston,0x37bdac52879518c302c4e840625c1ee158416fb83d1224745d6d6e6db9c19475,Will the lowest temperature in Houston be 88°F or higher on September 5?,True,False,2026-09-05,2026-09-03,0.0,0.0,163.89,,1788455122196,,0.53,0.47,,741.11,0.0,0.565366,,"{""Yes"": 0.235, ""No"": 0.765}","[""114695141712304307996892119170322323009271759360331363031627316675460213701196"", ""84926884756564340793453986319778419085850962833937974655429299205360768714937""]"
2026-09-03T18:42:40.629190+00:00,Houston,0xf259e94c4b87e258d2a5bd749aa7b163eabc363c0d82a5f69a82edf69c726637,Will the lowest temperature in Houston be 71°F or below on September 3?,True,False,2026-09-03,2026-09-01,82.0,62.0,34.7529,,1788455105408,,0.58,0.42,,52.22,0.0,,,"{""Yes"": 0.21, ""No"": 0.79}","[""33303503277519513665087168341730614613764645526545810516112642457486625077590"", ""36863530837707900933755821983278128490181503556333920683075827937012502132564""]"
2026-09-03T18:42:40.629227+00:00,Houston,0x264ced03d1ba10b9ce1b7e845e13f6897829ff51a5db20f6e1b30b64a108fcc7,Will the lowest temperature in Houston be between 72-73°F on September 3?,True,False,2026-09-03,2026-09-01,163.98405000000002,143.78,36.679,,1788459637000,,0.86,0.14,,371.2,0.0,0.765746,,"{""Yes"": 0.07, ""No"": 0.93}","[""39514036801617929357595899924160342429197626038776632384015264349709491542921"", ""29993585052000106590018939265937665137032874275718613682501873116529601853462""]"
2026-09-03T18:42:40.629240+00:00,Houston,0x3ad74e01e3cd0b06c69a7df1d39622eaf1590b52abb6d03e634063be162ee6c5,Will the lowest temperature in Houston be between 74-75°F on September 3?,True,False,2026-09-03,2026-09-01,86.0,76.0,69.969,,1788459637000,0.01,0.9,0.1,0.99,362.23,31.68,0.603709,,"{""Yes"": 0.055, ""No"": 0.945}","[""958379339340009587630696672146261390285888940752627842949804345556443111479"", ""62158461534381523773302885365659634553817392151568902454950195113451706137885""]"
2026-09-03T18:42:40.629253+00:00,Houston,0x074bb806a779b99563953618933a12dac3204625d39e6af27cee5f97ecb74c55,Will the lowest temperature in Houston be between 76-77°F on September 3?,True,False,2026-09-03,2026-09-01,10.0,0.0,19.6138,,1788459637000,0.03,0.17,0.83,0.97,377.66,63.64,0.89482,,"{""Yes"": 0.43, ""No"": 0.57}","[""72323079446899930293981172540076634952703657494326902248618747874850127446887"", ""67439872618872888262363396086344843984505622918148184703301353658764872488427""]"
2026-09-03T18:42:40.629268+00:00,Houston,0xaa69b874f5f52b57da5e90523129664b19465ad3bb5b9cccaf893cd727f8d0fe,Will the lowest temperature in Houston be between 78-79°F on September 3?,True,False,2026-09-03,2026-09-01,16.0,0.0,18.9538,,1788459637000,0.04,0.17,0.83,0.96,412.34,51.62,0.908053,,"{""Yes"": 0.435, ""No"": 0.565}","[""77209856047778947341013510575960556567703611416412977578933759397907354681845"", ""73202172130755293751703467796971427745816248297733046738246088057908388015917""]"
2026-09-03T18:42:40.629286+00:00,Houston,0xfecb170064331b6621648c70bab01017ceb47371ae3fe7a010c66ec742d7f41f,Will the lowest temperature in Houston be between 80-81°F on September 3?,True,False,2026-09-03,2026-09-01,50.264248,22.264248,21.5505,,1788459637000,0.85,0.09,0.91,0.15,318.91,51.41,0.935517,,"{""Yes"": 0.88, ""No"": 0.12}","[""58365733163733614848344077041141560400282203705004707974920408345452925096386"", ""81365263536921396215469406250141618795917515324424244758904031157020316015753""]"
2026-09-03T18:42:40.629301+00:00,Houston,0xf76fc8b4a828286c65c28dbfb41bdcdc359096f93c12be58cf48dd32b35f3d31,Will the lowest temperature in Houston be between 82-83°F on September 3?,True,False,2026-09-03,2026-09-01,178.0,168.0,3289.4671,,1788459637000,,0.999,0.001,,392.08,0.0,0.029558,,"{""Yes"": 0.0005, ""No"": 0.9995}","[""72566018595613366602998869312594693148435553523049805814312910055173879400738"", ""108635323929201105508389755643792329623235536340826311055022724025871320158798""]"
2026-09-03T18:42:40.629317+00:00,Houston,0x78b0290f62ab2e730e4e09709e98269fb42859bff918b86dcd82887e55ed7be5,Will the lowest temperature in Houston be between 84-85°F on September 3?,True,False,2026-09-03,2026-09-01,234.8347,234.83470000000003,5666.98903,,1788459637000,,0.999,0.001,,388.13,0.0,0.017358,,"{""Yes"": 0.0005, ""No"": 0.9995}","[""94193160904061547727357014104517121959227234022530930963456504816642826061893"", ""47714605551577459903569633206405803564436365751195838156380349175694098015546""]"
2026-09-03T18:42:40.629332+00:00,Houston,0x977769c012547881c600893ef18cfd41212d6fd1d44f49802322353cd07e1065,Will the lowest temperature in Houston be between 86-87°F on September 3?,True,False,2026-09-03,2026-09-01,90.0,0.0,3581.42729,,1788459637000,,0.999,0.001,,375.62,0.0,0.027202,,"{""Yes"": 0.0005, ""No"": 0.9995}","[""173771782230455051335623980056352532275105612001675157010938996263480862948"", ""46254542917626295215807265030016492651966578311606101717797362027210044076588""]"
2026-09-03T18:42:40.629351+00:00,Houston,0x56189c658c723b08a38318199a04d072c976ef16ca9a2e57657a0c38285e0c93,Will the lowest temperature in Houston be between 88-89°F on September 3?,True,False,2026-09-03,2026-09-01,52.0,52.0,3346.7452,,1788459637000,,0.999,0.001,,421.32,0.0,0.029087,,"{""Yes"": 0.0005, ""No"": 0.9995}","[""62560444579405703169981751480279930912806045170170786027725289400880269789600"", ""112038730847756033529308662761784776201799202219009992911963245381535967077216""]"
2026-09-03T18:42:40.629366+00:00,Houston,0x59237ec74b84e8253887c520ff5937c27de88ec8093c1bc99b5cf40d38f0c582,Will the lowest temperature in Houston be 90°F or higher on September 3?,True,False,2026-09-03,2026-09-01,101.9973,101.9973,3917.5562,,1788454741017,,0.999,0.001,,480.63,0.0,0.025183,,"{""Yes"": 0.0005, ""No"": 0.9995}","[""6536933108199361525476891808293165691063790938003400174325887671139230682"", ""20657684390025474586204258165866961684196031859877745116102114059704753949661""]"
2026-09-03T18:42:40.629377+00:00,Houston,0x0de27f3e12f92a170830b85cb5dfa5c043857c5e3eca6222884be90857721465,Will the highest temperature in Houston be 81°F or below on September 3?,True,False,2026-09-03,2026-09-01,146.55,141.0,12087.23776,,1788455122104,,0.999,0.001,,402.86,0.0,0.00825,,"{""Yes"": 0.0005, ""No"": 0.9995}","[""42602473938154345045273200760327623912981119884752518657248921834994954035904"", ""50259504178756528111655474684842808009264071080234501521432702371186694773016""]"
2026-09-03T18:42:40.629389+00:00,Houston,0xe5074da69fc5bd92f6f45bd956c4359d50a947f8f6752cda954d5281485f2965,Will the highest temperature in Houston be between 82-83°F on September 3?,True,False,2026-09-03,2026-09-01,2684.5321369999997,2619.0801369999995,22221.29491,,1788458341912,,0.999,0.001,,2880.42,0.0,0.004506,,"{""Yes"": 0.0005, ""No"": 0.9995}","[""2406433102571781882500272490567073163527772125631435132938135454307822456759"", ""95705226082131857199361074922856479851497112019333189506137533339617765751167""]"
2026-09-03T18:42:40.629400+00:00,Houston,0xe6d77fb6b9ab42e73844c2d7f859f928f02fa8a79de0759858e6e48b28782b3f,Will the highest temperature in Houston be between 84-85°F on September 3?,True,False,2026-09-03,2026-09-01,4000.7814200000003,3438.707245,26694.18478,,1788458341927,,0.999,0.001,,2692.13,0.0,0.008751,,"{""Yes"": 0.0005, ""No"": 0.9995}","[""59282809189285949992843222882597563380126463749717832450530315027808909480934"", ""36994162465266569671708920273264692958187100971546426834686104543170209880776""]"
2026-09-03T18:42:40.629410+00:00,Houston,0xd60d93f369dd897635aa3f5e8a2a5c97115fb2141a224fc60226410564d1f2af,Will the highest temperature in Houston be between 86-87°F on September 3?,True,False,2026-09-03,2026-09-01,8361.454855,6017.813064,23529.81528,,1788458341907,,0.999,0.001,,3173.76,0.0,0.008979,,"{""Yes"": 0.0005, ""No"": 0.9995}","[""61360027226930641263612020058559451100021668197449898219827977112648444678814"", ""21396934256451258619842411721800517680668487375048882413254059768315512413272""]"
2026-09-03T18:42:40.629420+00:00,Houston,0xe0822170245c49e455c4ba553534536beb4b7b0e984e847010d2f8c020a31539,Will the highest temperature in Houston be between 88-89°F on September 3?,True,False,2026-09-03,2026-09-01,4420.949182,4045.437278,249.5117,,1788458341908,0.25,0.73,0.27,0.75,1145.25,650.7,0.437913,0.796298,"{""Yes"": 0.26, ""No"": 0.74}","[""105884909489958397124594408428229590959226290300202035941819314935458888908578"", ""114984560509785250316864954628840919634352568600022664430115364558861466644728""]"
2026-09-03T18:42:40.629430+00:00,Houston,0x757cc48511e7c6b21fdfe1c4496d6d45c7fbbb43b014d068c2952b9fdc9faa1b,Will the highest temperature in Houston be between 90-91°F on September 3?,True,False,2026-09-03,2026-09-01,4824.875438,2953.886132,256.5863,,1788458341969,0.39,0.58,0.42,0.61,1958.18,879.67,0.534087,0.663743,"{""Yes"": 0.405, ""No"": 0.595}","[""66697633769993165726025314030778525001678900529922577985367614338354261514995"", ""108845696312884062602528288309111741073590424432877786790435331299552060839411""]"
2026-09-03T18:42:40.629440+00:00,Houston,0x49f7f5349d651e83145ca71a4e7a70f641b48af1b6ec9812a1fe184014a109a9,Will the highest temperature in Houston be between 92-93°F on September 3?,True,False,2026-09-03,2026-09-01,1755.579172,1581.7351070000002,203.1705,,1788458341890,0.16,0.75,0.25,0.84,734.62,699.87,0.470102,0.895257,"{""Yes"": 0.205, ""No"": 0.795}","[""106689203922452517942186918052230387904870645767452076059354208575952176460379"", ""26480655074354864595242380209062737141207828410079370376513494091201022881373""]"
2026-09-03T18:42:40.629451+00:00,Houston,0x2602e89ed8dd37fe2c0fa38f1a5226dfc6fd5672afdb9650f33b312383274137,Will the highest temperature in Houston be between 94-95°F on September 3?,True,False,2026-09-03,2026-09-01,850.8494529999999,812.6994530000001,246.3121,,1788458341905,0.06,0.88,0.12,0.94,714.57,492.72,0.362717,0.954559,"{""Yes"": 0.09, ""No"": 0.91}","[""84707389607740001963084808983718852552314830082924737376952098119937468372011"", ""15310706486135836230657635672785644694018685153607567852526108787991389935323""]"
2026-09-03T18:42:40.629461+00:00,Houston,0x428b94a5872f6e09a5e25a0513f7b117d94014c2b9f644cf7567c64799ca9f78,Will the highest temperature in Houston be between 96-97°F on September 3?,True,False,2026-09-03,2026-09-01,1338.6998569999998,1302.599857,457.72254,,1788458341912,0.009,0.986,0.014,0.991,3628.98,427.75,0.211202,0.995846,"{""Yes"": 0.0115, ""No"": 0.9885}","[""64029750098898336319728853717320408794238799874174534206568204688430218857878"", ""31509718227587191465453905717860418602293317308061432640281680288112065567012""]"
2026-09-03T18:42:40.629471+00:00,Houston,0xa64644be082179991fdcd28f6e6d2c407de292c328d27bcefd40a5648a683333,Will the highest temperature in Houston be between 98-99°F on September 3?,True,False,2026-09-03,2026-09-01,730.6521190000001,336.666665,2395.6727,,1788458341899,,0.997,0.003,,2740.12,0.0,0.040995,,"{""Yes"": 0.0015, ""No"": 0.9985}","[""49829950423925616378379567661718268949359497026698404248230097115574569044184"", ""43570464087200952816814100798771507935568347612436553935922495563448578818825""]"
2026-09-03T18:42:40.629481+00:00,Houston,0xccf6ea9905a480c574e4e2aeed68ec22d416f1ff6e4d0a0175fcc6ea3f322c9b,Will the highest temperature in Houston be 100°F or higher on September 3?,True,False,2026-09-03,2026-09-01,497.98706300000003,0.0,3430.18972,,1788458341646,,0.995,0.005,,272.35,0.0,0.028382,,"{""Yes"": 0.0025, ""No"": 0.9975}","[""5822556059409518435880196956208124615047630682467792619226016177050030237599"", ""106283688770047143116768605993119509032927820258325338841719961161159586195944""]"
2026-09-03T18:42:40.629492+00:00,Houston,0x8d88662a7e50f05b805130bc3e1a44e15010506fd354affb75bc011a38987a9d,Will the highest temperature in Houston be 81°F or below on September 4?,True,False,2026-09-04,2026-09-02,246.926,246.92600000000002,1599.72485,,1788457502000,0.001,0.99,0.01,0.999,3349.34,1039.96,0.086598,0.999,"{""Yes"": 0.0055, ""No"": 0.9945}","[""82033641086698233472000010598346766886013798475847238190525751373547261270061"", ""34481828523023565833703523997177716037108439806234114312596059180956109195066""]"
2026-09-03T18:42:40.629503+00:00,Houston,0x1262400549f6cacf72e449f88279f4293548ae387f183cd9fe860b103bb92a07,Will the highest temperature in Houston be between 82-83°F on September 4?,True,False,2026-09-04,2026-09-02,248.68693199999998,154.686932,1636.54709,,1788456759001,0.003,0.991,0.009,0.997,7426.28,719.73,0.084144,0.997289,"{""Yes"": 0.006, ""No"": 0.994}","[""25598132939999530103645224103557113017135873894303619929269973896028301762404"", ""55646191332844120295720807187587673149434775595915361728346124607731126494716""]"
2026-09-03T18:42:40.629513+00:00,Houston,0xef76b258734e90cd8fb888abf7f33ec217f7d0cdcaeadd2c70db09986a51ec7c,Will the highest temperature in Houston be between 84-85°F on September 4?,True,False,2026-09-04,2026-09-02,449.584683,449.584683,2099.8204,,1788458227000,0.02,0.96,0.04,0.98,14027.39,290.29,0.132053,0.989777,"{""Yes"": 0.03, ""No"": 0.97}","[""82152729196808193023433610871767504299290243250294933316346250834417690127901"", ""69990699967204001761856356130920287227046733294783096944590445654816456482972""]"
2026-09-03T18:42:40.629523+00:00,Houston,0xc4e01c2f3fa6a962c06c4cb77446e0ed75a54f96cc439b6d30c470303d8c974c,Will the highest temperature in Houston be between 86-87°F on September 4?,True,False,2026-09-04,2026-09-02,1552.5405069999997,1549.340507,2443.3362,,1788458460001,0.13,0.83,0.17,0.87,14122.23,2526.2,0.202972,0.87,"{""Yes"": 0.15, ""No"": 0.85}","[""72995785510856862165885643006209731077000456909762338170267587871984032235409"", ""87778022235497396680256920980554821444952656701840285180861270090991319832265""]"
2026-09-03T18:42:40.629533+00:00,Houston,0x7b6574aa9ff2de769f8d8ecb9333b8265bbae461a750eec403eb16fde0ef3be9,Will the highest temperature in Houston be between 88-89°F on September 4?,True,False,2026-09-04,2026-09-02,1725.186325,1686.3789900000004,3380.8955,,1788458556001,0.25,0.72,0.28,0.75,14846.92,2274.66,0.28,0.75,"{""Yes"": 0.265, ""No"": 0.735}","[""102825397032467685882999817415233330667708523268564889796747560332910953260059"", ""113461856186242787679718113209816793075127068868516562821880015665696618696040""]"
2026-09-03T18:42:40.629543+00:00,Houston,0x5a1f2940f76c5b4e8c8e781bb41cb51b39ed76faa93cf8344ef85c5bac8acf45,Will the highest temperature in Houston be between 90-91°F on September 4?,True,False,2026-09-04,2026-09-02,2791.889076,2384.7664800000002,2985.3235,,1788457152001,0.26,0.69,0.31,0.74,14553.23,5651.46,0.311983,0.74,"{""Yes"": 0.285, ""No"": 0.715}","[""82889369727420858127383057259790305558107257697025164569082391771852594108518"", ""40395817129510374282748183791207387715870256099080042148665342894328177086898""]"
2026-09-03T18:42:40.629553+00:00,Houston,0xe80458e201bed9509afdef9d3091eacd85742fc9ffd870a9eb90766c88013ed8,Will the highest temperature in Houston be between 92-93°F on September 4?,True,False,2026-09-04,2026-09-02,2854.567176,2734.7941020000003,3360.4903,,1788460308000,0.25,0.72,0.28,0.75,14373.86,8926.21,0.284178,0.752101,"{""Yes"": 0.265, ""No"": 0.735}","[""36687716125269690941893290842165914007560785444326847751115679006533112033421"", ""61290579292255368654449604987572865205834806244526552842539019806581930001398""]"
2026-09-03T18:42:40.629563+00:00,Houston,0x7838e5aaf930bd290ec0346852fe958cd140540e7a0f741f935929ee7dda9a9f,Will the highest temperature in Houston be between 94-95°F on September 4?,True,False,2026-09-04,2026-09-02,336.486766,336.486766,2126.398,,1788457341001,0.03,0.95,0.05,0.97,13773.76,590.92,0.139117,0.97,"{""Yes"": 0.04, ""No"": 0.96}","[""105588233130407198577233826632319668591631859485562327486277764286074475624362"", ""27433700316201994814544952034590036498224458666597904089393252268938260913996""]"
2026-09-03T18:42:40.629573+00:00,Houston,0x70333ff5e8c4981a01bddf46629fef2c22149908aab2e71152cef5551ac5f7ee,Will the highest temperature in Houston be between 96-97°F on September 4?,True,False,2026-09-04,2026-09-02,121.87559999999999,121.87559999999999,2338.66018,,1788458098000,0.003,0.982,0.018,0.997,18241.63,1731.52,0.105845,0.997,"{""Yes"": 0.0105, ""No"": 0.9895}","[""55125330468967597125303680436250124770187185761378870534994953353951591050811"", ""64648887744145614847083416469294606700038688600363446822849354388413389480085""]"
2026-09-03T18:42:40.629583+00:00,Houston,0xd36e8c4a4e7c945575c8b6281a4a6274298125eb8fb8e3e6975c79e1b8a8f8ea,Will the highest temperature in Houston be between 98-99°F on September 4?,True,False,2026-09-04,2026-09-02,219.08870000000002,219.08870000000007,2034.24209,,1788457999001,0.001,0.99,0.01,0.999,18376.05,210.79,0.107356,0.999,"{""Yes"": 0.0055, ""No"": 0.9945}","[""78209509759087578159235497034710547601717581233943178408479568030229093269703"", ""97939685870201949234336061774652713504466126026085526147011342427912576957348""]"
2026-09-03T18:42:40.629593+00:00,Houston,0xd8882bb821b13e130fc0f9f397532aaaf025c1b6bff4552068a54c478a83484a,Will the highest temperature in Houston be 100°F or higher on September 4?,True,False,2026-09-04,2026-09-02,417.90293199999996,417.902932,1193.43475,,1788458034000,0.001,0.998,0.002,0.999,3479.36,60.17,0.092297,,"{""Yes"": 0.0015, ""No"": 0.9985}","[""93688890235748624668486669364071473914084684444849436663751440090108720594963"", ""114100717501291122469422328498783927102363310092920528786698263061638249269297""]"
2026-09-03T18:42:40.629603+00:00,Houston,0x9f44a83245c2d86931009134430d9992d675fce720b2eafa1fd1be354af07ce4,Will the lowest temperature in Houston be 69°F or below on September 4?,True,False,2026-09-04,2026-09-02,0.0,0.0,249.515,,1788457565001,,0.52,0.48,,754.51,0.0,0.485149,,"{""Yes"": 0.24, ""No"": 0.76}","[""53234299209301945733459756843579552357429977752554126702052899457605000297884"", ""90091638938089666625879388670280205960348142437528548194126613063261833043480""]"
2026-09-03T18:42:40.629612+00:00,Houston,0x7a07ac1913ccc7bd2a281910b2bdaaa207388738f5446ebeafb98bacd4032cbf,Will the lowest temperature in Houston be between 70-71°F on September 4?,True,False,2026-09-04,2026-09-02,0.0,0.0,184.0221,,1788456602001,,0.57,0.43,,968.59,0.0,0.500071,,"{""Yes"": 0.215, ""No"": 0.785}","[""98247183267371701465384408195267730516783659709971449485402971456186348003441"", ""50247337949040671111088225199684821032280874566239840028956100729840945696156""]"
2026-09-03T18:42:40.629621+00:00,Houston,0xa1fe4c4562beaf912b919acc104f43214ee26ac85a82aee0e003be01e14600ba,Will the lowest temperature in Houston be between 72-73°F on September 4?,True,False,2026-09-04,2026-09-02,0.0,0.0,175.8321,,1788456602003,,0.57,0.43,,927.78,0.0,0.500071,,"{""Yes"": 0.215, ""No"": 0.785}","[""20790945535824766975050441475606720120991674462944851194275885971478181914473"", ""4332834768977325708665417528454337775423148607390968763653122776163452035175""]"
2026-09-03T18:42:40.629629+00:00,Houston,0x3b9c235b2300554cfe9306a7ac2662c7450ad6a48b6d14912db89cb0390e30da,Will the lowest temperature in Houston be between 74-75°F on September 4?,True,False,2026-09-04,2026-09-02,0.0,0.0,192.8121,,1788461094000,,0.57,0.43,,972.24,0.0,0.502627,,"{""Yes"": 0.19, ""No"": 0.81}","[""40183537816780413874451232014926851491069259121920960753312091721195914069182"", ""5086395188689883731573748943632636291727352457499081986100696347537713405583""]"
2026-09-03T18:42:40.629638+00:00,Houston,0x837998d6660c755784ffcc2e62a83011e085baa74ee3b366ffbc6e8b29e76146,Will the lowest temperature in Houston be between 76-77°F on September 4?,True,False,2026-09-04,2026-09-02,0.0,0.0,181.6561,,1788461094000,0.03,0.54,0.46,0.97,938.36,825.91,0.51386,0.976777,"{""Yes"": 0.245, ""No"": 0.755}","[""114451631000173546774515980297662740486960752678616799850022603240251841576313"", ""25515181516436573734693470002976111843963177784034069174348578759046280899214""]"
2026-09-03T18:42:40.629647+00:00,Houston,0x02e8788b8bbe8052cbc1d4d61f0411fe4371a6ff25e43e6b52be7d3a4d54b2d7,Will the lowest temperature in Houston be between 78-79°F on September 4?,True,False,2026-09-04,2026-09-02,15.55,15.55,195.2357,,1788456602000,0.17,0.49,0.51,0.83,872.16,477.44,0.59076,0.876804,"{""Yes"": 0.34, ""No"": 0.66}","[""9172643869197954529156358315315900784444827856991573305718102449946080807417"", ""71428566659671618056700691147923975342675518569076445248251388680987290418835""]"
2026-09-03T18:42:40.629657+00:00,Houston,0xd1ba9ef0763c1affe858bc4bcbc5eae866df19c603322f29e73b24fff6fc2df0,Will the lowest temperature in Houston be between 80-81°F on September 4?,True,False,2026-09-04,2026-09-02,1.666665,1.666665,130.4004,,1788457639001,0.21,0.5,0.5,0.79,707.17,195.86,0.653841,0.821807,"{""Yes"": 0.355, ""No"": 0.645}","[""84242218286496430209144572846037304334598437009667641634626257831909428988212"", ""99965541558879195762433592065388127858898859795907632723982160064775864232022""]"
2026-09-03T18:42:40.629666+00:00,Houston,0x495a1b23623c8af910d96eec91cc715120f0ee36ac2bd9711641b2162ddaeb23,Will the lowest temperature in Houston be between 82-83°F on September 4?,True,False,2026-09-04,2026-09-02,0.0,0.0,178.3479,,1788456491000,,0.57,0.43,,928.63,0.0,0.4939,,"{""Yes"": 0.215, ""No"": 0.785}","[""70977956578597606596495086615531612734245059331450750288746223331429626455955"", ""112136910320804167735687333890200023988037611051882338622915680235193492752012""]"
2026-09-03T18:42:40.629674+00:00,Houston,0xb25272a668ef09496f7e332488951be43f45fd6aea6ce358bbaaae8209cbdd2d,Will the lowest temperature in Houston be between 84-85°F on September 4?,True,False,2026-09-04,2026-09-02,0.0,0.0,183.8255,,1788457565001,,0.94,0.06,,922.49,0.0,0.473004,,"{""Yes"": 0.03, ""No"": 0.97}","[""14043272702145474931336073700073276858682725637366986777966750318620735606204"", ""55585215218462248000777925477697620112545751574097868621790092432082399640549""]"
2026-09-03T18:42:40.629683+00:00,Houston,0xc1f5d4b9f419313886b89370564c7cf9bb58cd138ed1c6280af8c98f690219f6,Will the lowest temperature in Houston be between 86-87°F on September 4?,True,False,2026-09-04,2026-09-02,0.0,0.0,191.6521,,1788456602001,,0.57,0.43,,1199.96,0.0,0.500071,,"{""Yes"": 0.215, ""No"": 0.785}","[""3626179918774850090758027633532101777453426011999558331210182417129610317490"", ""27637538050289038920867676143478427635695245524255363557145631212230297668544""]"
2026-09-03T18:42:40.629692+00:00,Houston,0x33bc8e92d745a7a0031286a9b48be78041da1afafe5ad729002acdfc8d23e034,Will the lowest temperature in Houston be 88°F or higher on September 4?,True,False,2026-09-04,2026-09-02,0.0,0.0,121.4,,1788455120483,,0.53,0.47,,888.6,0.0,0.633383,,"{""Yes"": 0.235, ""No"": 0.765}","[""112148033159127197212683758884754653312051598277849972270542497022081446535526"", ""33669495506747899465500172968797243833132853881386061587128903297086855453436""]"
2026-09-03T18:42:40.629702+00:00,Houston,0x9a3b0103aacca10ad9361a97346a0ba335d298ba465ad10f9330fbfab410db47,Will the highest temperature in Houston be 81°F or below on September 5?,True,False,2026-09-05,2026-09-03,50.1,50.1,1087.7165,,1788457595001,0.002,0.99,0.01,0.998,597.21,1023.92,0.115217,0.998,"{""Yes"": 0.006, ""No"": 0.994}","[""30898165697245304039548035551008045127804746572977332324818698713612883974529"", ""108889714031986961267058541799516619722090549638984753184358678206308013902599""]"
2026-09-03T18:42:40.629711+00:00,Houston,0x496d37f96a396a9c08de35fb1c64c046792139b055f1f53242c81a177337ffb1,Will the highest temperature in Houston be between 82-83°F on September 5?,True,False,2026-09-05,2026-09-03,205.8585,205.8585,1716.2113,,1788457048000,0.01,0.98,0.02,0.99,13407.7,113.85,0.128257,0.99,"{""Yes"": 0.015, ""No"": 0.985}","[""35437654046417630418837071221041731178738497067568592121527001084769173549443"", ""115275095547726428383924007625395854158604788910559729021056666891238104440649""]"
2026-09-03T18:42:40.629721+00:00,Houston,0x77ac89cfdff1a9de6e447d97c04f8cfdef96b6ef83d3d2aea0ca4c48f907e4d5,Will the highest temperature in Houston be between 84-85°F on September 5?,True,False,2026-09-05,2026-09-03,0.0,0.0,1319.8869,,1788457335001,,0.95,0.05,,13006.66,0.0,0.208369,,"{""Yes"": 0.025, ""No"": 0.975}","[""39501920417414569550896565127389904285720025328117378067037747047671114945265"", ""89894572357746426834340547871795116331830888865140086479081767087489311584368""]"
2026-09-03T18:42:40.629730+00:00,Houston,0x56200a65ea94c9c5a4260c3a1b4a6b1ad35987c06a487237d378c2ed1f079419,Will the highest temperature in Houston be between 86-87°F on September 5?,True,False,2026-09-05,2026-09-03,0.0,0.0,1171.0511,,1788457126000,,0.91,0.09,,12987.31,0.0,0.288201,,"{""Yes"": 0.045, ""No"": 0.955}","[""73592424751683682951106469126510908944323495129484375269434669134950473486023"", ""33473333185908012389656893383581733035459586270043407451593780793427192128231""]"
2026-09-03T18:42:40.629739+00:00,Houston,0xa8f589fbd2e21fb73a3757015ad0d27097d7d67d6bb125e62546531a5091abf7,Will the highest temperature in Houston be between 88-89°F on September 5?,True,False,2026-09-05,2026-09-03,562.918921,562.9189209999998,1661.9075,,1788459666000,0.2,0.74,0.26,0.8,13629.39,2479.37,0.300677,0.8,"{""Yes"": 0.23, ""No"": 0.77}","[""60438511816062367774982736070198760749032945155963365805232498464905642507969"", ""52384409257458319742632352423538877843920212879149549831561266580209077125402""]"
2026-09-03T18:42:40.629748+00:00,Houston,0xeee9c6414555338cbe9bfe4dc53e57c7a7038810066dceb41550d677128f0b4d,Will the highest temperature in Houston be between 90-91°F on September 5?,True,False,2026-09-05,2026-09-03,38.617905,38.617905,3362.4809,,1788458595000,0.4,0.58,0.42,0.6,14750.59,2693.93,0.42975,0.6,"{""Yes"": 0.41, ""No"": 0.59}","[""66778551584314630307363416684532850417099642375494004231415045964190428735693"", ""5661303443766734359735829825855809838427931627194057267510314975279173949855""]"
2026-09-03T18:42:40.629757+00:00,Houston,0x9cb69d90f0ac39796152b5bcc599d1c0c5cb96fd4ef6654ad3b8fa43cebfc5a4,Will the highest temperature in Houston be between 92-93°F on September 5?,True,False,2026-09-05,2026-09-03,33.44965,33.44965,1844.3426,,1788460975000,0.11,0.84,0.16,0.89,13522.65,1219.35,0.16915,0.895522,"{""Yes"": 0.135, ""No"": 0.865}","[""9544081213142881750903485143036584383178242674281248855724964156528164377142"", ""1908809085756704743869214358797110155355821100888111097250525567731245774635""]"
2026-09-03T18:42:40.629766+00:00,Houston,0x04a7d0995105ddbcd28f82a306d71d82f8e71be361709883ecc6542ab265e091,Will the highest temperature in Houston be between 94-95°F on September 5?,True,False,2026-09-05,2026-09-03,0.0,0.0,1199.5161,,1788456680001,0.03,0.93,0.07,0.97,13208.25,389.04,0.295032,0.97,"{""Yes"": 0.05, ""No"": 0.95}","[""68117311130577163816352799935409703767613064453599163241648487005049844163955"", ""29151047686214883103644440625161634783913695548915649519954157476613970880829""]"
2026-09-03T18:42:40.629795+00:00,Houston,0x774a037bde344875060f53692d6076f5e8a998b43248adefb83736af098ac043,Will the highest temperature in Houston be between 96-97°F on September 5?,True,False,2026-09-05,2026-09-03,0.0,0.0,1288.8661,,1788457333001,,0.96,0.04,,13101.94,0.0,0.223658,,"{""Yes"": 0.02, ""No"": 0.98}","[""28511164809742976483871441078077571442131272037879483773497023568405885940672"", ""18075698202114108660456404831011914789454667443433936653735627159786911832689""]"
2026-09-03T18:42:40.629811+00:00,Houston,0x4be43b5678457a6a3af77e4f323be797c24f99e992f3fd3da2e6e70b75759460,Will the highest temperature in Houston be between 98-99°F on September 5?,True,False,2026-09-05,2026-09-03,0.0,0.0,1340.7261,,1788457060001,,0.96,0.04,,13099.08,0.0,0.198391,,"{""Yes"": 0.02, ""No"": 0.98}","[""86131387513243772407452671101330510241838893309789148311724080362810658482962"", ""83724948975303791363971596607667687316540730438957984581262510054233454207636""]"
2026-09-03T18:42:40.629824+00:00,Houston,0xd9d0ddfd332304f2e3fbd1490a73dc9f8b654974dff1a33bcab7ac408acb75ba,Will the highest temperature in Houston be 100°F or higher on September 5?,True,False,2026-09-05,2026-09-03,0.0,0.0,454.54,,1788458046000,,0.96,0.04,,973.46,0.0,0.209571,,"{""Yes"": 0.02, ""No"": 0.98}","[""105546495919230534114888957197966168638820849877593107713063723910672251358938"", ""51866386479323481968237062547600730795411928804997941850483583641190201698362""]"
2026-09-03T18:42:40.629833+00:00,Houston,0xf465bcaa18f5864c00a4ef2cc6e0fb79d4d36ea382b87a57a43a402878710f4d,Will the lowest temperature in Houston be 69°F or below on September 5?,True,False,2026-09-05,2026-09-03,0.0,0.0,135.47,,1788455122109,,0.36,0.64,,676.53,0.0,0.64,,"{""Yes"": 0.32, ""No"": 0.68}","[""63589571416105710113071667975900454036180865017051152011606488570119667952394"", ""33080812423157259223598655009413452312990319718065778206177083314828634872868""]"
2026-09-03T18:42:40.629842+00:00,Houston,0x72e6e021e675f778af72c6f672d973ad1b35aa075af5379d1d96a65a8ed342de,Will the lowest temperature in Houston be between 70-71°F on September 5?,True,False,2026-09-05,2026-09-03,0.0,0.0,889.1261,,1788458182000,,0.78,0.22,,12534.68,0.0,0.424078,,"{""Yes"": 0.11, ""No"": 0.89}","[""20830699535809699155050868245051207652319682181404546232213703177055045112848"", ""17309724605490696334975805781494829565099740858910887276236396859115892992880""]"
2026-09-03T18:42:40.629851+00:00,Houston,0x22171bf325cbf4f4e1942b7c1e523f960d29fefa6bb983961486fb961bc16985,Will the lowest temperature in Houston be between 72-73°F on September 5?,True,False,2026-09-05,2026-09-03,0.0,0.0,811.1261,,1788456839002,,0.5,0.5,,12512.68,0.0,0.583422,,"{""Yes"": 0.25, ""No"": 0.75}","[""29681942688450264213517374767570927414449246336162141631738150089786029343727"", ""10084447787742394428768315998991807687092835125574576756548224729751737057324""]"
2026-09-03T18:42:40.629860+00:00,Houston,0x6eb3b2fd74d481e1db14cc2cc7ae3ef1f1c104dc1754c00806d588aafa938ea2,Will the lowest temperature in Houston be between 74-75°F on September 5?,True,False,2026-09-05,2026-09-03,0.0,0.0,870.1661,,1788457283001,0.04,0.51,0.49,0.96,12553.5,408.14,0.588068,0.974543,"{""Yes"": 0.265, ""No"": 0.735}","[""63520646688139243879410689750695588314596715535268260795294975182364152919297"", ""114867140344337872384009780759866213963540917344855293381116592740749922091610""]"
2026-09-03T18:42:40.629869+00:00,Houston,0xe7313995b40b3a29aa4a4f5e9c9eb96118fd11a70d8fa706ae13215748279880,Will the lowest temperature in Houston be between 76-77°F on September 5?,True,False,2026-09-05,2026-09-03,0.0,0.0,789.5559,,1788458153000,0.08,0.5,0.5,0.92,12435.78,2105.8,0.617335,0.933188,"{""Yes"": 0.29, ""No"": 0.71}","[""73888022838899357204927355696762317417230868365488103785735134341598198208821"", ""93186229553282779147964931919970932030170036987772364346154716159058298918575""]"
2026-09-03T18:42:40.629877+00:00,Houston,0x28a06bf493fadab98e9b775bead4ab802ec86c431dc2d98dc4ace022fe51b683,Will the lowest temperature in Houston be between 78-79°F on September 5?,True,False,2026-09-05,2026-09-03,0.0,0.0,736.8742,,1788456870001,0.3,0.5,0.5,0.7,12095.33,1361.41,0.654356,0.83578,"{""Yes"": 0.4, ""No"": 0.6}","[""9067494698486521154933000222350500972546639142532784482851328421905088749961"", ""72550747725264938495312572085550175605676241688098571328487078106246123629769""]"
2026-09-03T18:42:40.629886+00:00,Houston,0x0afe5cb40ba0d3375890574e15626df72af22bb17ffbcf688ffca9cea898bdce,Will the lowest temperature in Houston be between 80-81°F on September 5?,True,False,2026-09-05,2026-09-03,0.0,0.0,829.4561,,1788456717001,0.05,0.51,0.49,0.95,12478.93,409.42,0.592865,0.965558,"{""Yes"": 0.27, ""No"": 0.73}","[""81160493052673444764886359781986406283918717289609610941709907510651428362556"", ""72259040574853556313983553638504031229217647873287059579824035766254643542073""]"
2026-09-03T18:42:40.629896+00:00,Houston,0xa7b452224d99ab273aaa4f2fc5ffca7d4bf93cc9370139463742b3f2e7c896a0,Will the lowest temperature in Houston be between 82-83°F on September 5?,True,False,2026-09-05,2026-09-03,0.0,0.0,837.8861,,1788457696001,,0.5,0.5,,12439.92,0.0,0.583422,,"{""Yes"": 0.25, ""No"": 0.75}","[""11995462866523166301641415885618429486465299543239892542426932240212955166741"", ""15684455512249411786159415832067683711138262485346388831350622619338968276031""]"
2026-09-03T18:42:40.629904+00:00,Houston,0x95ebe6e098aa8f476ea10c0540a3538150124949c891b03c11837ad893ae6870,Will the lowest temperature in Houston be between 84-85°F on September 5?,True,False,2026-09-05,2026-09-03,0.0,0.0,851.8061,,1788457560000,,0.52,0.48,,12462.0,0.0,0.574343,,"{""Yes"": 0.24, ""No"": 0.76}","[""112787937477271766127488529301896887395972206866430747959349037944666307165362"", ""5799201160469455295169045641399513556634556783969035252725947266361278618245""]"
2026-09-03T18:42:40.629913+00:00,Houston,0x470a77e8c2ea56ac7d14a32ea0a86cc075a217b463bd63f523447ad807b83110,Will the lowest temperature in Houston be between 86-87°F on September 5?,True,False,2026-09-05,2026-09-03,0.0,0.0,901.9661,,1788457036004,,0.82,0.18,,12583.84,0.0,0.40397,,"{""Yes"": 0.09, ""No"": 0.91}","[""29011565070448618684653294977542417106206934368924829490450633817028994752902"", ""10534725268099152034895060526042559450552545387136352561494776821863001658059""]"
2026-09-03T18:42:40.629922+00:00,Houston,0x37bdac52879518c302c4e840625c1ee158416fb83d1224745d6d6e6db9c19475,Will the lowest temperature in Houston be 88°F or higher on September 5?,True,False,2026-09-05,2026-09-03,0.0,0.0,163.89,,1788455122196,,0.53,0.47,,741.11,0.0,0.565366,,"{""Yes"": 0.235, ""No"": 0.765}","[""114695141712304307996892119170322323009271759360331363031627316675460213701196"", ""84926884756564340793453986319778419085850962833937974655429299205360768714937""]"
2026-09-03T23:21:37.887539+00:00,Houston,0xf259e94c4b87e258d2a5bd749aa7b163eabc363c0d82a5f69a82edf69c726637,Will the lowest temperature in Houston be 71°F or below on September 3?,True,False,2026-09-03,2026-09-01,87.98,67.98,40.26,,1788477728574,,0.4,0.6,,406.46,0.0,0.749684,,"{""Yes"": 0.355, ""No"": 0.645}","[""33303503277519513665087168341730614613764645526545810516112642457486625077590"", ""36863530837707900933755821983278128490181503556333920683075827937012502132564""]"
2026-09-03T23:21:37.887571+00:00,Houston,0x264ced03d1ba10b9ce1b7e845e13f6897829ff51a5db20f6e1b30b64a108fcc7,Will the lowest temperature in Houston be between 72-73°F on September 3?,True,False,2026-09-03,2026-09-01,269.98405,168.0,51.6399,,1788477882314,,0.7,0.3,,673.95,0.0,0.781368,,"{""Yes"": 0.14, ""No"": 0.86}","[""39514036801617929357595899924160342429197626038776632384015264349709491542921"", ""29993585052000106590018939265937665137032874275718613682501873116529601853462""]"
2026-09-03T23:21:37.887587+00:00,Houston,0x3ad74e01e3cd0b06c69a7df1d39622eaf1590b52abb6d03e634063be162ee6c5,Will the lowest temperature in Houston be between 74-75°F on September 3?,True,False,2026-09-03,2026-09-01,227.48000000000002,217.48000000000002,62.4541,,1788477663764,0.88,0.08,0.92,0.12,256.39,479.89,0.956474,0.740118,"{""Yes"": 0.9, ""No"": 0.1}","[""958379339340009587630696672146261390285888940752627842949804345556443111479"", ""62158461534381523773302885365659634553817392151568902454950195113451706137885""]"
2026-09-03T23:21:37.887601+00:00,Houston,0x074bb806a779b99563953618933a12dac3204625d39e6af27cee5f97ecb74c55,Will the lowest temperature in Houston be between 76-77°F on September 3?,True,False,2026-09-03,2026-09-01,177.95999999999998,167.96,9150.63568,,1788477889594,,0.999,0.001,,431.69,0.0,0.010881,,"{""Yes"": 0.0005, ""No"": 0.9995}","[""72323079446899930293981172540076634952703657494326902248618747874850127446887"", ""67439872618872888262363396086344843984505622918148184703301353658764872488427""]"
2026-09-03T23:21:37.887613+00:00,Houston,0xaa69b874f5f52b57da5e90523129664b19465ad3bb5b9cccaf893cd727f8d0fe,Will the lowest temperature in Houston be between 78-79°F on September 3?,True,False,2026-09-03,2026-09-01,461.56,445.56000000000006,9114.60208,,1788477882334,,0.999,0.001,,473.35,0.0,0.010904,,"{""Yes"": 0.0005, ""No"": 0.9995}","[""77209856047778947341013510575960556567703611416412977578933759397907354681845"", ""73202172130755293751703467796971427745816248297733046738246088057908388015917""]"
2026-09-03T23:21:37.887624+00:00,Houston,0xfecb170064331b6621648c70bab01017ceb47371ae3fe7a010c66ec742d7f41f,Will the lowest temperature in Houston be between 80-81°F on September 3?,True,False,2026-09-03,2026-09-01,230.31424800000002,192.53194100000002,10854.45247,,1788477889597,,0.999,0.001,,409.12,0.0,0.009119,,"{""Yes"": 0.0005, ""No"": 0.9995}","[""58365733163733614848344077041141560400282203705004707974920408345452925096386"", ""81365263536921396215469406250141618795917515324424244758904031157020316015753""]"
2026-09-03T23:21:37.887635+00:00,Houston,0xf76fc8b4a828286c65c28dbfb41bdcdc359096f93c12be58cf48dd32b35f3d31,Will the lowest temperature in Houston be between 82-83°F on September 3?,True,False,2026-09-03,2026-09-01,183.98,173.98,7484.05918,,1788477882334,,0.999,0.001,,345.03,0.0,0.013194,,"{""Yes"": 0.0005, ""No"": 0.9995}","[""72566018595613366602998869312594693148435553523049805814312910055173879400738"", ""108635323929201105508389755643792329623235536340826311055022724025871320158798""]"
2026-09-03T23:21:37.887646+00:00,Houston,0x78b0290f62ab2e730e4e09709e98269fb42859bff918b86dcd82887e55ed7be5,Will the lowest temperature in Houston be between 84-85°F on September 3?,True,False,2026-09-03,2026-09-01,240.8147,240.81470000000002,10184.6113,,1788477889597,,0.999,0.001,,365.55,0.0,0.009709,,"{""Yes"": 0.0005, ""No"": 0.9995}","[""94193160904061547727357014104517121959227234022530930963456504816642826061893"", ""47714605551577459903569633206405803564436365751195838156380349175694098015546""]"
2026-09-03T23:21:37.887657+00:00,Houston,0x977769c012547881c600893ef18cfd41212d6fd1d44f49802322353cd07e1065,Will the lowest temperature in Houston be between 86-87°F on September 3?,True,False,2026-09-03,2026-09-01,95.98,5.98,7662.06247,,1788477637000,,0.999,0.001,,384.14,0.0,0.012892,,"{""Yes"": 0.0005, ""No"": 0.9995}","[""173771782230455051335623980056352532275105612001675157010938996263480862948"", ""46254542917626295215807265030016492651966578311606101717797362027210044076588""]"
2026-09-03T23:21:37.887668+00:00,Houston,0x56189c658c723b08a38318199a04d072c976ef16ca9a2e57657a0c38285e0c93,Will the lowest temperature in Houston be between 88-89°F on September 3?,True,False,2026-09-03,2026-09-01,57.980000000000004,57.98,7836.36747,,1788477659592,,0.999,0.001,,437.83,0.0,0.012614,,"{""Yes"": 0.0005, ""No"": 0.9995}","[""62560444579405703169981751480279930912806045170170786027725289400880269789600"", ""112038730847756033529308662761784776201799202219009992911963245381535967077216""]"
2026-09-03T23:21:37.887679+00:00,Houston,0x59237ec74b84e8253887c520ff5937c27de88ec8093c1bc99b5cf40d38f0c582,Will the lowest temperature in Houston be 90°F or higher on September 3?,True,False,2026-09-03,2026-09-01,107.97730000000001,107.9773,7915.52837,,1788477679592,,0.999,0.001,,465.68,0.0,0.012557,,"{""Yes"": 0.0005, ""No"": 0.9995}","[""6536933108199361525476891808293165691063790938003400174325887671139230682"", ""20657684390025474586204258165866961684196031859877745116102114059704753949661""]"
2026-09-03T23:21:37.887690+00:00,Houston,0x0de27f3e12f92a170830b85cb5dfa5c043857c5e3eca6222884be90857721465,Will the highest temperature in Houston be 81°F or below on September 3?,True,False,2026-09-03,2026-09-01,152.55,147.0,12236.39181,,1788477694702,,0.999,0.001,,393.91,0.0,0.007916,,"{""Yes"": 0.0005, ""No"": 0.9995}","[""42602473938154345045273200760327623912981119884752518657248921834994954035904"", ""50259504178756528111655474684842808009264071080234501521432702371186694773016""]"
2026-09-03T23:21:37.887702+00:00,Houston,0xe5074da69fc5bd92f6f45bd956c4359d50a947f8f6752cda954d5281485f2965,Will the highest temperature in Houston be between 82-83°F on September 3?,True,False,2026-09-03,2026-09-01,2690.5321369999997,2605.0901369999997,13733.66673,,1788477464081,,0.999,0.001,,416.71,0.0,0.007251,,"{""Yes"": 0.0005, ""No"": 0.9995}","[""2406433102571781882500272490567073163527772125631435132938135454307822456759"", ""95705226082131857199361074922856479851497112019333189506137533339617765751167""]"
2026-09-03T23:21:37.887714+00:00,Houston,0xe6d77fb6b9ab42e73844c2d7f859f928f02fa8a79de0759858e6e48b28782b3f,Will the highest temperature in Houston be between 84-85°F on September 3?,True,False,2026-09-03,2026-09-01,4147.96142,3487.558825,13137.75408,,1788477447836,,0.999,0.001,,1158.09,0.0,0.008343,,"{""Yes"": 0.0005, ""No"": 0.9995}","[""59282809189285949992843222882597563380126463749717832450530315027808909480934"", ""36994162465266569671708920273264692958187100971546426834686104543170209880776""]"
2026-09-03T23:21:37.887725+00:00,Houston,0xd60d93f369dd897635aa3f5e8a2a5c97115fb2141a224fc60226410564d1f2af,Will the highest temperature in Houston be between 86-87°F on September 3?,True,False,2026-09-03,2026-09-01,8745.064854999999,6345.819960000001,12642.32825,,1788477451754,,0.999,0.001,,1718.04,0.0,0.008659,,"{""Yes"": 0.0005, ""No"": 0.9995}","[""61360027226930641263612020058559451100021668197449898219827977112648444678814"", ""21396934256451258619842411721800517680668487375048882413254059768315512413272""]"
2026-09-03T23:21:37.887735+00:00,Houston,0xe0822170245c49e455c4ba553534536beb4b7b0e984e847010d2f8c020a31539,Will the highest temperature in Houston be between 88-89°F on September 3?,True,False,2026-09-03,2026-09-01,6130.130201999999,5337.534771999999,5292.87412,,1788477455139,,0.999,0.001,,483.82,0.0,0.018576,,"{""Yes"": 0.0005, ""No"": 0.9995}","[""105884909489958397124594408428229590959226290300202035941819314935458888908578"", ""114984560509785250316864954628840919634352568600022664430115364558861466644728""]"
2026-09-03T23:21:37.887745+00:00,Houston,0x757cc48511e7c6b21fdfe1c4496d6d45c7fbbb43b014d068c2952b9fdc9faa1b,Will the highest temperature in Houston be between 90-91°F on September 3?,True,False,2026-09-03,2026-09-01,8064.540827999999,5929.901381000001,3161.1781,,1788476735044,,0.999,0.001,,456.25,0.0,0.030713,,"{""Yes"": 0.0005, ""No"": 0.9995}","[""66697633769993165726025314030778525001678900529922577985367614338354261514995"", ""108845696312884062602528288309111741073590424432877786790435331299552060839411""]"
2026-09-03T23:21:37.887756+00:00,Houston,0x49f7f5349d651e83145ca71a4e7a70f641b48af1b6ec9812a1fe184014a109a9,Will the highest temperature in Houston be between 92-93°F on September 3?,True,False,2026-09-03,2026-09-01,6284.223435,6063.90937,1250.4861,,1788477834174,0.999,,,0.001,0.0,2196.08,,0.076362,"{""Yes"": 0.9995, ""No"": 0.0005}","[""106689203922452517942186918052230387904870645767452076059354208575952176460379"", ""26480655074354864595242380209062737141207828410079370376513494091201022881373""]"
2026-09-03T23:21:37.887766+00:00,Houston,0x2602e89ed8dd37fe2c0fa38f1a5226dfc6fd5672afdb9650f33b312383274137,Will the highest temperature in Houston be between 94-95°F on September 3?,True,False,2026-09-03,2026-09-01,2701.50726,2663.3572599999998,509.19296,,1788477663071,,0.999,0.001,,468.11,0.0,0.1117,,"{""Yes"": 0.0005, ""No"": 0.9995}","[""84707389607740001963084808983718852552314830082924737376952098119937468372011"", ""15310706486135836230657635672785644694018685153607567852526108787991389935323""]"
2026-09-03T23:21:37.887776+00:00,Houston,0x428b94a5872f6e09a5e25a0513f7b117d94014c2b9f644cf7567c64799ca9f78,Will the highest temperature in Houston be between 96-97°F on September 3?,True,False,2026-09-03,2026-09-01,2792.8309719999997,2756.7309720000003,1349.93866,,1788477442168,,0.999,0.001,,524.91,0.0,0.084004,,"{""Yes"": 0.0005, ""No"": 0.9995}","[""64029750098898336319728853717320408794238799874174534206568204688430218857878"", ""31509718227587191465453905717860418602293317308061432640281680288112065567012""]"
2026-09-03T23:21:37.887786+00:00,Houston,0xa64644be082179991fdcd28f6e6d2c407de292c328d27bcefd40a5648a683333,Will the highest temperature in Houston be between 98-99°F on September 3?,True,False,2026-09-03,2026-09-01,766.6521190000001,372.666665,2442.6806,,1788477894071,,0.999,0.001,,254.97,0.0,0.048905,,"{""Yes"": 0.0005, ""No"": 0.9995}","[""49829950423925616378379567661718268949359497026698404248230097115574569044184"", ""43570464087200952816814100798771507935568347612436553935922495563448578818825""]"
2026-09-03T23:21:37.887796+00:00,Houston,0xccf6ea9905a480c574e4e2aeed68ec22d416f1ff6e4d0a0175fcc6ea3f322c9b,Will the highest temperature in Houston be 100°F or higher on September 3?,True,False,2026-09-03,2026-09-01,533.987063,36.0,2023.72032,,1788477435198,,0.999,0.001,,275.88,0.0,0.045871,,"{""Yes"": 0.0005, ""No"": 0.9995}","[""5822556059409518435880196956208124615047630682467792619226016177050030237599"", ""106283688770047143116768605993119509032927820258325338841719961161159586195944""]"
2026-09-03T23:21:37.887806+00:00,Houston,0x8d88662a7e50f05b805130bc3e1a44e15010506fd354affb75bc011a38987a9d,Will the highest temperature in Houston be 81°F or below on September 4?,True,False,2026-09-04,2026-09-02,287.425,287.425,2440.31059,,1788477891071,0.001,0.994,0.006,0.999,3693.82,939.56,0.069457,0.999,"{""Yes"": 0.0035, ""No"": 0.9965}","[""82033641086698233472000010598346766886013798475847238190525751373547261270061"", ""34481828523023565833703523997177716037108439806234114312596059180956109195066""]"
2026-09-03T23:21:37.887817+00:00,Houston,0x1262400549f6cacf72e449f88279f4293548ae387f183cd9fe860b103bb92a07,Will the highest temperature in Houston be between 82-83°F on September 4?,True,False,2026-09-04,2026-09-02,353.38676499999997,229.798099,2339.52578,,1788477891120,0.001,0.991,0.009,0.999,7564.4,377.21,0.068451,0.999,"{""Yes"": 0.005, ""No"": 0.995}","[""25598132939999530103645224103557113017135873894303619929269973896028301762404"", ""55646191332844120295720807187587673149434775595915361728346124607731126494716""]"
2026-09-03T23:21:37.887828+00:00,Houston,0xef76b258734e90cd8fb888abf7f33ec217f7d0cdcaeadd2c70db09986a51ec7c,Will the highest temperature in Houston be between 84-85°F on September 4?,True,False,2026-09-04,2026-09-02,520.930531,520.930531,4017.3419,,1788477892535,0.02,0.96,0.04,0.98,14365.29,549.56,0.149098,0.98,"{""Yes"": 0.015, ""No"": 0.985}","[""82152729196808193023433610871767504299290243250294933316346250834417690127901"", ""69990699967204001761856356130920287227046733294783096944590445654816456482972""]"
2026-09-03T23:21:37.887839+00:00,Houston,0xc4e01c2f3fa6a962c06c4cb77446e0ed75a54f96cc439b6d30c470303d8c974c,Will the highest temperature in Houston be between 86-87°F on September 4?,True,False,2026-09-04,2026-09-02,1774.369695,1707.639695,4342.2872,,1788477896162,0.08,0.89,0.11,0.92,15120.43,4793.03,0.155614,0.928952,"{""Yes"": 0.085, ""No"": 0.915}","[""72995785510856862165885643006209731077000456909762338170267587871984032235409"", ""87778022235497396680256920980554821444952656701840285180861270090991319832265""]"
2026-09-03T23:21:37.887849+00:00,Houston,0x7b6574aa9ff2de769f8d8ecb9333b8265bbae461a750eec403eb16fde0ef3be9,Will the highest temperature in Houston be between 88-89°F on September 4?,True,False,2026-09-04,2026-09-02,2165.5932279999997,2117.785893,4203.2237,,1788477898484,0.18,0.78,0.22,0.82,16329.52,8509.77,0.225284,0.831519,"{""Yes"": 0.205, ""No"": 0.795}","[""102825397032467685882999817415233330667708523268564889796747560332910953260059"", ""113461856186242787679718113209816793075127068868516562821880015665696618696040""]"
2026-09-03T23:21:37.887859+00:00,Houston,0x5a1f2940f76c5b4e8c8e781bb41cb51b39ed76faa93cf8344ef85c5bac8acf45,Will the highest temperature in Houston be between 90-91°F on September 4?,True,False,2026-09-04,2026-09-02,3978.3726200000006,2401.895385,3992.7782,,1788477897244,0.37,0.61,0.39,0.63,16143.58,5715.46,0.402776,0.63,"{""Yes"": 0.385, ""No"": 0.615}","[""82889369727420858127383057259790305558107257697025164569082391771852594108518"", ""40395817129510374282748183791207387715870256099080042148665342894328177086898""]"
2026-09-03T23:21:37.887869+00:00,Houston,0xe80458e201bed9509afdef9d3091eacd85742fc9ffd870a9eb90766c88013ed8,Will the highest temperature in Houston be between 92-93°F on September 4?,True,False,2026-09-04,2026-09-02,3304.509988,3035.9745700000003,4720.4682,,1788477895271,0.26,0.72,0.28,0.74,16017.21,7855.3,0.28272,0.74206,"{""Yes"": 0.27, ""No"": 0.73}","[""36687716125269690941893290842165914007560785444326847751115679006533112033421"", ""61290579292255368654449604987572865205834806244526552842539019806581930001398""]"
2026-09-03T23:21:37.887878+00:00,Houston,0x7838e5aaf930bd290ec0346852fe958cd140540e7a0f741f935929ee7dda9a9f,Will the highest temperature in Houston be between 94-95°F on September 4?,True,False,2026-09-04,2026-09-02,439.385487,432.385487,2681.5713,,1788477891426,0.04,0.92,0.08,0.96,14537.48,762.72,0.144564,0.968114,"{""Yes"": 0.06, ""No"": 0.94}","[""105588233130407198577233826632319668591631859485562327486277764286074475624362"", ""27433700316201994814544952034590036498224458666597904089393252268938260913996""]"
2026-09-03T23:21:37.887888+00:00,Houston,0x70333ff5e8c4981a01bddf46629fef2c22149908aab2e71152cef5551ac5f7ee,Will the highest temperature in Houston be between 96-97°F on September 4?,True,False,2026-09-04,2026-09-02,284.11377300000004,284.113773,3026.21708,,1788477871024,0.003,0.981,0.019,0.997,19056.35,1624.66,0.101852,0.997,"{""Yes"": 0.011, ""No"": 0.989}","[""55125330468967597125303680436250124770187185761378870534994953353951591050811"", ""64648887744145614847083416469294606700038688600363446822849354388413389480085""]"
2026-09-03T23:21:37.887898+00:00,Houston,0xd36e8c4a4e7c945575c8b6281a4a6274298125eb8fb8e3e6975c79e1b8a8f8ea,Will the highest temperature in Houston be between 98-99°F on September 4?,True,False,2026-09-04,2026-09-02,322.220777,322.22077700000006,3189.16279,,1788477896882,0.001,0.982,0.018,0.999,18712.87,190.19,0.096421,0.999,"{""Yes"": 0.0095, ""No"": 0.9905}","[""78209509759087578159235497034710547601717581233943178408479568030229093269703"", ""97939685870201949234336061774652713504466126026085526147011342427912576957348""]"
2026-09-03T23:21:37.887908+00:00,Houston,0xd8882bb821b13e130fc0f9f397532aaaf025c1b6bff4552068a54c478a83484a,Will the highest temperature in Houston be 100°F or higher on September 4?,True,False,2026-09-04,2026-09-02,508.112932,508.112932,2638.69909,,1788477890744,,0.995,0.005,,3719.18,0.0,0.060022,,"{""Yes"": 0.0025, ""No"": 0.9975}","[""93688890235748624668486669364071473914084684444849436663751440090108720594963"", ""114100717501291122469422328498783927102363310092920528786698263061638249269297""]"
2026-09-03T23:21:37.887917+00:00,Houston,0x9f44a83245c2d86931009134430d9992d675fce720b2eafa1fd1be354af07ce4,Will the lowest temperature in Houston be 69°F or below on September 4?,True,False,2026-09-04,2026-09-02,0.0,0.0,73.965,,1788477868328,,0.5,0.5,,170.89,0.0,0.586789,,"{""Yes"": 0.25, ""No"": 0.75}","[""53234299209301945733459756843579552357429977752554126702052899457605000297884"", ""90091638938089666625879388670280205960348142437528548194126613063261833043480""]"
2026-09-03T23:21:37.887926+00:00,Houston,0x7a07ac1913ccc7bd2a281910b2bdaaa207388738f5446ebeafb98bacd4032cbf,Will the lowest temperature in Houston be between 70-71°F on September 4?,True,False,2026-09-04,2026-09-02,0.0,0.0,206.7855,,1788477857085,,0.58,0.42,,588.45,0.0,0.561361,,"{""Yes"": 0.21, ""No"": 0.79}","[""98247183267371701465384408195267730516783659709971449485402971456186348003441"", ""50247337949040671111088225199684821032280874566239840028956100729840945696156""]"
2026-09-03T23:21:37.887935+00:00,Houston,0xa1fe4c4562beaf912b919acc104f43214ee26ac85a82aee0e003be01e14600ba,Will the lowest temperature in Houston be between 72-73°F on September 4?,True,False,2026-09-04,2026-09-02,0.0,0.0,190.9721,,1788477894335,,0.58,0.42,,593.33,0.0,0.559112,,"{""Yes"": 0.215, ""No"": 0.785}","[""20790945535824766975050441475606720120991674462944851194275885971478181914473"", ""4332834768977325708665417528454337775423148607390968763653122776163452035175""]"
2026-09-03T23:21:37.887943+00:00,Houston,0x3b9c235b2300554cfe9306a7ac2662c7450ad6a48b6d14912db89cb0390e30da,Will the lowest temperature in Houston be between 74-75°F on September 4?,True,False,2026-09-04,2026-09-02,0.0,0.0,190.9721,,1788477882329,,0.58,0.42,,593.33,0.0,0.559112,,"{""Yes"": 0.215, ""No"": 0.785}","[""40183537816780413874451232014926851491069259121920960753312091721195914069182"", ""5086395188689883731573748943632636291727352457499081986100696347537713405583""]"
2026-09-03T23:21:37.887952+00:00,Houston,0x837998d6660c755784ffcc2e62a83011e085baa74ee3b366ffbc6e8b29e76146,Will the lowest temperature in Houston be between 76-77°F on September 4?,True,False,2026-09-04,2026-09-02,0.0,0.0,231.0215,,1788477857091,0.04,0.55,0.45,0.96,590.22,533.6,0.581135,0.980198,"{""Yes"": 0.245, ""No"": 0.755}","[""114451631000173546774515980297662740486960752678616799850022603240251841576313"", ""25515181516436573734693470002976111843963177784034069174348578759046280899214""]"
2026-09-03T23:21:37.887962+00:00,Houston,0x02e8788b8bbe8052cbc1d4d61f0411fe4371a6ff25e43e6b52be7d3a4d54b2d7,Will the lowest temperature in Houston be between 78-79°F on September 4?,True,False,2026-09-04,2026-09-02,15.549999999999999,9.55,195.2328,,1788477894408,0.17,0.49,0.51,0.83,724.63,328.08,0.630215,0.849644,"{""Yes"": 0.35, ""No"": 0.65}","[""9172643869197954529156358315315900784444827856991573305718102449946080807417"", ""71428566659671618056700691147923975342675518569076445248251388680987290418835""]"
2026-09-03T23:21:37.887972+00:00,Houston,0xd1ba9ef0763c1affe858bc4bcbc5eae866df19c603322f29e73b24fff6fc2df0,Will the lowest temperature in Houston be between 80-81°F on September 4?,True,False,2026-09-04,2026-09-02,1.666665,1.666665,209.477,,1788477857000,0.2,0.77,0.23,0.8,712.92,364.18,0.626613,0.824402,"{""Yes"": 0.205, ""No"": 0.795}","[""84242218286496430209144572846037304334598437009667641634626257831909428988212"", ""99965541558879195762433592065388127858898859795907632723982160064775864232022""]"
2026-09-03T23:21:37.887981+00:00,Houston,0x495a1b23623c8af910d96eec91cc715120f0ee36ac2bd9711641b2162ddaeb23,Will the lowest temperature in Houston be between 82-83°F on September 4?,True,False,2026-09-04,2026-09-02,0.0,0.0,193.3679,,1788477869329,,0.55,0.45,,594.88,0.0,0.556109,,"{""Yes"": 0.23, ""No"": 0.77}","[""70977956578597606596495086615531612734245059331450750288746223331429626455955"", ""112136910320804167735687333890200023988037611051882338622915680235193492752012""]"
2026-09-03T23:21:37.887991+00:00,Houston,0xb25272a668ef09496f7e332488951be43f45fd6aea6ce358bbaaae8209cbdd2d,Will the lowest temperature in Houston be between 84-85°F on September 4?,True,False,2026-09-04,2026-09-02,0.0,0.0,198.7155,,1788477857092,,0.94,0.06,,574.91,0.0,0.534718,,"{""Yes"": 0.03, ""No"": 0.97}","[""14043272702145474931336073700073276858682725637366986777966750318620735606204"", ""55585215218462248000777925477697620112545751574097868621790092432082399640549""]"
2026-09-03T23:21:37.888000+00:00,Houston,0xc1f5d4b9f419313886b89370564c7cf9bb58cd138ed1c6280af8c98f690219f6,Will the lowest temperature in Houston be between 86-87°F on September 4?,True,False,2026-09-04,2026-09-02,0.0,0.0,191.9721,,1788477857095,,0.58,0.42,,637.45,0.0,0.561361,,"{""Yes"": 0.215, ""No"": 0.785}","[""3626179918774850090758027633532101777453426011999558331210182417129610317490"", ""27637538050289038920867676143478427635695245524255363557145631212230297668544""]"
2026-09-03T23:21:37.888009+00:00,Houston,0x33bc8e92d745a7a0031286a9b48be78041da1afafe5ad729002acdfc8d23e034,Will the lowest temperature in Houston be 88°F or higher on September 4?,True,False,2026-09-04,2026-09-02,0.0,0.0,120.6257,,1788477881332,,0.57,0.43,,442.21,0.0,0.780216,,"{""Yes"": 0.215, ""No"": 0.785}","[""112148033159127197212683758884754653312051598277849972270542497022081446535526"", ""33669495506747899465500172968797243833132853881386061587128903297086855453436""]"
2026-09-03T23:21:37.888019+00:00,Houston,0x9a3b0103aacca10ad9361a97346a0ba335d298ba465ad10f9330fbfab410db47,Will the highest temperature in Houston be 81°F or below on September 5?,True,False,2026-09-05,2026-09-03,50.1,50.1,2044.3155,,1788477879188,0.002,0.99,0.01,0.998,966.97,1123.82,0.088312,0.998,"{""Yes"": 0.006, ""No"": 0.994}","[""30898165697245304039548035551008045127804746572977332324818698713612883974529"", ""108889714031986961267058541799516619722090549638984753184358678206308013902599""]"
2026-09-03T23:21:37.888028+00:00,Houston,0x496d37f96a396a9c08de35fb1c64c046792139b055f1f53242c81a177337ffb1,Will the highest temperature in Houston be between 82-83°F on September 5?,True,False,2026-09-05,2026-09-03,320.8585,320.8585,2897.5871,,1788477879187,0.001,0.99,0.01,0.999,15450.22,109.89,0.08442,0.999,"{""Yes"": 0.0055, ""No"": 0.9945}","[""35437654046417630418837071221041731178738497067568592121527001084769173549443"", ""115275095547726428383924007625395854158604788910559729021056666891238104440649""]"
2026-09-03T23:21:37.888038+00:00,Houston,0x77ac89cfdff1a9de6e447d97c04f8cfdef96b6ef83d3d2aea0ca4c48f907e4d5,Will the highest temperature in Houston be between 84-85°F on September 5?,True,False,2026-09-05,2026-09-03,20.8,20.8,2281.9255,,1788477879190,0.04,0.94,0.06,0.96,13376.99,262.8,0.157525,0.96,"{""Yes"": 0.05, ""No"": 0.95}","[""39501920417414569550896565127389904285720025328117378067037747047671114945265"", ""89894572357746426834340547871795116331830888865140086479081767087489311584368""]"
2026-09-03T23:21:37.888047+00:00,Houston,0x56200a65ea94c9c5a4260c3a1b4a6b1ad35987c06a487237d378c2ed1f079419,Will the highest temperature in Houston be between 86-87°F on September 5?,True,False,2026-09-05,2026-09-03,64.524528,64.524528,2396.4115,,1788477888094,0.13,0.85,0.15,0.87,13285.29,6346.31,0.177736,0.87,"{""Yes"": 0.14, ""No"": 0.86}","[""73592424751683682951106469126510908944323495129484375269434669134950473486023"", ""33473333185908012389656893383581733035459586270043407451593780793427192128231""]"
2026-09-03T23:21:37.888057+00:00,Houston,0xa8f589fbd2e21fb73a3757015ad0d27097d7d67d6bb125e62546531a5091abf7,Will the highest temperature in Houston be between 88-89°F on September 5?,True,False,2026-09-05,2026-09-03,583.041142,583.0411419999999,2981.2408,,1788477891246,0.25,0.74,0.26,0.75,14659.43,7920.35,0.273883,0.75,"{""Yes"": 0.255, ""No"": 0.745}","[""60438511816062367774982736070198760749032945155963365805232498464905642507969"", ""52384409257458319742632352423538877843920212879149549831561266580209077125402""]"
2026-09-03T23:21:37.888067+00:00,Houston,0xeee9c6414555338cbe9bfe4dc53e57c7a7038810066dceb41550d677128f0b4d,Will the highest temperature in Houston be between 90-91°F on September 5?,True,False,2026-09-05,2026-09-03,905.8110979999999,905.8110979999999,4908.0265,,1788477891782,0.31,0.67,0.33,0.69,15902.09,4530.61,0.334212,0.69,"{""Yes"": 0.325, ""No"": 0.675}","[""66778551584314630307363416684532850417099642375494004231415045964190428735693"", ""5661303443766734359735829825855809838427931627194057267510314975279173949855""]"
2026-09-03T23:21:37.888077+00:00,Houston,0x9cb69d90f0ac39796152b5bcc599d1c0c5cb96fd4ef6654ad3b8fa43cebfc5a4,Will the highest temperature in Houston be between 92-93°F on September 5?,True,False,2026-09-05,2026-09-03,57.342001,57.342001,3248.6222,,1788477891366,0.15,0.83,0.17,0.85,13919.31,8596.12,0.197148,0.85,"{""Yes"": 0.16, ""No"": 0.84}","[""9544081213142881750903485143036584383178242674281248855724964156528164377142"", ""1908809085756704743869214358797110155355821100888111097250525567731245774635""]"
2026-09-03T23:21:37.888086+00:00,Houston,0x04a7d0995105ddbcd28f82a306d71d82f8e71be361709883ecc6542ab265e091,Will the highest temperature in Houston be between 94-95°F on September 5?,True,False,2026-09-05,2026-09-03,0.0,0.0,1840.0598,,1788477891372,0.03,0.94,0.06,0.97,13391.71,522.69,0.165318,0.97,"{""Yes"": 0.045, ""No"": 0.955}","[""68117311130577163816352799935409703767613064453599163241648487005049844163955"", ""29151047686214883103644440625161634783913695548915649519954157476613970880829""]"
2026-09-03T23:21:37.888094+00:00,Houston,0x774a037bde344875060f53692d6076f5e8a998b43248adefb83736af098ac043,Will the highest temperature in Houston be between 96-97°F on September 5?,True,False,2026-09-05,2026-09-03,0.0,0.0,2305.9625,,1788477888075,0.001,0.99,0.01,0.999,15228.81,109.89,0.108748,0.999,"{""Yes"": 0.025, ""No"": 0.975}","[""28511164809742976483871441078077571442131272037879483773497023568405885940672"", ""18075698202114108660456404831011914789454667443433936653735627159786911832689""]"
2026-09-03T23:21:37.888105+00:00,Houston,0x4be43b5678457a6a3af77e4f323be797c24f99e992f3fd3da2e6e70b75759460,Will the highest temperature in Houston be between 98-99°F on September 5?,True,False,2026-09-05,2026-09-03,110.0,110.0,3056.9731,,1788477888075,0.001,0.99,0.01,0.999,15295.22,109.89,0.078679,0.999,"{""Yes"": 0.0055, ""No"": 0.9945}","[""86131387513243772407452671101330510241838893309789148311724080362810658482962"", ""83724948975303791363971596607667687316540730438957984581262510054233454207636""]"
2026-09-03T23:21:37.888114+00:00,Houston,0xd9d0ddfd332304f2e3fbd1490a73dc9f8b654974dff1a33bcab7ac408acb75ba,Will the highest temperature in Houston be 100°F or higher on September 5?,True,False,2026-09-05,2026-09-03,100.0,100.0,2368.1102,,1788477888074,0.001,0.98,0.02,0.999,3270.85,209.76,0.066754,0.999,"{""Yes"": 0.01, ""No"": 0.99}","[""105546495919230534114888957197966168638820849877593107713063723910672251358938"", ""51866386479323481968237062547600730795411928804997941850483583641190201698362""]"
2026-09-03T23:21:37.888123+00:00,Houston,0xf465bcaa18f5864c00a4ef2cc6e0fb79d4d36ea382b87a57a43a402878710f4d,Will the lowest temperature in Houston be 69°F or below on September 5?,True,False,2026-09-05,2026-09-03,0.0,0.0,110.15,,1788477865464,,0.52,0.48,,924.75,0.0,0.636364,,"{""Yes"": 0.235, ""No"": 0.765}","[""63589571416105710113071667975900454036180865017051152011606488570119667952394"", ""33080812423157259223598655009413452312990319718065778206177083314828634872868""]"
2026-09-03T23:21:37.888132+00:00,Houston,0x72e6e021e675f778af72c6f672d973ad1b35aa075af5379d1d96a65a8ed342de,Will the lowest temperature in Houston be between 70-71°F on September 5?,True,False,2026-09-05,2026-09-03,0.0,0.0,1104.4069,,1788477864116,,0.52,0.48,,12964.39,0.0,0.560174,,"{""Yes"": 0.235, ""No"": 0.765}","[""20830699535809699155050868245051207652319682181404546232213703177055045112848"", ""17309724605490696334975805781494829565099740858910887276236396859115892992880""]"
2026-09-03T23:21:37.888141+00:00,Houston,0x22171bf325cbf4f4e1942b7c1e523f960d29fefa6bb983961486fb961bc16985,Will the lowest temperature in Houston be between 72-73°F on September 5?,True,False,2026-09-05,2026-09-03,0.0,0.0,916.7369,,1788477864121,,0.52,0.48,,12808.71,0.0,0.560174,,"{""Yes"": 0.235, ""No"": 0.765}","[""29681942688450264213517374767570927414449246336162141631738150089786029343727"", ""10084447787742394428768315998991807687092835125574576756548224729751737057324""]"
2026-09-03T23:21:37.888150+00:00,Houston,0x6eb3b2fd74d481e1db14cc2cc7ae3ef1f1c104dc1754c00806d588aafa938ea2,Will the lowest temperature in Houston be between 74-75°F on September 5?,True,False,2026-09-05,2026-09-03,0.0,0.0,1108.5078,,1788477864122,0.04,0.51,0.49,0.96,13194.45,314.04,0.56975,0.974543,"{""Yes"": 0.265, ""No"": 0.735}","[""63520646688139243879410689750695588314596715535268260795294975182364152919297"", ""114867140344337872384009780759866213963540917344855293381116592740749922091610""]"
2026-09-03T23:21:37.888158+00:00,Houston,0xe7313995b40b3a29aa4a4f5e9c9eb96118fd11a70d8fa706ae13215748279880,Will the lowest temperature in Houston be between 76-77°F on September 5?,True,False,2026-09-05,2026-09-03,0.0,0.0,937.6709,,1788477864115,0.11,0.5,0.5,0.89,12503.88,1521.33,0.618552,0.899191,"{""Yes"": 0.315, ""No"": 0.685}","[""73888022838899357204927355696762317417230868365488103785735134341598198208821"", ""93186229553282779147964931919970932030170036987772364346154716159058298918575""]"
2026-09-03T23:21:37.888167+00:00,Houston,0x28a06bf493fadab98e9b775bead4ab802ec86c431dc2d98dc4ace022fe51b683,Will the lowest temperature in Houston be between 78-79°F on September 5?,True,False,2026-09-05,2026-09-03,0.0,0.0,819.3447,,1788477864024,0.32,0.5,0.5,0.68,12163.52,437.96,0.633313,0.776478,"{""Yes"": 0.42, ""No"": 0.58}","[""9067494698486521154933000222350500972546639142532784482851328421905088749961"", ""72550747725264938495312572085550175605676241688098571328487078106246123629769""]"
2026-09-03T23:21:37.888176+00:00,Houston,0x0afe5cb40ba0d3375890574e15626df72af22bb17ffbcf688ffca9cea898bdce,Will the lowest temperature in Houston be between 80-81°F on September 5?,True,False,2026-09-05,2026-09-03,0.0,0.0,895.6878,,1788477864118,0.05,0.51,0.49,0.95,12718.51,824.18,0.573162,0.965558,"{""Yes"": 0.27, ""No"": 0.73}","[""81160493052673444764886359781986406283918717289609610941709907510651428362556"", ""72259040574853556313983553638504031229217647873287059579824035766254643542073""]"
2026-09-03T23:21:37.888185+00:00,Houston,0xa7b452224d99ab273aaa4f2fc5ffca7d4bf93cc9370139463742b3f2e7c896a0,Will the lowest temperature in Houston be between 82-83°F on September 5?,True,False,2026-09-05,2026-09-03,0.0,0.0,1016.0869,,1788477864117,,0.52,0.48,,13098.91,0.0,0.560174,,"{""Yes"": 0.235, ""No"": 0.765}","[""11995462866523166301641415885618429486465299543239892542426932240212955166741"", ""15684455512249411786159415832067683711138262485346388831350622619338968276031""]"
2026-09-03T23:21:37.888194+00:00,Houston,0x95ebe6e098aa8f476ea10c0540a3538150124949c891b03c11837ad893ae6870,Will the lowest temperature in Houston be between 84-85°F on September 5?,True,False,2026-09-05,2026-09-03,0.0,0.0,1020.0901,,1788477867397,,0.8,0.2,,12588.47,0.0,0.355586,,"{""Yes"": 0.095, ""No"": 0.905}","[""112787937477271766127488529301896887395972206866430747959349037944666307165362"", ""5799201160469455295169045641399513556634556783969035252725947266361278618245""]"
2026-09-03T23:21:37.888203+00:00,Houston,0x470a77e8c2ea56ac7d14a32ea0a86cc075a217b463bd63f523447ad807b83110,Will the lowest temperature in Houston be between 86-87°F on September 5?,True,False,2026-09-05,2026-09-03,0.0,0.0,979.4001,,1788477867401,,0.8,0.2,,12759.03,0.0,0.355088,,"{""Yes"": 0.095, ""No"": 0.905}","[""29011565070448618684653294977542417106206934368924829490450633817028994752902"", ""10534725268099152034895060526042559450552545387136352561494776821863001658059""]"
2026-09-03T23:21:37.888212+00:00,Houston,0x37bdac52879518c302c4e840625c1ee158416fb83d1224745d6d6e6db9c19475,Will the lowest temperature in Houston be 88°F or higher on September 5?,True,False,2026-09-05,2026-09-03,0.0,0.0,110.23,,1788477865547,,0.41,0.59,,821.25,0.0,0.672,,"{""Yes"": 0.27, ""No"": 0.73}","[""114695141712304307996892119170322323009271759360331363031627316675460213701196"", ""84926884756564340793453986319778419085850962833937974655429299205360768714937""]"
