condition_id,city,question,token_id,outcome,timestamp_utc,price
0x923591dc00112a979e79499b2bbaef7034bdbff1553f70330c0db92dce713cf4,Houston,Will the highest temperature in Houston be 83°F or below on August 13?,69406086153921730344832629708269578132457921790274360110915308182918950622335,Yes,2026-08-14T00:00:22+00:00,0.0005
0x923591dc00112a979e79499b2bbaef7034bdbff1553f70330c0db92dce713cf4,Houston,Will the highest temperature in Houston be 83°F or below on August 13?,69406086153921730344832629708269578132457921790274360110915308182918950622335,Yes,2026-08-14T00:04:12+00:00,0.0005
0x923591dc00112a979e79499b2bbaef7034bdbff1553f70330c0db92dce713cf4,Houston,Will the highest temperature in Houston be 83°F or below on August 13?,46688005947980614288111242766149389299892471409411379282644452507766189811007,No,2026-08-14T00:00:22+00:00,0.9995
0x923591dc00112a979e79499b2bbaef7034bdbff1553f70330c0db92dce713cf4,Houston,Will the highest temperature in Houston be 83°F or below on August 13?,46688005947980614288111242766149389299892471409411379282644452507766189811007,No,2026-08-14T00:04:12+00:00,0.9995
0xcafcd3e0ed2f5f09dc1ab1a2b4172f1c320f4a8b8cf924289c66f459d67eb16a,Houston,Will the highest temperature in Houston be between 84-85°F on August 13?,69486791075496903620682555476164702885084088632699684109736531465512217499364,Yes,2026-08-14T00:00:12+00:00,0.0005
0xcafcd3e0ed2f5f09dc1ab1a2b4172f1c320f4a8b8cf924289c66f459d67eb16a,Houston,Will the highest temperature in Houston be between 84-85°F on August 13?,69486791075496903620682555476164702885084088632699684109736531465512217499364,Yes,2026-08-14T00:04:10+00:00,0.0005
0xcafcd3e0ed2f5f09dc1ab1a2b4172f1c320f4a8b8cf924289c66f459d67eb16a,Houston,Will the highest temperature in Houston be between 84-85°F on August 13?,59087506295492244479266504914263202403154649882112027604669188447992537992233,No,2026-08-14T00:00:18+00:00,0.9995
0xcafcd3e0ed2f5f09dc1ab1a2b4172f1c320f4a8b8cf924289c66f459d67eb16a,Houston,Will the highest temperature in Houston be between 84-85°F on August 13?,59087506295492244479266504914263202403154649882112027604669188447992537992233,No,2026-08-14T00:04:11+00:00,0.9995
0x268d1c06137c64507afb471a795607b6096193ca0e57a544d6cadbed1ec52e40,Houston,Will the highest temperature in Houston be between 86-87°F on August 13?,8627267881355848451077348304310129693280100626679239175468176248105912852749,Yes,2026-08-14T00:00:18+00:00,0.0005
0x268d1c06137c64507afb471a795607b6096193ca0e57a544d6cadbed1ec52e40,Houston,Will the highest temperature in Houston be between 86-87°F on August 13?,8627267881355848451077348304310129693280100626679239175468176248105912852749,Yes,2026-08-14T00:04:11+00:00,0.0005
0x268d1c06137c64507afb471a795607b6096193ca0e57a544d6cadbed1ec52e40,Houston,Will the highest temperature in Houston be between 86-87°F on August 13?,20621950400181441703301344816904556969516634097569533694150229773350422651623,No,2026-08-14T00:00:23+00:00,0.9995
0x268d1c06137c64507afb471a795607b6096193ca0e57a544d6cadbed1ec52e40,Houston,Will the highest temperature in Houston be between 86-87°F on August 13?,20621950400181441703301344816904556969516634097569533694150229773350422651623,No,2026-08-14T00:04:12+00:00,0.9995
0x759f68c9c35367304f43cfc4abb92a774434af583c80c59bfaaf87a0a8a16a1a,Houston,Will the highest temperature in Houston be between 88-89°F on August 13?,53224709206466944376751968405239580755939029148375194387091691564018712564669,Yes,2026-08-14T00:00:20+00:00,0.0005
0x759f68c9c35367304f43cfc4abb92a774434af583c80c59bfaaf87a0a8a16a1a,Houston,Will the highest temperature in Houston be between 88-89°F on August 13?,53224709206466944376751968405239580755939029148375194387091691564018712564669,Yes,2026-08-14T00:04:11+00:00,0.0005
0x759f68c9c35367304f43cfc4abb92a774434af583c80c59bfaaf87a0a8a16a1a,Houston,Will the highest temperature in Houston be between 88-89°F on August 13?,91834284160129985413351296404521237788590555758735281676182270479562160702347,No,2026-08-14T00:00:16+00:00,0.9995
0x759f68c9c35367304f43cfc4abb92a774434af583c80c59bfaaf87a0a8a16a1a,Houston,Will the highest temperature in Houston be between 88-89°F on August 13?,91834284160129985413351296404521237788590555758735281676182270479562160702347,No,2026-08-14T00:04:10+00:00,0.9995
0xb4304ff5006debe3bec473e77dffe51b580fb3b32f95de2e33f26dd11ecc6e59,Houston,Will the highest temperature in Houston be between 90-91°F on August 13?,36315432487635278829819580304242377785188974776327523839548739180671817269397,Yes,2026-08-14T00:00:19+00:00,0.0005
0xb4304ff5006debe3bec473e77dffe51b580fb3b32f95de2e33f26dd11ecc6e59,Houston,Will the highest temperature in Houston be between 90-91°F on August 13?,36315432487635278829819580304242377785188974776327523839548739180671817269397,Yes,2026-08-14T00:04:11+00:00,0.0005
0xb4304ff5006debe3bec473e77dffe51b580fb3b32f95de2e33f26dd11ecc6e59,Houston,Will the highest temperature in Houston be between 90-91°F on August 13?,26650001177748432233470071902005345023057683705979794038678957127723956819798,No,2026-08-14T00:00:21+00:00,0.9995
0xb4304ff5006debe3bec473e77dffe51b580fb3b32f95de2e33f26dd11ecc6e59,Houston,Will the highest temperature in Houston be between 90-91°F on August 13?,26650001177748432233470071902005345023057683705979794038678957127723956819798,No,2026-08-14T00:04:11+00:00,0.9995
0x591708fcc4edd8753f5921f91d6ad81ae1fdd74b3f870ba622792bdbf0f04fa9,Houston,Will the highest temperature in Houston be between 92-93°F on August 13?,16930914766053807510824002897182045401638992681953791904548953038573418483918,Yes,2026-08-14T00:00:20+00:00,0.0005
0x591708fcc4edd8753f5921f91d6ad81ae1fdd74b3f870ba622792bdbf0f04fa9,Houston,Will the highest temperature in Houston be between 92-93°F on August 13?,16930914766053807510824002897182045401638992681953791904548953038573418483918,Yes,2026-08-14T00:04:11+00:00,0.0005
0x591708fcc4edd8753f5921f91d6ad81ae1fdd74b3f870ba622792bdbf0f04fa9,Houston,Will the highest temperature in Houston be between 92-93°F on August 13?,75662041206163840390881297684515199603059537943810597044791316082672689515483,No,2026-08-14T00:00:21+00:00,0.9995
0x591708fcc4edd8753f5921f91d6ad81ae1fdd74b3f870ba622792bdbf0f04fa9,Houston,Will the highest temperature in Houston be between 92-93°F on August 13?,75662041206163840390881297684515199603059537943810597044791316082672689515483,No,2026-08-14T00:04:11+00:00,0.9995
0x1f46d0ab91be6cddac84fd618cca62ed617f1e3131ebcff888deb9c58d4e8a47,Houston,Will the highest temperature in Houston be between 94-95°F on August 13?,50946997333849350599664497708586917188519635992694348835868280192014183420984,Yes,2026-08-14T00:00:21+00:00,0.9995
0x1f46d0ab91be6cddac84fd618cca62ed617f1e3131ebcff888deb9c58d4e8a47,Houston,Will the highest temperature in Houston be between 94-95°F on August 13?,50946997333849350599664497708586917188519635992694348835868280192014183420984,Yes,2026-08-14T00:04:11+00:00,0.9995
0x1f46d0ab91be6cddac84fd618cca62ed617f1e3131ebcff888deb9c58d4e8a47,Houston,Will the highest temperature in Houston be between 94-95°F on August 13?,5350818621015101589610434761546786718565099646831620032947160586777681808310,No,2026-08-14T00:00:20+00:00,0.0005
0x1f46d0ab91be6cddac84fd618cca62ed617f1e3131ebcff888deb9c58d4e8a47,Houston,Will the highest temperature in Houston be between 94-95°F on August 13?,5350818621015101589610434761546786718565099646831620032947160586777681808310,No,2026-08-14T00:04:11+00:00,0.0005
0x2254414cb48a87c3214a9838f547f6bc8e666bd08abdf9ab576247b63983fcda,Houston,Will the highest temperature in Houston be between 96-97°F on August 13?,29801823816579795564596576726955583717049835793113781516478682404606849404869,Yes,2026-08-14T00:00:17+00:00,0.0005
0x2254414cb48a87c3214a9838f547f6bc8e666bd08abdf9ab576247b63983fcda,Houston,Will the highest temperature in Houston be between 96-97°F on August 13?,29801823816579795564596576726955583717049835793113781516478682404606849404869,Yes,2026-08-14T00:04:11+00:00,0.0005
0x2254414cb48a87c3214a9838f547f6bc8e666bd08abdf9ab576247b63983fcda,Houston,Will the highest temperature in Houston be between 96-97°F on August 13?,49459306978174228061523983837175130043112328019173162923951765298596154046308,No,2026-08-14T00:00:19+00:00,0.9995
0x2254414cb48a87c3214a9838f547f6bc8e666bd08abdf9ab576247b63983fcda,Houston,Will the highest temperature in Houston be between 96-97°F on August 13?,49459306978174228061523983837175130043112328019173162923951765298596154046308,No,2026-08-14T00:04:11+00:00,0.9995
0x57691358666d04451757666fe075782f2d61db4db2dd17faae3e6aa3efc6322a,Houston,Will the highest temperature in Houston be between 98-99°F on August 13?,45552880667728601829327965325742324307284330051594562785656395641167462987416,Yes,2026-08-14T00:00:22+00:00,0.0005
0x57691358666d04451757666fe075782f2d61db4db2dd17faae3e6aa3efc6322a,Houston,Will the highest temperature in Houston be between 98-99°F on August 13?,45552880667728601829327965325742324307284330051594562785656395641167462987416,Yes,2026-08-14T00:04:12+00:00,0.0005
0x57691358666d04451757666fe075782f2d61db4db2dd17faae3e6aa3efc6322a,Houston,Will the highest temperature in Houston be between 98-99°F on August 13?,114221506306348712439102148556791509695578219659695716368171436820154467515747,No,2026-08-14T00:00:20+00:00,0.9995
0x57691358666d04451757666fe075782f2d61db4db2dd17faae3e6aa3efc6322a,Houston,Will the highest temperature in Houston be between 98-99°F on August 13?,114221506306348712439102148556791509695578219659695716368171436820154467515747,No,2026-08-14T00:04:11+00:00,0.9995
0x1cb075542817aa27113ea3e90cd14fbaa7f87a973f6aea57f541439884362fb6,Houston,Will the highest temperature in Houston be between 100-101°F on August 13?,64457034569405762467985177300073990384169955263353934407547366154044833252116,Yes,2026-08-14T00:00:23+00:00,0.0005
0x1cb075542817aa27113ea3e90cd14fbaa7f87a973f6aea57f541439884362fb6,Houston,Will the highest temperature in Houston be between 100-101°F on August 13?,64457034569405762467985177300073990384169955263353934407547366154044833252116,Yes,2026-08-14T00:04:12+00:00,0.0005
0x1cb075542817aa27113ea3e90cd14fbaa7f87a973f6aea57f541439884362fb6,Houston,Will the highest temperature in Houston be between 100-101°F on August 13?,24166558234991137228376732079445559304902496774668081707473747768024865079493,No,2026-08-14T00:00:17+00:00,0.9995
0x1cb075542817aa27113ea3e90cd14fbaa7f87a973f6aea57f541439884362fb6,Houston,Will the highest temperature in Houston be between 100-101°F on August 13?,24166558234991137228376732079445559304902496774668081707473747768024865079493,No,2026-08-14T00:04:11+00:00,0.9995
0x9b9b3efc0ed95b6427e763f4f0b36f285347df6134fa3add5a87c451ac87968f,Houston,Will the highest temperature in Houston be 102°F or higher on August 13?,46711374945975598561735455645275926003396455677220428467181671627447361553582,Yes,2026-08-14T00:00:21+00:00,0.0005
0x9b9b3efc0ed95b6427e763f4f0b36f285347df6134fa3add5a87c451ac87968f,Houston,Will the highest temperature in Houston be 102°F or higher on August 13?,46711374945975598561735455645275926003396455677220428467181671627447361553582,Yes,2026-08-14T00:04:11+00:00,0.0005
0x9b9b3efc0ed95b6427e763f4f0b36f285347df6134fa3add5a87c451ac87968f,Houston,Will the highest temperature in Houston be 102°F or higher on August 13?,59380197800069032066334330062577435191087820941908399629604863153188854530666,No,2026-08-14T00:00:18+00:00,0.9995
0x9b9b3efc0ed95b6427e763f4f0b36f285347df6134fa3add5a87c451ac87968f,Houston,Will the highest temperature in Houston be 102°F or higher on August 13?,59380197800069032066334330062577435191087820941908399629604863153188854530666,No,2026-08-14T00:04:11+00:00,0.9995
0xe03ef83291d820246caccf8dde7f3c3c5ba99ede6499707ec39a0dbfa5fa9621,Houston,Will the highest temperature in Houston be 81°F or below on August 14?,10582267533514159443552209759363396668088663561125305460123149894061025640290,Yes,2026-08-14T00:00:22+00:00,0.0015
0xe03ef83291d820246caccf8dde7f3c3c5ba99ede6499707ec39a0dbfa5fa9621,Houston,Will the highest temperature in Houston be 81°F or below on August 14?,10582267533514159443552209759363396668088663561125305460123149894061025640290,Yes,2026-08-14T00:04:12+00:00,0.0015
0xe03ef83291d820246caccf8dde7f3c3c5ba99ede6499707ec39a0dbfa5fa9621,Houston,Will the highest temperature in Houston be 81°F or below on August 14?,111158787808786556713194645514958308437938534561145438512021977007770179475229,No,2026-08-14T00:00:15+00:00,0.9985
0xe03ef83291d820246caccf8dde7f3c3c5ba99ede6499707ec39a0dbfa5fa9621,Houston,Will the highest temperature in Houston be 81°F or below on August 14?,111158787808786556713194645514958308437938534561145438512021977007770179475229,No,2026-08-14T00:04:10+00:00,0.9985
0x2c9252da68703a428a93aacfe1ae3a4958420afe999ded3a38ab1d527bc4907b,Houston,Will the highest temperature in Houston be between 82-83°F on August 14?,101637321380572566648454246578585288131105111134612361834299664151638937052716,Yes,2026-08-14T00:00:21+00:00,0.002
0x2c9252da68703a428a93aacfe1ae3a4958420afe999ded3a38ab1d527bc4907b,Houston,Will the highest temperature in Houston be between 82-83°F on August 14?,101637321380572566648454246578585288131105111134612361834299664151638937052716,Yes,2026-08-14T00:04:11+00:00,0.002
0x2c9252da68703a428a93aacfe1ae3a4958420afe999ded3a38ab1d527bc4907b,Houston,Will the highest temperature in Houston be between 82-83°F on August 14?,48161865815974083272892286785915892840282933090526522993744387246710470767186,No,2026-08-14T00:00:18+00:00,0.998
0x2c9252da68703a428a93aacfe1ae3a4958420afe999ded3a38ab1d527bc4907b,Houston,Will the highest temperature in Houston be between 82-83°F on August 14?,48161865815974083272892286785915892840282933090526522993744387246710470767186,No,2026-08-14T00:04:11+00:00,0.998
0x838ca38b0c234b981dbe11c53b187127af82b1db5615aa90af8b983bad7e33a0,Houston,Will the highest temperature in Houston be between 84-85°F on August 14?,15488006698237351685732898401699475378252409616836608549277979398113110905993,Yes,2026-08-14T00:00:23+00:00,0.0035
0x838ca38b0c234b981dbe11c53b187127af82b1db5615aa90af8b983bad7e33a0,Houston,Will the highest temperature in Houston be between 84-85°F on August 14?,15488006698237351685732898401699475378252409616836608549277979398113110905993,Yes,2026-08-14T00:04:12+00:00,0.0035
0x838ca38b0c234b981dbe11c53b187127af82b1db5615aa90af8b983bad7e33a0,Houston,Will the highest temperature in Houston be between 84-85°F on August 14?,37235111768247177937255924086320729308997671573777008884072539717949232346097,No,2026-08-14T00:00:15+00:00,0.9965
0x838ca38b0c234b981dbe11c53b187127af82b1db5615aa90af8b983bad7e33a0,Houston,Will the highest temperature in Houston be between 84-85°F on August 14?,37235111768247177937255924086320729308997671573777008884072539717949232346097,No,2026-08-14T00:04:10+00:00,0.9965
0x2131d75b5f7d23cbdd2a31c1cf0c40f360cfa268c99879fa572777d6b19ea716,Houston,Will the highest temperature in Houston be between 86-87°F on August 14?,78539173942764984060922893189022592061364696833492576830221696070881650333698,Yes,2026-08-14T00:00:23+00:00,0.0055
0x2131d75b5f7d23cbdd2a31c1cf0c40f360cfa268c99879fa572777d6b19ea716,Houston,Will the highest temperature in Houston be between 86-87°F on August 14?,78539173942764984060922893189022592061364696833492576830221696070881650333698,Yes,2026-08-14T00:04:12+00:00,0.0055
0x2131d75b5f7d23cbdd2a31c1cf0c40f360cfa268c99879fa572777d6b19ea716,Houston,Will the highest temperature in Houston be between 86-87°F on August 14?,99594452899436634604728616421425036628463967257933630408493844113555809203568,No,2026-08-14T00:00:19+00:00,0.9945
0x2131d75b5f7d23cbdd2a31c1cf0c40f360cfa268c99879fa572777d6b19ea716,Houston,Will the highest temperature in Houston be between 86-87°F on August 14?,99594452899436634604728616421425036628463967257933630408493844113555809203568,No,2026-08-14T00:04:11+00:00,0.9945
0x4a11a8608853932cd58bfc49df03b8d7f7d98c49d7065b37399fe5401d68a07c,Houston,Will the highest temperature in Houston be between 88-89°F on August 14?,12837788342102810065288444386729051493761523072891597043461105824163058476041,Yes,2026-08-14T00:00:22+00:00,0.015
0x4a11a8608853932cd58bfc49df03b8d7f7d98c49d7065b37399fe5401d68a07c,Houston,Will the highest temperature in Houston be between 88-89°F on August 14?,12837788342102810065288444386729051493761523072891597043461105824163058476041,Yes,2026-08-14T00:04:12+00:00,0.03
0x4a11a8608853932cd58bfc49df03b8d7f7d98c49d7065b37399fe5401d68a07c,Houston,Will the highest temperature in Houston be between 88-89°F on August 14?,15435265914103628591634606585611734775031686808200489332633238193616638260101,No,2026-08-14T00:00:22+00:00,0.985
0x4a11a8608853932cd58bfc49df03b8d7f7d98c49d7065b37399fe5401d68a07c,Houston,Will the highest temperature in Houston be between 88-89°F on August 14?,15435265914103628591634606585611734775031686808200489332633238193616638260101,No,2026-08-14T00:04:12+00:00,0.97
0x359ba4cc0e574f8e33152bacfcaf52786de4d6d062ee22b88e593e455cea9ed4,Houston,Will the highest temperature in Houston be between 90-91°F on August 14?,27237451439041276029800328578030567263278401914511084798198491950237429257608,Yes,2026-08-14T00:00:22+00:00,0.125
0x359ba4cc0e574f8e33152bacfcaf52786de4d6d062ee22b88e593e455cea9ed4,Houston,Will the highest temperature in Houston be between 90-91°F on August 14?,27237451439041276029800328578030567263278401914511084798198491950237429257608,Yes,2026-08-14T00:04:12+00:00,0.13
0x359ba4cc0e574f8e33152bacfcaf52786de4d6d062ee22b88e593e455cea9ed4,Houston,Will the highest temperature in Houston be between 90-91°F on August 14?,57509207727069701865106438874519203285979365193645388728270454546337507123524,No,2026-08-14T00:00:22+00:00,0.875
0x359ba4cc0e574f8e33152bacfcaf52786de4d6d062ee22b88e593e455cea9ed4,Houston,Will the highest temperature in Houston be between 90-91°F on August 14?,57509207727069701865106438874519203285979365193645388728270454546337507123524,No,2026-08-14T00:04:11+00:00,0.87
0x8a49d18088a8d4ea5e44a96604618dd12339c1a7667012605575fe7b6d5986cd,Houston,Will the highest temperature in Houston be between 92-93°F on August 14?,65825908583112834870318381111223272312032080956679362549448857332496342945803,Yes,2026-08-14T00:00:12+00:00,0.47
0x8a49d18088a8d4ea5e44a96604618dd12339c1a7667012605575fe7b6d5986cd,Houston,Will the highest temperature in Houston be between 92-93°F on August 14?,65825908583112834870318381111223272312032080956679362549448857332496342945803,Yes,2026-08-14T00:04:10+00:00,0.47
0x8a49d18088a8d4ea5e44a96604618dd12339c1a7667012605575fe7b6d5986cd,Houston,Will the highest temperature in Houston be between 92-93°F on August 14?,69002621539137572358230488736682883203290859349309291930560738380543225189579,No,2026-08-14T00:00:20+00:00,0.53
0x8a49d18088a8d4ea5e44a96604618dd12339c1a7667012605575fe7b6d5986cd,Houston,Will the highest temperature in Houston be between 92-93°F on August 14?,69002621539137572358230488736682883203290859349309291930560738380543225189579,No,2026-08-14T00:04:11+00:00,0.53
0x0585850f9a9f2ccc51b9b81d710344edd285dc88e027338c66c2a2b33bdf80e8,Houston,Will the highest temperature in Houston be between 96-97°F on August 14?,36089177035045371458954855522096750336881786516527680673290407780910632087869,Yes,2026-08-14T00:00:18+00:00,0.07
0x0585850f9a9f2ccc51b9b81d710344edd285dc88e027338c66c2a2b33bdf80e8,Houston,Will the highest temperature in Houston be between 96-97°F on August 14?,36089177035045371458954855522096750336881786516527680673290407780910632087869,Yes,2026-08-14T00:04:11+00:00,0.07
0x0585850f9a9f2ccc51b9b81d710344edd285dc88e027338c66c2a2b33bdf80e8,Houston,Will the highest temperature in Houston be between 96-97°F on August 14?,61331753576686616021773079654416849516409903388112834330786441089762846107721,No,2026-08-14T00:00:17+00:00,0.93
0x0585850f9a9f2ccc51b9b81d710344edd285dc88e027338c66c2a2b33bdf80e8,Houston,Will the highest temperature in Houston be between 96-97°F on August 14?,61331753576686616021773079654416849516409903388112834330786441089762846107721,No,2026-08-14T00:04:11+00:00,0.93
0x431356a95518b339f4919119c67eac9584e60399289ad6cf0a070151af01034e,Houston,Will the highest temperature in Houston be between 98-99°F on August 14?,83863027271530607190889544752135253829494546723021793324830065419921580735990,Yes,2026-08-14T00:00:15+00:00,0.015
0x431356a95518b339f4919119c67eac9584e60399289ad6cf0a070151af01034e,Houston,Will the highest temperature in Houston be between 98-99°F on August 14?,83863027271530607190889544752135253829494546723021793324830065419921580735990,Yes,2026-08-14T00:04:10+00:00,0.015
0x431356a95518b339f4919119c67eac9584e60399289ad6cf0a070151af01034e,Houston,Will the highest temperature in Houston be between 98-99°F on August 14?,44524870878191586307854524290937563062990595664820402594499101592758246713953,No,2026-08-14T00:00:19+00:00,0.985
0x431356a95518b339f4919119c67eac9584e60399289ad6cf0a070151af01034e,Houston,Will the highest temperature in Houston be between 98-99°F on August 14?,44524870878191586307854524290937563062990595664820402594499101592758246713953,No,2026-08-14T00:04:11+00:00,0.985
0xd7a852e47de78c7c19595089aaa95941898e73430dcf5f0600d45d0fc63121c6,Houston,Will the highest temperature in Houston be 100°F or higher on August 14?,33897887330647821069422175789527372225927466609946237397541195049702442102327,Yes,2026-08-14T00:00:22+00:00,0.0025
0xd7a852e47de78c7c19595089aaa95941898e73430dcf5f0600d45d0fc63121c6,Houston,Will the highest temperature in Houston be 100°F or higher on August 14?,33897887330647821069422175789527372225927466609946237397541195049702442102327,Yes,2026-08-14T00:04:12+00:00,0.0025
0xd7a852e47de78c7c19595089aaa95941898e73430dcf5f0600d45d0fc63121c6,Houston,Will the highest temperature in Houston be 100°F or higher on August 14?,67244601611795342198309482055714030215900112278497582029973532853868199351410,No,2026-08-14T00:00:19+00:00,0.9975
0xd7a852e47de78c7c19595089aaa95941898e73430dcf5f0600d45d0fc63121c6,Houston,Will the highest temperature in Houston be 100°F or higher on August 14?,67244601611795342198309482055714030215900112278497582029973532853868199351410,No,2026-08-14T00:04:11+00:00,0.9975
0x923591dc00112a979e79499b2bbaef7034bdbff1553f70330c0db92dce713cf4,Houston,Will the highest temperature in Houston be 83°F or below on August 13?,69406086153921730344832629708269578132457921790274360110915308182918950622335,Yes,2026-08-14T01:00:26+00:00,0.0005
0x923591dc00112a979e79499b2bbaef7034bdbff1553f70330c0db92dce713cf4,Houston,Will the highest temperature in Houston be 83°F or below on August 13?,69406086153921730344832629708269578132457921790274360110915308182918950622335,Yes,2026-08-14T02:00:16+00:00,0.0005
0x923591dc00112a979e79499b2bbaef7034bdbff1553f70330c0db92dce713cf4,Houston,Will the highest temperature in Houston be 83°F or below on August 13?,69406086153921730344832629708269578132457921790274360110915308182918950622335,Yes,2026-08-14T02:50:13+00:00,0.0005
0x923591dc00112a979e79499b2bbaef7034bdbff1553f70330c0db92dce713cf4,Houston,Will the highest temperature in Houston be 83°F or below on August 13?,46688005947980614288111242766149389299892471409411379282644452507766189811007,No,2026-08-14T01:00:26+00:00,0.9995
0x923591dc00112a979e79499b2bbaef7034bdbff1553f70330c0db92dce713cf4,Houston,Will the highest temperature in Houston be 83°F or below on August 13?,46688005947980614288111242766149389299892471409411379282644452507766189811007,No,2026-08-14T02:00:16+00:00,0.9995
0x923591dc00112a979e79499b2bbaef7034bdbff1553f70330c0db92dce713cf4,Houston,Will the highest temperature in Houston be 83°F or below on August 13?,46688005947980614288111242766149389299892471409411379282644452507766189811007,No,2026-08-14T02:50:13+00:00,0.9995
0xcafcd3e0ed2f5f09dc1ab1a2b4172f1c320f4a8b8cf924289c66f459d67eb16a,Houston,Will the highest temperature in Houston be between 84-85°F on August 13?,69486791075496903620682555476164702885084088632699684109736531465512217499364,Yes,2026-08-14T01:00:22+00:00,0.0005
0xcafcd3e0ed2f5f09dc1ab1a2b4172f1c320f4a8b8cf924289c66f459d67eb16a,Houston,Will the highest temperature in Houston be between 84-85°F on August 13?,69486791075496903620682555476164702885084088632699684109736531465512217499364,Yes,2026-08-14T02:00:12+00:00,0.0005
0xcafcd3e0ed2f5f09dc1ab1a2b4172f1c320f4a8b8cf924289c66f459d67eb16a,Houston,Will the highest temperature in Houston be between 84-85°F on August 13?,69486791075496903620682555476164702885084088632699684109736531465512217499364,Yes,2026-08-14T02:50:10+00:00,0.0005
0xcafcd3e0ed2f5f09dc1ab1a2b4172f1c320f4a8b8cf924289c66f459d67eb16a,Houston,Will the highest temperature in Houston be between 84-85°F on August 13?,59087506295492244479266504914263202403154649882112027604669188447992537992233,No,2026-08-14T01:00:24+00:00,0.9995
0xcafcd3e0ed2f5f09dc1ab1a2b4172f1c320f4a8b8cf924289c66f459d67eb16a,Houston,Will the highest temperature in Houston be between 84-85°F on August 13?,59087506295492244479266504914263202403154649882112027604669188447992537992233,No,2026-08-14T02:00:14+00:00,0.9995
0xcafcd3e0ed2f5f09dc1ab1a2b4172f1c320f4a8b8cf924289c66f459d67eb16a,Houston,Will the highest temperature in Houston be between 84-85°F on August 13?,59087506295492244479266504914263202403154649882112027604669188447992537992233,No,2026-08-14T02:50:12+00:00,0.9995
0x268d1c06137c64507afb471a795607b6096193ca0e57a544d6cadbed1ec52e40,Houston,Will the highest temperature in Houston be between 86-87°F on August 13?,8627267881355848451077348304310129693280100626679239175468176248105912852749,Yes,2026-08-14T01:00:23+00:00,0.0005
0x268d1c06137c64507afb471a795607b6096193ca0e57a544d6cadbed1ec52e40,Houston,Will the highest temperature in Houston be between 86-87°F on August 13?,8627267881355848451077348304310129693280100626679239175468176248105912852749,Yes,2026-08-14T02:00:13+00:00,0.0005
0x268d1c06137c64507afb471a795607b6096193ca0e57a544d6cadbed1ec52e40,Houston,Will the highest temperature in Houston be between 86-87°F on August 13?,8627267881355848451077348304310129693280100626679239175468176248105912852749,Yes,2026-08-14T02:50:11+00:00,0.0005
0x268d1c06137c64507afb471a795607b6096193ca0e57a544d6cadbed1ec52e40,Houston,Will the highest temperature in Houston be between 86-87°F on August 13?,20621950400181441703301344816904556969516634097569533694150229773350422651623,No,2026-08-14T01:00:26+00:00,0.9995
0x268d1c06137c64507afb471a795607b6096193ca0e57a544d6cadbed1ec52e40,Houston,Will the highest temperature in Houston be between 86-87°F on August 13?,20621950400181441703301344816904556969516634097569533694150229773350422651623,No,2026-08-14T02:00:16+00:00,0.9995
0x268d1c06137c64507afb471a795607b6096193ca0e57a544d6cadbed1ec52e40,Houston,Will the highest temperature in Houston be between 86-87°F on August 13?,20621950400181441703301344816904556969516634097569533694150229773350422651623,No,2026-08-14T02:50:13+00:00,0.9995
0x759f68c9c35367304f43cfc4abb92a774434af583c80c59bfaaf87a0a8a16a1a,Houston,Will the highest temperature in Houston be between 88-89°F on August 13?,53224709206466944376751968405239580755939029148375194387091691564018712564669,Yes,2026-08-14T01:00:25+00:00,0.0005
0x759f68c9c35367304f43cfc4abb92a774434af583c80c59bfaaf87a0a8a16a1a,Houston,Will the highest temperature in Houston be between 88-89°F on August 13?,53224709206466944376751968405239580755939029148375194387091691564018712564669,Yes,2026-08-14T02:00:15+00:00,0.0005
0x759f68c9c35367304f43cfc4abb92a774434af583c80c59bfaaf87a0a8a16a1a,Houston,Will the highest temperature in Houston be between 88-89°F on August 13?,53224709206466944376751968405239580755939029148375194387091691564018712564669,Yes,2026-08-14T02:50:12+00:00,0.0005
0x759f68c9c35367304f43cfc4abb92a774434af583c80c59bfaaf87a0a8a16a1a,Houston,Will the highest temperature in Houston be between 88-89°F on August 13?,91834284160129985413351296404521237788590555758735281676182270479562160702347,No,2026-08-14T01:00:23+00:00,0.9995
0x759f68c9c35367304f43cfc4abb92a774434af583c80c59bfaaf87a0a8a16a1a,Houston,Will the highest temperature in Houston be between 88-89°F on August 13?,91834284160129985413351296404521237788590555758735281676182270479562160702347,No,2026-08-14T02:00:13+00:00,0.9995
0x759f68c9c35367304f43cfc4abb92a774434af583c80c59bfaaf87a0a8a16a1a,Houston,Will the highest temperature in Houston be between 88-89°F on August 13?,91834284160129985413351296404521237788590555758735281676182270479562160702347,No,2026-08-14T02:50:11+00:00,0.9995
0xb4304ff5006debe3bec473e77dffe51b580fb3b32f95de2e33f26dd11ecc6e59,Houston,Will the highest temperature in Houston be between 90-91°F on August 13?,36315432487635278829819580304242377785188974776327523839548739180671817269397,Yes,2026-08-14T01:00:24+00:00,0.0005
0xb4304ff5006debe3bec473e77dffe51b580fb3b32f95de2e33f26dd11ecc6e59,Houston,Will the highest temperature in Houston be between 90-91°F on August 13?,36315432487635278829819580304242377785188974776327523839548739180671817269397,Yes,2026-08-14T02:00:14+00:00,0.0005
0xb4304ff5006debe3bec473e77dffe51b580fb3b32f95de2e33f26dd11ecc6e59,Houston,Will the highest temperature in Houston be between 90-91°F on August 13?,36315432487635278829819580304242377785188974776327523839548739180671817269397,Yes,2026-08-14T02:50:12+00:00,0.0005
0xb4304ff5006debe3bec473e77dffe51b580fb3b32f95de2e33f26dd11ecc6e59,Houston,Will the highest temperature in Houston be between 90-91°F on August 13?,26650001177748432233470071902005345023057683705979794038678957127723956819798,No,2026-08-14T01:00:25+00:00,0.9995
0xb4304ff5006debe3bec473e77dffe51b580fb3b32f95de2e33f26dd11ecc6e59,Houston,Will the highest temperature in Houston be between 90-91°F on August 13?,26650001177748432233470071902005345023057683705979794038678957127723956819798,No,2026-08-14T02:00:15+00:00,0.9995
0xb4304ff5006debe3bec473e77dffe51b580fb3b32f95de2e33f26dd11ecc6e59,Houston,Will the highest temperature in Houston be between 90-91°F on August 13?,26650001177748432233470071902005345023057683705979794038678957127723956819798,No,2026-08-14T02:50:12+00:00,0.9995
0x591708fcc4edd8753f5921f91d6ad81ae1fdd74b3f870ba622792bdbf0f04fa9,Houston,Will the highest temperature in Houston be between 92-93°F on August 13?,16930914766053807510824002897182045401638992681953791904548953038573418483918,Yes,2026-08-14T01:00:25+00:00,0.0005
0x591708fcc4edd8753f5921f91d6ad81ae1fdd74b3f870ba622792bdbf0f04fa9,Houston,Will the highest temperature in Houston be between 92-93°F on August 13?,16930914766053807510824002897182045401638992681953791904548953038573418483918,Yes,2026-08-14T02:00:15+00:00,0.0005
0x591708fcc4edd8753f5921f91d6ad81ae1fdd74b3f870ba622792bdbf0f04fa9,Houston,Will the highest temperature in Houston be between 92-93°F on August 13?,16930914766053807510824002897182045401638992681953791904548953038573418483918,Yes,2026-08-14T02:50:12+00:00,0.0005
0x591708fcc4edd8753f5921f91d6ad81ae1fdd74b3f870ba622792bdbf0f04fa9,Houston,Will the highest temperature in Houston be between 92-93°F on August 13?,75662041206163840390881297684515199603059537943810597044791316082672689515483,No,2026-08-14T01:00:25+00:00,0.9995
0x591708fcc4edd8753f5921f91d6ad81ae1fdd74b3f870ba622792bdbf0f04fa9,Houston,Will the highest temperature in Houston be between 92-93°F on August 13?,75662041206163840390881297684515199603059537943810597044791316082672689515483,No,2026-08-14T02:00:15+00:00,0.9995
0x591708fcc4edd8753f5921f91d6ad81ae1fdd74b3f870ba622792bdbf0f04fa9,Houston,Will the highest temperature in Houston be between 92-93°F on August 13?,75662041206163840390881297684515199603059537943810597044791316082672689515483,No,2026-08-14T02:50:12+00:00,0.9995
0x1f46d0ab91be6cddac84fd618cca62ed617f1e3131ebcff888deb9c58d4e8a47,Houston,Will the highest temperature in Houston be between 94-95°F on August 13?,50946997333849350599664497708586917188519635992694348835868280192014183420984,Yes,2026-08-14T01:00:25+00:00,0.9995
0x1f46d0ab91be6cddac84fd618cca62ed617f1e3131ebcff888deb9c58d4e8a47,Houston,Will the highest temperature in Houston be between 94-95°F on August 13?,50946997333849350599664497708586917188519635992694348835868280192014183420984,Yes,2026-08-14T02:00:15+00:00,0.9995
0x1f46d0ab91be6cddac84fd618cca62ed617f1e3131ebcff888deb9c58d4e8a47,Houston,Will the highest temperature in Houston be between 94-95°F on August 13?,50946997333849350599664497708586917188519635992694348835868280192014183420984,Yes,2026-08-14T02:50:13+00:00,0.9995
0x1f46d0ab91be6cddac84fd618cca62ed617f1e3131ebcff888deb9c58d4e8a47,Houston,Will the highest temperature in Houston be between 94-95°F on August 13?,5350818621015101589610434761546786718565099646831620032947160586777681808310,No,2026-08-14T01:00:25+00:00,0.0005
0x1f46d0ab91be6cddac84fd618cca62ed617f1e3131ebcff888deb9c58d4e8a47,Houston,Will the highest temperature in Houston be between 94-95°F on August 13?,5350818621015101589610434761546786718565099646831620032947160586777681808310,No,2026-08-14T02:00:15+00:00,0.0005
0x1f46d0ab91be6cddac84fd618cca62ed617f1e3131ebcff888deb9c58d4e8a47,Houston,Will the highest temperature in Houston be between 94-95°F on August 13?,5350818621015101589610434761546786718565099646831620032947160586777681808310,No,2026-08-14T02:50:12+00:00,0.0005
0x2254414cb48a87c3214a9838f547f6bc8e666bd08abdf9ab576247b63983fcda,Houston,Will the highest temperature in Houston be between 96-97°F on August 13?,29801823816579795564596576726955583717049835793113781516478682404606849404869,Yes,2026-08-14T01:00:23+00:00,0.0005
0x2254414cb48a87c3214a9838f547f6bc8e666bd08abdf9ab576247b63983fcda,Houston,Will the highest temperature in Houston be between 96-97°F on August 13?,29801823816579795564596576726955583717049835793113781516478682404606849404869,Yes,2026-08-14T02:00:13+00:00,0.0005
0x2254414cb48a87c3214a9838f547f6bc8e666bd08abdf9ab576247b63983fcda,Houston,Will the highest temperature in Houston be between 96-97°F on August 13?,29801823816579795564596576726955583717049835793113781516478682404606849404869,Yes,2026-08-14T02:50:11+00:00,0.0005
0x2254414cb48a87c3214a9838f547f6bc8e666bd08abdf9ab576247b63983fcda,Houston,Will the highest temperature in Houston be between 96-97°F on August 13?,49459306978174228061523983837175130043112328019173162923951765298596154046308,No,2026-08-14T01:00:24+00:00,0.9995
0x2254414cb48a87c3214a9838f547f6bc8e666bd08abdf9ab576247b63983fcda,Houston,Will the highest temperature in Houston be between 96-97°F on August 13?,49459306978174228061523983837175130043112328019173162923951765298596154046308,No,2026-08-14T02:00:14+00:00,0.9995
0x2254414cb48a87c3214a9838f547f6bc8e666bd08abdf9ab576247b63983fcda,Houston,Will the highest temperature in Houston be between 96-97°F on August 13?,49459306978174228061523983837175130043112328019173162923951765298596154046308,No,2026-08-14T02:50:12+00:00,0.9995
0x57691358666d04451757666fe075782f2d61db4db2dd17faae3e6aa3efc6322a,Houston,Will the highest temperature in Houston be between 98-99°F on August 13?,45552880667728601829327965325742324307284330051594562785656395641167462987416,Yes,2026-08-14T01:00:26+00:00,0.0005
0x57691358666d04451757666fe075782f2d61db4db2dd17faae3e6aa3efc6322a,Houston,Will the highest temperature in Houston be between 98-99°F on August 13?,45552880667728601829327965325742324307284330051594562785656395641167462987416,Yes,2026-08-14T02:00:16+00:00,0.0005
0x57691358666d04451757666fe075782f2d61db4db2dd17faae3e6aa3efc6322a,Houston,Will the highest temperature in Houston be between 98-99°F on August 13?,45552880667728601829327965325742324307284330051594562785656395641167462987416,Yes,2026-08-14T02:50:13+00:00,0.0005
0x57691358666d04451757666fe075782f2d61db4db2dd17faae3e6aa3efc6322a,Houston,Will the highest temperature in Houston be between 98-99°F on August 13?,114221506306348712439102148556791509695578219659695716368171436820154467515747,No,2026-08-14T01:00:25+00:00,0.9995
0x57691358666d04451757666fe075782f2d61db4db2dd17faae3e6aa3efc6322a,Houston,Will the highest temperature in Houston be between 98-99°F on August 13?,114221506306348712439102148556791509695578219659695716368171436820154467515747,No,2026-08-14T02:00:15+00:00,0.9995
0x57691358666d04451757666fe075782f2d61db4db2dd17faae3e6aa3efc6322a,Houston,Will the highest temperature in Houston be between 98-99°F on August 13?,114221506306348712439102148556791509695578219659695716368171436820154467515747,No,2026-08-14T02:50:12+00:00,0.9995
0x1cb075542817aa27113ea3e90cd14fbaa7f87a973f6aea57f541439884362fb6,Houston,Will the highest temperature in Houston be between 100-101°F on August 13?,64457034569405762467985177300073990384169955263353934407547366154044833252116,Yes,2026-08-14T01:00:26+00:00,0.0005
0x1cb075542817aa27113ea3e90cd14fbaa7f87a973f6aea57f541439884362fb6,Houston,Will the highest temperature in Houston be between 100-101°F on August 13?,64457034569405762467985177300073990384169955263353934407547366154044833252116,Yes,2026-08-14T02:00:16+00:00,0.0005
0x1cb075542817aa27113ea3e90cd14fbaa7f87a973f6aea57f541439884362fb6,Houston,Will the highest temperature in Houston be between 100-101°F on August 13?,64457034569405762467985177300073990384169955263353934407547366154044833252116,Yes,2026-08-14T02:50:13+00:00,0.0005
0x1cb075542817aa27113ea3e90cd14fbaa7f87a973f6aea57f541439884362fb6,Houston,Will the highest temperature in Houston be between 100-101°F on August 13?,24166558234991137228376732079445559304902496774668081707473747768024865079493,No,2026-08-14T01:00:23+00:00,0.9995
0x1cb075542817aa27113ea3e90cd14fbaa7f87a973f6aea57f541439884362fb6,Houston,Will the highest temperature in Houston be between 100-101°F on August 13?,24166558234991137228376732079445559304902496774668081707473747768024865079493,No,2026-08-14T02:00:13+00:00,0.9995
0x1cb075542817aa27113ea3e90cd14fbaa7f87a973f6aea57f541439884362fb6,Houston,Will the highest temperature in Houston be between 100-101°F on August 13?,24166558234991137228376732079445559304902496774668081707473747768024865079493,No,2026-08-14T02:50:11+00:00,0.9995
0x9b9b3efc0ed95b6427e763f4f0b36f285347df6134fa3add5a87c451ac87968f,Houston,Will the highest temperature in Houston be 102°F or higher on August 13?,46711374945975598561735455645275926003396455677220428467181671627447361553582,Yes,2026-08-14T01:00:25+00:00,0.0005
0x9b9b3efc0ed95b6427e763f4f0b36f285347df6134fa3add5a87c451ac87968f,Houston,Will the highest temperature in Houston be 102°F or higher on August 13?,46711374945975598561735455645275926003396455677220428467181671627447361553582,Yes,2026-08-14T02:00:15+00:00,0.0005
0x9b9b3efc0ed95b6427e763f4f0b36f285347df6134fa3add5a87c451ac87968f,Houston,Will the highest temperature in Houston be 102°F or higher on August 13?,46711374945975598561735455645275926003396455677220428467181671627447361553582,Yes,2026-08-14T02:50:13+00:00,0.0005
0x9b9b3efc0ed95b6427e763f4f0b36f285347df6134fa3add5a87c451ac87968f,Houston,Will the highest temperature in Houston be 102°F or higher on August 13?,59380197800069032066334330062577435191087820941908399629604863153188854530666,No,2026-08-14T01:00:24+00:00,0.9995
0x9b9b3efc0ed95b6427e763f4f0b36f285347df6134fa3add5a87c451ac87968f,Houston,Will the highest temperature in Houston be 102°F or higher on August 13?,59380197800069032066334330062577435191087820941908399629604863153188854530666,No,2026-08-14T02:00:14+00:00,0.9995
0x9b9b3efc0ed95b6427e763f4f0b36f285347df6134fa3add5a87c451ac87968f,Houston,Will the highest temperature in Houston be 102°F or higher on August 13?,59380197800069032066334330062577435191087820941908399629604863153188854530666,No,2026-08-14T02:50:12+00:00,0.9995
0xe03ef83291d820246caccf8dde7f3c3c5ba99ede6499707ec39a0dbfa5fa9621,Houston,Will the highest temperature in Houston be 81°F or below on August 14?,10582267533514159443552209759363396668088663561125305460123149894061025640290,Yes,2026-08-14T01:00:26+00:00,0.0015
0xe03ef83291d820246caccf8dde7f3c3c5ba99ede6499707ec39a0dbfa5fa9621,Houston,Will the highest temperature in Houston be 81°F or below on August 14?,10582267533514159443552209759363396668088663561125305460123149894061025640290,Yes,2026-08-14T02:00:16+00:00,0.0015
0xe03ef83291d820246caccf8dde7f3c3c5ba99ede6499707ec39a0dbfa5fa9621,Houston,Will the highest temperature in Houston be 81°F or below on August 14?,10582267533514159443552209759363396668088663561125305460123149894061025640290,Yes,2026-08-14T02:50:13+00:00,0.0015
0xe03ef83291d820246caccf8dde7f3c3c5ba99ede6499707ec39a0dbfa5fa9621,Houston,Will the highest temperature in Houston be 81°F or below on August 14?,111158787808786556713194645514958308437938534561145438512021977007770179475229,No,2026-08-14T01:00:22+00:00,0.9985
0xe03ef83291d820246caccf8dde7f3c3c5ba99ede6499707ec39a0dbfa5fa9621,Houston,Will the highest temperature in Houston be 81°F or below on August 14?,111158787808786556713194645514958308437938534561145438512021977007770179475229,No,2026-08-14T02:00:12+00:00,0.9985
0xe03ef83291d820246caccf8dde7f3c3c5ba99ede6499707ec39a0dbfa5fa9621,Houston,Will the highest temperature in Houston be 81°F or below on August 14?,111158787808786556713194645514958308437938534561145438512021977007770179475229,No,2026-08-14T02:50:10+00:00,0.9985
0x2c9252da68703a428a93aacfe1ae3a4958420afe999ded3a38ab1d527bc4907b,Houston,Will the highest temperature in Houston be between 82-83°F on August 14?,101637321380572566648454246578585288131105111134612361834299664151638937052716,Yes,2026-08-14T01:00:25+00:00,0.002
0x2c9252da68703a428a93aacfe1ae3a4958420afe999ded3a38ab1d527bc4907b,Houston,Will the highest temperature in Houston be between 82-83°F on August 14?,101637321380572566648454246578585288131105111134612361834299664151638937052716,Yes,2026-08-14T02:00:15+00:00,0.002
0x2c9252da68703a428a93aacfe1ae3a4958420afe999ded3a38ab1d527bc4907b,Houston,Will the highest temperature in Houston be between 82-83°F on August 14?,101637321380572566648454246578585288131105111134612361834299664151638937052716,Yes,2026-08-14T02:50:13+00:00,0.002
0x2c9252da68703a428a93aacfe1ae3a4958420afe999ded3a38ab1d527bc4907b,Houston,Will the highest temperature in Houston be between 82-83°F on August 14?,48161865815974083272892286785915892840282933090526522993744387246710470767186,No,2026-08-14T01:00:23+00:00,0.998
0x2c9252da68703a428a93aacfe1ae3a4958420afe999ded3a38ab1d527bc4907b,Houston,Will the highest temperature in Houston be between 82-83°F on August 14?,48161865815974083272892286785915892840282933090526522993744387246710470767186,No,2026-08-14T02:00:13+00:00,0.998
0x2c9252da68703a428a93aacfe1ae3a4958420afe999ded3a38ab1d527bc4907b,Houston,Will the highest temperature in Houston be between 82-83°F on August 14?,48161865815974083272892286785915892840282933090526522993744387246710470767186,No,2026-08-14T02:50:11+00:00,0.998
0x838ca38b0c234b981dbe11c53b187127af82b1db5615aa90af8b983bad7e33a0,Houston,Will the highest temperature in Houston be between 84-85°F on August 14?,15488006698237351685732898401699475378252409616836608549277979398113110905993,Yes,2026-08-14T01:00:26+00:00,0.0035
0x838ca38b0c234b981dbe11c53b187127af82b1db5615aa90af8b983bad7e33a0,Houston,Will the highest temperature in Houston be between 84-85°F on August 14?,15488006698237351685732898401699475378252409616836608549277979398113110905993,Yes,2026-08-14T02:00:16+00:00,0.0035
0x838ca38b0c234b981dbe11c53b187127af82b1db5615aa90af8b983bad7e33a0,Houston,Will the highest temperature in Houston be between 84-85°F on August 14?,15488006698237351685732898401699475378252409616836608549277979398113110905993,Yes,2026-08-14T02:50:13+00:00,0.0035
0x838ca38b0c234b981dbe11c53b187127af82b1db5615aa90af8b983bad7e33a0,Houston,Will the highest temperature in Houston be between 84-85°F on August 14?,37235111768247177937255924086320729308997671573777008884072539717949232346097,No,2026-08-14T01:00:22+00:00,0.9965
0x838ca38b0c234b981dbe11c53b187127af82b1db5615aa90af8b983bad7e33a0,Houston,Will the highest temperature in Houston be between 84-85°F on August 14?,37235111768247177937255924086320729308997671573777008884072539717949232346097,No,2026-08-14T02:00:12+00:00,0.9965
0x838ca38b0c234b981dbe11c53b187127af82b1db5615aa90af8b983bad7e33a0,Houston,Will the highest temperature in Houston be between 84-85°F on August 14?,37235111768247177937255924086320729308997671573777008884072539717949232346097,No,2026-08-14T02:50:10+00:00,0.9965
0x2131d75b5f7d23cbdd2a31c1cf0c40f360cfa268c99879fa572777d6b19ea716,Houston,Will the highest temperature in Houston be between 86-87°F on August 14?,78539173942764984060922893189022592061364696833492576830221696070881650333698,Yes,2026-08-14T01:00:26+00:00,0.0055
0x2131d75b5f7d23cbdd2a31c1cf0c40f360cfa268c99879fa572777d6b19ea716,Houston,Will the highest temperature in Houston be between 86-87°F on August 14?,78539173942764984060922893189022592061364696833492576830221696070881650333698,Yes,2026-08-14T02:00:16+00:00,0.0055
0x2131d75b5f7d23cbdd2a31c1cf0c40f360cfa268c99879fa572777d6b19ea716,Houston,Will the highest temperature in Houston be between 86-87°F on August 14?,78539173942764984060922893189022592061364696833492576830221696070881650333698,Yes,2026-08-14T02:50:13+00:00,0.0055
0x2131d75b5f7d23cbdd2a31c1cf0c40f360cfa268c99879fa572777d6b19ea716,Houston,Will the highest temperature in Houston be between 86-87°F on August 14?,99594452899436634604728616421425036628463967257933630408493844113555809203568,No,2026-08-14T01:00:24+00:00,0.9945
0x2131d75b5f7d23cbdd2a31c1cf0c40f360cfa268c99879fa572777d6b19ea716,Houston,Will the highest temperature in Houston be between 86-87°F on August 14?,99594452899436634604728616421425036628463967257933630408493844113555809203568,No,2026-08-14T02:00:14+00:00,0.9945
0x2131d75b5f7d23cbdd2a31c1cf0c40f360cfa268c99879fa572777d6b19ea716,Houston,Will the highest temperature in Houston be between 86-87°F on August 14?,99594452899436634604728616421425036628463967257933630408493844113555809203568,No,2026-08-14T02:50:12+00:00,0.9945
0x4a11a8608853932cd58bfc49df03b8d7f7d98c49d7065b37399fe5401d68a07c,Houston,Will the highest temperature in Houston be between 88-89°F on August 14?,12837788342102810065288444386729051493761523072891597043461105824163058476041,Yes,2026-08-14T01:00:26+00:00,0.025
0x4a11a8608853932cd58bfc49df03b8d7f7d98c49d7065b37399fe5401d68a07c,Houston,Will the highest temperature in Houston be between 88-89°F on August 14?,12837788342102810065288444386729051493761523072891597043461105824163058476041,Yes,2026-08-14T02:00:16+00:00,0.025
0x4a11a8608853932cd58bfc49df03b8d7f7d98c49d7065b37399fe5401d68a07c,Houston,Will the highest temperature in Houston be between 88-89°F on August 14?,12837788342102810065288444386729051493761523072891597043461105824163058476041,Yes,2026-08-14T02:50:13+00:00,0.025
0x4a11a8608853932cd58bfc49df03b8d7f7d98c49d7065b37399fe5401d68a07c,Houston,Will the highest temperature in Houston be between 88-89°F on August 14?,15435265914103628591634606585611734775031686808200489332633238193616638260101,No,2026-08-14T01:00:26+00:00,0.975
0x4a11a8608853932cd58bfc49df03b8d7f7d98c49d7065b37399fe5401d68a07c,Houston,Will the highest temperature in Houston be between 88-89°F on August 14?,15435265914103628591634606585611734775031686808200489332633238193616638260101,No,2026-08-14T02:00:16+00:00,0.975
0x4a11a8608853932cd58bfc49df03b8d7f7d98c49d7065b37399fe5401d68a07c,Houston,Will the highest temperature in Houston be between 88-89°F on August 14?,15435265914103628591634606585611734775031686808200489332633238193616638260101,No,2026-08-14T02:50:13+00:00,0.975
0x359ba4cc0e574f8e33152bacfcaf52786de4d6d062ee22b88e593e455cea9ed4,Houston,Will the highest temperature in Houston be between 90-91°F on August 14?,27237451439041276029800328578030567263278401914511084798198491950237429257608,Yes,2026-08-14T01:00:26+00:00,0.125
0x359ba4cc0e574f8e33152bacfcaf52786de4d6d062ee22b88e593e455cea9ed4,Houston,Will the highest temperature in Houston be between 90-91°F on August 14?,27237451439041276029800328578030567263278401914511084798198491950237429257608,Yes,2026-08-14T02:00:16+00:00,0.13
0x359ba4cc0e574f8e33152bacfcaf52786de4d6d062ee22b88e593e455cea9ed4,Houston,Will the highest temperature in Houston be between 90-91°F on August 14?,27237451439041276029800328578030567263278401914511084798198491950237429257608,Yes,2026-08-14T02:50:13+00:00,0.11
0x359ba4cc0e574f8e33152bacfcaf52786de4d6d062ee22b88e593e455cea9ed4,Houston,Will the highest temperature in Houston be between 90-91°F on August 14?,57509207727069701865106438874519203285979365193645388728270454546337507123524,No,2026-08-14T01:00:25+00:00,0.875
0x359ba4cc0e574f8e33152bacfcaf52786de4d6d062ee22b88e593e455cea9ed4,Houston,Will the highest temperature in Houston be between 90-91°F on August 14?,57509207727069701865106438874519203285979365193645388728270454546337507123524,No,2026-08-14T02:00:15+00:00,0.87
0x359ba4cc0e574f8e33152bacfcaf52786de4d6d062ee22b88e593e455cea9ed4,Houston,Will the highest temperature in Houston be between 90-91°F on August 14?,57509207727069701865106438874519203285979365193645388728270454546337507123524,No,2026-08-14T02:50:13+00:00,0.89
0x8a49d18088a8d4ea5e44a96604618dd12339c1a7667012605575fe7b6d5986cd,Houston,Will the highest temperature in Houston be between 92-93°F on August 14?,65825908583112834870318381111223272312032080956679362549448857332496342945803,Yes,2026-08-14T01:00:22+00:00,0.47
0x8a49d18088a8d4ea5e44a96604618dd12339c1a7667012605575fe7b6d5986cd,Houston,Will the highest temperature in Houston be between 92-93°F on August 14?,65825908583112834870318381111223272312032080956679362549448857332496342945803,Yes,2026-08-14T02:00:12+00:00,0.46
0x8a49d18088a8d4ea5e44a96604618dd12339c1a7667012605575fe7b6d5986cd,Houston,Will the highest temperature in Houston be between 92-93°F on August 14?,65825908583112834870318381111223272312032080956679362549448857332496342945803,Yes,2026-08-14T02:50:10+00:00,0.485
0x8a49d18088a8d4ea5e44a96604618dd12339c1a7667012605575fe7b6d5986cd,Houston,Will the highest temperature in Houston be between 92-93°F on August 14?,69002621539137572358230488736682883203290859349309291930560738380543225189579,No,2026-08-14T01:00:25+00:00,0.53
0x8a49d18088a8d4ea5e44a96604618dd12339c1a7667012605575fe7b6d5986cd,Houston,Will the highest temperature in Houston be between 92-93°F on August 14?,69002621539137572358230488736682883203290859349309291930560738380543225189579,No,2026-08-14T02:00:15+00:00,0.54
0x8a49d18088a8d4ea5e44a96604618dd12339c1a7667012605575fe7b6d5986cd,Houston,Will the highest temperature in Houston be between 92-93°F on August 14?,69002621539137572358230488736682883203290859349309291930560738380543225189579,No,2026-08-14T02:50:12+00:00,0.515
0x7a5d60bfbc841d82b1e8db1257dd5ef81fb41538c5be8470b0547ee4791ef5b1,Houston,Will the highest temperature in Houston be between 94-95°F on August 14?,28831326021294620747215780146562171214476556340972182937833194616743212051655,Yes,2026-08-14T00:00:22+00:00,0.335
0x7a5d60bfbc841d82b1e8db1257dd5ef81fb41538c5be8470b0547ee4791ef5b1,Houston,Will the highest temperature in Houston be between 94-95°F on August 14?,28831326021294620747215780146562171214476556340972182937833194616743212051655,Yes,2026-08-14T01:00:26+00:00,0.335
0x7a5d60bfbc841d82b1e8db1257dd5ef81fb41538c5be8470b0547ee4791ef5b1,Houston,Will the highest temperature in Houston be between 94-95°F on August 14?,28831326021294620747215780146562171214476556340972182937833194616743212051655,Yes,2026-08-14T02:00:16+00:00,0.36
0x7a5d60bfbc841d82b1e8db1257dd5ef81fb41538c5be8470b0547ee4791ef5b1,Houston,Will the highest temperature in Houston be between 94-95°F on August 14?,28831326021294620747215780146562171214476556340972182937833194616743212051655,Yes,2026-08-14T02:50:13+00:00,0.355
0x7a5d60bfbc841d82b1e8db1257dd5ef81fb41538c5be8470b0547ee4791ef5b1,Houston,Will the highest temperature in Houston be between 94-95°F on August 14?,22433220007398485770687147518007825170185203863682135443889026347827370705057,No,2026-08-14T00:00:12+00:00,0.665
0x7a5d60bfbc841d82b1e8db1257dd5ef81fb41538c5be8470b0547ee4791ef5b1,Houston,Will the highest temperature in Houston be between 94-95°F on August 14?,22433220007398485770687147518007825170185203863682135443889026347827370705057,No,2026-08-14T01:00:22+00:00,0.665
0x7a5d60bfbc841d82b1e8db1257dd5ef81fb41538c5be8470b0547ee4791ef5b1,Houston,Will the highest temperature in Houston be between 94-95°F on August 14?,22433220007398485770687147518007825170185203863682135443889026347827370705057,No,2026-08-14T02:00:12+00:00,0.64
0x7a5d60bfbc841d82b1e8db1257dd5ef81fb41538c5be8470b0547ee4791ef5b1,Houston,Will the highest temperature in Houston be between 94-95°F on August 14?,22433220007398485770687147518007825170185203863682135443889026347827370705057,No,2026-08-14T02:50:10+00:00,0.645
0x0585850f9a9f2ccc51b9b81d710344edd285dc88e027338c66c2a2b33bdf80e8,Houston,Will the highest temperature in Houston be between 96-97°F on August 14?,36089177035045371458954855522096750336881786516527680673290407780910632087869,Yes,2026-08-14T01:00:24+00:00,0.07
0x0585850f9a9f2ccc51b9b81d710344edd285dc88e027338c66c2a2b33bdf80e8,Houston,Will the highest temperature in Houston be between 96-97°F on August 14?,36089177035045371458954855522096750336881786516527680673290407780910632087869,Yes,2026-08-14T02:00:14+00:00,0.05
0x0585850f9a9f2ccc51b9b81d710344edd285dc88e027338c66c2a2b33bdf80e8,Houston,Will the highest temperature in Houston be between 96-97°F on August 14?,36089177035045371458954855522096750336881786516527680673290407780910632087869,Yes,2026-08-14T02:50:12+00:00,0.045
0x0585850f9a9f2ccc51b9b81d710344edd285dc88e027338c66c2a2b33bdf80e8,Houston,Will the highest temperature in Houston be between 96-97°F on August 14?,61331753576686616021773079654416849516409903388112834330786441089762846107721,No,2026-08-14T01:00:23+00:00,0.93
0x0585850f9a9f2ccc51b9b81d710344edd285dc88e027338c66c2a2b33bdf80e8,Houston,Will the highest temperature in Houston be between 96-97°F on August 14?,61331753576686616021773079654416849516409903388112834330786441089762846107721,No,2026-08-14T02:00:13+00:00,0.95
0x0585850f9a9f2ccc51b9b81d710344edd285dc88e027338c66c2a2b33bdf80e8,Houston,Will the highest temperature in Houston be between 96-97°F on August 14?,61331753576686616021773079654416849516409903388112834330786441089762846107721,No,2026-08-14T02:50:11+00:00,0.955
0x431356a95518b339f4919119c67eac9584e60399289ad6cf0a070151af01034e,Houston,Will the highest temperature in Houston be between 98-99°F on August 14?,83863027271530607190889544752135253829494546723021793324830065419921580735990,Yes,2026-08-14T01:00:23+00:00,0.015
0x431356a95518b339f4919119c67eac9584e60399289ad6cf0a070151af01034e,Houston,Will the highest temperature in Houston be between 98-99°F on August 14?,83863027271530607190889544752135253829494546723021793324830065419921580735990,Yes,2026-08-14T02:00:12+00:00,0.015
0x431356a95518b339f4919119c67eac9584e60399289ad6cf0a070151af01034e,Houston,Will the highest temperature in Houston be between 98-99°F on August 14?,83863027271530607190889544752135253829494546723021793324830065419921580735990,Yes,2026-08-14T02:50:11+00:00,0.015
0x431356a95518b339f4919119c67eac9584e60399289ad6cf0a070151af01034e,Houston,Will the highest temperature in Houston be between 98-99°F on August 14?,44524870878191586307854524290937563062990595664820402594499101592758246713953,No,2026-08-14T01:00:24+00:00,0.985
0x431356a95518b339f4919119c67eac9584e60399289ad6cf0a070151af01034e,Houston,Will the highest temperature in Houston be between 98-99°F on August 14?,44524870878191586307854524290937563062990595664820402594499101592758246713953,No,2026-08-14T02:00:14+00:00,0.985
0x431356a95518b339f4919119c67eac9584e60399289ad6cf0a070151af01034e,Houston,Will the highest temperature in Houston be between 98-99°F on August 14?,44524870878191586307854524290937563062990595664820402594499101592758246713953,No,2026-08-14T02:50:12+00:00,0.985
0xd7a852e47de78c7c19595089aaa95941898e73430dcf5f0600d45d0fc63121c6,Houston,Will the highest temperature in Houston be 100°F or higher on August 14?,33897887330647821069422175789527372225927466609946237397541195049702442102327,Yes,2026-08-14T01:00:26+00:00,0.0015
0xd7a852e47de78c7c19595089aaa95941898e73430dcf5f0600d45d0fc63121c6,Houston,Will the highest temperature in Houston be 100°F or higher on August 14?,33897887330647821069422175789527372225927466609946237397541195049702442102327,Yes,2026-08-14T02:00:16+00:00,0.002
0xd7a852e47de78c7c19595089aaa95941898e73430dcf5f0600d45d0fc63121c6,Houston,Will the highest temperature in Houston be 100°F or higher on August 14?,33897887330647821069422175789527372225927466609946237397541195049702442102327,Yes,2026-08-14T02:50:13+00:00,0.002
0xd7a852e47de78c7c19595089aaa95941898e73430dcf5f0600d45d0fc63121c6,Houston,Will the highest temperature in Houston be 100°F or higher on August 14?,67244601611795342198309482055714030215900112278497582029973532853868199351410,No,2026-08-14T01:00:24+00:00,0.9975
0xd7a852e47de78c7c19595089aaa95941898e73430dcf5f0600d45d0fc63121c6,Houston,Will the highest temperature in Houston be 100°F or higher on August 14?,67244601611795342198309482055714030215900112278497582029973532853868199351410,No,2026-08-14T02:00:14+00:00,0.998
0xd7a852e47de78c7c19595089aaa95941898e73430dcf5f0600d45d0fc63121c6,Houston,Will the highest temperature in Houston be 100°F or higher on August 14?,67244601611795342198309482055714030215900112278497582029973532853868199351410,No,2026-08-14T02:50:12+00:00,0.998
0xbbe52480e5629af3408cba2173c1e2accf60414b33bc35fe9177576b5faae111,Houston,Will the highest temperature in Houston be 85°F or below on August 15?,21792247222320316455348016585688091666718661689086217027546582789932437638899,Yes,2026-08-14T01:00:22+00:00,0.0055
0xbbe52480e5629af3408cba2173c1e2accf60414b33bc35fe9177576b5faae111,Houston,Will the highest temperature in Houston be 85°F or below on August 15?,21792247222320316455348016585688091666718661689086217027546582789932437638899,Yes,2026-08-14T02:00:12+00:00,0.003
0xbbe52480e5629af3408cba2173c1e2accf60414b33bc35fe9177576b5faae111,Houston,Will the highest temperature in Houston be 85°F or below on August 15?,21792247222320316455348016585688091666718661689086217027546582789932437638899,Yes,2026-08-14T02:50:10+00:00,0.003
0xbbe52480e5629af3408cba2173c1e2accf60414b33bc35fe9177576b5faae111,Houston,Will the highest temperature in Houston be 85°F or below on August 15?,75949419147117607431547864708906726550184863265108159852984401612168561720072,No,2026-08-14T01:00:26+00:00,0.9945
0xbbe52480e5629af3408cba2173c1e2accf60414b33bc35fe9177576b5faae111,Houston,Will the highest temperature in Houston be 85°F or below on August 15?,75949419147117607431547864708906726550184863265108159852984401612168561720072,No,2026-08-14T02:00:16+00:00,0.997
0xbbe52480e5629af3408cba2173c1e2accf60414b33bc35fe9177576b5faae111,Houston,Will the highest temperature in Houston be 85°F or below on August 15?,75949419147117607431547864708906726550184863265108159852984401612168561720072,No,2026-08-14T02:50:13+00:00,0.997
0xd564813f00eac5009b02d53745a92a81760a0217d7923cce283d9c998d7f6755,Houston,Will the highest temperature in Houston be between 86-87°F on August 15?,43049807925073594025011736031866369931990012797229918636493344551886721216198,Yes,2026-08-14T01:00:23+00:00,0.0055
0xd564813f00eac5009b02d53745a92a81760a0217d7923cce283d9c998d7f6755,Houston,Will the highest temperature in Houston be between 86-87°F on August 15?,43049807925073594025011736031866369931990012797229918636493344551886721216198,Yes,2026-08-14T02:00:13+00:00,0.0055
0xd564813f00eac5009b02d53745a92a81760a0217d7923cce283d9c998d7f6755,Houston,Will the highest temperature in Houston be between 86-87°F on August 15?,43049807925073594025011736031866369931990012797229918636493344551886721216198,Yes,2026-08-14T02:50:11+00:00,0.0055
0xd564813f00eac5009b02d53745a92a81760a0217d7923cce283d9c998d7f6755,Houston,Will the highest temperature in Houston be between 86-87°F on August 15?,96094704431073330016481403794029023022295279070154282635768939242930271875882,No,2026-08-14T01:00:23+00:00,0.9945
0xd564813f00eac5009b02d53745a92a81760a0217d7923cce283d9c998d7f6755,Houston,Will the highest temperature in Houston be between 86-87°F on August 15?,96094704431073330016481403794029023022295279070154282635768939242930271875882,No,2026-08-14T02:00:12+00:00,0.9945
0xd564813f00eac5009b02d53745a92a81760a0217d7923cce283d9c998d7f6755,Houston,Will the highest temperature in Houston be between 86-87°F on August 15?,96094704431073330016481403794029023022295279070154282635768939242930271875882,No,2026-08-14T02:50:11+00:00,0.9945
0x3052631096905cec4afb05c136e6f233e5facb17f1fd88e8e1dc37098c40e1c6,Houston,Will the highest temperature in Houston be between 88-89°F on August 15?,72437507032381737692412267101659869340324351325604348277589691203335640471254,Yes,2026-08-14T01:00:23+00:00,0.105
0x3052631096905cec4afb05c136e6f233e5facb17f1fd88e8e1dc37098c40e1c6,Houston,Will the highest temperature in Houston be between 88-89°F on August 15?,72437507032381737692412267101659869340324351325604348277589691203335640471254,Yes,2026-08-14T02:00:13+00:00,0.015
0x3052631096905cec4afb05c136e6f233e5facb17f1fd88e8e1dc37098c40e1c6,Houston,Will the highest temperature in Houston be between 88-89°F on August 15?,72437507032381737692412267101659869340324351325604348277589691203335640471254,Yes,2026-08-14T02:50:11+00:00,0.01
0x3052631096905cec4afb05c136e6f233e5facb17f1fd88e8e1dc37098c40e1c6,Houston,Will the highest temperature in Houston be between 88-89°F on August 15?,1894709784926408289221080087040456972044290777223838083225631029304624751631,No,2026-08-14T01:00:24+00:00,0.895
0x3052631096905cec4afb05c136e6f233e5facb17f1fd88e8e1dc37098c40e1c6,Houston,Will the highest temperature in Houston be between 88-89°F on August 15?,1894709784926408289221080087040456972044290777223838083225631029304624751631,No,2026-08-14T02:00:14+00:00,0.985
0x3052631096905cec4afb05c136e6f233e5facb17f1fd88e8e1dc37098c40e1c6,Houston,Will the highest temperature in Houston be between 88-89°F on August 15?,1894709784926408289221080087040456972044290777223838083225631029304624751631,No,2026-08-14T02:50:12+00:00,0.99
0x7e8e69b45247ef4de66cef8ba3881da1064a8bbd1d069f3d95b2031073319541,Houston,Will the highest temperature in Houston be between 90-91°F on August 15?,41320162587522606068149653624074325380892076047593086335921443756159776442009,Yes,2026-08-14T01:00:22+00:00,0.035
0x7e8e69b45247ef4de66cef8ba3881da1064a8bbd1d069f3d95b2031073319541,Houston,Will the highest temperature in Houston be between 90-91°F on August 15?,41320162587522606068149653624074325380892076047593086335921443756159776442009,Yes,2026-08-14T02:00:12+00:00,0.025
0x7e8e69b45247ef4de66cef8ba3881da1064a8bbd1d069f3d95b2031073319541,Houston,Will the highest temperature in Houston be between 90-91°F on August 15?,41320162587522606068149653624074325380892076047593086335921443756159776442009,Yes,2026-08-14T02:50:10+00:00,0.025
0x7e8e69b45247ef4de66cef8ba3881da1064a8bbd1d069f3d95b2031073319541,Houston,Will the highest temperature in Houston be between 90-91°F on August 15?,103690395505024364632870652604112836193113934911399486805006957350984736870603,No,2026-08-14T01:00:23+00:00,0.965
0x7e8e69b45247ef4de66cef8ba3881da1064a8bbd1d069f3d95b2031073319541,Houston,Will the highest temperature in Houston be between 90-91°F on August 15?,103690395505024364632870652604112836193113934911399486805006957350984736870603,No,2026-08-14T02:00:13+00:00,0.975
0x7e8e69b45247ef4de66cef8ba3881da1064a8bbd1d069f3d95b2031073319541,Houston,Will the highest temperature in Houston be between 90-91°F on August 15?,103690395505024364632870652604112836193113934911399486805006957350984736870603,No,2026-08-14T02:50:11+00:00,0.975
0x0152cf4233bd54231128058767a7206c7924825369e4f57511012296396af902,Houston,Will the highest temperature in Houston be between 92-93°F on August 15?,81683630114945104796933810026778392817877389339133108532289576352923761188441,Yes,2026-08-14T02:00:14+00:00,0.135
0x0152cf4233bd54231128058767a7206c7924825369e4f57511012296396af902,Houston,Will the highest temperature in Houston be between 92-93°F on August 15?,81683630114945104796933810026778392817877389339133108532289576352923761188441,Yes,2026-08-14T02:50:11+00:00,0.12
0x0152cf4233bd54231128058767a7206c7924825369e4f57511012296396af902,Houston,Will the highest temperature in Houston be between 92-93°F on August 15?,44427761966912710604620970339871992409298953880478602520140592265674414378156,No,2026-08-14T02:00:12+00:00,0.865
0x0152cf4233bd54231128058767a7206c7924825369e4f57511012296396af902,Houston,Will the highest temperature in Houston be between 92-93°F on August 15?,44427761966912710604620970339871992409298953880478602520140592265674414378156,No,2026-08-14T02:50:10+00:00,0.88
0xd2171addf5f849aa8160479c6ebd96def6df0b9a58696c65197430c2d8ed3a08,Houston,Will the highest temperature in Houston be between 94-95°F on August 15?,69285490719824938303299081847378210474836392804357009538534299739263287520688,Yes,2026-08-14T02:00:13+00:00,0.285
0xd2171addf5f849aa8160479c6ebd96def6df0b9a58696c65197430c2d8ed3a08,Houston,Will the highest temperature in Houston be between 94-95°F on August 15?,69285490719824938303299081847378210474836392804357009538534299739263287520688,Yes,2026-08-14T02:50:11+00:00,0.335
0xd2171addf5f849aa8160479c6ebd96def6df0b9a58696c65197430c2d8ed3a08,Houston,Will the highest temperature in Houston be between 94-95°F on August 15?,93030434570398115897794942659416787648125325967731719447124518099424084549882,No,2026-08-14T02:00:16+00:00,0.68
0xd2171addf5f849aa8160479c6ebd96def6df0b9a58696c65197430c2d8ed3a08,Houston,Will the highest temperature in Houston be between 94-95°F on August 15?,93030434570398115897794942659416787648125325967731719447124518099424084549882,No,2026-08-14T02:50:13+00:00,0.665
0x53fc96d38c9956e853fd8f19c48c8e38ec9cfae378588f5d840e09b71ce0b083,Houston,Will the highest temperature in Houston be between 96-97°F on August 15?,99270992836300752328939877966366149006142227363021353470305550180050966847173,Yes,2026-08-14T02:00:13+00:00,0.34
0x53fc96d38c9956e853fd8f19c48c8e38ec9cfae378588f5d840e09b71ce0b083,Houston,Will the highest temperature in Houston be between 96-97°F on August 15?,99270992836300752328939877966366149006142227363021353470305550180050966847173,Yes,2026-08-14T02:50:11+00:00,0.335
0x53fc96d38c9956e853fd8f19c48c8e38ec9cfae378588f5d840e09b71ce0b083,Houston,Will the highest temperature in Houston be between 96-97°F on August 15?,78479618278422626974959199354830075521241378844320870782058987061772523695188,No,2026-08-14T02:00:13+00:00,0.66
0x53fc96d38c9956e853fd8f19c48c8e38ec9cfae378588f5d840e09b71ce0b083,Houston,Will the highest temperature in Houston be between 96-97°F on August 15?,78479618278422626974959199354830075521241378844320870782058987061772523695188,No,2026-08-14T02:50:11+00:00,0.665
0xe0b4a6377c867a2f892d4b8350a0c468d11a810dcab6619bd1dd17645a20f2d6,Houston,Will the highest temperature in Houston be between 98-99°F on August 15?,27977338018292946940662444902912348467803007867220110150328464506724100066340,Yes,2026-08-14T02:00:16+00:00,0.105
0xe0b4a6377c867a2f892d4b8350a0c468d11a810dcab6619bd1dd17645a20f2d6,Houston,Will the highest temperature in Houston be between 98-99°F on August 15?,27977338018292946940662444902912348467803007867220110150328464506724100066340,Yes,2026-08-14T02:50:13+00:00,0.14
0xe0b4a6377c867a2f892d4b8350a0c468d11a810dcab6619bd1dd17645a20f2d6,Houston,Will the highest temperature in Houston be between 98-99°F on August 15?,15892001859657100646986515180346706843066198887789644354272927945426335419270,No,2026-08-14T02:00:16+00:00,0.895
0xe0b4a6377c867a2f892d4b8350a0c468d11a810dcab6619bd1dd17645a20f2d6,Houston,Will the highest temperature in Houston be between 98-99°F on August 15?,15892001859657100646986515180346706843066198887789644354272927945426335419270,No,2026-08-14T02:50:13+00:00,0.86
0x89cf4aa9b206a720137da34466ec72b69b0e4f6d66ce201bf252394ebe5c3a9e,Houston,Will the highest temperature in Houston be between 100-101°F on August 15?,30716988798286352312993129143806589709193025409146214824487163036113491528884,Yes,2026-08-14T02:00:14+00:00,0.05
0x89cf4aa9b206a720137da34466ec72b69b0e4f6d66ce201bf252394ebe5c3a9e,Houston,Will the highest temperature in Houston be between 100-101°F on August 15?,30716988798286352312993129143806589709193025409146214824487163036113491528884,Yes,2026-08-14T02:50:12+00:00,0.05
0x89cf4aa9b206a720137da34466ec72b69b0e4f6d66ce201bf252394ebe5c3a9e,Houston,Will the highest temperature in Houston be between 100-101°F on August 15?,18013119044405041672388559947777763440168912238944503619149735234200723283496,No,2026-08-14T02:00:16+00:00,0.95
0x89cf4aa9b206a720137da34466ec72b69b0e4f6d66ce201bf252394ebe5c3a9e,Houston,Will the highest temperature in Houston be between 100-101°F on August 15?,18013119044405041672388559947777763440168912238944503619149735234200723283496,No,2026-08-14T02:50:13+00:00,0.95
0xb96a18cd587db80c8344e4b508f4da7455ec19d3102968f0948db498e165c037,Houston,Will the highest temperature in Houston be between 102-103°F on August 15?,6613685240130534578554470367080606226806052226890418464573103849593412920500,Yes,2026-08-14T01:00:23+00:00,0.07
0xb96a18cd587db80c8344e4b508f4da7455ec19d3102968f0948db498e165c037,Houston,Will the highest temperature in Houston be between 102-103°F on August 15?,6613685240130534578554470367080606226806052226890418464573103849593412920500,Yes,2026-08-14T02:00:13+00:00,0.01
0xb96a18cd587db80c8344e4b508f4da7455ec19d3102968f0948db498e165c037,Houston,Will the highest temperature in Houston be between 102-103°F on August 15?,6613685240130534578554470367080606226806052226890418464573103849593412920500,Yes,2026-08-14T02:50:11+00:00,0.01
0xb96a18cd587db80c8344e4b508f4da7455ec19d3102968f0948db498e165c037,Houston,Will the highest temperature in Houston be between 102-103°F on August 15?,49107487298986291359963641465557459149842285386209103792729470717003821401043,No,2026-08-14T01:00:24+00:00,0.93
0xb96a18cd587db80c8344e4b508f4da7455ec19d3102968f0948db498e165c037,Houston,Will the highest temperature in Houston be between 102-103°F on August 15?,49107487298986291359963641465557459149842285386209103792729470717003821401043,No,2026-08-14T02:00:14+00:00,0.99
0xb96a18cd587db80c8344e4b508f4da7455ec19d3102968f0948db498e165c037,Houston,Will the highest temperature in Houston be between 102-103°F on August 15?,49107487298986291359963641465557459149842285386209103792729470717003821401043,No,2026-08-14T02:50:12+00:00,0.99
0xceb9fa6a5b0dd8c81698b0c19441f8ace8d3308c6f2beb3399eece0f64a45133,Houston,Will the highest temperature in Houston be 104°F or higher on August 15?,105543005645118994307072673960185924437532319023461923293299298243471538385450,Yes,2026-08-14T01:00:25+00:00,0.035
0xceb9fa6a5b0dd8c81698b0c19441f8ace8d3308c6f2beb3399eece0f64a45133,Houston,Will the highest temperature in Houston be 104°F or higher on August 15?,105543005645118994307072673960185924437532319023461923293299298243471538385450,Yes,2026-08-14T02:00:15+00:00,0.005
0xceb9fa6a5b0dd8c81698b0c19441f8ace8d3308c6f2beb3399eece0f64a45133,Houston,Will the highest temperature in Houston be 104°F or higher on August 15?,105543005645118994307072673960185924437532319023461923293299298243471538385450,Yes,2026-08-14T02:50:13+00:00,0.0015
0xceb9fa6a5b0dd8c81698b0c19441f8ace8d3308c6f2beb3399eece0f64a45133,Houston,Will the highest temperature in Houston be 104°F or higher on August 15?,40771140627971468391051354600899336664919344343264834076131598893492692748614,No,2026-08-14T01:00:25+00:00,0.965
0xceb9fa6a5b0dd8c81698b0c19441f8ace8d3308c6f2beb3399eece0f64a45133,Houston,Will the highest temperature in Houston be 104°F or higher on August 15?,40771140627971468391051354600899336664919344343264834076131598893492692748614,No,2026-08-14T02:00:15+00:00,0.995
0xceb9fa6a5b0dd8c81698b0c19441f8ace8d3308c6f2beb3399eece0f64a45133,Houston,Will the highest temperature in Houston be 104°F or higher on August 15?,40771140627971468391051354600899336664919344343264834076131598893492692748614,No,2026-08-14T02:50:13+00:00,0.9985
0x923591dc00112a979e79499b2bbaef7034bdbff1553f70330c0db92dce713cf4,Houston,Will the highest temperature in Houston be 83°F or below on August 13?,69406086153921730344832629708269578132457921790274360110915308182918950622335,Yes,2026-08-14T03:00:15+00:00,0.0005
0x923591dc00112a979e79499b2bbaef7034bdbff1553f70330c0db92dce713cf4,Houston,Will the highest temperature in Houston be 83°F or below on August 13?,69406086153921730344832629708269578132457921790274360110915308182918950622335,Yes,2026-08-14T04:00:13+00:00,0.0005
0x923591dc00112a979e79499b2bbaef7034bdbff1553f70330c0db92dce713cf4,Houston,Will the highest temperature in Houston be 83°F or below on August 13?,69406086153921730344832629708269578132457921790274360110915308182918950622335,Yes,2026-08-14T05:00:18+00:00,0.0005
0x923591dc00112a979e79499b2bbaef7034bdbff1553f70330c0db92dce713cf4,Houston,Will the highest temperature in Houston be 83°F or below on August 13?,69406086153921730344832629708269578132457921790274360110915308182918950622335,Yes,2026-08-14T05:03:13+00:00,0.0005
0x923591dc00112a979e79499b2bbaef7034bdbff1553f70330c0db92dce713cf4,Houston,Will the highest temperature in Houston be 83°F or below on August 13?,46688005947980614288111242766149389299892471409411379282644452507766189811007,No,2026-08-14T03:00:14+00:00,0.9995
0x923591dc00112a979e79499b2bbaef7034bdbff1553f70330c0db92dce713cf4,Houston,Will the highest temperature in Houston be 83°F or below on August 13?,46688005947980614288111242766149389299892471409411379282644452507766189811007,No,2026-08-14T04:00:13+00:00,0.9995
0x923591dc00112a979e79499b2bbaef7034bdbff1553f70330c0db92dce713cf4,Houston,Will the highest temperature in Houston be 83°F or below on August 13?,46688005947980614288111242766149389299892471409411379282644452507766189811007,No,2026-08-14T05:00:17+00:00,0.9995
0x923591dc00112a979e79499b2bbaef7034bdbff1553f70330c0db92dce713cf4,Houston,Will the highest temperature in Houston be 83°F or below on August 13?,46688005947980614288111242766149389299892471409411379282644452507766189811007,No,2026-08-14T05:07:13+00:00,0.9995
0xcafcd3e0ed2f5f09dc1ab1a2b4172f1c320f4a8b8cf924289c66f459d67eb16a,Houston,Will the highest temperature in Houston be between 84-85°F on August 13?,69486791075496903620682555476164702885084088632699684109736531465512217499364,Yes,2026-08-14T03:00:08+00:00,0.0005
0xcafcd3e0ed2f5f09dc1ab1a2b4172f1c320f4a8b8cf924289c66f459d67eb16a,Houston,Will the highest temperature in Houston be between 84-85°F on August 13?,69486791075496903620682555476164702885084088632699684109736531465512217499364,Yes,2026-08-14T04:00:08+00:00,0.0005
0xcafcd3e0ed2f5f09dc1ab1a2b4172f1c320f4a8b8cf924289c66f459d67eb16a,Houston,Will the highest temperature in Houston be between 84-85°F on August 13?,69486791075496903620682555476164702885084088632699684109736531465512217499364,Yes,2026-08-14T05:00:12+00:00,0.0005
0xcafcd3e0ed2f5f09dc1ab1a2b4172f1c320f4a8b8cf924289c66f459d67eb16a,Houston,Will the highest temperature in Houston be between 84-85°F on August 13?,59087506295492244479266504914263202403154649882112027604669188447992537992233,No,2026-08-14T03:00:12+00:00,0.9995
0xcafcd3e0ed2f5f09dc1ab1a2b4172f1c320f4a8b8cf924289c66f459d67eb16a,Houston,Will the highest temperature in Houston be between 84-85°F on August 13?,59087506295492244479266504914263202403154649882112027604669188447992537992233,No,2026-08-14T04:00:10+00:00,0.9995
0xcafcd3e0ed2f5f09dc1ab1a2b4172f1c320f4a8b8cf924289c66f459d67eb16a,Houston,Will the highest temperature in Houston be between 84-85°F on August 13?,59087506295492244479266504914263202403154649882112027604669188447992537992233,No,2026-08-14T05:00:15+00:00,0.9995
0xcafcd3e0ed2f5f09dc1ab1a2b4172f1c320f4a8b8cf924289c66f459d67eb16a,Houston,Will the highest temperature in Houston be between 84-85°F on August 13?,59087506295492244479266504914263202403154649882112027604669188447992537992233,No,2026-08-14T05:07:11+00:00,0.9995
0x268d1c06137c64507afb471a795607b6096193ca0e57a544d6cadbed1ec52e40,Houston,Will the highest temperature in Houston be between 86-87°F on August 13?,8627267881355848451077348304310129693280100626679239175468176248105912852749,Yes,2026-08-14T03:00:11+00:00,0.0005
0x268d1c06137c64507afb471a795607b6096193ca0e57a544d6cadbed1ec52e40,Houston,Will the highest temperature in Houston be between 86-87°F on August 13?,8627267881355848451077348304310129693280100626679239175468176248105912852749,Yes,2026-08-14T04:00:10+00:00,0.0005
0x268d1c06137c64507afb471a795607b6096193ca0e57a544d6cadbed1ec52e40,Houston,Will the highest temperature in Houston be between 86-87°F on August 13?,8627267881355848451077348304310129693280100626679239175468176248105912852749,Yes,2026-08-14T05:00:14+00:00,0.0005
0x268d1c06137c64507afb471a795607b6096193ca0e57a544d6cadbed1ec52e40,Houston,Will the highest temperature in Houston be between 86-87°F on August 13?,8627267881355848451077348304310129693280100626679239175468176248105912852749,Yes,2026-08-14T05:03:11+00:00,0.0005
0x268d1c06137c64507afb471a795607b6096193ca0e57a544d6cadbed1ec52e40,Houston,Will the highest temperature in Houston be between 86-87°F on August 13?,20621950400181441703301344816904556969516634097569533694150229773350422651623,No,2026-08-14T03:00:15+00:00,0.9995
0x268d1c06137c64507afb471a795607b6096193ca0e57a544d6cadbed1ec52e40,Houston,Will the highest temperature in Houston be between 86-87°F on August 13?,20621950400181441703301344816904556969516634097569533694150229773350422651623,No,2026-08-14T04:00:13+00:00,0.9995
0x268d1c06137c64507afb471a795607b6096193ca0e57a544d6cadbed1ec52e40,Houston,Will the highest temperature in Houston be between 86-87°F on August 13?,20621950400181441703301344816904556969516634097569533694150229773350422651623,No,2026-08-14T05:00:18+00:00,0.9995
0x268d1c06137c64507afb471a795607b6096193ca0e57a544d6cadbed1ec52e40,Houston,Will the highest temperature in Houston be between 86-87°F on August 13?,20621950400181441703301344816904556969516634097569533694150229773350422651623,No,2026-08-14T05:07:13+00:00,0.9995
0x759f68c9c35367304f43cfc4abb92a774434af583c80c59bfaaf87a0a8a16a1a,Houston,Will the highest temperature in Houston be between 88-89°F on August 13?,53224709206466944376751968405239580755939029148375194387091691564018712564669,Yes,2026-08-14T03:00:13+00:00,0.0005
0x759f68c9c35367304f43cfc4abb92a774434af583c80c59bfaaf87a0a8a16a1a,Houston,Will the highest temperature in Houston be between 88-89°F on August 13?,53224709206466944376751968405239580755939029148375194387091691564018712564669,Yes,2026-08-14T04:00:12+00:00,0.0005
0x759f68c9c35367304f43cfc4abb92a774434af583c80c59bfaaf87a0a8a16a1a,Houston,Will the highest temperature in Houston be between 88-89°F on August 13?,53224709206466944376751968405239580755939029148375194387091691564018712564669,Yes,2026-08-14T05:00:16+00:00,0.0005
0x759f68c9c35367304f43cfc4abb92a774434af583c80c59bfaaf87a0a8a16a1a,Houston,Will the highest temperature in Houston be between 88-89°F on August 13?,53224709206466944376751968405239580755939029148375194387091691564018712564669,Yes,2026-08-14T05:07:12+00:00,0.0005
0x759f68c9c35367304f43cfc4abb92a774434af583c80c59bfaaf87a0a8a16a1a,Houston,Will the highest temperature in Houston be between 88-89°F on August 13?,91834284160129985413351296404521237788590555758735281676182270479562160702347,No,2026-08-14T03:00:10+00:00,0.9995
0x759f68c9c35367304f43cfc4abb92a774434af583c80c59bfaaf87a0a8a16a1a,Houston,Will the highest temperature in Houston be between 88-89°F on August 13?,91834284160129985413351296404521237788590555758735281676182270479562160702347,No,2026-08-14T04:00:09+00:00,0.9995
0x759f68c9c35367304f43cfc4abb92a774434af583c80c59bfaaf87a0a8a16a1a,Houston,Will the highest temperature in Houston be between 88-89°F on August 13?,91834284160129985413351296404521237788590555758735281676182270479562160702347,No,2026-08-14T05:00:13+00:00,0.9995
0x759f68c9c35367304f43cfc4abb92a774434af583c80c59bfaaf87a0a8a16a1a,Houston,Will the highest temperature in Houston be between 88-89°F on August 13?,91834284160129985413351296404521237788590555758735281676182270479562160702347,No,2026-08-14T05:07:11+00:00,0.9995
0xb4304ff5006debe3bec473e77dffe51b580fb3b32f95de2e33f26dd11ecc6e59,Houston,Will the highest temperature in Houston be between 90-91°F on August 13?,36315432487635278829819580304242377785188974776327523839548739180671817269397,Yes,2026-08-14T03:00:12+00:00,0.0005
0xb4304ff5006debe3bec473e77dffe51b580fb3b32f95de2e33f26dd11ecc6e59,Houston,Will the highest temperature in Houston be between 90-91°F on August 13?,36315432487635278829819580304242377785188974776327523839548739180671817269397,Yes,2026-08-14T04:00:11+00:00,0.0005
0xb4304ff5006debe3bec473e77dffe51b580fb3b32f95de2e33f26dd11ecc6e59,Houston,Will the highest temperature in Houston be between 90-91°F on August 13?,36315432487635278829819580304242377785188974776327523839548739180671817269397,Yes,2026-08-14T05:00:15+00:00,0.0005
0xb4304ff5006debe3bec473e77dffe51b580fb3b32f95de2e33f26dd11ecc6e59,Houston,Will the highest temperature in Houston be between 90-91°F on August 13?,36315432487635278829819580304242377785188974776327523839548739180671817269397,Yes,2026-08-14T05:07:12+00:00,0.0005
0xb4304ff5006debe3bec473e77dffe51b580fb3b32f95de2e33f26dd11ecc6e59,Houston,Will the highest temperature in Houston be between 90-91°F on August 13?,26650001177748432233470071902005345023057683705979794038678957127723956819798,No,2026-08-14T03:00:14+00:00,0.9995
0xb4304ff5006debe3bec473e77dffe51b580fb3b32f95de2e33f26dd11ecc6e59,Houston,Will the highest temperature in Houston be between 90-91°F on August 13?,26650001177748432233470071902005345023057683705979794038678957127723956819798,No,2026-08-14T04:00:12+00:00,0.9995
0xb4304ff5006debe3bec473e77dffe51b580fb3b32f95de2e33f26dd11ecc6e59,Houston,Will the highest temperature in Houston be between 90-91°F on August 13?,26650001177748432233470071902005345023057683705979794038678957127723956819798,No,2026-08-14T05:00:17+00:00,0.9995
0xb4304ff5006debe3bec473e77dffe51b580fb3b32f95de2e33f26dd11ecc6e59,Houston,Will the highest temperature in Houston be between 90-91°F on August 13?,26650001177748432233470071902005345023057683705979794038678957127723956819798,No,2026-08-14T05:07:12+00:00,0.9995
0x591708fcc4edd8753f5921f91d6ad81ae1fdd74b3f870ba622792bdbf0f04fa9,Houston,Will the highest temperature in Houston be between 92-93°F on August 13?,16930914766053807510824002897182045401638992681953791904548953038573418483918,Yes,2026-08-14T03:00:13+00:00,0.0005
0x591708fcc4edd8753f5921f91d6ad81ae1fdd74b3f870ba622792bdbf0f04fa9,Houston,Will the highest temperature in Houston be between 92-93°F on August 13?,16930914766053807510824002897182045401638992681953791904548953038573418483918,Yes,2026-08-14T04:00:11+00:00,0.0005
0x591708fcc4edd8753f5921f91d6ad81ae1fdd74b3f870ba622792bdbf0f04fa9,Houston,Will the highest temperature in Houston be between 92-93°F on August 13?,16930914766053807510824002897182045401638992681953791904548953038573418483918,Yes,2026-08-14T05:00:16+00:00,0.0005
0x591708fcc4edd8753f5921f91d6ad81ae1fdd74b3f870ba622792bdbf0f04fa9,Houston,Will the highest temperature in Houston be between 92-93°F on August 13?,16930914766053807510824002897182045401638992681953791904548953038573418483918,Yes,2026-08-14T05:07:12+00:00,0.0005
0x591708fcc4edd8753f5921f91d6ad81ae1fdd74b3f870ba622792bdbf0f04fa9,Houston,Will the highest temperature in Houston be between 92-93°F on August 13?,75662041206163840390881297684515199603059537943810597044791316082672689515483,No,2026-08-14T03:00:13+00:00,0.9995
0x591708fcc4edd8753f5921f91d6ad81ae1fdd74b3f870ba622792bdbf0f04fa9,Houston,Will the highest temperature in Houston be between 92-93°F on August 13?,75662041206163840390881297684515199603059537943810597044791316082672689515483,No,2026-08-14T04:00:12+00:00,0.9995
0x591708fcc4edd8753f5921f91d6ad81ae1fdd74b3f870ba622792bdbf0f04fa9,Houston,Will the highest temperature in Houston be between 92-93°F on August 13?,75662041206163840390881297684515199603059537943810597044791316082672689515483,No,2026-08-14T05:00:16+00:00,0.9995
0x591708fcc4edd8753f5921f91d6ad81ae1fdd74b3f870ba622792bdbf0f04fa9,Houston,Will the highest temperature in Houston be between 92-93°F on August 13?,75662041206163840390881297684515199603059537943810597044791316082672689515483,No,2026-08-14T05:07:12+00:00,0.9995
0x1f46d0ab91be6cddac84fd618cca62ed617f1e3131ebcff888deb9c58d4e8a47,Houston,Will the highest temperature in Houston be between 94-95°F on August 13?,50946997333849350599664497708586917188519635992694348835868280192014183420984,Yes,2026-08-14T03:00:14+00:00,0.9995
0x1f46d0ab91be6cddac84fd618cca62ed617f1e3131ebcff888deb9c58d4e8a47,Houston,Will the highest temperature in Houston be between 94-95°F on August 13?,50946997333849350599664497708586917188519635992694348835868280192014183420984,Yes,2026-08-14T04:00:12+00:00,0.9995
0x1f46d0ab91be6cddac84fd618cca62ed617f1e3131ebcff888deb9c58d4e8a47,Houston,Will the highest temperature in Houston be between 94-95°F on August 13?,50946997333849350599664497708586917188519635992694348835868280192014183420984,Yes,2026-08-14T05:00:17+00:00,0.9995
0x1f46d0ab91be6cddac84fd618cca62ed617f1e3131ebcff888deb9c58d4e8a47,Houston,Will the highest temperature in Houston be between 94-95°F on August 13?,50946997333849350599664497708586917188519635992694348835868280192014183420984,Yes,2026-08-14T05:03:12+00:00,0.9995
0x1f46d0ab91be6cddac84fd618cca62ed617f1e3131ebcff888deb9c58d4e8a47,Houston,Will the highest temperature in Houston be between 94-95°F on August 13?,5350818621015101589610434761546786718565099646831620032947160586777681808310,No,2026-08-14T03:00:13+00:00,0.0005
0x1f46d0ab91be6cddac84fd618cca62ed617f1e3131ebcff888deb9c58d4e8a47,Houston,Will the highest temperature in Houston be between 94-95°F on August 13?,5350818621015101589610434761546786718565099646831620032947160586777681808310,No,2026-08-14T04:00:12+00:00,0.0005
0x1f46d0ab91be6cddac84fd618cca62ed617f1e3131ebcff888deb9c58d4e8a47,Houston,Will the highest temperature in Houston be between 94-95°F on August 13?,5350818621015101589610434761546786718565099646831620032947160586777681808310,No,2026-08-14T05:00:16+00:00,0.0005
0x1f46d0ab91be6cddac84fd618cca62ed617f1e3131ebcff888deb9c58d4e8a47,Houston,Will the highest temperature in Houston be between 94-95°F on August 13?,5350818621015101589610434761546786718565099646831620032947160586777681808310,No,2026-08-14T05:07:12+00:00,0.0005
0x2254414cb48a87c3214a9838f547f6bc8e666bd08abdf9ab576247b63983fcda,Houston,Will the highest temperature in Houston be between 96-97°F on August 13?,29801823816579795564596576726955583717049835793113781516478682404606849404869,Yes,2026-08-14T03:00:11+00:00,0.0005
0x2254414cb48a87c3214a9838f547f6bc8e666bd08abdf9ab576247b63983fcda,Houston,Will the highest temperature in Houston be between 96-97°F on August 13?,29801823816579795564596576726955583717049835793113781516478682404606849404869,Yes,2026-08-14T04:00:10+00:00,0.0005
0x2254414cb48a87c3214a9838f547f6bc8e666bd08abdf9ab576247b63983fcda,Houston,Will the highest temperature in Houston be between 96-97°F on August 13?,29801823816579795564596576726955583717049835793113781516478682404606849404869,Yes,2026-08-14T05:00:14+00:00,0.0005
0x2254414cb48a87c3214a9838f547f6bc8e666bd08abdf9ab576247b63983fcda,Houston,Will the highest temperature in Houston be between 96-97°F on August 13?,29801823816579795564596576726955583717049835793113781516478682404606849404869,Yes,2026-08-14T05:07:11+00:00,0.0005
0x2254414cb48a87c3214a9838f547f6bc8e666bd08abdf9ab576247b63983fcda,Houston,Will the highest temperature in Houston be between 96-97°F on August 13?,49459306978174228061523983837175130043112328019173162923951765298596154046308,No,2026-08-14T03:00:12+00:00,0.9995
0x2254414cb48a87c3214a9838f547f6bc8e666bd08abdf9ab576247b63983fcda,Houston,Will the highest temperature in Houston be between 96-97°F on August 13?,49459306978174228061523983837175130043112328019173162923951765298596154046308,No,2026-08-14T04:00:11+00:00,0.9995
0x2254414cb48a87c3214a9838f547f6bc8e666bd08abdf9ab576247b63983fcda,Houston,Will the highest temperature in Houston be between 96-97°F on August 13?,49459306978174228061523983837175130043112328019173162923951765298596154046308,No,2026-08-14T05:00:15+00:00,0.9995
0x2254414cb48a87c3214a9838f547f6bc8e666bd08abdf9ab576247b63983fcda,Houston,Will the highest temperature in Houston be between 96-97°F on August 13?,49459306978174228061523983837175130043112328019173162923951765298596154046308,No,2026-08-14T05:07:11+00:00,0.9995
0x57691358666d04451757666fe075782f2d61db4db2dd17faae3e6aa3efc6322a,Houston,Will the highest temperature in Houston be between 98-99°F on August 13?,45552880667728601829327965325742324307284330051594562785656395641167462987416,Yes,2026-08-14T03:00:15+00:00,0.0005
0x57691358666d04451757666fe075782f2d61db4db2dd17faae3e6aa3efc6322a,Houston,Will the highest temperature in Houston be between 98-99°F on August 13?,45552880667728601829327965325742324307284330051594562785656395641167462987416,Yes,2026-08-14T04:00:13+00:00,0.0005
0x57691358666d04451757666fe075782f2d61db4db2dd17faae3e6aa3efc6322a,Houston,Will the highest temperature in Houston be between 98-99°F on August 13?,45552880667728601829327965325742324307284330051594562785656395641167462987416,Yes,2026-08-14T05:00:18+00:00,0.0005
0x57691358666d04451757666fe075782f2d61db4db2dd17faae3e6aa3efc6322a,Houston,Will the highest temperature in Houston be between 98-99°F on August 13?,45552880667728601829327965325742324307284330051594562785656395641167462987416,Yes,2026-08-14T05:07:13+00:00,0.0005
0x57691358666d04451757666fe075782f2d61db4db2dd17faae3e6aa3efc6322a,Houston,Will the highest temperature in Houston be between 98-99°F on August 13?,114221506306348712439102148556791509695578219659695716368171436820154467515747,No,2026-08-14T03:00:13+00:00,0.9995
0x57691358666d04451757666fe075782f2d61db4db2dd17faae3e6aa3efc6322a,Houston,Will the highest temperature in Houston be between 98-99°F on August 13?,114221506306348712439102148556791509695578219659695716368171436820154467515747,No,2026-08-14T04:00:11+00:00,0.9995
0x57691358666d04451757666fe075782f2d61db4db2dd17faae3e6aa3efc6322a,Houston,Will the highest temperature in Houston be between 98-99°F on August 13?,114221506306348712439102148556791509695578219659695716368171436820154467515747,No,2026-08-14T05:00:16+00:00,0.9995
0x57691358666d04451757666fe075782f2d61db4db2dd17faae3e6aa3efc6322a,Houston,Will the highest temperature in Houston be between 98-99°F on August 13?,114221506306348712439102148556791509695578219659695716368171436820154467515747,No,2026-08-14T05:07:12+00:00,0.9995
0x1cb075542817aa27113ea3e90cd14fbaa7f87a973f6aea57f541439884362fb6,Houston,Will the highest temperature in Houston be between 100-101°F on August 13?,64457034569405762467985177300073990384169955263353934407547366154044833252116,Yes,2026-08-14T03:00:15+00:00,0.0005
0x1cb075542817aa27113ea3e90cd14fbaa7f87a973f6aea57f541439884362fb6,Houston,Will the highest temperature in Houston be between 100-101°F on August 13?,64457034569405762467985177300073990384169955263353934407547366154044833252116,Yes,2026-08-14T04:00:13+00:00,0.0005
0x1cb075542817aa27113ea3e90cd14fbaa7f87a973f6aea57f541439884362fb6,Houston,Will the highest temperature in Houston be between 100-101°F on August 13?,64457034569405762467985177300073990384169955263353934407547366154044833252116,Yes,2026-08-14T05:00:18+00:00,0.0005
0x1cb075542817aa27113ea3e90cd14fbaa7f87a973f6aea57f541439884362fb6,Houston,Will the highest temperature in Houston be between 100-101°F on August 13?,64457034569405762467985177300073990384169955263353934407547366154044833252116,Yes,2026-08-14T05:07:13+00:00,0.0005
0x1cb075542817aa27113ea3e90cd14fbaa7f87a973f6aea57f541439884362fb6,Houston,Will the highest temperature in Houston be between 100-101°F on August 13?,24166558234991137228376732079445559304902496774668081707473747768024865079493,No,2026-08-14T03:00:11+00:00,0.9995
0x1cb075542817aa27113ea3e90cd14fbaa7f87a973f6aea57f541439884362fb6,Houston,Will the highest temperature in Houston be between 100-101°F on August 13?,24166558234991137228376732079445559304902496774668081707473747768024865079493,No,2026-08-14T04:00:10+00:00,0.9995
0x1cb075542817aa27113ea3e90cd14fbaa7f87a973f6aea57f541439884362fb6,Houston,Will the highest temperature in Houston be between 100-101°F on August 13?,24166558234991137228376732079445559304902496774668081707473747768024865079493,No,2026-08-14T05:00:14+00:00,0.9995
0x1cb075542817aa27113ea3e90cd14fbaa7f87a973f6aea57f541439884362fb6,Houston,Will the highest temperature in Houston be between 100-101°F on August 13?,24166558234991137228376732079445559304902496774668081707473747768024865079493,No,2026-08-14T05:07:11+00:00,0.9995
0x9b9b3efc0ed95b6427e763f4f0b36f285347df6134fa3add5a87c451ac87968f,Houston,Will the highest temperature in Houston be 102°F or higher on August 13?,46711374945975598561735455645275926003396455677220428467181671627447361553582,Yes,2026-08-14T03:00:14+00:00,0.0005
0x9b9b3efc0ed95b6427e763f4f0b36f285347df6134fa3add5a87c451ac87968f,Houston,Will the highest temperature in Houston be 102°F or higher on August 13?,46711374945975598561735455645275926003396455677220428467181671627447361553582,Yes,2026-08-14T04:00:12+00:00,0.0005
0x9b9b3efc0ed95b6427e763f4f0b36f285347df6134fa3add5a87c451ac87968f,Houston,Will the highest temperature in Houston be 102°F or higher on August 13?,46711374945975598561735455645275926003396455677220428467181671627447361553582,Yes,2026-08-14T05:00:17+00:00,0.0005
0x9b9b3efc0ed95b6427e763f4f0b36f285347df6134fa3add5a87c451ac87968f,Houston,Will the highest temperature in Houston be 102°F or higher on August 13?,46711374945975598561735455645275926003396455677220428467181671627447361553582,Yes,2026-08-14T05:07:12+00:00,0.0005
0x9b9b3efc0ed95b6427e763f4f0b36f285347df6134fa3add5a87c451ac87968f,Houston,Will the highest temperature in Houston be 102°F or higher on August 13?,59380197800069032066334330062577435191087820941908399629604863153188854530666,No,2026-08-14T03:00:12+00:00,0.9995
0x9b9b3efc0ed95b6427e763f4f0b36f285347df6134fa3add5a87c451ac87968f,Houston,Will the highest temperature in Houston be 102°F or higher on August 13?,59380197800069032066334330062577435191087820941908399629604863153188854530666,No,2026-08-14T04:00:10+00:00,0.9995
0x9b9b3efc0ed95b6427e763f4f0b36f285347df6134fa3add5a87c451ac87968f,Houston,Will the highest temperature in Houston be 102°F or higher on August 13?,59380197800069032066334330062577435191087820941908399629604863153188854530666,No,2026-08-14T05:00:15+00:00,0.9995
0x9b9b3efc0ed95b6427e763f4f0b36f285347df6134fa3add5a87c451ac87968f,Houston,Will the highest temperature in Houston be 102°F or higher on August 13?,59380197800069032066334330062577435191087820941908399629604863153188854530666,No,2026-08-14T05:07:11+00:00,0.9995
0xe03ef83291d820246caccf8dde7f3c3c5ba99ede6499707ec39a0dbfa5fa9621,Houston,Will the highest temperature in Houston be 81°F or below on August 14?,10582267533514159443552209759363396668088663561125305460123149894061025640290,Yes,2026-08-14T03:00:14+00:00,0.0015
0xe03ef83291d820246caccf8dde7f3c3c5ba99ede6499707ec39a0dbfa5fa9621,Houston,Will the highest temperature in Houston be 81°F or below on August 14?,10582267533514159443552209759363396668088663561125305460123149894061025640290,Yes,2026-08-14T04:00:12+00:00,0.0015
0xe03ef83291d820246caccf8dde7f3c3c5ba99ede6499707ec39a0dbfa5fa9621,Houston,Will the highest temperature in Houston be 81°F or below on August 14?,10582267533514159443552209759363396668088663561125305460123149894061025640290,Yes,2026-08-14T05:00:17+00:00,0.0005
0xe03ef83291d820246caccf8dde7f3c3c5ba99ede6499707ec39a0dbfa5fa9621,Houston,Will the highest temperature in Houston be 81°F or below on August 14?,10582267533514159443552209759363396668088663561125305460123149894061025640290,Yes,2026-08-14T05:06:13+00:00,0.0005
0xe03ef83291d820246caccf8dde7f3c3c5ba99ede6499707ec39a0dbfa5fa9621,Houston,Will the highest temperature in Houston be 81°F or below on August 14?,111158787808786556713194645514958308437938534561145438512021977007770179475229,No,2026-08-14T03:00:09+00:00,0.9985
0xe03ef83291d820246caccf8dde7f3c3c5ba99ede6499707ec39a0dbfa5fa9621,Houston,Will the highest temperature in Houston be 81°F or below on August 14?,111158787808786556713194645514958308437938534561145438512021977007770179475229,No,2026-08-14T04:00:09+00:00,0.9985
0xe03ef83291d820246caccf8dde7f3c3c5ba99ede6499707ec39a0dbfa5fa9621,Houston,Will the highest temperature in Houston be 81°F or below on August 14?,111158787808786556713194645514958308437938534561145438512021977007770179475229,No,2026-08-14T05:00:13+00:00,0.9995
0xe03ef83291d820246caccf8dde7f3c3c5ba99ede6499707ec39a0dbfa5fa9621,Houston,Will the highest temperature in Houston be 81°F or below on August 14?,111158787808786556713194645514958308437938534561145438512021977007770179475229,No,2026-08-14T05:07:10+00:00,0.9995
0x2c9252da68703a428a93aacfe1ae3a4958420afe999ded3a38ab1d527bc4907b,Houston,Will the highest temperature in Houston be between 82-83°F on August 14?,101637321380572566648454246578585288131105111134612361834299664151638937052716,Yes,2026-08-14T03:00:14+00:00,0.002
0x2c9252da68703a428a93aacfe1ae3a4958420afe999ded3a38ab1d527bc4907b,Houston,Will the highest temperature in Houston be between 82-83°F on August 14?,101637321380572566648454246578585288131105111134612361834299664151638937052716,Yes,2026-08-14T04:00:12+00:00,0.002
0x2c9252da68703a428a93aacfe1ae3a4958420afe999ded3a38ab1d527bc4907b,Houston,Will the highest temperature in Houston be between 82-83°F on August 14?,101637321380572566648454246578585288131105111134612361834299664151638937052716,Yes,2026-08-14T05:00:17+00:00,0.0025
0x2c9252da68703a428a93aacfe1ae3a4958420afe999ded3a38ab1d527bc4907b,Houston,Will the highest temperature in Houston be between 82-83°F on August 14?,101637321380572566648454246578585288131105111134612361834299664151638937052716,Yes,2026-08-14T05:07:12+00:00,0.0015
0x2c9252da68703a428a93aacfe1ae3a4958420afe999ded3a38ab1d527bc4907b,Houston,Will the highest temperature in Houston be between 82-83°F on August 14?,48161865815974083272892286785915892840282933090526522993744387246710470767186,No,2026-08-14T03:00:11+00:00,0.998
0x2c9252da68703a428a93aacfe1ae3a4958420afe999ded3a38ab1d527bc4907b,Houston,Will the highest temperature in Houston be between 82-83°F on August 14?,48161865815974083272892286785915892840282933090526522993744387246710470767186,No,2026-08-14T04:00:10+00:00,0.998
0x2c9252da68703a428a93aacfe1ae3a4958420afe999ded3a38ab1d527bc4907b,Houston,Will the highest temperature in Houston be between 82-83°F on August 14?,48161865815974083272892286785915892840282933090526522993744387246710470767186,No,2026-08-14T05:00:14+00:00,0.9975
0x2c9252da68703a428a93aacfe1ae3a4958420afe999ded3a38ab1d527bc4907b,Houston,Will the highest temperature in Houston be between 82-83°F on August 14?,48161865815974083272892286785915892840282933090526522993744387246710470767186,No,2026-08-14T05:07:11+00:00,0.9985
0x838ca38b0c234b981dbe11c53b187127af82b1db5615aa90af8b983bad7e33a0,Houston,Will the highest temperature in Houston be between 84-85°F on August 14?,15488006698237351685732898401699475378252409616836608549277979398113110905993,Yes,2026-08-14T03:00:15+00:00,0.0035
0x838ca38b0c234b981dbe11c53b187127af82b1db5615aa90af8b983bad7e33a0,Houston,Will the highest temperature in Houston be between 84-85°F on August 14?,15488006698237351685732898401699475378252409616836608549277979398113110905993,Yes,2026-08-14T04:00:13+00:00,0.0035
0x838ca38b0c234b981dbe11c53b187127af82b1db5615aa90af8b983bad7e33a0,Houston,Will the highest temperature in Houston be between 84-85°F on August 14?,15488006698237351685732898401699475378252409616836608549277979398113110905993,Yes,2026-08-14T05:00:18+00:00,0.0005
0x838ca38b0c234b981dbe11c53b187127af82b1db5615aa90af8b983bad7e33a0,Houston,Will the highest temperature in Houston be between 84-85°F on August 14?,15488006698237351685732898401699475378252409616836608549277979398113110905993,Yes,2026-08-14T05:07:13+00:00,0.0005
0x838ca38b0c234b981dbe11c53b187127af82b1db5615aa90af8b983bad7e33a0,Houston,Will the highest temperature in Houston be between 84-85°F on August 14?,37235111768247177937255924086320729308997671573777008884072539717949232346097,No,2026-08-14T03:00:09+00:00,0.9965
0x838ca38b0c234b981dbe11c53b187127af82b1db5615aa90af8b983bad7e33a0,Houston,Will the highest temperature in Houston be between 84-85°F on August 14?,37235111768247177937255924086320729308997671573777008884072539717949232346097,No,2026-08-14T04:00:09+00:00,0.9965
0x838ca38b0c234b981dbe11c53b187127af82b1db5615aa90af8b983bad7e33a0,Houston,Will the highest temperature in Houston be between 84-85°F on August 14?,37235111768247177937255924086320729308997671573777008884072539717949232346097,No,2026-08-14T05:00:13+00:00,0.9995
0x838ca38b0c234b981dbe11c53b187127af82b1db5615aa90af8b983bad7e33a0,Houston,Will the highest temperature in Houston be between 84-85°F on August 14?,37235111768247177937255924086320729308997671573777008884072539717949232346097,No,2026-08-14T05:07:10+00:00,0.9995
0x2131d75b5f7d23cbdd2a31c1cf0c40f360cfa268c99879fa572777d6b19ea716,Houston,Will the highest temperature in Houston be between 86-87°F on August 14?,78539173942764984060922893189022592061364696833492576830221696070881650333698,Yes,2026-08-14T03:00:15+00:00,0.0055
0x2131d75b5f7d23cbdd2a31c1cf0c40f360cfa268c99879fa572777d6b19ea716,Houston,Will the highest temperature in Houston be between 86-87°F on August 14?,78539173942764984060922893189022592061364696833492576830221696070881650333698,Yes,2026-08-14T04:00:13+00:00,0.0045
0x2131d75b5f7d23cbdd2a31c1cf0c40f360cfa268c99879fa572777d6b19ea716,Houston,Will the highest temperature in Houston be between 86-87°F on August 14?,78539173942764984060922893189022592061364696833492576830221696070881650333698,Yes,2026-08-14T05:00:18+00:00,0.0045
0x2131d75b5f7d23cbdd2a31c1cf0c40f360cfa268c99879fa572777d6b19ea716,Houston,Will the highest temperature in Houston be between 86-87°F on August 14?,78539173942764984060922893189022592061364696833492576830221696070881650333698,Yes,2026-08-14T05:07:13+00:00,0.0045
0x2131d75b5f7d23cbdd2a31c1cf0c40f360cfa268c99879fa572777d6b19ea716,Houston,Will the highest temperature in Houston be between 86-87°F on August 14?,99594452899436634604728616421425036628463967257933630408493844113555809203568,No,2026-08-14T03:00:12+00:00,0.9945
0x2131d75b5f7d23cbdd2a31c1cf0c40f360cfa268c99879fa572777d6b19ea716,Houston,Will the highest temperature in Houston be between 86-87°F on August 14?,99594452899436634604728616421425036628463967257933630408493844113555809203568,No,2026-08-14T04:00:11+00:00,0.9955
0x2131d75b5f7d23cbdd2a31c1cf0c40f360cfa268c99879fa572777d6b19ea716,Houston,Will the highest temperature in Houston be between 86-87°F on August 14?,99594452899436634604728616421425036628463967257933630408493844113555809203568,No,2026-08-14T05:00:15+00:00,0.9955
0x2131d75b5f7d23cbdd2a31c1cf0c40f360cfa268c99879fa572777d6b19ea716,Houston,Will the highest temperature in Houston be between 86-87°F on August 14?,99594452899436634604728616421425036628463967257933630408493844113555809203568,No,2026-08-14T05:07:11+00:00,0.9955
0x4a11a8608853932cd58bfc49df03b8d7f7d98c49d7065b37399fe5401d68a07c,Houston,Will the highest temperature in Houston be between 88-89°F on August 14?,12837788342102810065288444386729051493761523072891597043461105824163058476041,Yes,2026-08-14T03:00:15+00:00,0.025
0x4a11a8608853932cd58bfc49df03b8d7f7d98c49d7065b37399fe5401d68a07c,Houston,Will the highest temperature in Houston be between 88-89°F on August 14?,12837788342102810065288444386729051493761523072891597043461105824163058476041,Yes,2026-08-14T04:00:13+00:00,0.025
0x4a11a8608853932cd58bfc49df03b8d7f7d98c49d7065b37399fe5401d68a07c,Houston,Will the highest temperature in Houston be between 88-89°F on August 14?,12837788342102810065288444386729051493761523072891597043461105824163058476041,Yes,2026-08-14T05:00:18+00:00,0.03
0x4a11a8608853932cd58bfc49df03b8d7f7d98c49d7065b37399fe5401d68a07c,Houston,Will the highest temperature in Houston be between 88-89°F on August 14?,12837788342102810065288444386729051493761523072891597043461105824163058476041,Yes,2026-08-14T05:07:13+00:00,0.025
0x4a11a8608853932cd58bfc49df03b8d7f7d98c49d7065b37399fe5401d68a07c,Houston,Will the highest temperature in Houston be between 88-89°F on August 14?,15435265914103628591634606585611734775031686808200489332633238193616638260101,No,2026-08-14T03:00:15+00:00,0.975
0x4a11a8608853932cd58bfc49df03b8d7f7d98c49d7065b37399fe5401d68a07c,Houston,Will the highest temperature in Houston be between 88-89°F on August 14?,15435265914103628591634606585611734775031686808200489332633238193616638260101,No,2026-08-14T04:00:13+00:00,0.975
0x4a11a8608853932cd58bfc49df03b8d7f7d98c49d7065b37399fe5401d68a07c,Houston,Will the highest temperature in Houston be between 88-89°F on August 14?,15435265914103628591634606585611734775031686808200489332633238193616638260101,No,2026-08-14T05:00:18+00:00,0.97
0x4a11a8608853932cd58bfc49df03b8d7f7d98c49d7065b37399fe5401d68a07c,Houston,Will the highest temperature in Houston be between 88-89°F on August 14?,15435265914103628591634606585611734775031686808200489332633238193616638260101,No,2026-08-14T05:07:13+00:00,0.975
0x359ba4cc0e574f8e33152bacfcaf52786de4d6d062ee22b88e593e455cea9ed4,Houston,Will the highest temperature in Houston be between 90-91°F on August 14?,27237451439041276029800328578030567263278401914511084798198491950237429257608,Yes,2026-08-14T03:00:14+00:00,0.11
0x359ba4cc0e574f8e33152bacfcaf52786de4d6d062ee22b88e593e455cea9ed4,Houston,Will the highest temperature in Houston be between 90-91°F on August 14?,27237451439041276029800328578030567263278401914511084798198491950237429257608,Yes,2026-08-14T04:00:13+00:00,0.105
0x359ba4cc0e574f8e33152bacfcaf52786de4d6d062ee22b88e593e455cea9ed4,Houston,Will the highest temperature in Houston be between 90-91°F on August 14?,27237451439041276029800328578030567263278401914511084798198491950237429257608,Yes,2026-08-14T05:00:17+00:00,0.125
0x359ba4cc0e574f8e33152bacfcaf52786de4d6d062ee22b88e593e455cea9ed4,Houston,Will the highest temperature in Houston be between 90-91°F on August 14?,27237451439041276029800328578030567263278401914511084798198491950237429257608,Yes,2026-08-14T05:07:13+00:00,0.125
0x359ba4cc0e574f8e33152bacfcaf52786de4d6d062ee22b88e593e455cea9ed4,Houston,Will the highest temperature in Houston be between 90-91°F on August 14?,57509207727069701865106438874519203285979365193645388728270454546337507123524,No,2026-08-14T03:00:14+00:00,0.89
0x359ba4cc0e574f8e33152bacfcaf52786de4d6d062ee22b88e593e455cea9ed4,Houston,Will the highest temperature in Houston be between 90-91°F on August 14?,57509207727069701865106438874519203285979365193645388728270454546337507123524,No,2026-08-14T04:00:12+00:00,0.895
0x359ba4cc0e574f8e33152bacfcaf52786de4d6d062ee22b88e593e455cea9ed4,Houston,Will the highest temperature in Houston be between 90-91°F on August 14?,57509207727069701865106438874519203285979365193645388728270454546337507123524,No,2026-08-14T05:00:17+00:00,0.875
0x359ba4cc0e574f8e33152bacfcaf52786de4d6d062ee22b88e593e455cea9ed4,Houston,Will the highest temperature in Houston be between 90-91°F on August 14?,57509207727069701865106438874519203285979365193645388728270454546337507123524,No,2026-08-14T05:07:12+00:00,0.875
0x8a49d18088a8d4ea5e44a96604618dd12339c1a7667012605575fe7b6d5986cd,Houston,Will the highest temperature in Houston be between 92-93°F on August 14?,65825908583112834870318381111223272312032080956679362549448857332496342945803,Yes,2026-08-14T03:00:08+00:00,0.47
0x8a49d18088a8d4ea5e44a96604618dd12339c1a7667012605575fe7b6d5986cd,Houston,Will the highest temperature in Houston be between 92-93°F on August 14?,65825908583112834870318381111223272312032080956679362549448857332496342945803,Yes,2026-08-14T04:00:08+00:00,0.475
0x8a49d18088a8d4ea5e44a96604618dd12339c1a7667012605575fe7b6d5986cd,Houston,Will the highest temperature in Houston be between 92-93°F on August 14?,65825908583112834870318381111223272312032080956679362549448857332496342945803,Yes,2026-08-14T05:00:12+00:00,0.475
0x8a49d18088a8d4ea5e44a96604618dd12339c1a7667012605575fe7b6d5986cd,Houston,Will the highest temperature in Houston be between 92-93°F on August 14?,65825908583112834870318381111223272312032080956679362549448857332496342945803,Yes,2026-08-14T05:06:10+00:00,0.475
0x8a49d18088a8d4ea5e44a96604618dd12339c1a7667012605575fe7b6d5986cd,Houston,Will the highest temperature in Houston be between 92-93°F on August 14?,69002621539137572358230488736682883203290859349309291930560738380543225189579,No,2026-08-14T03:00:13+00:00,0.53
0x8a49d18088a8d4ea5e44a96604618dd12339c1a7667012605575fe7b6d5986cd,Houston,Will the highest temperature in Houston be between 92-93°F on August 14?,69002621539137572358230488736682883203290859349309291930560738380543225189579,No,2026-08-14T04:00:12+00:00,0.525
0x8a49d18088a8d4ea5e44a96604618dd12339c1a7667012605575fe7b6d5986cd,Houston,Will the highest temperature in Houston be between 92-93°F on August 14?,69002621539137572358230488736682883203290859349309291930560738380543225189579,No,2026-08-14T05:00:16+00:00,0.525
0x8a49d18088a8d4ea5e44a96604618dd12339c1a7667012605575fe7b6d5986cd,Houston,Will the highest temperature in Houston be between 92-93°F on August 14?,69002621539137572358230488736682883203290859349309291930560738380543225189579,No,2026-08-14T05:07:12+00:00,0.525
0x7a5d60bfbc841d82b1e8db1257dd5ef81fb41538c5be8470b0547ee4791ef5b1,Houston,Will the highest temperature in Houston be between 94-95°F on August 14?,28831326021294620747215780146562171214476556340972182937833194616743212051655,Yes,2026-08-14T03:00:15+00:00,0.355
0x7a5d60bfbc841d82b1e8db1257dd5ef81fb41538c5be8470b0547ee4791ef5b1,Houston,Will the highest temperature in Houston be between 94-95°F on August 14?,28831326021294620747215780146562171214476556340972182937833194616743212051655,Yes,2026-08-14T04:00:13+00:00,0.37
0x7a5d60bfbc841d82b1e8db1257dd5ef81fb41538c5be8470b0547ee4791ef5b1,Houston,Will the highest temperature in Houston be between 94-95°F on August 14?,28831326021294620747215780146562171214476556340972182937833194616743212051655,Yes,2026-08-14T05:00:18+00:00,0.365
0x7a5d60bfbc841d82b1e8db1257dd5ef81fb41538c5be8470b0547ee4791ef5b1,Houston,Will the highest temperature in Houston be between 94-95°F on August 14?,28831326021294620747215780146562171214476556340972182937833194616743212051655,Yes,2026-08-14T05:07:13+00:00,0.37
0x7a5d60bfbc841d82b1e8db1257dd5ef81fb41538c5be8470b0547ee4791ef5b1,Houston,Will the highest temperature in Houston be between 94-95°F on August 14?,22433220007398485770687147518007825170185203863682135443889026347827370705057,No,2026-08-14T03:00:08+00:00,0.645
0x7a5d60bfbc841d82b1e8db1257dd5ef81fb41538c5be8470b0547ee4791ef5b1,Houston,Will the highest temperature in Houston be between 94-95°F on August 14?,22433220007398485770687147518007825170185203863682135443889026347827370705057,No,2026-08-14T04:00:08+00:00,0.63
0x7a5d60bfbc841d82b1e8db1257dd5ef81fb41538c5be8470b0547ee4791ef5b1,Houston,Will the highest temperature in Houston be between 94-95°F on August 14?,22433220007398485770687147518007825170185203863682135443889026347827370705057,No,2026-08-14T05:00:12+00:00,0.635
0x7a5d60bfbc841d82b1e8db1257dd5ef81fb41538c5be8470b0547ee4791ef5b1,Houston,Will the highest temperature in Houston be between 94-95°F on August 14?,22433220007398485770687147518007825170185203863682135443889026347827370705057,No,2026-08-14T05:07:10+00:00,0.63
0x0585850f9a9f2ccc51b9b81d710344edd285dc88e027338c66c2a2b33bdf80e8,Houston,Will the highest temperature in Houston be between 96-97°F on August 14?,36089177035045371458954855522096750336881786516527680673290407780910632087869,Yes,2026-08-14T03:00:12+00:00,0.045
0x0585850f9a9f2ccc51b9b81d710344edd285dc88e027338c66c2a2b33bdf80e8,Houston,Will the highest temperature in Houston be between 96-97°F on August 14?,36089177035045371458954855522096750336881786516527680673290407780910632087869,Yes,2026-08-14T04:00:10+00:00,0.045
0x0585850f9a9f2ccc51b9b81d710344edd285dc88e027338c66c2a2b33bdf80e8,Houston,Will the highest temperature in Houston be between 96-97°F on August 14?,36089177035045371458954855522096750336881786516527680673290407780910632087869,Yes,2026-08-14T05:00:15+00:00,0.035
0x0585850f9a9f2ccc51b9b81d710344edd285dc88e027338c66c2a2b33bdf80e8,Houston,Will the highest temperature in Houston be between 96-97°F on August 14?,36089177035045371458954855522096750336881786516527680673290407780910632087869,Yes,2026-08-14T05:07:11+00:00,0.035
0x0585850f9a9f2ccc51b9b81d710344edd285dc88e027338c66c2a2b33bdf80e8,Houston,Will the highest temperature in Houston be between 96-97°F on August 14?,61331753576686616021773079654416849516409903388112834330786441089762846107721,No,2026-08-14T03:00:11+00:00,0.955
0x0585850f9a9f2ccc51b9b81d710344edd285dc88e027338c66c2a2b33bdf80e8,Houston,Will the highest temperature in Houston be between 96-97°F on August 14?,61331753576686616021773079654416849516409903388112834330786441089762846107721,No,2026-08-14T04:00:10+00:00,0.955
0x0585850f9a9f2ccc51b9b81d710344edd285dc88e027338c66c2a2b33bdf80e8,Houston,Will the highest temperature in Houston be between 96-97°F on August 14?,61331753576686616021773079654416849516409903388112834330786441089762846107721,No,2026-08-14T05:00:14+00:00,0.965
0x0585850f9a9f2ccc51b9b81d710344edd285dc88e027338c66c2a2b33bdf80e8,Houston,Will the highest temperature in Houston be between 96-97°F on August 14?,61331753576686616021773079654416849516409903388112834330786441089762846107721,No,2026-08-14T05:07:11+00:00,0.965
0x431356a95518b339f4919119c67eac9584e60399289ad6cf0a070151af01034e,Houston,Will the highest temperature in Houston be between 98-99°F on August 14?,83863027271530607190889544752135253829494546723021793324830065419921580735990,Yes,2026-08-14T03:00:10+00:00,0.015
0x431356a95518b339f4919119c67eac9584e60399289ad6cf0a070151af01034e,Houston,Will the highest temperature in Houston be between 98-99°F on August 14?,83863027271530607190889544752135253829494546723021793324830065419921580735990,Yes,2026-08-14T04:00:09+00:00,0.015
0x431356a95518b339f4919119c67eac9584e60399289ad6cf0a070151af01034e,Houston,Will the highest temperature in Houston be between 98-99°F on August 14?,83863027271530607190889544752135253829494546723021793324830065419921580735990,Yes,2026-08-14T05:00:13+00:00,0.01
0x431356a95518b339f4919119c67eac9584e60399289ad6cf0a070151af01034e,Houston,Will the highest temperature in Houston be between 98-99°F on August 14?,83863027271530607190889544752135253829494546723021793324830065419921580735990,Yes,2026-08-14T05:07:10+00:00,0.01
0x431356a95518b339f4919119c67eac9584e60399289ad6cf0a070151af01034e,Houston,Will the highest temperature in Houston be between 98-99°F on August 14?,44524870878191586307854524290937563062990595664820402594499101592758246713953,No,2026-08-14T03:00:12+00:00,0.985
0x431356a95518b339f4919119c67eac9584e60399289ad6cf0a070151af01034e,Houston,Will the highest temperature in Houston be between 98-99°F on August 14?,44524870878191586307854524290937563062990595664820402594499101592758246713953,No,2026-08-14T04:00:11+00:00,0.985
0x431356a95518b339f4919119c67eac9584e60399289ad6cf0a070151af01034e,Houston,Will the highest temperature in Houston be between 98-99°F on August 14?,44524870878191586307854524290937563062990595664820402594499101592758246713953,No,2026-08-14T05:00:15+00:00,0.99
0x431356a95518b339f4919119c67eac9584e60399289ad6cf0a070151af01034e,Houston,Will the highest temperature in Houston be between 98-99°F on August 14?,44524870878191586307854524290937563062990595664820402594499101592758246713953,No,2026-08-14T05:07:12+00:00,0.99
0xd7a852e47de78c7c19595089aaa95941898e73430dcf5f0600d45d0fc63121c6,Houston,Will the highest temperature in Houston be 100°F or higher on August 14?,33897887330647821069422175789527372225927466609946237397541195049702442102327,Yes,2026-08-14T03:00:15+00:00,0.002
0xd7a852e47de78c7c19595089aaa95941898e73430dcf5f0600d45d0fc63121c6,Houston,Will the highest temperature in Houston be 100°F or higher on August 14?,33897887330647821069422175789527372225927466609946237397541195049702442102327,Yes,2026-08-14T04:00:13+00:00,0.002
0xd7a852e47de78c7c19595089aaa95941898e73430dcf5f0600d45d0fc63121c6,Houston,Will the highest temperature in Houston be 100°F or higher on August 14?,33897887330647821069422175789527372225927466609946237397541195049702442102327,Yes,2026-08-14T05:00:18+00:00,0.002
0xd7a852e47de78c7c19595089aaa95941898e73430dcf5f0600d45d0fc63121c6,Houston,Will the highest temperature in Houston be 100°F or higher on August 14?,33897887330647821069422175789527372225927466609946237397541195049702442102327,Yes,2026-08-14T05:07:13+00:00,0.0015
0xd7a852e47de78c7c19595089aaa95941898e73430dcf5f0600d45d0fc63121c6,Houston,Will the highest temperature in Houston be 100°F or higher on August 14?,67244601611795342198309482055714030215900112278497582029973532853868199351410,No,2026-08-14T03:00:12+00:00,0.998
0xd7a852e47de78c7c19595089aaa95941898e73430dcf5f0600d45d0fc63121c6,Houston,Will the highest temperature in Houston be 100°F or higher on August 14?,67244601611795342198309482055714030215900112278497582029973532853868199351410,No,2026-08-14T04:00:11+00:00,0.998
0xd7a852e47de78c7c19595089aaa95941898e73430dcf5f0600d45d0fc63121c6,Houston,Will the highest temperature in Houston be 100°F or higher on August 14?,67244601611795342198309482055714030215900112278497582029973532853868199351410,No,2026-08-14T05:00:15+00:00,0.998
0xd7a852e47de78c7c19595089aaa95941898e73430dcf5f0600d45d0fc63121c6,Houston,Will the highest temperature in Houston be 100°F or higher on August 14?,67244601611795342198309482055714030215900112278497582029973532853868199351410,No,2026-08-14T05:07:11+00:00,0.9985
0xbbe52480e5629af3408cba2173c1e2accf60414b33bc35fe9177576b5faae111,Houston,Will the highest temperature in Houston be 85°F or below on August 15?,21792247222320316455348016585688091666718661689086217027546582789932437638899,Yes,2026-08-14T03:00:08+00:00,0.003
0xbbe52480e5629af3408cba2173c1e2accf60414b33bc35fe9177576b5faae111,Houston,Will the highest temperature in Houston be 85°F or below on August 15?,21792247222320316455348016585688091666718661689086217027546582789932437638899,Yes,2026-08-14T04:00:08+00:00,0.003
0xbbe52480e5629af3408cba2173c1e2accf60414b33bc35fe9177576b5faae111,Houston,Will the highest temperature in Houston be 85°F or below on August 15?,21792247222320316455348016585688091666718661689086217027546582789932437638899,Yes,2026-08-14T05:00:12+00:00,0.0025
0xbbe52480e5629af3408cba2173c1e2accf60414b33bc35fe9177576b5faae111,Houston,Will the highest temperature in Houston be 85°F or below on August 15?,21792247222320316455348016585688091666718661689086217027546582789932437638899,Yes,2026-08-14T05:07:10+00:00,0.0025
0xbbe52480e5629af3408cba2173c1e2accf60414b33bc35fe9177576b5faae111,Houston,Will the highest temperature in Houston be 85°F or below on August 15?,75949419147117607431547864708906726550184863265108159852984401612168561720072,No,2026-08-14T03:00:15+00:00,0.997
0xbbe52480e5629af3408cba2173c1e2accf60414b33bc35fe9177576b5faae111,Houston,Will the highest temperature in Houston be 85°F or below on August 15?,75949419147117607431547864708906726550184863265108159852984401612168561720072,No,2026-08-14T04:00:13+00:00,0.997
0xbbe52480e5629af3408cba2173c1e2accf60414b33bc35fe9177576b5faae111,Houston,Will the highest temperature in Houston be 85°F or below on August 15?,75949419147117607431547864708906726550184863265108159852984401612168561720072,No,2026-08-14T05:00:18+00:00,0.9975
0xbbe52480e5629af3408cba2173c1e2accf60414b33bc35fe9177576b5faae111,Houston,Will the highest temperature in Houston be 85°F or below on August 15?,75949419147117607431547864708906726550184863265108159852984401612168561720072,No,2026-08-14T05:07:13+00:00,0.9975
0xd564813f00eac5009b02d53745a92a81760a0217d7923cce283d9c998d7f6755,Houston,Will the highest temperature in Houston be between 86-87°F on August 15?,43049807925073594025011736031866369931990012797229918636493344551886721216198,Yes,2026-08-14T03:00:11+00:00,0.0055
0xd564813f00eac5009b02d53745a92a81760a0217d7923cce283d9c998d7f6755,Houston,Will the highest temperature in Houston be between 86-87°F on August 15?,43049807925073594025011736031866369931990012797229918636493344551886721216198,Yes,2026-08-14T04:00:10+00:00,0.0055
0xd564813f00eac5009b02d53745a92a81760a0217d7923cce283d9c998d7f6755,Houston,Will the highest temperature in Houston be between 86-87°F on August 15?,43049807925073594025011736031866369931990012797229918636493344551886721216198,Yes,2026-08-14T05:00:14+00:00,0.006
0xd564813f00eac5009b02d53745a92a81760a0217d7923cce283d9c998d7f6755,Houston,Will the highest temperature in Houston be between 86-87°F on August 15?,43049807925073594025011736031866369931990012797229918636493344551886721216198,Yes,2026-08-14T05:07:11+00:00,0.006
0xd564813f00eac5009b02d53745a92a81760a0217d7923cce283d9c998d7f6755,Houston,Will the highest temperature in Houston be between 86-87°F on August 15?,96094704431073330016481403794029023022295279070154282635768939242930271875882,No,2026-08-14T03:00:10+00:00,0.9945
0xd564813f00eac5009b02d53745a92a81760a0217d7923cce283d9c998d7f6755,Houston,Will the highest temperature in Houston be between 86-87°F on August 15?,96094704431073330016481403794029023022295279070154282635768939242930271875882,No,2026-08-14T04:00:09+00:00,0.9945
0xd564813f00eac5009b02d53745a92a81760a0217d7923cce283d9c998d7f6755,Houston,Will the highest temperature in Houston be between 86-87°F on August 15?,96094704431073330016481403794029023022295279070154282635768939242930271875882,No,2026-08-14T05:00:13+00:00,0.994
0xd564813f00eac5009b02d53745a92a81760a0217d7923cce283d9c998d7f6755,Houston,Will the highest temperature in Houston be between 86-87°F on August 15?,96094704431073330016481403794029023022295279070154282635768939242930271875882,No,2026-08-14T05:07:10+00:00,0.994
0x3052631096905cec4afb05c136e6f233e5facb17f1fd88e8e1dc37098c40e1c6,Houston,Will the highest temperature in Houston be between 88-89°F on August 15?,72437507032381737692412267101659869340324351325604348277589691203335640471254,Yes,2026-08-14T03:00:10+00:00,0.01
0x3052631096905cec4afb05c136e6f233e5facb17f1fd88e8e1dc37098c40e1c6,Houston,Will the highest temperature in Houston be between 88-89°F on August 15?,72437507032381737692412267101659869340324351325604348277589691203335640471254,Yes,2026-08-14T04:00:09+00:00,0.01
0x3052631096905cec4afb05c136e6f233e5facb17f1fd88e8e1dc37098c40e1c6,Houston,Will the highest temperature in Houston be between 88-89°F on August 15?,72437507032381737692412267101659869340324351325604348277589691203335640471254,Yes,2026-08-14T05:00:13+00:00,0.01
0x3052631096905cec4afb05c136e6f233e5facb17f1fd88e8e1dc37098c40e1c6,Houston,Will the highest temperature in Houston be between 88-89°F on August 15?,72437507032381737692412267101659869340324351325604348277589691203335640471254,Yes,2026-08-14T05:07:11+00:00,0.01
0x3052631096905cec4afb05c136e6f233e5facb17f1fd88e8e1dc37098c40e1c6,Houston,Will the highest temperature in Houston be between 88-89°F on August 15?,1894709784926408289221080087040456972044290777223838083225631029304624751631,No,2026-08-14T03:00:12+00:00,0.99
0x3052631096905cec4afb05c136e6f233e5facb17f1fd88e8e1dc37098c40e1c6,Houston,Will the highest temperature in Houston be between 88-89°F on August 15?,1894709784926408289221080087040456972044290777223838083225631029304624751631,No,2026-08-14T04:00:10+00:00,0.99
0x3052631096905cec4afb05c136e6f233e5facb17f1fd88e8e1dc37098c40e1c6,Houston,Will the highest temperature in Houston be between 88-89°F on August 15?,1894709784926408289221080087040456972044290777223838083225631029304624751631,No,2026-08-14T05:00:15+00:00,0.99
0x3052631096905cec4afb05c136e6f233e5facb17f1fd88e8e1dc37098c40e1c6,Houston,Will the highest temperature in Houston be between 88-89°F on August 15?,1894709784926408289221080087040456972044290777223838083225631029304624751631,No,2026-08-14T05:07:11+00:00,0.99
0x7e8e69b45247ef4de66cef8ba3881da1064a8bbd1d069f3d95b2031073319541,Houston,Will the highest temperature in Houston be between 90-91°F on August 15?,41320162587522606068149653624074325380892076047593086335921443756159776442009,Yes,2026-08-14T03:00:09+00:00,0.025
0x7e8e69b45247ef4de66cef8ba3881da1064a8bbd1d069f3d95b2031073319541,Houston,Will the highest temperature in Houston be between 90-91°F on August 15?,41320162587522606068149653624074325380892076047593086335921443756159776442009,Yes,2026-08-14T04:00:09+00:00,0.03
0x7e8e69b45247ef4de66cef8ba3881da1064a8bbd1d069f3d95b2031073319541,Houston,Will the highest temperature in Houston be between 90-91°F on August 15?,41320162587522606068149653624074325380892076047593086335921443756159776442009,Yes,2026-08-14T05:00:13+00:00,0.03
0x7e8e69b45247ef4de66cef8ba3881da1064a8bbd1d069f3d95b2031073319541,Houston,Will the highest temperature in Houston be between 90-91°F on August 15?,41320162587522606068149653624074325380892076047593086335921443756159776442009,Yes,2026-08-14T05:07:10+00:00,0.03
0x7e8e69b45247ef4de66cef8ba3881da1064a8bbd1d069f3d95b2031073319541,Houston,Will the highest temperature in Houston be between 90-91°F on August 15?,103690395505024364632870652604112836193113934911399486805006957350984736870603,No,2026-08-14T03:00:10+00:00,0.975
0x7e8e69b45247ef4de66cef8ba3881da1064a8bbd1d069f3d95b2031073319541,Houston,Will the highest temperature in Houston be between 90-91°F on August 15?,103690395505024364632870652604112836193113934911399486805006957350984736870603,No,2026-08-14T04:00:09+00:00,0.97
0x7e8e69b45247ef4de66cef8ba3881da1064a8bbd1d069f3d95b2031073319541,Houston,Will the highest temperature in Houston be between 90-91°F on August 15?,103690395505024364632870652604112836193113934911399486805006957350984736870603,No,2026-08-14T05:00:13+00:00,0.97
0x7e8e69b45247ef4de66cef8ba3881da1064a8bbd1d069f3d95b2031073319541,Houston,Will the highest temperature in Houston be between 90-91°F on August 15?,103690395505024364632870652604112836193113934911399486805006957350984736870603,No,2026-08-14T05:07:11+00:00,0.97
0x0152cf4233bd54231128058767a7206c7924825369e4f57511012296396af902,Houston,Will the highest temperature in Houston be between 92-93°F on August 15?,81683630114945104796933810026778392817877389339133108532289576352923761188441,Yes,2026-08-14T03:00:12+00:00,0.12
0x0152cf4233bd54231128058767a7206c7924825369e4f57511012296396af902,Houston,Will the highest temperature in Houston be between 92-93°F on August 15?,81683630114945104796933810026778392817877389339133108532289576352923761188441,Yes,2026-08-14T04:00:10+00:00,0.09
0x0152cf4233bd54231128058767a7206c7924825369e4f57511012296396af902,Houston,Will the highest temperature in Houston be between 92-93°F on August 15?,81683630114945104796933810026778392817877389339133108532289576352923761188441,Yes,2026-08-14T05:00:15+00:00,0.105
0x0152cf4233bd54231128058767a7206c7924825369e4f57511012296396af902,Houston,Will the highest temperature in Houston be between 92-93°F on August 15?,81683630114945104796933810026778392817877389339133108532289576352923761188441,Yes,2026-08-14T05:05:11+00:00,0.105
0x0152cf4233bd54231128058767a7206c7924825369e4f57511012296396af902,Houston,Will the highest temperature in Houston be between 92-93°F on August 15?,44427761966912710604620970339871992409298953880478602520140592265674414378156,No,2026-08-14T03:00:09+00:00,0.88
0x0152cf4233bd54231128058767a7206c7924825369e4f57511012296396af902,Houston,Will the highest temperature in Houston be between 92-93°F on August 15?,44427761966912710604620970339871992409298953880478602520140592265674414378156,No,2026-08-14T04:00:09+00:00,0.91
0x0152cf4233bd54231128058767a7206c7924825369e4f57511012296396af902,Houston,Will the highest temperature in Houston be between 92-93°F on August 15?,44427761966912710604620970339871992409298953880478602520140592265674414378156,No,2026-08-14T05:00:13+00:00,0.895
0x0152cf4233bd54231128058767a7206c7924825369e4f57511012296396af902,Houston,Will the highest temperature in Houston be between 92-93°F on August 15?,44427761966912710604620970339871992409298953880478602520140592265674414378156,No,2026-08-14T05:07:10+00:00,0.895
0xd2171addf5f849aa8160479c6ebd96def6df0b9a58696c65197430c2d8ed3a08,Houston,Will the highest temperature in Houston be between 94-95°F on August 15?,69285490719824938303299081847378210474836392804357009538534299739263287520688,Yes,2026-08-14T03:00:10+00:00,0.335
0xd2171addf5f849aa8160479c6ebd96def6df0b9a58696c65197430c2d8ed3a08,Houston,Will the highest temperature in Houston be between 94-95°F on August 15?,69285490719824938303299081847378210474836392804357009538534299739263287520688,Yes,2026-08-14T04:00:09+00:00,0.34
0xd2171addf5f849aa8160479c6ebd96def6df0b9a58696c65197430c2d8ed3a08,Houston,Will the highest temperature in Houston be between 94-95°F on August 15?,69285490719824938303299081847378210474836392804357009538534299739263287520688,Yes,2026-08-14T05:00:13+00:00,0.36
0xd2171addf5f849aa8160479c6ebd96def6df0b9a58696c65197430c2d8ed3a08,Houston,Will the highest temperature in Houston be between 94-95°F on August 15?,69285490719824938303299081847378210474836392804357009538534299739263287520688,Yes,2026-08-14T05:07:11+00:00,0.36
0xd2171addf5f849aa8160479c6ebd96def6df0b9a58696c65197430c2d8ed3a08,Houston,Will the highest temperature in Houston be between 94-95°F on August 15?,93030434570398115897794942659416787648125325967731719447124518099424084549882,No,2026-08-14T03:00:14+00:00,0.665
0xd2171addf5f849aa8160479c6ebd96def6df0b9a58696c65197430c2d8ed3a08,Houston,Will the highest temperature in Houston be between 94-95°F on August 15?,93030434570398115897794942659416787648125325967731719447124518099424084549882,No,2026-08-14T04:00:13+00:00,0.66
0xd2171addf5f849aa8160479c6ebd96def6df0b9a58696c65197430c2d8ed3a08,Houston,Will the highest temperature in Houston be between 94-95°F on August 15?,93030434570398115897794942659416787648125325967731719447124518099424084549882,No,2026-08-14T05:00:17+00:00,0.64
0xd2171addf5f849aa8160479c6ebd96def6df0b9a58696c65197430c2d8ed3a08,Houston,Will the highest temperature in Houston be between 94-95°F on August 15?,93030434570398115897794942659416787648125325967731719447124518099424084549882,No,2026-08-14T05:07:13+00:00,0.64
0x53fc96d38c9956e853fd8f19c48c8e38ec9cfae378588f5d840e09b71ce0b083,Houston,Will the highest temperature in Houston be between 96-97°F on August 15?,99270992836300752328939877966366149006142227363021353470305550180050966847173,Yes,2026-08-14T03:00:11+00:00,0.335
0x53fc96d38c9956e853fd8f19c48c8e38ec9cfae378588f5d840e09b71ce0b083,Houston,Will the highest temperature in Houston be between 96-97°F on August 15?,99270992836300752328939877966366149006142227363021353470305550180050966847173,Yes,2026-08-14T04:00:10+00:00,0.39
0x53fc96d38c9956e853fd8f19c48c8e38ec9cfae378588f5d840e09b71ce0b083,Houston,Will the highest temperature in Houston be between 96-97°F on August 15?,99270992836300752328939877966366149006142227363021353470305550180050966847173,Yes,2026-08-14T05:00:14+00:00,0.38
0x53fc96d38c9956e853fd8f19c48c8e38ec9cfae378588f5d840e09b71ce0b083,Houston,Will the highest temperature in Houston be between 96-97°F on August 15?,99270992836300752328939877966366149006142227363021353470305550180050966847173,Yes,2026-08-14T05:07:11+00:00,0.375
0x53fc96d38c9956e853fd8f19c48c8e38ec9cfae378588f5d840e09b71ce0b083,Houston,Will the highest temperature in Houston be between 96-97°F on August 15?,78479618278422626974959199354830075521241378844320870782058987061772523695188,No,2026-08-14T03:00:10+00:00,0.665
0x53fc96d38c9956e853fd8f19c48c8e38ec9cfae378588f5d840e09b71ce0b083,Houston,Will the highest temperature in Houston be between 96-97°F on August 15?,78479618278422626974959199354830075521241378844320870782058987061772523695188,No,2026-08-14T04:00:09+00:00,0.61
0x53fc96d38c9956e853fd8f19c48c8e38ec9cfae378588f5d840e09b71ce0b083,Houston,Will the highest temperature in Houston be between 96-97°F on August 15?,78479618278422626974959199354830075521241378844320870782058987061772523695188,No,2026-08-14T05:00:13+00:00,0.62
0x53fc96d38c9956e853fd8f19c48c8e38ec9cfae378588f5d840e09b71ce0b083,Houston,Will the highest temperature in Houston be between 96-97°F on August 15?,78479618278422626974959199354830075521241378844320870782058987061772523695188,No,2026-08-14T05:07:11+00:00,0.625
0xe0b4a6377c867a2f892d4b8350a0c468d11a810dcab6619bd1dd17645a20f2d6,Houston,Will the highest temperature in Houston be between 98-99°F on August 15?,27977338018292946940662444902912348467803007867220110150328464506724100066340,Yes,2026-08-14T03:00:15+00:00,0.15
0xe0b4a6377c867a2f892d4b8350a0c468d11a810dcab6619bd1dd17645a20f2d6,Houston,Will the highest temperature in Houston be between 98-99°F on August 15?,27977338018292946940662444902912348467803007867220110150328464506724100066340,Yes,2026-08-14T04:00:13+00:00,0.125
0xe0b4a6377c867a2f892d4b8350a0c468d11a810dcab6619bd1dd17645a20f2d6,Houston,Will the highest temperature in Houston be between 98-99°F on August 15?,27977338018292946940662444902912348467803007867220110150328464506724100066340,Yes,2026-08-14T05:00:18+00:00,0.1
0xe0b4a6377c867a2f892d4b8350a0c468d11a810dcab6619bd1dd17645a20f2d6,Houston,Will the highest temperature in Houston be between 98-99°F on August 15?,27977338018292946940662444902912348467803007867220110150328464506724100066340,Yes,2026-08-14T05:07:13+00:00,0.1
0xe0b4a6377c867a2f892d4b8350a0c468d11a810dcab6619bd1dd17645a20f2d6,Houston,Will the highest temperature in Houston be between 98-99°F on August 15?,15892001859657100646986515180346706843066198887789644354272927945426335419270,No,2026-08-14T03:00:15+00:00,0.85
0xe0b4a6377c867a2f892d4b8350a0c468d11a810dcab6619bd1dd17645a20f2d6,Houston,Will the highest temperature in Houston be between 98-99°F on August 15?,15892001859657100646986515180346706843066198887789644354272927945426335419270,No,2026-08-14T04:00:13+00:00,0.875
0xe0b4a6377c867a2f892d4b8350a0c468d11a810dcab6619bd1dd17645a20f2d6,Houston,Will the highest temperature in Houston be between 98-99°F on August 15?,15892001859657100646986515180346706843066198887789644354272927945426335419270,No,2026-08-14T05:00:18+00:00,0.9
0xe0b4a6377c867a2f892d4b8350a0c468d11a810dcab6619bd1dd17645a20f2d6,Houston,Will the highest temperature in Houston be between 98-99°F on August 15?,15892001859657100646986515180346706843066198887789644354272927945426335419270,No,2026-08-14T05:07:13+00:00,0.9
0x89cf4aa9b206a720137da34466ec72b69b0e4f6d66ce201bf252394ebe5c3a9e,Houston,Will the highest temperature in Houston be between 100-101°F on August 15?,30716988798286352312993129143806589709193025409146214824487163036113491528884,Yes,2026-08-14T03:00:13+00:00,0.05
0x89cf4aa9b206a720137da34466ec72b69b0e4f6d66ce201bf252394ebe5c3a9e,Houston,Will the highest temperature in Houston be between 100-101°F on August 15?,30716988798286352312993129143806589709193025409146214824487163036113491528884,Yes,2026-08-14T04:00:11+00:00,0.03
0x89cf4aa9b206a720137da34466ec72b69b0e4f6d66ce201bf252394ebe5c3a9e,Houston,Will the highest temperature in Houston be between 100-101°F on August 15?,30716988798286352312993129143806589709193025409146214824487163036113491528884,Yes,2026-08-14T05:00:16+00:00,0.03
0x89cf4aa9b206a720137da34466ec72b69b0e4f6d66ce201bf252394ebe5c3a9e,Houston,Will the highest temperature in Houston be between 100-101°F on August 15?,30716988798286352312993129143806589709193025409146214824487163036113491528884,Yes,2026-08-14T05:07:12+00:00,0.03
0x89cf4aa9b206a720137da34466ec72b69b0e4f6d66ce201bf252394ebe5c3a9e,Houston,Will the highest temperature in Houston be between 100-101°F on August 15?,18013119044405041672388559947777763440168912238944503619149735234200723283496,No,2026-08-14T03:00:15+00:00,0.95
0x89cf4aa9b206a720137da34466ec72b69b0e4f6d66ce201bf252394ebe5c3a9e,Houston,Will the highest temperature in Houston be between 100-101°F on August 15?,18013119044405041672388559947777763440168912238944503619149735234200723283496,No,2026-08-14T04:00:13+00:00,0.97
0x89cf4aa9b206a720137da34466ec72b69b0e4f6d66ce201bf252394ebe5c3a9e,Houston,Will the highest temperature in Houston be between 100-101°F on August 15?,18013119044405041672388559947777763440168912238944503619149735234200723283496,No,2026-08-14T05:00:18+00:00,0.97
0x89cf4aa9b206a720137da34466ec72b69b0e4f6d66ce201bf252394ebe5c3a9e,Houston,Will the highest temperature in Houston be between 100-101°F on August 15?,18013119044405041672388559947777763440168912238944503619149735234200723283496,No,2026-08-14T05:07:13+00:00,0.97
0xb96a18cd587db80c8344e4b508f4da7455ec19d3102968f0948db498e165c037,Houston,Will the highest temperature in Houston be between 102-103°F on August 15?,6613685240130534578554470367080606226806052226890418464573103849593412920500,Yes,2026-08-14T03:00:11+00:00,0.01
0xb96a18cd587db80c8344e4b508f4da7455ec19d3102968f0948db498e165c037,Houston,Will the highest temperature in Houston be between 102-103°F on August 15?,6613685240130534578554470367080606226806052226890418464573103849593412920500,Yes,2026-08-14T04:00:10+00:00,0.0015
0xb96a18cd587db80c8344e4b508f4da7455ec19d3102968f0948db498e165c037,Houston,Will the highest temperature in Houston be between 102-103°F on August 15?,6613685240130534578554470367080606226806052226890418464573103849593412920500,Yes,2026-08-14T05:00:14+00:00,0.0015
0xb96a18cd587db80c8344e4b508f4da7455ec19d3102968f0948db498e165c037,Houston,Will the highest temperature in Houston be between 102-103°F on August 15?,6613685240130534578554470367080606226806052226890418464573103849593412920500,Yes,2026-08-14T05:07:11+00:00,0.0015
0xb96a18cd587db80c8344e4b508f4da7455ec19d3102968f0948db498e165c037,Houston,Will the highest temperature in Houston be between 102-103°F on August 15?,49107487298986291359963641465557459149842285386209103792729470717003821401043,No,2026-08-14T03:00:13+00:00,0.99
0xb96a18cd587db80c8344e4b508f4da7455ec19d3102968f0948db498e165c037,Houston,Will the highest temperature in Houston be between 102-103°F on August 15?,49107487298986291359963641465557459149842285386209103792729470717003821401043,No,2026-08-14T04:00:11+00:00,0.9985
0xb96a18cd587db80c8344e4b508f4da7455ec19d3102968f0948db498e165c037,Houston,Will the highest temperature in Houston be between 102-103°F on August 15?,49107487298986291359963641465557459149842285386209103792729470717003821401043,No,2026-08-14T05:00:16+00:00,0.9985
0xb96a18cd587db80c8344e4b508f4da7455ec19d3102968f0948db498e165c037,Houston,Will the highest temperature in Houston be between 102-103°F on August 15?,49107487298986291359963641465557459149842285386209103792729470717003821401043,No,2026-08-14T05:07:12+00:00,0.9985
0xceb9fa6a5b0dd8c81698b0c19441f8ace8d3308c6f2beb3399eece0f64a45133,Houston,Will the highest temperature in Houston be 104°F or higher on August 15?,105543005645118994307072673960185924437532319023461923293299298243471538385450,Yes,2026-08-14T03:00:14+00:00,0.0015
0xceb9fa6a5b0dd8c81698b0c19441f8ace8d3308c6f2beb3399eece0f64a45133,Houston,Will the highest temperature in Houston be 104°F or higher on August 15?,105543005645118994307072673960185924437532319023461923293299298243471538385450,Yes,2026-08-14T04:00:12+00:00,0.0015
0xceb9fa6a5b0dd8c81698b0c19441f8ace8d3308c6f2beb3399eece0f64a45133,Houston,Will the highest temperature in Houston be 104°F or higher on August 15?,105543005645118994307072673960185924437532319023461923293299298243471538385450,Yes,2026-08-14T05:00:17+00:00,0.0015
0xceb9fa6a5b0dd8c81698b0c19441f8ace8d3308c6f2beb3399eece0f64a45133,Houston,Will the highest temperature in Houston be 104°F or higher on August 15?,105543005645118994307072673960185924437532319023461923293299298243471538385450,Yes,2026-08-14T05:07:12+00:00,0.0015
0xceb9fa6a5b0dd8c81698b0c19441f8ace8d3308c6f2beb3399eece0f64a45133,Houston,Will the highest temperature in Houston be 104°F or higher on August 15?,40771140627971468391051354600899336664919344343264834076131598893492692748614,No,2026-08-14T03:00:14+00:00,0.9985
0xceb9fa6a5b0dd8c81698b0c19441f8ace8d3308c6f2beb3399eece0f64a45133,Houston,Will the highest temperature in Houston be 104°F or higher on August 15?,40771140627971468391051354600899336664919344343264834076131598893492692748614,No,2026-08-14T04:00:12+00:00,0.9985
0xceb9fa6a5b0dd8c81698b0c19441f8ace8d3308c6f2beb3399eece0f64a45133,Houston,Will the highest temperature in Houston be 104°F or higher on August 15?,40771140627971468391051354600899336664919344343264834076131598893492692748614,No,2026-08-14T05:00:17+00:00,0.9985
0xceb9fa6a5b0dd8c81698b0c19441f8ace8d3308c6f2beb3399eece0f64a45133,Houston,Will the highest temperature in Houston be 104°F or higher on August 15?,40771140627971468391051354600899336664919344343264834076131598893492692748614,No,2026-08-14T05:07:12+00:00,0.9985
0xe03ef83291d820246caccf8dde7f3c3c5ba99ede6499707ec39a0dbfa5fa9621,Houston,Will the highest temperature in Houston be 81°F or below on August 14?,10582267533514159443552209759363396668088663561125305460123149894061025640290,Yes,2026-08-14T06:00:19+00:00,0.0005
0xe03ef83291d820246caccf8dde7f3c3c5ba99ede6499707ec39a0dbfa5fa9621,Houston,Will the highest temperature in Houston be 81°F or below on August 14?,10582267533514159443552209759363396668088663561125305460123149894061025640290,Yes,2026-08-14T06:47:29+00:00,0.0005
0xe03ef83291d820246caccf8dde7f3c3c5ba99ede6499707ec39a0dbfa5fa9621,Houston,Will the highest temperature in Houston be 81°F or below on August 14?,111158787808786556713194645514958308437938534561145438512021977007770179475229,No,2026-08-14T06:00:14+00:00,0.9995
0xe03ef83291d820246caccf8dde7f3c3c5ba99ede6499707ec39a0dbfa5fa9621,Houston,Will the highest temperature in Houston be 81°F or below on August 14?,111158787808786556713194645514958308437938534561145438512021977007770179475229,No,2026-08-14T06:48:10+00:00,0.9995
0x2c9252da68703a428a93aacfe1ae3a4958420afe999ded3a38ab1d527bc4907b,Houston,Will the highest temperature in Houston be between 82-83°F on August 14?,101637321380572566648454246578585288131105111134612361834299664151638937052716,Yes,2026-08-14T06:00:19+00:00,0.002
0x2c9252da68703a428a93aacfe1ae3a4958420afe999ded3a38ab1d527bc4907b,Houston,Will the highest temperature in Houston be between 82-83°F on August 14?,101637321380572566648454246578585288131105111134612361834299664151638937052716,Yes,2026-08-14T06:47:29+00:00,0.002
0x2c9252da68703a428a93aacfe1ae3a4958420afe999ded3a38ab1d527bc4907b,Houston,Will the highest temperature in Houston be between 82-83°F on August 14?,48161865815974083272892286785915892840282933090526522993744387246710470767186,No,2026-08-14T06:00:16+00:00,0.998
0x2c9252da68703a428a93aacfe1ae3a4958420afe999ded3a38ab1d527bc4907b,Houston,Will the highest temperature in Houston be between 82-83°F on August 14?,48161865815974083272892286785915892840282933090526522993744387246710470767186,No,2026-08-14T06:48:11+00:00,0.998
0x838ca38b0c234b981dbe11c53b187127af82b1db5615aa90af8b983bad7e33a0,Houston,Will the highest temperature in Houston be between 84-85°F on August 14?,15488006698237351685732898401699475378252409616836608549277979398113110905993,Yes,2026-08-14T06:00:20+00:00,0.0005
0x838ca38b0c234b981dbe11c53b187127af82b1db5615aa90af8b983bad7e33a0,Houston,Will the highest temperature in Houston be between 84-85°F on August 14?,15488006698237351685732898401699475378252409616836608549277979398113110905993,Yes,2026-08-14T06:48:13+00:00,0.0005
0x838ca38b0c234b981dbe11c53b187127af82b1db5615aa90af8b983bad7e33a0,Houston,Will the highest temperature in Houston be between 84-85°F on August 14?,37235111768247177937255924086320729308997671573777008884072539717949232346097,No,2026-08-14T06:00:14+00:00,0.9995
0x838ca38b0c234b981dbe11c53b187127af82b1db5615aa90af8b983bad7e33a0,Houston,Will the highest temperature in Houston be between 84-85°F on August 14?,37235111768247177937255924086320729308997671573777008884072539717949232346097,No,2026-08-14T06:48:10+00:00,0.9995
0x2131d75b5f7d23cbdd2a31c1cf0c40f360cfa268c99879fa572777d6b19ea716,Houston,Will the highest temperature in Houston be between 86-87°F on August 14?,78539173942764984060922893189022592061364696833492576830221696070881650333698,Yes,2026-08-14T06:00:20+00:00,0.0045
0x2131d75b5f7d23cbdd2a31c1cf0c40f360cfa268c99879fa572777d6b19ea716,Houston,Will the highest temperature in Houston be between 86-87°F on August 14?,78539173942764984060922893189022592061364696833492576830221696070881650333698,Yes,2026-08-14T06:48:13+00:00,0.0055
0x2131d75b5f7d23cbdd2a31c1cf0c40f360cfa268c99879fa572777d6b19ea716,Houston,Will the highest temperature in Houston be between 86-87°F on August 14?,99594452899436634604728616421425036628463967257933630408493844113555809203568,No,2026-08-14T06:00:17+00:00,0.9955
0x2131d75b5f7d23cbdd2a31c1cf0c40f360cfa268c99879fa572777d6b19ea716,Houston,Will the highest temperature in Houston be between 86-87°F on August 14?,99594452899436634604728616421425036628463967257933630408493844113555809203568,No,2026-08-14T06:48:12+00:00,0.9945
0x4a11a8608853932cd58bfc49df03b8d7f7d98c49d7065b37399fe5401d68a07c,Houston,Will the highest temperature in Houston be between 88-89°F on August 14?,12837788342102810065288444386729051493761523072891597043461105824163058476041,Yes,2026-08-14T06:00:20+00:00,0.015
0x4a11a8608853932cd58bfc49df03b8d7f7d98c49d7065b37399fe5401d68a07c,Houston,Will the highest temperature in Houston be between 88-89°F on August 14?,12837788342102810065288444386729051493761523072891597043461105824163058476041,Yes,2026-08-14T06:48:13+00:00,0.02
0x4a11a8608853932cd58bfc49df03b8d7f7d98c49d7065b37399fe5401d68a07c,Houston,Will the highest temperature in Houston be between 88-89°F on August 14?,15435265914103628591634606585611734775031686808200489332633238193616638260101,No,2026-08-14T06:00:19+00:00,0.985
0x4a11a8608853932cd58bfc49df03b8d7f7d98c49d7065b37399fe5401d68a07c,Houston,Will the highest temperature in Houston be between 88-89°F on August 14?,15435265914103628591634606585611734775031686808200489332633238193616638260101,No,2026-08-14T06:48:13+00:00,0.98
0x359ba4cc0e574f8e33152bacfcaf52786de4d6d062ee22b88e593e455cea9ed4,Houston,Will the highest temperature in Houston be between 90-91°F on August 14?,27237451439041276029800328578030567263278401914511084798198491950237429257608,Yes,2026-08-14T06:00:19+00:00,0.095
0x359ba4cc0e574f8e33152bacfcaf52786de4d6d062ee22b88e593e455cea9ed4,Houston,Will the highest temperature in Houston be between 90-91°F on August 14?,27237451439041276029800328578030567263278401914511084798198491950237429257608,Yes,2026-08-14T06:48:13+00:00,0.065
0x359ba4cc0e574f8e33152bacfcaf52786de4d6d062ee22b88e593e455cea9ed4,Houston,Will the highest temperature in Houston be between 90-91°F on August 14?,57509207727069701865106438874519203285979365193645388728270454546337507123524,No,2026-08-14T06:00:19+00:00,0.905
0x359ba4cc0e574f8e33152bacfcaf52786de4d6d062ee22b88e593e455cea9ed4,Houston,Will the highest temperature in Houston be between 90-91°F on August 14?,57509207727069701865106438874519203285979365193645388728270454546337507123524,No,2026-08-14T06:48:12+00:00,0.935
0x8a49d18088a8d4ea5e44a96604618dd12339c1a7667012605575fe7b6d5986cd,Houston,Will the highest temperature in Houston be between 92-93°F on August 14?,65825908583112834870318381111223272312032080956679362549448857332496342945803,Yes,2026-08-14T06:00:13+00:00,0.5
0x8a49d18088a8d4ea5e44a96604618dd12339c1a7667012605575fe7b6d5986cd,Houston,Will the highest temperature in Houston be between 92-93°F on August 14?,65825908583112834870318381111223272312032080956679362549448857332496342945803,Yes,2026-08-14T06:48:10+00:00,0.48
0x8a49d18088a8d4ea5e44a96604618dd12339c1a7667012605575fe7b6d5986cd,Houston,Will the highest temperature in Houston be between 92-93°F on August 14?,69002621539137572358230488736682883203290859349309291930560738380543225189579,No,2026-08-14T06:00:18+00:00,0.5
0x8a49d18088a8d4ea5e44a96604618dd12339c1a7667012605575fe7b6d5986cd,Houston,Will the highest temperature in Houston be between 92-93°F on August 14?,69002621539137572358230488736682883203290859349309291930560738380543225189579,No,2026-08-14T06:48:12+00:00,0.52
0x7a5d60bfbc841d82b1e8db1257dd5ef81fb41538c5be8470b0547ee4791ef5b1,Houston,Will the highest temperature in Houston be between 94-95°F on August 14?,28831326021294620747215780146562171214476556340972182937833194616743212051655,Yes,2026-08-14T06:00:20+00:00,0.375
0x7a5d60bfbc841d82b1e8db1257dd5ef81fb41538c5be8470b0547ee4791ef5b1,Houston,Will the highest temperature in Houston be between 94-95°F on August 14?,28831326021294620747215780146562171214476556340972182937833194616743212051655,Yes,2026-08-14T06:48:13+00:00,0.41
0x7a5d60bfbc841d82b1e8db1257dd5ef81fb41538c5be8470b0547ee4791ef5b1,Houston,Will the highest temperature in Houston be between 94-95°F on August 14?,22433220007398485770687147518007825170185203863682135443889026347827370705057,No,2026-08-14T06:00:13+00:00,0.625
0x7a5d60bfbc841d82b1e8db1257dd5ef81fb41538c5be8470b0547ee4791ef5b1,Houston,Will the highest temperature in Houston be between 94-95°F on August 14?,22433220007398485770687147518007825170185203863682135443889026347827370705057,No,2026-08-14T06:48:10+00:00,0.595
0x0585850f9a9f2ccc51b9b81d710344edd285dc88e027338c66c2a2b33bdf80e8,Houston,Will the highest temperature in Houston be between 96-97°F on August 14?,36089177035045371458954855522096750336881786516527680673290407780910632087869,Yes,2026-08-14T06:00:16+00:00,0.035
0x0585850f9a9f2ccc51b9b81d710344edd285dc88e027338c66c2a2b33bdf80e8,Houston,Will the highest temperature in Houston be between 96-97°F on August 14?,36089177035045371458954855522096750336881786516527680673290407780910632087869,Yes,2026-08-14T06:48:11+00:00,0.035
0x0585850f9a9f2ccc51b9b81d710344edd285dc88e027338c66c2a2b33bdf80e8,Houston,Will the highest temperature in Houston be between 96-97°F on August 14?,61331753576686616021773079654416849516409903388112834330786441089762846107721,No,2026-08-14T06:00:15+00:00,0.965
0x0585850f9a9f2ccc51b9b81d710344edd285dc88e027338c66c2a2b33bdf80e8,Houston,Will the highest temperature in Houston be between 96-97°F on August 14?,61331753576686616021773079654416849516409903388112834330786441089762846107721,No,2026-08-14T06:48:11+00:00,0.965
0x431356a95518b339f4919119c67eac9584e60399289ad6cf0a070151af01034e,Houston,Will the highest temperature in Houston be between 98-99°F on August 14?,83863027271530607190889544752135253829494546723021793324830065419921580735990,Yes,2026-08-14T06:00:14+00:00,0.01
0x431356a95518b339f4919119c67eac9584e60399289ad6cf0a070151af01034e,Houston,Will the highest temperature in Houston be between 98-99°F on August 14?,83863027271530607190889544752135253829494546723021793324830065419921580735990,Yes,2026-08-14T06:48:10+00:00,0.01
0x431356a95518b339f4919119c67eac9584e60399289ad6cf0a070151af01034e,Houston,Will the highest temperature in Houston be between 98-99°F on August 14?,44524870878191586307854524290937563062990595664820402594499101592758246713953,No,2026-08-14T06:00:17+00:00,0.99
0x431356a95518b339f4919119c67eac9584e60399289ad6cf0a070151af01034e,Houston,Will the highest temperature in Houston be between 98-99°F on August 14?,44524870878191586307854524290937563062990595664820402594499101592758246713953,No,2026-08-14T06:48:12+00:00,0.99
0xd7a852e47de78c7c19595089aaa95941898e73430dcf5f0600d45d0fc63121c6,Houston,Will the highest temperature in Houston be 100°F or higher on August 14?,33897887330647821069422175789527372225927466609946237397541195049702442102327,Yes,2026-08-14T06:00:20+00:00,0.0015
0xd7a852e47de78c7c19595089aaa95941898e73430dcf5f0600d45d0fc63121c6,Houston,Will the highest temperature in Houston be 100°F or higher on August 14?,33897887330647821069422175789527372225927466609946237397541195049702442102327,Yes,2026-08-14T06:48:13+00:00,0.0015
0xd7a852e47de78c7c19595089aaa95941898e73430dcf5f0600d45d0fc63121c6,Houston,Will the highest temperature in Houston be 100°F or higher on August 14?,67244601611795342198309482055714030215900112278497582029973532853868199351410,No,2026-08-14T06:00:17+00:00,0.9985
0xd7a852e47de78c7c19595089aaa95941898e73430dcf5f0600d45d0fc63121c6,Houston,Will the highest temperature in Houston be 100°F or higher on August 14?,67244601611795342198309482055714030215900112278497582029973532853868199351410,No,2026-08-14T06:48:11+00:00,0.9985
0xbbe52480e5629af3408cba2173c1e2accf60414b33bc35fe9177576b5faae111,Houston,Will the highest temperature in Houston be 85°F or below on August 15?,21792247222320316455348016585688091666718661689086217027546582789932437638899,Yes,2026-08-14T06:00:13+00:00,0.0025
0xbbe52480e5629af3408cba2173c1e2accf60414b33bc35fe9177576b5faae111,Houston,Will the highest temperature in Houston be 85°F or below on August 15?,21792247222320316455348016585688091666718661689086217027546582789932437638899,Yes,2026-08-14T06:48:10+00:00,0.003
0xbbe52480e5629af3408cba2173c1e2accf60414b33bc35fe9177576b5faae111,Houston,Will the highest temperature in Houston be 85°F or below on August 15?,75949419147117607431547864708906726550184863265108159852984401612168561720072,No,2026-08-14T06:00:20+00:00,0.9975
0xbbe52480e5629af3408cba2173c1e2accf60414b33bc35fe9177576b5faae111,Houston,Will the highest temperature in Houston be 85°F or below on August 15?,75949419147117607431547864708906726550184863265108159852984401612168561720072,No,2026-08-14T06:48:13+00:00,0.997
0xd564813f00eac5009b02d53745a92a81760a0217d7923cce283d9c998d7f6755,Houston,Will the highest temperature in Houston be between 86-87°F on August 15?,43049807925073594025011736031866369931990012797229918636493344551886721216198,Yes,2026-08-14T06:00:15+00:00,0.006
0xd564813f00eac5009b02d53745a92a81760a0217d7923cce283d9c998d7f6755,Houston,Will the highest temperature in Houston be between 86-87°F on August 15?,43049807925073594025011736031866369931990012797229918636493344551886721216198,Yes,2026-08-14T06:48:11+00:00,0.006
0xd564813f00eac5009b02d53745a92a81760a0217d7923cce283d9c998d7f6755,Houston,Will the highest temperature in Houston be between 86-87°F on August 15?,96094704431073330016481403794029023022295279070154282635768939242930271875882,No,2026-08-14T06:00:14+00:00,0.994
0xd564813f00eac5009b02d53745a92a81760a0217d7923cce283d9c998d7f6755,Houston,Will the highest temperature in Houston be between 86-87°F on August 15?,96094704431073330016481403794029023022295279070154282635768939242930271875882,No,2026-08-14T06:48:10+00:00,0.994
0x3052631096905cec4afb05c136e6f233e5facb17f1fd88e8e1dc37098c40e1c6,Houston,Will the highest temperature in Houston be between 88-89°F on August 15?,72437507032381737692412267101659869340324351325604348277589691203335640471254,Yes,2026-08-14T06:00:15+00:00,0.0055
0x3052631096905cec4afb05c136e6f233e5facb17f1fd88e8e1dc37098c40e1c6,Houston,Will the highest temperature in Houston be between 88-89°F on August 15?,72437507032381737692412267101659869340324351325604348277589691203335640471254,Yes,2026-08-14T06:48:11+00:00,0.0055
0x3052631096905cec4afb05c136e6f233e5facb17f1fd88e8e1dc37098c40e1c6,Houston,Will the highest temperature in Houston be between 88-89°F on August 15?,1894709784926408289221080087040456972044290777223838083225631029304624751631,No,2026-08-14T06:00:16+00:00,0.9945
0x3052631096905cec4afb05c136e6f233e5facb17f1fd88e8e1dc37098c40e1c6,Houston,Will the highest temperature in Houston be between 88-89°F on August 15?,1894709784926408289221080087040456972044290777223838083225631029304624751631,No,2026-08-14T06:48:11+00:00,0.9945
0x7e8e69b45247ef4de66cef8ba3881da1064a8bbd1d069f3d95b2031073319541,Houston,Will the highest temperature in Houston be between 90-91°F on August 15?,41320162587522606068149653624074325380892076047593086335921443756159776442009,Yes,2026-08-14T06:00:14+00:00,0.03
0x7e8e69b45247ef4de66cef8ba3881da1064a8bbd1d069f3d95b2031073319541,Houston,Will the highest temperature in Houston be between 90-91°F on August 15?,41320162587522606068149653624074325380892076047593086335921443756159776442009,Yes,2026-08-14T06:48:10+00:00,0.03
0x7e8e69b45247ef4de66cef8ba3881da1064a8bbd1d069f3d95b2031073319541,Houston,Will the highest temperature in Houston be between 90-91°F on August 15?,103690395505024364632870652604112836193113934911399486805006957350984736870603,No,2026-08-14T06:00:15+00:00,0.97
0x7e8e69b45247ef4de66cef8ba3881da1064a8bbd1d069f3d95b2031073319541,Houston,Will the highest temperature in Houston be between 90-91°F on August 15?,103690395505024364632870652604112836193113934911399486805006957350984736870603,No,2026-08-14T06:48:11+00:00,0.97
0x0152cf4233bd54231128058767a7206c7924825369e4f57511012296396af902,Houston,Will the highest temperature in Houston be between 92-93°F on August 15?,81683630114945104796933810026778392817877389339133108532289576352923761188441,Yes,2026-08-14T06:00:16+00:00,0.105
0x0152cf4233bd54231128058767a7206c7924825369e4f57511012296396af902,Houston,Will the highest temperature in Houston be between 92-93°F on August 15?,81683630114945104796933810026778392817877389339133108532289576352923761188441,Yes,2026-08-14T06:48:11+00:00,0.1
0x0152cf4233bd54231128058767a7206c7924825369e4f57511012296396af902,Houston,Will the highest temperature in Houston be between 92-93°F on August 15?,44427761966912710604620970339871992409298953880478602520140592265674414378156,No,2026-08-14T06:00:14+00:00,0.895
0x0152cf4233bd54231128058767a7206c7924825369e4f57511012296396af902,Houston,Will the highest temperature in Houston be between 92-93°F on August 15?,44427761966912710604620970339871992409298953880478602520140592265674414378156,No,2026-08-14T06:48:10+00:00,0.9
0xd2171addf5f849aa8160479c6ebd96def6df0b9a58696c65197430c2d8ed3a08,Houston,Will the highest temperature in Houston be between 94-95°F on August 15?,69285490719824938303299081847378210474836392804357009538534299739263287520688,Yes,2026-08-14T06:00:15+00:00,0.36
0xd2171addf5f849aa8160479c6ebd96def6df0b9a58696c65197430c2d8ed3a08,Houston,Will the highest temperature in Houston be between 94-95°F on August 15?,69285490719824938303299081847378210474836392804357009538534299739263287520688,Yes,2026-08-14T06:48:11+00:00,0.355
0xd2171addf5f849aa8160479c6ebd96def6df0b9a58696c65197430c2d8ed3a08,Houston,Will the highest temperature in Houston be between 94-95°F on August 15?,93030434570398115897794942659416787648125325967731719447124518099424084549882,No,2026-08-14T06:00:19+00:00,0.64
0xd2171addf5f849aa8160479c6ebd96def6df0b9a58696c65197430c2d8ed3a08,Houston,Will the highest temperature in Houston be between 94-95°F on August 15?,93030434570398115897794942659416787648125325967731719447124518099424084549882,No,2026-08-14T06:48:13+00:00,0.645
0x53fc96d38c9956e853fd8f19c48c8e38ec9cfae378588f5d840e09b71ce0b083,Houston,Will the highest temperature in Houston be between 96-97°F on August 15?,99270992836300752328939877966366149006142227363021353470305550180050966847173,Yes,2026-08-14T06:00:16+00:00,0.375
0x53fc96d38c9956e853fd8f19c48c8e38ec9cfae378588f5d840e09b71ce0b083,Houston,Will the highest temperature in Houston be between 96-97°F on August 15?,99270992836300752328939877966366149006142227363021353470305550180050966847173,Yes,2026-08-14T06:48:11+00:00,0.395
0x53fc96d38c9956e853fd8f19c48c8e38ec9cfae378588f5d840e09b71ce0b083,Houston,Will the highest temperature in Houston be between 96-97°F on August 15?,78479618278422626974959199354830075521241378844320870782058987061772523695188,No,2026-08-14T06:00:15+00:00,0.625
0x53fc96d38c9956e853fd8f19c48c8e38ec9cfae378588f5d840e09b71ce0b083,Houston,Will the highest temperature in Houston be between 96-97°F on August 15?,78479618278422626974959199354830075521241378844320870782058987061772523695188,No,2026-08-14T06:48:11+00:00,0.605
0xe0b4a6377c867a2f892d4b8350a0c468d11a810dcab6619bd1dd17645a20f2d6,Houston,Will the highest temperature in Houston be between 98-99°F on August 15?,27977338018292946940662444902912348467803007867220110150328464506724100066340,Yes,2026-08-14T06:00:20+00:00,0.1
0xe0b4a6377c867a2f892d4b8350a0c468d11a810dcab6619bd1dd17645a20f2d6,Houston,Will the highest temperature in Houston be between 98-99°F on August 15?,27977338018292946940662444902912348467803007867220110150328464506724100066340,Yes,2026-08-14T06:48:13+00:00,0.1
0xe0b4a6377c867a2f892d4b8350a0c468d11a810dcab6619bd1dd17645a20f2d6,Houston,Will the highest temperature in Houston be between 98-99°F on August 15?,15892001859657100646986515180346706843066198887789644354272927945426335419270,No,2026-08-14T06:00:20+00:00,0.9
0xe0b4a6377c867a2f892d4b8350a0c468d11a810dcab6619bd1dd17645a20f2d6,Houston,Will the highest temperature in Houston be between 98-99°F on August 15?,15892001859657100646986515180346706843066198887789644354272927945426335419270,No,2026-08-14T06:48:13+00:00,0.9
0x89cf4aa9b206a720137da34466ec72b69b0e4f6d66ce201bf252394ebe5c3a9e,Houston,Will the highest temperature in Houston be between 100-101°F on August 15?,30716988798286352312993129143806589709193025409146214824487163036113491528884,Yes,2026-08-14T06:00:17+00:00,0.03
0x89cf4aa9b206a720137da34466ec72b69b0e4f6d66ce201bf252394ebe5c3a9e,Houston,Will the highest temperature in Houston be between 100-101°F on August 15?,30716988798286352312993129143806589709193025409146214824487163036113491528884,Yes,2026-08-14T06:48:12+00:00,0.03
0x89cf4aa9b206a720137da34466ec72b69b0e4f6d66ce201bf252394ebe5c3a9e,Houston,Will the highest temperature in Houston be between 100-101°F on August 15?,18013119044405041672388559947777763440168912238944503619149735234200723283496,No,2026-08-14T06:00:20+00:00,0.97
0x89cf4aa9b206a720137da34466ec72b69b0e4f6d66ce201bf252394ebe5c3a9e,Houston,Will the highest temperature in Houston be between 100-101°F on August 15?,18013119044405041672388559947777763440168912238944503619149735234200723283496,No,2026-08-14T06:48:13+00:00,0.97
0xb96a18cd587db80c8344e4b508f4da7455ec19d3102968f0948db498e165c037,Houston,Will the highest temperature in Houston be between 102-103°F on August 15?,6613685240130534578554470367080606226806052226890418464573103849593412920500,Yes,2026-08-14T06:00:16+00:00,0.0015
0xb96a18cd587db80c8344e4b508f4da7455ec19d3102968f0948db498e165c037,Houston,Will the highest temperature in Houston be between 102-103°F on August 15?,6613685240130534578554470367080606226806052226890418464573103849593412920500,Yes,2026-08-14T06:48:11+00:00,0.0015
0xb96a18cd587db80c8344e4b508f4da7455ec19d3102968f0948db498e165c037,Houston,Will the highest temperature in Houston be between 102-103°F on August 15?,49107487298986291359963641465557459149842285386209103792729470717003821401043,No,2026-08-14T06:00:17+00:00,0.9985
0xb96a18cd587db80c8344e4b508f4da7455ec19d3102968f0948db498e165c037,Houston,Will the highest temperature in Houston be between 102-103°F on August 15?,49107487298986291359963641465557459149842285386209103792729470717003821401043,No,2026-08-14T06:48:12+00:00,0.9985
0xceb9fa6a5b0dd8c81698b0c19441f8ace8d3308c6f2beb3399eece0f64a45133,Houston,Will the highest temperature in Houston be 104°F or higher on August 15?,105543005645118994307072673960185924437532319023461923293299298243471538385450,Yes,2026-08-14T06:00:19+00:00,0.0015
0xceb9fa6a5b0dd8c81698b0c19441f8ace8d3308c6f2beb3399eece0f64a45133,Houston,Will the highest temperature in Houston be 104°F or higher on August 15?,105543005645118994307072673960185924437532319023461923293299298243471538385450,Yes,2026-08-14T06:48:12+00:00,0.0015
0xceb9fa6a5b0dd8c81698b0c19441f8ace8d3308c6f2beb3399eece0f64a45133,Houston,Will the highest temperature in Houston be 104°F or higher on August 15?,40771140627971468391051354600899336664919344343264834076131598893492692748614,No,2026-08-14T06:00:19+00:00,0.9985
0xceb9fa6a5b0dd8c81698b0c19441f8ace8d3308c6f2beb3399eece0f64a45133,Houston,Will the highest temperature in Houston be 104°F or higher on August 15?,40771140627971468391051354600899336664919344343264834076131598893492692748614,No,2026-08-14T06:48:12+00:00,0.9985
0xe03ef83291d820246caccf8dde7f3c3c5ba99ede6499707ec39a0dbfa5fa9621,Houston,Will the highest temperature in Houston be 81°F or below on August 14?,10582267533514159443552209759363396668088663561125305460123149894061025640290,Yes,2026-08-14T07:00:20+00:00,0.0005
0xe03ef83291d820246caccf8dde7f3c3c5ba99ede6499707ec39a0dbfa5fa9621,Houston,Will the highest temperature in Houston be 81°F or below on August 14?,10582267533514159443552209759363396668088663561125305460123149894061025640290,Yes,2026-08-14T08:00:14+00:00,0.0005
0xe03ef83291d820246caccf8dde7f3c3c5ba99ede6499707ec39a0dbfa5fa9621,Houston,Will the highest temperature in Houston be 81°F or below on August 14?,10582267533514159443552209759363396668088663561125305460123149894061025640290,Yes,2026-08-14T08:43:12+00:00,0.0005
0xe03ef83291d820246caccf8dde7f3c3c5ba99ede6499707ec39a0dbfa5fa9621,Houston,Will the highest temperature in Houston be 81°F or below on August 14?,111158787808786556713194645514958308437938534561145438512021977007770179475229,No,2026-08-14T07:00:16+00:00,0.9995
0xe03ef83291d820246caccf8dde7f3c3c5ba99ede6499707ec39a0dbfa5fa9621,Houston,Will the highest temperature in Houston be 81°F or below on August 14?,111158787808786556713194645514958308437938534561145438512021977007770179475229,No,2026-08-14T08:00:10+00:00,0.9995
0xe03ef83291d820246caccf8dde7f3c3c5ba99ede6499707ec39a0dbfa5fa9621,Houston,Will the highest temperature in Houston be 81°F or below on August 14?,111158787808786556713194645514958308437938534561145438512021977007770179475229,No,2026-08-14T08:43:10+00:00,0.9995
0x2c9252da68703a428a93aacfe1ae3a4958420afe999ded3a38ab1d527bc4907b,Houston,Will the highest temperature in Houston be between 82-83°F on August 14?,101637321380572566648454246578585288131105111134612361834299664151638937052716,Yes,2026-08-14T07:00:19+00:00,0.002
0x2c9252da68703a428a93aacfe1ae3a4958420afe999ded3a38ab1d527bc4907b,Houston,Will the highest temperature in Houston be between 82-83°F on August 14?,101637321380572566648454246578585288131105111134612361834299664151638937052716,Yes,2026-08-14T08:00:13+00:00,0.002
0x2c9252da68703a428a93aacfe1ae3a4958420afe999ded3a38ab1d527bc4907b,Houston,Will the highest temperature in Houston be between 82-83°F on August 14?,101637321380572566648454246578585288131105111134612361834299664151638937052716,Yes,2026-08-14T08:43:12+00:00,0.002
0x2c9252da68703a428a93aacfe1ae3a4958420afe999ded3a38ab1d527bc4907b,Houston,Will the highest temperature in Houston be between 82-83°F on August 14?,48161865815974083272892286785915892840282933090526522993744387246710470767186,No,2026-08-14T07:00:18+00:00,0.998
0x2c9252da68703a428a93aacfe1ae3a4958420afe999ded3a38ab1d527bc4907b,Houston,Will the highest temperature in Houston be between 82-83°F on August 14?,48161865815974083272892286785915892840282933090526522993744387246710470767186,No,2026-08-14T08:00:11+00:00,0.998
0x2c9252da68703a428a93aacfe1ae3a4958420afe999ded3a38ab1d527bc4907b,Houston,Will the highest temperature in Houston be between 82-83°F on August 14?,48161865815974083272892286785915892840282933090526522993744387246710470767186,No,2026-08-14T08:43:11+00:00,0.998
0x838ca38b0c234b981dbe11c53b187127af82b1db5615aa90af8b983bad7e33a0,Houston,Will the highest temperature in Houston be between 84-85°F on August 14?,15488006698237351685732898401699475378252409616836608549277979398113110905993,Yes,2026-08-14T07:00:20+00:00,0.0005
0x838ca38b0c234b981dbe11c53b187127af82b1db5615aa90af8b983bad7e33a0,Houston,Will the highest temperature in Houston be between 84-85°F on August 14?,15488006698237351685732898401699475378252409616836608549277979398113110905993,Yes,2026-08-14T08:00:14+00:00,0.0005
0x838ca38b0c234b981dbe11c53b187127af82b1db5615aa90af8b983bad7e33a0,Houston,Will the highest temperature in Houston be between 84-85°F on August 14?,15488006698237351685732898401699475378252409616836608549277979398113110905993,Yes,2026-08-14T08:43:13+00:00,0.0005
0x838ca38b0c234b981dbe11c53b187127af82b1db5615aa90af8b983bad7e33a0,Houston,Will the highest temperature in Houston be between 84-85°F on August 14?,37235111768247177937255924086320729308997671573777008884072539717949232346097,No,2026-08-14T07:00:16+00:00,0.9995
0x838ca38b0c234b981dbe11c53b187127af82b1db5615aa90af8b983bad7e33a0,Houston,Will the highest temperature in Houston be between 84-85°F on August 14?,37235111768247177937255924086320729308997671573777008884072539717949232346097,No,2026-08-14T08:00:10+00:00,0.9995
0x838ca38b0c234b981dbe11c53b187127af82b1db5615aa90af8b983bad7e33a0,Houston,Will the highest temperature in Houston be between 84-85°F on August 14?,37235111768247177937255924086320729308997671573777008884072539717949232346097,No,2026-08-14T08:43:10+00:00,0.9995
0x2131d75b5f7d23cbdd2a31c1cf0c40f360cfa268c99879fa572777d6b19ea716,Houston,Will the highest temperature in Houston be between 86-87°F on August 14?,78539173942764984060922893189022592061364696833492576830221696070881650333698,Yes,2026-08-14T07:00:20+00:00,0.0055
0x2131d75b5f7d23cbdd2a31c1cf0c40f360cfa268c99879fa572777d6b19ea716,Houston,Will the highest temperature in Houston be between 86-87°F on August 14?,78539173942764984060922893189022592061364696833492576830221696070881650333698,Yes,2026-08-14T08:00:14+00:00,0.0055
0x2131d75b5f7d23cbdd2a31c1cf0c40f360cfa268c99879fa572777d6b19ea716,Houston,Will the highest temperature in Houston be between 86-87°F on August 14?,78539173942764984060922893189022592061364696833492576830221696070881650333698,Yes,2026-08-14T08:43:13+00:00,0.0055
0x2131d75b5f7d23cbdd2a31c1cf0c40f360cfa268c99879fa572777d6b19ea716,Houston,Will the highest temperature in Houston be between 86-87°F on August 14?,99594452899436634604728616421425036628463967257933630408493844113555809203568,No,2026-08-14T07:00:18+00:00,0.9945
0x2131d75b5f7d23cbdd2a31c1cf0c40f360cfa268c99879fa572777d6b19ea716,Houston,Will the highest temperature in Houston be between 86-87°F on August 14?,99594452899436634604728616421425036628463967257933630408493844113555809203568,No,2026-08-14T08:00:12+00:00,0.9945
0x2131d75b5f7d23cbdd2a31c1cf0c40f360cfa268c99879fa572777d6b19ea716,Houston,Will the highest temperature in Houston be between 86-87°F on August 14?,99594452899436634604728616421425036628463967257933630408493844113555809203568,No,2026-08-14T08:43:11+00:00,0.9945
0x4a11a8608853932cd58bfc49df03b8d7f7d98c49d7065b37399fe5401d68a07c,Houston,Will the highest temperature in Houston be between 88-89°F on August 14?,12837788342102810065288444386729051493761523072891597043461105824163058476041,Yes,2026-08-14T07:00:20+00:00,0.02
0x4a11a8608853932cd58bfc49df03b8d7f7d98c49d7065b37399fe5401d68a07c,Houston,Will the highest temperature in Houston be between 88-89°F on August 14?,12837788342102810065288444386729051493761523072891597043461105824163058476041,Yes,2026-08-14T08:00:14+00:00,0.02
0x4a11a8608853932cd58bfc49df03b8d7f7d98c49d7065b37399fe5401d68a07c,Houston,Will the highest temperature in Houston be between 88-89°F on August 14?,12837788342102810065288444386729051493761523072891597043461105824163058476041,Yes,2026-08-14T08:43:13+00:00,0.02
0x4a11a8608853932cd58bfc49df03b8d7f7d98c49d7065b37399fe5401d68a07c,Houston,Will the highest temperature in Houston be between 88-89°F on August 14?,15435265914103628591634606585611734775031686808200489332633238193616638260101,No,2026-08-14T07:00:20+00:00,0.98
0x4a11a8608853932cd58bfc49df03b8d7f7d98c49d7065b37399fe5401d68a07c,Houston,Will the highest temperature in Houston be between 88-89°F on August 14?,15435265914103628591634606585611734775031686808200489332633238193616638260101,No,2026-08-14T08:00:14+00:00,0.98
0x4a11a8608853932cd58bfc49df03b8d7f7d98c49d7065b37399fe5401d68a07c,Houston,Will the highest temperature in Houston be between 88-89°F on August 14?,15435265914103628591634606585611734775031686808200489332633238193616638260101,No,2026-08-14T08:43:12+00:00,0.98
0x359ba4cc0e574f8e33152bacfcaf52786de4d6d062ee22b88e593e455cea9ed4,Houston,Will the highest temperature in Houston be between 90-91°F on August 14?,27237451439041276029800328578030567263278401914511084798198491950237429257608,Yes,2026-08-14T07:00:20+00:00,0.06
0x359ba4cc0e574f8e33152bacfcaf52786de4d6d062ee22b88e593e455cea9ed4,Houston,Will the highest temperature in Houston be between 90-91°F on August 14?,27237451439041276029800328578030567263278401914511084798198491950237429257608,Yes,2026-08-14T08:00:14+00:00,0.03
0x359ba4cc0e574f8e33152bacfcaf52786de4d6d062ee22b88e593e455cea9ed4,Houston,Will the highest temperature in Houston be between 90-91°F on August 14?,27237451439041276029800328578030567263278401914511084798198491950237429257608,Yes,2026-08-14T08:43:12+00:00,0.03
0x359ba4cc0e574f8e33152bacfcaf52786de4d6d062ee22b88e593e455cea9ed4,Houston,Will the highest temperature in Houston be between 90-91°F on August 14?,57509207727069701865106438874519203285979365193645388728270454546337507123524,No,2026-08-14T07:00:19+00:00,0.94
0x359ba4cc0e574f8e33152bacfcaf52786de4d6d062ee22b88e593e455cea9ed4,Houston,Will the highest temperature in Houston be between 90-91°F on August 14?,57509207727069701865106438874519203285979365193645388728270454546337507123524,No,2026-08-14T08:00:13+00:00,0.97
0x359ba4cc0e574f8e33152bacfcaf52786de4d6d062ee22b88e593e455cea9ed4,Houston,Will the highest temperature in Houston be between 90-91°F on August 14?,57509207727069701865106438874519203285979365193645388728270454546337507123524,No,2026-08-14T08:43:12+00:00,0.97
0x8a49d18088a8d4ea5e44a96604618dd12339c1a7667012605575fe7b6d5986cd,Houston,Will the highest temperature in Houston be between 92-93°F on August 14?,65825908583112834870318381111223272312032080956679362549448857332496342945803,Yes,2026-08-14T07:00:16+00:00,0.45
0x8a49d18088a8d4ea5e44a96604618dd12339c1a7667012605575fe7b6d5986cd,Houston,Will the highest temperature in Houston be between 92-93°F on August 14?,65825908583112834870318381111223272312032080956679362549448857332496342945803,Yes,2026-08-14T08:00:09+00:00,0.355
0x8a49d18088a8d4ea5e44a96604618dd12339c1a7667012605575fe7b6d5986cd,Houston,Will the highest temperature in Houston be between 92-93°F on August 14?,65825908583112834870318381111223272312032080956679362549448857332496342945803,Yes,2026-08-14T08:43:10+00:00,0.355
0x8a49d18088a8d4ea5e44a96604618dd12339c1a7667012605575fe7b6d5986cd,Houston,Will the highest temperature in Houston be between 92-93°F on August 14?,69002621539137572358230488736682883203290859349309291930560738380543225189579,No,2026-08-14T07:00:19+00:00,0.55
0x8a49d18088a8d4ea5e44a96604618dd12339c1a7667012605575fe7b6d5986cd,Houston,Will the highest temperature in Houston be between 92-93°F on August 14?,69002621539137572358230488736682883203290859349309291930560738380543225189579,No,2026-08-14T08:00:13+00:00,0.645
0x8a49d18088a8d4ea5e44a96604618dd12339c1a7667012605575fe7b6d5986cd,Houston,Will the highest temperature in Houston be between 92-93°F on August 14?,69002621539137572358230488736682883203290859349309291930560738380543225189579,No,2026-08-14T08:43:12+00:00,0.645
0x7a5d60bfbc841d82b1e8db1257dd5ef81fb41538c5be8470b0547ee4791ef5b1,Houston,Will the highest temperature in Houston be between 94-95°F on August 14?,28831326021294620747215780146562171214476556340972182937833194616743212051655,Yes,2026-08-14T07:00:20+00:00,0.42
0x7a5d60bfbc841d82b1e8db1257dd5ef81fb41538c5be8470b0547ee4791ef5b1,Houston,Will the highest temperature in Houston be between 94-95°F on August 14?,28831326021294620747215780146562171214476556340972182937833194616743212051655,Yes,2026-08-14T08:00:14+00:00,0.5
0x7a5d60bfbc841d82b1e8db1257dd5ef81fb41538c5be8470b0547ee4791ef5b1,Houston,Will the highest temperature in Houston be between 94-95°F on August 14?,28831326021294620747215780146562171214476556340972182937833194616743212051655,Yes,2026-08-14T08:43:13+00:00,0.5
0x7a5d60bfbc841d82b1e8db1257dd5ef81fb41538c5be8470b0547ee4791ef5b1,Houston,Will the highest temperature in Houston be between 94-95°F on August 14?,22433220007398485770687147518007825170185203863682135443889026347827370705057,No,2026-08-14T07:00:16+00:00,0.58
0x7a5d60bfbc841d82b1e8db1257dd5ef81fb41538c5be8470b0547ee4791ef5b1,Houston,Will the highest temperature in Houston be between 94-95°F on August 14?,22433220007398485770687147518007825170185203863682135443889026347827370705057,No,2026-08-14T08:00:09+00:00,0.5
0x7a5d60bfbc841d82b1e8db1257dd5ef81fb41538c5be8470b0547ee4791ef5b1,Houston,Will the highest temperature in Houston be between 94-95°F on August 14?,22433220007398485770687147518007825170185203863682135443889026347827370705057,No,2026-08-14T08:43:10+00:00,0.5
0x0585850f9a9f2ccc51b9b81d710344edd285dc88e027338c66c2a2b33bdf80e8,Houston,Will the highest temperature in Houston be between 96-97°F on August 14?,36089177035045371458954855522096750336881786516527680673290407780910632087869,Yes,2026-08-14T07:00:18+00:00,0.035
0x0585850f9a9f2ccc51b9b81d710344edd285dc88e027338c66c2a2b33bdf80e8,Houston,Will the highest temperature in Houston be between 96-97°F on August 14?,36089177035045371458954855522096750336881786516527680673290407780910632087869,Yes,2026-08-14T08:00:12+00:00,0.045
0x0585850f9a9f2ccc51b9b81d710344edd285dc88e027338c66c2a2b33bdf80e8,Houston,Will the highest temperature in Houston be between 96-97°F on August 14?,36089177035045371458954855522096750336881786516527680673290407780910632087869,Yes,2026-08-14T08:43:11+00:00,0.06
0x0585850f9a9f2ccc51b9b81d710344edd285dc88e027338c66c2a2b33bdf80e8,Houston,Will the highest temperature in Houston be between 96-97°F on August 14?,61331753576686616021773079654416849516409903388112834330786441089762846107721,No,2026-08-14T07:00:17+00:00,0.965
0x0585850f9a9f2ccc51b9b81d710344edd285dc88e027338c66c2a2b33bdf80e8,Houston,Will the highest temperature in Houston be between 96-97°F on August 14?,61331753576686616021773079654416849516409903388112834330786441089762846107721,No,2026-08-14T08:00:11+00:00,0.955
0x0585850f9a9f2ccc51b9b81d710344edd285dc88e027338c66c2a2b33bdf80e8,Houston,Will the highest temperature in Houston be between 96-97°F on August 14?,61331753576686616021773079654416849516409903388112834330786441089762846107721,No,2026-08-14T08:43:11+00:00,0.94
0x431356a95518b339f4919119c67eac9584e60399289ad6cf0a070151af01034e,Houston,Will the highest temperature in Houston be between 98-99°F on August 14?,83863027271530607190889544752135253829494546723021793324830065419921580735990,Yes,2026-08-14T07:00:17+00:00,0.01
0x431356a95518b339f4919119c67eac9584e60399289ad6cf0a070151af01034e,Houston,Will the highest temperature in Houston be between 98-99°F on August 14?,83863027271530607190889544752135253829494546723021793324830065419921580735990,Yes,2026-08-14T08:00:10+00:00,0.01
0x431356a95518b339f4919119c67eac9584e60399289ad6cf0a070151af01034e,Houston,Will the highest temperature in Houston be between 98-99°F on August 14?,83863027271530607190889544752135253829494546723021793324830065419921580735990,Yes,2026-08-14T08:43:10+00:00,0.02
0x431356a95518b339f4919119c67eac9584e60399289ad6cf0a070151af01034e,Houston,Will the highest temperature in Houston be between 98-99°F on August 14?,44524870878191586307854524290937563062990595664820402594499101592758246713953,No,2026-08-14T07:00:18+00:00,0.99
0x431356a95518b339f4919119c67eac9584e60399289ad6cf0a070151af01034e,Houston,Will the highest temperature in Houston be between 98-99°F on August 14?,44524870878191586307854524290937563062990595664820402594499101592758246713953,No,2026-08-14T08:00:12+00:00,0.99
0x431356a95518b339f4919119c67eac9584e60399289ad6cf0a070151af01034e,Houston,Will the highest temperature in Houston be between 98-99°F on August 14?,44524870878191586307854524290937563062990595664820402594499101592758246713953,No,2026-08-14T08:43:11+00:00,0.98
0xd7a852e47de78c7c19595089aaa95941898e73430dcf5f0600d45d0fc63121c6,Houston,Will the highest temperature in Houston be 100°F or higher on August 14?,33897887330647821069422175789527372225927466609946237397541195049702442102327,Yes,2026-08-14T07:00:20+00:00,0.0015
0xd7a852e47de78c7c19595089aaa95941898e73430dcf5f0600d45d0fc63121c6,Houston,Will the highest temperature in Houston be 100°F or higher on August 14?,33897887330647821069422175789527372225927466609946237397541195049702442102327,Yes,2026-08-14T08:00:14+00:00,0.0015
0xd7a852e47de78c7c19595089aaa95941898e73430dcf5f0600d45d0fc63121c6,Houston,Will the highest temperature in Houston be 100°F or higher on August 14?,33897887330647821069422175789527372225927466609946237397541195049702442102327,Yes,2026-08-14T08:43:13+00:00,0.0015
0xd7a852e47de78c7c19595089aaa95941898e73430dcf5f0600d45d0fc63121c6,Houston,Will the highest temperature in Houston be 100°F or higher on August 14?,67244601611795342198309482055714030215900112278497582029973532853868199351410,No,2026-08-14T07:00:18+00:00,0.9985
0xd7a852e47de78c7c19595089aaa95941898e73430dcf5f0600d45d0fc63121c6,Houston,Will the highest temperature in Houston be 100°F or higher on August 14?,67244601611795342198309482055714030215900112278497582029973532853868199351410,No,2026-08-14T08:00:12+00:00,0.9985
0xd7a852e47de78c7c19595089aaa95941898e73430dcf5f0600d45d0fc63121c6,Houston,Will the highest temperature in Houston be 100°F or higher on August 14?,67244601611795342198309482055714030215900112278497582029973532853868199351410,No,2026-08-14T08:43:11+00:00,0.9985
0xbbe52480e5629af3408cba2173c1e2accf60414b33bc35fe9177576b5faae111,Houston,Will the highest temperature in Houston be 85°F or below on August 15?,21792247222320316455348016585688091666718661689086217027546582789932437638899,Yes,2026-08-14T07:00:16+00:00,0.0025
0xbbe52480e5629af3408cba2173c1e2accf60414b33bc35fe9177576b5faae111,Houston,Will the highest temperature in Houston be 85°F or below on August 15?,21792247222320316455348016585688091666718661689086217027546582789932437638899,Yes,2026-08-14T08:00:09+00:00,0.003
0xbbe52480e5629af3408cba2173c1e2accf60414b33bc35fe9177576b5faae111,Houston,Will the highest temperature in Houston be 85°F or below on August 15?,21792247222320316455348016585688091666718661689086217027546582789932437638899,Yes,2026-08-14T08:43:10+00:00,0.003
0xbbe52480e5629af3408cba2173c1e2accf60414b33bc35fe9177576b5faae111,Houston,Will the highest temperature in Houston be 85°F or below on August 15?,75949419147117607431547864708906726550184863265108159852984401612168561720072,No,2026-08-14T07:00:20+00:00,0.9975
0xbbe52480e5629af3408cba2173c1e2accf60414b33bc35fe9177576b5faae111,Houston,Will the highest temperature in Houston be 85°F or below on August 15?,75949419147117607431547864708906726550184863265108159852984401612168561720072,No,2026-08-14T08:00:14+00:00,0.997
0xbbe52480e5629af3408cba2173c1e2accf60414b33bc35fe9177576b5faae111,Houston,Will the highest temperature in Houston be 85°F or below on August 15?,75949419147117607431547864708906726550184863265108159852984401612168561720072,No,2026-08-14T08:43:13+00:00,0.9975
0xd564813f00eac5009b02d53745a92a81760a0217d7923cce283d9c998d7f6755,Houston,Will the highest temperature in Houston be between 86-87°F on August 15?,43049807925073594025011736031866369931990012797229918636493344551886721216198,Yes,2026-08-14T07:00:17+00:00,0.006
0xd564813f00eac5009b02d53745a92a81760a0217d7923cce283d9c998d7f6755,Houston,Will the highest temperature in Houston be between 86-87°F on August 15?,43049807925073594025011736031866369931990012797229918636493344551886721216198,Yes,2026-08-14T08:00:11+00:00,0.006
0xd564813f00eac5009b02d53745a92a81760a0217d7923cce283d9c998d7f6755,Houston,Will the highest temperature in Houston be between 86-87°F on August 15?,43049807925073594025011736031866369931990012797229918636493344551886721216198,Yes,2026-08-14T08:43:11+00:00,0.006
0xd564813f00eac5009b02d53745a92a81760a0217d7923cce283d9c998d7f6755,Houston,Will the highest temperature in Houston be between 86-87°F on August 15?,96094704431073330016481403794029023022295279070154282635768939242930271875882,No,2026-08-14T07:00:17+00:00,0.994
0xd564813f00eac5009b02d53745a92a81760a0217d7923cce283d9c998d7f6755,Houston,Will the highest temperature in Houston be between 86-87°F on August 15?,96094704431073330016481403794029023022295279070154282635768939242930271875882,No,2026-08-14T08:00:10+00:00,0.994
0xd564813f00eac5009b02d53745a92a81760a0217d7923cce283d9c998d7f6755,Houston,Will the highest temperature in Houston be between 86-87°F on August 15?,96094704431073330016481403794029023022295279070154282635768939242930271875882,No,2026-08-14T08:43:10+00:00,0.994
0x3052631096905cec4afb05c136e6f233e5facb17f1fd88e8e1dc37098c40e1c6,Houston,Will the highest temperature in Houston be between 88-89°F on August 15?,72437507032381737692412267101659869340324351325604348277589691203335640471254,Yes,2026-08-14T07:00:17+00:00,0.0055
0x3052631096905cec4afb05c136e6f233e5facb17f1fd88e8e1dc37098c40e1c6,Houston,Will the highest temperature in Houston be between 88-89°F on August 15?,72437507032381737692412267101659869340324351325604348277589691203335640471254,Yes,2026-08-14T08:00:10+00:00,0.0055
0x3052631096905cec4afb05c136e6f233e5facb17f1fd88e8e1dc37098c40e1c6,Houston,Will the highest temperature in Houston be between 88-89°F on August 15?,72437507032381737692412267101659869340324351325604348277589691203335640471254,Yes,2026-08-14T08:43:10+00:00,0.0055
0x3052631096905cec4afb05c136e6f233e5facb17f1fd88e8e1dc37098c40e1c6,Houston,Will the highest temperature in Houston be between 88-89°F on August 15?,1894709784926408289221080087040456972044290777223838083225631029304624751631,No,2026-08-14T07:00:18+00:00,0.9945
0x3052631096905cec4afb05c136e6f233e5facb17f1fd88e8e1dc37098c40e1c6,Houston,Will the highest temperature in Houston be between 88-89°F on August 15?,1894709784926408289221080087040456972044290777223838083225631029304624751631,No,2026-08-14T08:00:12+00:00,0.9945
0x3052631096905cec4afb05c136e6f233e5facb17f1fd88e8e1dc37098c40e1c6,Houston,Will the highest temperature in Houston be between 88-89°F on August 15?,1894709784926408289221080087040456972044290777223838083225631029304624751631,No,2026-08-14T08:43:11+00:00,0.9945
0x7e8e69b45247ef4de66cef8ba3881da1064a8bbd1d069f3d95b2031073319541,Houston,Will the highest temperature in Houston be between 90-91°F on August 15?,41320162587522606068149653624074325380892076047593086335921443756159776442009,Yes,2026-08-14T07:00:16+00:00,0.03
0x7e8e69b45247ef4de66cef8ba3881da1064a8bbd1d069f3d95b2031073319541,Houston,Will the highest temperature in Houston be between 90-91°F on August 15?,41320162587522606068149653624074325380892076047593086335921443756159776442009,Yes,2026-08-14T08:00:10+00:00,0.02
0x7e8e69b45247ef4de66cef8ba3881da1064a8bbd1d069f3d95b2031073319541,Houston,Will the highest temperature in Houston be between 90-91°F on August 15?,41320162587522606068149653624074325380892076047593086335921443756159776442009,Yes,2026-08-14T08:43:10+00:00,0.02
0x7e8e69b45247ef4de66cef8ba3881da1064a8bbd1d069f3d95b2031073319541,Houston,Will the highest temperature in Houston be between 90-91°F on August 15?,103690395505024364632870652604112836193113934911399486805006957350984736870603,No,2026-08-14T07:00:17+00:00,0.97
0x7e8e69b45247ef4de66cef8ba3881da1064a8bbd1d069f3d95b2031073319541,Houston,Will the highest temperature in Houston be between 90-91°F on August 15?,103690395505024364632870652604112836193113934911399486805006957350984736870603,No,2026-08-14T08:00:10+00:00,0.98
0x7e8e69b45247ef4de66cef8ba3881da1064a8bbd1d069f3d95b2031073319541,Houston,Will the highest temperature in Houston be between 90-91°F on August 15?,103690395505024364632870652604112836193113934911399486805006957350984736870603,No,2026-08-14T08:43:11+00:00,0.98
0x0152cf4233bd54231128058767a7206c7924825369e4f57511012296396af902,Houston,Will the highest temperature in Houston be between 92-93°F on August 15?,81683630114945104796933810026778392817877389339133108532289576352923761188441,Yes,2026-08-14T07:00:18+00:00,0.09
0x0152cf4233bd54231128058767a7206c7924825369e4f57511012296396af902,Houston,Will the highest temperature in Houston be between 92-93°F on August 15?,81683630114945104796933810026778392817877389339133108532289576352923761188441,Yes,2026-08-14T08:00:12+00:00,0.09
0x0152cf4233bd54231128058767a7206c7924825369e4f57511012296396af902,Houston,Will the highest temperature in Houston be between 92-93°F on August 15?,81683630114945104796933810026778392817877389339133108532289576352923761188441,Yes,2026-08-14T08:43:11+00:00,0.055
0x0152cf4233bd54231128058767a7206c7924825369e4f57511012296396af902,Houston,Will the highest temperature in Houston be between 92-93°F on August 15?,44427761966912710604620970339871992409298953880478602520140592265674414378156,No,2026-08-14T07:00:16+00:00,0.91
0x0152cf4233bd54231128058767a7206c7924825369e4f57511012296396af902,Houston,Will the highest temperature in Houston be between 92-93°F on August 15?,44427761966912710604620970339871992409298953880478602520140592265674414378156,No,2026-08-14T08:00:10+00:00,0.91
0x0152cf4233bd54231128058767a7206c7924825369e4f57511012296396af902,Houston,Will the highest temperature in Houston be between 92-93°F on August 15?,44427761966912710604620970339871992409298953880478602520140592265674414378156,No,2026-08-14T08:43:10+00:00,0.945
0xd2171addf5f849aa8160479c6ebd96def6df0b9a58696c65197430c2d8ed3a08,Houston,Will the highest temperature in Houston be between 94-95°F on August 15?,69285490719824938303299081847378210474836392804357009538534299739263287520688,Yes,2026-08-14T07:00:17+00:00,0.35
0xd2171addf5f849aa8160479c6ebd96def6df0b9a58696c65197430c2d8ed3a08,Houston,Will the highest temperature in Houston be between 94-95°F on August 15?,69285490719824938303299081847378210474836392804357009538534299739263287520688,Yes,2026-08-14T08:00:10+00:00,0.355
0xd2171addf5f849aa8160479c6ebd96def6df0b9a58696c65197430c2d8ed3a08,Houston,Will the highest temperature in Houston be between 94-95°F on August 15?,69285490719824938303299081847378210474836392804357009538534299739263287520688,Yes,2026-08-14T08:43:10+00:00,0.325
0xd2171addf5f849aa8160479c6ebd96def6df0b9a58696c65197430c2d8ed3a08,Houston,Will the highest temperature in Houston be between 94-95°F on August 15?,93030434570398115897794942659416787648125325967731719447124518099424084549882,No,2026-08-14T07:00:20+00:00,0.65
0xd2171addf5f849aa8160479c6ebd96def6df0b9a58696c65197430c2d8ed3a08,Houston,Will the highest temperature in Houston be between 94-95°F on August 15?,93030434570398115897794942659416787648125325967731719447124518099424084549882,No,2026-08-14T08:00:14+00:00,0.645
0xd2171addf5f849aa8160479c6ebd96def6df0b9a58696c65197430c2d8ed3a08,Houston,Will the highest temperature in Houston be between 94-95°F on August 15?,93030434570398115897794942659416787648125325967731719447124518099424084549882,No,2026-08-14T08:43:12+00:00,0.675
0x53fc96d38c9956e853fd8f19c48c8e38ec9cfae378588f5d840e09b71ce0b083,Houston,Will the highest temperature in Houston be between 96-97°F on August 15?,99270992836300752328939877966366149006142227363021353470305550180050966847173,Yes,2026-08-14T07:00:18+00:00,0.395
0x53fc96d38c9956e853fd8f19c48c8e38ec9cfae378588f5d840e09b71ce0b083,Houston,Will the highest temperature in Houston be between 96-97°F on August 15?,99270992836300752328939877966366149006142227363021353470305550180050966847173,Yes,2026-08-14T08:00:11+00:00,0.395
0x53fc96d38c9956e853fd8f19c48c8e38ec9cfae378588f5d840e09b71ce0b083,Houston,Will the highest temperature in Houston be between 96-97°F on August 15?,99270992836300752328939877966366149006142227363021353470305550180050966847173,Yes,2026-08-14T08:43:11+00:00,0.395
0x53fc96d38c9956e853fd8f19c48c8e38ec9cfae378588f5d840e09b71ce0b083,Houston,Will the highest temperature in Houston be between 96-97°F on August 15?,78479618278422626974959199354830075521241378844320870782058987061772523695188,No,2026-08-14T07:00:17+00:00,0.605
0x53fc96d38c9956e853fd8f19c48c8e38ec9cfae378588f5d840e09b71ce0b083,Houston,Will the highest temperature in Houston be between 96-97°F on August 15?,78479618278422626974959199354830075521241378844320870782058987061772523695188,No,2026-08-14T08:00:10+00:00,0.605
0x53fc96d38c9956e853fd8f19c48c8e38ec9cfae378588f5d840e09b71ce0b083,Houston,Will the highest temperature in Houston be between 96-97°F on August 15?,78479618278422626974959199354830075521241378844320870782058987061772523695188,No,2026-08-14T08:43:11+00:00,0.605
0xe0b4a6377c867a2f892d4b8350a0c468d11a810dcab6619bd1dd17645a20f2d6,Houston,Will the highest temperature in Houston be between 98-99°F on August 15?,27977338018292946940662444902912348467803007867220110150328464506724100066340,Yes,2026-08-14T07:00:20+00:00,0.11
0xe0b4a6377c867a2f892d4b8350a0c468d11a810dcab6619bd1dd17645a20f2d6,Houston,Will the highest temperature in Houston be between 98-99°F on August 15?,27977338018292946940662444902912348467803007867220110150328464506724100066340,Yes,2026-08-14T08:00:14+00:00,0.11
0xe0b4a6377c867a2f892d4b8350a0c468d11a810dcab6619bd1dd17645a20f2d6,Houston,Will the highest temperature in Houston be between 98-99°F on August 15?,27977338018292946940662444902912348467803007867220110150328464506724100066340,Yes,2026-08-14T08:43:13+00:00,0.105
0xe0b4a6377c867a2f892d4b8350a0c468d11a810dcab6619bd1dd17645a20f2d6,Houston,Will the highest temperature in Houston be between 98-99°F on August 15?,15892001859657100646986515180346706843066198887789644354272927945426335419270,No,2026-08-14T07:00:20+00:00,0.89
0xe0b4a6377c867a2f892d4b8350a0c468d11a810dcab6619bd1dd17645a20f2d6,Houston,Will the highest temperature in Houston be between 98-99°F on August 15?,15892001859657100646986515180346706843066198887789644354272927945426335419270,No,2026-08-14T08:00:14+00:00,0.89
0xe0b4a6377c867a2f892d4b8350a0c468d11a810dcab6619bd1dd17645a20f2d6,Houston,Will the highest temperature in Houston be between 98-99°F on August 15?,15892001859657100646986515180346706843066198887789644354272927945426335419270,No,2026-08-14T08:43:13+00:00,0.895
0x89cf4aa9b206a720137da34466ec72b69b0e4f6d66ce201bf252394ebe5c3a9e,Houston,Will the highest temperature in Houston be between 100-101°F on August 15?,30716988798286352312993129143806589709193025409146214824487163036113491528884,Yes,2026-08-14T07:00:18+00:00,0.03
0x89cf4aa9b206a720137da34466ec72b69b0e4f6d66ce201bf252394ebe5c3a9e,Houston,Will the highest temperature in Houston be between 100-101°F on August 15?,30716988798286352312993129143806589709193025409146214824487163036113491528884,Yes,2026-08-14T08:00:12+00:00,0.03
0x89cf4aa9b206a720137da34466ec72b69b0e4f6d66ce201bf252394ebe5c3a9e,Houston,Will the highest temperature in Houston be between 100-101°F on August 15?,30716988798286352312993129143806589709193025409146214824487163036113491528884,Yes,2026-08-14T08:43:11+00:00,0.035
0x89cf4aa9b206a720137da34466ec72b69b0e4f6d66ce201bf252394ebe5c3a9e,Houston,Will the highest temperature in Houston be between 100-101°F on August 15?,18013119044405041672388559947777763440168912238944503619149735234200723283496,No,2026-08-14T07:00:20+00:00,0.97
0x89cf4aa9b206a720137da34466ec72b69b0e4f6d66ce201bf252394ebe5c3a9e,Houston,Will the highest temperature in Houston be between 100-101°F on August 15?,18013119044405041672388559947777763440168912238944503619149735234200723283496,No,2026-08-14T08:00:14+00:00,0.97
0x89cf4aa9b206a720137da34466ec72b69b0e4f6d66ce201bf252394ebe5c3a9e,Houston,Will the highest temperature in Houston be between 100-101°F on August 15?,18013119044405041672388559947777763440168912238944503619149735234200723283496,No,2026-08-14T08:43:13+00:00,0.965
0xb96a18cd587db80c8344e4b508f4da7455ec19d3102968f0948db498e165c037,Houston,Will the highest temperature in Houston be between 102-103°F on August 15?,6613685240130534578554470367080606226806052226890418464573103849593412920500,Yes,2026-08-14T07:00:17+00:00,0.0015
0xb96a18cd587db80c8344e4b508f4da7455ec19d3102968f0948db498e165c037,Houston,Will the highest temperature in Houston be between 102-103°F on August 15?,6613685240130534578554470367080606226806052226890418464573103849593412920500,Yes,2026-08-14T08:00:11+00:00,0.0015
0xb96a18cd587db80c8344e4b508f4da7455ec19d3102968f0948db498e165c037,Houston,Will the highest temperature in Houston be between 102-103°F on August 15?,6613685240130534578554470367080606226806052226890418464573103849593412920500,Yes,2026-08-14T08:43:11+00:00,0.0015
0xb96a18cd587db80c8344e4b508f4da7455ec19d3102968f0948db498e165c037,Houston,Will the highest temperature in Houston be between 102-103°F on August 15?,49107487298986291359963641465557459149842285386209103792729470717003821401043,No,2026-08-14T07:00:18+00:00,0.9985
0xb96a18cd587db80c8344e4b508f4da7455ec19d3102968f0948db498e165c037,Houston,Will the highest temperature in Houston be between 102-103°F on August 15?,49107487298986291359963641465557459149842285386209103792729470717003821401043,No,2026-08-14T08:00:12+00:00,0.9985
0xb96a18cd587db80c8344e4b508f4da7455ec19d3102968f0948db498e165c037,Houston,Will the highest temperature in Houston be between 102-103°F on August 15?,49107487298986291359963641465557459149842285386209103792729470717003821401043,No,2026-08-14T08:43:11+00:00,0.9985
0xceb9fa6a5b0dd8c81698b0c19441f8ace8d3308c6f2beb3399eece0f64a45133,Houston,Will the highest temperature in Houston be 104°F or higher on August 15?,105543005645118994307072673960185924437532319023461923293299298243471538385450,Yes,2026-08-14T07:00:19+00:00,0.0015
0xceb9fa6a5b0dd8c81698b0c19441f8ace8d3308c6f2beb3399eece0f64a45133,Houston,Will the highest temperature in Houston be 104°F or higher on August 15?,105543005645118994307072673960185924437532319023461923293299298243471538385450,Yes,2026-08-14T08:00:13+00:00,0.0015
0xceb9fa6a5b0dd8c81698b0c19441f8ace8d3308c6f2beb3399eece0f64a45133,Houston,Will the highest temperature in Houston be 104°F or higher on August 15?,105543005645118994307072673960185924437532319023461923293299298243471538385450,Yes,2026-08-14T08:43:12+00:00,0.0015
0xceb9fa6a5b0dd8c81698b0c19441f8ace8d3308c6f2beb3399eece0f64a45133,Houston,Will the highest temperature in Houston be 104°F or higher on August 15?,40771140627971468391051354600899336664919344343264834076131598893492692748614,No,2026-08-14T07:00:19+00:00,0.9985
0xceb9fa6a5b0dd8c81698b0c19441f8ace8d3308c6f2beb3399eece0f64a45133,Houston,Will the highest temperature in Houston be 104°F or higher on August 15?,40771140627971468391051354600899336664919344343264834076131598893492692748614,No,2026-08-14T08:00:13+00:00,0.9985
0xceb9fa6a5b0dd8c81698b0c19441f8ace8d3308c6f2beb3399eece0f64a45133,Houston,Will the highest temperature in Houston be 104°F or higher on August 15?,40771140627971468391051354600899336664919344343264834076131598893492692748614,No,2026-08-14T08:43:12+00:00,0.9985
0xe03ef83291d820246caccf8dde7f3c3c5ba99ede6499707ec39a0dbfa5fa9621,Houston,Will the highest temperature in Houston be 81°F or below on August 14?,10582267533514159443552209759363396668088663561125305460123149894061025640290,Yes,2026-08-14T09:00:15+00:00,0.0005
0xe03ef83291d820246caccf8dde7f3c3c5ba99ede6499707ec39a0dbfa5fa9621,Houston,Will the highest temperature in Houston be 81°F or below on August 14?,10582267533514159443552209759363396668088663561125305460123149894061025640290,Yes,2026-08-14T10:00:28+00:00,0.0005
0xe03ef83291d820246caccf8dde7f3c3c5ba99ede6499707ec39a0dbfa5fa9621,Houston,Will the highest temperature in Houston be 81°F or below on August 14?,10582267533514159443552209759363396668088663561125305460123149894061025640290,Yes,2026-08-14T10:21:10+00:00,0.0005
0xe03ef83291d820246caccf8dde7f3c3c5ba99ede6499707ec39a0dbfa5fa9621,Houston,Will the highest temperature in Houston be 81°F or below on August 14?,111158787808786556713194645514958308437938534561145438512021977007770179475229,No,2026-08-14T09:00:09+00:00,0.9995
0xe03ef83291d820246caccf8dde7f3c3c5ba99ede6499707ec39a0dbfa5fa9621,Houston,Will the highest temperature in Houston be 81°F or below on August 14?,111158787808786556713194645514958308437938534561145438512021977007770179475229,No,2026-08-14T10:00:13+00:00,0.9995
0xe03ef83291d820246caccf8dde7f3c3c5ba99ede6499707ec39a0dbfa5fa9621,Houston,Will the highest temperature in Houston be 81°F or below on August 14?,111158787808786556713194645514958308437938534561145438512021977007770179475229,No,2026-08-14T10:21:07+00:00,0.9995
0x2c9252da68703a428a93aacfe1ae3a4958420afe999ded3a38ab1d527bc4907b,Houston,Will the highest temperature in Houston be between 82-83°F on August 14?,101637321380572566648454246578585288131105111134612361834299664151638937052716,Yes,2026-08-14T09:00:15+00:00,0.002
0x2c9252da68703a428a93aacfe1ae3a4958420afe999ded3a38ab1d527bc4907b,Houston,Will the highest temperature in Houston be between 82-83°F on August 14?,101637321380572566648454246578585288131105111134612361834299664151638937052716,Yes,2026-08-14T10:00:26+00:00,0.002
0x2c9252da68703a428a93aacfe1ae3a4958420afe999ded3a38ab1d527bc4907b,Houston,Will the highest temperature in Houston be between 82-83°F on August 14?,101637321380572566648454246578585288131105111134612361834299664151638937052716,Yes,2026-08-14T10:21:09+00:00,0.002
0x2c9252da68703a428a93aacfe1ae3a4958420afe999ded3a38ab1d527bc4907b,Houston,Will the highest temperature in Houston be between 82-83°F on August 14?,48161865815974083272892286785915892840282933090526522993744387246710470767186,No,2026-08-14T09:00:12+00:00,0.998
0x2c9252da68703a428a93aacfe1ae3a4958420afe999ded3a38ab1d527bc4907b,Houston,Will the highest temperature in Houston be between 82-83°F on August 14?,48161865815974083272892286785915892840282933090526522993744387246710470767186,No,2026-08-14T10:00:18+00:00,0.998
0x2c9252da68703a428a93aacfe1ae3a4958420afe999ded3a38ab1d527bc4907b,Houston,Will the highest temperature in Houston be between 82-83°F on August 14?,48161865815974083272892286785915892840282933090526522993744387246710470767186,No,2026-08-14T10:21:08+00:00,0.998
0x838ca38b0c234b981dbe11c53b187127af82b1db5615aa90af8b983bad7e33a0,Houston,Will the highest temperature in Houston be between 84-85°F on August 14?,15488006698237351685732898401699475378252409616836608549277979398113110905993,Yes,2026-08-14T09:00:16+00:00,0.0005
0x838ca38b0c234b981dbe11c53b187127af82b1db5615aa90af8b983bad7e33a0,Houston,Will the highest temperature in Houston be between 84-85°F on August 14?,15488006698237351685732898401699475378252409616836608549277979398113110905993,Yes,2026-08-14T10:00:30+00:00,0.0005
0x838ca38b0c234b981dbe11c53b187127af82b1db5615aa90af8b983bad7e33a0,Houston,Will the highest temperature in Houston be between 84-85°F on August 14?,15488006698237351685732898401699475378252409616836608549277979398113110905993,Yes,2026-08-14T10:21:10+00:00,0.0005
0x838ca38b0c234b981dbe11c53b187127af82b1db5615aa90af8b983bad7e33a0,Houston,Will the highest temperature in Houston be between 84-85°F on August 14?,37235111768247177937255924086320729308997671573777008884072539717949232346097,No,2026-08-14T09:00:09+00:00,0.9995
0x838ca38b0c234b981dbe11c53b187127af82b1db5615aa90af8b983bad7e33a0,Houston,Will the highest temperature in Houston be between 84-85°F on August 14?,37235111768247177937255924086320729308997671573777008884072539717949232346097,No,2026-08-14T10:00:13+00:00,0.9995
0x838ca38b0c234b981dbe11c53b187127af82b1db5615aa90af8b983bad7e33a0,Houston,Will the highest temperature in Houston be between 84-85°F on August 14?,37235111768247177937255924086320729308997671573777008884072539717949232346097,No,2026-08-14T10:21:07+00:00,0.9995
0x2131d75b5f7d23cbdd2a31c1cf0c40f360cfa268c99879fa572777d6b19ea716,Houston,Will the highest temperature in Houston be between 86-87°F on August 14?,78539173942764984060922893189022592061364696833492576830221696070881650333698,Yes,2026-08-14T09:00:16+00:00,0.0055
0x2131d75b5f7d23cbdd2a31c1cf0c40f360cfa268c99879fa572777d6b19ea716,Houston,Will the highest temperature in Houston be between 86-87°F on August 14?,78539173942764984060922893189022592061364696833492576830221696070881650333698,Yes,2026-08-14T10:00:31+00:00,0.0055
0x2131d75b5f7d23cbdd2a31c1cf0c40f360cfa268c99879fa572777d6b19ea716,Houston,Will the highest temperature in Houston be between 86-87°F on August 14?,78539173942764984060922893189022592061364696833492576830221696070881650333698,Yes,2026-08-14T10:21:10+00:00,0.0055
0x2131d75b5f7d23cbdd2a31c1cf0c40f360cfa268c99879fa572777d6b19ea716,Houston,Will the highest temperature in Houston be between 86-87°F on August 14?,99594452899436634604728616421425036628463967257933630408493844113555809203568,No,2026-08-14T09:00:12+00:00,0.9945
0x2131d75b5f7d23cbdd2a31c1cf0c40f360cfa268c99879fa572777d6b19ea716,Houston,Will the highest temperature in Houston be between 86-87°F on August 14?,99594452899436634604728616421425036628463967257933630408493844113555809203568,No,2026-08-14T10:00:21+00:00,0.9945
0x2131d75b5f7d23cbdd2a31c1cf0c40f360cfa268c99879fa572777d6b19ea716,Houston,Will the highest temperature in Houston be between 86-87°F on August 14?,99594452899436634604728616421425036628463967257933630408493844113555809203568,No,2026-08-14T10:21:09+00:00,0.9945
0x4a11a8608853932cd58bfc49df03b8d7f7d98c49d7065b37399fe5401d68a07c,Houston,Will the highest temperature in Houston be between 88-89°F on August 14?,12837788342102810065288444386729051493761523072891597043461105824163058476041,Yes,2026-08-14T09:00:16+00:00,0.02
0x4a11a8608853932cd58bfc49df03b8d7f7d98c49d7065b37399fe5401d68a07c,Houston,Will the highest temperature in Houston be between 88-89°F on August 14?,12837788342102810065288444386729051493761523072891597043461105824163058476041,Yes,2026-08-14T10:00:29+00:00,0.02
0x4a11a8608853932cd58bfc49df03b8d7f7d98c49d7065b37399fe5401d68a07c,Houston,Will the highest temperature in Houston be between 88-89°F on August 14?,12837788342102810065288444386729051493761523072891597043461105824163058476041,Yes,2026-08-14T10:21:10+00:00,0.02
0x4a11a8608853932cd58bfc49df03b8d7f7d98c49d7065b37399fe5401d68a07c,Houston,Will the highest temperature in Houston be between 88-89°F on August 14?,15435265914103628591634606585611734775031686808200489332633238193616638260101,No,2026-08-14T09:00:16+00:00,0.98
0x4a11a8608853932cd58bfc49df03b8d7f7d98c49d7065b37399fe5401d68a07c,Houston,Will the highest temperature in Houston be between 88-89°F on August 14?,15435265914103628591634606585611734775031686808200489332633238193616638260101,No,2026-08-14T10:00:29+00:00,0.98
0x4a11a8608853932cd58bfc49df03b8d7f7d98c49d7065b37399fe5401d68a07c,Houston,Will the highest temperature in Houston be between 88-89°F on August 14?,15435265914103628591634606585611734775031686808200489332633238193616638260101,No,2026-08-14T10:21:10+00:00,0.98
0x359ba4cc0e574f8e33152bacfcaf52786de4d6d062ee22b88e593e455cea9ed4,Houston,Will the highest temperature in Houston be between 90-91°F on August 14?,27237451439041276029800328578030567263278401914511084798198491950237429257608,Yes,2026-08-14T09:00:15+00:00,0.03
0x359ba4cc0e574f8e33152bacfcaf52786de4d6d062ee22b88e593e455cea9ed4,Houston,Will the highest temperature in Houston be between 90-91°F on August 14?,27237451439041276029800328578030567263278401914511084798198491950237429257608,Yes,2026-08-14T10:00:28+00:00,0.03
0x359ba4cc0e574f8e33152bacfcaf52786de4d6d062ee22b88e593e455cea9ed4,Houston,Will the highest temperature in Houston be between 90-91°F on August 14?,27237451439041276029800328578030567263278401914511084798198491950237429257608,Yes,2026-08-14T10:21:10+00:00,0.03
0x359ba4cc0e574f8e33152bacfcaf52786de4d6d062ee22b88e593e455cea9ed4,Houston,Will the highest temperature in Houston be between 90-91°F on August 14?,57509207727069701865106438874519203285979365193645388728270454546337507123524,No,2026-08-14T09:00:15+00:00,0.97
0x359ba4cc0e574f8e33152bacfcaf52786de4d6d062ee22b88e593e455cea9ed4,Houston,Will the highest temperature in Houston be between 90-91°F on August 14?,57509207727069701865106438874519203285979365193645388728270454546337507123524,No,2026-08-14T10:00:26+00:00,0.97
0x359ba4cc0e574f8e33152bacfcaf52786de4d6d062ee22b88e593e455cea9ed4,Houston,Will the highest temperature in Houston be between 90-91°F on August 14?,57509207727069701865106438874519203285979365193645388728270454546337507123524,No,2026-08-14T10:21:09+00:00,0.97
0x8a49d18088a8d4ea5e44a96604618dd12339c1a7667012605575fe7b6d5986cd,Houston,Will the highest temperature in Houston be between 92-93°F on August 14?,65825908583112834870318381111223272312032080956679362549448857332496342945803,Yes,2026-08-14T09:00:08+00:00,0.36
0x8a49d18088a8d4ea5e44a96604618dd12339c1a7667012605575fe7b6d5986cd,Houston,Will the highest temperature in Houston be between 92-93°F on August 14?,65825908583112834870318381111223272312032080956679362549448857332496342945803,Yes,2026-08-14T10:00:11+00:00,0.31
0x8a49d18088a8d4ea5e44a96604618dd12339c1a7667012605575fe7b6d5986cd,Houston,Will the highest temperature in Houston be between 92-93°F on August 14?,65825908583112834870318381111223272312032080956679362549448857332496342945803,Yes,2026-08-14T10:21:07+00:00,0.31
0x8a49d18088a8d4ea5e44a96604618dd12339c1a7667012605575fe7b6d5986cd,Houston,Will the highest temperature in Houston be between 92-93°F on August 14?,69002621539137572358230488736682883203290859349309291930560738380543225189579,No,2026-08-14T09:00:14+00:00,0.65
0x8a49d18088a8d4ea5e44a96604618dd12339c1a7667012605575fe7b6d5986cd,Houston,Will the highest temperature in Houston be between 92-93°F on August 14?,69002621539137572358230488736682883203290859349309291930560738380543225189579,No,2026-08-14T10:00:24+00:00,0.69
0x8a49d18088a8d4ea5e44a96604618dd12339c1a7667012605575fe7b6d5986cd,Houston,Will the highest temperature in Houston be between 92-93°F on August 14?,69002621539137572358230488736682883203290859349309291930560738380543225189579,No,2026-08-14T10:21:09+00:00,0.69
0x7a5d60bfbc841d82b1e8db1257dd5ef81fb41538c5be8470b0547ee4791ef5b1,Houston,Will the highest temperature in Houston be between 94-95°F on August 14?,28831326021294620747215780146562171214476556340972182937833194616743212051655,Yes,2026-08-14T09:00:16+00:00,0.5
0x7a5d60bfbc841d82b1e8db1257dd5ef81fb41538c5be8470b0547ee4791ef5b1,Houston,Will the highest temperature in Houston be between 94-95°F on August 14?,28831326021294620747215780146562171214476556340972182937833194616743212051655,Yes,2026-08-14T10:00:29+00:00,0.52
0x7a5d60bfbc841d82b1e8db1257dd5ef81fb41538c5be8470b0547ee4791ef5b1,Houston,Will the highest temperature in Houston be between 94-95°F on August 14?,28831326021294620747215780146562171214476556340972182937833194616743212051655,Yes,2026-08-14T10:21:10+00:00,0.52
0x7a5d60bfbc841d82b1e8db1257dd5ef81fb41538c5be8470b0547ee4791ef5b1,Houston,Will the highest temperature in Houston be between 94-95°F on August 14?,22433220007398485770687147518007825170185203863682135443889026347827370705057,No,2026-08-14T09:00:08+00:00,0.5
0x7a5d60bfbc841d82b1e8db1257dd5ef81fb41538c5be8470b0547ee4791ef5b1,Houston,Will the highest temperature in Houston be between 94-95°F on August 14?,22433220007398485770687147518007825170185203863682135443889026347827370705057,No,2026-08-14T10:00:11+00:00,0.48
0x7a5d60bfbc841d82b1e8db1257dd5ef81fb41538c5be8470b0547ee4791ef5b1,Houston,Will the highest temperature in Houston be between 94-95°F on August 14?,22433220007398485770687147518007825170185203863682135443889026347827370705057,No,2026-08-14T10:21:07+00:00,0.48
0x0585850f9a9f2ccc51b9b81d710344edd285dc88e027338c66c2a2b33bdf80e8,Houston,Will the highest temperature in Houston be between 96-97°F on August 14?,36089177035045371458954855522096750336881786516527680673290407780910632087869,Yes,2026-08-14T09:00:12+00:00,0.06
0x0585850f9a9f2ccc51b9b81d710344edd285dc88e027338c66c2a2b33bdf80e8,Houston,Will the highest temperature in Houston be between 96-97°F on August 14?,36089177035045371458954855522096750336881786516527680673290407780910632087869,Yes,2026-08-14T10:00:19+00:00,0.065
0x0585850f9a9f2ccc51b9b81d710344edd285dc88e027338c66c2a2b33bdf80e8,Houston,Will the highest temperature in Houston be between 96-97°F on August 14?,36089177035045371458954855522096750336881786516527680673290407780910632087869,Yes,2026-08-14T10:21:08+00:00,0.065
0x0585850f9a9f2ccc51b9b81d710344edd285dc88e027338c66c2a2b33bdf80e8,Houston,Will the highest temperature in Houston be between 96-97°F on August 14?,61331753576686616021773079654416849516409903388112834330786441089762846107721,No,2026-08-14T09:00:11+00:00,0.94
0x0585850f9a9f2ccc51b9b81d710344edd285dc88e027338c66c2a2b33bdf80e8,Houston,Will the highest temperature in Houston be between 96-97°F on August 14?,61331753576686616021773079654416849516409903388112834330786441089762846107721,No,2026-08-14T10:00:16+00:00,0.935
0x0585850f9a9f2ccc51b9b81d710344edd285dc88e027338c66c2a2b33bdf80e8,Houston,Will the highest temperature in Houston be between 96-97°F on August 14?,61331753576686616021773079654416849516409903388112834330786441089762846107721,No,2026-08-14T10:21:08+00:00,0.935
0x431356a95518b339f4919119c67eac9584e60399289ad6cf0a070151af01034e,Houston,Will the highest temperature in Houston be between 98-99°F on August 14?,83863027271530607190889544752135253829494546723021793324830065419921580735990,Yes,2026-08-14T09:00:10+00:00,0.02
0x431356a95518b339f4919119c67eac9584e60399289ad6cf0a070151af01034e,Houston,Will the highest temperature in Houston be between 98-99°F on August 14?,83863027271530607190889544752135253829494546723021793324830065419921580735990,Yes,2026-08-14T10:00:14+00:00,0.02
0x431356a95518b339f4919119c67eac9584e60399289ad6cf0a070151af01034e,Houston,Will the highest temperature in Houston be between 98-99°F on August 14?,83863027271530607190889544752135253829494546723021793324830065419921580735990,Yes,2026-08-14T10:21:08+00:00,0.02
0x431356a95518b339f4919119c67eac9584e60399289ad6cf0a070151af01034e,Houston,Will the highest temperature in Houston be between 98-99°F on August 14?,44524870878191586307854524290937563062990595664820402594499101592758246713953,No,2026-08-14T09:00:13+00:00,0.98
0x431356a95518b339f4919119c67eac9584e60399289ad6cf0a070151af01034e,Houston,Will the highest temperature in Houston be between 98-99°F on August 14?,44524870878191586307854524290937563062990595664820402594499101592758246713953,No,2026-08-14T10:00:21+00:00,0.98
0x431356a95518b339f4919119c67eac9584e60399289ad6cf0a070151af01034e,Houston,Will the highest temperature in Houston be between 98-99°F on August 14?,44524870878191586307854524290937563062990595664820402594499101592758246713953,No,2026-08-14T10:21:09+00:00,0.98
0xd7a852e47de78c7c19595089aaa95941898e73430dcf5f0600d45d0fc63121c6,Houston,Will the highest temperature in Houston be 100°F or higher on August 14?,33897887330647821069422175789527372225927466609946237397541195049702442102327,Yes,2026-08-14T09:00:16+00:00,0.0015
0xd7a852e47de78c7c19595089aaa95941898e73430dcf5f0600d45d0fc63121c6,Houston,Will the highest temperature in Houston be 100°F or higher on August 14?,33897887330647821069422175789527372225927466609946237397541195049702442102327,Yes,2026-08-14T10:00:29+00:00,0.0015
0xd7a852e47de78c7c19595089aaa95941898e73430dcf5f0600d45d0fc63121c6,Houston,Will the highest temperature in Houston be 100°F or higher on August 14?,33897887330647821069422175789527372225927466609946237397541195049702442102327,Yes,2026-08-14T10:21:10+00:00,0.0015
0xd7a852e47de78c7c19595089aaa95941898e73430dcf5f0600d45d0fc63121c6,Houston,Will the highest temperature in Houston be 100°F or higher on August 14?,67244601611795342198309482055714030215900112278497582029973532853868199351410,No,2026-08-14T09:00:12+00:00,0.9985
0xd7a852e47de78c7c19595089aaa95941898e73430dcf5f0600d45d0fc63121c6,Houston,Will the highest temperature in Houston be 100°F or higher on August 14?,67244601611795342198309482055714030215900112278497582029973532853868199351410,No,2026-08-14T10:00:21+00:00,0.9985
0xd7a852e47de78c7c19595089aaa95941898e73430dcf5f0600d45d0fc63121c6,Houston,Will the highest temperature in Houston be 100°F or higher on August 14?,67244601611795342198309482055714030215900112278497582029973532853868199351410,No,2026-08-14T10:21:09+00:00,0.9985
0xbbe52480e5629af3408cba2173c1e2accf60414b33bc35fe9177576b5faae111,Houston,Will the highest temperature in Houston be 85°F or below on August 15?,21792247222320316455348016585688091666718661689086217027546582789932437638899,Yes,2026-08-14T09:00:08+00:00,0.0025
0xbbe52480e5629af3408cba2173c1e2accf60414b33bc35fe9177576b5faae111,Houston,Will the highest temperature in Houston be 85°F or below on August 15?,21792247222320316455348016585688091666718661689086217027546582789932437638899,Yes,2026-08-14T10:00:11+00:00,0.0025
0xbbe52480e5629af3408cba2173c1e2accf60414b33bc35fe9177576b5faae111,Houston,Will the highest temperature in Houston be 85°F or below on August 15?,21792247222320316455348016585688091666718661689086217027546582789932437638899,Yes,2026-08-14T10:21:07+00:00,0.0025
0xbbe52480e5629af3408cba2173c1e2accf60414b33bc35fe9177576b5faae111,Houston,Will the highest temperature in Houston be 85°F or below on August 15?,75949419147117607431547864708906726550184863265108159852984401612168561720072,No,2026-08-14T09:00:17+00:00,0.9975
0xbbe52480e5629af3408cba2173c1e2accf60414b33bc35fe9177576b5faae111,Houston,Will the highest temperature in Houston be 85°F or below on August 15?,75949419147117607431547864708906726550184863265108159852984401612168561720072,No,2026-08-14T10:00:31+00:00,0.9975
0xbbe52480e5629af3408cba2173c1e2accf60414b33bc35fe9177576b5faae111,Houston,Will the highest temperature in Houston be 85°F or below on August 15?,75949419147117607431547864708906726550184863265108159852984401612168561720072,No,2026-08-14T10:21:10+00:00,0.9975
0xd564813f00eac5009b02d53745a92a81760a0217d7923cce283d9c998d7f6755,Houston,Will the highest temperature in Houston be between 86-87°F on August 15?,43049807925073594025011736031866369931990012797229918636493344551886721216198,Yes,2026-08-14T09:00:11+00:00,0.006
0xd564813f00eac5009b02d53745a92a81760a0217d7923cce283d9c998d7f6755,Houston,Will the highest temperature in Houston be between 86-87°F on August 15?,43049807925073594025011736031866369931990012797229918636493344551886721216198,Yes,2026-08-14T10:00:16+00:00,0.006
0xd564813f00eac5009b02d53745a92a81760a0217d7923cce283d9c998d7f6755,Houston,Will the highest temperature in Houston be between 86-87°F on August 15?,43049807925073594025011736031866369931990012797229918636493344551886721216198,Yes,2026-08-14T10:21:08+00:00,0.0055
0xd564813f00eac5009b02d53745a92a81760a0217d7923cce283d9c998d7f6755,Houston,Will the highest temperature in Houston be between 86-87°F on August 15?,96094704431073330016481403794029023022295279070154282635768939242930271875882,No,2026-08-14T09:00:10+00:00,0.994
0xd564813f00eac5009b02d53745a92a81760a0217d7923cce283d9c998d7f6755,Houston,Will the highest temperature in Houston be between 86-87°F on August 15?,96094704431073330016481403794029023022295279070154282635768939242930271875882,No,2026-08-14T10:00:14+00:00,0.994
0xd564813f00eac5009b02d53745a92a81760a0217d7923cce283d9c998d7f6755,Houston,Will the highest temperature in Houston be between 86-87°F on August 15?,96094704431073330016481403794029023022295279070154282635768939242930271875882,No,2026-08-14T10:21:08+00:00,0.9945
0x3052631096905cec4afb05c136e6f233e5facb17f1fd88e8e1dc37098c40e1c6,Houston,Will the highest temperature in Houston be between 88-89°F on August 15?,72437507032381737692412267101659869340324351325604348277589691203335640471254,Yes,2026-08-14T09:00:10+00:00,0.0055
0x3052631096905cec4afb05c136e6f233e5facb17f1fd88e8e1dc37098c40e1c6,Houston,Will the highest temperature in Houston be between 88-89°F on August 15?,72437507032381737692412267101659869340324351325604348277589691203335640471254,Yes,2026-08-14T10:00:14+00:00,0.0055
0x3052631096905cec4afb05c136e6f233e5facb17f1fd88e8e1dc37098c40e1c6,Houston,Will the highest temperature in Houston be between 88-89°F on August 15?,72437507032381737692412267101659869340324351325604348277589691203335640471254,Yes,2026-08-14T10:21:08+00:00,0.0055
0x3052631096905cec4afb05c136e6f233e5facb17f1fd88e8e1dc37098c40e1c6,Houston,Will the highest temperature in Houston be between 88-89°F on August 15?,1894709784926408289221080087040456972044290777223838083225631029304624751631,No,2026-08-14T09:00:12+00:00,0.9945
0x3052631096905cec4afb05c136e6f233e5facb17f1fd88e8e1dc37098c40e1c6,Houston,Will the highest temperature in Houston be between 88-89°F on August 15?,1894709784926408289221080087040456972044290777223838083225631029304624751631,No,2026-08-14T10:00:19+00:00,0.9945
0x3052631096905cec4afb05c136e6f233e5facb17f1fd88e8e1dc37098c40e1c6,Houston,Will the highest temperature in Houston be between 88-89°F on August 15?,1894709784926408289221080087040456972044290777223838083225631029304624751631,No,2026-08-14T10:21:08+00:00,0.9945
0x7e8e69b45247ef4de66cef8ba3881da1064a8bbd1d069f3d95b2031073319541,Houston,Will the highest temperature in Houston be between 90-91°F on August 15?,41320162587522606068149653624074325380892076047593086335921443756159776442009,Yes,2026-08-14T09:00:09+00:00,0.02
0x7e8e69b45247ef4de66cef8ba3881da1064a8bbd1d069f3d95b2031073319541,Houston,Will the highest temperature in Houston be between 90-91°F on August 15?,41320162587522606068149653624074325380892076047593086335921443756159776442009,Yes,2026-08-14T10:00:13+00:00,0.02
0x7e8e69b45247ef4de66cef8ba3881da1064a8bbd1d069f3d95b2031073319541,Houston,Will the highest temperature in Houston be between 90-91°F on August 15?,41320162587522606068149653624074325380892076047593086335921443756159776442009,Yes,2026-08-14T10:21:07+00:00,0.04
0x7e8e69b45247ef4de66cef8ba3881da1064a8bbd1d069f3d95b2031073319541,Houston,Will the highest temperature in Houston be between 90-91°F on August 15?,103690395505024364632870652604112836193113934911399486805006957350984736870603,No,2026-08-14T09:00:10+00:00,0.98
0x7e8e69b45247ef4de66cef8ba3881da1064a8bbd1d069f3d95b2031073319541,Houston,Will the highest temperature in Houston be between 90-91°F on August 15?,103690395505024364632870652604112836193113934911399486805006957350984736870603,No,2026-08-14T10:00:14+00:00,0.98
0x7e8e69b45247ef4de66cef8ba3881da1064a8bbd1d069f3d95b2031073319541,Houston,Will the highest temperature in Houston be between 90-91°F on August 15?,103690395505024364632870652604112836193113934911399486805006957350984736870603,No,2026-08-14T10:21:08+00:00,0.96
0x0152cf4233bd54231128058767a7206c7924825369e4f57511012296396af902,Houston,Will the highest temperature in Houston be between 92-93°F on August 15?,81683630114945104796933810026778392817877389339133108532289576352923761188441,Yes,2026-08-14T09:00:12+00:00,0.07
0x0152cf4233bd54231128058767a7206c7924825369e4f57511012296396af902,Houston,Will the highest temperature in Houston be between 92-93°F on August 15?,81683630114945104796933810026778392817877389339133108532289576352923761188441,Yes,2026-08-14T10:00:19+00:00,0.07
0x0152cf4233bd54231128058767a7206c7924825369e4f57511012296396af902,Houston,Will the highest temperature in Houston be between 92-93°F on August 15?,81683630114945104796933810026778392817877389339133108532289576352923761188441,Yes,2026-08-14T10:21:08+00:00,0.065
0x0152cf4233bd54231128058767a7206c7924825369e4f57511012296396af902,Houston,Will the highest temperature in Houston be between 92-93°F on August 15?,44427761966912710604620970339871992409298953880478602520140592265674414378156,No,2026-08-14T09:00:09+00:00,0.93
0x0152cf4233bd54231128058767a7206c7924825369e4f57511012296396af902,Houston,Will the highest temperature in Houston be between 92-93°F on August 15?,44427761966912710604620970339871992409298953880478602520140592265674414378156,No,2026-08-14T10:00:13+00:00,0.93
0x0152cf4233bd54231128058767a7206c7924825369e4f57511012296396af902,Houston,Will the highest temperature in Houston be between 92-93°F on August 15?,44427761966912710604620970339871992409298953880478602520140592265674414378156,No,2026-08-14T10:21:07+00:00,0.935
0xd2171addf5f849aa8160479c6ebd96def6df0b9a58696c65197430c2d8ed3a08,Houston,Will the highest temperature in Houston be between 94-95°F on August 15?,69285490719824938303299081847378210474836392804357009538534299739263287520688,Yes,2026-08-14T09:00:10+00:00,0.325
0xd2171addf5f849aa8160479c6ebd96def6df0b9a58696c65197430c2d8ed3a08,Houston,Will the highest temperature in Houston be between 94-95°F on August 15?,69285490719824938303299081847378210474836392804357009538534299739263287520688,Yes,2026-08-14T10:00:14+00:00,0.335
0xd2171addf5f849aa8160479c6ebd96def6df0b9a58696c65197430c2d8ed3a08,Houston,Will the highest temperature in Houston be between 94-95°F on August 15?,69285490719824938303299081847378210474836392804357009538534299739263287520688,Yes,2026-08-14T10:21:08+00:00,0.335
0xd2171addf5f849aa8160479c6ebd96def6df0b9a58696c65197430c2d8ed3a08,Houston,Will the highest temperature in Houston be between 94-95°F on August 15?,93030434570398115897794942659416787648125325967731719447124518099424084549882,No,2026-08-14T09:00:15+00:00,0.675
0xd2171addf5f849aa8160479c6ebd96def6df0b9a58696c65197430c2d8ed3a08,Houston,Will the highest temperature in Houston be between 94-95°F on August 15?,93030434570398115897794942659416787648125325967731719447124518099424084549882,No,2026-08-14T10:00:28+00:00,0.665
0xd2171addf5f849aa8160479c6ebd96def6df0b9a58696c65197430c2d8ed3a08,Houston,Will the highest temperature in Houston be between 94-95°F on August 15?,93030434570398115897794942659416787648125325967731719447124518099424084549882,No,2026-08-14T10:21:10+00:00,0.665
0x53fc96d38c9956e853fd8f19c48c8e38ec9cfae378588f5d840e09b71ce0b083,Houston,Will the highest temperature in Houston be between 96-97°F on August 15?,99270992836300752328939877966366149006142227363021353470305550180050966847173,Yes,2026-08-14T09:00:12+00:00,0.395
0x53fc96d38c9956e853fd8f19c48c8e38ec9cfae378588f5d840e09b71ce0b083,Houston,Will the highest temperature in Houston be between 96-97°F on August 15?,99270992836300752328939877966366149006142227363021353470305550180050966847173,Yes,2026-08-14T10:00:18+00:00,0.405
0x53fc96d38c9956e853fd8f19c48c8e38ec9cfae378588f5d840e09b71ce0b083,Houston,Will the highest temperature in Houston be between 96-97°F on August 15?,99270992836300752328939877966366149006142227363021353470305550180050966847173,Yes,2026-08-14T10:21:08+00:00,0.405
0x53fc96d38c9956e853fd8f19c48c8e38ec9cfae378588f5d840e09b71ce0b083,Houston,Will the highest temperature in Houston be between 96-97°F on August 15?,78479618278422626974959199354830075521241378844320870782058987061772523695188,No,2026-08-14T09:00:10+00:00,0.605
0x53fc96d38c9956e853fd8f19c48c8e38ec9cfae378588f5d840e09b71ce0b083,Houston,Will the highest temperature in Houston be between 96-97°F on August 15?,78479618278422626974959199354830075521241378844320870782058987061772523695188,No,2026-08-14T10:00:14+00:00,0.595
0x53fc96d38c9956e853fd8f19c48c8e38ec9cfae378588f5d840e09b71ce0b083,Houston,Will the highest temperature in Houston be between 96-97°F on August 15?,78479618278422626974959199354830075521241378844320870782058987061772523695188,No,2026-08-14T10:21:08+00:00,0.595
0xe0b4a6377c867a2f892d4b8350a0c468d11a810dcab6619bd1dd17645a20f2d6,Houston,Will the highest temperature in Houston be between 98-99°F on August 15?,27977338018292946940662444902912348467803007867220110150328464506724100066340,Yes,2026-08-14T09:00:16+00:00,0.105
0xe0b4a6377c867a2f892d4b8350a0c468d11a810dcab6619bd1dd17645a20f2d6,Houston,Will the highest temperature in Houston be between 98-99°F on August 15?,27977338018292946940662444902912348467803007867220110150328464506724100066340,Yes,2026-08-14T10:00:30+00:00,0.115
0xe0b4a6377c867a2f892d4b8350a0c468d11a810dcab6619bd1dd17645a20f2d6,Houston,Will the highest temperature in Houston be between 98-99°F on August 15?,27977338018292946940662444902912348467803007867220110150328464506724100066340,Yes,2026-08-14T10:21:10+00:00,0.11
0xe0b4a6377c867a2f892d4b8350a0c468d11a810dcab6619bd1dd17645a20f2d6,Houston,Will the highest temperature in Houston be between 98-99°F on August 15?,15892001859657100646986515180346706843066198887789644354272927945426335419270,No,2026-08-14T09:00:16+00:00,0.895
0xe0b4a6377c867a2f892d4b8350a0c468d11a810dcab6619bd1dd17645a20f2d6,Houston,Will the highest temperature in Houston be between 98-99°F on August 15?,15892001859657100646986515180346706843066198887789644354272927945426335419270,No,2026-08-14T10:00:29+00:00,0.885
0xe0b4a6377c867a2f892d4b8350a0c468d11a810dcab6619bd1dd17645a20f2d6,Houston,Will the highest temperature in Houston be between 98-99°F on August 15?,15892001859657100646986515180346706843066198887789644354272927945426335419270,No,2026-08-14T10:21:10+00:00,0.89
0x89cf4aa9b206a720137da34466ec72b69b0e4f6d66ce201bf252394ebe5c3a9e,Houston,Will the highest temperature in Houston be between 100-101°F on August 15?,30716988798286352312993129143806589709193025409146214824487163036113491528884,Yes,2026-08-14T09:00:13+00:00,0.035
0x89cf4aa9b206a720137da34466ec72b69b0e4f6d66ce201bf252394ebe5c3a9e,Houston,Will the highest temperature in Houston be between 100-101°F on August 15?,30716988798286352312993129143806589709193025409146214824487163036113491528884,Yes,2026-08-14T10:00:23+00:00,0.03
0x89cf4aa9b206a720137da34466ec72b69b0e4f6d66ce201bf252394ebe5c3a9e,Houston,Will the highest temperature in Houston be between 100-101°F on August 15?,30716988798286352312993129143806589709193025409146214824487163036113491528884,Yes,2026-08-14T10:21:09+00:00,0.04
0x89cf4aa9b206a720137da34466ec72b69b0e4f6d66ce201bf252394ebe5c3a9e,Houston,Will the highest temperature in Houston be between 100-101°F on August 15?,18013119044405041672388559947777763440168912238944503619149735234200723283496,No,2026-08-14T09:00:16+00:00,0.965
0x89cf4aa9b206a720137da34466ec72b69b0e4f6d66ce201bf252394ebe5c3a9e,Houston,Will the highest temperature in Houston be between 100-101°F on August 15?,18013119044405041672388559947777763440168912238944503619149735234200723283496,No,2026-08-14T10:00:29+00:00,0.97
0x89cf4aa9b206a720137da34466ec72b69b0e4f6d66ce201bf252394ebe5c3a9e,Houston,Will the highest temperature in Houston be between 100-101°F on August 15?,18013119044405041672388559947777763440168912238944503619149735234200723283496,No,2026-08-14T10:21:10+00:00,0.96
0xb96a18cd587db80c8344e4b508f4da7455ec19d3102968f0948db498e165c037,Houston,Will the highest temperature in Houston be between 102-103°F on August 15?,6613685240130534578554470367080606226806052226890418464573103849593412920500,Yes,2026-08-14T09:00:11+00:00,0.0015
0xb96a18cd587db80c8344e4b508f4da7455ec19d3102968f0948db498e165c037,Houston,Will the highest temperature in Houston be between 102-103°F on August 15?,6613685240130534578554470367080606226806052226890418464573103849593412920500,Yes,2026-08-14T10:00:18+00:00,0.0015
0xb96a18cd587db80c8344e4b508f4da7455ec19d3102968f0948db498e165c037,Houston,Will the highest temperature in Houston be between 102-103°F on August 15?,6613685240130534578554470367080606226806052226890418464573103849593412920500,Yes,2026-08-14T10:21:08+00:00,0.0015
0xb96a18cd587db80c8344e4b508f4da7455ec19d3102968f0948db498e165c037,Houston,Will the highest temperature in Houston be between 102-103°F on August 15?,49107487298986291359963641465557459149842285386209103792729470717003821401043,No,2026-08-14T09:00:13+00:00,0.9985
0xb96a18cd587db80c8344e4b508f4da7455ec19d3102968f0948db498e165c037,Houston,Will the highest temperature in Houston be between 102-103°F on August 15?,49107487298986291359963641465557459149842285386209103792729470717003821401043,No,2026-08-14T10:00:23+00:00,0.9985
0xb96a18cd587db80c8344e4b508f4da7455ec19d3102968f0948db498e165c037,Houston,Will the highest temperature in Houston be between 102-103°F on August 15?,49107487298986291359963641465557459149842285386209103792729470717003821401043,No,2026-08-14T10:21:09+00:00,0.9985
0xceb9fa6a5b0dd8c81698b0c19441f8ace8d3308c6f2beb3399eece0f64a45133,Houston,Will the highest temperature in Houston be 104°F or higher on August 15?,105543005645118994307072673960185924437532319023461923293299298243471538385450,Yes,2026-08-14T09:00:15+00:00,0.0015
0xceb9fa6a5b0dd8c81698b0c19441f8ace8d3308c6f2beb3399eece0f64a45133,Houston,Will the highest temperature in Houston be 104°F or higher on August 15?,105543005645118994307072673960185924437532319023461923293299298243471538385450,Yes,2026-08-14T10:00:27+00:00,0.0015
0xceb9fa6a5b0dd8c81698b0c19441f8ace8d3308c6f2beb3399eece0f64a45133,Houston,Will the highest temperature in Houston be 104°F or higher on August 15?,105543005645118994307072673960185924437532319023461923293299298243471538385450,Yes,2026-08-14T10:21:09+00:00,0.0015
0xceb9fa6a5b0dd8c81698b0c19441f8ace8d3308c6f2beb3399eece0f64a45133,Houston,Will the highest temperature in Houston be 104°F or higher on August 15?,40771140627971468391051354600899336664919344343264834076131598893492692748614,No,2026-08-14T09:00:15+00:00,0.9985
0xceb9fa6a5b0dd8c81698b0c19441f8ace8d3308c6f2beb3399eece0f64a45133,Houston,Will the highest temperature in Houston be 104°F or higher on August 15?,40771140627971468391051354600899336664919344343264834076131598893492692748614,No,2026-08-14T10:00:26+00:00,0.9985
0xceb9fa6a5b0dd8c81698b0c19441f8ace8d3308c6f2beb3399eece0f64a45133,Houston,Will the highest temperature in Houston be 104°F or higher on August 15?,40771140627971468391051354600899336664919344343264834076131598893492692748614,No,2026-08-14T10:21:09+00:00,0.9985
0xe03ef83291d820246caccf8dde7f3c3c5ba99ede6499707ec39a0dbfa5fa9621,Houston,Will the highest temperature in Houston be 81°F or below on August 14?,10582267533514159443552209759363396668088663561125305460123149894061025640290,Yes,2026-08-14T11:00:18+00:00,0.0005
0xe03ef83291d820246caccf8dde7f3c3c5ba99ede6499707ec39a0dbfa5fa9621,Houston,Will the highest temperature in Houston be 81°F or below on August 14?,10582267533514159443552209759363396668088663561125305460123149894061025640290,Yes,2026-08-14T12:00:27+00:00,0.0005
0xe03ef83291d820246caccf8dde7f3c3c5ba99ede6499707ec39a0dbfa5fa9621,Houston,Will the highest temperature in Houston be 81°F or below on August 14?,10582267533514159443552209759363396668088663561125305460123149894061025640290,Yes,2026-08-14T12:01:12+00:00,0.0005
0xe03ef83291d820246caccf8dde7f3c3c5ba99ede6499707ec39a0dbfa5fa9621,Houston,Will the highest temperature in Houston be 81°F or below on August 14?,111158787808786556713194645514958308437938534561145438512021977007770179475229,No,2026-08-14T11:00:12+00:00,0.9995
0xe03ef83291d820246caccf8dde7f3c3c5ba99ede6499707ec39a0dbfa5fa9621,Houston,Will the highest temperature in Houston be 81°F or below on August 14?,111158787808786556713194645514958308437938534561145438512021977007770179475229,No,2026-08-14T12:00:18+00:00,0.9995
0xe03ef83291d820246caccf8dde7f3c3c5ba99ede6499707ec39a0dbfa5fa9621,Houston,Will the highest temperature in Houston be 81°F or below on August 14?,111158787808786556713194645514958308437938534561145438512021977007770179475229,No,2026-08-14T12:01:11+00:00,0.9995
0x2c9252da68703a428a93aacfe1ae3a4958420afe999ded3a38ab1d527bc4907b,Houston,Will the highest temperature in Houston be between 82-83°F on August 14?,101637321380572566648454246578585288131105111134612361834299664151638937052716,Yes,2026-08-14T11:00:17+00:00,0.002
0x2c9252da68703a428a93aacfe1ae3a4958420afe999ded3a38ab1d527bc4907b,Houston,Will the highest temperature in Houston be between 82-83°F on August 14?,101637321380572566648454246578585288131105111134612361834299664151638937052716,Yes,2026-08-14T12:00:26+00:00,0.0015
0x2c9252da68703a428a93aacfe1ae3a4958420afe999ded3a38ab1d527bc4907b,Houston,Will the highest temperature in Houston be between 82-83°F on August 14?,101637321380572566648454246578585288131105111134612361834299664151638937052716,Yes,2026-08-14T12:01:12+00:00,0.0015
0x2c9252da68703a428a93aacfe1ae3a4958420afe999ded3a38ab1d527bc4907b,Houston,Will the highest temperature in Houston be between 82-83°F on August 14?,48161865815974083272892286785915892840282933090526522993744387246710470767186,No,2026-08-14T11:00:14+00:00,0.998
0x2c9252da68703a428a93aacfe1ae3a4958420afe999ded3a38ab1d527bc4907b,Houston,Will the highest temperature in Houston be between 82-83°F on August 14?,48161865815974083272892286785915892840282933090526522993744387246710470767186,No,2026-08-14T12:00:22+00:00,0.9985
0x2c9252da68703a428a93aacfe1ae3a4958420afe999ded3a38ab1d527bc4907b,Houston,Will the highest temperature in Houston be between 82-83°F on August 14?,48161865815974083272892286785915892840282933090526522993744387246710470767186,No,2026-08-14T12:01:11+00:00,0.9985
0x838ca38b0c234b981dbe11c53b187127af82b1db5615aa90af8b983bad7e33a0,Houston,Will the highest temperature in Houston be between 84-85°F on August 14?,15488006698237351685732898401699475378252409616836608549277979398113110905993,Yes,2026-08-14T11:00:18+00:00,0.0005
0x838ca38b0c234b981dbe11c53b187127af82b1db5615aa90af8b983bad7e33a0,Houston,Will the highest temperature in Houston be between 84-85°F on August 14?,15488006698237351685732898401699475378252409616836608549277979398113110905993,Yes,2026-08-14T12:00:28+00:00,0.0005
0x838ca38b0c234b981dbe11c53b187127af82b1db5615aa90af8b983bad7e33a0,Houston,Will the highest temperature in Houston be between 84-85°F on August 14?,15488006698237351685732898401699475378252409616836608549277979398113110905993,Yes,2026-08-14T12:01:12+00:00,0.0005
0x838ca38b0c234b981dbe11c53b187127af82b1db5615aa90af8b983bad7e33a0,Houston,Will the highest temperature in Houston be between 84-85°F on August 14?,37235111768247177937255924086320729308997671573777008884072539717949232346097,No,2026-08-14T11:00:12+00:00,0.9995
0x838ca38b0c234b981dbe11c53b187127af82b1db5615aa90af8b983bad7e33a0,Houston,Will the highest temperature in Houston be between 84-85°F on August 14?,37235111768247177937255924086320729308997671573777008884072539717949232346097,No,2026-08-14T12:00:18+00:00,0.9995
0x838ca38b0c234b981dbe11c53b187127af82b1db5615aa90af8b983bad7e33a0,Houston,Will the highest temperature in Houston be between 84-85°F on August 14?,37235111768247177937255924086320729308997671573777008884072539717949232346097,No,2026-08-14T12:02:11+00:00,0.9995
0x2131d75b5f7d23cbdd2a31c1cf0c40f360cfa268c99879fa572777d6b19ea716,Houston,Will the highest temperature in Houston be between 86-87°F on August 14?,78539173942764984060922893189022592061364696833492576830221696070881650333698,Yes,2026-08-14T11:00:18+00:00,0.0045
0x2131d75b5f7d23cbdd2a31c1cf0c40f360cfa268c99879fa572777d6b19ea716,Houston,Will the highest temperature in Houston be between 86-87°F on August 14?,78539173942764984060922893189022592061364696833492576830221696070881650333698,Yes,2026-08-14T12:00:28+00:00,0.0045
0x2131d75b5f7d23cbdd2a31c1cf0c40f360cfa268c99879fa572777d6b19ea716,Houston,Will the highest temperature in Houston be between 86-87°F on August 14?,78539173942764984060922893189022592061364696833492576830221696070881650333698,Yes,2026-08-14T12:01:12+00:00,0.0045
0x2131d75b5f7d23cbdd2a31c1cf0c40f360cfa268c99879fa572777d6b19ea716,Houston,Will the highest temperature in Houston be between 86-87°F on August 14?,99594452899436634604728616421425036628463967257933630408493844113555809203568,No,2026-08-14T11:00:15+00:00,0.9955
0x2131d75b5f7d23cbdd2a31c1cf0c40f360cfa268c99879fa572777d6b19ea716,Houston,Will the highest temperature in Houston be between 86-87°F on August 14?,99594452899436634604728616421425036628463967257933630408493844113555809203568,No,2026-08-14T12:00:23+00:00,0.9955
0x2131d75b5f7d23cbdd2a31c1cf0c40f360cfa268c99879fa572777d6b19ea716,Houston,Will the highest temperature in Houston be between 86-87°F on August 14?,99594452899436634604728616421425036628463967257933630408493844113555809203568,No,2026-08-14T12:01:11+00:00,0.9955
0x4a11a8608853932cd58bfc49df03b8d7f7d98c49d7065b37399fe5401d68a07c,Houston,Will the highest temperature in Houston be between 88-89°F on August 14?,12837788342102810065288444386729051493761523072891597043461105824163058476041,Yes,2026-08-14T11:00:18+00:00,0.02
0x4a11a8608853932cd58bfc49df03b8d7f7d98c49d7065b37399fe5401d68a07c,Houston,Will the highest temperature in Houston be between 88-89°F on August 14?,12837788342102810065288444386729051493761523072891597043461105824163058476041,Yes,2026-08-14T12:00:27+00:00,0.02
0x4a11a8608853932cd58bfc49df03b8d7f7d98c49d7065b37399fe5401d68a07c,Houston,Will the highest temperature in Houston be between 88-89°F on August 14?,12837788342102810065288444386729051493761523072891597043461105824163058476041,Yes,2026-08-14T12:01:12+00:00,0.02
0x4a11a8608853932cd58bfc49df03b8d7f7d98c49d7065b37399fe5401d68a07c,Houston,Will the highest temperature in Houston be between 88-89°F on August 14?,15435265914103628591634606585611734775031686808200489332633238193616638260101,No,2026-08-14T11:00:18+00:00,0.98
0x4a11a8608853932cd58bfc49df03b8d7f7d98c49d7065b37399fe5401d68a07c,Houston,Will the highest temperature in Houston be between 88-89°F on August 14?,15435265914103628591634606585611734775031686808200489332633238193616638260101,No,2026-08-14T12:00:27+00:00,0.98
0x4a11a8608853932cd58bfc49df03b8d7f7d98c49d7065b37399fe5401d68a07c,Houston,Will the highest temperature in Houston be between 88-89°F on August 14?,15435265914103628591634606585611734775031686808200489332633238193616638260101,No,2026-08-14T12:01:12+00:00,0.98
0x359ba4cc0e574f8e33152bacfcaf52786de4d6d062ee22b88e593e455cea9ed4,Houston,Will the highest temperature in Houston be between 90-91°F on August 14?,27237451439041276029800328578030567263278401914511084798198491950237429257608,Yes,2026-08-14T11:00:18+00:00,0.03
0x359ba4cc0e574f8e33152bacfcaf52786de4d6d062ee22b88e593e455cea9ed4,Houston,Will the highest temperature in Houston be between 90-91°F on August 14?,27237451439041276029800328578030567263278401914511084798198491950237429257608,Yes,2026-08-14T12:00:27+00:00,0.03
0x359ba4cc0e574f8e33152bacfcaf52786de4d6d062ee22b88e593e455cea9ed4,Houston,Will the highest temperature in Houston be between 90-91°F on August 14?,27237451439041276029800328578030567263278401914511084798198491950237429257608,Yes,2026-08-14T12:01:12+00:00,0.03
0x359ba4cc0e574f8e33152bacfcaf52786de4d6d062ee22b88e593e455cea9ed4,Houston,Will the highest temperature in Houston be between 90-91°F on August 14?,57509207727069701865106438874519203285979365193645388728270454546337507123524,No,2026-08-14T11:00:17+00:00,0.97
0x359ba4cc0e574f8e33152bacfcaf52786de4d6d062ee22b88e593e455cea9ed4,Houston,Will the highest temperature in Houston be between 90-91°F on August 14?,57509207727069701865106438874519203285979365193645388728270454546337507123524,No,2026-08-14T12:00:26+00:00,0.97
0x359ba4cc0e574f8e33152bacfcaf52786de4d6d062ee22b88e593e455cea9ed4,Houston,Will the highest temperature in Houston be between 90-91°F on August 14?,57509207727069701865106438874519203285979365193645388728270454546337507123524,No,2026-08-14T12:02:13+00:00,0.97
0x8a49d18088a8d4ea5e44a96604618dd12339c1a7667012605575fe7b6d5986cd,Houston,Will the highest temperature in Houston be between 92-93°F on August 14?,65825908583112834870318381111223272312032080956679362549448857332496342945803,Yes,2026-08-14T11:00:11+00:00,0.295
0x8a49d18088a8d4ea5e44a96604618dd12339c1a7667012605575fe7b6d5986cd,Houston,Will the highest temperature in Houston be between 92-93°F on August 14?,65825908583112834870318381111223272312032080956679362549448857332496342945803,Yes,2026-08-14T12:00:14+00:00,0.225
0x8a49d18088a8d4ea5e44a96604618dd12339c1a7667012605575fe7b6d5986cd,Houston,Will the highest temperature in Houston be between 92-93°F on August 14?,65825908583112834870318381111223272312032080956679362549448857332496342945803,Yes,2026-08-14T12:02:11+00:00,0.24
0x8a49d18088a8d4ea5e44a96604618dd12339c1a7667012605575fe7b6d5986cd,Houston,Will the highest temperature in Houston be between 92-93°F on August 14?,69002621539137572358230488736682883203290859349309291930560738380543225189579,No,2026-08-14T11:00:16+00:00,0.705
0x8a49d18088a8d4ea5e44a96604618dd12339c1a7667012605575fe7b6d5986cd,Houston,Will the highest temperature in Houston be between 92-93°F on August 14?,69002621539137572358230488736682883203290859349309291930560738380543225189579,No,2026-08-14T12:00:25+00:00,0.775
0x8a49d18088a8d4ea5e44a96604618dd12339c1a7667012605575fe7b6d5986cd,Houston,Will the highest temperature in Houston be between 92-93°F on August 14?,69002621539137572358230488736682883203290859349309291930560738380543225189579,No,2026-08-14T12:02:12+00:00,0.76
0x7a5d60bfbc841d82b1e8db1257dd5ef81fb41538c5be8470b0547ee4791ef5b1,Houston,Will the highest temperature in Houston be between 94-95°F on August 14?,28831326021294620747215780146562171214476556340972182937833194616743212051655,Yes,2026-08-14T11:00:18+00:00,0.545
0x7a5d60bfbc841d82b1e8db1257dd5ef81fb41538c5be8470b0547ee4791ef5b1,Houston,Will the highest temperature in Houston be between 94-95°F on August 14?,28831326021294620747215780146562171214476556340972182937833194616743212051655,Yes,2026-08-14T12:00:27+00:00,0.61
0x7a5d60bfbc841d82b1e8db1257dd5ef81fb41538c5be8470b0547ee4791ef5b1,Houston,Will the highest temperature in Houston be between 94-95°F on August 14?,28831326021294620747215780146562171214476556340972182937833194616743212051655,Yes,2026-08-14T12:02:13+00:00,0.615
0x7a5d60bfbc841d82b1e8db1257dd5ef81fb41538c5be8470b0547ee4791ef5b1,Houston,Will the highest temperature in Houston be between 94-95°F on August 14?,22433220007398485770687147518007825170185203863682135443889026347827370705057,No,2026-08-14T11:00:11+00:00,0.455
0x7a5d60bfbc841d82b1e8db1257dd5ef81fb41538c5be8470b0547ee4791ef5b1,Houston,Will the highest temperature in Houston be between 94-95°F on August 14?,22433220007398485770687147518007825170185203863682135443889026347827370705057,No,2026-08-14T12:00:14+00:00,0.39
0x7a5d60bfbc841d82b1e8db1257dd5ef81fb41538c5be8470b0547ee4791ef5b1,Houston,Will the highest temperature in Houston be between 94-95°F on August 14?,22433220007398485770687147518007825170185203863682135443889026347827370705057,No,2026-08-14T12:02:11+00:00,0.385
0x0585850f9a9f2ccc51b9b81d710344edd285dc88e027338c66c2a2b33bdf80e8,Houston,Will the highest temperature in Houston be between 96-97°F on August 14?,36089177035045371458954855522096750336881786516527680673290407780910632087869,Yes,2026-08-14T11:00:15+00:00,0.065
0x0585850f9a9f2ccc51b9b81d710344edd285dc88e027338c66c2a2b33bdf80e8,Houston,Will the highest temperature in Houston be between 96-97°F on August 14?,36089177035045371458954855522096750336881786516527680673290407780910632087869,Yes,2026-08-14T12:00:22+00:00,0.065
0x0585850f9a9f2ccc51b9b81d710344edd285dc88e027338c66c2a2b33bdf80e8,Houston,Will the highest temperature in Houston be between 96-97°F on August 14?,36089177035045371458954855522096750336881786516527680673290407780910632087869,Yes,2026-08-14T12:02:12+00:00,0.065
0x0585850f9a9f2ccc51b9b81d710344edd285dc88e027338c66c2a2b33bdf80e8,Houston,Will the highest temperature in Houston be between 96-97°F on August 14?,61331753576686616021773079654416849516409903388112834330786441089762846107721,No,2026-08-14T11:00:13+00:00,0.935
0x0585850f9a9f2ccc51b9b81d710344edd285dc88e027338c66c2a2b33bdf80e8,Houston,Will the highest temperature in Houston be between 96-97°F on August 14?,61331753576686616021773079654416849516409903388112834330786441089762846107721,No,2026-08-14T12:00:20+00:00,0.935
0x0585850f9a9f2ccc51b9b81d710344edd285dc88e027338c66c2a2b33bdf80e8,Houston,Will the highest temperature in Houston be between 96-97°F on August 14?,61331753576686616021773079654416849516409903388112834330786441089762846107721,No,2026-08-14T12:02:12+00:00,0.935
0x431356a95518b339f4919119c67eac9584e60399289ad6cf0a070151af01034e,Houston,Will the highest temperature in Houston be between 98-99°F on August 14?,83863027271530607190889544752135253829494546723021793324830065419921580735990,Yes,2026-08-14T11:00:13+00:00,0.02
0x431356a95518b339f4919119c67eac9584e60399289ad6cf0a070151af01034e,Houston,Will the highest temperature in Houston be between 98-99°F on August 14?,83863027271530607190889544752135253829494546723021793324830065419921580735990,Yes,2026-08-14T12:00:18+00:00,0.02
0x431356a95518b339f4919119c67eac9584e60399289ad6cf0a070151af01034e,Houston,Will the highest temperature in Houston be between 98-99°F on August 14?,83863027271530607190889544752135253829494546723021793324830065419921580735990,Yes,2026-08-14T12:02:11+00:00,0.025
0x431356a95518b339f4919119c67eac9584e60399289ad6cf0a070151af01034e,Houston,Will the highest temperature in Houston be between 98-99°F on August 14?,44524870878191586307854524290937563062990595664820402594499101592758246713953,No,2026-08-14T11:00:15+00:00,0.98
0x431356a95518b339f4919119c67eac9584e60399289ad6cf0a070151af01034e,Houston,Will the highest temperature in Houston be between 98-99°F on August 14?,44524870878191586307854524290937563062990595664820402594499101592758246713953,No,2026-08-14T12:00:23+00:00,0.98
0x431356a95518b339f4919119c67eac9584e60399289ad6cf0a070151af01034e,Houston,Will the highest temperature in Houston be between 98-99°F on August 14?,44524870878191586307854524290937563062990595664820402594499101592758246713953,No,2026-08-14T12:02:12+00:00,0.975
0xd7a852e47de78c7c19595089aaa95941898e73430dcf5f0600d45d0fc63121c6,Houston,Will the highest temperature in Houston be 100°F or higher on August 14?,33897887330647821069422175789527372225927466609946237397541195049702442102327,Yes,2026-08-14T11:00:18+00:00,0.0015
0xd7a852e47de78c7c19595089aaa95941898e73430dcf5f0600d45d0fc63121c6,Houston,Will the highest temperature in Houston be 100°F or higher on August 14?,33897887330647821069422175789527372225927466609946237397541195049702442102327,Yes,2026-08-14T12:00:28+00:00,0.0015
0xd7a852e47de78c7c19595089aaa95941898e73430dcf5f0600d45d0fc63121c6,Houston,Will the highest temperature in Houston be 100°F or higher on August 14?,33897887330647821069422175789527372225927466609946237397541195049702442102327,Yes,2026-08-14T12:02:13+00:00,0.0015
0xd7a852e47de78c7c19595089aaa95941898e73430dcf5f0600d45d0fc63121c6,Houston,Will the highest temperature in Houston be 100°F or higher on August 14?,67244601611795342198309482055714030215900112278497582029973532853868199351410,No,2026-08-14T11:00:15+00:00,0.9985
0xd7a852e47de78c7c19595089aaa95941898e73430dcf5f0600d45d0fc63121c6,Houston,Will the highest temperature in Houston be 100°F or higher on August 14?,67244601611795342198309482055714030215900112278497582029973532853868199351410,No,2026-08-14T12:00:23+00:00,0.9985
0xd7a852e47de78c7c19595089aaa95941898e73430dcf5f0600d45d0fc63121c6,Houston,Will the highest temperature in Houston be 100°F or higher on August 14?,67244601611795342198309482055714030215900112278497582029973532853868199351410,No,2026-08-14T12:02:12+00:00,0.9985
0xbbe52480e5629af3408cba2173c1e2accf60414b33bc35fe9177576b5faae111,Houston,Will the highest temperature in Houston be 85°F or below on August 15?,21792247222320316455348016585688091666718661689086217027546582789932437638899,Yes,2026-08-14T11:00:11+00:00,0.0025
0xbbe52480e5629af3408cba2173c1e2accf60414b33bc35fe9177576b5faae111,Houston,Will the highest temperature in Houston be 85°F or below on August 15?,21792247222320316455348016585688091666718661689086217027546582789932437638899,Yes,2026-08-14T12:00:14+00:00,0.003
0xbbe52480e5629af3408cba2173c1e2accf60414b33bc35fe9177576b5faae111,Houston,Will the highest temperature in Houston be 85°F or below on August 15?,21792247222320316455348016585688091666718661689086217027546582789932437638899,Yes,2026-08-14T12:02:11+00:00,0.0025
0xbbe52480e5629af3408cba2173c1e2accf60414b33bc35fe9177576b5faae111,Houston,Will the highest temperature in Houston be 85°F or below on August 15?,75949419147117607431547864708906726550184863265108159852984401612168561720072,No,2026-08-14T11:00:19+00:00,0.9975
0xbbe52480e5629af3408cba2173c1e2accf60414b33bc35fe9177576b5faae111,Houston,Will the highest temperature in Houston be 85°F or below on August 15?,75949419147117607431547864708906726550184863265108159852984401612168561720072,No,2026-08-14T12:00:28+00:00,0.997
0xbbe52480e5629af3408cba2173c1e2accf60414b33bc35fe9177576b5faae111,Houston,Will the highest temperature in Houston be 85°F or below on August 15?,75949419147117607431547864708906726550184863265108159852984401612168561720072,No,2026-08-14T12:02:13+00:00,0.9975
0xd564813f00eac5009b02d53745a92a81760a0217d7923cce283d9c998d7f6755,Houston,Will the highest temperature in Houston be between 86-87°F on August 15?,43049807925073594025011736031866369931990012797229918636493344551886721216198,Yes,2026-08-14T11:00:14+00:00,0.005
0xd564813f00eac5009b02d53745a92a81760a0217d7923cce283d9c998d7f6755,Houston,Will the highest temperature in Houston be between 86-87°F on August 15?,43049807925073594025011736031866369931990012797229918636493344551886721216198,Yes,2026-08-14T12:00:21+00:00,0.005
0xd564813f00eac5009b02d53745a92a81760a0217d7923cce283d9c998d7f6755,Houston,Will the highest temperature in Houston be between 86-87°F on August 15?,43049807925073594025011736031866369931990012797229918636493344551886721216198,Yes,2026-08-14T12:02:12+00:00,0.005
0xd564813f00eac5009b02d53745a92a81760a0217d7923cce283d9c998d7f6755,Houston,Will the highest temperature in Houston be between 86-87°F on August 15?,96094704431073330016481403794029023022295279070154282635768939242930271875882,No,2026-08-14T11:00:13+00:00,0.995
0xd564813f00eac5009b02d53745a92a81760a0217d7923cce283d9c998d7f6755,Houston,Will the highest temperature in Houston be between 86-87°F on August 15?,96094704431073330016481403794029023022295279070154282635768939242930271875882,No,2026-08-14T12:00:18+00:00,0.995
0xd564813f00eac5009b02d53745a92a81760a0217d7923cce283d9c998d7f6755,Houston,Will the highest temperature in Houston be between 86-87°F on August 15?,96094704431073330016481403794029023022295279070154282635768939242930271875882,No,2026-08-14T12:02:11+00:00,0.995
0x3052631096905cec4afb05c136e6f233e5facb17f1fd88e8e1dc37098c40e1c6,Houston,Will the highest temperature in Houston be between 88-89°F on August 15?,72437507032381737692412267101659869340324351325604348277589691203335640471254,Yes,2026-08-14T11:00:13+00:00,0.0055
0x3052631096905cec4afb05c136e6f233e5facb17f1fd88e8e1dc37098c40e1c6,Houston,Will the highest temperature in Houston be between 88-89°F on August 15?,72437507032381737692412267101659869340324351325604348277589691203335640471254,Yes,2026-08-14T12:00:19+00:00,0.0055
0x3052631096905cec4afb05c136e6f233e5facb17f1fd88e8e1dc37098c40e1c6,Houston,Will the highest temperature in Houston be between 88-89°F on August 15?,72437507032381737692412267101659869340324351325604348277589691203335640471254,Yes,2026-08-14T12:02:12+00:00,0.0055
0x3052631096905cec4afb05c136e6f233e5facb17f1fd88e8e1dc37098c40e1c6,Houston,Will the highest temperature in Houston be between 88-89°F on August 15?,1894709784926408289221080087040456972044290777223838083225631029304624751631,No,2026-08-14T11:00:15+00:00,0.9945
0x3052631096905cec4afb05c136e6f233e5facb17f1fd88e8e1dc37098c40e1c6,Houston,Will the highest temperature in Houston be between 88-89°F on August 15?,1894709784926408289221080087040456972044290777223838083225631029304624751631,No,2026-08-14T12:00:22+00:00,0.9945
0x3052631096905cec4afb05c136e6f233e5facb17f1fd88e8e1dc37098c40e1c6,Houston,Will the highest temperature in Houston be between 88-89°F on August 15?,1894709784926408289221080087040456972044290777223838083225631029304624751631,No,2026-08-14T12:02:12+00:00,0.9945
0x7e8e69b45247ef4de66cef8ba3881da1064a8bbd1d069f3d95b2031073319541,Houston,Will the highest temperature in Houston be between 90-91°F on August 15?,41320162587522606068149653624074325380892076047593086335921443756159776442009,Yes,2026-08-14T11:00:12+00:00,0.015
0x7e8e69b45247ef4de66cef8ba3881da1064a8bbd1d069f3d95b2031073319541,Houston,Will the highest temperature in Houston be between 90-91°F on August 15?,41320162587522606068149653624074325380892076047593086335921443756159776442009,Yes,2026-08-14T12:00:17+00:00,0.015
0x7e8e69b45247ef4de66cef8ba3881da1064a8bbd1d069f3d95b2031073319541,Houston,Will the highest temperature in Houston be between 90-91°F on August 15?,41320162587522606068149653624074325380892076047593086335921443756159776442009,Yes,2026-08-14T12:02:11+00:00,0.015
0x7e8e69b45247ef4de66cef8ba3881da1064a8bbd1d069f3d95b2031073319541,Houston,Will the highest temperature in Houston be between 90-91°F on August 15?,103690395505024364632870652604112836193113934911399486805006957350984736870603,No,2026-08-14T11:00:13+00:00,0.985
0x7e8e69b45247ef4de66cef8ba3881da1064a8bbd1d069f3d95b2031073319541,Houston,Will the highest temperature in Houston be between 90-91°F on August 15?,103690395505024364632870652604112836193113934911399486805006957350984736870603,No,2026-08-14T12:00:19+00:00,0.985
0x7e8e69b45247ef4de66cef8ba3881da1064a8bbd1d069f3d95b2031073319541,Houston,Will the highest temperature in Houston be between 90-91°F on August 15?,103690395505024364632870652604112836193113934911399486805006957350984736870603,No,2026-08-14T12:02:12+00:00,0.985
0x0152cf4233bd54231128058767a7206c7924825369e4f57511012296396af902,Houston,Will the highest temperature in Houston be between 92-93°F on August 15?,81683630114945104796933810026778392817877389339133108532289576352923761188441,Yes,2026-08-14T11:00:15+00:00,0.055
0x0152cf4233bd54231128058767a7206c7924825369e4f57511012296396af902,Houston,Will the highest temperature in Houston be between 92-93°F on August 15?,81683630114945104796933810026778392817877389339133108532289576352923761188441,Yes,2026-08-14T12:00:22+00:00,0.06
0x0152cf4233bd54231128058767a7206c7924825369e4f57511012296396af902,Houston,Will the highest temperature in Houston be between 92-93°F on August 15?,81683630114945104796933810026778392817877389339133108532289576352923761188441,Yes,2026-08-14T12:02:12+00:00,0.06
0x0152cf4233bd54231128058767a7206c7924825369e4f57511012296396af902,Houston,Will the highest temperature in Houston be between 92-93°F on August 15?,44427761966912710604620970339871992409298953880478602520140592265674414378156,No,2026-08-14T11:00:12+00:00,0.945
0x0152cf4233bd54231128058767a7206c7924825369e4f57511012296396af902,Houston,Will the highest temperature in Houston be between 92-93°F on August 15?,44427761966912710604620970339871992409298953880478602520140592265674414378156,No,2026-08-14T12:00:18+00:00,0.94
0x0152cf4233bd54231128058767a7206c7924825369e4f57511012296396af902,Houston,Will the highest temperature in Houston be between 92-93°F on August 15?,44427761966912710604620970339871992409298953880478602520140592265674414378156,No,2026-08-14T12:02:11+00:00,0.94
0xd2171addf5f849aa8160479c6ebd96def6df0b9a58696c65197430c2d8ed3a08,Houston,Will the highest temperature in Houston be between 94-95°F on August 15?,69285490719824938303299081847378210474836392804357009538534299739263287520688,Yes,2026-08-14T11:00:13+00:00,0.335
0xd2171addf5f849aa8160479c6ebd96def6df0b9a58696c65197430c2d8ed3a08,Houston,Will the highest temperature in Houston be between 94-95°F on August 15?,69285490719824938303299081847378210474836392804357009538534299739263287520688,Yes,2026-08-14T12:00:19+00:00,0.335
0xd2171addf5f849aa8160479c6ebd96def6df0b9a58696c65197430c2d8ed3a08,Houston,Will the highest temperature in Houston be between 94-95°F on August 15?,69285490719824938303299081847378210474836392804357009538534299739263287520688,Yes,2026-08-14T12:02:12+00:00,0.335
0xd2171addf5f849aa8160479c6ebd96def6df0b9a58696c65197430c2d8ed3a08,Houston,Will the highest temperature in Houston be between 94-95°F on August 15?,93030434570398115897794942659416787648125325967731719447124518099424084549882,No,2026-08-14T11:00:18+00:00,0.665
0xd2171addf5f849aa8160479c6ebd96def6df0b9a58696c65197430c2d8ed3a08,Houston,Will the highest temperature in Houston be between 94-95°F on August 15?,93030434570398115897794942659416787648125325967731719447124518099424084549882,No,2026-08-14T12:00:27+00:00,0.665
0xd2171addf5f849aa8160479c6ebd96def6df0b9a58696c65197430c2d8ed3a08,Houston,Will the highest temperature in Houston be between 94-95°F on August 15?,93030434570398115897794942659416787648125325967731719447124518099424084549882,No,2026-08-14T12:02:13+00:00,0.665
0x53fc96d38c9956e853fd8f19c48c8e38ec9cfae378588f5d840e09b71ce0b083,Houston,Will the highest temperature in Houston be between 96-97°F on August 15?,99270992836300752328939877966366149006142227363021353470305550180050966847173,Yes,2026-08-14T11:00:14+00:00,0.445
0x53fc96d38c9956e853fd8f19c48c8e38ec9cfae378588f5d840e09b71ce0b083,Houston,Will the highest temperature in Houston be between 96-97°F on August 15?,99270992836300752328939877966366149006142227363021353470305550180050966847173,Yes,2026-08-14T12:00:22+00:00,0.445
0x53fc96d38c9956e853fd8f19c48c8e38ec9cfae378588f5d840e09b71ce0b083,Houston,Will the highest temperature in Houston be between 96-97°F on August 15?,99270992836300752328939877966366149006142227363021353470305550180050966847173,Yes,2026-08-14T12:02:12+00:00,0.475
0x53fc96d38c9956e853fd8f19c48c8e38ec9cfae378588f5d840e09b71ce0b083,Houston,Will the highest temperature in Houston be between 96-97°F on August 15?,78479618278422626974959199354830075521241378844320870782058987061772523695188,No,2026-08-14T11:00:13+00:00,0.555
0x53fc96d38c9956e853fd8f19c48c8e38ec9cfae378588f5d840e09b71ce0b083,Houston,Will the highest temperature in Houston be between 96-97°F on August 15?,78479618278422626974959199354830075521241378844320870782058987061772523695188,No,2026-08-14T12:00:19+00:00,0.555
0x53fc96d38c9956e853fd8f19c48c8e38ec9cfae378588f5d840e09b71ce0b083,Houston,Will the highest temperature in Houston be between 96-97°F on August 15?,78479618278422626974959199354830075521241378844320870782058987061772523695188,No,2026-08-14T12:02:12+00:00,0.525
0xe0b4a6377c867a2f892d4b8350a0c468d11a810dcab6619bd1dd17645a20f2d6,Houston,Will the highest temperature in Houston be between 98-99°F on August 15?,27977338018292946940662444902912348467803007867220110150328464506724100066340,Yes,2026-08-14T11:00:18+00:00,0.11
0xe0b4a6377c867a2f892d4b8350a0c468d11a810dcab6619bd1dd17645a20f2d6,Houston,Will the highest temperature in Houston be between 98-99°F on August 15?,27977338018292946940662444902912348467803007867220110150328464506724100066340,Yes,2026-08-14T12:00:28+00:00,0.105
0xe0b4a6377c867a2f892d4b8350a0c468d11a810dcab6619bd1dd17645a20f2d6,Houston,Will the highest temperature in Houston be between 98-99°F on August 15?,27977338018292946940662444902912348467803007867220110150328464506724100066340,Yes,2026-08-14T12:02:13+00:00,0.105
0xe0b4a6377c867a2f892d4b8350a0c468d11a810dcab6619bd1dd17645a20f2d6,Houston,Will the highest temperature in Houston be between 98-99°F on August 15?,15892001859657100646986515180346706843066198887789644354272927945426335419270,No,2026-08-14T11:00:18+00:00,0.89
0xe0b4a6377c867a2f892d4b8350a0c468d11a810dcab6619bd1dd17645a20f2d6,Houston,Will the highest temperature in Houston be between 98-99°F on August 15?,15892001859657100646986515180346706843066198887789644354272927945426335419270,No,2026-08-14T12:00:27+00:00,0.895
0xe0b4a6377c867a2f892d4b8350a0c468d11a810dcab6619bd1dd17645a20f2d6,Houston,Will the highest temperature in Houston be between 98-99°F on August 15?,15892001859657100646986515180346706843066198887789644354272927945426335419270,No,2026-08-14T12:02:13+00:00,0.895
0x89cf4aa9b206a720137da34466ec72b69b0e4f6d66ce201bf252394ebe5c3a9e,Houston,Will the highest temperature in Houston be between 100-101°F on August 15?,30716988798286352312993129143806589709193025409146214824487163036113491528884,Yes,2026-08-14T11:00:16+00:00,0.03
0x89cf4aa9b206a720137da34466ec72b69b0e4f6d66ce201bf252394ebe5c3a9e,Houston,Will the highest temperature in Houston be between 100-101°F on August 15?,30716988798286352312993129143806589709193025409146214824487163036113491528884,Yes,2026-08-14T12:00:24+00:00,0.025
0x89cf4aa9b206a720137da34466ec72b69b0e4f6d66ce201bf252394ebe5c3a9e,Houston,Will the highest temperature in Houston be between 100-101°F on August 15?,30716988798286352312993129143806589709193025409146214824487163036113491528884,Yes,2026-08-14T12:02:12+00:00,0.025
0x89cf4aa9b206a720137da34466ec72b69b0e4f6d66ce201bf252394ebe5c3a9e,Houston,Will the highest temperature in Houston be between 100-101°F on August 15?,18013119044405041672388559947777763440168912238944503619149735234200723283496,No,2026-08-14T11:00:18+00:00,0.97
0x89cf4aa9b206a720137da34466ec72b69b0e4f6d66ce201bf252394ebe5c3a9e,Houston,Will the highest temperature in Houston be between 100-101°F on August 15?,18013119044405041672388559947777763440168912238944503619149735234200723283496,No,2026-08-14T12:00:27+00:00,0.975
0x89cf4aa9b206a720137da34466ec72b69b0e4f6d66ce201bf252394ebe5c3a9e,Houston,Will the highest temperature in Houston be between 100-101°F on August 15?,18013119044405041672388559947777763440168912238944503619149735234200723283496,No,2026-08-14T12:02:13+00:00,0.975
0xb96a18cd587db80c8344e4b508f4da7455ec19d3102968f0948db498e165c037,Houston,Will the highest temperature in Houston be between 102-103°F on August 15?,6613685240130534578554470367080606226806052226890418464573103849593412920500,Yes,2026-08-14T11:00:14+00:00,0.0015
0xb96a18cd587db80c8344e4b508f4da7455ec19d3102968f0948db498e165c037,Houston,Will the highest temperature in Houston be between 102-103°F on August 15?,6613685240130534578554470367080606226806052226890418464573103849593412920500,Yes,2026-08-14T12:00:21+00:00,0.0015
0xb96a18cd587db80c8344e4b508f4da7455ec19d3102968f0948db498e165c037,Houston,Will the highest temperature in Houston be between 102-103°F on August 15?,6613685240130534578554470367080606226806052226890418464573103849593412920500,Yes,2026-08-14T12:02:12+00:00,0.0015
0xb96a18cd587db80c8344e4b508f4da7455ec19d3102968f0948db498e165c037,Houston,Will the highest temperature in Houston be between 102-103°F on August 15?,49107487298986291359963641465557459149842285386209103792729470717003821401043,No,2026-08-14T11:00:16+00:00,0.9985
0xb96a18cd587db80c8344e4b508f4da7455ec19d3102968f0948db498e165c037,Houston,Will the highest temperature in Houston be between 102-103°F on August 15?,49107487298986291359963641465557459149842285386209103792729470717003821401043,No,2026-08-14T12:00:24+00:00,0.9985
0xb96a18cd587db80c8344e4b508f4da7455ec19d3102968f0948db498e165c037,Houston,Will the highest temperature in Houston be between 102-103°F on August 15?,49107487298986291359963641465557459149842285386209103792729470717003821401043,No,2026-08-14T12:02:12+00:00,0.9985
0xceb9fa6a5b0dd8c81698b0c19441f8ace8d3308c6f2beb3399eece0f64a45133,Houston,Will the highest temperature in Houston be 104°F or higher on August 15?,105543005645118994307072673960185924437532319023461923293299298243471538385450,Yes,2026-08-14T11:00:17+00:00,0.0015
0xceb9fa6a5b0dd8c81698b0c19441f8ace8d3308c6f2beb3399eece0f64a45133,Houston,Will the highest temperature in Houston be 104°F or higher on August 15?,105543005645118994307072673960185924437532319023461923293299298243471538385450,Yes,2026-08-14T12:00:26+00:00,0.0015
0xceb9fa6a5b0dd8c81698b0c19441f8ace8d3308c6f2beb3399eece0f64a45133,Houston,Will the highest temperature in Houston be 104°F or higher on August 15?,105543005645118994307072673960185924437532319023461923293299298243471538385450,Yes,2026-08-14T12:02:13+00:00,0.0015
0xceb9fa6a5b0dd8c81698b0c19441f8ace8d3308c6f2beb3399eece0f64a45133,Houston,Will the highest temperature in Houston be 104°F or higher on August 15?,40771140627971468391051354600899336664919344343264834076131598893492692748614,No,2026-08-14T11:00:17+00:00,0.9985
0xceb9fa6a5b0dd8c81698b0c19441f8ace8d3308c6f2beb3399eece0f64a45133,Houston,Will the highest temperature in Houston be 104°F or higher on August 15?,40771140627971468391051354600899336664919344343264834076131598893492692748614,No,2026-08-14T12:00:26+00:00,0.9985
0xceb9fa6a5b0dd8c81698b0c19441f8ace8d3308c6f2beb3399eece0f64a45133,Houston,Will the highest temperature in Houston be 104°F or higher on August 15?,40771140627971468391051354600899336664919344343264834076131598893492692748614,No,2026-08-14T12:02:13+00:00,0.9985
0xe03ef83291d820246caccf8dde7f3c3c5ba99ede6499707ec39a0dbfa5fa9621,Houston,Will the highest temperature in Houston be 81°F or below on August 14?,10582267533514159443552209759363396668088663561125305460123149894061025640290,Yes,2026-08-14T13:00:17+00:00,0.0005
0xe03ef83291d820246caccf8dde7f3c3c5ba99ede6499707ec39a0dbfa5fa9621,Houston,Will the highest temperature in Houston be 81°F or below on August 14?,10582267533514159443552209759363396668088663561125305460123149894061025640290,Yes,2026-08-14T13:47:13+00:00,0.0005
0xe03ef83291d820246caccf8dde7f3c3c5ba99ede6499707ec39a0dbfa5fa9621,Houston,Will the highest temperature in Houston be 81°F or below on August 14?,111158787808786556713194645514958308437938534561145438512021977007770179475229,No,2026-08-14T13:00:13+00:00,0.9995
0xe03ef83291d820246caccf8dde7f3c3c5ba99ede6499707ec39a0dbfa5fa9621,Houston,Will the highest temperature in Houston be 81°F or below on August 14?,111158787808786556713194645514958308437938534561145438512021977007770179475229,No,2026-08-14T13:47:11+00:00,0.9995
0x2c9252da68703a428a93aacfe1ae3a4958420afe999ded3a38ab1d527bc4907b,Houston,Will the highest temperature in Houston be between 82-83°F on August 14?,101637321380572566648454246578585288131105111134612361834299664151638937052716,Yes,2026-08-14T13:00:17+00:00,0.0015
0x2c9252da68703a428a93aacfe1ae3a4958420afe999ded3a38ab1d527bc4907b,Houston,Will the highest temperature in Houston be between 82-83°F on August 14?,101637321380572566648454246578585288131105111134612361834299664151638937052716,Yes,2026-08-14T13:47:12+00:00,0.0025
0x2c9252da68703a428a93aacfe1ae3a4958420afe999ded3a38ab1d527bc4907b,Houston,Will the highest temperature in Houston be between 82-83°F on August 14?,48161865815974083272892286785915892840282933090526522993744387246710470767186,No,2026-08-14T13:00:15+00:00,0.9985
0x2c9252da68703a428a93aacfe1ae3a4958420afe999ded3a38ab1d527bc4907b,Houston,Will the highest temperature in Houston be between 82-83°F on August 14?,48161865815974083272892286785915892840282933090526522993744387246710470767186,No,2026-08-14T13:47:11+00:00,0.9975
0x838ca38b0c234b981dbe11c53b187127af82b1db5615aa90af8b983bad7e33a0,Houston,Will the highest temperature in Houston be between 84-85°F on August 14?,15488006698237351685732898401699475378252409616836608549277979398113110905993,Yes,2026-08-14T13:00:17+00:00,0.004
0x838ca38b0c234b981dbe11c53b187127af82b1db5615aa90af8b983bad7e33a0,Houston,Will the highest temperature in Houston be between 84-85°F on August 14?,15488006698237351685732898401699475378252409616836608549277979398113110905993,Yes,2026-08-14T13:47:13+00:00,0.0025
0x838ca38b0c234b981dbe11c53b187127af82b1db5615aa90af8b983bad7e33a0,Houston,Will the highest temperature in Houston be between 84-85°F on August 14?,37235111768247177937255924086320729308997671573777008884072539717949232346097,No,2026-08-14T13:00:13+00:00,0.996
0x838ca38b0c234b981dbe11c53b187127af82b1db5615aa90af8b983bad7e33a0,Houston,Will the highest temperature in Houston be between 84-85°F on August 14?,37235111768247177937255924086320729308997671573777008884072539717949232346097,No,2026-08-14T13:47:11+00:00,0.9975
0x2131d75b5f7d23cbdd2a31c1cf0c40f360cfa268c99879fa572777d6b19ea716,Houston,Will the highest temperature in Houston be between 86-87°F on August 14?,78539173942764984060922893189022592061364696833492576830221696070881650333698,Yes,2026-08-14T13:00:17+00:00,0.0015
0x2131d75b5f7d23cbdd2a31c1cf0c40f360cfa268c99879fa572777d6b19ea716,Houston,Will the highest temperature in Houston be between 86-87°F on August 14?,78539173942764984060922893189022592061364696833492576830221696070881650333698,Yes,2026-08-14T13:47:13+00:00,0.0045
0x2131d75b5f7d23cbdd2a31c1cf0c40f360cfa268c99879fa572777d6b19ea716,Houston,Will the highest temperature in Houston be between 86-87°F on August 14?,99594452899436634604728616421425036628463967257933630408493844113555809203568,No,2026-08-14T13:00:15+00:00,0.9985
0x2131d75b5f7d23cbdd2a31c1cf0c40f360cfa268c99879fa572777d6b19ea716,Houston,Will the highest temperature in Houston be between 86-87°F on August 14?,99594452899436634604728616421425036628463967257933630408493844113555809203568,No,2026-08-14T13:47:12+00:00,0.9955
0x4a11a8608853932cd58bfc49df03b8d7f7d98c49d7065b37399fe5401d68a07c,Houston,Will the highest temperature in Houston be between 88-89°F on August 14?,12837788342102810065288444386729051493761523072891597043461105824163058476041,Yes,2026-08-14T13:00:17+00:00,0.0065
0x4a11a8608853932cd58bfc49df03b8d7f7d98c49d7065b37399fe5401d68a07c,Houston,Will the highest temperature in Houston be between 88-89°F on August 14?,12837788342102810065288444386729051493761523072891597043461105824163058476041,Yes,2026-08-14T13:47:13+00:00,0.0135
0x4a11a8608853932cd58bfc49df03b8d7f7d98c49d7065b37399fe5401d68a07c,Houston,Will the highest temperature in Houston be between 88-89°F on August 14?,15435265914103628591634606585611734775031686808200489332633238193616638260101,No,2026-08-14T13:00:17+00:00,0.9935
0x4a11a8608853932cd58bfc49df03b8d7f7d98c49d7065b37399fe5401d68a07c,Houston,Will the highest temperature in Houston be between 88-89°F on August 14?,15435265914103628591634606585611734775031686808200489332633238193616638260101,No,2026-08-14T13:47:13+00:00,0.9865
0x359ba4cc0e574f8e33152bacfcaf52786de4d6d062ee22b88e593e455cea9ed4,Houston,Will the highest temperature in Houston be between 90-91°F on August 14?,27237451439041276029800328578030567263278401914511084798198491950237429257608,Yes,2026-08-14T13:00:17+00:00,0.045
0x359ba4cc0e574f8e33152bacfcaf52786de4d6d062ee22b88e593e455cea9ed4,Houston,Will the highest temperature in Houston be between 90-91°F on August 14?,27237451439041276029800328578030567263278401914511084798198491950237429257608,Yes,2026-08-14T13:47:13+00:00,0.045
0x359ba4cc0e574f8e33152bacfcaf52786de4d6d062ee22b88e593e455cea9ed4,Houston,Will the highest temperature in Houston be between 90-91°F on August 14?,57509207727069701865106438874519203285979365193645388728270454546337507123524,No,2026-08-14T13:00:17+00:00,0.955
0x359ba4cc0e574f8e33152bacfcaf52786de4d6d062ee22b88e593e455cea9ed4,Houston,Will the highest temperature in Houston be between 90-91°F on August 14?,57509207727069701865106438874519203285979365193645388728270454546337507123524,No,2026-08-14T13:47:12+00:00,0.955
0x8a49d18088a8d4ea5e44a96604618dd12339c1a7667012605575fe7b6d5986cd,Houston,Will the highest temperature in Houston be between 92-93°F on August 14?,65825908583112834870318381111223272312032080956679362549448857332496342945803,Yes,2026-08-14T13:00:13+00:00,0.245
0x8a49d18088a8d4ea5e44a96604618dd12339c1a7667012605575fe7b6d5986cd,Houston,Will the highest temperature in Houston be between 92-93°F on August 14?,65825908583112834870318381111223272312032080956679362549448857332496342945803,Yes,2026-08-14T13:47:10+00:00,0.255
0x8a49d18088a8d4ea5e44a96604618dd12339c1a7667012605575fe7b6d5986cd,Houston,Will the highest temperature in Houston be between 92-93°F on August 14?,69002621539137572358230488736682883203290859349309291930560738380543225189579,No,2026-08-14T13:00:16+00:00,0.755
0x8a49d18088a8d4ea5e44a96604618dd12339c1a7667012605575fe7b6d5986cd,Houston,Will the highest temperature in Houston be between 92-93°F on August 14?,69002621539137572358230488736682883203290859349309291930560738380543225189579,No,2026-08-14T13:47:12+00:00,0.745
0x7a5d60bfbc841d82b1e8db1257dd5ef81fb41538c5be8470b0547ee4791ef5b1,Houston,Will the highest temperature in Houston be between 94-95°F on August 14?,28831326021294620747215780146562171214476556340972182937833194616743212051655,Yes,2026-08-14T13:00:17+00:00,0.655
0x7a5d60bfbc841d82b1e8db1257dd5ef81fb41538c5be8470b0547ee4791ef5b1,Houston,Will the highest temperature in Houston be between 94-95°F on August 14?,28831326021294620747215780146562171214476556340972182937833194616743212051655,Yes,2026-08-14T13:47:13+00:00,0.56
0x7a5d60bfbc841d82b1e8db1257dd5ef81fb41538c5be8470b0547ee4791ef5b1,Houston,Will the highest temperature in Houston be between 94-95°F on August 14?,22433220007398485770687147518007825170185203863682135443889026347827370705057,No,2026-08-14T13:00:13+00:00,0.345
0x7a5d60bfbc841d82b1e8db1257dd5ef81fb41538c5be8470b0547ee4791ef5b1,Houston,Will the highest temperature in Houston be between 94-95°F on August 14?,22433220007398485770687147518007825170185203863682135443889026347827370705057,No,2026-08-14T13:47:10+00:00,0.44
0x0585850f9a9f2ccc51b9b81d710344edd285dc88e027338c66c2a2b33bdf80e8,Houston,Will the highest temperature in Houston be between 96-97°F on August 14?,36089177035045371458954855522096750336881786516527680673290407780910632087869,Yes,2026-08-14T13:00:15+00:00,0.065
0x0585850f9a9f2ccc51b9b81d710344edd285dc88e027338c66c2a2b33bdf80e8,Houston,Will the highest temperature in Houston be between 96-97°F on August 14?,36089177035045371458954855522096750336881786516527680673290407780910632087869,Yes,2026-08-14T13:47:12+00:00,0.065
0x0585850f9a9f2ccc51b9b81d710344edd285dc88e027338c66c2a2b33bdf80e8,Houston,Will the highest temperature in Houston be between 96-97°F on August 14?,61331753576686616021773079654416849516409903388112834330786441089762846107721,No,2026-08-14T13:00:14+00:00,0.935
0x0585850f9a9f2ccc51b9b81d710344edd285dc88e027338c66c2a2b33bdf80e8,Houston,Will the highest temperature in Houston be between 96-97°F on August 14?,61331753576686616021773079654416849516409903388112834330786441089762846107721,No,2026-08-14T13:47:11+00:00,0.935
0x431356a95518b339f4919119c67eac9584e60399289ad6cf0a070151af01034e,Houston,Will the highest temperature in Houston be between 98-99°F on August 14?,83863027271530607190889544752135253829494546723021793324830065419921580735990,Yes,2026-08-14T13:00:14+00:00,0.025
0x431356a95518b339f4919119c67eac9584e60399289ad6cf0a070151af01034e,Houston,Will the highest temperature in Houston be between 98-99°F on August 14?,83863027271530607190889544752135253829494546723021793324830065419921580735990,Yes,2026-08-14T13:47:11+00:00,0.025
0x431356a95518b339f4919119c67eac9584e60399289ad6cf0a070151af01034e,Houston,Will the highest temperature in Houston be between 98-99°F on August 14?,44524870878191586307854524290937563062990595664820402594499101592758246713953,No,2026-08-14T13:00:15+00:00,0.975
0x431356a95518b339f4919119c67eac9584e60399289ad6cf0a070151af01034e,Houston,Will the highest temperature in Houston be between 98-99°F on August 14?,44524870878191586307854524290937563062990595664820402594499101592758246713953,No,2026-08-14T13:47:12+00:00,0.975
0xd7a852e47de78c7c19595089aaa95941898e73430dcf5f0600d45d0fc63121c6,Houston,Will the highest temperature in Houston be 100°F or higher on August 14?,33897887330647821069422175789527372225927466609946237397541195049702442102327,Yes,2026-08-14T13:00:17+00:00,0.0015
0xd7a852e47de78c7c19595089aaa95941898e73430dcf5f0600d45d0fc63121c6,Houston,Will the highest temperature in Houston be 100°F or higher on August 14?,33897887330647821069422175789527372225927466609946237397541195049702442102327,Yes,2026-08-14T13:47:13+00:00,0.0055
0xd7a852e47de78c7c19595089aaa95941898e73430dcf5f0600d45d0fc63121c6,Houston,Will the highest temperature in Houston be 100°F or higher on August 14?,67244601611795342198309482055714030215900112278497582029973532853868199351410,No,2026-08-14T13:00:15+00:00,0.9985
0xd7a852e47de78c7c19595089aaa95941898e73430dcf5f0600d45d0fc63121c6,Houston,Will the highest temperature in Houston be 100°F or higher on August 14?,67244601611795342198309482055714030215900112278497582029973532853868199351410,No,2026-08-14T13:47:12+00:00,0.9945
0xbbe52480e5629af3408cba2173c1e2accf60414b33bc35fe9177576b5faae111,Houston,Will the highest temperature in Houston be 85°F or below on August 15?,21792247222320316455348016585688091666718661689086217027546582789932437638899,Yes,2026-08-14T13:00:13+00:00,0.0025
0xbbe52480e5629af3408cba2173c1e2accf60414b33bc35fe9177576b5faae111,Houston,Will the highest temperature in Houston be 85°F or below on August 15?,21792247222320316455348016585688091666718661689086217027546582789932437638899,Yes,2026-08-14T13:47:10+00:00,0.003
0xbbe52480e5629af3408cba2173c1e2accf60414b33bc35fe9177576b5faae111,Houston,Will the highest temperature in Houston be 85°F or below on August 15?,75949419147117607431547864708906726550184863265108159852984401612168561720072,No,2026-08-14T13:00:18+00:00,0.9975
0xbbe52480e5629af3408cba2173c1e2accf60414b33bc35fe9177576b5faae111,Houston,Will the highest temperature in Houston be 85°F or below on August 15?,75949419147117607431547864708906726550184863265108159852984401612168561720072,No,2026-08-14T13:47:13+00:00,0.997
0xd564813f00eac5009b02d53745a92a81760a0217d7923cce283d9c998d7f6755,Houston,Will the highest temperature in Houston be between 86-87°F on August 15?,43049807925073594025011736031866369931990012797229918636493344551886721216198,Yes,2026-08-14T13:00:14+00:00,0.005
0xd564813f00eac5009b02d53745a92a81760a0217d7923cce283d9c998d7f6755,Houston,Will the highest temperature in Houston be between 86-87°F on August 15?,43049807925073594025011736031866369931990012797229918636493344551886721216198,Yes,2026-08-14T13:47:11+00:00,0.003
0xd564813f00eac5009b02d53745a92a81760a0217d7923cce283d9c998d7f6755,Houston,Will the highest temperature in Houston be between 86-87°F on August 15?,96094704431073330016481403794029023022295279070154282635768939242930271875882,No,2026-08-14T13:00:14+00:00,0.995
0xd564813f00eac5009b02d53745a92a81760a0217d7923cce283d9c998d7f6755,Houston,Will the highest temperature in Houston be between 86-87°F on August 15?,96094704431073330016481403794029023022295279070154282635768939242930271875882,No,2026-08-14T13:47:11+00:00,0.997
0x3052631096905cec4afb05c136e6f233e5facb17f1fd88e8e1dc37098c40e1c6,Houston,Will the highest temperature in Houston be between 88-89°F on August 15?,72437507032381737692412267101659869340324351325604348277589691203335640471254,Yes,2026-08-14T13:00:14+00:00,0.005
0x3052631096905cec4afb05c136e6f233e5facb17f1fd88e8e1dc37098c40e1c6,Houston,Will the highest temperature in Houston be between 88-89°F on August 15?,72437507032381737692412267101659869340324351325604348277589691203335640471254,Yes,2026-08-14T13:47:11+00:00,0.005
0x3052631096905cec4afb05c136e6f233e5facb17f1fd88e8e1dc37098c40e1c6,Houston,Will the highest temperature in Houston be between 88-89°F on August 15?,1894709784926408289221080087040456972044290777223838083225631029304624751631,No,2026-08-14T13:00:15+00:00,0.995
0x3052631096905cec4afb05c136e6f233e5facb17f1fd88e8e1dc37098c40e1c6,Houston,Will the highest temperature in Houston be between 88-89°F on August 15?,1894709784926408289221080087040456972044290777223838083225631029304624751631,No,2026-08-14T13:47:12+00:00,0.995
0x7e8e69b45247ef4de66cef8ba3881da1064a8bbd1d069f3d95b2031073319541,Houston,Will the highest temperature in Houston be between 90-91°F on August 15?,41320162587522606068149653624074325380892076047593086335921443756159776442009,Yes,2026-08-14T13:00:13+00:00,0.015
0x7e8e69b45247ef4de66cef8ba3881da1064a8bbd1d069f3d95b2031073319541,Houston,Will the highest temperature in Houston be between 90-91°F on August 15?,41320162587522606068149653624074325380892076047593086335921443756159776442009,Yes,2026-08-14T13:47:11+00:00,0.015
0x7e8e69b45247ef4de66cef8ba3881da1064a8bbd1d069f3d95b2031073319541,Houston,Will the highest temperature in Houston be between 90-91°F on August 15?,103690395505024364632870652604112836193113934911399486805006957350984736870603,No,2026-08-14T13:00:14+00:00,0.985
0x7e8e69b45247ef4de66cef8ba3881da1064a8bbd1d069f3d95b2031073319541,Houston,Will the highest temperature in Houston be between 90-91°F on August 15?,103690395505024364632870652604112836193113934911399486805006957350984736870603,No,2026-08-14T13:47:11+00:00,0.985
0x0152cf4233bd54231128058767a7206c7924825369e4f57511012296396af902,Houston,Will the highest temperature in Houston be between 92-93°F on August 15?,81683630114945104796933810026778392817877389339133108532289576352923761188441,Yes,2026-08-14T13:00:15+00:00,0.04
0x0152cf4233bd54231128058767a7206c7924825369e4f57511012296396af902,Houston,Will the highest temperature in Houston be between 92-93°F on August 15?,81683630114945104796933810026778392817877389339133108532289576352923761188441,Yes,2026-08-14T13:47:11+00:00,0.04
0x0152cf4233bd54231128058767a7206c7924825369e4f57511012296396af902,Houston,Will the highest temperature in Houston be between 92-93°F on August 15?,44427761966912710604620970339871992409298953880478602520140592265674414378156,No,2026-08-14T13:00:13+00:00,0.96
0x0152cf4233bd54231128058767a7206c7924825369e4f57511012296396af902,Houston,Will the highest temperature in Houston be between 92-93°F on August 15?,44427761966912710604620970339871992409298953880478602520140592265674414378156,No,2026-08-14T13:47:11+00:00,0.96
0xd2171addf5f849aa8160479c6ebd96def6df0b9a58696c65197430c2d8ed3a08,Houston,Will the highest temperature in Houston be between 94-95°F on August 15?,69285490719824938303299081847378210474836392804357009538534299739263287520688,Yes,2026-08-14T13:00:14+00:00,0.325
0xd2171addf5f849aa8160479c6ebd96def6df0b9a58696c65197430c2d8ed3a08,Houston,Will the highest temperature in Houston be between 94-95°F on August 15?,69285490719824938303299081847378210474836392804357009538534299739263287520688,Yes,2026-08-14T13:47:11+00:00,0.315
0xd2171addf5f849aa8160479c6ebd96def6df0b9a58696c65197430c2d8ed3a08,Houston,Will the highest temperature in Houston be between 94-95°F on August 15?,93030434570398115897794942659416787648125325967731719447124518099424084549882,No,2026-08-14T13:00:17+00:00,0.675
0xd2171addf5f849aa8160479c6ebd96def6df0b9a58696c65197430c2d8ed3a08,Houston,Will the highest temperature in Houston be between 94-95°F on August 15?,93030434570398115897794942659416787648125325967731719447124518099424084549882,No,2026-08-14T13:47:13+00:00,0.685
0x53fc96d38c9956e853fd8f19c48c8e38ec9cfae378588f5d840e09b71ce0b083,Houston,Will the highest temperature in Houston be between 96-97°F on August 15?,99270992836300752328939877966366149006142227363021353470305550180050966847173,Yes,2026-08-14T13:00:15+00:00,0.555
0x53fc96d38c9956e853fd8f19c48c8e38ec9cfae378588f5d840e09b71ce0b083,Houston,Will the highest temperature in Houston be between 96-97°F on August 15?,99270992836300752328939877966366149006142227363021353470305550180050966847173,Yes,2026-08-14T13:47:11+00:00,0.565
0x53fc96d38c9956e853fd8f19c48c8e38ec9cfae378588f5d840e09b71ce0b083,Houston,Will the highest temperature in Houston be between 96-97°F on August 15?,78479618278422626974959199354830075521241378844320870782058987061772523695188,No,2026-08-14T13:00:14+00:00,0.445
0x53fc96d38c9956e853fd8f19c48c8e38ec9cfae378588f5d840e09b71ce0b083,Houston,Will the highest temperature in Houston be between 96-97°F on August 15?,78479618278422626974959199354830075521241378844320870782058987061772523695188,No,2026-08-14T13:47:11+00:00,0.435
0xe0b4a6377c867a2f892d4b8350a0c468d11a810dcab6619bd1dd17645a20f2d6,Houston,Will the highest temperature in Houston be between 98-99°F on August 15?,27977338018292946940662444902912348467803007867220110150328464506724100066340,Yes,2026-08-14T13:00:17+00:00,0.085
0xe0b4a6377c867a2f892d4b8350a0c468d11a810dcab6619bd1dd17645a20f2d6,Houston,Will the highest temperature in Houston be between 98-99°F on August 15?,27977338018292946940662444902912348467803007867220110150328464506724100066340,Yes,2026-08-14T13:47:13+00:00,0.085
0xe0b4a6377c867a2f892d4b8350a0c468d11a810dcab6619bd1dd17645a20f2d6,Houston,Will the highest temperature in Houston be between 98-99°F on August 15?,15892001859657100646986515180346706843066198887789644354272927945426335419270,No,2026-08-14T13:00:17+00:00,0.915
0xe0b4a6377c867a2f892d4b8350a0c468d11a810dcab6619bd1dd17645a20f2d6,Houston,Will the highest temperature in Houston be between 98-99°F on August 15?,15892001859657100646986515180346706843066198887789644354272927945426335419270,No,2026-08-14T13:47:13+00:00,0.915
0x89cf4aa9b206a720137da34466ec72b69b0e4f6d66ce201bf252394ebe5c3a9e,Houston,Will the highest temperature in Houston be between 100-101°F on August 15?,30716988798286352312993129143806589709193025409146214824487163036113491528884,Yes,2026-08-14T13:00:16+00:00,0.025
0x89cf4aa9b206a720137da34466ec72b69b0e4f6d66ce201bf252394ebe5c3a9e,Houston,Will the highest temperature in Houston be between 100-101°F on August 15?,30716988798286352312993129143806589709193025409146214824487163036113491528884,Yes,2026-08-14T13:47:12+00:00,0.025
0x89cf4aa9b206a720137da34466ec72b69b0e4f6d66ce201bf252394ebe5c3a9e,Houston,Will the highest temperature in Houston be between 100-101°F on August 15?,18013119044405041672388559947777763440168912238944503619149735234200723283496,No,2026-08-14T13:00:17+00:00,0.975
0x89cf4aa9b206a720137da34466ec72b69b0e4f6d66ce201bf252394ebe5c3a9e,Houston,Will the highest temperature in Houston be between 100-101°F on August 15?,18013119044405041672388559947777763440168912238944503619149735234200723283496,No,2026-08-14T13:47:13+00:00,0.975
0xb96a18cd587db80c8344e4b508f4da7455ec19d3102968f0948db498e165c037,Houston,Will the highest temperature in Houston be between 102-103°F on August 15?,6613685240130534578554470367080606226806052226890418464573103849593412920500,Yes,2026-08-14T13:00:14+00:00,0.0015
0xb96a18cd587db80c8344e4b508f4da7455ec19d3102968f0948db498e165c037,Houston,Will the highest temperature in Houston be between 102-103°F on August 15?,6613685240130534578554470367080606226806052226890418464573103849593412920500,Yes,2026-08-14T13:47:11+00:00,0.0015
0xb96a18cd587db80c8344e4b508f4da7455ec19d3102968f0948db498e165c037,Houston,Will the highest temperature in Houston be between 102-103°F on August 15?,49107487298986291359963641465557459149842285386209103792729470717003821401043,No,2026-08-14T13:00:16+00:00,0.9985
0xb96a18cd587db80c8344e4b508f4da7455ec19d3102968f0948db498e165c037,Houston,Will the highest temperature in Houston be between 102-103°F on August 15?,49107487298986291359963641465557459149842285386209103792729470717003821401043,No,2026-08-14T13:47:12+00:00,0.9985
0xceb9fa6a5b0dd8c81698b0c19441f8ace8d3308c6f2beb3399eece0f64a45133,Houston,Will the highest temperature in Houston be 104°F or higher on August 15?,105543005645118994307072673960185924437532319023461923293299298243471538385450,Yes,2026-08-14T13:00:17+00:00,0.0015
0xceb9fa6a5b0dd8c81698b0c19441f8ace8d3308c6f2beb3399eece0f64a45133,Houston,Will the highest temperature in Houston be 104°F or higher on August 15?,105543005645118994307072673960185924437532319023461923293299298243471538385450,Yes,2026-08-14T13:47:12+00:00,0.0015
0xceb9fa6a5b0dd8c81698b0c19441f8ace8d3308c6f2beb3399eece0f64a45133,Houston,Will the highest temperature in Houston be 104°F or higher on August 15?,40771140627971468391051354600899336664919344343264834076131598893492692748614,No,2026-08-14T13:00:17+00:00,0.9985
0xceb9fa6a5b0dd8c81698b0c19441f8ace8d3308c6f2beb3399eece0f64a45133,Houston,Will the highest temperature in Houston be 104°F or higher on August 15?,40771140627971468391051354600899336664919344343264834076131598893492692748614,No,2026-08-14T13:47:12+00:00,0.9985
0xe03ef83291d820246caccf8dde7f3c3c5ba99ede6499707ec39a0dbfa5fa9621,Houston,Will the highest temperature in Houston be 81°F or below on August 14?,10582267533514159443552209759363396668088663561125305460123149894061025640290,Yes,2026-08-14T14:00:17+00:00,0.0005
0xe03ef83291d820246caccf8dde7f3c3c5ba99ede6499707ec39a0dbfa5fa9621,Houston,Will the highest temperature in Houston be 81°F or below on August 14?,10582267533514159443552209759363396668088663561125305460123149894061025640290,Yes,2026-08-14T15:00:19+00:00,0.0005
0xe03ef83291d820246caccf8dde7f3c3c5ba99ede6499707ec39a0dbfa5fa9621,Houston,Will the highest temperature in Houston be 81°F or below on August 14?,10582267533514159443552209759363396668088663561125305460123149894061025640290,Yes,2026-08-14T15:08:14+00:00,0.0005
0xe03ef83291d820246caccf8dde7f3c3c5ba99ede6499707ec39a0dbfa5fa9621,Houston,Will the highest temperature in Houston be 81°F or below on August 14?,111158787808786556713194645514958308437938534561145438512021977007770179475229,No,2026-08-14T14:00:13+00:00,0.9995
0xe03ef83291d820246caccf8dde7f3c3c5ba99ede6499707ec39a0dbfa5fa9621,Houston,Will the highest temperature in Houston be 81°F or below on August 14?,111158787808786556713194645514958308437938534561145438512021977007770179475229,No,2026-08-14T15:00:14+00:00,0.9995
0xe03ef83291d820246caccf8dde7f3c3c5ba99ede6499707ec39a0dbfa5fa9621,Houston,Will the highest temperature in Houston be 81°F or below on August 14?,111158787808786556713194645514958308437938534561145438512021977007770179475229,No,2026-08-14T15:12:11+00:00,0.9995
0x2c9252da68703a428a93aacfe1ae3a4958420afe999ded3a38ab1d527bc4907b,Houston,Will the highest temperature in Houston be between 82-83°F on August 14?,101637321380572566648454246578585288131105111134612361834299664151638937052716,Yes,2026-08-14T14:00:16+00:00,0.0005
0x2c9252da68703a428a93aacfe1ae3a4958420afe999ded3a38ab1d527bc4907b,Houston,Will the highest temperature in Houston be between 82-83°F on August 14?,101637321380572566648454246578585288131105111134612361834299664151638937052716,Yes,2026-08-14T15:00:18+00:00,0.0005
0x2c9252da68703a428a93aacfe1ae3a4958420afe999ded3a38ab1d527bc4907b,Houston,Will the highest temperature in Houston be between 82-83°F on August 14?,101637321380572566648454246578585288131105111134612361834299664151638937052716,Yes,2026-08-14T15:08:13+00:00,0.0005
0x2c9252da68703a428a93aacfe1ae3a4958420afe999ded3a38ab1d527bc4907b,Houston,Will the highest temperature in Houston be between 82-83°F on August 14?,48161865815974083272892286785915892840282933090526522993744387246710470767186,No,2026-08-14T14:00:14+00:00,0.9995
0x2c9252da68703a428a93aacfe1ae3a4958420afe999ded3a38ab1d527bc4907b,Houston,Will the highest temperature in Houston be between 82-83°F on August 14?,48161865815974083272892286785915892840282933090526522993744387246710470767186,No,2026-08-14T15:00:16+00:00,0.9995
0x2c9252da68703a428a93aacfe1ae3a4958420afe999ded3a38ab1d527bc4907b,Houston,Will the highest temperature in Houston be between 82-83°F on August 14?,48161865815974083272892286785915892840282933090526522993744387246710470767186,No,2026-08-14T15:12:11+00:00,0.9995
0x838ca38b0c234b981dbe11c53b187127af82b1db5615aa90af8b983bad7e33a0,Houston,Will the highest temperature in Houston be between 84-85°F on August 14?,15488006698237351685732898401699475378252409616836608549277979398113110905993,Yes,2026-08-14T14:00:17+00:00,0.0025
0x838ca38b0c234b981dbe11c53b187127af82b1db5615aa90af8b983bad7e33a0,Houston,Will the highest temperature in Houston be between 84-85°F on August 14?,15488006698237351685732898401699475378252409616836608549277979398113110905993,Yes,2026-08-14T15:00:20+00:00,0.0005
0x838ca38b0c234b981dbe11c53b187127af82b1db5615aa90af8b983bad7e33a0,Houston,Will the highest temperature in Houston be between 84-85°F on August 14?,15488006698237351685732898401699475378252409616836608549277979398113110905993,Yes,2026-08-14T15:08:14+00:00,0.0005
0x838ca38b0c234b981dbe11c53b187127af82b1db5615aa90af8b983bad7e33a0,Houston,Will the highest temperature in Houston be between 84-85°F on August 14?,37235111768247177937255924086320729308997671573777008884072539717949232346097,No,2026-08-14T14:00:13+00:00,0.9975
0x838ca38b0c234b981dbe11c53b187127af82b1db5615aa90af8b983bad7e33a0,Houston,Will the highest temperature in Houston be between 84-85°F on August 14?,37235111768247177937255924086320729308997671573777008884072539717949232346097,No,2026-08-14T15:00:14+00:00,0.9995
0x838ca38b0c234b981dbe11c53b187127af82b1db5615aa90af8b983bad7e33a0,Houston,Will the highest temperature in Houston be between 84-85°F on August 14?,37235111768247177937255924086320729308997671573777008884072539717949232346097,No,2026-08-14T15:12:11+00:00,0.9995
0x2131d75b5f7d23cbdd2a31c1cf0c40f360cfa268c99879fa572777d6b19ea716,Houston,Will the highest temperature in Houston be between 86-87°F on August 14?,78539173942764984060922893189022592061364696833492576830221696070881650333698,Yes,2026-08-14T14:00:17+00:00,0.0045
0x2131d75b5f7d23cbdd2a31c1cf0c40f360cfa268c99879fa572777d6b19ea716,Houston,Will the highest temperature in Houston be between 86-87°F on August 14?,78539173942764984060922893189022592061364696833492576830221696070881650333698,Yes,2026-08-14T15:00:20+00:00,0.0005
0x2131d75b5f7d23cbdd2a31c1cf0c40f360cfa268c99879fa572777d6b19ea716,Houston,Will the highest temperature in Houston be between 86-87°F on August 14?,78539173942764984060922893189022592061364696833492576830221696070881650333698,Yes,2026-08-14T15:08:14+00:00,0.0005
0x2131d75b5f7d23cbdd2a31c1cf0c40f360cfa268c99879fa572777d6b19ea716,Houston,Will the highest temperature in Houston be between 86-87°F on August 14?,99594452899436634604728616421425036628463967257933630408493844113555809203568,No,2026-08-14T14:00:15+00:00,0.9955
0x2131d75b5f7d23cbdd2a31c1cf0c40f360cfa268c99879fa572777d6b19ea716,Houston,Will the highest temperature in Houston be between 86-87°F on August 14?,99594452899436634604728616421425036628463967257933630408493844113555809203568,No,2026-08-14T15:00:17+00:00,0.9995
0x2131d75b5f7d23cbdd2a31c1cf0c40f360cfa268c99879fa572777d6b19ea716,Houston,Will the highest temperature in Houston be between 86-87°F on August 14?,99594452899436634604728616421425036628463967257933630408493844113555809203568,No,2026-08-14T15:12:12+00:00,0.9995
0x4a11a8608853932cd58bfc49df03b8d7f7d98c49d7065b37399fe5401d68a07c,Houston,Will the highest temperature in Houston be between 88-89°F on August 14?,12837788342102810065288444386729051493761523072891597043461105824163058476041,Yes,2026-08-14T14:00:17+00:00,0.0125
0x4a11a8608853932cd58bfc49df03b8d7f7d98c49d7065b37399fe5401d68a07c,Houston,Will the highest temperature in Houston be between 88-89°F on August 14?,12837788342102810065288444386729051493761523072891597043461105824163058476041,Yes,2026-08-14T15:00:19+00:00,0.013
0x4a11a8608853932cd58bfc49df03b8d7f7d98c49d7065b37399fe5401d68a07c,Houston,Will the highest temperature in Houston be between 88-89°F on August 14?,12837788342102810065288444386729051493761523072891597043461105824163058476041,Yes,2026-08-14T15:08:14+00:00,0.013
0x4a11a8608853932cd58bfc49df03b8d7f7d98c49d7065b37399fe5401d68a07c,Houston,Will the highest temperature in Houston be between 88-89°F on August 14?,15435265914103628591634606585611734775031686808200489332633238193616638260101,No,2026-08-14T14:00:17+00:00,0.9875
0x4a11a8608853932cd58bfc49df03b8d7f7d98c49d7065b37399fe5401d68a07c,Houston,Will the highest temperature in Houston be between 88-89°F on August 14?,15435265914103628591634606585611734775031686808200489332633238193616638260101,No,2026-08-14T15:00:19+00:00,0.987
0x4a11a8608853932cd58bfc49df03b8d7f7d98c49d7065b37399fe5401d68a07c,Houston,Will the highest temperature in Houston be between 88-89°F on August 14?,15435265914103628591634606585611734775031686808200489332633238193616638260101,No,2026-08-14T15:12:13+00:00,0.987
0x359ba4cc0e574f8e33152bacfcaf52786de4d6d062ee22b88e593e455cea9ed4,Houston,Will the highest temperature in Houston be between 90-91°F on August 14?,27237451439041276029800328578030567263278401914511084798198491950237429257608,Yes,2026-08-14T14:00:17+00:00,0.035
0x359ba4cc0e574f8e33152bacfcaf52786de4d6d062ee22b88e593e455cea9ed4,Houston,Will the highest temperature in Houston be between 90-91°F on August 14?,27237451439041276029800328578030567263278401914511084798198491950237429257608,Yes,2026-08-14T15:00:19+00:00,0.045
0x359ba4cc0e574f8e33152bacfcaf52786de4d6d062ee22b88e593e455cea9ed4,Houston,Will the highest temperature in Houston be between 90-91°F on August 14?,27237451439041276029800328578030567263278401914511084798198491950237429257608,Yes,2026-08-14T15:08:14+00:00,0.045
0x359ba4cc0e574f8e33152bacfcaf52786de4d6d062ee22b88e593e455cea9ed4,Houston,Will the highest temperature in Houston be between 90-91°F on August 14?,57509207727069701865106438874519203285979365193645388728270454546337507123524,No,2026-08-14T14:00:16+00:00,0.965
0x359ba4cc0e574f8e33152bacfcaf52786de4d6d062ee22b88e593e455cea9ed4,Houston,Will the highest temperature in Houston be between 90-91°F on August 14?,57509207727069701865106438874519203285979365193645388728270454546337507123524,No,2026-08-14T15:00:19+00:00,0.955
0x359ba4cc0e574f8e33152bacfcaf52786de4d6d062ee22b88e593e455cea9ed4,Houston,Will the highest temperature in Houston be between 90-91°F on August 14?,57509207727069701865106438874519203285979365193645388728270454546337507123524,No,2026-08-14T15:12:13+00:00,0.955
0x8a49d18088a8d4ea5e44a96604618dd12339c1a7667012605575fe7b6d5986cd,Houston,Will the highest temperature in Houston be between 92-93°F on August 14?,65825908583112834870318381111223272312032080956679362549448857332496342945803,Yes,2026-08-14T14:00:12+00:00,0.245
0x8a49d18088a8d4ea5e44a96604618dd12339c1a7667012605575fe7b6d5986cd,Houston,Will the highest temperature in Houston be between 92-93°F on August 14?,65825908583112834870318381111223272312032080956679362549448857332496342945803,Yes,2026-08-14T15:00:13+00:00,0.225
0x8a49d18088a8d4ea5e44a96604618dd12339c1a7667012605575fe7b6d5986cd,Houston,Will the highest temperature in Houston be between 92-93°F on August 14?,65825908583112834870318381111223272312032080956679362549448857332496342945803,Yes,2026-08-14T15:08:11+00:00,0.225
0x8a49d18088a8d4ea5e44a96604618dd12339c1a7667012605575fe7b6d5986cd,Houston,Will the highest temperature in Houston be between 92-93°F on August 14?,69002621539137572358230488736682883203290859349309291930560738380543225189579,No,2026-08-14T14:00:16+00:00,0.755
0x8a49d18088a8d4ea5e44a96604618dd12339c1a7667012605575fe7b6d5986cd,Houston,Will the highest temperature in Houston be between 92-93°F on August 14?,69002621539137572358230488736682883203290859349309291930560738380543225189579,No,2026-08-14T15:00:18+00:00,0.775
0x8a49d18088a8d4ea5e44a96604618dd12339c1a7667012605575fe7b6d5986cd,Houston,Will the highest temperature in Houston be between 92-93°F on August 14?,69002621539137572358230488736682883203290859349309291930560738380543225189579,No,2026-08-14T15:12:12+00:00,0.775
0x7a5d60bfbc841d82b1e8db1257dd5ef81fb41538c5be8470b0547ee4791ef5b1,Houston,Will the highest temperature in Houston be between 94-95°F on August 14?,28831326021294620747215780146562171214476556340972182937833194616743212051655,Yes,2026-08-14T14:00:17+00:00,0.56
0x7a5d60bfbc841d82b1e8db1257dd5ef81fb41538c5be8470b0547ee4791ef5b1,Houston,Will the highest temperature in Houston be between 94-95°F on August 14?,28831326021294620747215780146562171214476556340972182937833194616743212051655,Yes,2026-08-14T15:00:19+00:00,0.575
0x7a5d60bfbc841d82b1e8db1257dd5ef81fb41538c5be8470b0547ee4791ef5b1,Houston,Will the highest temperature in Houston be between 94-95°F on August 14?,28831326021294620747215780146562171214476556340972182937833194616743212051655,Yes,2026-08-14T15:08:14+00:00,0.575
0x7a5d60bfbc841d82b1e8db1257dd5ef81fb41538c5be8470b0547ee4791ef5b1,Houston,Will the highest temperature in Houston be between 94-95°F on August 14?,22433220007398485770687147518007825170185203863682135443889026347827370705057,No,2026-08-14T14:00:12+00:00,0.44
0x7a5d60bfbc841d82b1e8db1257dd5ef81fb41538c5be8470b0547ee4791ef5b1,Houston,Will the highest temperature in Houston be between 94-95°F on August 14?,22433220007398485770687147518007825170185203863682135443889026347827370705057,No,2026-08-14T15:00:13+00:00,0.425
0x7a5d60bfbc841d82b1e8db1257dd5ef81fb41538c5be8470b0547ee4791ef5b1,Houston,Will the highest temperature in Houston be between 94-95°F on August 14?,22433220007398485770687147518007825170185203863682135443889026347827370705057,No,2026-08-14T15:12:10+00:00,0.425
0x0585850f9a9f2ccc51b9b81d710344edd285dc88e027338c66c2a2b33bdf80e8,Houston,Will the highest temperature in Houston be between 96-97°F on August 14?,36089177035045371458954855522096750336881786516527680673290407780910632087869,Yes,2026-08-14T14:00:15+00:00,0.065
0x0585850f9a9f2ccc51b9b81d710344edd285dc88e027338c66c2a2b33bdf80e8,Houston,Will the highest temperature in Houston be between 96-97°F on August 14?,36089177035045371458954855522096750336881786516527680673290407780910632087869,Yes,2026-08-14T15:00:16+00:00,0.1
0x0585850f9a9f2ccc51b9b81d710344edd285dc88e027338c66c2a2b33bdf80e8,Houston,Will the highest temperature in Houston be between 96-97°F on August 14?,36089177035045371458954855522096750336881786516527680673290407780910632087869,Yes,2026-08-14T15:08:12+00:00,0.1
0x0585850f9a9f2ccc51b9b81d710344edd285dc88e027338c66c2a2b33bdf80e8,Houston,Will the highest temperature in Houston be between 96-97°F on August 14?,61331753576686616021773079654416849516409903388112834330786441089762846107721,No,2026-08-14T14:00:14+00:00,0.935
0x0585850f9a9f2ccc51b9b81d710344edd285dc88e027338c66c2a2b33bdf80e8,Houston,Will the highest temperature in Houston be between 96-97°F on August 14?,61331753576686616021773079654416849516409903388112834330786441089762846107721,No,2026-08-14T15:00:15+00:00,0.9
0x0585850f9a9f2ccc51b9b81d710344edd285dc88e027338c66c2a2b33bdf80e8,Houston,Will the highest temperature in Houston be between 96-97°F on August 14?,61331753576686616021773079654416849516409903388112834330786441089762846107721,No,2026-08-14T15:12:11+00:00,0.9
0x431356a95518b339f4919119c67eac9584e60399289ad6cf0a070151af01034e,Houston,Will the highest temperature in Houston be between 98-99°F on August 14?,83863027271530607190889544752135253829494546723021793324830065419921580735990,Yes,2026-08-14T14:00:13+00:00,0.025
0x431356a95518b339f4919119c67eac9584e60399289ad6cf0a070151af01034e,Houston,Will the highest temperature in Houston be between 98-99°F on August 14?,83863027271530607190889544752135253829494546723021793324830065419921580735990,Yes,2026-08-14T15:00:14+00:00,0.02
0x431356a95518b339f4919119c67eac9584e60399289ad6cf0a070151af01034e,Houston,Will the highest temperature in Houston be between 98-99°F on August 14?,83863027271530607190889544752135253829494546723021793324830065419921580735990,Yes,2026-08-14T15:08:11+00:00,0.02
0x431356a95518b339f4919119c67eac9584e60399289ad6cf0a070151af01034e,Houston,Will the highest temperature in Houston be between 98-99°F on August 14?,44524870878191586307854524290937563062990595664820402594499101592758246713953,No,2026-08-14T14:00:15+00:00,0.975
0x431356a95518b339f4919119c67eac9584e60399289ad6cf0a070151af01034e,Houston,Will the highest temperature in Houston be between 98-99°F on August 14?,44524870878191586307854524290937563062990595664820402594499101592758246713953,No,2026-08-14T15:00:17+00:00,0.98
0x431356a95518b339f4919119c67eac9584e60399289ad6cf0a070151af01034e,Houston,Will the highest temperature in Houston be between 98-99°F on August 14?,44524870878191586307854524290937563062990595664820402594499101592758246713953,No,2026-08-14T15:12:12+00:00,0.98
0xd7a852e47de78c7c19595089aaa95941898e73430dcf5f0600d45d0fc63121c6,Houston,Will the highest temperature in Houston be 100°F or higher on August 14?,33897887330647821069422175789527372225927466609946237397541195049702442102327,Yes,2026-08-14T14:00:17+00:00,0.005
0xd7a852e47de78c7c19595089aaa95941898e73430dcf5f0600d45d0fc63121c6,Houston,Will the highest temperature in Houston be 100°F or higher on August 14?,33897887330647821069422175789527372225927466609946237397541195049702442102327,Yes,2026-08-14T15:00:19+00:00,0.008
0xd7a852e47de78c7c19595089aaa95941898e73430dcf5f0600d45d0fc63121c6,Houston,Will the highest temperature in Houston be 100°F or higher on August 14?,33897887330647821069422175789527372225927466609946237397541195049702442102327,Yes,2026-08-14T15:08:14+00:00,0.008
0xd7a852e47de78c7c19595089aaa95941898e73430dcf5f0600d45d0fc63121c6,Houston,Will the highest temperature in Houston be 100°F or higher on August 14?,67244601611795342198309482055714030215900112278497582029973532853868199351410,No,2026-08-14T14:00:15+00:00,0.995
0xd7a852e47de78c7c19595089aaa95941898e73430dcf5f0600d45d0fc63121c6,Houston,Will the highest temperature in Houston be 100°F or higher on August 14?,67244601611795342198309482055714030215900112278497582029973532853868199351410,No,2026-08-14T15:00:17+00:00,0.992
0xd7a852e47de78c7c19595089aaa95941898e73430dcf5f0600d45d0fc63121c6,Houston,Will the highest temperature in Houston be 100°F or higher on August 14?,67244601611795342198309482055714030215900112278497582029973532853868199351410,No,2026-08-14T15:12:12+00:00,0.993
0xbbe52480e5629af3408cba2173c1e2accf60414b33bc35fe9177576b5faae111,Houston,Will the highest temperature in Houston be 85°F or below on August 15?,21792247222320316455348016585688091666718661689086217027546582789932437638899,Yes,2026-08-14T14:00:12+00:00,0.0025
0xbbe52480e5629af3408cba2173c1e2accf60414b33bc35fe9177576b5faae111,Houston,Will the highest temperature in Houston be 85°F or below on August 15?,21792247222320316455348016585688091666718661689086217027546582789932437638899,Yes,2026-08-14T15:00:13+00:00,0.0005
0xbbe52480e5629af3408cba2173c1e2accf60414b33bc35fe9177576b5faae111,Houston,Will the highest temperature in Houston be 85°F or below on August 15?,21792247222320316455348016585688091666718661689086217027546582789932437638899,Yes,2026-08-14T15:12:10+00:00,0.0005
0xbbe52480e5629af3408cba2173c1e2accf60414b33bc35fe9177576b5faae111,Houston,Will the highest temperature in Houston be 85°F or below on August 15?,75949419147117607431547864708906726550184863265108159852984401612168561720072,No,2026-08-14T14:00:18+00:00,0.9975
0xbbe52480e5629af3408cba2173c1e2accf60414b33bc35fe9177576b5faae111,Houston,Will the highest temperature in Houston be 85°F or below on August 15?,75949419147117607431547864708906726550184863265108159852984401612168561720072,No,2026-08-14T15:00:20+00:00,0.9995
0xbbe52480e5629af3408cba2173c1e2accf60414b33bc35fe9177576b5faae111,Houston,Will the highest temperature in Houston be 85°F or below on August 15?,75949419147117607431547864708906726550184863265108159852984401612168561720072,No,2026-08-14T15:12:13+00:00,0.9995
0xd564813f00eac5009b02d53745a92a81760a0217d7923cce283d9c998d7f6755,Houston,Will the highest temperature in Houston be between 86-87°F on August 15?,43049807925073594025011736031866369931990012797229918636493344551886721216198,Yes,2026-08-14T14:00:14+00:00,0.003
0xd564813f00eac5009b02d53745a92a81760a0217d7923cce283d9c998d7f6755,Houston,Will the highest temperature in Houston be between 86-87°F on August 15?,43049807925073594025011736031866369931990012797229918636493344551886721216198,Yes,2026-08-14T15:00:15+00:00,0.002
0xd564813f00eac5009b02d53745a92a81760a0217d7923cce283d9c998d7f6755,Houston,Will the highest temperature in Houston be between 86-87°F on August 15?,43049807925073594025011736031866369931990012797229918636493344551886721216198,Yes,2026-08-14T15:12:11+00:00,0.002
0xd564813f00eac5009b02d53745a92a81760a0217d7923cce283d9c998d7f6755,Houston,Will the highest temperature in Houston be between 86-87°F on August 15?,96094704431073330016481403794029023022295279070154282635768939242930271875882,No,2026-08-14T14:00:13+00:00,0.997
0xd564813f00eac5009b02d53745a92a81760a0217d7923cce283d9c998d7f6755,Houston,Will the highest temperature in Houston be between 86-87°F on August 15?,96094704431073330016481403794029023022295279070154282635768939242930271875882,No,2026-08-14T15:00:14+00:00,0.998
0xd564813f00eac5009b02d53745a92a81760a0217d7923cce283d9c998d7f6755,Houston,Will the highest temperature in Houston be between 86-87°F on August 15?,96094704431073330016481403794029023022295279070154282635768939242930271875882,No,2026-08-14T15:12:11+00:00,0.998
0x3052631096905cec4afb05c136e6f233e5facb17f1fd88e8e1dc37098c40e1c6,Houston,Will the highest temperature in Houston be between 88-89°F on August 15?,72437507032381737692412267101659869340324351325604348277589691203335640471254,Yes,2026-08-14T14:00:13+00:00,0.005
0x3052631096905cec4afb05c136e6f233e5facb17f1fd88e8e1dc37098c40e1c6,Houston,Will the highest temperature in Houston be between 88-89°F on August 15?,72437507032381737692412267101659869340324351325604348277589691203335640471254,Yes,2026-08-14T15:00:14+00:00,0.0055
0x3052631096905cec4afb05c136e6f233e5facb17f1fd88e8e1dc37098c40e1c6,Houston,Will the highest temperature in Houston be between 88-89°F on August 15?,72437507032381737692412267101659869340324351325604348277589691203335640471254,Yes,2026-08-14T15:12:11+00:00,0.0055
0x3052631096905cec4afb05c136e6f233e5facb17f1fd88e8e1dc37098c40e1c6,Houston,Will the highest temperature in Houston be between 88-89°F on August 15?,1894709784926408289221080087040456972044290777223838083225631029304624751631,No,2026-08-14T14:00:15+00:00,0.995
0x3052631096905cec4afb05c136e6f233e5facb17f1fd88e8e1dc37098c40e1c6,Houston,Will the highest temperature in Houston be between 88-89°F on August 15?,1894709784926408289221080087040456972044290777223838083225631029304624751631,No,2026-08-14T15:00:16+00:00,0.9945
0x3052631096905cec4afb05c136e6f233e5facb17f1fd88e8e1dc37098c40e1c6,Houston,Will the highest temperature in Houston be between 88-89°F on August 15?,1894709784926408289221080087040456972044290777223838083225631029304624751631,No,2026-08-14T15:12:12+00:00,0.9945
0x7e8e69b45247ef4de66cef8ba3881da1064a8bbd1d069f3d95b2031073319541,Houston,Will the highest temperature in Houston be between 90-91°F on August 15?,41320162587522606068149653624074325380892076047593086335921443756159776442009,Yes,2026-08-14T14:00:13+00:00,0.015
0x7e8e69b45247ef4de66cef8ba3881da1064a8bbd1d069f3d95b2031073319541,Houston,Will the highest temperature in Houston be between 90-91°F on August 15?,41320162587522606068149653624074325380892076047593086335921443756159776442009,Yes,2026-08-14T15:00:14+00:00,0.0135
0x7e8e69b45247ef4de66cef8ba3881da1064a8bbd1d069f3d95b2031073319541,Houston,Will the highest temperature in Houston be between 90-91°F on August 15?,41320162587522606068149653624074325380892076047593086335921443756159776442009,Yes,2026-08-14T15:12:11+00:00,0.013
0x7e8e69b45247ef4de66cef8ba3881da1064a8bbd1d069f3d95b2031073319541,Houston,Will the highest temperature in Houston be between 90-91°F on August 15?,103690395505024364632870652604112836193113934911399486805006957350984736870603,No,2026-08-14T14:00:13+00:00,0.985
0x7e8e69b45247ef4de66cef8ba3881da1064a8bbd1d069f3d95b2031073319541,Houston,Will the highest temperature in Houston be between 90-91°F on August 15?,103690395505024364632870652604112836193113934911399486805006957350984736870603,No,2026-08-14T15:00:14+00:00,0.9865
0x7e8e69b45247ef4de66cef8ba3881da1064a8bbd1d069f3d95b2031073319541,Houston,Will the highest temperature in Houston be between 90-91°F on August 15?,103690395505024364632870652604112836193113934911399486805006957350984736870603,No,2026-08-14T15:12:11+00:00,0.987
0x0152cf4233bd54231128058767a7206c7924825369e4f57511012296396af902,Houston,Will the highest temperature in Houston be between 92-93°F on August 15?,81683630114945104796933810026778392817877389339133108532289576352923761188441,Yes,2026-08-14T14:00:14+00:00,0.04
0x0152cf4233bd54231128058767a7206c7924825369e4f57511012296396af902,Houston,Will the highest temperature in Houston be between 92-93°F on August 15?,81683630114945104796933810026778392817877389339133108532289576352923761188441,Yes,2026-08-14T15:00:16+00:00,0.03
0x0152cf4233bd54231128058767a7206c7924825369e4f57511012296396af902,Houston,Will the highest temperature in Houston be between 92-93°F on August 15?,81683630114945104796933810026778392817877389339133108532289576352923761188441,Yes,2026-08-14T15:12:11+00:00,0.03
0x0152cf4233bd54231128058767a7206c7924825369e4f57511012296396af902,Houston,Will the highest temperature in Houston be between 92-93°F on August 15?,44427761966912710604620970339871992409298953880478602520140592265674414378156,No,2026-08-14T14:00:13+00:00,0.96
0x0152cf4233bd54231128058767a7206c7924825369e4f57511012296396af902,Houston,Will the highest temperature in Houston be between 92-93°F on August 15?,44427761966912710604620970339871992409298953880478602520140592265674414378156,No,2026-08-14T15:00:14+00:00,0.97
0x0152cf4233bd54231128058767a7206c7924825369e4f57511012296396af902,Houston,Will the highest temperature in Houston be between 92-93°F on August 15?,44427761966912710604620970339871992409298953880478602520140592265674414378156,No,2026-08-14T15:12:11+00:00,0.97
0xd2171addf5f849aa8160479c6ebd96def6df0b9a58696c65197430c2d8ed3a08,Houston,Will the highest temperature in Houston be between 94-95°F on August 15?,69285490719824938303299081847378210474836392804357009538534299739263287520688,Yes,2026-08-14T14:00:13+00:00,0.315
0xd2171addf5f849aa8160479c6ebd96def6df0b9a58696c65197430c2d8ed3a08,Houston,Will the highest temperature in Houston be between 94-95°F on August 15?,69285490719824938303299081847378210474836392804357009538534299739263287520688,Yes,2026-08-14T15:00:14+00:00,0.315
0xd2171addf5f849aa8160479c6ebd96def6df0b9a58696c65197430c2d8ed3a08,Houston,Will the highest temperature in Houston be between 94-95°F on August 15?,69285490719824938303299081847378210474836392804357009538534299739263287520688,Yes,2026-08-14T15:12:11+00:00,0.315
0xd2171addf5f849aa8160479c6ebd96def6df0b9a58696c65197430c2d8ed3a08,Houston,Will the highest temperature in Houston be between 94-95°F on August 15?,93030434570398115897794942659416787648125325967731719447124518099424084549882,No,2026-08-14T14:00:17+00:00,0.685
0xd2171addf5f849aa8160479c6ebd96def6df0b9a58696c65197430c2d8ed3a08,Houston,Will the highest temperature in Houston be between 94-95°F on August 15?,93030434570398115897794942659416787648125325967731719447124518099424084549882,No,2026-08-14T15:00:19+00:00,0.685
0xd2171addf5f849aa8160479c6ebd96def6df0b9a58696c65197430c2d8ed3a08,Houston,Will the highest temperature in Houston be between 94-95°F on August 15?,93030434570398115897794942659416787648125325967731719447124518099424084549882,No,2026-08-14T15:12:13+00:00,0.685
0x53fc96d38c9956e853fd8f19c48c8e38ec9cfae378588f5d840e09b71ce0b083,Houston,Will the highest temperature in Houston be between 96-97°F on August 15?,99270992836300752328939877966366149006142227363021353470305550180050966847173,Yes,2026-08-14T14:00:14+00:00,0.565
0x53fc96d38c9956e853fd8f19c48c8e38ec9cfae378588f5d840e09b71ce0b083,Houston,Will the highest temperature in Houston be between 96-97°F on August 15?,99270992836300752328939877966366149006142227363021353470305550180050966847173,Yes,2026-08-14T15:00:16+00:00,0.535
0x53fc96d38c9956e853fd8f19c48c8e38ec9cfae378588f5d840e09b71ce0b083,Houston,Will the highest temperature in Houston be between 96-97°F on August 15?,99270992836300752328939877966366149006142227363021353470305550180050966847173,Yes,2026-08-14T15:11:11+00:00,0.535
0x53fc96d38c9956e853fd8f19c48c8e38ec9cfae378588f5d840e09b71ce0b083,Houston,Will the highest temperature in Houston be between 96-97°F on August 15?,78479618278422626974959199354830075521241378844320870782058987061772523695188,No,2026-08-14T14:00:13+00:00,0.435
0x53fc96d38c9956e853fd8f19c48c8e38ec9cfae378588f5d840e09b71ce0b083,Houston,Will the highest temperature in Houston be between 96-97°F on August 15?,78479618278422626974959199354830075521241378844320870782058987061772523695188,No,2026-08-14T15:00:14+00:00,0.465
0x53fc96d38c9956e853fd8f19c48c8e38ec9cfae378588f5d840e09b71ce0b083,Houston,Will the highest temperature in Houston be between 96-97°F on August 15?,78479618278422626974959199354830075521241378844320870782058987061772523695188,No,2026-08-14T15:12:11+00:00,0.465
0xe0b4a6377c867a2f892d4b8350a0c468d11a810dcab6619bd1dd17645a20f2d6,Houston,Will the highest temperature in Houston be between 98-99°F on August 15?,27977338018292946940662444902912348467803007867220110150328464506724100066340,Yes,2026-08-14T14:00:17+00:00,0.085
0xe0b4a6377c867a2f892d4b8350a0c468d11a810dcab6619bd1dd17645a20f2d6,Houston,Will the highest temperature in Houston be between 98-99°F on August 15?,27977338018292946940662444902912348467803007867220110150328464506724100066340,Yes,2026-08-14T15:00:20+00:00,0.095
0xe0b4a6377c867a2f892d4b8350a0c468d11a810dcab6619bd1dd17645a20f2d6,Houston,Will the highest temperature in Houston be between 98-99°F on August 15?,27977338018292946940662444902912348467803007867220110150328464506724100066340,Yes,2026-08-14T15:12:13+00:00,0.095
0xe0b4a6377c867a2f892d4b8350a0c468d11a810dcab6619bd1dd17645a20f2d6,Houston,Will the highest temperature in Houston be between 98-99°F on August 15?,15892001859657100646986515180346706843066198887789644354272927945426335419270,No,2026-08-14T14:00:17+00:00,0.915
0xe0b4a6377c867a2f892d4b8350a0c468d11a810dcab6619bd1dd17645a20f2d6,Houston,Will the highest temperature in Houston be between 98-99°F on August 15?,15892001859657100646986515180346706843066198887789644354272927945426335419270,No,2026-08-14T15:00:19+00:00,0.905
0xe0b4a6377c867a2f892d4b8350a0c468d11a810dcab6619bd1dd17645a20f2d6,Houston,Will the highest temperature in Houston be between 98-99°F on August 15?,15892001859657100646986515180346706843066198887789644354272927945426335419270,No,2026-08-14T15:12:13+00:00,0.905
0x89cf4aa9b206a720137da34466ec72b69b0e4f6d66ce201bf252394ebe5c3a9e,Houston,Will the highest temperature in Houston be between 100-101°F on August 15?,30716988798286352312993129143806589709193025409146214824487163036113491528884,Yes,2026-08-14T14:00:15+00:00,0.025
0x89cf4aa9b206a720137da34466ec72b69b0e4f6d66ce201bf252394ebe5c3a9e,Houston,Will the highest temperature in Houston be between 100-101°F on August 15?,30716988798286352312993129143806589709193025409146214824487163036113491528884,Yes,2026-08-14T15:00:17+00:00,0.025
0x89cf4aa9b206a720137da34466ec72b69b0e4f6d66ce201bf252394ebe5c3a9e,Houston,Will the highest temperature in Houston be between 100-101°F on August 15?,30716988798286352312993129143806589709193025409146214824487163036113491528884,Yes,2026-08-14T15:12:12+00:00,0.025
0x89cf4aa9b206a720137da34466ec72b69b0e4f6d66ce201bf252394ebe5c3a9e,Houston,Will the highest temperature in Houston be between 100-101°F on August 15?,18013119044405041672388559947777763440168912238944503619149735234200723283496,No,2026-08-14T14:00:17+00:00,0.975
0x89cf4aa9b206a720137da34466ec72b69b0e4f6d66ce201bf252394ebe5c3a9e,Houston,Will the highest temperature in Houston be between 100-101°F on August 15?,18013119044405041672388559947777763440168912238944503619149735234200723283496,No,2026-08-14T15:00:19+00:00,0.975
0x89cf4aa9b206a720137da34466ec72b69b0e4f6d66ce201bf252394ebe5c3a9e,Houston,Will the highest temperature in Houston be between 100-101°F on August 15?,18013119044405041672388559947777763440168912238944503619149735234200723283496,No,2026-08-14T15:12:13+00:00,0.975
0xb96a18cd587db80c8344e4b508f4da7455ec19d3102968f0948db498e165c037,Houston,Will the highest temperature in Houston be between 102-103°F on August 15?,6613685240130534578554470367080606226806052226890418464573103849593412920500,Yes,2026-08-14T14:00:14+00:00,0.0015
0xb96a18cd587db80c8344e4b508f4da7455ec19d3102968f0948db498e165c037,Houston,Will the highest temperature in Houston be between 102-103°F on August 15?,6613685240130534578554470367080606226806052226890418464573103849593412920500,Yes,2026-08-14T15:00:15+00:00,0.0015
0xb96a18cd587db80c8344e4b508f4da7455ec19d3102968f0948db498e165c037,Houston,Will the highest temperature in Houston be between 102-103°F on August 15?,6613685240130534578554470367080606226806052226890418464573103849593412920500,Yes,2026-08-14T15:12:11+00:00,0.0015
0xb96a18cd587db80c8344e4b508f4da7455ec19d3102968f0948db498e165c037,Houston,Will the highest temperature in Houston be between 102-103°F on August 15?,49107487298986291359963641465557459149842285386209103792729470717003821401043,No,2026-08-14T14:00:15+00:00,0.9985
0xb96a18cd587db80c8344e4b508f4da7455ec19d3102968f0948db498e165c037,Houston,Will the highest temperature in Houston be between 102-103°F on August 15?,49107487298986291359963641465557459149842285386209103792729470717003821401043,No,2026-08-14T15:00:17+00:00,0.9985
0xb96a18cd587db80c8344e4b508f4da7455ec19d3102968f0948db498e165c037,Houston,Will the highest temperature in Houston be between 102-103°F on August 15?,49107487298986291359963641465557459149842285386209103792729470717003821401043,No,2026-08-14T15:12:12+00:00,0.9985
0xceb9fa6a5b0dd8c81698b0c19441f8ace8d3308c6f2beb3399eece0f64a45133,Houston,Will the highest temperature in Houston be 104°F or higher on August 15?,105543005645118994307072673960185924437532319023461923293299298243471538385450,Yes,2026-08-14T14:00:17+00:00,0.0015
0xceb9fa6a5b0dd8c81698b0c19441f8ace8d3308c6f2beb3399eece0f64a45133,Houston,Will the highest temperature in Houston be 104°F or higher on August 15?,105543005645118994307072673960185924437532319023461923293299298243471538385450,Yes,2026-08-14T15:00:19+00:00,0.0015
0xceb9fa6a5b0dd8c81698b0c19441f8ace8d3308c6f2beb3399eece0f64a45133,Houston,Will the highest temperature in Houston be 104°F or higher on August 15?,105543005645118994307072673960185924437532319023461923293299298243471538385450,Yes,2026-08-14T15:12:13+00:00,0.0015
0xceb9fa6a5b0dd8c81698b0c19441f8ace8d3308c6f2beb3399eece0f64a45133,Houston,Will the highest temperature in Houston be 104°F or higher on August 15?,40771140627971468391051354600899336664919344343264834076131598893492692748614,No,2026-08-14T14:00:16+00:00,0.9985
0xceb9fa6a5b0dd8c81698b0c19441f8ace8d3308c6f2beb3399eece0f64a45133,Houston,Will the highest temperature in Houston be 104°F or higher on August 15?,40771140627971468391051354600899336664919344343264834076131598893492692748614,No,2026-08-14T15:00:18+00:00,0.9985
0xceb9fa6a5b0dd8c81698b0c19441f8ace8d3308c6f2beb3399eece0f64a45133,Houston,Will the highest temperature in Houston be 104°F or higher on August 15?,40771140627971468391051354600899336664919344343264834076131598893492692748614,No,2026-08-14T15:12:13+00:00,0.9985
0xe03ef83291d820246caccf8dde7f3c3c5ba99ede6499707ec39a0dbfa5fa9621,Houston,Will the highest temperature in Houston be 81°F or below on August 14?,10582267533514159443552209759363396668088663561125305460123149894061025640290,Yes,2026-08-14T16:00:13+00:00,0.0005
0xe03ef83291d820246caccf8dde7f3c3c5ba99ede6499707ec39a0dbfa5fa9621,Houston,Will the highest temperature in Houston be 81°F or below on August 14?,10582267533514159443552209759363396668088663561125305460123149894061025640290,Yes,2026-08-14T16:09:13+00:00,0.0005
0xe03ef83291d820246caccf8dde7f3c3c5ba99ede6499707ec39a0dbfa5fa9621,Houston,Will the highest temperature in Houston be 81°F or below on August 14?,111158787808786556713194645514958308437938534561145438512021977007770179475229,No,2026-08-14T16:00:08+00:00,0.9995
0xe03ef83291d820246caccf8dde7f3c3c5ba99ede6499707ec39a0dbfa5fa9621,Houston,Will the highest temperature in Houston be 81°F or below on August 14?,111158787808786556713194645514958308437938534561145438512021977007770179475229,No,2026-08-14T16:10:12+00:00,0.9995
0x2c9252da68703a428a93aacfe1ae3a4958420afe999ded3a38ab1d527bc4907b,Houston,Will the highest temperature in Houston be between 82-83°F on August 14?,101637321380572566648454246578585288131105111134612361834299664151638937052716,Yes,2026-08-14T16:00:12+00:00,0.0005
0x2c9252da68703a428a93aacfe1ae3a4958420afe999ded3a38ab1d527bc4907b,Houston,Will the highest temperature in Houston be between 82-83°F on August 14?,101637321380572566648454246578585288131105111134612361834299664151638937052716,Yes,2026-08-14T16:09:12+00:00,0.0005
0x2c9252da68703a428a93aacfe1ae3a4958420afe999ded3a38ab1d527bc4907b,Houston,Will the highest temperature in Houston be between 82-83°F on August 14?,48161865815974083272892286785915892840282933090526522993744387246710470767186,No,2026-08-14T16:00:10+00:00,0.9995
0x2c9252da68703a428a93aacfe1ae3a4958420afe999ded3a38ab1d527bc4907b,Houston,Will the highest temperature in Houston be between 82-83°F on August 14?,48161865815974083272892286785915892840282933090526522993744387246710470767186,No,2026-08-14T16:10:16+00:00,0.9995
0x838ca38b0c234b981dbe11c53b187127af82b1db5615aa90af8b983bad7e33a0,Houston,Will the highest temperature in Houston be between 84-85°F on August 14?,15488006698237351685732898401699475378252409616836608549277979398113110905993,Yes,2026-08-14T16:00:13+00:00,0.0005
0x838ca38b0c234b981dbe11c53b187127af82b1db5615aa90af8b983bad7e33a0,Houston,Will the highest temperature in Houston be between 84-85°F on August 14?,15488006698237351685732898401699475378252409616836608549277979398113110905993,Yes,2026-08-14T16:09:13+00:00,0.0005
0x838ca38b0c234b981dbe11c53b187127af82b1db5615aa90af8b983bad7e33a0,Houston,Will the highest temperature in Houston be between 84-85°F on August 14?,37235111768247177937255924086320729308997671573777008884072539717949232346097,No,2026-08-14T16:00:08+00:00,0.9995
0x838ca38b0c234b981dbe11c53b187127af82b1db5615aa90af8b983bad7e33a0,Houston,Will the highest temperature in Houston be between 84-85°F on August 14?,37235111768247177937255924086320729308997671573777008884072539717949232346097,No,2026-08-14T16:10:12+00:00,0.9995
0x2131d75b5f7d23cbdd2a31c1cf0c40f360cfa268c99879fa572777d6b19ea716,Houston,Will the highest temperature in Houston be between 86-87°F on August 14?,78539173942764984060922893189022592061364696833492576830221696070881650333698,Yes,2026-08-14T16:00:13+00:00,0.0005
0x2131d75b5f7d23cbdd2a31c1cf0c40f360cfa268c99879fa572777d6b19ea716,Houston,Will the highest temperature in Houston be between 86-87°F on August 14?,78539173942764984060922893189022592061364696833492576830221696070881650333698,Yes,2026-08-14T16:09:13+00:00,0.0005
0x2131d75b5f7d23cbdd2a31c1cf0c40f360cfa268c99879fa572777d6b19ea716,Houston,Will the highest temperature in Houston be between 86-87°F on August 14?,99594452899436634604728616421425036628463967257933630408493844113555809203568,No,2026-08-14T16:00:11+00:00,0.9995
0x2131d75b5f7d23cbdd2a31c1cf0c40f360cfa268c99879fa572777d6b19ea716,Houston,Will the highest temperature in Houston be between 86-87°F on August 14?,99594452899436634604728616421425036628463967257933630408493844113555809203568,No,2026-08-14T16:10:19+00:00,0.9995
0x4a11a8608853932cd58bfc49df03b8d7f7d98c49d7065b37399fe5401d68a07c,Houston,Will the highest temperature in Houston be between 88-89°F on August 14?,12837788342102810065288444386729051493761523072891597043461105824163058476041,Yes,2026-08-14T16:00:13+00:00,0.0005
0x4a11a8608853932cd58bfc49df03b8d7f7d98c49d7065b37399fe5401d68a07c,Houston,Will the highest temperature in Houston be between 88-89°F on August 14?,12837788342102810065288444386729051493761523072891597043461105824163058476041,Yes,2026-08-14T16:09:13+00:00,0.0005
0x4a11a8608853932cd58bfc49df03b8d7f7d98c49d7065b37399fe5401d68a07c,Houston,Will the highest temperature in Houston be between 88-89°F on August 14?,15435265914103628591634606585611734775031686808200489332633238193616638260101,No,2026-08-14T16:00:13+00:00,0.9995
0x4a11a8608853932cd58bfc49df03b8d7f7d98c49d7065b37399fe5401d68a07c,Houston,Will the highest temperature in Houston be between 88-89°F on August 14?,15435265914103628591634606585611734775031686808200489332633238193616638260101,No,2026-08-14T16:10:26+00:00,0.9995
0x359ba4cc0e574f8e33152bacfcaf52786de4d6d062ee22b88e593e455cea9ed4,Houston,Will the highest temperature in Houston be between 90-91°F on August 14?,27237451439041276029800328578030567263278401914511084798198491950237429257608,Yes,2026-08-14T16:00:13+00:00,0.04
0x359ba4cc0e574f8e33152bacfcaf52786de4d6d062ee22b88e593e455cea9ed4,Houston,Will the highest temperature in Houston be between 90-91°F on August 14?,27237451439041276029800328578030567263278401914511084798198491950237429257608,Yes,2026-08-14T16:09:13+00:00,0.055
0x359ba4cc0e574f8e33152bacfcaf52786de4d6d062ee22b88e593e455cea9ed4,Houston,Will the highest temperature in Houston be between 90-91°F on August 14?,57509207727069701865106438874519203285979365193645388728270454546337507123524,No,2026-08-14T16:00:12+00:00,0.96
0x359ba4cc0e574f8e33152bacfcaf52786de4d6d062ee22b88e593e455cea9ed4,Houston,Will the highest temperature in Houston be between 90-91°F on August 14?,57509207727069701865106438874519203285979365193645388728270454546337507123524,No,2026-08-14T16:10:25+00:00,0.945
0x8a49d18088a8d4ea5e44a96604618dd12339c1a7667012605575fe7b6d5986cd,Houston,Will the highest temperature in Houston be between 92-93°F on August 14?,65825908583112834870318381111223272312032080956679362549448857332496342945803,Yes,2026-08-14T16:00:07+00:00,0.145
0x8a49d18088a8d4ea5e44a96604618dd12339c1a7667012605575fe7b6d5986cd,Houston,Will the highest temperature in Houston be between 92-93°F on August 14?,65825908583112834870318381111223272312032080956679362549448857332496342945803,Yes,2026-08-14T16:09:10+00:00,0.16
0x8a49d18088a8d4ea5e44a96604618dd12339c1a7667012605575fe7b6d5986cd,Houston,Will the highest temperature in Houston be between 92-93°F on August 14?,69002621539137572358230488736682883203290859349309291930560738380543225189579,No,2026-08-14T16:00:12+00:00,0.855
0x8a49d18088a8d4ea5e44a96604618dd12339c1a7667012605575fe7b6d5986cd,Houston,Will the highest temperature in Houston be between 92-93°F on August 14?,69002621539137572358230488736682883203290859349309291930560738380543225189579,No,2026-08-14T16:10:22+00:00,0.825
0x7a5d60bfbc841d82b1e8db1257dd5ef81fb41538c5be8470b0547ee4791ef5b1,Houston,Will the highest temperature in Houston be between 94-95°F on August 14?,28831326021294620747215780146562171214476556340972182937833194616743212051655,Yes,2026-08-14T16:00:13+00:00,0.62
0x7a5d60bfbc841d82b1e8db1257dd5ef81fb41538c5be8470b0547ee4791ef5b1,Houston,Will the highest temperature in Houston be between 94-95°F on August 14?,28831326021294620747215780146562171214476556340972182937833194616743212051655,Yes,2026-08-14T16:09:13+00:00,0.675
0x7a5d60bfbc841d82b1e8db1257dd5ef81fb41538c5be8470b0547ee4791ef5b1,Houston,Will the highest temperature in Houston be between 94-95°F on August 14?,22433220007398485770687147518007825170185203863682135443889026347827370705057,No,2026-08-14T16:00:07+00:00,0.38
0x7a5d60bfbc841d82b1e8db1257dd5ef81fb41538c5be8470b0547ee4791ef5b1,Houston,Will the highest temperature in Houston be between 94-95°F on August 14?,22433220007398485770687147518007825170185203863682135443889026347827370705057,No,2026-08-14T16:10:10+00:00,0.33
0x0585850f9a9f2ccc51b9b81d710344edd285dc88e027338c66c2a2b33bdf80e8,Houston,Will the highest temperature in Houston be between 96-97°F on August 14?,36089177035045371458954855522096750336881786516527680673290407780910632087869,Yes,2026-08-14T16:00:10+00:00,0.09
0x0585850f9a9f2ccc51b9b81d710344edd285dc88e027338c66c2a2b33bdf80e8,Houston,Will the highest temperature in Houston be between 96-97°F on August 14?,36089177035045371458954855522096750336881786516527680673290407780910632087869,Yes,2026-08-14T16:09:12+00:00,0.075
0x0585850f9a9f2ccc51b9b81d710344edd285dc88e027338c66c2a2b33bdf80e8,Houston,Will the highest temperature in Houston be between 96-97°F on August 14?,61331753576686616021773079654416849516409903388112834330786441089762846107721,No,2026-08-14T16:00:09+00:00,0.91
0x0585850f9a9f2ccc51b9b81d710344edd285dc88e027338c66c2a2b33bdf80e8,Houston,Will the highest temperature in Houston be between 96-97°F on August 14?,61331753576686616021773079654416849516409903388112834330786441089762846107721,No,2026-08-14T16:10:15+00:00,0.925
0x431356a95518b339f4919119c67eac9584e60399289ad6cf0a070151af01034e,Houston,Will the highest temperature in Houston be between 98-99°F on August 14?,83863027271530607190889544752135253829494546723021793324830065419921580735990,Yes,2026-08-14T16:00:09+00:00,0.025
0x431356a95518b339f4919119c67eac9584e60399289ad6cf0a070151af01034e,Houston,Will the highest temperature in Houston be between 98-99°F on August 14?,83863027271530607190889544752135253829494546723021793324830065419921580735990,Yes,2026-08-14T16:09:11+00:00,0.02
0x431356a95518b339f4919119c67eac9584e60399289ad6cf0a070151af01034e,Houston,Will the highest temperature in Houston be between 98-99°F on August 14?,44524870878191586307854524290937563062990595664820402594499101592758246713953,No,2026-08-14T16:00:11+00:00,0.975
0x431356a95518b339f4919119c67eac9584e60399289ad6cf0a070151af01034e,Houston,Will the highest temperature in Houston be between 98-99°F on August 14?,44524870878191586307854524290937563062990595664820402594499101592758246713953,No,2026-08-14T16:10:19+00:00,0.98
0xd7a852e47de78c7c19595089aaa95941898e73430dcf5f0600d45d0fc63121c6,Houston,Will the highest temperature in Houston be 100°F or higher on August 14?,33897887330647821069422175789527372225927466609946237397541195049702442102327,Yes,2026-08-14T16:00:13+00:00,0.0065
0xd7a852e47de78c7c19595089aaa95941898e73430dcf5f0600d45d0fc63121c6,Houston,Will the highest temperature in Houston be 100°F or higher on August 14?,33897887330647821069422175789527372225927466609946237397541195049702442102327,Yes,2026-08-14T16:09:13+00:00,0.0065
0xd7a852e47de78c7c19595089aaa95941898e73430dcf5f0600d45d0fc63121c6,Houston,Will the highest temperature in Houston be 100°F or higher on August 14?,67244601611795342198309482055714030215900112278497582029973532853868199351410,No,2026-08-14T16:00:11+00:00,0.9935
0xd7a852e47de78c7c19595089aaa95941898e73430dcf5f0600d45d0fc63121c6,Houston,Will the highest temperature in Houston be 100°F or higher on August 14?,67244601611795342198309482055714030215900112278497582029973532853868199351410,No,2026-08-14T16:10:19+00:00,0.9935
0xbbe52480e5629af3408cba2173c1e2accf60414b33bc35fe9177576b5faae111,Houston,Will the highest temperature in Houston be 85°F or below on August 15?,21792247222320316455348016585688091666718661689086217027546582789932437638899,Yes,2026-08-14T16:00:07+00:00,0.0005
0xbbe52480e5629af3408cba2173c1e2accf60414b33bc35fe9177576b5faae111,Houston,Will the highest temperature in Houston be 85°F or below on August 15?,21792247222320316455348016585688091666718661689086217027546582789932437638899,Yes,2026-08-14T16:10:10+00:00,0.0005
0xbbe52480e5629af3408cba2173c1e2accf60414b33bc35fe9177576b5faae111,Houston,Will the highest temperature in Houston be 85°F or below on August 15?,75949419147117607431547864708906726550184863265108159852984401612168561720072,No,2026-08-14T16:00:14+00:00,0.9995
0xbbe52480e5629af3408cba2173c1e2accf60414b33bc35fe9177576b5faae111,Houston,Will the highest temperature in Houston be 85°F or below on August 15?,75949419147117607431547864708906726550184863265108159852984401612168561720072,No,2026-08-14T16:10:28+00:00,0.9995
0xd564813f00eac5009b02d53745a92a81760a0217d7923cce283d9c998d7f6755,Houston,Will the highest temperature in Houston be between 86-87°F on August 15?,43049807925073594025011736031866369931990012797229918636493344551886721216198,Yes,2026-08-14T16:00:09+00:00,0.002
0xd564813f00eac5009b02d53745a92a81760a0217d7923cce283d9c998d7f6755,Houston,Will the highest temperature in Houston be between 86-87°F on August 15?,43049807925073594025011736031866369931990012797229918636493344551886721216198,Yes,2026-08-14T16:10:15+00:00,0.002
0xd564813f00eac5009b02d53745a92a81760a0217d7923cce283d9c998d7f6755,Houston,Will the highest temperature in Houston be between 86-87°F on August 15?,96094704431073330016481403794029023022295279070154282635768939242930271875882,No,2026-08-14T16:00:09+00:00,0.998
0xd564813f00eac5009b02d53745a92a81760a0217d7923cce283d9c998d7f6755,Houston,Will the highest temperature in Houston be between 86-87°F on August 15?,96094704431073330016481403794029023022295279070154282635768939242930271875882,No,2026-08-14T16:10:13+00:00,0.998
0x3052631096905cec4afb05c136e6f233e5facb17f1fd88e8e1dc37098c40e1c6,Houston,Will the highest temperature in Houston be between 88-89°F on August 15?,72437507032381737692412267101659869340324351325604348277589691203335640471254,Yes,2026-08-14T16:00:09+00:00,0.0055
0x3052631096905cec4afb05c136e6f233e5facb17f1fd88e8e1dc37098c40e1c6,Houston,Will the highest temperature in Houston be between 88-89°F on August 15?,72437507032381737692412267101659869340324351325604348277589691203335640471254,Yes,2026-08-14T16:10:13+00:00,0.0055
0x3052631096905cec4afb05c136e6f233e5facb17f1fd88e8e1dc37098c40e1c6,Houston,Will the highest temperature in Houston be between 88-89°F on August 15?,1894709784926408289221080087040456972044290777223838083225631029304624751631,No,2026-08-14T16:00:10+00:00,0.9945
0x3052631096905cec4afb05c136e6f233e5facb17f1fd88e8e1dc37098c40e1c6,Houston,Will the highest temperature in Houston be between 88-89°F on August 15?,1894709784926408289221080087040456972044290777223838083225631029304624751631,No,2026-08-14T16:10:18+00:00,0.9945
0x7e8e69b45247ef4de66cef8ba3881da1064a8bbd1d069f3d95b2031073319541,Houston,Will the highest temperature in Houston be between 90-91°F on August 15?,41320162587522606068149653624074325380892076047593086335921443756159776442009,Yes,2026-08-14T16:00:08+00:00,0.013
0x7e8e69b45247ef4de66cef8ba3881da1064a8bbd1d069f3d95b2031073319541,Houston,Will the highest temperature in Houston be between 90-91°F on August 15?,41320162587522606068149653624074325380892076047593086335921443756159776442009,Yes,2026-08-14T16:10:12+00:00,0.013
0x7e8e69b45247ef4de66cef8ba3881da1064a8bbd1d069f3d95b2031073319541,Houston,Will the highest temperature in Houston be between 90-91°F on August 15?,103690395505024364632870652604112836193113934911399486805006957350984736870603,No,2026-08-14T16:00:09+00:00,0.987
0x7e8e69b45247ef4de66cef8ba3881da1064a8bbd1d069f3d95b2031073319541,Houston,Will the highest temperature in Houston be between 90-91°F on August 15?,103690395505024364632870652604112836193113934911399486805006957350984736870603,No,2026-08-14T16:10:13+00:00,0.987
0x0152cf4233bd54231128058767a7206c7924825369e4f57511012296396af902,Houston,Will the highest temperature in Houston be between 92-93°F on August 15?,81683630114945104796933810026778392817877389339133108532289576352923761188441,Yes,2026-08-14T16:00:10+00:00,0.03
0x0152cf4233bd54231128058767a7206c7924825369e4f57511012296396af902,Houston,Will the highest temperature in Houston be between 92-93°F on August 15?,81683630114945104796933810026778392817877389339133108532289576352923761188441,Yes,2026-08-14T16:10:18+00:00,0.03
0x0152cf4233bd54231128058767a7206c7924825369e4f57511012296396af902,Houston,Will the highest temperature in Houston be between 92-93°F on August 15?,44427761966912710604620970339871992409298953880478602520140592265674414378156,No,2026-08-14T16:00:08+00:00,0.97
0x0152cf4233bd54231128058767a7206c7924825369e4f57511012296396af902,Houston,Will the highest temperature in Houston be between 92-93°F on August 15?,44427761966912710604620970339871992409298953880478602520140592265674414378156,No,2026-08-14T16:10:12+00:00,0.97
0xd2171addf5f849aa8160479c6ebd96def6df0b9a58696c65197430c2d8ed3a08,Houston,Will the highest temperature in Houston be between 94-95°F on August 15?,69285490719824938303299081847378210474836392804357009538534299739263287520688,Yes,2026-08-14T16:00:09+00:00,0.325
0xd2171addf5f849aa8160479c6ebd96def6df0b9a58696c65197430c2d8ed3a08,Houston,Will the highest temperature in Houston be between 94-95°F on August 15?,69285490719824938303299081847378210474836392804357009538534299739263287520688,Yes,2026-08-14T16:10:13+00:00,0.325
0xd2171addf5f849aa8160479c6ebd96def6df0b9a58696c65197430c2d8ed3a08,Houston,Will the highest temperature in Houston be between 94-95°F on August 15?,93030434570398115897794942659416787648125325967731719447124518099424084549882,No,2026-08-14T16:00:13+00:00,0.675
0xd2171addf5f849aa8160479c6ebd96def6df0b9a58696c65197430c2d8ed3a08,Houston,Will the highest temperature in Houston be between 94-95°F on August 15?,93030434570398115897794942659416787648125325967731719447124518099424084549882,No,2026-08-14T16:10:25+00:00,0.675
0x53fc96d38c9956e853fd8f19c48c8e38ec9cfae378588f5d840e09b71ce0b083,Houston,Will the highest temperature in Houston be between 96-97°F on August 15?,99270992836300752328939877966366149006142227363021353470305550180050966847173,Yes,2026-08-14T16:00:10+00:00,0.485
0x53fc96d38c9956e853fd8f19c48c8e38ec9cfae378588f5d840e09b71ce0b083,Houston,Will the highest temperature in Houston be between 96-97°F on August 15?,99270992836300752328939877966366149006142227363021353470305550180050966847173,Yes,2026-08-14T16:10:16+00:00,0.485
0x53fc96d38c9956e853fd8f19c48c8e38ec9cfae378588f5d840e09b71ce0b083,Houston,Will the highest temperature in Houston be between 96-97°F on August 15?,78479618278422626974959199354830075521241378844320870782058987061772523695188,No,2026-08-14T16:00:09+00:00,0.515
0x53fc96d38c9956e853fd8f19c48c8e38ec9cfae378588f5d840e09b71ce0b083,Houston,Will the highest temperature in Houston be between 96-97°F on August 15?,78479618278422626974959199354830075521241378844320870782058987061772523695188,No,2026-08-14T16:10:13+00:00,0.515
0xe0b4a6377c867a2f892d4b8350a0c468d11a810dcab6619bd1dd17645a20f2d6,Houston,Will the highest temperature in Houston be between 98-99°F on August 15?,27977338018292946940662444902912348467803007867220110150328464506724100066340,Yes,2026-08-14T16:00:13+00:00,0.125
0xe0b4a6377c867a2f892d4b8350a0c468d11a810dcab6619bd1dd17645a20f2d6,Houston,Will the highest temperature in Houston be between 98-99°F on August 15?,27977338018292946940662444902912348467803007867220110150328464506724100066340,Yes,2026-08-14T16:10:27+00:00,0.155
0xe0b4a6377c867a2f892d4b8350a0c468d11a810dcab6619bd1dd17645a20f2d6,Houston,Will the highest temperature in Houston be between 98-99°F on August 15?,15892001859657100646986515180346706843066198887789644354272927945426335419270,No,2026-08-14T16:00:13+00:00,0.875
0xe0b4a6377c867a2f892d4b8350a0c468d11a810dcab6619bd1dd17645a20f2d6,Houston,Will the highest temperature in Houston be between 98-99°F on August 15?,15892001859657100646986515180346706843066198887789644354272927945426335419270,No,2026-08-14T16:10:27+00:00,0.845
0x89cf4aa9b206a720137da34466ec72b69b0e4f6d66ce201bf252394ebe5c3a9e,Houston,Will the highest temperature in Houston be between 100-101°F on August 15?,30716988798286352312993129143806589709193025409146214824487163036113491528884,Yes,2026-08-14T16:00:11+00:00,0.035
0x89cf4aa9b206a720137da34466ec72b69b0e4f6d66ce201bf252394ebe5c3a9e,Houston,Will the highest temperature in Houston be between 100-101°F on August 15?,30716988798286352312993129143806589709193025409146214824487163036113491528884,Yes,2026-08-14T16:10:21+00:00,0.03
0x89cf4aa9b206a720137da34466ec72b69b0e4f6d66ce201bf252394ebe5c3a9e,Houston,Will the highest temperature in Houston be between 100-101°F on August 15?,18013119044405041672388559947777763440168912238944503619149735234200723283496,No,2026-08-14T16:00:13+00:00,0.965
0x89cf4aa9b206a720137da34466ec72b69b0e4f6d66ce201bf252394ebe5c3a9e,Houston,Will the highest temperature in Houston be between 100-101°F on August 15?,18013119044405041672388559947777763440168912238944503619149735234200723283496,No,2026-08-14T16:10:27+00:00,0.97
0xb96a18cd587db80c8344e4b508f4da7455ec19d3102968f0948db498e165c037,Houston,Will the highest temperature in Houston be between 102-103°F on August 15?,6613685240130534578554470367080606226806052226890418464573103849593412920500,Yes,2026-08-14T16:00:10+00:00,0.0015
0xb96a18cd587db80c8344e4b508f4da7455ec19d3102968f0948db498e165c037,Houston,Will the highest temperature in Houston be between 102-103°F on August 15?,6613685240130534578554470367080606226806052226890418464573103849593412920500,Yes,2026-08-14T16:10:16+00:00,0.0015
0xb96a18cd587db80c8344e4b508f4da7455ec19d3102968f0948db498e165c037,Houston,Will the highest temperature in Houston be between 102-103°F on August 15?,49107487298986291359963641465557459149842285386209103792729470717003821401043,No,2026-08-14T16:00:11+00:00,0.9985
0xb96a18cd587db80c8344e4b508f4da7455ec19d3102968f0948db498e165c037,Houston,Will the highest temperature in Houston be between 102-103°F on August 15?,49107487298986291359963641465557459149842285386209103792729470717003821401043,No,2026-08-14T16:10:21+00:00,0.9985
0xceb9fa6a5b0dd8c81698b0c19441f8ace8d3308c6f2beb3399eece0f64a45133,Houston,Will the highest temperature in Houston be 104°F or higher on August 15?,105543005645118994307072673960185924437532319023461923293299298243471538385450,Yes,2026-08-14T16:00:12+00:00,0.0015
0xceb9fa6a5b0dd8c81698b0c19441f8ace8d3308c6f2beb3399eece0f64a45133,Houston,Will the highest temperature in Houston be 104°F or higher on August 15?,105543005645118994307072673960185924437532319023461923293299298243471538385450,Yes,2026-08-14T16:10:25+00:00,0.0015
0xceb9fa6a5b0dd8c81698b0c19441f8ace8d3308c6f2beb3399eece0f64a45133,Houston,Will the highest temperature in Houston be 104°F or higher on August 15?,40771140627971468391051354600899336664919344343264834076131598893492692748614,No,2026-08-14T16:00:12+00:00,0.9985
0xceb9fa6a5b0dd8c81698b0c19441f8ace8d3308c6f2beb3399eece0f64a45133,Houston,Will the highest temperature in Houston be 104°F or higher on August 15?,40771140627971468391051354600899336664919344343264834076131598893492692748614,No,2026-08-14T16:10:24+00:00,0.9985
0xe03ef83291d820246caccf8dde7f3c3c5ba99ede6499707ec39a0dbfa5fa9621,Houston,Will the highest temperature in Houston be 81°F or below on August 14?,10582267533514159443552209759363396668088663561125305460123149894061025640290,Yes,2026-08-14T17:00:24+00:00,0.0005
0xe03ef83291d820246caccf8dde7f3c3c5ba99ede6499707ec39a0dbfa5fa9621,Houston,Will the highest temperature in Houston be 81°F or below on August 14?,10582267533514159443552209759363396668088663561125305460123149894061025640290,Yes,2026-08-14T17:16:10+00:00,0.0005
0xe03ef83291d820246caccf8dde7f3c3c5ba99ede6499707ec39a0dbfa5fa9621,Houston,Will the highest temperature in Houston be 81°F or below on August 14?,111158787808786556713194645514958308437938534561145438512021977007770179475229,No,2026-08-14T17:00:20+00:00,0.9995
0xe03ef83291d820246caccf8dde7f3c3c5ba99ede6499707ec39a0dbfa5fa9621,Houston,Will the highest temperature in Houston be 81°F or below on August 14?,111158787808786556713194645514958308437938534561145438512021977007770179475229,No,2026-08-14T17:16:08+00:00,0.9995
0x2c9252da68703a428a93aacfe1ae3a4958420afe999ded3a38ab1d527bc4907b,Houston,Will the highest temperature in Houston be between 82-83°F on August 14?,101637321380572566648454246578585288131105111134612361834299664151638937052716,Yes,2026-08-14T17:00:23+00:00,0.0005
0x2c9252da68703a428a93aacfe1ae3a4958420afe999ded3a38ab1d527bc4907b,Houston,Will the highest temperature in Houston be between 82-83°F on August 14?,101637321380572566648454246578585288131105111134612361834299664151638937052716,Yes,2026-08-14T17:16:10+00:00,0.0005
0x2c9252da68703a428a93aacfe1ae3a4958420afe999ded3a38ab1d527bc4907b,Houston,Will the highest temperature in Houston be between 82-83°F on August 14?,48161865815974083272892286785915892840282933090526522993744387246710470767186,No,2026-08-14T17:00:21+00:00,0.9995
0x2c9252da68703a428a93aacfe1ae3a4958420afe999ded3a38ab1d527bc4907b,Houston,Will the highest temperature in Houston be between 82-83°F on August 14?,48161865815974083272892286785915892840282933090526522993744387246710470767186,No,2026-08-14T17:16:09+00:00,0.9995
0x838ca38b0c234b981dbe11c53b187127af82b1db5615aa90af8b983bad7e33a0,Houston,Will the highest temperature in Houston be between 84-85°F on August 14?,15488006698237351685732898401699475378252409616836608549277979398113110905993,Yes,2026-08-14T17:00:24+00:00,0.0005
0x838ca38b0c234b981dbe11c53b187127af82b1db5615aa90af8b983bad7e33a0,Houston,Will the highest temperature in Houston be between 84-85°F on August 14?,15488006698237351685732898401699475378252409616836608549277979398113110905993,Yes,2026-08-14T17:16:10+00:00,0.0005
0x838ca38b0c234b981dbe11c53b187127af82b1db5615aa90af8b983bad7e33a0,Houston,Will the highest temperature in Houston be between 84-85°F on August 14?,37235111768247177937255924086320729308997671573777008884072539717949232346097,No,2026-08-14T17:00:20+00:00,0.9995
0x838ca38b0c234b981dbe11c53b187127af82b1db5615aa90af8b983bad7e33a0,Houston,Will the highest temperature in Houston be between 84-85°F on August 14?,37235111768247177937255924086320729308997671573777008884072539717949232346097,No,2026-08-14T17:16:08+00:00,0.9995
0x2131d75b5f7d23cbdd2a31c1cf0c40f360cfa268c99879fa572777d6b19ea716,Houston,Will the highest temperature in Houston be between 86-87°F on August 14?,78539173942764984060922893189022592061364696833492576830221696070881650333698,Yes,2026-08-14T17:00:24+00:00,0.0005
0x2131d75b5f7d23cbdd2a31c1cf0c40f360cfa268c99879fa572777d6b19ea716,Houston,Will the highest temperature in Houston be between 86-87°F on August 14?,78539173942764984060922893189022592061364696833492576830221696070881650333698,Yes,2026-08-14T17:16:10+00:00,0.0005
0x2131d75b5f7d23cbdd2a31c1cf0c40f360cfa268c99879fa572777d6b19ea716,Houston,Will the highest temperature in Houston be between 86-87°F on August 14?,99594452899436634604728616421425036628463967257933630408493844113555809203568,No,2026-08-14T17:00:22+00:00,0.9995
0x2131d75b5f7d23cbdd2a31c1cf0c40f360cfa268c99879fa572777d6b19ea716,Houston,Will the highest temperature in Houston be between 86-87°F on August 14?,99594452899436634604728616421425036628463967257933630408493844113555809203568,No,2026-08-14T17:16:09+00:00,0.9995
0x4a11a8608853932cd58bfc49df03b8d7f7d98c49d7065b37399fe5401d68a07c,Houston,Will the highest temperature in Houston be between 88-89°F on August 14?,12837788342102810065288444386729051493761523072891597043461105824163058476041,Yes,2026-08-14T17:00:24+00:00,0.0005
0x4a11a8608853932cd58bfc49df03b8d7f7d98c49d7065b37399fe5401d68a07c,Houston,Will the highest temperature in Houston be between 88-89°F on August 14?,12837788342102810065288444386729051493761523072891597043461105824163058476041,Yes,2026-08-14T17:16:10+00:00,0.0005
0x4a11a8608853932cd58bfc49df03b8d7f7d98c49d7065b37399fe5401d68a07c,Houston,Will the highest temperature in Houston be between 88-89°F on August 14?,15435265914103628591634606585611734775031686808200489332633238193616638260101,No,2026-08-14T17:00:24+00:00,0.9995
0x4a11a8608853932cd58bfc49df03b8d7f7d98c49d7065b37399fe5401d68a07c,Houston,Will the highest temperature in Houston be between 88-89°F on August 14?,15435265914103628591634606585611734775031686808200489332633238193616638260101,No,2026-08-14T17:16:10+00:00,0.9995
0x359ba4cc0e574f8e33152bacfcaf52786de4d6d062ee22b88e593e455cea9ed4,Houston,Will the highest temperature in Houston be between 90-91°F on August 14?,27237451439041276029800328578030567263278401914511084798198491950237429257608,Yes,2026-08-14T17:00:24+00:00,0.075
0x359ba4cc0e574f8e33152bacfcaf52786de4d6d062ee22b88e593e455cea9ed4,Houston,Will the highest temperature in Houston be between 90-91°F on August 14?,27237451439041276029800328578030567263278401914511084798198491950237429257608,Yes,2026-08-14T17:16:10+00:00,0.05
0x359ba4cc0e574f8e33152bacfcaf52786de4d6d062ee22b88e593e455cea9ed4,Houston,Will the highest temperature in Houston be between 90-91°F on August 14?,57509207727069701865106438874519203285979365193645388728270454546337507123524,No,2026-08-14T17:00:23+00:00,0.925
0x359ba4cc0e574f8e33152bacfcaf52786de4d6d062ee22b88e593e455cea9ed4,Houston,Will the highest temperature in Houston be between 90-91°F on August 14?,57509207727069701865106438874519203285979365193645388728270454546337507123524,No,2026-08-14T17:16:10+00:00,0.95
0x8a49d18088a8d4ea5e44a96604618dd12339c1a7667012605575fe7b6d5986cd,Houston,Will the highest temperature in Houston be between 92-93°F on August 14?,65825908583112834870318381111223272312032080956679362549448857332496342945803,Yes,2026-08-14T17:00:19+00:00,0.28
0x8a49d18088a8d4ea5e44a96604618dd12339c1a7667012605575fe7b6d5986cd,Houston,Will the highest temperature in Houston be between 92-93°F on August 14?,65825908583112834870318381111223272312032080956679362549448857332496342945803,Yes,2026-08-14T17:16:07+00:00,0.245
0x8a49d18088a8d4ea5e44a96604618dd12339c1a7667012605575fe7b6d5986cd,Houston,Will the highest temperature in Houston be between 92-93°F on August 14?,69002621539137572358230488736682883203290859349309291930560738380543225189579,No,2026-08-14T17:00:23+00:00,0.72
0x8a49d18088a8d4ea5e44a96604618dd12339c1a7667012605575fe7b6d5986cd,Houston,Will the highest temperature in Houston be between 92-93°F on August 14?,69002621539137572358230488736682883203290859349309291930560738380543225189579,No,2026-08-14T17:16:09+00:00,0.755
0x7a5d60bfbc841d82b1e8db1257dd5ef81fb41538c5be8470b0547ee4791ef5b1,Houston,Will the highest temperature in Houston be between 94-95°F on August 14?,28831326021294620747215780146562171214476556340972182937833194616743212051655,Yes,2026-08-14T17:00:24+00:00,0.59
0x7a5d60bfbc841d82b1e8db1257dd5ef81fb41538c5be8470b0547ee4791ef5b1,Houston,Will the highest temperature in Houston be between 94-95°F on August 14?,28831326021294620747215780146562171214476556340972182937833194616743212051655,Yes,2026-08-14T17:16:10+00:00,0.64
0x7a5d60bfbc841d82b1e8db1257dd5ef81fb41538c5be8470b0547ee4791ef5b1,Houston,Will the highest temperature in Houston be between 94-95°F on August 14?,22433220007398485770687147518007825170185203863682135443889026347827370705057,No,2026-08-14T17:00:19+00:00,0.41
0x7a5d60bfbc841d82b1e8db1257dd5ef81fb41538c5be8470b0547ee4791ef5b1,Houston,Will the highest temperature in Houston be between 94-95°F on August 14?,22433220007398485770687147518007825170185203863682135443889026347827370705057,No,2026-08-14T17:16:07+00:00,0.36
0x0585850f9a9f2ccc51b9b81d710344edd285dc88e027338c66c2a2b33bdf80e8,Houston,Will the highest temperature in Houston be between 96-97°F on August 14?,36089177035045371458954855522096750336881786516527680673290407780910632087869,Yes,2026-08-14T17:00:22+00:00,0.07
0x0585850f9a9f2ccc51b9b81d710344edd285dc88e027338c66c2a2b33bdf80e8,Houston,Will the highest temperature in Houston be between 96-97°F on August 14?,36089177035045371458954855522096750336881786516527680673290407780910632087869,Yes,2026-08-14T17:16:09+00:00,0.075
0x0585850f9a9f2ccc51b9b81d710344edd285dc88e027338c66c2a2b33bdf80e8,Houston,Will the highest temperature in Houston be between 96-97°F on August 14?,61331753576686616021773079654416849516409903388112834330786441089762846107721,No,2026-08-14T17:00:21+00:00,0.93
0x0585850f9a9f2ccc51b9b81d710344edd285dc88e027338c66c2a2b33bdf80e8,Houston,Will the highest temperature in Houston be between 96-97°F on August 14?,61331753576686616021773079654416849516409903388112834330786441089762846107721,No,2026-08-14T17:16:08+00:00,0.925
0x431356a95518b339f4919119c67eac9584e60399289ad6cf0a070151af01034e,Houston,Will the highest temperature in Houston be between 98-99°F on August 14?,83863027271530607190889544752135253829494546723021793324830065419921580735990,Yes,2026-08-14T17:00:20+00:00,0.025
0x431356a95518b339f4919119c67eac9584e60399289ad6cf0a070151af01034e,Houston,Will the highest temperature in Houston be between 98-99°F on August 14?,83863027271530607190889544752135253829494546723021793324830065419921580735990,Yes,2026-08-14T17:16:08+00:00,0.02
0x431356a95518b339f4919119c67eac9584e60399289ad6cf0a070151af01034e,Houston,Will the highest temperature in Houston be between 98-99°F on August 14?,44524870878191586307854524290937563062990595664820402594499101592758246713953,No,2026-08-14T17:00:22+00:00,0.975
0x431356a95518b339f4919119c67eac9584e60399289ad6cf0a070151af01034e,Houston,Will the highest temperature in Houston be between 98-99°F on August 14?,44524870878191586307854524290937563062990595664820402594499101592758246713953,No,2026-08-14T17:16:09+00:00,0.98
0xd7a852e47de78c7c19595089aaa95941898e73430dcf5f0600d45d0fc63121c6,Houston,Will the highest temperature in Houston be 100°F or higher on August 14?,33897887330647821069422175789527372225927466609946237397541195049702442102327,Yes,2026-08-14T17:00:24+00:00,0.007
0xd7a852e47de78c7c19595089aaa95941898e73430dcf5f0600d45d0fc63121c6,Houston,Will the highest temperature in Houston be 100°F or higher on August 14?,33897887330647821069422175789527372225927466609946237397541195049702442102327,Yes,2026-08-14T17:16:10+00:00,0.007
0xd7a852e47de78c7c19595089aaa95941898e73430dcf5f0600d45d0fc63121c6,Houston,Will the highest temperature in Houston be 100°F or higher on August 14?,67244601611795342198309482055714030215900112278497582029973532853868199351410,No,2026-08-14T17:00:22+00:00,0.993
0xd7a852e47de78c7c19595089aaa95941898e73430dcf5f0600d45d0fc63121c6,Houston,Will the highest temperature in Houston be 100°F or higher on August 14?,67244601611795342198309482055714030215900112278497582029973532853868199351410,No,2026-08-14T17:16:09+00:00,0.993
0xbbe52480e5629af3408cba2173c1e2accf60414b33bc35fe9177576b5faae111,Houston,Will the highest temperature in Houston be 85°F or below on August 15?,21792247222320316455348016585688091666718661689086217027546582789932437638899,Yes,2026-08-14T17:00:19+00:00,0.0005
0xbbe52480e5629af3408cba2173c1e2accf60414b33bc35fe9177576b5faae111,Houston,Will the highest temperature in Houston be 85°F or below on August 15?,21792247222320316455348016585688091666718661689086217027546582789932437638899,Yes,2026-08-14T17:16:07+00:00,0.0005
0xbbe52480e5629af3408cba2173c1e2accf60414b33bc35fe9177576b5faae111,Houston,Will the highest temperature in Houston be 85°F or below on August 15?,75949419147117607431547864708906726550184863265108159852984401612168561720072,No,2026-08-14T17:00:25+00:00,0.9995
0xbbe52480e5629af3408cba2173c1e2accf60414b33bc35fe9177576b5faae111,Houston,Will the highest temperature in Houston be 85°F or below on August 15?,75949419147117607431547864708906726550184863265108159852984401612168561720072,No,2026-08-14T17:16:11+00:00,0.9995
0xd564813f00eac5009b02d53745a92a81760a0217d7923cce283d9c998d7f6755,Houston,Will the highest temperature in Houston be between 86-87°F on August 15?,43049807925073594025011736031866369931990012797229918636493344551886721216198,Yes,2026-08-14T17:00:21+00:00,0.002
0xd564813f00eac5009b02d53745a92a81760a0217d7923cce283d9c998d7f6755,Houston,Will the highest temperature in Houston be between 86-87°F on August 15?,43049807925073594025011736031866369931990012797229918636493344551886721216198,Yes,2026-08-14T17:16:08+00:00,0.002
0xd564813f00eac5009b02d53745a92a81760a0217d7923cce283d9c998d7f6755,Houston,Will the highest temperature in Houston be between 86-87°F on August 15?,96094704431073330016481403794029023022295279070154282635768939242930271875882,No,2026-08-14T17:00:20+00:00,0.998
0xd564813f00eac5009b02d53745a92a81760a0217d7923cce283d9c998d7f6755,Houston,Will the highest temperature in Houston be between 86-87°F on August 15?,96094704431073330016481403794029023022295279070154282635768939242930271875882,No,2026-08-14T17:16:08+00:00,0.998
0x3052631096905cec4afb05c136e6f233e5facb17f1fd88e8e1dc37098c40e1c6,Houston,Will the highest temperature in Houston be between 88-89°F on August 15?,72437507032381737692412267101659869340324351325604348277589691203335640471254,Yes,2026-08-14T17:00:20+00:00,0.004
0x3052631096905cec4afb05c136e6f233e5facb17f1fd88e8e1dc37098c40e1c6,Houston,Will the highest temperature in Houston be between 88-89°F on August 15?,72437507032381737692412267101659869340324351325604348277589691203335640471254,Yes,2026-08-14T17:13:10+00:00,0.004
0x3052631096905cec4afb05c136e6f233e5facb17f1fd88e8e1dc37098c40e1c6,Houston,Will the highest temperature in Houston be between 88-89°F on August 15?,1894709784926408289221080087040456972044290777223838083225631029304624751631,No,2026-08-14T17:00:22+00:00,0.996
0x3052631096905cec4afb05c136e6f233e5facb17f1fd88e8e1dc37098c40e1c6,Houston,Will the highest temperature in Houston be between 88-89°F on August 15?,1894709784926408289221080087040456972044290777223838083225631029304624751631,No,2026-08-14T17:16:09+00:00,0.996
0x7e8e69b45247ef4de66cef8ba3881da1064a8bbd1d069f3d95b2031073319541,Houston,Will the highest temperature in Houston be between 90-91°F on August 15?,41320162587522606068149653624074325380892076047593086335921443756159776442009,Yes,2026-08-14T17:00:20+00:00,0.0115
0x7e8e69b45247ef4de66cef8ba3881da1064a8bbd1d069f3d95b2031073319541,Houston,Will the highest temperature in Houston be between 90-91°F on August 15?,41320162587522606068149653624074325380892076047593086335921443756159776442009,Yes,2026-08-14T17:16:08+00:00,0.0115
0x7e8e69b45247ef4de66cef8ba3881da1064a8bbd1d069f3d95b2031073319541,Houston,Will the highest temperature in Houston be between 90-91°F on August 15?,103690395505024364632870652604112836193113934911399486805006957350984736870603,No,2026-08-14T17:00:20+00:00,0.9885
0x7e8e69b45247ef4de66cef8ba3881da1064a8bbd1d069f3d95b2031073319541,Houston,Will the highest temperature in Houston be between 90-91°F on August 15?,103690395505024364632870652604112836193113934911399486805006957350984736870603,No,2026-08-14T17:16:08+00:00,0.9885
0x0152cf4233bd54231128058767a7206c7924825369e4f57511012296396af902,Houston,Will the highest temperature in Houston be between 92-93°F on August 15?,81683630114945104796933810026778392817877389339133108532289576352923761188441,Yes,2026-08-14T17:00:21+00:00,0.025
0x0152cf4233bd54231128058767a7206c7924825369e4f57511012296396af902,Houston,Will the highest temperature in Houston be between 92-93°F on August 15?,81683630114945104796933810026778392817877389339133108532289576352923761188441,Yes,2026-08-14T17:16:09+00:00,0.025
0x0152cf4233bd54231128058767a7206c7924825369e4f57511012296396af902,Houston,Will the highest temperature in Houston be between 92-93°F on August 15?,44427761966912710604620970339871992409298953880478602520140592265674414378156,No,2026-08-14T17:00:20+00:00,0.975
0x0152cf4233bd54231128058767a7206c7924825369e4f57511012296396af902,Houston,Will the highest temperature in Houston be between 92-93°F on August 15?,44427761966912710604620970339871992409298953880478602520140592265674414378156,No,2026-08-14T17:16:08+00:00,0.975
0xd2171addf5f849aa8160479c6ebd96def6df0b9a58696c65197430c2d8ed3a08,Houston,Will the highest temperature in Houston be between 94-95°F on August 15?,69285490719824938303299081847378210474836392804357009538534299739263287520688,Yes,2026-08-14T17:00:20+00:00,0.325
0xd2171addf5f849aa8160479c6ebd96def6df0b9a58696c65197430c2d8ed3a08,Houston,Will the highest temperature in Houston be between 94-95°F on August 15?,69285490719824938303299081847378210474836392804357009538534299739263287520688,Yes,2026-08-14T17:13:10+00:00,0.325
0xd2171addf5f849aa8160479c6ebd96def6df0b9a58696c65197430c2d8ed3a08,Houston,Will the highest temperature in Houston be between 94-95°F on August 15?,93030434570398115897794942659416787648125325967731719447124518099424084549882,No,2026-08-14T17:00:24+00:00,0.675
0xd2171addf5f849aa8160479c6ebd96def6df0b9a58696c65197430c2d8ed3a08,Houston,Will the highest temperature in Houston be between 94-95°F on August 15?,93030434570398115897794942659416787648125325967731719447124518099424084549882,No,2026-08-14T17:16:10+00:00,0.675
0x53fc96d38c9956e853fd8f19c48c8e38ec9cfae378588f5d840e09b71ce0b083,Houston,Will the highest temperature in Houston be between 96-97°F on August 15?,99270992836300752328939877966366149006142227363021353470305550180050966847173,Yes,2026-08-14T17:00:21+00:00,0.485
0x53fc96d38c9956e853fd8f19c48c8e38ec9cfae378588f5d840e09b71ce0b083,Houston,Will the highest temperature in Houston be between 96-97°F on August 15?,99270992836300752328939877966366149006142227363021353470305550180050966847173,Yes,2026-08-14T17:16:09+00:00,0.485
0x53fc96d38c9956e853fd8f19c48c8e38ec9cfae378588f5d840e09b71ce0b083,Houston,Will the highest temperature in Houston be between 96-97°F on August 15?,78479618278422626974959199354830075521241378844320870782058987061772523695188,No,2026-08-14T17:00:20+00:00,0.515
0x53fc96d38c9956e853fd8f19c48c8e38ec9cfae378588f5d840e09b71ce0b083,Houston,Will the highest temperature in Houston be between 96-97°F on August 15?,78479618278422626974959199354830075521241378844320870782058987061772523695188,No,2026-08-14T17:16:08+00:00,0.515
0xe0b4a6377c867a2f892d4b8350a0c468d11a810dcab6619bd1dd17645a20f2d6,Houston,Will the highest temperature in Houston be between 98-99°F on August 15?,27977338018292946940662444902912348467803007867220110150328464506724100066340,Yes,2026-08-14T17:00:24+00:00,0.145
0xe0b4a6377c867a2f892d4b8350a0c468d11a810dcab6619bd1dd17645a20f2d6,Houston,Will the highest temperature in Houston be between 98-99°F on August 15?,27977338018292946940662444902912348467803007867220110150328464506724100066340,Yes,2026-08-14T17:16:10+00:00,0.145
0xe0b4a6377c867a2f892d4b8350a0c468d11a810dcab6619bd1dd17645a20f2d6,Houston,Will the highest temperature in Houston be between 98-99°F on August 15?,15892001859657100646986515180346706843066198887789644354272927945426335419270,No,2026-08-14T17:00:24+00:00,0.855
0xe0b4a6377c867a2f892d4b8350a0c468d11a810dcab6619bd1dd17645a20f2d6,Houston,Will the highest temperature in Houston be between 98-99°F on August 15?,15892001859657100646986515180346706843066198887789644354272927945426335419270,No,2026-08-14T17:16:10+00:00,0.855
0x89cf4aa9b206a720137da34466ec72b69b0e4f6d66ce201bf252394ebe5c3a9e,Houston,Will the highest temperature in Houston be between 100-101°F on August 15?,30716988798286352312993129143806589709193025409146214824487163036113491528884,Yes,2026-08-14T17:00:22+00:00,0.035
0x89cf4aa9b206a720137da34466ec72b69b0e4f6d66ce201bf252394ebe5c3a9e,Houston,Will the highest temperature in Houston be between 100-101°F on August 15?,30716988798286352312993129143806589709193025409146214824487163036113491528884,Yes,2026-08-14T17:16:09+00:00,0.035
0x89cf4aa9b206a720137da34466ec72b69b0e4f6d66ce201bf252394ebe5c3a9e,Houston,Will the highest temperature in Houston be between 100-101°F on August 15?,18013119044405041672388559947777763440168912238944503619149735234200723283496,No,2026-08-14T17:00:24+00:00,0.965
0x89cf4aa9b206a720137da34466ec72b69b0e4f6d66ce201bf252394ebe5c3a9e,Houston,Will the highest temperature in Houston be between 100-101°F on August 15?,18013119044405041672388559947777763440168912238944503619149735234200723283496,No,2026-08-14T17:16:10+00:00,0.965
0xb96a18cd587db80c8344e4b508f4da7455ec19d3102968f0948db498e165c037,Houston,Will the highest temperature in Houston be between 102-103°F on August 15?,6613685240130534578554470367080606226806052226890418464573103849593412920500,Yes,2026-08-14T17:00:21+00:00,0.0015
0xb96a18cd587db80c8344e4b508f4da7455ec19d3102968f0948db498e165c037,Houston,Will the highest temperature in Houston be between 102-103°F on August 15?,6613685240130534578554470367080606226806052226890418464573103849593412920500,Yes,2026-08-14T17:16:08+00:00,0.0015
0xb96a18cd587db80c8344e4b508f4da7455ec19d3102968f0948db498e165c037,Houston,Will the highest temperature in Houston be between 102-103°F on August 15?,49107487298986291359963641465557459149842285386209103792729470717003821401043,No,2026-08-14T17:00:22+00:00,0.9985
0xb96a18cd587db80c8344e4b508f4da7455ec19d3102968f0948db498e165c037,Houston,Will the highest temperature in Houston be between 102-103°F on August 15?,49107487298986291359963641465557459149842285386209103792729470717003821401043,No,2026-08-14T17:16:09+00:00,0.9985
0xceb9fa6a5b0dd8c81698b0c19441f8ace8d3308c6f2beb3399eece0f64a45133,Houston,Will the highest temperature in Houston be 104°F or higher on August 15?,105543005645118994307072673960185924437532319023461923293299298243471538385450,Yes,2026-08-14T17:00:24+00:00,0.0015
0xceb9fa6a5b0dd8c81698b0c19441f8ace8d3308c6f2beb3399eece0f64a45133,Houston,Will the highest temperature in Houston be 104°F or higher on August 15?,105543005645118994307072673960185924437532319023461923293299298243471538385450,Yes,2026-08-14T17:13:12+00:00,0.0015
0xceb9fa6a5b0dd8c81698b0c19441f8ace8d3308c6f2beb3399eece0f64a45133,Houston,Will the highest temperature in Houston be 104°F or higher on August 15?,40771140627971468391051354600899336664919344343264834076131598893492692748614,No,2026-08-14T17:00:23+00:00,0.9985
0xceb9fa6a5b0dd8c81698b0c19441f8ace8d3308c6f2beb3399eece0f64a45133,Houston,Will the highest temperature in Houston be 104°F or higher on August 15?,40771140627971468391051354600899336664919344343264834076131598893492692748614,No,2026-08-14T17:16:10+00:00,0.9985
0xe03ef83291d820246caccf8dde7f3c3c5ba99ede6499707ec39a0dbfa5fa9621,Houston,Will the highest temperature in Houston be 81°F or below on August 14?,10582267533514159443552209759363396668088663561125305460123149894061025640290,Yes,2026-08-14T18:00:20+00:00,0.0005
0xe03ef83291d820246caccf8dde7f3c3c5ba99ede6499707ec39a0dbfa5fa9621,Houston,Will the highest temperature in Houston be 81°F or below on August 14?,10582267533514159443552209759363396668088663561125305460123149894061025640290,Yes,2026-08-14T18:08:14+00:00,0.0005
0xe03ef83291d820246caccf8dde7f3c3c5ba99ede6499707ec39a0dbfa5fa9621,Houston,Will the highest temperature in Houston be 81°F or below on August 14?,111158787808786556713194645514958308437938534561145438512021977007770179475229,No,2026-08-14T18:00:15+00:00,0.9995
0xe03ef83291d820246caccf8dde7f3c3c5ba99ede6499707ec39a0dbfa5fa9621,Houston,Will the highest temperature in Houston be 81°F or below on August 14?,111158787808786556713194645514958308437938534561145438512021977007770179475229,No,2026-08-14T18:12:11+00:00,0.9995
0x2c9252da68703a428a93aacfe1ae3a4958420afe999ded3a38ab1d527bc4907b,Houston,Will the highest temperature in Houston be between 82-83°F on August 14?,101637321380572566648454246578585288131105111134612361834299664151638937052716,Yes,2026-08-14T18:00:20+00:00,0.0005
0x2c9252da68703a428a93aacfe1ae3a4958420afe999ded3a38ab1d527bc4907b,Houston,Will the highest temperature in Houston be between 82-83°F on August 14?,101637321380572566648454246578585288131105111134612361834299664151638937052716,Yes,2026-08-14T18:09:12+00:00,0.0005
0x2c9252da68703a428a93aacfe1ae3a4958420afe999ded3a38ab1d527bc4907b,Houston,Will the highest temperature in Houston be between 82-83°F on August 14?,48161865815974083272892286785915892840282933090526522993744387246710470767186,No,2026-08-14T18:00:17+00:00,0.9995
0x2c9252da68703a428a93aacfe1ae3a4958420afe999ded3a38ab1d527bc4907b,Houston,Will the highest temperature in Houston be between 82-83°F on August 14?,48161865815974083272892286785915892840282933090526522993744387246710470767186,No,2026-08-14T18:12:11+00:00,0.9995
0x838ca38b0c234b981dbe11c53b187127af82b1db5615aa90af8b983bad7e33a0,Houston,Will the highest temperature in Houston be between 84-85°F on August 14?,15488006698237351685732898401699475378252409616836608549277979398113110905993,Yes,2026-08-14T18:00:21+00:00,0.0005
0x838ca38b0c234b981dbe11c53b187127af82b1db5615aa90af8b983bad7e33a0,Houston,Will the highest temperature in Houston be between 84-85°F on August 14?,15488006698237351685732898401699475378252409616836608549277979398113110905993,Yes,2026-08-14T18:09:13+00:00,0.0005
0x838ca38b0c234b981dbe11c53b187127af82b1db5615aa90af8b983bad7e33a0,Houston,Will the highest temperature in Houston be between 84-85°F on August 14?,37235111768247177937255924086320729308997671573777008884072539717949232346097,No,2026-08-14T18:00:15+00:00,0.9995
0x838ca38b0c234b981dbe11c53b187127af82b1db5615aa90af8b983bad7e33a0,Houston,Will the highest temperature in Houston be between 84-85°F on August 14?,37235111768247177937255924086320729308997671573777008884072539717949232346097,No,2026-08-14T18:12:11+00:00,0.9995
0x2131d75b5f7d23cbdd2a31c1cf0c40f360cfa268c99879fa572777d6b19ea716,Houston,Will the highest temperature in Houston be between 86-87°F on August 14?,78539173942764984060922893189022592061364696833492576830221696070881650333698,Yes,2026-08-14T18:00:21+00:00,0.0005
0x2131d75b5f7d23cbdd2a31c1cf0c40f360cfa268c99879fa572777d6b19ea716,Houston,Will the highest temperature in Houston be between 86-87°F on August 14?,78539173942764984060922893189022592061364696833492576830221696070881650333698,Yes,2026-08-14T18:09:13+00:00,0.0005
0x2131d75b5f7d23cbdd2a31c1cf0c40f360cfa268c99879fa572777d6b19ea716,Houston,Will the highest temperature in Houston be between 86-87°F on August 14?,99594452899436634604728616421425036628463967257933630408493844113555809203568,No,2026-08-14T18:00:18+00:00,0.9995
0x2131d75b5f7d23cbdd2a31c1cf0c40f360cfa268c99879fa572777d6b19ea716,Houston,Will the highest temperature in Houston be between 86-87°F on August 14?,99594452899436634604728616421425036628463967257933630408493844113555809203568,No,2026-08-14T18:12:11+00:00,0.9995
0x4a11a8608853932cd58bfc49df03b8d7f7d98c49d7065b37399fe5401d68a07c,Houston,Will the highest temperature in Houston be between 88-89°F on August 14?,12837788342102810065288444386729051493761523072891597043461105824163058476041,Yes,2026-08-14T18:00:21+00:00,0.0005
0x4a11a8608853932cd58bfc49df03b8d7f7d98c49d7065b37399fe5401d68a07c,Houston,Will the highest temperature in Houston be between 88-89°F on August 14?,12837788342102810065288444386729051493761523072891597043461105824163058476041,Yes,2026-08-14T18:09:13+00:00,0.0005
0x4a11a8608853932cd58bfc49df03b8d7f7d98c49d7065b37399fe5401d68a07c,Houston,Will the highest temperature in Houston be between 88-89°F on August 14?,15435265914103628591634606585611734775031686808200489332633238193616638260101,No,2026-08-14T18:00:21+00:00,0.9995
0x4a11a8608853932cd58bfc49df03b8d7f7d98c49d7065b37399fe5401d68a07c,Houston,Will the highest temperature in Houston be between 88-89°F on August 14?,15435265914103628591634606585611734775031686808200489332633238193616638260101,No,2026-08-14T18:12:12+00:00,0.9995
0x359ba4cc0e574f8e33152bacfcaf52786de4d6d062ee22b88e593e455cea9ed4,Houston,Will the highest temperature in Houston be between 90-91°F on August 14?,27237451439041276029800328578030567263278401914511084798198491950237429257608,Yes,2026-08-14T18:00:21+00:00,0.0005
0x359ba4cc0e574f8e33152bacfcaf52786de4d6d062ee22b88e593e455cea9ed4,Houston,Will the highest temperature in Houston be between 90-91°F on August 14?,27237451439041276029800328578030567263278401914511084798198491950237429257608,Yes,2026-08-14T18:09:13+00:00,0.0005
0x359ba4cc0e574f8e33152bacfcaf52786de4d6d062ee22b88e593e455cea9ed4,Houston,Will the highest temperature in Houston be between 90-91°F on August 14?,57509207727069701865106438874519203285979365193645388728270454546337507123524,No,2026-08-14T18:00:20+00:00,0.9995
0x359ba4cc0e574f8e33152bacfcaf52786de4d6d062ee22b88e593e455cea9ed4,Houston,Will the highest temperature in Houston be between 90-91°F on August 14?,57509207727069701865106438874519203285979365193645388728270454546337507123524,No,2026-08-14T18:12:12+00:00,0.9995
0x8a49d18088a8d4ea5e44a96604618dd12339c1a7667012605575fe7b6d5986cd,Houston,Will the highest temperature in Houston be between 92-93°F on August 14?,65825908583112834870318381111223272312032080956679362549448857332496342945803,Yes,2026-08-14T18:00:14+00:00,0.305
0x8a49d18088a8d4ea5e44a96604618dd12339c1a7667012605575fe7b6d5986cd,Houston,Will the highest temperature in Houston be between 92-93°F on August 14?,65825908583112834870318381111223272312032080956679362549448857332496342945803,Yes,2026-08-14T18:12:10+00:00,0.285
0x8a49d18088a8d4ea5e44a96604618dd12339c1a7667012605575fe7b6d5986cd,Houston,Will the highest temperature in Houston be between 92-93°F on August 14?,69002621539137572358230488736682883203290859349309291930560738380543225189579,No,2026-08-14T18:00:19+00:00,0.695
0x8a49d18088a8d4ea5e44a96604618dd12339c1a7667012605575fe7b6d5986cd,Houston,Will the highest temperature in Houston be between 92-93°F on August 14?,69002621539137572358230488736682883203290859349309291930560738380543225189579,No,2026-08-14T18:12:12+00:00,0.715
0x7a5d60bfbc841d82b1e8db1257dd5ef81fb41538c5be8470b0547ee4791ef5b1,Houston,Will the highest temperature in Houston be between 94-95°F on August 14?,28831326021294620747215780146562171214476556340972182937833194616743212051655,Yes,2026-08-14T18:00:21+00:00,0.6
0x7a5d60bfbc841d82b1e8db1257dd5ef81fb41538c5be8470b0547ee4791ef5b1,Houston,Will the highest temperature in Houston be between 94-95°F on August 14?,28831326021294620747215780146562171214476556340972182937833194616743212051655,Yes,2026-08-14T18:09:13+00:00,0.615
0x7a5d60bfbc841d82b1e8db1257dd5ef81fb41538c5be8470b0547ee4791ef5b1,Houston,Will the highest temperature in Houston be between 94-95°F on August 14?,22433220007398485770687147518007825170185203863682135443889026347827370705057,No,2026-08-14T18:00:14+00:00,0.4
0x7a5d60bfbc841d82b1e8db1257dd5ef81fb41538c5be8470b0547ee4791ef5b1,Houston,Will the highest temperature in Houston be between 94-95°F on August 14?,22433220007398485770687147518007825170185203863682135443889026347827370705057,No,2026-08-14T18:12:10+00:00,0.385
0x0585850f9a9f2ccc51b9b81d710344edd285dc88e027338c66c2a2b33bdf80e8,Houston,Will the highest temperature in Houston be between 96-97°F on August 14?,36089177035045371458954855522096750336881786516527680673290407780910632087869,Yes,2026-08-14T18:00:17+00:00,0.07
0x0585850f9a9f2ccc51b9b81d710344edd285dc88e027338c66c2a2b33bdf80e8,Houston,Will the highest temperature in Houston be between 96-97°F on August 14?,36089177035045371458954855522096750336881786516527680673290407780910632087869,Yes,2026-08-14T18:09:12+00:00,0.06
0x0585850f9a9f2ccc51b9b81d710344edd285dc88e027338c66c2a2b33bdf80e8,Houston,Will the highest temperature in Houston be between 96-97°F on August 14?,61331753576686616021773079654416849516409903388112834330786441089762846107721,No,2026-08-14T18:00:16+00:00,0.93
0x0585850f9a9f2ccc51b9b81d710344edd285dc88e027338c66c2a2b33bdf80e8,Houston,Will the highest temperature in Houston be between 96-97°F on August 14?,61331753576686616021773079654416849516409903388112834330786441089762846107721,No,2026-08-14T18:12:11+00:00,0.94
0x431356a95518b339f4919119c67eac9584e60399289ad6cf0a070151af01034e,Houston,Will the highest temperature in Houston be between 98-99°F on August 14?,83863027271530607190889544752135253829494546723021793324830065419921580735990,Yes,2026-08-14T18:00:15+00:00,0.02
0x431356a95518b339f4919119c67eac9584e60399289ad6cf0a070151af01034e,Houston,Will the highest temperature in Houston be between 98-99°F on August 14?,83863027271530607190889544752135253829494546723021793324830065419921580735990,Yes,2026-08-14T18:09:11+00:00,0.02
0x431356a95518b339f4919119c67eac9584e60399289ad6cf0a070151af01034e,Houston,Will the highest temperature in Houston be between 98-99°F on August 14?,44524870878191586307854524290937563062990595664820402594499101592758246713953,No,2026-08-14T18:00:18+00:00,0.98
0x431356a95518b339f4919119c67eac9584e60399289ad6cf0a070151af01034e,Houston,Will the highest temperature in Houston be between 98-99°F on August 14?,44524870878191586307854524290937563062990595664820402594499101592758246713953,No,2026-08-14T18:12:11+00:00,0.98
0xd7a852e47de78c7c19595089aaa95941898e73430dcf5f0600d45d0fc63121c6,Houston,Will the highest temperature in Houston be 100°F or higher on August 14?,33897887330647821069422175789527372225927466609946237397541195049702442102327,Yes,2026-08-14T18:00:21+00:00,0.007
0xd7a852e47de78c7c19595089aaa95941898e73430dcf5f0600d45d0fc63121c6,Houston,Will the highest temperature in Houston be 100°F or higher on August 14?,33897887330647821069422175789527372225927466609946237397541195049702442102327,Yes,2026-08-14T18:09:13+00:00,0.0045
0xd7a852e47de78c7c19595089aaa95941898e73430dcf5f0600d45d0fc63121c6,Houston,Will the highest temperature in Houston be 100°F or higher on August 14?,67244601611795342198309482055714030215900112278497582029973532853868199351410,No,2026-08-14T18:00:17+00:00,0.993
0xd7a852e47de78c7c19595089aaa95941898e73430dcf5f0600d45d0fc63121c6,Houston,Will the highest temperature in Houston be 100°F or higher on August 14?,67244601611795342198309482055714030215900112278497582029973532853868199351410,No,2026-08-14T18:12:11+00:00,0.9955
0xbbe52480e5629af3408cba2173c1e2accf60414b33bc35fe9177576b5faae111,Houston,Will the highest temperature in Houston be 85°F or below on August 15?,21792247222320316455348016585688091666718661689086217027546582789932437638899,Yes,2026-08-14T18:00:14+00:00,0.0005
0xbbe52480e5629af3408cba2173c1e2accf60414b33bc35fe9177576b5faae111,Houston,Will the highest temperature in Houston be 85°F or below on August 15?,21792247222320316455348016585688091666718661689086217027546582789932437638899,Yes,2026-08-14T18:12:10+00:00,0.0005
0xbbe52480e5629af3408cba2173c1e2accf60414b33bc35fe9177576b5faae111,Houston,Will the highest temperature in Houston be 85°F or below on August 15?,75949419147117607431547864708906726550184863265108159852984401612168561720072,No,2026-08-14T18:00:22+00:00,0.9995
0xbbe52480e5629af3408cba2173c1e2accf60414b33bc35fe9177576b5faae111,Houston,Will the highest temperature in Houston be 85°F or below on August 15?,75949419147117607431547864708906726550184863265108159852984401612168561720072,No,2026-08-14T18:12:12+00:00,0.9995
0xd564813f00eac5009b02d53745a92a81760a0217d7923cce283d9c998d7f6755,Houston,Will the highest temperature in Houston be between 86-87°F on August 15?,43049807925073594025011736031866369931990012797229918636493344551886721216198,Yes,2026-08-14T18:00:16+00:00,0.002
0xd564813f00eac5009b02d53745a92a81760a0217d7923cce283d9c998d7f6755,Houston,Will the highest temperature in Houston be between 86-87°F on August 15?,43049807925073594025011736031866369931990012797229918636493344551886721216198,Yes,2026-08-14T18:12:11+00:00,0.002
0xd564813f00eac5009b02d53745a92a81760a0217d7923cce283d9c998d7f6755,Houston,Will the highest temperature in Houston be between 86-87°F on August 15?,96094704431073330016481403794029023022295279070154282635768939242930271875882,No,2026-08-14T18:00:15+00:00,0.998
0xd564813f00eac5009b02d53745a92a81760a0217d7923cce283d9c998d7f6755,Houston,Will the highest temperature in Houston be between 86-87°F on August 15?,96094704431073330016481403794029023022295279070154282635768939242930271875882,No,2026-08-14T18:12:11+00:00,0.998
0x3052631096905cec4afb05c136e6f233e5facb17f1fd88e8e1dc37098c40e1c6,Houston,Will the highest temperature in Houston be between 88-89°F on August 15?,72437507032381737692412267101659869340324351325604348277589691203335640471254,Yes,2026-08-14T18:00:15+00:00,0.004
0x3052631096905cec4afb05c136e6f233e5facb17f1fd88e8e1dc37098c40e1c6,Houston,Will the highest temperature in Houston be between 88-89°F on August 15?,72437507032381737692412267101659869340324351325604348277589691203335640471254,Yes,2026-08-14T18:12:11+00:00,0.004
0x3052631096905cec4afb05c136e6f233e5facb17f1fd88e8e1dc37098c40e1c6,Houston,Will the highest temperature in Houston be between 88-89°F on August 15?,1894709784926408289221080087040456972044290777223838083225631029304624751631,No,2026-08-14T18:00:17+00:00,0.996
0x3052631096905cec4afb05c136e6f233e5facb17f1fd88e8e1dc37098c40e1c6,Houston,Will the highest temperature in Houston be between 88-89°F on August 15?,1894709784926408289221080087040456972044290777223838083225631029304624751631,No,2026-08-14T18:12:11+00:00,0.996
0x7e8e69b45247ef4de66cef8ba3881da1064a8bbd1d069f3d95b2031073319541,Houston,Will the highest temperature in Houston be between 90-91°F on August 15?,41320162587522606068149653624074325380892076047593086335921443756159776442009,Yes,2026-08-14T18:00:15+00:00,0.0115
0x7e8e69b45247ef4de66cef8ba3881da1064a8bbd1d069f3d95b2031073319541,Houston,Will the highest temperature in Houston be between 90-91°F on August 15?,41320162587522606068149653624074325380892076047593086335921443756159776442009,Yes,2026-08-14T18:12:10+00:00,0.0115
0x7e8e69b45247ef4de66cef8ba3881da1064a8bbd1d069f3d95b2031073319541,Houston,Will the highest temperature in Houston be between 90-91°F on August 15?,103690395505024364632870652604112836193113934911399486805006957350984736870603,No,2026-08-14T18:00:16+00:00,0.9885
0x7e8e69b45247ef4de66cef8ba3881da1064a8bbd1d069f3d95b2031073319541,Houston,Will the highest temperature in Houston be between 90-91°F on August 15?,103690395505024364632870652604112836193113934911399486805006957350984736870603,No,2026-08-14T18:12:11+00:00,0.9885
0x0152cf4233bd54231128058767a7206c7924825369e4f57511012296396af902,Houston,Will the highest temperature in Houston be between 92-93°F on August 15?,81683630114945104796933810026778392817877389339133108532289576352923761188441,Yes,2026-08-14T18:00:17+00:00,0.025
0x0152cf4233bd54231128058767a7206c7924825369e4f57511012296396af902,Houston,Will the highest temperature in Houston be between 92-93°F on August 15?,81683630114945104796933810026778392817877389339133108532289576352923761188441,Yes,2026-08-14T18:12:11+00:00,0.025
0x0152cf4233bd54231128058767a7206c7924825369e4f57511012296396af902,Houston,Will the highest temperature in Houston be between 92-93°F on August 15?,44427761966912710604620970339871992409298953880478602520140592265674414378156,No,2026-08-14T18:00:15+00:00,0.975
0x0152cf4233bd54231128058767a7206c7924825369e4f57511012296396af902,Houston,Will the highest temperature in Houston be between 92-93°F on August 15?,44427761966912710604620970339871992409298953880478602520140592265674414378156,No,2026-08-14T18:12:11+00:00,0.975
0xd2171addf5f849aa8160479c6ebd96def6df0b9a58696c65197430c2d8ed3a08,Houston,Will the highest temperature in Houston be between 94-95°F on August 15?,69285490719824938303299081847378210474836392804357009538534299739263287520688,Yes,2026-08-14T18:00:15+00:00,0.315
0xd2171addf5f849aa8160479c6ebd96def6df0b9a58696c65197430c2d8ed3a08,Houston,Will the highest temperature in Houston be between 94-95°F on August 15?,69285490719824938303299081847378210474836392804357009538534299739263287520688,Yes,2026-08-14T18:12:11+00:00,0.315
0xd2171addf5f849aa8160479c6ebd96def6df0b9a58696c65197430c2d8ed3a08,Houston,Will the highest temperature in Houston be between 94-95°F on August 15?,93030434570398115897794942659416787648125325967731719447124518099424084549882,No,2026-08-14T18:00:21+00:00,0.685
0xd2171addf5f849aa8160479c6ebd96def6df0b9a58696c65197430c2d8ed3a08,Houston,Will the highest temperature in Houston be between 94-95°F on August 15?,93030434570398115897794942659416787648125325967731719447124518099424084549882,No,2026-08-14T18:12:12+00:00,0.685
0x53fc96d38c9956e853fd8f19c48c8e38ec9cfae378588f5d840e09b71ce0b083,Houston,Will the highest temperature in Houston be between 96-97°F on August 15?,99270992836300752328939877966366149006142227363021353470305550180050966847173,Yes,2026-08-14T18:00:17+00:00,0.485
0x53fc96d38c9956e853fd8f19c48c8e38ec9cfae378588f5d840e09b71ce0b083,Houston,Will the highest temperature in Houston be between 96-97°F on August 15?,99270992836300752328939877966366149006142227363021353470305550180050966847173,Yes,2026-08-14T18:12:11+00:00,0.485
0x53fc96d38c9956e853fd8f19c48c8e38ec9cfae378588f5d840e09b71ce0b083,Houston,Will the highest temperature in Houston be between 96-97°F on August 15?,78479618278422626974959199354830075521241378844320870782058987061772523695188,No,2026-08-14T18:00:16+00:00,0.515
0x53fc96d38c9956e853fd8f19c48c8e38ec9cfae378588f5d840e09b71ce0b083,Houston,Will the highest temperature in Houston be between 96-97°F on August 15?,78479618278422626974959199354830075521241378844320870782058987061772523695188,No,2026-08-14T18:12:11+00:00,0.515
0xe0b4a6377c867a2f892d4b8350a0c468d11a810dcab6619bd1dd17645a20f2d6,Houston,Will the highest temperature in Houston be between 98-99°F on August 15?,27977338018292946940662444902912348467803007867220110150328464506724100066340,Yes,2026-08-14T18:00:21+00:00,0.155
0xe0b4a6377c867a2f892d4b8350a0c468d11a810dcab6619bd1dd17645a20f2d6,Houston,Will the highest temperature in Houston be between 98-99°F on August 15?,27977338018292946940662444902912348467803007867220110150328464506724100066340,Yes,2026-08-14T18:12:12+00:00,0.155
0xe0b4a6377c867a2f892d4b8350a0c468d11a810dcab6619bd1dd17645a20f2d6,Houston,Will the highest temperature in Houston be between 98-99°F on August 15?,15892001859657100646986515180346706843066198887789644354272927945426335419270,No,2026-08-14T18:00:21+00:00,0.845
0xe0b4a6377c867a2f892d4b8350a0c468d11a810dcab6619bd1dd17645a20f2d6,Houston,Will the highest temperature in Houston be between 98-99°F on August 15?,15892001859657100646986515180346706843066198887789644354272927945426335419270,No,2026-08-14T18:12:12+00:00,0.845
0x89cf4aa9b206a720137da34466ec72b69b0e4f6d66ce201bf252394ebe5c3a9e,Houston,Will the highest temperature in Houston be between 100-101°F on August 15?,30716988798286352312993129143806589709193025409146214824487163036113491528884,Yes,2026-08-14T18:00:18+00:00,0.025
0x89cf4aa9b206a720137da34466ec72b69b0e4f6d66ce201bf252394ebe5c3a9e,Houston,Will the highest temperature in Houston be between 100-101°F on August 15?,30716988798286352312993129143806589709193025409146214824487163036113491528884,Yes,2026-08-14T18:12:11+00:00,0.025
0x89cf4aa9b206a720137da34466ec72b69b0e4f6d66ce201bf252394ebe5c3a9e,Houston,Will the highest temperature in Houston be between 100-101°F on August 15?,18013119044405041672388559947777763440168912238944503619149735234200723283496,No,2026-08-14T18:00:21+00:00,0.975
0x89cf4aa9b206a720137da34466ec72b69b0e4f6d66ce201bf252394ebe5c3a9e,Houston,Will the highest temperature in Houston be between 100-101°F on August 15?,18013119044405041672388559947777763440168912238944503619149735234200723283496,No,2026-08-14T18:12:12+00:00,0.975
0xb96a18cd587db80c8344e4b508f4da7455ec19d3102968f0948db498e165c037,Houston,Will the highest temperature in Houston be between 102-103°F on August 15?,6613685240130534578554470367080606226806052226890418464573103849593412920500,Yes,2026-08-14T18:00:16+00:00,0.0015
0xb96a18cd587db80c8344e4b508f4da7455ec19d3102968f0948db498e165c037,Houston,Will the highest temperature in Houston be between 102-103°F on August 15?,6613685240130534578554470367080606226806052226890418464573103849593412920500,Yes,2026-08-14T18:12:11+00:00,0.0015
0xb96a18cd587db80c8344e4b508f4da7455ec19d3102968f0948db498e165c037,Houston,Will the highest temperature in Houston be between 102-103°F on August 15?,49107487298986291359963641465557459149842285386209103792729470717003821401043,No,2026-08-14T18:00:18+00:00,0.9985
0xb96a18cd587db80c8344e4b508f4da7455ec19d3102968f0948db498e165c037,Houston,Will the highest temperature in Houston be between 102-103°F on August 15?,49107487298986291359963641465557459149842285386209103792729470717003821401043,No,2026-08-14T18:12:11+00:00,0.9985
0xceb9fa6a5b0dd8c81698b0c19441f8ace8d3308c6f2beb3399eece0f64a45133,Houston,Will the highest temperature in Houston be 104°F or higher on August 15?,105543005645118994307072673960185924437532319023461923293299298243471538385450,Yes,2026-08-14T18:00:20+00:00,0.0015
0xceb9fa6a5b0dd8c81698b0c19441f8ace8d3308c6f2beb3399eece0f64a45133,Houston,Will the highest temperature in Houston be 104°F or higher on August 15?,105543005645118994307072673960185924437532319023461923293299298243471538385450,Yes,2026-08-14T18:12:12+00:00,0.0015
0xceb9fa6a5b0dd8c81698b0c19441f8ace8d3308c6f2beb3399eece0f64a45133,Houston,Will the highest temperature in Houston be 104°F or higher on August 15?,40771140627971468391051354600899336664919344343264834076131598893492692748614,No,2026-08-14T18:00:20+00:00,0.9985
0xceb9fa6a5b0dd8c81698b0c19441f8ace8d3308c6f2beb3399eece0f64a45133,Houston,Will the highest temperature in Houston be 104°F or higher on August 15?,40771140627971468391051354600899336664919344343264834076131598893492692748614,No,2026-08-14T18:12:12+00:00,0.9985
0xe03ef83291d820246caccf8dde7f3c3c5ba99ede6499707ec39a0dbfa5fa9621,Houston,Will the highest temperature in Houston be 81°F or below on August 14?,10582267533514159443552209759363396668088663561125305460123149894061025640290,Yes,2026-08-14T19:00:16+00:00,0.0005
0xe03ef83291d820246caccf8dde7f3c3c5ba99ede6499707ec39a0dbfa5fa9621,Houston,Will the highest temperature in Houston be 81°F or below on August 14?,10582267533514159443552209759363396668088663561125305460123149894061025640290,Yes,2026-08-14T19:19:13+00:00,0.0005
0xe03ef83291d820246caccf8dde7f3c3c5ba99ede6499707ec39a0dbfa5fa9621,Houston,Will the highest temperature in Houston be 81°F or below on August 14?,111158787808786556713194645514958308437938534561145438512021977007770179475229,No,2026-08-14T19:00:12+00:00,0.9995
0xe03ef83291d820246caccf8dde7f3c3c5ba99ede6499707ec39a0dbfa5fa9621,Houston,Will the highest temperature in Houston be 81°F or below on August 14?,111158787808786556713194645514958308437938534561145438512021977007770179475229,No,2026-08-14T19:19:11+00:00,0.9995
0x2c9252da68703a428a93aacfe1ae3a4958420afe999ded3a38ab1d527bc4907b,Houston,Will the highest temperature in Houston be between 82-83°F on August 14?,101637321380572566648454246578585288131105111134612361834299664151638937052716,Yes,2026-08-14T19:00:16+00:00,0.0005
0x2c9252da68703a428a93aacfe1ae3a4958420afe999ded3a38ab1d527bc4907b,Houston,Will the highest temperature in Houston be between 82-83°F on August 14?,101637321380572566648454246578585288131105111134612361834299664151638937052716,Yes,2026-08-14T19:19:13+00:00,0.0005
0x2c9252da68703a428a93aacfe1ae3a4958420afe999ded3a38ab1d527bc4907b,Houston,Will the highest temperature in Houston be between 82-83°F on August 14?,48161865815974083272892286785915892840282933090526522993744387246710470767186,No,2026-08-14T19:00:14+00:00,0.9995
0x2c9252da68703a428a93aacfe1ae3a4958420afe999ded3a38ab1d527bc4907b,Houston,Will the highest temperature in Houston be between 82-83°F on August 14?,48161865815974083272892286785915892840282933090526522993744387246710470767186,No,2026-08-14T19:19:12+00:00,0.9995
0x838ca38b0c234b981dbe11c53b187127af82b1db5615aa90af8b983bad7e33a0,Houston,Will the highest temperature in Houston be between 84-85°F on August 14?,15488006698237351685732898401699475378252409616836608549277979398113110905993,Yes,2026-08-14T19:00:16+00:00,0.0005
0x838ca38b0c234b981dbe11c53b187127af82b1db5615aa90af8b983bad7e33a0,Houston,Will the highest temperature in Houston be between 84-85°F on August 14?,15488006698237351685732898401699475378252409616836608549277979398113110905993,Yes,2026-08-14T19:19:13+00:00,0.0005
0x838ca38b0c234b981dbe11c53b187127af82b1db5615aa90af8b983bad7e33a0,Houston,Will the highest temperature in Houston be between 84-85°F on August 14?,37235111768247177937255924086320729308997671573777008884072539717949232346097,No,2026-08-14T19:00:12+00:00,0.9995
0x838ca38b0c234b981dbe11c53b187127af82b1db5615aa90af8b983bad7e33a0,Houston,Will the highest temperature in Houston be between 84-85°F on August 14?,37235111768247177937255924086320729308997671573777008884072539717949232346097,No,2026-08-14T19:19:11+00:00,0.9995
0x2131d75b5f7d23cbdd2a31c1cf0c40f360cfa268c99879fa572777d6b19ea716,Houston,Will the highest temperature in Houston be between 86-87°F on August 14?,78539173942764984060922893189022592061364696833492576830221696070881650333698,Yes,2026-08-14T19:00:16+00:00,0.0005
0x2131d75b5f7d23cbdd2a31c1cf0c40f360cfa268c99879fa572777d6b19ea716,Houston,Will the highest temperature in Houston be between 86-87°F on August 14?,78539173942764984060922893189022592061364696833492576830221696070881650333698,Yes,2026-08-14T19:19:13+00:00,0.0005
0x2131d75b5f7d23cbdd2a31c1cf0c40f360cfa268c99879fa572777d6b19ea716,Houston,Will the highest temperature in Houston be between 86-87°F on August 14?,99594452899436634604728616421425036628463967257933630408493844113555809203568,No,2026-08-14T19:00:14+00:00,0.9995
0x2131d75b5f7d23cbdd2a31c1cf0c40f360cfa268c99879fa572777d6b19ea716,Houston,Will the highest temperature in Houston be between 86-87°F on August 14?,99594452899436634604728616421425036628463967257933630408493844113555809203568,No,2026-08-14T19:19:12+00:00,0.9995
0x4a11a8608853932cd58bfc49df03b8d7f7d98c49d7065b37399fe5401d68a07c,Houston,Will the highest temperature in Houston be between 88-89°F on August 14?,12837788342102810065288444386729051493761523072891597043461105824163058476041,Yes,2026-08-14T19:00:16+00:00,0.0005
0x4a11a8608853932cd58bfc49df03b8d7f7d98c49d7065b37399fe5401d68a07c,Houston,Will the highest temperature in Houston be between 88-89°F on August 14?,12837788342102810065288444386729051493761523072891597043461105824163058476041,Yes,2026-08-14T19:19:13+00:00,0.0005
0x4a11a8608853932cd58bfc49df03b8d7f7d98c49d7065b37399fe5401d68a07c,Houston,Will the highest temperature in Houston be between 88-89°F on August 14?,15435265914103628591634606585611734775031686808200489332633238193616638260101,No,2026-08-14T19:00:16+00:00,0.9995
0x4a11a8608853932cd58bfc49df03b8d7f7d98c49d7065b37399fe5401d68a07c,Houston,Will the highest temperature in Houston be between 88-89°F on August 14?,15435265914103628591634606585611734775031686808200489332633238193616638260101,No,2026-08-14T19:19:13+00:00,0.9995
0x359ba4cc0e574f8e33152bacfcaf52786de4d6d062ee22b88e593e455cea9ed4,Houston,Will the highest temperature in Houston be between 90-91°F on August 14?,27237451439041276029800328578030567263278401914511084798198491950237429257608,Yes,2026-08-14T19:00:16+00:00,0.0005
0x359ba4cc0e574f8e33152bacfcaf52786de4d6d062ee22b88e593e455cea9ed4,Houston,Will the highest temperature in Houston be between 90-91°F on August 14?,27237451439041276029800328578030567263278401914511084798198491950237429257608,Yes,2026-08-14T19:19:13+00:00,0.0005
0x359ba4cc0e574f8e33152bacfcaf52786de4d6d062ee22b88e593e455cea9ed4,Houston,Will the highest temperature in Houston be between 90-91°F on August 14?,57509207727069701865106438874519203285979365193645388728270454546337507123524,No,2026-08-14T19:00:16+00:00,0.9995
0x359ba4cc0e574f8e33152bacfcaf52786de4d6d062ee22b88e593e455cea9ed4,Houston,Will the highest temperature in Houston be between 90-91°F on August 14?,57509207727069701865106438874519203285979365193645388728270454546337507123524,No,2026-08-14T19:19:13+00:00,0.9995
0x8a49d18088a8d4ea5e44a96604618dd12339c1a7667012605575fe7b6d5986cd,Houston,Will the highest temperature in Houston be between 92-93°F on August 14?,65825908583112834870318381111223272312032080956679362549448857332496342945803,Yes,2026-08-14T19:00:12+00:00,0.485
0x8a49d18088a8d4ea5e44a96604618dd12339c1a7667012605575fe7b6d5986cd,Houston,Will the highest temperature in Houston be between 92-93°F on August 14?,65825908583112834870318381111223272312032080956679362549448857332496342945803,Yes,2026-08-14T19:19:11+00:00,0.64
0x8a49d18088a8d4ea5e44a96604618dd12339c1a7667012605575fe7b6d5986cd,Houston,Will the highest temperature in Houston be between 92-93°F on August 14?,69002621539137572358230488736682883203290859349309291930560738380543225189579,No,2026-08-14T19:00:15+00:00,0.515
0x8a49d18088a8d4ea5e44a96604618dd12339c1a7667012605575fe7b6d5986cd,Houston,Will the highest temperature in Houston be between 92-93°F on August 14?,69002621539137572358230488736682883203290859349309291930560738380543225189579,No,2026-08-14T19:19:12+00:00,0.36
0x7a5d60bfbc841d82b1e8db1257dd5ef81fb41538c5be8470b0547ee4791ef5b1,Houston,Will the highest temperature in Houston be between 94-95°F on August 14?,28831326021294620747215780146562171214476556340972182937833194616743212051655,Yes,2026-08-14T19:00:16+00:00,0.475
0x7a5d60bfbc841d82b1e8db1257dd5ef81fb41538c5be8470b0547ee4791ef5b1,Houston,Will the highest temperature in Houston be between 94-95°F on August 14?,28831326021294620747215780146562171214476556340972182937833194616743212051655,Yes,2026-08-14T19:19:13+00:00,0.315
0x7a5d60bfbc841d82b1e8db1257dd5ef81fb41538c5be8470b0547ee4791ef5b1,Houston,Will the highest temperature in Houston be between 94-95°F on August 14?,22433220007398485770687147518007825170185203863682135443889026347827370705057,No,2026-08-14T19:00:12+00:00,0.535
0x7a5d60bfbc841d82b1e8db1257dd5ef81fb41538c5be8470b0547ee4791ef5b1,Houston,Will the highest temperature in Houston be between 94-95°F on August 14?,22433220007398485770687147518007825170185203863682135443889026347827370705057,No,2026-08-14T19:19:11+00:00,0.685
0x0585850f9a9f2ccc51b9b81d710344edd285dc88e027338c66c2a2b33bdf80e8,Houston,Will the highest temperature in Houston be between 96-97°F on August 14?,36089177035045371458954855522096750336881786516527680673290407780910632087869,Yes,2026-08-14T19:00:14+00:00,0.045
0x0585850f9a9f2ccc51b9b81d710344edd285dc88e027338c66c2a2b33bdf80e8,Houston,Will the highest temperature in Houston be between 96-97°F on August 14?,36089177035045371458954855522096750336881786516527680673290407780910632087869,Yes,2026-08-14T19:19:12+00:00,0.025
0x0585850f9a9f2ccc51b9b81d710344edd285dc88e027338c66c2a2b33bdf80e8,Houston,Will the highest temperature in Houston be between 96-97°F on August 14?,61331753576686616021773079654416849516409903388112834330786441089762846107721,No,2026-08-14T19:00:13+00:00,0.955
0x0585850f9a9f2ccc51b9b81d710344edd285dc88e027338c66c2a2b33bdf80e8,Houston,Will the highest temperature in Houston be between 96-97°F on August 14?,61331753576686616021773079654416849516409903388112834330786441089762846107721,No,2026-08-14T19:19:11+00:00,0.975
0x431356a95518b339f4919119c67eac9584e60399289ad6cf0a070151af01034e,Houston,Will the highest temperature in Houston be between 98-99°F on August 14?,83863027271530607190889544752135253829494546723021793324830065419921580735990,Yes,2026-08-14T19:00:13+00:00,0.01
0x431356a95518b339f4919119c67eac9584e60399289ad6cf0a070151af01034e,Houston,Will the highest temperature in Houston be between 98-99°F on August 14?,83863027271530607190889544752135253829494546723021793324830065419921580735990,Yes,2026-08-14T19:19:11+00:00,0.01
0x431356a95518b339f4919119c67eac9584e60399289ad6cf0a070151af01034e,Houston,Will the highest temperature in Houston be between 98-99°F on August 14?,44524870878191586307854524290937563062990595664820402594499101592758246713953,No,2026-08-14T19:00:14+00:00,0.99
0x431356a95518b339f4919119c67eac9584e60399289ad6cf0a070151af01034e,Houston,Will the highest temperature in Houston be between 98-99°F on August 14?,44524870878191586307854524290937563062990595664820402594499101592758246713953,No,2026-08-14T19:19:12+00:00,0.99
0xd7a852e47de78c7c19595089aaa95941898e73430dcf5f0600d45d0fc63121c6,Houston,Will the highest temperature in Houston be 100°F or higher on August 14?,33897887330647821069422175789527372225927466609946237397541195049702442102327,Yes,2026-08-14T19:00:16+00:00,0.0035
0xd7a852e47de78c7c19595089aaa95941898e73430dcf5f0600d45d0fc63121c6,Houston,Will the highest temperature in Houston be 100°F or higher on August 14?,33897887330647821069422175789527372225927466609946237397541195049702442102327,Yes,2026-08-14T19:19:13+00:00,0.003
0xd7a852e47de78c7c19595089aaa95941898e73430dcf5f0600d45d0fc63121c6,Houston,Will the highest temperature in Houston be 100°F or higher on August 14?,67244601611795342198309482055714030215900112278497582029973532853868199351410,No,2026-08-14T19:00:14+00:00,0.9965
0xd7a852e47de78c7c19595089aaa95941898e73430dcf5f0600d45d0fc63121c6,Houston,Will the highest temperature in Houston be 100°F or higher on August 14?,67244601611795342198309482055714030215900112278497582029973532853868199351410,No,2026-08-14T19:19:12+00:00,0.997
0xbbe52480e5629af3408cba2173c1e2accf60414b33bc35fe9177576b5faae111,Houston,Will the highest temperature in Houston be 85°F or below on August 15?,21792247222320316455348016585688091666718661689086217027546582789932437638899,Yes,2026-08-14T19:00:12+00:00,0.0005
0xbbe52480e5629af3408cba2173c1e2accf60414b33bc35fe9177576b5faae111,Houston,Will the highest temperature in Houston be 85°F or below on August 15?,21792247222320316455348016585688091666718661689086217027546582789932437638899,Yes,2026-08-14T19:19:11+00:00,0.0005
0xbbe52480e5629af3408cba2173c1e2accf60414b33bc35fe9177576b5faae111,Houston,Will the highest temperature in Houston be 85°F or below on August 15?,75949419147117607431547864708906726550184863265108159852984401612168561720072,No,2026-08-14T19:00:17+00:00,0.9995
0xbbe52480e5629af3408cba2173c1e2accf60414b33bc35fe9177576b5faae111,Houston,Will the highest temperature in Houston be 85°F or below on August 15?,75949419147117607431547864708906726550184863265108159852984401612168561720072,No,2026-08-14T19:19:13+00:00,0.9995
0xd564813f00eac5009b02d53745a92a81760a0217d7923cce283d9c998d7f6755,Houston,Will the highest temperature in Houston be between 86-87°F on August 15?,43049807925073594025011736031866369931990012797229918636493344551886721216198,Yes,2026-08-14T19:00:13+00:00,0.002
0xd564813f00eac5009b02d53745a92a81760a0217d7923cce283d9c998d7f6755,Houston,Will the highest temperature in Houston be between 86-87°F on August 15?,43049807925073594025011736031866369931990012797229918636493344551886721216198,Yes,2026-08-14T19:19:12+00:00,0.002
0xd564813f00eac5009b02d53745a92a81760a0217d7923cce283d9c998d7f6755,Houston,Will the highest temperature in Houston be between 86-87°F on August 15?,96094704431073330016481403794029023022295279070154282635768939242930271875882,No,2026-08-14T19:00:13+00:00,0.998
0xd564813f00eac5009b02d53745a92a81760a0217d7923cce283d9c998d7f6755,Houston,Will the highest temperature in Houston be between 86-87°F on August 15?,96094704431073330016481403794029023022295279070154282635768939242930271875882,No,2026-08-14T19:19:11+00:00,0.998
0x3052631096905cec4afb05c136e6f233e5facb17f1fd88e8e1dc37098c40e1c6,Houston,Will the highest temperature in Houston be between 88-89°F on August 15?,72437507032381737692412267101659869340324351325604348277589691203335640471254,Yes,2026-08-14T19:00:13+00:00,0.004
0x3052631096905cec4afb05c136e6f233e5facb17f1fd88e8e1dc37098c40e1c6,Houston,Will the highest temperature in Houston be between 88-89°F on August 15?,72437507032381737692412267101659869340324351325604348277589691203335640471254,Yes,2026-08-14T19:14:11+00:00,0.004
0x3052631096905cec4afb05c136e6f233e5facb17f1fd88e8e1dc37098c40e1c6,Houston,Will the highest temperature in Houston be between 88-89°F on August 15?,1894709784926408289221080087040456972044290777223838083225631029304624751631,No,2026-08-14T19:00:14+00:00,0.996
0x3052631096905cec4afb05c136e6f233e5facb17f1fd88e8e1dc37098c40e1c6,Houston,Will the highest temperature in Houston be between 88-89°F on August 15?,1894709784926408289221080087040456972044290777223838083225631029304624751631,No,2026-08-14T19:19:12+00:00,0.996
0x7e8e69b45247ef4de66cef8ba3881da1064a8bbd1d069f3d95b2031073319541,Houston,Will the highest temperature in Houston be between 90-91°F on August 15?,41320162587522606068149653624074325380892076047593086335921443756159776442009,Yes,2026-08-14T19:00:12+00:00,0.0115
0x7e8e69b45247ef4de66cef8ba3881da1064a8bbd1d069f3d95b2031073319541,Houston,Will the highest temperature in Houston be between 90-91°F on August 15?,41320162587522606068149653624074325380892076047593086335921443756159776442009,Yes,2026-08-14T19:19:11+00:00,0.0115
0x7e8e69b45247ef4de66cef8ba3881da1064a8bbd1d069f3d95b2031073319541,Houston,Will the highest temperature in Houston be between 90-91°F on August 15?,103690395505024364632870652604112836193113934911399486805006957350984736870603,No,2026-08-14T19:00:13+00:00,0.9885
0x7e8e69b45247ef4de66cef8ba3881da1064a8bbd1d069f3d95b2031073319541,Houston,Will the highest temperature in Houston be between 90-91°F on August 15?,103690395505024364632870652604112836193113934911399486805006957350984736870603,No,2026-08-14T19:19:11+00:00,0.9885
0x0152cf4233bd54231128058767a7206c7924825369e4f57511012296396af902,Houston,Will the highest temperature in Houston be between 92-93°F on August 15?,81683630114945104796933810026778392817877389339133108532289576352923761188441,Yes,2026-08-14T19:00:14+00:00,0.025
0x0152cf4233bd54231128058767a7206c7924825369e4f57511012296396af902,Houston,Will the highest temperature in Houston be between 92-93°F on August 15?,81683630114945104796933810026778392817877389339133108532289576352923761188441,Yes,2026-08-14T19:19:12+00:00,0.025
0x0152cf4233bd54231128058767a7206c7924825369e4f57511012296396af902,Houston,Will the highest temperature in Houston be between 92-93°F on August 15?,44427761966912710604620970339871992409298953880478602520140592265674414378156,No,2026-08-14T19:00:12+00:00,0.975
0x0152cf4233bd54231128058767a7206c7924825369e4f57511012296396af902,Houston,Will the highest temperature in Houston be between 92-93°F on August 15?,44427761966912710604620970339871992409298953880478602520140592265674414378156,No,2026-08-14T19:19:11+00:00,0.975
0xd2171addf5f849aa8160479c6ebd96def6df0b9a58696c65197430c2d8ed3a08,Houston,Will the highest temperature in Houston be between 94-95°F on August 15?,69285490719824938303299081847378210474836392804357009538534299739263287520688,Yes,2026-08-14T19:00:13+00:00,0.26
0xd2171addf5f849aa8160479c6ebd96def6df0b9a58696c65197430c2d8ed3a08,Houston,Will the highest temperature in Houston be between 94-95°F on August 15?,69285490719824938303299081847378210474836392804357009538534299739263287520688,Yes,2026-08-14T19:15:12+00:00,0.26
0xd2171addf5f849aa8160479c6ebd96def6df0b9a58696c65197430c2d8ed3a08,Houston,Will the highest temperature in Houston be between 94-95°F on August 15?,93030434570398115897794942659416787648125325967731719447124518099424084549882,No,2026-08-14T19:00:16+00:00,0.74
0xd2171addf5f849aa8160479c6ebd96def6df0b9a58696c65197430c2d8ed3a08,Houston,Will the highest temperature in Houston be between 94-95°F on August 15?,93030434570398115897794942659416787648125325967731719447124518099424084549882,No,2026-08-14T19:19:13+00:00,0.74
0x53fc96d38c9956e853fd8f19c48c8e38ec9cfae378588f5d840e09b71ce0b083,Houston,Will the highest temperature in Houston be between 96-97°F on August 15?,99270992836300752328939877966366149006142227363021353470305550180050966847173,Yes,2026-08-14T19:00:14+00:00,0.505
0x53fc96d38c9956e853fd8f19c48c8e38ec9cfae378588f5d840e09b71ce0b083,Houston,Will the highest temperature in Houston be between 96-97°F on August 15?,99270992836300752328939877966366149006142227363021353470305550180050966847173,Yes,2026-08-14T19:19:12+00:00,0.51
0x53fc96d38c9956e853fd8f19c48c8e38ec9cfae378588f5d840e09b71ce0b083,Houston,Will the highest temperature in Houston be between 96-97°F on August 15?,78479618278422626974959199354830075521241378844320870782058987061772523695188,No,2026-08-14T19:00:13+00:00,0.495
0x53fc96d38c9956e853fd8f19c48c8e38ec9cfae378588f5d840e09b71ce0b083,Houston,Will the highest temperature in Houston be between 96-97°F on August 15?,78479618278422626974959199354830075521241378844320870782058987061772523695188,No,2026-08-14T19:19:11+00:00,0.49
0xe0b4a6377c867a2f892d4b8350a0c468d11a810dcab6619bd1dd17645a20f2d6,Houston,Will the highest temperature in Houston be between 98-99°F on August 15?,27977338018292946940662444902912348467803007867220110150328464506724100066340,Yes,2026-08-14T19:00:16+00:00,0.17
0xe0b4a6377c867a2f892d4b8350a0c468d11a810dcab6619bd1dd17645a20f2d6,Houston,Will the highest temperature in Houston be between 98-99°F on August 15?,27977338018292946940662444902912348467803007867220110150328464506724100066340,Yes,2026-08-14T19:19:13+00:00,0.165
0xe0b4a6377c867a2f892d4b8350a0c468d11a810dcab6619bd1dd17645a20f2d6,Houston,Will the highest temperature in Houston be between 98-99°F on August 15?,15892001859657100646986515180346706843066198887789644354272927945426335419270,No,2026-08-14T19:00:16+00:00,0.83
0xe0b4a6377c867a2f892d4b8350a0c468d11a810dcab6619bd1dd17645a20f2d6,Houston,Will the highest temperature in Houston be between 98-99°F on August 15?,15892001859657100646986515180346706843066198887789644354272927945426335419270,No,2026-08-14T19:19:13+00:00,0.835
0x89cf4aa9b206a720137da34466ec72b69b0e4f6d66ce201bf252394ebe5c3a9e,Houston,Will the highest temperature in Houston be between 100-101°F on August 15?,30716988798286352312993129143806589709193025409146214824487163036113491528884,Yes,2026-08-14T19:00:15+00:00,0.025
0x89cf4aa9b206a720137da34466ec72b69b0e4f6d66ce201bf252394ebe5c3a9e,Houston,Will the highest temperature in Houston be between 100-101°F on August 15?,30716988798286352312993129143806589709193025409146214824487163036113491528884,Yes,2026-08-14T19:19:12+00:00,0.025
0x89cf4aa9b206a720137da34466ec72b69b0e4f6d66ce201bf252394ebe5c3a9e,Houston,Will the highest temperature in Houston be between 100-101°F on August 15?,18013119044405041672388559947777763440168912238944503619149735234200723283496,No,2026-08-14T19:00:16+00:00,0.975
0x89cf4aa9b206a720137da34466ec72b69b0e4f6d66ce201bf252394ebe5c3a9e,Houston,Will the highest temperature in Houston be between 100-101°F on August 15?,18013119044405041672388559947777763440168912238944503619149735234200723283496,No,2026-08-14T19:19:13+00:00,0.975
0xb96a18cd587db80c8344e4b508f4da7455ec19d3102968f0948db498e165c037,Houston,Will the highest temperature in Houston be between 102-103°F on August 15?,6613685240130534578554470367080606226806052226890418464573103849593412920500,Yes,2026-08-14T19:00:13+00:00,0.0015
0xb96a18cd587db80c8344e4b508f4da7455ec19d3102968f0948db498e165c037,Houston,Will the highest temperature in Houston be between 102-103°F on August 15?,6613685240130534578554470367080606226806052226890418464573103849593412920500,Yes,2026-08-14T19:19:12+00:00,0.0015
0xb96a18cd587db80c8344e4b508f4da7455ec19d3102968f0948db498e165c037,Houston,Will the highest temperature in Houston be between 102-103°F on August 15?,49107487298986291359963641465557459149842285386209103792729470717003821401043,No,2026-08-14T19:00:15+00:00,0.9985
0xb96a18cd587db80c8344e4b508f4da7455ec19d3102968f0948db498e165c037,Houston,Will the highest temperature in Houston be between 102-103°F on August 15?,49107487298986291359963641465557459149842285386209103792729470717003821401043,No,2026-08-14T19:19:12+00:00,0.9985
0xceb9fa6a5b0dd8c81698b0c19441f8ace8d3308c6f2beb3399eece0f64a45133,Houston,Will the highest temperature in Houston be 104°F or higher on August 15?,105543005645118994307072673960185924437532319023461923293299298243471538385450,Yes,2026-08-14T19:00:16+00:00,0.0015
0xceb9fa6a5b0dd8c81698b0c19441f8ace8d3308c6f2beb3399eece0f64a45133,Houston,Will the highest temperature in Houston be 104°F or higher on August 15?,105543005645118994307072673960185924437532319023461923293299298243471538385450,Yes,2026-08-14T19:15:14+00:00,0.0015
0xceb9fa6a5b0dd8c81698b0c19441f8ace8d3308c6f2beb3399eece0f64a45133,Houston,Will the highest temperature in Houston be 104°F or higher on August 15?,40771140627971468391051354600899336664919344343264834076131598893492692748614,No,2026-08-14T19:00:16+00:00,0.9985
0xceb9fa6a5b0dd8c81698b0c19441f8ace8d3308c6f2beb3399eece0f64a45133,Houston,Will the highest temperature in Houston be 104°F or higher on August 15?,40771140627971468391051354600899336664919344343264834076131598893492692748614,No,2026-08-14T19:19:13+00:00,0.9985
0xe03ef83291d820246caccf8dde7f3c3c5ba99ede6499707ec39a0dbfa5fa9621,Houston,Will the highest temperature in Houston be 81°F or below on August 14?,10582267533514159443552209759363396668088663561125305460123149894061025640290,Yes,2026-08-14T20:00:16+00:00,0.0005
0xe03ef83291d820246caccf8dde7f3c3c5ba99ede6499707ec39a0dbfa5fa9621,Houston,Will the highest temperature in Houston be 81°F or below on August 14?,10582267533514159443552209759363396668088663561125305460123149894061025640290,Yes,2026-08-14T20:04:13+00:00,0.0005
0xe03ef83291d820246caccf8dde7f3c3c5ba99ede6499707ec39a0dbfa5fa9621,Houston,Will the highest temperature in Houston be 81°F or below on August 14?,111158787808786556713194645514958308437938534561145438512021977007770179475229,No,2026-08-14T20:00:12+00:00,0.9995
0xe03ef83291d820246caccf8dde7f3c3c5ba99ede6499707ec39a0dbfa5fa9621,Houston,Will the highest temperature in Houston be 81°F or below on August 14?,111158787808786556713194645514958308437938534561145438512021977007770179475229,No,2026-08-14T20:04:11+00:00,0.9995
0x2c9252da68703a428a93aacfe1ae3a4958420afe999ded3a38ab1d527bc4907b,Houston,Will the highest temperature in Houston be between 82-83°F on August 14?,101637321380572566648454246578585288131105111134612361834299664151638937052716,Yes,2026-08-14T20:00:15+00:00,0.0005
0x2c9252da68703a428a93aacfe1ae3a4958420afe999ded3a38ab1d527bc4907b,Houston,Will the highest temperature in Houston be between 82-83°F on August 14?,101637321380572566648454246578585288131105111134612361834299664151638937052716,Yes,2026-08-14T20:04:12+00:00,0.0005
0x2c9252da68703a428a93aacfe1ae3a4958420afe999ded3a38ab1d527bc4907b,Houston,Will the highest temperature in Houston be between 82-83°F on August 14?,48161865815974083272892286785915892840282933090526522993744387246710470767186,No,2026-08-14T20:00:13+00:00,0.9995
0x2c9252da68703a428a93aacfe1ae3a4958420afe999ded3a38ab1d527bc4907b,Houston,Will the highest temperature in Houston be between 82-83°F on August 14?,48161865815974083272892286785915892840282933090526522993744387246710470767186,No,2026-08-14T20:04:11+00:00,0.9995
0x838ca38b0c234b981dbe11c53b187127af82b1db5615aa90af8b983bad7e33a0,Houston,Will the highest temperature in Houston be between 84-85°F on August 14?,15488006698237351685732898401699475378252409616836608549277979398113110905993,Yes,2026-08-14T20:00:16+00:00,0.0005
0x838ca38b0c234b981dbe11c53b187127af82b1db5615aa90af8b983bad7e33a0,Houston,Will the highest temperature in Houston be between 84-85°F on August 14?,15488006698237351685732898401699475378252409616836608549277979398113110905993,Yes,2026-08-14T20:04:13+00:00,0.0005
0x838ca38b0c234b981dbe11c53b187127af82b1db5615aa90af8b983bad7e33a0,Houston,Will the highest temperature in Houston be between 84-85°F on August 14?,37235111768247177937255924086320729308997671573777008884072539717949232346097,No,2026-08-14T20:00:12+00:00,0.9995
0x838ca38b0c234b981dbe11c53b187127af82b1db5615aa90af8b983bad7e33a0,Houston,Will the highest temperature in Houston be between 84-85°F on August 14?,37235111768247177937255924086320729308997671573777008884072539717949232346097,No,2026-08-14T20:04:11+00:00,0.9995
0x2131d75b5f7d23cbdd2a31c1cf0c40f360cfa268c99879fa572777d6b19ea716,Houston,Will the highest temperature in Houston be between 86-87°F on August 14?,78539173942764984060922893189022592061364696833492576830221696070881650333698,Yes,2026-08-14T20:00:16+00:00,0.0005
0x2131d75b5f7d23cbdd2a31c1cf0c40f360cfa268c99879fa572777d6b19ea716,Houston,Will the highest temperature in Houston be between 86-87°F on August 14?,78539173942764984060922893189022592061364696833492576830221696070881650333698,Yes,2026-08-14T20:04:13+00:00,0.0005
0x2131d75b5f7d23cbdd2a31c1cf0c40f360cfa268c99879fa572777d6b19ea716,Houston,Will the highest temperature in Houston be between 86-87°F on August 14?,99594452899436634604728616421425036628463967257933630408493844113555809203568,No,2026-08-14T20:00:14+00:00,0.9995
0x2131d75b5f7d23cbdd2a31c1cf0c40f360cfa268c99879fa572777d6b19ea716,Houston,Will the highest temperature in Houston be between 86-87°F on August 14?,99594452899436634604728616421425036628463967257933630408493844113555809203568,No,2026-08-14T20:04:12+00:00,0.9995
0x4a11a8608853932cd58bfc49df03b8d7f7d98c49d7065b37399fe5401d68a07c,Houston,Will the highest temperature in Houston be between 88-89°F on August 14?,12837788342102810065288444386729051493761523072891597043461105824163058476041,Yes,2026-08-14T20:00:16+00:00,0.0005
0x4a11a8608853932cd58bfc49df03b8d7f7d98c49d7065b37399fe5401d68a07c,Houston,Will the highest temperature in Houston be between 88-89°F on August 14?,12837788342102810065288444386729051493761523072891597043461105824163058476041,Yes,2026-08-14T20:04:13+00:00,0.0005
0x4a11a8608853932cd58bfc49df03b8d7f7d98c49d7065b37399fe5401d68a07c,Houston,Will the highest temperature in Houston be between 88-89°F on August 14?,15435265914103628591634606585611734775031686808200489332633238193616638260101,No,2026-08-14T20:00:16+00:00,0.9995
0x4a11a8608853932cd58bfc49df03b8d7f7d98c49d7065b37399fe5401d68a07c,Houston,Will the highest temperature in Houston be between 88-89°F on August 14?,15435265914103628591634606585611734775031686808200489332633238193616638260101,No,2026-08-14T20:04:13+00:00,0.9995
0x359ba4cc0e574f8e33152bacfcaf52786de4d6d062ee22b88e593e455cea9ed4,Houston,Will the highest temperature in Houston be between 90-91°F on August 14?,27237451439041276029800328578030567263278401914511084798198491950237429257608,Yes,2026-08-14T20:00:16+00:00,0.0005
0x359ba4cc0e574f8e33152bacfcaf52786de4d6d062ee22b88e593e455cea9ed4,Houston,Will the highest temperature in Houston be between 90-91°F on August 14?,27237451439041276029800328578030567263278401914511084798198491950237429257608,Yes,2026-08-14T20:04:13+00:00,0.0005
0x359ba4cc0e574f8e33152bacfcaf52786de4d6d062ee22b88e593e455cea9ed4,Houston,Will the highest temperature in Houston be between 90-91°F on August 14?,57509207727069701865106438874519203285979365193645388728270454546337507123524,No,2026-08-14T20:00:15+00:00,0.9995
0x359ba4cc0e574f8e33152bacfcaf52786de4d6d062ee22b88e593e455cea9ed4,Houston,Will the highest temperature in Houston be between 90-91°F on August 14?,57509207727069701865106438874519203285979365193645388728270454546337507123524,No,2026-08-14T20:04:12+00:00,0.9995
0x8a49d18088a8d4ea5e44a96604618dd12339c1a7667012605575fe7b6d5986cd,Houston,Will the highest temperature in Houston be between 92-93°F on August 14?,65825908583112834870318381111223272312032080956679362549448857332496342945803,Yes,2026-08-14T20:00:11+00:00,0.61
0x8a49d18088a8d4ea5e44a96604618dd12339c1a7667012605575fe7b6d5986cd,Houston,Will the highest temperature in Houston be between 92-93°F on August 14?,65825908583112834870318381111223272312032080956679362549448857332496342945803,Yes,2026-08-14T20:04:10+00:00,0.675
0x8a49d18088a8d4ea5e44a96604618dd12339c1a7667012605575fe7b6d5986cd,Houston,Will the highest temperature in Houston be between 92-93°F on August 14?,69002621539137572358230488736682883203290859349309291930560738380543225189579,No,2026-08-14T20:00:15+00:00,0.39
0x8a49d18088a8d4ea5e44a96604618dd12339c1a7667012605575fe7b6d5986cd,Houston,Will the highest temperature in Houston be between 92-93°F on August 14?,69002621539137572358230488736682883203290859349309291930560738380543225189579,No,2026-08-14T20:04:12+00:00,0.325
0x7a5d60bfbc841d82b1e8db1257dd5ef81fb41538c5be8470b0547ee4791ef5b1,Houston,Will the highest temperature in Houston be between 94-95°F on August 14?,28831326021294620747215780146562171214476556340972182937833194616743212051655,Yes,2026-08-14T20:00:16+00:00,0.315
0x7a5d60bfbc841d82b1e8db1257dd5ef81fb41538c5be8470b0547ee4791ef5b1,Houston,Will the highest temperature in Houston be between 94-95°F on August 14?,28831326021294620747215780146562171214476556340972182937833194616743212051655,Yes,2026-08-14T20:04:13+00:00,0.26
0x7a5d60bfbc841d82b1e8db1257dd5ef81fb41538c5be8470b0547ee4791ef5b1,Houston,Will the highest temperature in Houston be between 94-95°F on August 14?,22433220007398485770687147518007825170185203863682135443889026347827370705057,No,2026-08-14T20:00:11+00:00,0.685
0x7a5d60bfbc841d82b1e8db1257dd5ef81fb41538c5be8470b0547ee4791ef5b1,Houston,Will the highest temperature in Houston be between 94-95°F on August 14?,22433220007398485770687147518007825170185203863682135443889026347827370705057,No,2026-08-14T20:04:10+00:00,0.74
0x0585850f9a9f2ccc51b9b81d710344edd285dc88e027338c66c2a2b33bdf80e8,Houston,Will the highest temperature in Houston be between 96-97°F on August 14?,36089177035045371458954855522096750336881786516527680673290407780910632087869,Yes,2026-08-14T20:00:14+00:00,0.035
0x0585850f9a9f2ccc51b9b81d710344edd285dc88e027338c66c2a2b33bdf80e8,Houston,Will the highest temperature in Houston be between 96-97°F on August 14?,36089177035045371458954855522096750336881786516527680673290407780910632087869,Yes,2026-08-14T20:04:12+00:00,0.035
0x0585850f9a9f2ccc51b9b81d710344edd285dc88e027338c66c2a2b33bdf80e8,Houston,Will the highest temperature in Houston be between 96-97°F on August 14?,61331753576686616021773079654416849516409903388112834330786441089762846107721,No,2026-08-14T20:00:13+00:00,0.965
0x0585850f9a9f2ccc51b9b81d710344edd285dc88e027338c66c2a2b33bdf80e8,Houston,Will the highest temperature in Houston be between 96-97°F on August 14?,61331753576686616021773079654416849516409903388112834330786441089762846107721,No,2026-08-14T20:04:11+00:00,0.965
0x431356a95518b339f4919119c67eac9584e60399289ad6cf0a070151af01034e,Houston,Will the highest temperature in Houston be between 98-99°F on August 14?,83863027271530607190889544752135253829494546723021793324830065419921580735990,Yes,2026-08-14T20:00:12+00:00,0.01
0x431356a95518b339f4919119c67eac9584e60399289ad6cf0a070151af01034e,Houston,Will the highest temperature in Houston be between 98-99°F on August 14?,83863027271530607190889544752135253829494546723021793324830065419921580735990,Yes,2026-08-14T20:04:11+00:00,0.02
0x431356a95518b339f4919119c67eac9584e60399289ad6cf0a070151af01034e,Houston,Will the highest temperature in Houston be between 98-99°F on August 14?,44524870878191586307854524290937563062990595664820402594499101592758246713953,No,2026-08-14T20:00:14+00:00,0.99
0x431356a95518b339f4919119c67eac9584e60399289ad6cf0a070151af01034e,Houston,Will the highest temperature in Houston be between 98-99°F on August 14?,44524870878191586307854524290937563062990595664820402594499101592758246713953,No,2026-08-14T20:04:12+00:00,0.98
0xd7a852e47de78c7c19595089aaa95941898e73430dcf5f0600d45d0fc63121c6,Houston,Will the highest temperature in Houston be 100°F or higher on August 14?,33897887330647821069422175789527372225927466609946237397541195049702442102327,Yes,2026-08-14T20:00:16+00:00,0.005
0xd7a852e47de78c7c19595089aaa95941898e73430dcf5f0600d45d0fc63121c6,Houston,Will the highest temperature in Houston be 100°F or higher on August 14?,33897887330647821069422175789527372225927466609946237397541195049702442102327,Yes,2026-08-14T20:04:13+00:00,0.004
0xd7a852e47de78c7c19595089aaa95941898e73430dcf5f0600d45d0fc63121c6,Houston,Will the highest temperature in Houston be 100°F or higher on August 14?,67244601611795342198309482055714030215900112278497582029973532853868199351410,No,2026-08-14T20:00:14+00:00,0.995
0xd7a852e47de78c7c19595089aaa95941898e73430dcf5f0600d45d0fc63121c6,Houston,Will the highest temperature in Houston be 100°F or higher on August 14?,67244601611795342198309482055714030215900112278497582029973532853868199351410,No,2026-08-14T20:04:12+00:00,0.996
0xbbe52480e5629af3408cba2173c1e2accf60414b33bc35fe9177576b5faae111,Houston,Will the highest temperature in Houston be 85°F or below on August 15?,21792247222320316455348016585688091666718661689086217027546582789932437638899,Yes,2026-08-14T20:00:11+00:00,0.0005
0xbbe52480e5629af3408cba2173c1e2accf60414b33bc35fe9177576b5faae111,Houston,Will the highest temperature in Houston be 85°F or below on August 15?,21792247222320316455348016585688091666718661689086217027546582789932437638899,Yes,2026-08-14T20:04:10+00:00,0.0005
0xbbe52480e5629af3408cba2173c1e2accf60414b33bc35fe9177576b5faae111,Houston,Will the highest temperature in Houston be 85°F or below on August 15?,75949419147117607431547864708906726550184863265108159852984401612168561720072,No,2026-08-14T20:00:17+00:00,0.9995
0xbbe52480e5629af3408cba2173c1e2accf60414b33bc35fe9177576b5faae111,Houston,Will the highest temperature in Houston be 85°F or below on August 15?,75949419147117607431547864708906726550184863265108159852984401612168561720072,No,2026-08-14T20:04:13+00:00,0.9995
0xd564813f00eac5009b02d53745a92a81760a0217d7923cce283d9c998d7f6755,Houston,Will the highest temperature in Houston be between 86-87°F on August 15?,43049807925073594025011736031866369931990012797229918636493344551886721216198,Yes,2026-08-14T20:00:13+00:00,0.002
0xd564813f00eac5009b02d53745a92a81760a0217d7923cce283d9c998d7f6755,Houston,Will the highest temperature in Houston be between 86-87°F on August 15?,43049807925073594025011736031866369931990012797229918636493344551886721216198,Yes,2026-08-14T20:04:11+00:00,0.002
0xd564813f00eac5009b02d53745a92a81760a0217d7923cce283d9c998d7f6755,Houston,Will the highest temperature in Houston be between 86-87°F on August 15?,96094704431073330016481403794029023022295279070154282635768939242930271875882,No,2026-08-14T20:00:12+00:00,0.998
0xd564813f00eac5009b02d53745a92a81760a0217d7923cce283d9c998d7f6755,Houston,Will the highest temperature in Houston be between 86-87°F on August 15?,96094704431073330016481403794029023022295279070154282635768939242930271875882,No,2026-08-14T20:04:11+00:00,0.998
0x3052631096905cec4afb05c136e6f233e5facb17f1fd88e8e1dc37098c40e1c6,Houston,Will the highest temperature in Houston be between 88-89°F on August 15?,72437507032381737692412267101659869340324351325604348277589691203335640471254,Yes,2026-08-14T20:00:12+00:00,0.004
0x3052631096905cec4afb05c136e6f233e5facb17f1fd88e8e1dc37098c40e1c6,Houston,Will the highest temperature in Houston be between 88-89°F on August 15?,72437507032381737692412267101659869340324351325604348277589691203335640471254,Yes,2026-08-14T20:04:11+00:00,0.004
0x3052631096905cec4afb05c136e6f233e5facb17f1fd88e8e1dc37098c40e1c6,Houston,Will the highest temperature in Houston be between 88-89°F on August 15?,1894709784926408289221080087040456972044290777223838083225631029304624751631,No,2026-08-14T20:00:13+00:00,0.996
0x3052631096905cec4afb05c136e6f233e5facb17f1fd88e8e1dc37098c40e1c6,Houston,Will the highest temperature in Houston be between 88-89°F on August 15?,1894709784926408289221080087040456972044290777223838083225631029304624751631,No,2026-08-14T20:04:12+00:00,0.996
0x7e8e69b45247ef4de66cef8ba3881da1064a8bbd1d069f3d95b2031073319541,Houston,Will the highest temperature in Houston be between 90-91°F on August 15?,41320162587522606068149653624074325380892076047593086335921443756159776442009,Yes,2026-08-14T20:00:12+00:00,0.0115
0x7e8e69b45247ef4de66cef8ba3881da1064a8bbd1d069f3d95b2031073319541,Houston,Will the highest temperature in Houston be between 90-91°F on August 15?,41320162587522606068149653624074325380892076047593086335921443756159776442009,Yes,2026-08-14T20:04:11+00:00,0.0115
0x7e8e69b45247ef4de66cef8ba3881da1064a8bbd1d069f3d95b2031073319541,Houston,Will the highest temperature in Houston be between 90-91°F on August 15?,103690395505024364632870652604112836193113934911399486805006957350984736870603,No,2026-08-14T20:00:12+00:00,0.9885
0x7e8e69b45247ef4de66cef8ba3881da1064a8bbd1d069f3d95b2031073319541,Houston,Will the highest temperature in Houston be between 90-91°F on August 15?,103690395505024364632870652604112836193113934911399486805006957350984736870603,No,2026-08-14T20:04:11+00:00,0.9885
0x0152cf4233bd54231128058767a7206c7924825369e4f57511012296396af902,Houston,Will the highest temperature in Houston be between 92-93°F on August 15?,81683630114945104796933810026778392817877389339133108532289576352923761188441,Yes,2026-08-14T20:00:13+00:00,0.025
0x0152cf4233bd54231128058767a7206c7924825369e4f57511012296396af902,Houston,Will the highest temperature in Houston be between 92-93°F on August 15?,81683630114945104796933810026778392817877389339133108532289576352923761188441,Yes,2026-08-14T20:04:11+00:00,0.025
0x0152cf4233bd54231128058767a7206c7924825369e4f57511012296396af902,Houston,Will the highest temperature in Houston be between 92-93°F on August 15?,44427761966912710604620970339871992409298953880478602520140592265674414378156,No,2026-08-14T20:00:12+00:00,0.975
0x0152cf4233bd54231128058767a7206c7924825369e4f57511012296396af902,Houston,Will the highest temperature in Houston be between 92-93°F on August 15?,44427761966912710604620970339871992409298953880478602520140592265674414378156,No,2026-08-14T20:04:11+00:00,0.975
0xd2171addf5f849aa8160479c6ebd96def6df0b9a58696c65197430c2d8ed3a08,Houston,Will the highest temperature in Houston be between 94-95°F on August 15?,69285490719824938303299081847378210474836392804357009538534299739263287520688,Yes,2026-08-14T20:00:12+00:00,0.26
0xd2171addf5f849aa8160479c6ebd96def6df0b9a58696c65197430c2d8ed3a08,Houston,Will the highest temperature in Houston be between 94-95°F on August 15?,69285490719824938303299081847378210474836392804357009538534299739263287520688,Yes,2026-08-14T20:04:11+00:00,0.26
0xd2171addf5f849aa8160479c6ebd96def6df0b9a58696c65197430c2d8ed3a08,Houston,Will the highest temperature in Houston be between 94-95°F on August 15?,93030434570398115897794942659416787648125325967731719447124518099424084549882,No,2026-08-14T20:00:16+00:00,0.74
0xd2171addf5f849aa8160479c6ebd96def6df0b9a58696c65197430c2d8ed3a08,Houston,Will the highest temperature in Houston be between 94-95°F on August 15?,93030434570398115897794942659416787648125325967731719447124518099424084549882,No,2026-08-14T20:04:13+00:00,0.74
0x53fc96d38c9956e853fd8f19c48c8e38ec9cfae378588f5d840e09b71ce0b083,Houston,Will the highest temperature in Houston be between 96-97°F on August 15?,99270992836300752328939877966366149006142227363021353470305550180050966847173,Yes,2026-08-14T20:00:13+00:00,0.525
0x53fc96d38c9956e853fd8f19c48c8e38ec9cfae378588f5d840e09b71ce0b083,Houston,Will the highest temperature in Houston be between 96-97°F on August 15?,99270992836300752328939877966366149006142227363021353470305550180050966847173,Yes,2026-08-14T20:04:11+00:00,0.525
0x53fc96d38c9956e853fd8f19c48c8e38ec9cfae378588f5d840e09b71ce0b083,Houston,Will the highest temperature in Houston be between 96-97°F on August 15?,78479618278422626974959199354830075521241378844320870782058987061772523695188,No,2026-08-14T20:00:12+00:00,0.475
0x53fc96d38c9956e853fd8f19c48c8e38ec9cfae378588f5d840e09b71ce0b083,Houston,Will the highest temperature in Houston be between 96-97°F on August 15?,78479618278422626974959199354830075521241378844320870782058987061772523695188,No,2026-08-14T20:04:11+00:00,0.475
0xe0b4a6377c867a2f892d4b8350a0c468d11a810dcab6619bd1dd17645a20f2d6,Houston,Will the highest temperature in Houston be between 98-99°F on August 15?,27977338018292946940662444902912348467803007867220110150328464506724100066340,Yes,2026-08-14T20:00:16+00:00,0.155
0xe0b4a6377c867a2f892d4b8350a0c468d11a810dcab6619bd1dd17645a20f2d6,Houston,Will the highest temperature in Houston be between 98-99°F on August 15?,27977338018292946940662444902912348467803007867220110150328464506724100066340,Yes,2026-08-14T20:04:13+00:00,0.155
0xe0b4a6377c867a2f892d4b8350a0c468d11a810dcab6619bd1dd17645a20f2d6,Houston,Will the highest temperature in Houston be between 98-99°F on August 15?,15892001859657100646986515180346706843066198887789644354272927945426335419270,No,2026-08-14T20:00:16+00:00,0.845
0xe0b4a6377c867a2f892d4b8350a0c468d11a810dcab6619bd1dd17645a20f2d6,Houston,Will the highest temperature in Houston be between 98-99°F on August 15?,15892001859657100646986515180346706843066198887789644354272927945426335419270,No,2026-08-14T20:04:13+00:00,0.845
0x89cf4aa9b206a720137da34466ec72b69b0e4f6d66ce201bf252394ebe5c3a9e,Houston,Will the highest temperature in Houston be between 100-101°F on August 15?,30716988798286352312993129143806589709193025409146214824487163036113491528884,Yes,2026-08-14T20:00:14+00:00,0.025
0x89cf4aa9b206a720137da34466ec72b69b0e4f6d66ce201bf252394ebe5c3a9e,Houston,Will the highest temperature in Houston be between 100-101°F on August 15?,30716988798286352312993129143806589709193025409146214824487163036113491528884,Yes,2026-08-14T20:04:12+00:00,0.025
0x89cf4aa9b206a720137da34466ec72b69b0e4f6d66ce201bf252394ebe5c3a9e,Houston,Will the highest temperature in Houston be between 100-101°F on August 15?,18013119044405041672388559947777763440168912238944503619149735234200723283496,No,2026-08-14T20:00:16+00:00,0.975
0x89cf4aa9b206a720137da34466ec72b69b0e4f6d66ce201bf252394ebe5c3a9e,Houston,Will the highest temperature in Houston be between 100-101°F on August 15?,18013119044405041672388559947777763440168912238944503619149735234200723283496,No,2026-08-14T20:04:13+00:00,0.975
0xb96a18cd587db80c8344e4b508f4da7455ec19d3102968f0948db498e165c037,Houston,Will the highest temperature in Houston be between 102-103°F on August 15?,6613685240130534578554470367080606226806052226890418464573103849593412920500,Yes,2026-08-14T20:00:13+00:00,0.0015
0xb96a18cd587db80c8344e4b508f4da7455ec19d3102968f0948db498e165c037,Houston,Will the highest temperature in Houston be between 102-103°F on August 15?,6613685240130534578554470367080606226806052226890418464573103849593412920500,Yes,2026-08-14T20:04:11+00:00,0.0015
0xb96a18cd587db80c8344e4b508f4da7455ec19d3102968f0948db498e165c037,Houston,Will the highest temperature in Houston be between 102-103°F on August 15?,49107487298986291359963641465557459149842285386209103792729470717003821401043,No,2026-08-14T20:00:14+00:00,0.9985
0xb96a18cd587db80c8344e4b508f4da7455ec19d3102968f0948db498e165c037,Houston,Will the highest temperature in Houston be between 102-103°F on August 15?,49107487298986291359963641465557459149842285386209103792729470717003821401043,No,2026-08-14T20:04:12+00:00,0.9985
0xceb9fa6a5b0dd8c81698b0c19441f8ace8d3308c6f2beb3399eece0f64a45133,Houston,Will the highest temperature in Houston be 104°F or higher on August 15?,105543005645118994307072673960185924437532319023461923293299298243471538385450,Yes,2026-08-14T20:00:15+00:00,0.0015
0xceb9fa6a5b0dd8c81698b0c19441f8ace8d3308c6f2beb3399eece0f64a45133,Houston,Will the highest temperature in Houston be 104°F or higher on August 15?,105543005645118994307072673960185924437532319023461923293299298243471538385450,Yes,2026-08-14T20:04:13+00:00,0.0015
0xceb9fa6a5b0dd8c81698b0c19441f8ace8d3308c6f2beb3399eece0f64a45133,Houston,Will the highest temperature in Houston be 104°F or higher on August 15?,40771140627971468391051354600899336664919344343264834076131598893492692748614,No,2026-08-14T20:00:15+00:00,0.9985
0xceb9fa6a5b0dd8c81698b0c19441f8ace8d3308c6f2beb3399eece0f64a45133,Houston,Will the highest temperature in Houston be 104°F or higher on August 15?,40771140627971468391051354600899336664919344343264834076131598893492692748614,No,2026-08-14T20:04:12+00:00,0.9985
0xe03ef83291d820246caccf8dde7f3c3c5ba99ede6499707ec39a0dbfa5fa9621,Houston,Will the highest temperature in Houston be 81°F or below on August 14?,10582267533514159443552209759363396668088663561125305460123149894061025640290,Yes,2026-08-14T20:51:13+00:00,0.0005
0xe03ef83291d820246caccf8dde7f3c3c5ba99ede6499707ec39a0dbfa5fa9621,Houston,Will the highest temperature in Houston be 81°F or below on August 14?,111158787808786556713194645514958308437938534561145438512021977007770179475229,No,2026-08-14T20:51:11+00:00,0.9995
0x2c9252da68703a428a93aacfe1ae3a4958420afe999ded3a38ab1d527bc4907b,Houston,Will the highest temperature in Houston be between 82-83°F on August 14?,101637321380572566648454246578585288131105111134612361834299664151638937052716,Yes,2026-08-14T20:51:12+00:00,0.0005
0x2c9252da68703a428a93aacfe1ae3a4958420afe999ded3a38ab1d527bc4907b,Houston,Will the highest temperature in Houston be between 82-83°F on August 14?,48161865815974083272892286785915892840282933090526522993744387246710470767186,No,2026-08-14T20:51:11+00:00,0.9995
0x838ca38b0c234b981dbe11c53b187127af82b1db5615aa90af8b983bad7e33a0,Houston,Will the highest temperature in Houston be between 84-85°F on August 14?,15488006698237351685732898401699475378252409616836608549277979398113110905993,Yes,2026-08-14T20:51:13+00:00,0.0005
0x838ca38b0c234b981dbe11c53b187127af82b1db5615aa90af8b983bad7e33a0,Houston,Will the highest temperature in Houston be between 84-85°F on August 14?,37235111768247177937255924086320729308997671573777008884072539717949232346097,No,2026-08-14T20:51:10+00:00,0.9995
0x2131d75b5f7d23cbdd2a31c1cf0c40f360cfa268c99879fa572777d6b19ea716,Houston,Will the highest temperature in Houston be between 86-87°F on August 14?,78539173942764984060922893189022592061364696833492576830221696070881650333698,Yes,2026-08-14T20:51:13+00:00,0.0005
0x2131d75b5f7d23cbdd2a31c1cf0c40f360cfa268c99879fa572777d6b19ea716,Houston,Will the highest temperature in Houston be between 86-87°F on August 14?,99594452899436634604728616421425036628463967257933630408493844113555809203568,No,2026-08-14T20:51:12+00:00,0.9995
0x4a11a8608853932cd58bfc49df03b8d7f7d98c49d7065b37399fe5401d68a07c,Houston,Will the highest temperature in Houston be between 88-89°F on August 14?,12837788342102810065288444386729051493761523072891597043461105824163058476041,Yes,2026-08-14T20:51:13+00:00,0.0005
0x4a11a8608853932cd58bfc49df03b8d7f7d98c49d7065b37399fe5401d68a07c,Houston,Will the highest temperature in Houston be between 88-89°F on August 14?,15435265914103628591634606585611734775031686808200489332633238193616638260101,No,2026-08-14T20:51:13+00:00,0.9995
0x359ba4cc0e574f8e33152bacfcaf52786de4d6d062ee22b88e593e455cea9ed4,Houston,Will the highest temperature in Houston be between 90-91°F on August 14?,27237451439041276029800328578030567263278401914511084798198491950237429257608,Yes,2026-08-14T20:51:13+00:00,0.0005
0x359ba4cc0e574f8e33152bacfcaf52786de4d6d062ee22b88e593e455cea9ed4,Houston,Will the highest temperature in Houston be between 90-91°F on August 14?,57509207727069701865106438874519203285979365193645388728270454546337507123524,No,2026-08-14T20:51:12+00:00,0.9995
0x8a49d18088a8d4ea5e44a96604618dd12339c1a7667012605575fe7b6d5986cd,Houston,Will the highest temperature in Houston be between 92-93°F on August 14?,65825908583112834870318381111223272312032080956679362549448857332496342945803,Yes,2026-08-14T20:51:10+00:00,0.605
0x8a49d18088a8d4ea5e44a96604618dd12339c1a7667012605575fe7b6d5986cd,Houston,Will the highest temperature in Houston be between 92-93°F on August 14?,69002621539137572358230488736682883203290859349309291930560738380543225189579,No,2026-08-14T20:51:12+00:00,0.295
0x7a5d60bfbc841d82b1e8db1257dd5ef81fb41538c5be8470b0547ee4791ef5b1,Houston,Will the highest temperature in Houston be between 94-95°F on August 14?,28831326021294620747215780146562171214476556340972182937833194616743212051655,Yes,2026-08-14T20:51:13+00:00,0.095
0x7a5d60bfbc841d82b1e8db1257dd5ef81fb41538c5be8470b0547ee4791ef5b1,Houston,Will the highest temperature in Houston be between 94-95°F on August 14?,22433220007398485770687147518007825170185203863682135443889026347827370705057,No,2026-08-14T20:51:10+00:00,0.905
0x0585850f9a9f2ccc51b9b81d710344edd285dc88e027338c66c2a2b33bdf80e8,Houston,Will the highest temperature in Houston be between 96-97°F on August 14?,36089177035045371458954855522096750336881786516527680673290407780910632087869,Yes,2026-08-14T20:51:11+00:00,0.025
0x0585850f9a9f2ccc51b9b81d710344edd285dc88e027338c66c2a2b33bdf80e8,Houston,Will the highest temperature in Houston be between 96-97°F on August 14?,61331753576686616021773079654416849516409903388112834330786441089762846107721,No,2026-08-14T20:51:11+00:00,0.975
0x431356a95518b339f4919119c67eac9584e60399289ad6cf0a070151af01034e,Houston,Will the highest temperature in Houston be between 98-99°F on August 14?,83863027271530607190889544752135253829494546723021793324830065419921580735990,Yes,2026-08-14T20:51:11+00:00,0.0045
0x431356a95518b339f4919119c67eac9584e60399289ad6cf0a070151af01034e,Houston,Will the highest temperature in Houston be between 98-99°F on August 14?,44524870878191586307854524290937563062990595664820402594499101592758246713953,No,2026-08-14T20:51:12+00:00,0.9955
0xd7a852e47de78c7c19595089aaa95941898e73430dcf5f0600d45d0fc63121c6,Houston,Will the highest temperature in Houston be 100°F or higher on August 14?,33897887330647821069422175789527372225927466609946237397541195049702442102327,Yes,2026-08-14T20:51:13+00:00,0.0035
0xd7a852e47de78c7c19595089aaa95941898e73430dcf5f0600d45d0fc63121c6,Houston,Will the highest temperature in Houston be 100°F or higher on August 14?,67244601611795342198309482055714030215900112278497582029973532853868199351410,No,2026-08-14T20:51:12+00:00,0.9965
0xbbe52480e5629af3408cba2173c1e2accf60414b33bc35fe9177576b5faae111,Houston,Will the highest temperature in Houston be 85°F or below on August 15?,21792247222320316455348016585688091666718661689086217027546582789932437638899,Yes,2026-08-14T20:51:10+00:00,0.0005
0xbbe52480e5629af3408cba2173c1e2accf60414b33bc35fe9177576b5faae111,Houston,Will the highest temperature in Houston be 85°F or below on August 15?,75949419147117607431547864708906726550184863265108159852984401612168561720072,No,2026-08-14T20:51:13+00:00,0.9995
0xd564813f00eac5009b02d53745a92a81760a0217d7923cce283d9c998d7f6755,Houston,Will the highest temperature in Houston be between 86-87°F on August 15?,43049807925073594025011736031866369931990012797229918636493344551886721216198,Yes,2026-08-14T20:51:11+00:00,0.002
0xd564813f00eac5009b02d53745a92a81760a0217d7923cce283d9c998d7f6755,Houston,Will the highest temperature in Houston be between 86-87°F on August 15?,96094704431073330016481403794029023022295279070154282635768939242930271875882,No,2026-08-14T20:51:11+00:00,0.998
0x3052631096905cec4afb05c136e6f233e5facb17f1fd88e8e1dc37098c40e1c6,Houston,Will the highest temperature in Houston be between 88-89°F on August 15?,72437507032381737692412267101659869340324351325604348277589691203335640471254,Yes,2026-08-14T20:51:11+00:00,0.004
0x3052631096905cec4afb05c136e6f233e5facb17f1fd88e8e1dc37098c40e1c6,Houston,Will the highest temperature in Houston be between 88-89°F on August 15?,1894709784926408289221080087040456972044290777223838083225631029304624751631,No,2026-08-14T20:51:11+00:00,0.996
0x7e8e69b45247ef4de66cef8ba3881da1064a8bbd1d069f3d95b2031073319541,Houston,Will the highest temperature in Houston be between 90-91°F on August 15?,41320162587522606068149653624074325380892076047593086335921443756159776442009,Yes,2026-08-14T20:51:10+00:00,0.0115
0x7e8e69b45247ef4de66cef8ba3881da1064a8bbd1d069f3d95b2031073319541,Houston,Will the highest temperature in Houston be between 90-91°F on August 15?,103690395505024364632870652604112836193113934911399486805006957350984736870603,No,2026-08-14T20:51:11+00:00,0.9885
0x0152cf4233bd54231128058767a7206c7924825369e4f57511012296396af902,Houston,Will the highest temperature in Houston be between 92-93°F on August 15?,81683630114945104796933810026778392817877389339133108532289576352923761188441,Yes,2026-08-14T20:51:11+00:00,0.025
0x0152cf4233bd54231128058767a7206c7924825369e4f57511012296396af902,Houston,Will the highest temperature in Houston be between 92-93°F on August 15?,44427761966912710604620970339871992409298953880478602520140592265674414378156,No,2026-08-14T20:51:11+00:00,0.975
0xd2171addf5f849aa8160479c6ebd96def6df0b9a58696c65197430c2d8ed3a08,Houston,Will the highest temperature in Houston be between 94-95°F on August 15?,69285490719824938303299081847378210474836392804357009538534299739263287520688,Yes,2026-08-14T20:51:11+00:00,0.26
0xd2171addf5f849aa8160479c6ebd96def6df0b9a58696c65197430c2d8ed3a08,Houston,Will the highest temperature in Houston be between 94-95°F on August 15?,93030434570398115897794942659416787648125325967731719447124518099424084549882,No,2026-08-14T20:51:13+00:00,0.74
0x53fc96d38c9956e853fd8f19c48c8e38ec9cfae378588f5d840e09b71ce0b083,Houston,Will the highest temperature in Houston be between 96-97°F on August 15?,99270992836300752328939877966366149006142227363021353470305550180050966847173,Yes,2026-08-14T20:51:11+00:00,0.525
0x53fc96d38c9956e853fd8f19c48c8e38ec9cfae378588f5d840e09b71ce0b083,Houston,Will the highest temperature in Houston be between 96-97°F on August 15?,78479618278422626974959199354830075521241378844320870782058987061772523695188,No,2026-08-14T20:51:11+00:00,0.475
0xe0b4a6377c867a2f892d4b8350a0c468d11a810dcab6619bd1dd17645a20f2d6,Houston,Will the highest temperature in Houston be between 98-99°F on August 15?,27977338018292946940662444902912348467803007867220110150328464506724100066340,Yes,2026-08-14T20:51:13+00:00,0.145
0xe0b4a6377c867a2f892d4b8350a0c468d11a810dcab6619bd1dd17645a20f2d6,Houston,Will the highest temperature in Houston be between 98-99°F on August 15?,15892001859657100646986515180346706843066198887789644354272927945426335419270,No,2026-08-14T20:51:13+00:00,0.855
0x89cf4aa9b206a720137da34466ec72b69b0e4f6d66ce201bf252394ebe5c3a9e,Houston,Will the highest temperature in Houston be between 100-101°F on August 15?,30716988798286352312993129143806589709193025409146214824487163036113491528884,Yes,2026-08-14T20:51:12+00:00,0.025
0x89cf4aa9b206a720137da34466ec72b69b0e4f6d66ce201bf252394ebe5c3a9e,Houston,Will the highest temperature in Houston be between 100-101°F on August 15?,18013119044405041672388559947777763440168912238944503619149735234200723283496,No,2026-08-14T20:51:13+00:00,0.975
0xb96a18cd587db80c8344e4b508f4da7455ec19d3102968f0948db498e165c037,Houston,Will the highest temperature in Houston be between 102-103°F on August 15?,6613685240130534578554470367080606226806052226890418464573103849593412920500,Yes,2026-08-14T20:51:11+00:00,0.0015
0xb96a18cd587db80c8344e4b508f4da7455ec19d3102968f0948db498e165c037,Houston,Will the highest temperature in Houston be between 102-103°F on August 15?,49107487298986291359963641465557459149842285386209103792729470717003821401043,No,2026-08-14T20:51:12+00:00,0.9985
0xceb9fa6a5b0dd8c81698b0c19441f8ace8d3308c6f2beb3399eece0f64a45133,Houston,Will the highest temperature in Houston be 104°F or higher on August 15?,105543005645118994307072673960185924437532319023461923293299298243471538385450,Yes,2026-08-14T20:51:12+00:00,0.0015
0xceb9fa6a5b0dd8c81698b0c19441f8ace8d3308c6f2beb3399eece0f64a45133,Houston,Will the highest temperature in Houston be 104°F or higher on August 15?,40771140627971468391051354600899336664919344343264834076131598893492692748614,No,2026-08-14T20:51:12+00:00,0.9985
0xe03ef83291d820246caccf8dde7f3c3c5ba99ede6499707ec39a0dbfa5fa9621,Houston,Will the highest temperature in Houston be 81°F or below on August 14?,10582267533514159443552209759363396668088663561125305460123149894061025640290,Yes,2026-08-14T21:00:17+00:00,0.0005
0xe03ef83291d820246caccf8dde7f3c3c5ba99ede6499707ec39a0dbfa5fa9621,Houston,Will the highest temperature in Houston be 81°F or below on August 14?,10582267533514159443552209759363396668088663561125305460123149894061025640290,Yes,2026-08-14T21:44:13+00:00,0.0005
0xe03ef83291d820246caccf8dde7f3c3c5ba99ede6499707ec39a0dbfa5fa9621,Houston,Will the highest temperature in Houston be 81°F or below on August 14?,111158787808786556713194645514958308437938534561145438512021977007770179475229,No,2026-08-14T21:00:12+00:00,0.9995
0xe03ef83291d820246caccf8dde7f3c3c5ba99ede6499707ec39a0dbfa5fa9621,Houston,Will the highest temperature in Houston be 81°F or below on August 14?,111158787808786556713194645514958308437938534561145438512021977007770179475229,No,2026-08-14T21:44:11+00:00,0.9995
0x2c9252da68703a428a93aacfe1ae3a4958420afe999ded3a38ab1d527bc4907b,Houston,Will the highest temperature in Houston be between 82-83°F on August 14?,101637321380572566648454246578585288131105111134612361834299664151638937052716,Yes,2026-08-14T21:00:17+00:00,0.0005
0x2c9252da68703a428a93aacfe1ae3a4958420afe999ded3a38ab1d527bc4907b,Houston,Will the highest temperature in Houston be between 82-83°F on August 14?,101637321380572566648454246578585288131105111134612361834299664151638937052716,Yes,2026-08-14T21:44:13+00:00,0.0005
0x2c9252da68703a428a93aacfe1ae3a4958420afe999ded3a38ab1d527bc4907b,Houston,Will the highest temperature in Houston be between 82-83°F on August 14?,48161865815974083272892286785915892840282933090526522993744387246710470767186,No,2026-08-14T21:00:14+00:00,0.9995
0x2c9252da68703a428a93aacfe1ae3a4958420afe999ded3a38ab1d527bc4907b,Houston,Will the highest temperature in Houston be between 82-83°F on August 14?,48161865815974083272892286785915892840282933090526522993744387246710470767186,No,2026-08-14T21:44:12+00:00,0.9995
0x838ca38b0c234b981dbe11c53b187127af82b1db5615aa90af8b983bad7e33a0,Houston,Will the highest temperature in Houston be between 84-85°F on August 14?,15488006698237351685732898401699475378252409616836608549277979398113110905993,Yes,2026-08-14T21:00:18+00:00,0.0005
0x838ca38b0c234b981dbe11c53b187127af82b1db5615aa90af8b983bad7e33a0,Houston,Will the highest temperature in Houston be between 84-85°F on August 14?,15488006698237351685732898401699475378252409616836608549277979398113110905993,Yes,2026-08-14T21:44:13+00:00,0.0005
0x838ca38b0c234b981dbe11c53b187127af82b1db5615aa90af8b983bad7e33a0,Houston,Will the highest temperature in Houston be between 84-85°F on August 14?,37235111768247177937255924086320729308997671573777008884072539717949232346097,No,2026-08-14T21:00:12+00:00,0.9995
0x838ca38b0c234b981dbe11c53b187127af82b1db5615aa90af8b983bad7e33a0,Houston,Will the highest temperature in Houston be between 84-85°F on August 14?,37235111768247177937255924086320729308997671573777008884072539717949232346097,No,2026-08-14T21:45:12+00:00,0.9995
0x2131d75b5f7d23cbdd2a31c1cf0c40f360cfa268c99879fa572777d6b19ea716,Houston,Will the highest temperature in Houston be between 86-87°F on August 14?,78539173942764984060922893189022592061364696833492576830221696070881650333698,Yes,2026-08-14T21:00:18+00:00,0.0005
0x2131d75b5f7d23cbdd2a31c1cf0c40f360cfa268c99879fa572777d6b19ea716,Houston,Will the highest temperature in Houston be between 86-87°F on August 14?,78539173942764984060922893189022592061364696833492576830221696070881650333698,Yes,2026-08-14T21:44:13+00:00,0.0005
0x2131d75b5f7d23cbdd2a31c1cf0c40f360cfa268c99879fa572777d6b19ea716,Houston,Will the highest temperature in Houston be between 86-87°F on August 14?,99594452899436634604728616421425036628463967257933630408493844113555809203568,No,2026-08-14T21:00:15+00:00,0.9995
0x2131d75b5f7d23cbdd2a31c1cf0c40f360cfa268c99879fa572777d6b19ea716,Houston,Will the highest temperature in Houston be between 86-87°F on August 14?,99594452899436634604728616421425036628463967257933630408493844113555809203568,No,2026-08-14T21:44:12+00:00,0.9995
0x4a11a8608853932cd58bfc49df03b8d7f7d98c49d7065b37399fe5401d68a07c,Houston,Will the highest temperature in Houston be between 88-89°F on August 14?,12837788342102810065288444386729051493761523072891597043461105824163058476041,Yes,2026-08-14T21:00:18+00:00,0.0005
0x4a11a8608853932cd58bfc49df03b8d7f7d98c49d7065b37399fe5401d68a07c,Houston,Will the highest temperature in Houston be between 88-89°F on August 14?,12837788342102810065288444386729051493761523072891597043461105824163058476041,Yes,2026-08-14T21:44:13+00:00,0.0005
0x4a11a8608853932cd58bfc49df03b8d7f7d98c49d7065b37399fe5401d68a07c,Houston,Will the highest temperature in Houston be between 88-89°F on August 14?,15435265914103628591634606585611734775031686808200489332633238193616638260101,No,2026-08-14T21:00:18+00:00,0.9995
0x4a11a8608853932cd58bfc49df03b8d7f7d98c49d7065b37399fe5401d68a07c,Houston,Will the highest temperature in Houston be between 88-89°F on August 14?,15435265914103628591634606585611734775031686808200489332633238193616638260101,No,2026-08-14T21:44:13+00:00,0.9995
0x359ba4cc0e574f8e33152bacfcaf52786de4d6d062ee22b88e593e455cea9ed4,Houston,Will the highest temperature in Houston be between 90-91°F on August 14?,27237451439041276029800328578030567263278401914511084798198491950237429257608,Yes,2026-08-14T21:00:17+00:00,0.0005
0x359ba4cc0e574f8e33152bacfcaf52786de4d6d062ee22b88e593e455cea9ed4,Houston,Will the highest temperature in Houston be between 90-91°F on August 14?,27237451439041276029800328578030567263278401914511084798198491950237429257608,Yes,2026-08-14T21:44:13+00:00,0.0005
0x359ba4cc0e574f8e33152bacfcaf52786de4d6d062ee22b88e593e455cea9ed4,Houston,Will the highest temperature in Houston be between 90-91°F on August 14?,57509207727069701865106438874519203285979365193645388728270454546337507123524,No,2026-08-14T21:00:17+00:00,0.9995
0x359ba4cc0e574f8e33152bacfcaf52786de4d6d062ee22b88e593e455cea9ed4,Houston,Will the highest temperature in Houston be between 90-91°F on August 14?,57509207727069701865106438874519203285979365193645388728270454546337507123524,No,2026-08-14T21:44:13+00:00,0.9995
0x8a49d18088a8d4ea5e44a96604618dd12339c1a7667012605575fe7b6d5986cd,Houston,Will the highest temperature in Houston be between 92-93°F on August 14?,65825908583112834870318381111223272312032080956679362549448857332496342945803,Yes,2026-08-14T21:00:11+00:00,0.67
0x8a49d18088a8d4ea5e44a96604618dd12339c1a7667012605575fe7b6d5986cd,Houston,Will the highest temperature in Houston be between 92-93°F on August 14?,65825908583112834870318381111223272312032080956679362549448857332496342945803,Yes,2026-08-14T21:45:10+00:00,0.945
0x8a49d18088a8d4ea5e44a96604618dd12339c1a7667012605575fe7b6d5986cd,Houston,Will the highest temperature in Houston be between 92-93°F on August 14?,69002621539137572358230488736682883203290859349309291930560738380543225189579,No,2026-08-14T21:00:16+00:00,0.255
0x8a49d18088a8d4ea5e44a96604618dd12339c1a7667012605575fe7b6d5986cd,Houston,Will the highest temperature in Houston be between 92-93°F on August 14?,69002621539137572358230488736682883203290859349309291930560738380543225189579,No,2026-08-14T21:44:12+00:00,0.055
0x7a5d60bfbc841d82b1e8db1257dd5ef81fb41538c5be8470b0547ee4791ef5b1,Houston,Will the highest temperature in Houston be between 94-95°F on August 14?,28831326021294620747215780146562171214476556340972182937833194616743212051655,Yes,2026-08-14T21:00:18+00:00,0.17
0x7a5d60bfbc841d82b1e8db1257dd5ef81fb41538c5be8470b0547ee4791ef5b1,Houston,Will the highest temperature in Houston be between 94-95°F on August 14?,28831326021294620747215780146562171214476556340972182937833194616743212051655,Yes,2026-08-14T21:44:13+00:00,0.065
0x7a5d60bfbc841d82b1e8db1257dd5ef81fb41538c5be8470b0547ee4791ef5b1,Houston,Will the highest temperature in Houston be between 94-95°F on August 14?,22433220007398485770687147518007825170185203863682135443889026347827370705057,No,2026-08-14T21:00:11+00:00,0.81
0x7a5d60bfbc841d82b1e8db1257dd5ef81fb41538c5be8470b0547ee4791ef5b1,Houston,Will the highest temperature in Houston be between 94-95°F on August 14?,22433220007398485770687147518007825170185203863682135443889026347827370705057,No,2026-08-14T21:45:10+00:00,0.935
0x0585850f9a9f2ccc51b9b81d710344edd285dc88e027338c66c2a2b33bdf80e8,Houston,Will the highest temperature in Houston be between 96-97°F on August 14?,36089177035045371458954855522096750336881786516527680673290407780910632087869,Yes,2026-08-14T21:00:14+00:00,0.055
0x0585850f9a9f2ccc51b9b81d710344edd285dc88e027338c66c2a2b33bdf80e8,Houston,Will the highest temperature in Houston be between 96-97°F on August 14?,36089177035045371458954855522096750336881786516527680673290407780910632087869,Yes,2026-08-14T21:44:12+00:00,0.015
0x0585850f9a9f2ccc51b9b81d710344edd285dc88e027338c66c2a2b33bdf80e8,Houston,Will the highest temperature in Houston be between 96-97°F on August 14?,61331753576686616021773079654416849516409903388112834330786441089762846107721,No,2026-08-14T21:00:13+00:00,0.945
0x0585850f9a9f2ccc51b9b81d710344edd285dc88e027338c66c2a2b33bdf80e8,Houston,Will the highest temperature in Houston be between 96-97°F on August 14?,61331753576686616021773079654416849516409903388112834330786441089762846107721,No,2026-08-14T21:45:15+00:00,0.985
0x431356a95518b339f4919119c67eac9584e60399289ad6cf0a070151af01034e,Houston,Will the highest temperature in Houston be between 98-99°F on August 14?,83863027271530607190889544752135253829494546723021793324830065419921580735990,Yes,2026-08-14T21:00:12+00:00,0.0005
0x431356a95518b339f4919119c67eac9584e60399289ad6cf0a070151af01034e,Houston,Will the highest temperature in Houston be between 98-99°F on August 14?,83863027271530607190889544752135253829494546723021793324830065419921580735990,Yes,2026-08-14T21:45:13+00:00,0.0035
0x431356a95518b339f4919119c67eac9584e60399289ad6cf0a070151af01034e,Houston,Will the highest temperature in Houston be between 98-99°F on August 14?,44524870878191586307854524290937563062990595664820402594499101592758246713953,No,2026-08-14T21:00:15+00:00,0.9995
0x431356a95518b339f4919119c67eac9584e60399289ad6cf0a070151af01034e,Houston,Will the highest temperature in Houston be between 98-99°F on August 14?,44524870878191586307854524290937563062990595664820402594499101592758246713953,No,2026-08-14T21:44:12+00:00,0.9965
0xd7a852e47de78c7c19595089aaa95941898e73430dcf5f0600d45d0fc63121c6,Houston,Will the highest temperature in Houston be 100°F or higher on August 14?,33897887330647821069422175789527372225927466609946237397541195049702442102327,Yes,2026-08-14T21:00:18+00:00,0.0035
0xd7a852e47de78c7c19595089aaa95941898e73430dcf5f0600d45d0fc63121c6,Houston,Will the highest temperature in Houston be 100°F or higher on August 14?,33897887330647821069422175789527372225927466609946237397541195049702442102327,Yes,2026-08-14T21:44:13+00:00,0.0035
0xd7a852e47de78c7c19595089aaa95941898e73430dcf5f0600d45d0fc63121c6,Houston,Will the highest temperature in Houston be 100°F or higher on August 14?,67244601611795342198309482055714030215900112278497582029973532853868199351410,No,2026-08-14T21:00:15+00:00,0.9965
0xd7a852e47de78c7c19595089aaa95941898e73430dcf5f0600d45d0fc63121c6,Houston,Will the highest temperature in Houston be 100°F or higher on August 14?,67244601611795342198309482055714030215900112278497582029973532853868199351410,No,2026-08-14T21:44:12+00:00,0.9965
0xbbe52480e5629af3408cba2173c1e2accf60414b33bc35fe9177576b5faae111,Houston,Will the highest temperature in Houston be 85°F or below on August 15?,21792247222320316455348016585688091666718661689086217027546582789932437638899,Yes,2026-08-14T21:00:11+00:00,0.0005
0xbbe52480e5629af3408cba2173c1e2accf60414b33bc35fe9177576b5faae111,Houston,Will the highest temperature in Houston be 85°F or below on August 15?,21792247222320316455348016585688091666718661689086217027546582789932437638899,Yes,2026-08-14T21:45:10+00:00,0.0005
0xbbe52480e5629af3408cba2173c1e2accf60414b33bc35fe9177576b5faae111,Houston,Will the highest temperature in Houston be 85°F or below on August 15?,75949419147117607431547864708906726550184863265108159852984401612168561720072,No,2026-08-14T21:00:18+00:00,0.9995
0xbbe52480e5629af3408cba2173c1e2accf60414b33bc35fe9177576b5faae111,Houston,Will the highest temperature in Houston be 85°F or below on August 15?,75949419147117607431547864708906726550184863265108159852984401612168561720072,No,2026-08-14T21:44:14+00:00,0.9995
0xd564813f00eac5009b02d53745a92a81760a0217d7923cce283d9c998d7f6755,Houston,Will the highest temperature in Houston be between 86-87°F on August 15?,43049807925073594025011736031866369931990012797229918636493344551886721216198,Yes,2026-08-14T21:00:14+00:00,0.002
0xd564813f00eac5009b02d53745a92a81760a0217d7923cce283d9c998d7f6755,Houston,Will the highest temperature in Houston be between 86-87°F on August 15?,43049807925073594025011736031866369931990012797229918636493344551886721216198,Yes,2026-08-14T21:45:16+00:00,0.002
0xd564813f00eac5009b02d53745a92a81760a0217d7923cce283d9c998d7f6755,Houston,Will the highest temperature in Houston be between 86-87°F on August 15?,96094704431073330016481403794029023022295279070154282635768939242930271875882,No,2026-08-14T21:00:12+00:00,0.998
0xd564813f00eac5009b02d53745a92a81760a0217d7923cce283d9c998d7f6755,Houston,Will the highest temperature in Houston be between 86-87°F on August 15?,96094704431073330016481403794029023022295279070154282635768939242930271875882,No,2026-08-14T21:45:13+00:00,0.998
0x3052631096905cec4afb05c136e6f233e5facb17f1fd88e8e1dc37098c40e1c6,Houston,Will the highest temperature in Houston be between 88-89°F on August 15?,72437507032381737692412267101659869340324351325604348277589691203335640471254,Yes,2026-08-14T21:00:13+00:00,0.004
0x3052631096905cec4afb05c136e6f233e5facb17f1fd88e8e1dc37098c40e1c6,Houston,Will the highest temperature in Houston be between 88-89°F on August 15?,72437507032381737692412267101659869340324351325604348277589691203335640471254,Yes,2026-08-14T21:45:13+00:00,0.004
0x3052631096905cec4afb05c136e6f233e5facb17f1fd88e8e1dc37098c40e1c6,Houston,Will the highest temperature in Houston be between 88-89°F on August 15?,1894709784926408289221080087040456972044290777223838083225631029304624751631,No,2026-08-14T21:00:14+00:00,0.996
0x3052631096905cec4afb05c136e6f233e5facb17f1fd88e8e1dc37098c40e1c6,Houston,Will the highest temperature in Houston be between 88-89°F on August 15?,1894709784926408289221080087040456972044290777223838083225631029304624751631,No,2026-08-14T21:45:18+00:00,0.996
0x7e8e69b45247ef4de66cef8ba3881da1064a8bbd1d069f3d95b2031073319541,Houston,Will the highest temperature in Houston be between 90-91°F on August 15?,41320162587522606068149653624074325380892076047593086335921443756159776442009,Yes,2026-08-14T21:00:12+00:00,0.0115
0x7e8e69b45247ef4de66cef8ba3881da1064a8bbd1d069f3d95b2031073319541,Houston,Will the highest temperature in Houston be between 90-91°F on August 15?,41320162587522606068149653624074325380892076047593086335921443756159776442009,Yes,2026-08-14T21:45:12+00:00,0.0115
0x7e8e69b45247ef4de66cef8ba3881da1064a8bbd1d069f3d95b2031073319541,Houston,Will the highest temperature in Houston be between 90-91°F on August 15?,103690395505024364632870652604112836193113934911399486805006957350984736870603,No,2026-08-14T21:00:13+00:00,0.9885
0x7e8e69b45247ef4de66cef8ba3881da1064a8bbd1d069f3d95b2031073319541,Houston,Will the highest temperature in Houston be between 90-91°F on August 15?,103690395505024364632870652604112836193113934911399486805006957350984736870603,No,2026-08-14T21:45:13+00:00,0.9885
0x0152cf4233bd54231128058767a7206c7924825369e4f57511012296396af902,Houston,Will the highest temperature in Houston be between 92-93°F on August 15?,81683630114945104796933810026778392817877389339133108532289576352923761188441,Yes,2026-08-14T21:00:14+00:00,0.025
0x0152cf4233bd54231128058767a7206c7924825369e4f57511012296396af902,Houston,Will the highest temperature in Houston be between 92-93°F on August 15?,81683630114945104796933810026778392817877389339133108532289576352923761188441,Yes,2026-08-14T21:45:17+00:00,0.025
0x0152cf4233bd54231128058767a7206c7924825369e4f57511012296396af902,Houston,Will the highest temperature in Houston be between 92-93°F on August 15?,44427761966912710604620970339871992409298953880478602520140592265674414378156,No,2026-08-14T21:00:12+00:00,0.975
0x0152cf4233bd54231128058767a7206c7924825369e4f57511012296396af902,Houston,Will the highest temperature in Houston be between 92-93°F on August 15?,44427761966912710604620970339871992409298953880478602520140592265674414378156,No,2026-08-14T21:45:12+00:00,0.975
0xd2171addf5f849aa8160479c6ebd96def6df0b9a58696c65197430c2d8ed3a08,Houston,Will the highest temperature in Houston be between 94-95°F on August 15?,69285490719824938303299081847378210474836392804357009538534299739263287520688,Yes,2026-08-14T21:00:13+00:00,0.26
0xd2171addf5f849aa8160479c6ebd96def6df0b9a58696c65197430c2d8ed3a08,Houston,Will the highest temperature in Houston be between 94-95°F on August 15?,69285490719824938303299081847378210474836392804357009538534299739263287520688,Yes,2026-08-14T21:45:13+00:00,0.26
0xd2171addf5f849aa8160479c6ebd96def6df0b9a58696c65197430c2d8ed3a08,Houston,Will the highest temperature in Houston be between 94-95°F on August 15?,93030434570398115897794942659416787648125325967731719447124518099424084549882,No,2026-08-14T21:00:17+00:00,0.74
0x53fc96d38c9956e853fd8f19c48c8e38ec9cfae378588f5d840e09b71ce0b083,Houston,Will the highest temperature in Houston be between 96-97°F on August 15?,99270992836300752328939877966366149006142227363021353470305550180050966847173,Yes,2026-08-14T21:00:14+00:00,0.525
0x53fc96d38c9956e853fd8f19c48c8e38ec9cfae378588f5d840e09b71ce0b083,Houston,Will the highest temperature in Houston be between 96-97°F on August 15?,99270992836300752328939877966366149006142227363021353470305550180050966847173,Yes,2026-08-14T21:45:16+00:00,0.56
0x53fc96d38c9956e853fd8f19c48c8e38ec9cfae378588f5d840e09b71ce0b083,Houston,Will the highest temperature in Houston be between 96-97°F on August 15?,78479618278422626974959199354830075521241378844320870782058987061772523695188,No,2026-08-14T21:00:13+00:00,0.475
0x53fc96d38c9956e853fd8f19c48c8e38ec9cfae378588f5d840e09b71ce0b083,Houston,Will the highest temperature in Houston be between 96-97°F on August 15?,78479618278422626974959199354830075521241378844320870782058987061772523695188,No,2026-08-14T21:45:13+00:00,0.44
0xe0b4a6377c867a2f892d4b8350a0c468d11a810dcab6619bd1dd17645a20f2d6,Houston,Will the highest temperature in Houston be between 98-99°F on August 15?,27977338018292946940662444902912348467803007867220110150328464506724100066340,Yes,2026-08-14T21:00:18+00:00,0.145
0xe0b4a6377c867a2f892d4b8350a0c468d11a810dcab6619bd1dd17645a20f2d6,Houston,Will the highest temperature in Houston be between 98-99°F on August 15?,15892001859657100646986515180346706843066198887789644354272927945426335419270,No,2026-08-14T21:00:18+00:00,0.855
0x89cf4aa9b206a720137da34466ec72b69b0e4f6d66ce201bf252394ebe5c3a9e,Houston,Will the highest temperature in Houston be between 100-101°F on August 15?,30716988798286352312993129143806589709193025409146214824487163036113491528884,Yes,2026-08-14T21:00:16+00:00,0.02
0x89cf4aa9b206a720137da34466ec72b69b0e4f6d66ce201bf252394ebe5c3a9e,Houston,Will the highest temperature in Houston be between 100-101°F on August 15?,30716988798286352312993129143806589709193025409146214824487163036113491528884,Yes,2026-08-14T21:45:20+00:00,0.02
0x89cf4aa9b206a720137da34466ec72b69b0e4f6d66ce201bf252394ebe5c3a9e,Houston,Will the highest temperature in Houston be between 100-101°F on August 15?,18013119044405041672388559947777763440168912238944503619149735234200723283496,No,2026-08-14T21:00:18+00:00,0.98
0xb96a18cd587db80c8344e4b508f4da7455ec19d3102968f0948db498e165c037,Houston,Will the highest temperature in Houston be between 102-103°F on August 15?,6613685240130534578554470367080606226806052226890418464573103849593412920500,Yes,2026-08-14T21:00:14+00:00,0.0055
0xb96a18cd587db80c8344e4b508f4da7455ec19d3102968f0948db498e165c037,Houston,Will the highest temperature in Houston be between 102-103°F on August 15?,6613685240130534578554470367080606226806052226890418464573103849593412920500,Yes,2026-08-14T21:45:16+00:00,0.0015
0xb96a18cd587db80c8344e4b508f4da7455ec19d3102968f0948db498e165c037,Houston,Will the highest temperature in Houston be between 102-103°F on August 15?,49107487298986291359963641465557459149842285386209103792729470717003821401043,No,2026-08-14T21:00:15+00:00,0.9945
0xb96a18cd587db80c8344e4b508f4da7455ec19d3102968f0948db498e165c037,Houston,Will the highest temperature in Houston be between 102-103°F on August 15?,49107487298986291359963641465557459149842285386209103792729470717003821401043,No,2026-08-14T21:45:20+00:00,0.9985
0xceb9fa6a5b0dd8c81698b0c19441f8ace8d3308c6f2beb3399eece0f64a45133,Houston,Will the highest temperature in Houston be 104°F or higher on August 15?,105543005645118994307072673960185924437532319023461923293299298243471538385450,Yes,2026-08-14T21:00:17+00:00,0.0005
0xceb9fa6a5b0dd8c81698b0c19441f8ace8d3308c6f2beb3399eece0f64a45133,Houston,Will the highest temperature in Houston be 104°F or higher on August 15?,105543005645118994307072673960185924437532319023461923293299298243471538385450,Yes,2026-08-14T21:45:25+00:00,0.0005
0xceb9fa6a5b0dd8c81698b0c19441f8ace8d3308c6f2beb3399eece0f64a45133,Houston,Will the highest temperature in Houston be 104°F or higher on August 15?,40771140627971468391051354600899336664919344343264834076131598893492692748614,No,2026-08-14T21:00:17+00:00,0.9995
0xceb9fa6a5b0dd8c81698b0c19441f8ace8d3308c6f2beb3399eece0f64a45133,Houston,Will the highest temperature in Houston be 104°F or higher on August 15?,40771140627971468391051354600899336664919344343264834076131598893492692748614,No,2026-08-14T21:45:24+00:00,0.9995
0xe03ef83291d820246caccf8dde7f3c3c5ba99ede6499707ec39a0dbfa5fa9621,Houston,Will the highest temperature in Houston be 81°F or below on August 14?,10582267533514159443552209759363396668088663561125305460123149894061025640290,Yes,2026-08-14T22:00:17+00:00,0.0005
0xe03ef83291d820246caccf8dde7f3c3c5ba99ede6499707ec39a0dbfa5fa9621,Houston,Will the highest temperature in Houston be 81°F or below on August 14?,10582267533514159443552209759363396668088663561125305460123149894061025640290,Yes,2026-08-14T22:46:13+00:00,0.0005
0xe03ef83291d820246caccf8dde7f3c3c5ba99ede6499707ec39a0dbfa5fa9621,Houston,Will the highest temperature in Houston be 81°F or below on August 14?,111158787808786556713194645514958308437938534561145438512021977007770179475229,No,2026-08-14T22:00:12+00:00,0.9995
0xe03ef83291d820246caccf8dde7f3c3c5ba99ede6499707ec39a0dbfa5fa9621,Houston,Will the highest temperature in Houston be 81°F or below on August 14?,111158787808786556713194645514958308437938534561145438512021977007770179475229,No,2026-08-14T22:46:11+00:00,0.9995
0x2c9252da68703a428a93aacfe1ae3a4958420afe999ded3a38ab1d527bc4907b,Houston,Will the highest temperature in Houston be between 82-83°F on August 14?,101637321380572566648454246578585288131105111134612361834299664151638937052716,Yes,2026-08-14T22:00:17+00:00,0.0005
0x2c9252da68703a428a93aacfe1ae3a4958420afe999ded3a38ab1d527bc4907b,Houston,Will the highest temperature in Houston be between 82-83°F on August 14?,101637321380572566648454246578585288131105111134612361834299664151638937052716,Yes,2026-08-14T22:46:13+00:00,0.0005
0x2c9252da68703a428a93aacfe1ae3a4958420afe999ded3a38ab1d527bc4907b,Houston,Will the highest temperature in Houston be between 82-83°F on August 14?,48161865815974083272892286785915892840282933090526522993744387246710470767186,No,2026-08-14T22:00:14+00:00,0.9995
0x2c9252da68703a428a93aacfe1ae3a4958420afe999ded3a38ab1d527bc4907b,Houston,Will the highest temperature in Houston be between 82-83°F on August 14?,48161865815974083272892286785915892840282933090526522993744387246710470767186,No,2026-08-14T22:46:12+00:00,0.9995
0x838ca38b0c234b981dbe11c53b187127af82b1db5615aa90af8b983bad7e33a0,Houston,Will the highest temperature in Houston be between 84-85°F on August 14?,15488006698237351685732898401699475378252409616836608549277979398113110905993,Yes,2026-08-14T22:00:18+00:00,0.0005
0x838ca38b0c234b981dbe11c53b187127af82b1db5615aa90af8b983bad7e33a0,Houston,Will the highest temperature in Houston be between 84-85°F on August 14?,15488006698237351685732898401699475378252409616836608549277979398113110905993,Yes,2026-08-14T22:46:13+00:00,0.0005
0x838ca38b0c234b981dbe11c53b187127af82b1db5615aa90af8b983bad7e33a0,Houston,Will the highest temperature in Houston be between 84-85°F on August 14?,37235111768247177937255924086320729308997671573777008884072539717949232346097,No,2026-08-14T22:00:12+00:00,0.9995
0x838ca38b0c234b981dbe11c53b187127af82b1db5615aa90af8b983bad7e33a0,Houston,Will the highest temperature in Houston be between 84-85°F on August 14?,37235111768247177937255924086320729308997671573777008884072539717949232346097,No,2026-08-14T22:46:11+00:00,0.9995
0x2131d75b5f7d23cbdd2a31c1cf0c40f360cfa268c99879fa572777d6b19ea716,Houston,Will the highest temperature in Houston be between 86-87°F on August 14?,78539173942764984060922893189022592061364696833492576830221696070881650333698,Yes,2026-08-14T22:00:18+00:00,0.0005
0x2131d75b5f7d23cbdd2a31c1cf0c40f360cfa268c99879fa572777d6b19ea716,Houston,Will the highest temperature in Houston be between 86-87°F on August 14?,78539173942764984060922893189022592061364696833492576830221696070881650333698,Yes,2026-08-14T22:46:13+00:00,0.0005
0x2131d75b5f7d23cbdd2a31c1cf0c40f360cfa268c99879fa572777d6b19ea716,Houston,Will the highest temperature in Houston be between 86-87°F on August 14?,99594452899436634604728616421425036628463967257933630408493844113555809203568,No,2026-08-14T22:00:15+00:00,0.9995
0x2131d75b5f7d23cbdd2a31c1cf0c40f360cfa268c99879fa572777d6b19ea716,Houston,Will the highest temperature in Houston be between 86-87°F on August 14?,99594452899436634604728616421425036628463967257933630408493844113555809203568,No,2026-08-14T22:46:12+00:00,0.9995
0x4a11a8608853932cd58bfc49df03b8d7f7d98c49d7065b37399fe5401d68a07c,Houston,Will the highest temperature in Houston be between 88-89°F on August 14?,12837788342102810065288444386729051493761523072891597043461105824163058476041,Yes,2026-08-14T22:00:18+00:00,0.0005
0x4a11a8608853932cd58bfc49df03b8d7f7d98c49d7065b37399fe5401d68a07c,Houston,Will the highest temperature in Houston be between 88-89°F on August 14?,12837788342102810065288444386729051493761523072891597043461105824163058476041,Yes,2026-08-14T22:46:13+00:00,0.0005
0x4a11a8608853932cd58bfc49df03b8d7f7d98c49d7065b37399fe5401d68a07c,Houston,Will the highest temperature in Houston be between 88-89°F on August 14?,15435265914103628591634606585611734775031686808200489332633238193616638260101,No,2026-08-14T22:00:17+00:00,0.9995
0x4a11a8608853932cd58bfc49df03b8d7f7d98c49d7065b37399fe5401d68a07c,Houston,Will the highest temperature in Houston be between 88-89°F on August 14?,15435265914103628591634606585611734775031686808200489332633238193616638260101,No,2026-08-14T22:46:13+00:00,0.9995
0x359ba4cc0e574f8e33152bacfcaf52786de4d6d062ee22b88e593e455cea9ed4,Houston,Will the highest temperature in Houston be between 90-91°F on August 14?,27237451439041276029800328578030567263278401914511084798198491950237429257608,Yes,2026-08-14T22:00:17+00:00,0.0005
0x359ba4cc0e574f8e33152bacfcaf52786de4d6d062ee22b88e593e455cea9ed4,Houston,Will the highest temperature in Houston be between 90-91°F on August 14?,27237451439041276029800328578030567263278401914511084798198491950237429257608,Yes,2026-08-14T22:46:13+00:00,0.0005
0x359ba4cc0e574f8e33152bacfcaf52786de4d6d062ee22b88e593e455cea9ed4,Houston,Will the highest temperature in Houston be between 90-91°F on August 14?,57509207727069701865106438874519203285979365193645388728270454546337507123524,No,2026-08-14T22:00:17+00:00,0.9995
0x359ba4cc0e574f8e33152bacfcaf52786de4d6d062ee22b88e593e455cea9ed4,Houston,Will the highest temperature in Houston be between 90-91°F on August 14?,57509207727069701865106438874519203285979365193645388728270454546337507123524,No,2026-08-14T22:46:13+00:00,0.9995
0x8a49d18088a8d4ea5e44a96604618dd12339c1a7667012605575fe7b6d5986cd,Houston,Will the highest temperature in Houston be between 92-93°F on August 14?,65825908583112834870318381111223272312032080956679362549448857332496342945803,Yes,2026-08-14T22:00:11+00:00,0.99
0x8a49d18088a8d4ea5e44a96604618dd12339c1a7667012605575fe7b6d5986cd,Houston,Will the highest temperature in Houston be between 92-93°F on August 14?,65825908583112834870318381111223272312032080956679362549448857332496342945803,Yes,2026-08-14T22:46:10+00:00,0.989
0x8a49d18088a8d4ea5e44a96604618dd12339c1a7667012605575fe7b6d5986cd,Houston,Will the highest temperature in Houston be between 92-93°F on August 14?,69002621539137572358230488736682883203290859349309291930560738380543225189579,No,2026-08-14T22:00:16+00:00,0.01
0x8a49d18088a8d4ea5e44a96604618dd12339c1a7667012605575fe7b6d5986cd,Houston,Will the highest temperature in Houston be between 92-93°F on August 14?,69002621539137572358230488736682883203290859349309291930560738380543225189579,No,2026-08-14T22:46:13+00:00,0.011
0x7a5d60bfbc841d82b1e8db1257dd5ef81fb41538c5be8470b0547ee4791ef5b1,Houston,Will the highest temperature in Houston be between 94-95°F on August 14?,28831326021294620747215780146562171214476556340972182937833194616743212051655,Yes,2026-08-14T22:00:18+00:00,0.01
0x7a5d60bfbc841d82b1e8db1257dd5ef81fb41538c5be8470b0547ee4791ef5b1,Houston,Will the highest temperature in Houston be between 94-95°F on August 14?,28831326021294620747215780146562171214476556340972182937833194616743212051655,Yes,2026-08-14T22:46:13+00:00,0.0055
0x7a5d60bfbc841d82b1e8db1257dd5ef81fb41538c5be8470b0547ee4791ef5b1,Houston,Will the highest temperature in Houston be between 94-95°F on August 14?,22433220007398485770687147518007825170185203863682135443889026347827370705057,No,2026-08-14T22:00:11+00:00,0.99
0x7a5d60bfbc841d82b1e8db1257dd5ef81fb41538c5be8470b0547ee4791ef5b1,Houston,Will the highest temperature in Houston be between 94-95°F on August 14?,22433220007398485770687147518007825170185203863682135443889026347827370705057,No,2026-08-14T22:46:10+00:00,0.9945
0x0585850f9a9f2ccc51b9b81d710344edd285dc88e027338c66c2a2b33bdf80e8,Houston,Will the highest temperature in Houston be between 96-97°F on August 14?,36089177035045371458954855522096750336881786516527680673290407780910632087869,Yes,2026-08-14T22:00:14+00:00,0.0055
0x0585850f9a9f2ccc51b9b81d710344edd285dc88e027338c66c2a2b33bdf80e8,Houston,Will the highest temperature in Houston be between 96-97°F on August 14?,36089177035045371458954855522096750336881786516527680673290407780910632087869,Yes,2026-08-14T22:46:12+00:00,0.005
0x0585850f9a9f2ccc51b9b81d710344edd285dc88e027338c66c2a2b33bdf80e8,Houston,Will the highest temperature in Houston be between 96-97°F on August 14?,61331753576686616021773079654416849516409903388112834330786441089762846107721,No,2026-08-14T22:00:13+00:00,0.9945
0x0585850f9a9f2ccc51b9b81d710344edd285dc88e027338c66c2a2b33bdf80e8,Houston,Will the highest temperature in Houston be between 96-97°F on August 14?,61331753576686616021773079654416849516409903388112834330786441089762846107721,No,2026-08-14T22:46:11+00:00,0.995
0x431356a95518b339f4919119c67eac9584e60399289ad6cf0a070151af01034e,Houston,Will the highest temperature in Houston be between 98-99°F on August 14?,83863027271530607190889544752135253829494546723021793324830065419921580735990,Yes,2026-08-14T22:00:12+00:00,0.0035
0x431356a95518b339f4919119c67eac9584e60399289ad6cf0a070151af01034e,Houston,Will the highest temperature in Houston be between 98-99°F on August 14?,83863027271530607190889544752135253829494546723021793324830065419921580735990,Yes,2026-08-14T22:46:11+00:00,0.0035
0x431356a95518b339f4919119c67eac9584e60399289ad6cf0a070151af01034e,Houston,Will the highest temperature in Houston be between 98-99°F on August 14?,44524870878191586307854524290937563062990595664820402594499101592758246713953,No,2026-08-14T22:00:15+00:00,0.9965
0x431356a95518b339f4919119c67eac9584e60399289ad6cf0a070151af01034e,Houston,Will the highest temperature in Houston be between 98-99°F on August 14?,44524870878191586307854524290937563062990595664820402594499101592758246713953,No,2026-08-14T22:46:12+00:00,0.9965
0xd7a852e47de78c7c19595089aaa95941898e73430dcf5f0600d45d0fc63121c6,Houston,Will the highest temperature in Houston be 100°F or higher on August 14?,33897887330647821069422175789527372225927466609946237397541195049702442102327,Yes,2026-08-14T22:00:18+00:00,0.0035
0xd7a852e47de78c7c19595089aaa95941898e73430dcf5f0600d45d0fc63121c6,Houston,Will the highest temperature in Houston be 100°F or higher on August 14?,33897887330647821069422175789527372225927466609946237397541195049702442102327,Yes,2026-08-14T22:46:13+00:00,0.0025
0xd7a852e47de78c7c19595089aaa95941898e73430dcf5f0600d45d0fc63121c6,Houston,Will the highest temperature in Houston be 100°F or higher on August 14?,67244601611795342198309482055714030215900112278497582029973532853868199351410,No,2026-08-14T22:00:15+00:00,0.9965
0xd7a852e47de78c7c19595089aaa95941898e73430dcf5f0600d45d0fc63121c6,Houston,Will the highest temperature in Houston be 100°F or higher on August 14?,67244601611795342198309482055714030215900112278497582029973532853868199351410,No,2026-08-14T22:46:12+00:00,0.9975
0xbbe52480e5629af3408cba2173c1e2accf60414b33bc35fe9177576b5faae111,Houston,Will the highest temperature in Houston be 85°F or below on August 15?,21792247222320316455348016585688091666718661689086217027546582789932437638899,Yes,2026-08-14T22:00:11+00:00,0.0005
0xbbe52480e5629af3408cba2173c1e2accf60414b33bc35fe9177576b5faae111,Houston,Will the highest temperature in Houston be 85°F or below on August 15?,21792247222320316455348016585688091666718661689086217027546582789932437638899,Yes,2026-08-14T22:46:10+00:00,0.0005
0xbbe52480e5629af3408cba2173c1e2accf60414b33bc35fe9177576b5faae111,Houston,Will the highest temperature in Houston be 85°F or below on August 15?,75949419147117607431547864708906726550184863265108159852984401612168561720072,No,2026-08-14T22:00:18+00:00,0.9995
0xbbe52480e5629af3408cba2173c1e2accf60414b33bc35fe9177576b5faae111,Houston,Will the highest temperature in Houston be 85°F or below on August 15?,75949419147117607431547864708906726550184863265108159852984401612168561720072,No,2026-08-14T22:46:14+00:00,0.9995
0xd564813f00eac5009b02d53745a92a81760a0217d7923cce283d9c998d7f6755,Houston,Will the highest temperature in Houston be between 86-87°F on August 15?,43049807925073594025011736031866369931990012797229918636493344551886721216198,Yes,2026-08-14T22:00:13+00:00,0.002
0xd564813f00eac5009b02d53745a92a81760a0217d7923cce283d9c998d7f6755,Houston,Will the highest temperature in Houston be between 86-87°F on August 15?,43049807925073594025011736031866369931990012797229918636493344551886721216198,Yes,2026-08-14T22:46:11+00:00,0.002
0xd564813f00eac5009b02d53745a92a81760a0217d7923cce283d9c998d7f6755,Houston,Will the highest temperature in Houston be between 86-87°F on August 15?,96094704431073330016481403794029023022295279070154282635768939242930271875882,No,2026-08-14T22:00:12+00:00,0.998
0xd564813f00eac5009b02d53745a92a81760a0217d7923cce283d9c998d7f6755,Houston,Will the highest temperature in Houston be between 86-87°F on August 15?,96094704431073330016481403794029023022295279070154282635768939242930271875882,No,2026-08-14T22:46:11+00:00,0.998
0x3052631096905cec4afb05c136e6f233e5facb17f1fd88e8e1dc37098c40e1c6,Houston,Will the highest temperature in Houston be between 88-89°F on August 15?,72437507032381737692412267101659869340324351325604348277589691203335640471254,Yes,2026-08-14T22:00:12+00:00,0.004
0x3052631096905cec4afb05c136e6f233e5facb17f1fd88e8e1dc37098c40e1c6,Houston,Will the highest temperature in Houston be between 88-89°F on August 15?,72437507032381737692412267101659869340324351325604348277589691203335640471254,Yes,2026-08-14T22:46:11+00:00,0.004
0x3052631096905cec4afb05c136e6f233e5facb17f1fd88e8e1dc37098c40e1c6,Houston,Will the highest temperature in Houston be between 88-89°F on August 15?,1894709784926408289221080087040456972044290777223838083225631029304624751631,No,2026-08-14T22:00:14+00:00,0.996
0x3052631096905cec4afb05c136e6f233e5facb17f1fd88e8e1dc37098c40e1c6,Houston,Will the highest temperature in Houston be between 88-89°F on August 15?,1894709784926408289221080087040456972044290777223838083225631029304624751631,No,2026-08-14T22:46:12+00:00,0.996
0x7e8e69b45247ef4de66cef8ba3881da1064a8bbd1d069f3d95b2031073319541,Houston,Will the highest temperature in Houston be between 90-91°F on August 15?,41320162587522606068149653624074325380892076047593086335921443756159776442009,Yes,2026-08-14T22:00:12+00:00,0.0115
0x7e8e69b45247ef4de66cef8ba3881da1064a8bbd1d069f3d95b2031073319541,Houston,Will the highest temperature in Houston be between 90-91°F on August 15?,41320162587522606068149653624074325380892076047593086335921443756159776442009,Yes,2026-08-14T22:46:11+00:00,0.0075
0x7e8e69b45247ef4de66cef8ba3881da1064a8bbd1d069f3d95b2031073319541,Houston,Will the highest temperature in Houston be between 90-91°F on August 15?,103690395505024364632870652604112836193113934911399486805006957350984736870603,No,2026-08-14T22:00:12+00:00,0.9885
0x7e8e69b45247ef4de66cef8ba3881da1064a8bbd1d069f3d95b2031073319541,Houston,Will the highest temperature in Houston be between 90-91°F on August 15?,103690395505024364632870652604112836193113934911399486805006957350984736870603,No,2026-08-14T22:46:11+00:00,0.9925
0x0152cf4233bd54231128058767a7206c7924825369e4f57511012296396af902,Houston,Will the highest temperature in Houston be between 92-93°F on August 15?,81683630114945104796933810026778392817877389339133108532289576352923761188441,Yes,2026-08-14T22:00:14+00:00,0.025
0x0152cf4233bd54231128058767a7206c7924825369e4f57511012296396af902,Houston,Will the highest temperature in Houston be between 92-93°F on August 15?,81683630114945104796933810026778392817877389339133108532289576352923761188441,Yes,2026-08-14T22:46:12+00:00,0.025
0x0152cf4233bd54231128058767a7206c7924825369e4f57511012296396af902,Houston,Will the highest temperature in Houston be between 92-93°F on August 15?,44427761966912710604620970339871992409298953880478602520140592265674414378156,No,2026-08-14T22:00:12+00:00,0.975
0x0152cf4233bd54231128058767a7206c7924825369e4f57511012296396af902,Houston,Will the highest temperature in Houston be between 92-93°F on August 15?,44427761966912710604620970339871992409298953880478602520140592265674414378156,No,2026-08-14T22:46:11+00:00,0.975
0xd2171addf5f849aa8160479c6ebd96def6df0b9a58696c65197430c2d8ed3a08,Houston,Will the highest temperature in Houston be between 94-95°F on August 15?,69285490719824938303299081847378210474836392804357009538534299739263287520688,Yes,2026-08-14T22:00:12+00:00,0.26
0xd2171addf5f849aa8160479c6ebd96def6df0b9a58696c65197430c2d8ed3a08,Houston,Will the highest temperature in Houston be between 94-95°F on August 15?,69285490719824938303299081847378210474836392804357009538534299739263287520688,Yes,2026-08-14T22:46:11+00:00,0.28
0xd2171addf5f849aa8160479c6ebd96def6df0b9a58696c65197430c2d8ed3a08,Houston,Will the highest temperature in Houston be between 94-95°F on August 15?,93030434570398115897794942659416787648125325967731719447124518099424084549882,No,2026-08-14T22:00:17+00:00,0.74
0xd2171addf5f849aa8160479c6ebd96def6df0b9a58696c65197430c2d8ed3a08,Houston,Will the highest temperature in Houston be between 94-95°F on August 15?,93030434570398115897794942659416787648125325967731719447124518099424084549882,No,2026-08-14T22:46:13+00:00,0.72
0x53fc96d38c9956e853fd8f19c48c8e38ec9cfae378588f5d840e09b71ce0b083,Houston,Will the highest temperature in Houston be between 96-97°F on August 15?,99270992836300752328939877966366149006142227363021353470305550180050966847173,Yes,2026-08-14T22:00:14+00:00,0.555
0x53fc96d38c9956e853fd8f19c48c8e38ec9cfae378588f5d840e09b71ce0b083,Houston,Will the highest temperature in Houston be between 96-97°F on August 15?,99270992836300752328939877966366149006142227363021353470305550180050966847173,Yes,2026-08-14T22:46:12+00:00,0.56
0x53fc96d38c9956e853fd8f19c48c8e38ec9cfae378588f5d840e09b71ce0b083,Houston,Will the highest temperature in Houston be between 96-97°F on August 15?,78479618278422626974959199354830075521241378844320870782058987061772523695188,No,2026-08-14T22:00:12+00:00,0.445
0x53fc96d38c9956e853fd8f19c48c8e38ec9cfae378588f5d840e09b71ce0b083,Houston,Will the highest temperature in Houston be between 96-97°F on August 15?,78479618278422626974959199354830075521241378844320870782058987061772523695188,No,2026-08-14T22:46:11+00:00,0.44
0xe0b4a6377c867a2f892d4b8350a0c468d11a810dcab6619bd1dd17645a20f2d6,Houston,Will the highest temperature in Houston be between 98-99°F on August 15?,27977338018292946940662444902912348467803007867220110150328464506724100066340,Yes,2026-08-14T22:00:18+00:00,0.155
0xe0b4a6377c867a2f892d4b8350a0c468d11a810dcab6619bd1dd17645a20f2d6,Houston,Will the highest temperature in Houston be between 98-99°F on August 15?,27977338018292946940662444902912348467803007867220110150328464506724100066340,Yes,2026-08-14T22:46:13+00:00,0.135
0xe0b4a6377c867a2f892d4b8350a0c468d11a810dcab6619bd1dd17645a20f2d6,Houston,Will the highest temperature in Houston be between 98-99°F on August 15?,15892001859657100646986515180346706843066198887789644354272927945426335419270,No,2026-08-14T22:00:18+00:00,0.845
0xe0b4a6377c867a2f892d4b8350a0c468d11a810dcab6619bd1dd17645a20f2d6,Houston,Will the highest temperature in Houston be between 98-99°F on August 15?,15892001859657100646986515180346706843066198887789644354272927945426335419270,No,2026-08-14T22:46:13+00:00,0.865
0x89cf4aa9b206a720137da34466ec72b69b0e4f6d66ce201bf252394ebe5c3a9e,Houston,Will the highest temperature in Houston be between 100-101°F on August 15?,30716988798286352312993129143806589709193025409146214824487163036113491528884,Yes,2026-08-14T22:00:15+00:00,0.005
0x89cf4aa9b206a720137da34466ec72b69b0e4f6d66ce201bf252394ebe5c3a9e,Houston,Will the highest temperature in Houston be between 100-101°F on August 15?,30716988798286352312993129143806589709193025409146214824487163036113491528884,Yes,2026-08-14T22:46:12+00:00,0.013
0x89cf4aa9b206a720137da34466ec72b69b0e4f6d66ce201bf252394ebe5c3a9e,Houston,Will the highest temperature in Houston be between 100-101°F on August 15?,18013119044405041672388559947777763440168912238944503619149735234200723283496,No,2026-08-14T22:00:18+00:00,0.995
0x89cf4aa9b206a720137da34466ec72b69b0e4f6d66ce201bf252394ebe5c3a9e,Houston,Will the highest temperature in Houston be between 100-101°F on August 15?,18013119044405041672388559947777763440168912238944503619149735234200723283496,No,2026-08-14T22:46:13+00:00,0.987
0xb96a18cd587db80c8344e4b508f4da7455ec19d3102968f0948db498e165c037,Houston,Will the highest temperature in Houston be between 102-103°F on August 15?,6613685240130534578554470367080606226806052226890418464573103849593412920500,Yes,2026-08-14T22:00:13+00:00,0.0015
0xb96a18cd587db80c8344e4b508f4da7455ec19d3102968f0948db498e165c037,Houston,Will the highest temperature in Houston be between 102-103°F on August 15?,6613685240130534578554470367080606226806052226890418464573103849593412920500,Yes,2026-08-14T22:46:11+00:00,0.0015
0xb96a18cd587db80c8344e4b508f4da7455ec19d3102968f0948db498e165c037,Houston,Will the highest temperature in Houston be between 102-103°F on August 15?,49107487298986291359963641465557459149842285386209103792729470717003821401043,No,2026-08-14T22:00:15+00:00,0.9985
0xb96a18cd587db80c8344e4b508f4da7455ec19d3102968f0948db498e165c037,Houston,Will the highest temperature in Houston be between 102-103°F on August 15?,49107487298986291359963641465557459149842285386209103792729470717003821401043,No,2026-08-14T22:46:12+00:00,0.9985
0xceb9fa6a5b0dd8c81698b0c19441f8ace8d3308c6f2beb3399eece0f64a45133,Houston,Will the highest temperature in Houston be 104°F or higher on August 15?,105543005645118994307072673960185924437532319023461923293299298243471538385450,Yes,2026-08-14T22:00:17+00:00,0.0005
0xceb9fa6a5b0dd8c81698b0c19441f8ace8d3308c6f2beb3399eece0f64a45133,Houston,Will the highest temperature in Houston be 104°F or higher on August 15?,105543005645118994307072673960185924437532319023461923293299298243471538385450,Yes,2026-08-14T22:46:13+00:00,0.0005
0xceb9fa6a5b0dd8c81698b0c19441f8ace8d3308c6f2beb3399eece0f64a45133,Houston,Will the highest temperature in Houston be 104°F or higher on August 15?,40771140627971468391051354600899336664919344343264834076131598893492692748614,No,2026-08-14T22:00:17+00:00,0.9995
0xceb9fa6a5b0dd8c81698b0c19441f8ace8d3308c6f2beb3399eece0f64a45133,Houston,Will the highest temperature in Houston be 104°F or higher on August 15?,40771140627971468391051354600899336664919344343264834076131598893492692748614,No,2026-08-14T22:46:13+00:00,0.9995
0xe03ef83291d820246caccf8dde7f3c3c5ba99ede6499707ec39a0dbfa5fa9621,Houston,Will the highest temperature in Houston be 81°F or below on August 14?,10582267533514159443552209759363396668088663561125305460123149894061025640290,Yes,2026-08-14T23:00:16+00:00,0.0005
0xe03ef83291d820246caccf8dde7f3c3c5ba99ede6499707ec39a0dbfa5fa9621,Houston,Will the highest temperature in Houston be 81°F or below on August 14?,10582267533514159443552209759363396668088663561125305460123149894061025640290,Yes,2026-08-14T23:41:09+00:00,0.0005
0xe03ef83291d820246caccf8dde7f3c3c5ba99ede6499707ec39a0dbfa5fa9621,Houston,Will the highest temperature in Houston be 81°F or below on August 14?,111158787808786556713194645514958308437938534561145438512021977007770179475229,No,2026-08-14T23:00:12+00:00,0.9995
0xe03ef83291d820246caccf8dde7f3c3c5ba99ede6499707ec39a0dbfa5fa9621,Houston,Will the highest temperature in Houston be 81°F or below on August 14?,111158787808786556713194645514958308437938534561145438512021977007770179475229,No,2026-08-14T23:41:07+00:00,0.9995
0x2c9252da68703a428a93aacfe1ae3a4958420afe999ded3a38ab1d527bc4907b,Houston,Will the highest temperature in Houston be between 82-83°F on August 14?,101637321380572566648454246578585288131105111134612361834299664151638937052716,Yes,2026-08-14T23:00:16+00:00,0.0005
0x2c9252da68703a428a93aacfe1ae3a4958420afe999ded3a38ab1d527bc4907b,Houston,Will the highest temperature in Houston be between 82-83°F on August 14?,101637321380572566648454246578585288131105111134612361834299664151638937052716,Yes,2026-08-14T23:41:09+00:00,0.0005
0x2c9252da68703a428a93aacfe1ae3a4958420afe999ded3a38ab1d527bc4907b,Houston,Will the highest temperature in Houston be between 82-83°F on August 14?,48161865815974083272892286785915892840282933090526522993744387246710470767186,No,2026-08-14T23:00:13+00:00,0.9995
0x2c9252da68703a428a93aacfe1ae3a4958420afe999ded3a38ab1d527bc4907b,Houston,Will the highest temperature in Houston be between 82-83°F on August 14?,48161865815974083272892286785915892840282933090526522993744387246710470767186,No,2026-08-14T23:41:08+00:00,0.9995
0x838ca38b0c234b981dbe11c53b187127af82b1db5615aa90af8b983bad7e33a0,Houston,Will the highest temperature in Houston be between 84-85°F on August 14?,15488006698237351685732898401699475378252409616836608549277979398113110905993,Yes,2026-08-14T23:00:16+00:00,0.0005
0x838ca38b0c234b981dbe11c53b187127af82b1db5615aa90af8b983bad7e33a0,Houston,Will the highest temperature in Houston be between 84-85°F on August 14?,15488006698237351685732898401699475378252409616836608549277979398113110905993,Yes,2026-08-14T23:41:10+00:00,0.0005
0x838ca38b0c234b981dbe11c53b187127af82b1db5615aa90af8b983bad7e33a0,Houston,Will the highest temperature in Houston be between 84-85°F on August 14?,37235111768247177937255924086320729308997671573777008884072539717949232346097,No,2026-08-14T23:00:12+00:00,0.9995
0x838ca38b0c234b981dbe11c53b187127af82b1db5615aa90af8b983bad7e33a0,Houston,Will the highest temperature in Houston be between 84-85°F on August 14?,37235111768247177937255924086320729308997671573777008884072539717949232346097,No,2026-08-14T23:41:07+00:00,0.9995
0x2131d75b5f7d23cbdd2a31c1cf0c40f360cfa268c99879fa572777d6b19ea716,Houston,Will the highest temperature in Houston be between 86-87°F on August 14?,78539173942764984060922893189022592061364696833492576830221696070881650333698,Yes,2026-08-14T23:00:17+00:00,0.0005
0x2131d75b5f7d23cbdd2a31c1cf0c40f360cfa268c99879fa572777d6b19ea716,Houston,Will the highest temperature in Houston be between 86-87°F on August 14?,78539173942764984060922893189022592061364696833492576830221696070881650333698,Yes,2026-08-14T23:41:10+00:00,0.0005
0x2131d75b5f7d23cbdd2a31c1cf0c40f360cfa268c99879fa572777d6b19ea716,Houston,Will the highest temperature in Houston be between 86-87°F on August 14?,99594452899436634604728616421425036628463967257933630408493844113555809203568,No,2026-08-14T23:00:14+00:00,0.9995
0x2131d75b5f7d23cbdd2a31c1cf0c40f360cfa268c99879fa572777d6b19ea716,Houston,Will the highest temperature in Houston be between 86-87°F on August 14?,99594452899436634604728616421425036628463967257933630408493844113555809203568,No,2026-08-14T23:41:08+00:00,0.9995
0x4a11a8608853932cd58bfc49df03b8d7f7d98c49d7065b37399fe5401d68a07c,Houston,Will the highest temperature in Houston be between 88-89°F on August 14?,12837788342102810065288444386729051493761523072891597043461105824163058476041,Yes,2026-08-14T23:00:16+00:00,0.0005
0x4a11a8608853932cd58bfc49df03b8d7f7d98c49d7065b37399fe5401d68a07c,Houston,Will the highest temperature in Houston be between 88-89°F on August 14?,12837788342102810065288444386729051493761523072891597043461105824163058476041,Yes,2026-08-14T23:41:10+00:00,0.0005
0x4a11a8608853932cd58bfc49df03b8d7f7d98c49d7065b37399fe5401d68a07c,Houston,Will the highest temperature in Houston be between 88-89°F on August 14?,15435265914103628591634606585611734775031686808200489332633238193616638260101,No,2026-08-14T23:00:16+00:00,0.9995
0x4a11a8608853932cd58bfc49df03b8d7f7d98c49d7065b37399fe5401d68a07c,Houston,Will the highest temperature in Houston be between 88-89°F on August 14?,15435265914103628591634606585611734775031686808200489332633238193616638260101,No,2026-08-14T23:41:09+00:00,0.9995
0x359ba4cc0e574f8e33152bacfcaf52786de4d6d062ee22b88e593e455cea9ed4,Houston,Will the highest temperature in Houston be between 90-91°F on August 14?,27237451439041276029800328578030567263278401914511084798198491950237429257608,Yes,2026-08-14T23:00:16+00:00,0.0005
0x359ba4cc0e574f8e33152bacfcaf52786de4d6d062ee22b88e593e455cea9ed4,Houston,Will the highest temperature in Houston be between 90-91°F on August 14?,27237451439041276029800328578030567263278401914511084798198491950237429257608,Yes,2026-08-14T23:41:09+00:00,0.0005
0x359ba4cc0e574f8e33152bacfcaf52786de4d6d062ee22b88e593e455cea9ed4,Houston,Will the highest temperature in Houston be between 90-91°F on August 14?,57509207727069701865106438874519203285979365193645388728270454546337507123524,No,2026-08-14T23:00:16+00:00,0.9995
0x359ba4cc0e574f8e33152bacfcaf52786de4d6d062ee22b88e593e455cea9ed4,Houston,Will the highest temperature in Houston be between 90-91°F on August 14?,57509207727069701865106438874519203285979365193645388728270454546337507123524,No,2026-08-14T23:41:09+00:00,0.9995
0x8a49d18088a8d4ea5e44a96604618dd12339c1a7667012605575fe7b6d5986cd,Houston,Will the highest temperature in Houston be between 92-93°F on August 14?,65825908583112834870318381111223272312032080956679362549448857332496342945803,Yes,2026-08-14T23:00:11+00:00,0.9955
0x8a49d18088a8d4ea5e44a96604618dd12339c1a7667012605575fe7b6d5986cd,Houston,Will the highest temperature in Houston be between 92-93°F on August 14?,65825908583112834870318381111223272312032080956679362549448857332496342945803,Yes,2026-08-14T23:41:07+00:00,0.997
0x8a49d18088a8d4ea5e44a96604618dd12339c1a7667012605575fe7b6d5986cd,Houston,Will the highest temperature in Houston be between 92-93°F on August 14?,69002621539137572358230488736682883203290859349309291930560738380543225189579,No,2026-08-14T23:00:15+00:00,0.0045
0x8a49d18088a8d4ea5e44a96604618dd12339c1a7667012605575fe7b6d5986cd,Houston,Will the highest temperature in Houston be between 92-93°F on August 14?,69002621539137572358230488736682883203290859349309291930560738380543225189579,No,2026-08-14T23:41:09+00:00,0.003
0x7a5d60bfbc841d82b1e8db1257dd5ef81fb41538c5be8470b0547ee4791ef5b1,Houston,Will the highest temperature in Houston be between 94-95°F on August 14?,28831326021294620747215780146562171214476556340972182937833194616743212051655,Yes,2026-08-14T23:00:16+00:00,0.005
0x7a5d60bfbc841d82b1e8db1257dd5ef81fb41538c5be8470b0547ee4791ef5b1,Houston,Will the highest temperature in Houston be between 94-95°F on August 14?,28831326021294620747215780146562171214476556340972182937833194616743212051655,Yes,2026-08-14T23:41:10+00:00,0.0025
0x7a5d60bfbc841d82b1e8db1257dd5ef81fb41538c5be8470b0547ee4791ef5b1,Houston,Will the highest temperature in Houston be between 94-95°F on August 14?,22433220007398485770687147518007825170185203863682135443889026347827370705057,No,2026-08-14T23:00:11+00:00,0.995
0x7a5d60bfbc841d82b1e8db1257dd5ef81fb41538c5be8470b0547ee4791ef5b1,Houston,Will the highest temperature in Houston be between 94-95°F on August 14?,22433220007398485770687147518007825170185203863682135443889026347827370705057,No,2026-08-14T23:41:07+00:00,0.9975
0x0585850f9a9f2ccc51b9b81d710344edd285dc88e027338c66c2a2b33bdf80e8,Houston,Will the highest temperature in Houston be between 96-97°F on August 14?,36089177035045371458954855522096750336881786516527680673290407780910632087869,Yes,2026-08-14T23:00:14+00:00,0.004
0x0585850f9a9f2ccc51b9b81d710344edd285dc88e027338c66c2a2b33bdf80e8,Houston,Will the highest temperature in Houston be between 96-97°F on August 14?,36089177035045371458954855522096750336881786516527680673290407780910632087869,Yes,2026-08-14T23:41:08+00:00,0.0025
0x0585850f9a9f2ccc51b9b81d710344edd285dc88e027338c66c2a2b33bdf80e8,Houston,Will the highest temperature in Houston be between 96-97°F on August 14?,61331753576686616021773079654416849516409903388112834330786441089762846107721,No,2026-08-14T23:00:13+00:00,0.996
0x0585850f9a9f2ccc51b9b81d710344edd285dc88e027338c66c2a2b33bdf80e8,Houston,Will the highest temperature in Houston be between 96-97°F on August 14?,61331753576686616021773079654416849516409903388112834330786441089762846107721,No,2026-08-14T23:41:08+00:00,0.9975
0x431356a95518b339f4919119c67eac9584e60399289ad6cf0a070151af01034e,Houston,Will the highest temperature in Houston be between 98-99°F on August 14?,83863027271530607190889544752135253829494546723021793324830065419921580735990,Yes,2026-08-14T23:00:12+00:00,0.0035
0x431356a95518b339f4919119c67eac9584e60399289ad6cf0a070151af01034e,Houston,Will the highest temperature in Houston be between 98-99°F on August 14?,83863027271530607190889544752135253829494546723021793324830065419921580735990,Yes,2026-08-14T23:41:07+00:00,0.003
0x431356a95518b339f4919119c67eac9584e60399289ad6cf0a070151af01034e,Houston,Will the highest temperature in Houston be between 98-99°F on August 14?,44524870878191586307854524290937563062990595664820402594499101592758246713953,No,2026-08-14T23:00:14+00:00,0.9965
0x431356a95518b339f4919119c67eac9584e60399289ad6cf0a070151af01034e,Houston,Will the highest temperature in Houston be between 98-99°F on August 14?,44524870878191586307854524290937563062990595664820402594499101592758246713953,No,2026-08-14T23:41:08+00:00,0.997
0xd7a852e47de78c7c19595089aaa95941898e73430dcf5f0600d45d0fc63121c6,Houston,Will the highest temperature in Houston be 100°F or higher on August 14?,33897887330647821069422175789527372225927466609946237397541195049702442102327,Yes,2026-08-14T23:00:16+00:00,0.0005
0xd7a852e47de78c7c19595089aaa95941898e73430dcf5f0600d45d0fc63121c6,Houston,Will the highest temperature in Houston be 100°F or higher on August 14?,33897887330647821069422175789527372225927466609946237397541195049702442102327,Yes,2026-08-14T23:41:10+00:00,0.0005
0xd7a852e47de78c7c19595089aaa95941898e73430dcf5f0600d45d0fc63121c6,Houston,Will the highest temperature in Houston be 100°F or higher on August 14?,67244601611795342198309482055714030215900112278497582029973532853868199351410,No,2026-08-14T23:00:14+00:00,0.9995
0xd7a852e47de78c7c19595089aaa95941898e73430dcf5f0600d45d0fc63121c6,Houston,Will the highest temperature in Houston be 100°F or higher on August 14?,67244601611795342198309482055714030215900112278497582029973532853868199351410,No,2026-08-14T23:41:08+00:00,0.9995
0xbbe52480e5629af3408cba2173c1e2accf60414b33bc35fe9177576b5faae111,Houston,Will the highest temperature in Houston be 85°F or below on August 15?,21792247222320316455348016585688091666718661689086217027546582789932437638899,Yes,2026-08-14T23:00:11+00:00,0.0015
0xbbe52480e5629af3408cba2173c1e2accf60414b33bc35fe9177576b5faae111,Houston,Will the highest temperature in Houston be 85°F or below on August 15?,21792247222320316455348016585688091666718661689086217027546582789932437638899,Yes,2026-08-14T23:42:07+00:00,0.0005
0xbbe52480e5629af3408cba2173c1e2accf60414b33bc35fe9177576b5faae111,Houston,Will the highest temperature in Houston be 85°F or below on August 15?,75949419147117607431547864708906726550184863265108159852984401612168561720072,No,2026-08-14T23:00:17+00:00,0.9985
0xbbe52480e5629af3408cba2173c1e2accf60414b33bc35fe9177576b5faae111,Houston,Will the highest temperature in Houston be 85°F or below on August 15?,75949419147117607431547864708906726550184863265108159852984401612168561720072,No,2026-08-14T23:41:10+00:00,0.9995
0xd564813f00eac5009b02d53745a92a81760a0217d7923cce283d9c998d7f6755,Houston,Will the highest temperature in Houston be between 86-87°F on August 15?,43049807925073594025011736031866369931990012797229918636493344551886721216198,Yes,2026-08-14T23:00:13+00:00,0.002
0xd564813f00eac5009b02d53745a92a81760a0217d7923cce283d9c998d7f6755,Houston,Will the highest temperature in Houston be between 86-87°F on August 15?,43049807925073594025011736031866369931990012797229918636493344551886721216198,Yes,2026-08-14T23:42:08+00:00,0.002
0xd564813f00eac5009b02d53745a92a81760a0217d7923cce283d9c998d7f6755,Houston,Will the highest temperature in Houston be between 86-87°F on August 15?,96094704431073330016481403794029023022295279070154282635768939242930271875882,No,2026-08-14T23:00:12+00:00,0.998
0xd564813f00eac5009b02d53745a92a81760a0217d7923cce283d9c998d7f6755,Houston,Will the highest temperature in Houston be between 86-87°F on August 15?,96094704431073330016481403794029023022295279070154282635768939242930271875882,No,2026-08-14T23:42:08+00:00,0.998
0x3052631096905cec4afb05c136e6f233e5facb17f1fd88e8e1dc37098c40e1c6,Houston,Will the highest temperature in Houston be between 88-89°F on August 15?,72437507032381737692412267101659869340324351325604348277589691203335640471254,Yes,2026-08-14T23:00:12+00:00,0.004
0x3052631096905cec4afb05c136e6f233e5facb17f1fd88e8e1dc37098c40e1c6,Houston,Will the highest temperature in Houston be between 88-89°F on August 15?,72437507032381737692412267101659869340324351325604348277589691203335640471254,Yes,2026-08-14T23:42:08+00:00,0.004
0x3052631096905cec4afb05c136e6f233e5facb17f1fd88e8e1dc37098c40e1c6,Houston,Will the highest temperature in Houston be between 88-89°F on August 15?,1894709784926408289221080087040456972044290777223838083225631029304624751631,No,2026-08-14T23:00:14+00:00,0.996
0x3052631096905cec4afb05c136e6f233e5facb17f1fd88e8e1dc37098c40e1c6,Houston,Will the highest temperature in Houston be between 88-89°F on August 15?,1894709784926408289221080087040456972044290777223838083225631029304624751631,No,2026-08-14T23:42:09+00:00,0.996
0x7e8e69b45247ef4de66cef8ba3881da1064a8bbd1d069f3d95b2031073319541,Houston,Will the highest temperature in Houston be between 90-91°F on August 15?,41320162587522606068149653624074325380892076047593086335921443756159776442009,Yes,2026-08-14T23:00:12+00:00,0.0075
0x7e8e69b45247ef4de66cef8ba3881da1064a8bbd1d069f3d95b2031073319541,Houston,Will the highest temperature in Houston be between 90-91°F on August 15?,41320162587522606068149653624074325380892076047593086335921443756159776442009,Yes,2026-08-14T23:42:08+00:00,0.0075
0x7e8e69b45247ef4de66cef8ba3881da1064a8bbd1d069f3d95b2031073319541,Houston,Will the highest temperature in Houston be between 90-91°F on August 15?,103690395505024364632870652604112836193113934911399486805006957350984736870603,No,2026-08-14T23:00:12+00:00,0.9925
0x7e8e69b45247ef4de66cef8ba3881da1064a8bbd1d069f3d95b2031073319541,Houston,Will the highest temperature in Houston be between 90-91°F on August 15?,103690395505024364632870652604112836193113934911399486805006957350984736870603,No,2026-08-14T23:42:08+00:00,0.9925
0x0152cf4233bd54231128058767a7206c7924825369e4f57511012296396af902,Houston,Will the highest temperature in Houston be between 92-93°F on August 15?,81683630114945104796933810026778392817877389339133108532289576352923761188441,Yes,2026-08-14T23:00:14+00:00,0.025
0x0152cf4233bd54231128058767a7206c7924825369e4f57511012296396af902,Houston,Will the highest temperature in Houston be between 92-93°F on August 15?,81683630114945104796933810026778392817877389339133108532289576352923761188441,Yes,2026-08-14T23:42:09+00:00,0.025
0x0152cf4233bd54231128058767a7206c7924825369e4f57511012296396af902,Houston,Will the highest temperature in Houston be between 92-93°F on August 15?,44427761966912710604620970339871992409298953880478602520140592265674414378156,No,2026-08-14T23:00:12+00:00,0.975
0x0152cf4233bd54231128058767a7206c7924825369e4f57511012296396af902,Houston,Will the highest temperature in Houston be between 92-93°F on August 15?,44427761966912710604620970339871992409298953880478602520140592265674414378156,No,2026-08-14T23:42:08+00:00,0.975
0xd2171addf5f849aa8160479c6ebd96def6df0b9a58696c65197430c2d8ed3a08,Houston,Will the highest temperature in Houston be between 94-95°F on August 15?,69285490719824938303299081847378210474836392804357009538534299739263287520688,Yes,2026-08-14T23:00:12+00:00,0.28
0xd2171addf5f849aa8160479c6ebd96def6df0b9a58696c65197430c2d8ed3a08,Houston,Will the highest temperature in Houston be between 94-95°F on August 15?,69285490719824938303299081847378210474836392804357009538534299739263287520688,Yes,2026-08-14T23:42:08+00:00,0.28
0xd2171addf5f849aa8160479c6ebd96def6df0b9a58696c65197430c2d8ed3a08,Houston,Will the highest temperature in Houston be between 94-95°F on August 15?,93030434570398115897794942659416787648125325967731719447124518099424084549882,No,2026-08-14T23:00:16+00:00,0.72
0xd2171addf5f849aa8160479c6ebd96def6df0b9a58696c65197430c2d8ed3a08,Houston,Will the highest temperature in Houston be between 94-95°F on August 15?,93030434570398115897794942659416787648125325967731719447124518099424084549882,No,2026-08-14T23:42:10+00:00,0.72
0x53fc96d38c9956e853fd8f19c48c8e38ec9cfae378588f5d840e09b71ce0b083,Houston,Will the highest temperature in Houston be between 96-97°F on August 15?,99270992836300752328939877966366149006142227363021353470305550180050966847173,Yes,2026-08-14T23:00:13+00:00,0.56
0x53fc96d38c9956e853fd8f19c48c8e38ec9cfae378588f5d840e09b71ce0b083,Houston,Will the highest temperature in Houston be between 96-97°F on August 15?,99270992836300752328939877966366149006142227363021353470305550180050966847173,Yes,2026-08-14T23:42:08+00:00,0.565
0x53fc96d38c9956e853fd8f19c48c8e38ec9cfae378588f5d840e09b71ce0b083,Houston,Will the highest temperature in Houston be between 96-97°F on August 15?,78479618278422626974959199354830075521241378844320870782058987061772523695188,No,2026-08-14T23:00:12+00:00,0.44
0x53fc96d38c9956e853fd8f19c48c8e38ec9cfae378588f5d840e09b71ce0b083,Houston,Will the highest temperature in Houston be between 96-97°F on August 15?,78479618278422626974959199354830075521241378844320870782058987061772523695188,No,2026-08-14T23:42:08+00:00,0.435
0xe0b4a6377c867a2f892d4b8350a0c468d11a810dcab6619bd1dd17645a20f2d6,Houston,Will the highest temperature in Houston be between 98-99°F on August 15?,27977338018292946940662444902912348467803007867220110150328464506724100066340,Yes,2026-08-14T23:00:16+00:00,0.14
0xe0b4a6377c867a2f892d4b8350a0c468d11a810dcab6619bd1dd17645a20f2d6,Houston,Will the highest temperature in Houston be between 98-99°F on August 15?,27977338018292946940662444902912348467803007867220110150328464506724100066340,Yes,2026-08-14T23:42:10+00:00,0.14
0xe0b4a6377c867a2f892d4b8350a0c468d11a810dcab6619bd1dd17645a20f2d6,Houston,Will the highest temperature in Houston be between 98-99°F on August 15?,15892001859657100646986515180346706843066198887789644354272927945426335419270,No,2026-08-14T23:00:16+00:00,0.86
0xe0b4a6377c867a2f892d4b8350a0c468d11a810dcab6619bd1dd17645a20f2d6,Houston,Will the highest temperature in Houston be between 98-99°F on August 15?,15892001859657100646986515180346706843066198887789644354272927945426335419270,No,2026-08-14T23:42:10+00:00,0.86
0x89cf4aa9b206a720137da34466ec72b69b0e4f6d66ce201bf252394ebe5c3a9e,Houston,Will the highest temperature in Houston be between 100-101°F on August 15?,30716988798286352312993129143806589709193025409146214824487163036113491528884,Yes,2026-08-14T23:00:14+00:00,0.0185
0x89cf4aa9b206a720137da34466ec72b69b0e4f6d66ce201bf252394ebe5c3a9e,Houston,Will the highest temperature in Houston be between 100-101°F on August 15?,30716988798286352312993129143806589709193025409146214824487163036113491528884,Yes,2026-08-14T23:42:09+00:00,0.012
0x89cf4aa9b206a720137da34466ec72b69b0e4f6d66ce201bf252394ebe5c3a9e,Houston,Will the highest temperature in Houston be between 100-101°F on August 15?,18013119044405041672388559947777763440168912238944503619149735234200723283496,No,2026-08-14T23:00:16+00:00,0.9815
0x89cf4aa9b206a720137da34466ec72b69b0e4f6d66ce201bf252394ebe5c3a9e,Houston,Will the highest temperature in Houston be between 100-101°F on August 15?,18013119044405041672388559947777763440168912238944503619149735234200723283496,No,2026-08-14T23:42:10+00:00,0.988
0xb96a18cd587db80c8344e4b508f4da7455ec19d3102968f0948db498e165c037,Houston,Will the highest temperature in Houston be between 102-103°F on August 15?,6613685240130534578554470367080606226806052226890418464573103849593412920500,Yes,2026-08-14T23:00:13+00:00,0.0015
0xb96a18cd587db80c8344e4b508f4da7455ec19d3102968f0948db498e165c037,Houston,Will the highest temperature in Houston be between 102-103°F on August 15?,6613685240130534578554470367080606226806052226890418464573103849593412920500,Yes,2026-08-14T23:42:08+00:00,0.0015
0xb96a18cd587db80c8344e4b508f4da7455ec19d3102968f0948db498e165c037,Houston,Will the highest temperature in Houston be between 102-103°F on August 15?,49107487298986291359963641465557459149842285386209103792729470717003821401043,No,2026-08-14T23:00:14+00:00,0.9985
0xb96a18cd587db80c8344e4b508f4da7455ec19d3102968f0948db498e165c037,Houston,Will the highest temperature in Houston be between 102-103°F on August 15?,49107487298986291359963641465557459149842285386209103792729470717003821401043,No,2026-08-14T23:42:09+00:00,0.9985
0xceb9fa6a5b0dd8c81698b0c19441f8ace8d3308c6f2beb3399eece0f64a45133,Houston,Will the highest temperature in Houston be 104°F or higher on August 15?,105543005645118994307072673960185924437532319023461923293299298243471538385450,Yes,2026-08-14T23:00:16+00:00,0.0005
0xceb9fa6a5b0dd8c81698b0c19441f8ace8d3308c6f2beb3399eece0f64a45133,Houston,Will the highest temperature in Houston be 104°F or higher on August 15?,105543005645118994307072673960185924437532319023461923293299298243471538385450,Yes,2026-08-14T23:42:10+00:00,0.0005
0xceb9fa6a5b0dd8c81698b0c19441f8ace8d3308c6f2beb3399eece0f64a45133,Houston,Will the highest temperature in Houston be 104°F or higher on August 15?,40771140627971468391051354600899336664919344343264834076131598893492692748614,No,2026-08-14T23:00:16+00:00,0.9995
0xceb9fa6a5b0dd8c81698b0c19441f8ace8d3308c6f2beb3399eece0f64a45133,Houston,Will the highest temperature in Houston be 104°F or higher on August 15?,40771140627971468391051354600899336664919344343264834076131598893492692748614,No,2026-08-14T23:42:10+00:00,0.9995
