condition_id,city,question,token_id,outcome,timestamp_utc,price
0xf98e87a2194e064b2bb325e186d046837f281461155c0e8bd8d54503f37cf370,Miami,Will the highest temperature in Miami be 75°F or below on September 30?,64412401086634358051166077512640256164740268339596220108142940458492449985604,Yes,2026-10-01T00:00:19+00:00,0.0005
0xf98e87a2194e064b2bb325e186d046837f281461155c0e8bd8d54503f37cf370,Miami,Will the highest temperature in Miami be 75°F or below on September 30?,64412401086634358051166077512640256164740268339596220108142940458492449985604,Yes,2026-10-01T00:40:24+00:00,0.0005
0xf98e87a2194e064b2bb325e186d046837f281461155c0e8bd8d54503f37cf370,Miami,Will the highest temperature in Miami be 75°F or below on September 30?,110451505635399498457320240057312707052781140328558519095515622772191500555565,No,2026-10-01T00:00:24+00:00,0.9995
0xf98e87a2194e064b2bb325e186d046837f281461155c0e8bd8d54503f37cf370,Miami,Will the highest temperature in Miami be 75°F or below on September 30?,110451505635399498457320240057312707052781140328558519095515622772191500555565,No,2026-10-01T00:40:26+00:00,0.9995
0x2d95ed0615f277d49a4f1b555440d4300530a9debc0f87946abd347b636fc4a8,Miami,Will the highest temperature in Miami be between 76-77°F on September 30?,50419658516064201256729063127786159633917740906545110904297808887647036528731,Yes,2026-10-01T00:00:17+00:00,0.0005
0x2d95ed0615f277d49a4f1b555440d4300530a9debc0f87946abd347b636fc4a8,Miami,Will the highest temperature in Miami be between 76-77°F on September 30?,50419658516064201256729063127786159633917740906545110904297808887647036528731,Yes,2026-10-01T00:40:23+00:00,0.0005
0x2d95ed0615f277d49a4f1b555440d4300530a9debc0f87946abd347b636fc4a8,Miami,Will the highest temperature in Miami be between 76-77°F on September 30?,108309736257349037625415935704557855930914778460460016572047061545256647532108,No,2026-10-01T00:00:25+00:00,0.9995
0x2d95ed0615f277d49a4f1b555440d4300530a9debc0f87946abd347b636fc4a8,Miami,Will the highest temperature in Miami be between 76-77°F on September 30?,108309736257349037625415935704557855930914778460460016572047061545256647532108,No,2026-10-01T00:40:26+00:00,0.9995
0x9cbefbd2ca5d03e73b7afe09be84d98503bbdf0d16f93567df440048eb5a8c64,Miami,Will the highest temperature in Miami be between 78-79°F on September 30?,104484913200382909247898383418873986284311711405594398818903679801912275387628,Yes,2026-10-01T00:00:21+00:00,0.0005
0x9cbefbd2ca5d03e73b7afe09be84d98503bbdf0d16f93567df440048eb5a8c64,Miami,Will the highest temperature in Miami be between 78-79°F on September 30?,104484913200382909247898383418873986284311711405594398818903679801912275387628,Yes,2026-10-01T00:40:24+00:00,0.0005
0x9cbefbd2ca5d03e73b7afe09be84d98503bbdf0d16f93567df440048eb5a8c64,Miami,Will the highest temperature in Miami be between 78-79°F on September 30?,96379205285225159197266434426497898542119127951778158989830150592015524151435,No,2026-10-01T00:00:28+00:00,0.9995
0x9cbefbd2ca5d03e73b7afe09be84d98503bbdf0d16f93567df440048eb5a8c64,Miami,Will the highest temperature in Miami be between 78-79°F on September 30?,96379205285225159197266434426497898542119127951778158989830150592015524151435,No,2026-10-01T00:40:27+00:00,0.9995
0xea4a059970e8ce1fc016fa45183785d1bc97feb88611032101358e78f2b1a015,Miami,Will the highest temperature in Miami be between 80-81°F on September 30?,35057745962800429079101236869405032879025924486443499954074840337611321667993,Yes,2026-10-01T00:00:28+00:00,0.0005
0xea4a059970e8ce1fc016fa45183785d1bc97feb88611032101358e78f2b1a015,Miami,Will the highest temperature in Miami be between 80-81°F on September 30?,35057745962800429079101236869405032879025924486443499954074840337611321667993,Yes,2026-10-01T00:40:27+00:00,0.0005
0xea4a059970e8ce1fc016fa45183785d1bc97feb88611032101358e78f2b1a015,Miami,Will the highest temperature in Miami be between 80-81°F on September 30?,40006205540631937909913371855569431730048542687322598006184007437149679535284,No,2026-10-01T00:00:28+00:00,0.9995
0xea4a059970e8ce1fc016fa45183785d1bc97feb88611032101358e78f2b1a015,Miami,Will the highest temperature in Miami be between 80-81°F on September 30?,40006205540631937909913371855569431730048542687322598006184007437149679535284,No,2026-10-01T00:40:27+00:00,0.9995
0xfaa7630aecdbd558b19897a40f22e4ceec0b73f31e64802369fb84ffad37673a,Miami,Will the highest temperature in Miami be between 82-83°F on September 30?,18173089039653455644745960324705197164562254886977404889431584843131026140695,Yes,2026-10-01T00:00:25+00:00,0.0005
0xfaa7630aecdbd558b19897a40f22e4ceec0b73f31e64802369fb84ffad37673a,Miami,Will the highest temperature in Miami be between 82-83°F on September 30?,18173089039653455644745960324705197164562254886977404889431584843131026140695,Yes,2026-10-01T00:40:26+00:00,0.0005
0xfaa7630aecdbd558b19897a40f22e4ceec0b73f31e64802369fb84ffad37673a,Miami,Will the highest temperature in Miami be between 82-83°F on September 30?,12929638085846765133650435669504085308326882382505168141377698451669775553091,No,2026-10-01T00:00:21+00:00,0.9995
0xfaa7630aecdbd558b19897a40f22e4ceec0b73f31e64802369fb84ffad37673a,Miami,Will the highest temperature in Miami be between 82-83°F on September 30?,12929638085846765133650435669504085308326882382505168141377698451669775553091,No,2026-10-01T00:40:24+00:00,0.9995
0xe1f6905ebdb458790c76a71d90d07060e5a5c5a06624738f61af072f610d73e5,Miami,Will the highest temperature in Miami be between 84-85°F on September 30?,26848308622393619146775935307740241552481165063497422008381104313048008243537,Yes,2026-10-01T00:00:26+00:00,0.9995
0xe1f6905ebdb458790c76a71d90d07060e5a5c5a06624738f61af072f610d73e5,Miami,Will the highest temperature in Miami be between 84-85°F on September 30?,26848308622393619146775935307740241552481165063497422008381104313048008243537,Yes,2026-10-01T00:40:26+00:00,0.9995
0xe1f6905ebdb458790c76a71d90d07060e5a5c5a06624738f61af072f610d73e5,Miami,Will the highest temperature in Miami be between 84-85°F on September 30?,48959543862418873872042375968222158694838335899089086604219350339937076220844,No,2026-10-01T00:00:22+00:00,0.0005
0xe1f6905ebdb458790c76a71d90d07060e5a5c5a06624738f61af072f610d73e5,Miami,Will the highest temperature in Miami be between 84-85°F on September 30?,48959543862418873872042375968222158694838335899089086604219350339937076220844,No,2026-10-01T00:40:25+00:00,0.0005
0xecca9c6d8242998487201aa1c135da37b73b67d8e286259b3e25e5c72aa65034,Miami,Will the highest temperature in Miami be between 86-87°F on September 30?,62279286347727210113790138545116883910079231365384137970999787949526824549759,Yes,2026-10-01T00:00:19+00:00,0.0005
0xecca9c6d8242998487201aa1c135da37b73b67d8e286259b3e25e5c72aa65034,Miami,Will the highest temperature in Miami be between 86-87°F on September 30?,62279286347727210113790138545116883910079231365384137970999787949526824549759,Yes,2026-10-01T00:40:24+00:00,0.0005
0xecca9c6d8242998487201aa1c135da37b73b67d8e286259b3e25e5c72aa65034,Miami,Will the highest temperature in Miami be between 86-87°F on September 30?,42307919876857347986685644596681478819432134206054262314379800174756737185533,No,2026-10-01T00:00:28+00:00,0.9995
0xecca9c6d8242998487201aa1c135da37b73b67d8e286259b3e25e5c72aa65034,Miami,Will the highest temperature in Miami be between 86-87°F on September 30?,42307919876857347986685644596681478819432134206054262314379800174756737185533,No,2026-10-01T00:40:27+00:00,0.9995
0xa1cff957dd0f4ebfd57932799657b3da624a66de1cf80fd26d5f7d5d5e3dbdb8,Miami,Will the highest temperature in Miami be between 88-89°F on September 30?,31880305970352707765145752735086769951060763651294421701202966947134848211868,Yes,2026-10-01T00:00:21+00:00,0.0005
0xa1cff957dd0f4ebfd57932799657b3da624a66de1cf80fd26d5f7d5d5e3dbdb8,Miami,Will the highest temperature in Miami be between 88-89°F on September 30?,31880305970352707765145752735086769951060763651294421701202966947134848211868,Yes,2026-10-01T00:40:24+00:00,0.0005
0xa1cff957dd0f4ebfd57932799657b3da624a66de1cf80fd26d5f7d5d5e3dbdb8,Miami,Will the highest temperature in Miami be between 88-89°F on September 30?,71004597981023527141609226658647023118400272445282648977923581647276202714313,No,2026-10-01T00:00:21+00:00,0.9995
0xa1cff957dd0f4ebfd57932799657b3da624a66de1cf80fd26d5f7d5d5e3dbdb8,Miami,Will the highest temperature in Miami be between 88-89°F on September 30?,71004597981023527141609226658647023118400272445282648977923581647276202714313,No,2026-10-01T00:40:24+00:00,0.9995
0x60f0d1f35fa4d3e90058cf7b5f9d5cdbbf8c0c71d8a11e3a5c841b891a4c55f2,Miami,Will the highest temperature in Miami be between 90-91°F on September 30?,95903504001327392116599723302544903362481655885194034655244142653007552449367,Yes,2026-10-01T00:00:24+00:00,0.0005
0x60f0d1f35fa4d3e90058cf7b5f9d5cdbbf8c0c71d8a11e3a5c841b891a4c55f2,Miami,Will the highest temperature in Miami be between 90-91°F on September 30?,95903504001327392116599723302544903362481655885194034655244142653007552449367,Yes,2026-10-01T00:40:25+00:00,0.0005
0x60f0d1f35fa4d3e90058cf7b5f9d5cdbbf8c0c71d8a11e3a5c841b891a4c55f2,Miami,Will the highest temperature in Miami be between 90-91°F on September 30?,49184586254586473378187767522797267320564952772978529020072385358448780570292,No,2026-10-01T00:00:25+00:00,0.9995
0x60f0d1f35fa4d3e90058cf7b5f9d5cdbbf8c0c71d8a11e3a5c841b891a4c55f2,Miami,Will the highest temperature in Miami be between 90-91°F on September 30?,49184586254586473378187767522797267320564952772978529020072385358448780570292,No,2026-10-01T00:40:26+00:00,0.9995
0xa23571f71f15bccdfb5f0c20b116ae923882dcc21533e6b6298ba6a51733f034,Miami,Will the highest temperature in Miami be between 92-93°F on September 30?,109640599257273833984857028262616148405183128340444532213671056910141749664193,Yes,2026-10-01T00:00:27+00:00,0.0005
0xa23571f71f15bccdfb5f0c20b116ae923882dcc21533e6b6298ba6a51733f034,Miami,Will the highest temperature in Miami be between 92-93°F on September 30?,109640599257273833984857028262616148405183128340444532213671056910141749664193,Yes,2026-10-01T00:40:27+00:00,0.0005
0xa23571f71f15bccdfb5f0c20b116ae923882dcc21533e6b6298ba6a51733f034,Miami,Will the highest temperature in Miami be between 92-93°F on September 30?,58976097488886069751137378253937536268943364867426460449877561215468040258846,No,2026-10-01T00:00:27+00:00,0.9995
0xa23571f71f15bccdfb5f0c20b116ae923882dcc21533e6b6298ba6a51733f034,Miami,Will the highest temperature in Miami be between 92-93°F on September 30?,58976097488886069751137378253937536268943364867426460449877561215468040258846,No,2026-10-01T00:40:27+00:00,0.9995
0xa16aaa3cd96cfc3d590df0e620fd0615bd1b187b997e614114ab6e77a2bedd48,Miami,Will the highest temperature in Miami be 94°F or higher on September 30?,26563638939755391489141659450731170024636215500992765934176205941368593912024,Yes,2026-10-01T00:00:20+00:00,0.0005
0xa16aaa3cd96cfc3d590df0e620fd0615bd1b187b997e614114ab6e77a2bedd48,Miami,Will the highest temperature in Miami be 94°F or higher on September 30?,26563638939755391489141659450731170024636215500992765934176205941368593912024,Yes,2026-10-01T00:40:24+00:00,0.0005
0xa16aaa3cd96cfc3d590df0e620fd0615bd1b187b997e614114ab6e77a2bedd48,Miami,Will the highest temperature in Miami be 94°F or higher on September 30?,19296142320305524661632971580597446752138624766642101430500657775897078519821,No,2026-10-01T00:00:26+00:00,0.9995
0xa16aaa3cd96cfc3d590df0e620fd0615bd1b187b997e614114ab6e77a2bedd48,Miami,Will the highest temperature in Miami be 94°F or higher on September 30?,19296142320305524661632971580597446752138624766642101430500657775897078519821,No,2026-10-01T00:40:26+00:00,0.9995
0x79964d4eb274d776616c4001fef45f391d864b4079ecdeeda8ee254f4f808774,Miami,Will the lowest temperature in Miami be 67°F or below on September 30?,14213241579971425509042546276987639867844576079254394106446256987693454701833,Yes,2026-10-01T00:00:23+00:00,0.0025
0x79964d4eb274d776616c4001fef45f391d864b4079ecdeeda8ee254f4f808774,Miami,Will the lowest temperature in Miami be 67°F or below on September 30?,14213241579971425509042546276987639867844576079254394106446256987693454701833,Yes,2026-10-01T00:40:25+00:00,0.0025
0x79964d4eb274d776616c4001fef45f391d864b4079ecdeeda8ee254f4f808774,Miami,Will the lowest temperature in Miami be 67°F or below on September 30?,32308856126413108849970555373064356231925944709427143010486960770694887831470,No,2026-10-01T00:00:24+00:00,0.9975
0x79964d4eb274d776616c4001fef45f391d864b4079ecdeeda8ee254f4f808774,Miami,Will the lowest temperature in Miami be 67°F or below on September 30?,32308856126413108849970555373064356231925944709427143010486960770694887831470,No,2026-10-01T00:40:26+00:00,0.9975
0x6a2815a6d0d4e3a5d2bde18e5b1e1d2218564b2440e6ad4a6f7ffc39460ca879,Miami,Will the lowest temperature in Miami be between 68-69°F on September 30?,24730607132082379085549396874293866178471239352119951755780473864417640451575,Yes,2026-10-01T00:00:20+00:00,0.045
0x6a2815a6d0d4e3a5d2bde18e5b1e1d2218564b2440e6ad4a6f7ffc39460ca879,Miami,Will the lowest temperature in Miami be between 68-69°F on September 30?,24730607132082379085549396874293866178471239352119951755780473864417640451575,Yes,2026-10-01T00:40:24+00:00,0.045
0x6a2815a6d0d4e3a5d2bde18e5b1e1d2218564b2440e6ad4a6f7ffc39460ca879,Miami,Will the lowest temperature in Miami be between 68-69°F on September 30?,55982778535616411573869014448197575068960783375215655966388069260072727257265,No,2026-10-01T00:00:28+00:00,0.955
0x6a2815a6d0d4e3a5d2bde18e5b1e1d2218564b2440e6ad4a6f7ffc39460ca879,Miami,Will the lowest temperature in Miami be between 68-69°F on September 30?,55982778535616411573869014448197575068960783375215655966388069260072727257265,No,2026-10-01T00:40:27+00:00,0.955
0x5ad5574af94e46bdde6eddd1a64e57e104e83dfdb683b65b3dba725f3e6d7d96,Miami,Will the lowest temperature in Miami be between 70-71°F on September 30?,60170210763779691013563935863038447487033269955153360008184652378846689282164,Yes,2026-10-01T00:00:26+00:00,0.045
0x5ad5574af94e46bdde6eddd1a64e57e104e83dfdb683b65b3dba725f3e6d7d96,Miami,Will the lowest temperature in Miami be between 70-71°F on September 30?,60170210763779691013563935863038447487033269955153360008184652378846689282164,Yes,2026-10-01T00:40:26+00:00,0.045
0x5ad5574af94e46bdde6eddd1a64e57e104e83dfdb683b65b3dba725f3e6d7d96,Miami,Will the lowest temperature in Miami be between 70-71°F on September 30?,11661056782367331044403120293505768968996264756275430945809635245996837807568,No,2026-10-01T00:00:28+00:00,0.955
0x5ad5574af94e46bdde6eddd1a64e57e104e83dfdb683b65b3dba725f3e6d7d96,Miami,Will the lowest temperature in Miami be between 70-71°F on September 30?,11661056782367331044403120293505768968996264756275430945809635245996837807568,No,2026-10-01T00:40:27+00:00,0.955
0x357eb1b8f87de8068f85a62d734576f4ee776bdcfe8871d7acf3329ee41f3644,Miami,Will the lowest temperature in Miami be between 72-73°F on September 30?,84911169487023981589270620949702741519946577276061275548385262706662699460671,Yes,2026-10-01T00:00:20+00:00,0.045
0x357eb1b8f87de8068f85a62d734576f4ee776bdcfe8871d7acf3329ee41f3644,Miami,Will the lowest temperature in Miami be between 72-73°F on September 30?,84911169487023981589270620949702741519946577276061275548385262706662699460671,Yes,2026-10-01T00:40:24+00:00,0.05
0x357eb1b8f87de8068f85a62d734576f4ee776bdcfe8871d7acf3329ee41f3644,Miami,Will the lowest temperature in Miami be between 72-73°F on September 30?,40874908023294269149750680929633111823925023190548547310041801628382731237589,No,2026-10-01T00:00:22+00:00,0.955
0x357eb1b8f87de8068f85a62d734576f4ee776bdcfe8871d7acf3329ee41f3644,Miami,Will the lowest temperature in Miami be between 72-73°F on September 30?,40874908023294269149750680929633111823925023190548547310041801628382731237589,No,2026-10-01T00:40:25+00:00,0.95
0xd0e0e550578b54fb79f8ccf67b520268ac5724a7b9bcc074fa7b3f25280ed504,Miami,Will the lowest temperature in Miami be between 74-75°F on September 30?,75012570397530162186256076909632617172973451359195432204253548927269364429937,Yes,2026-10-01T00:00:26+00:00,0.305
0xd0e0e550578b54fb79f8ccf67b520268ac5724a7b9bcc074fa7b3f25280ed504,Miami,Will the lowest temperature in Miami be between 74-75°F on September 30?,75012570397530162186256076909632617172973451359195432204253548927269364429937,Yes,2026-10-01T00:40:26+00:00,0.305
0xd0e0e550578b54fb79f8ccf67b520268ac5724a7b9bcc074fa7b3f25280ed504,Miami,Will the lowest temperature in Miami be between 74-75°F on September 30?,67480099242936560402973933436063620211696176542418889445206336311706265152524,No,2026-10-01T00:00:22+00:00,0.695
0xd0e0e550578b54fb79f8ccf67b520268ac5724a7b9bcc074fa7b3f25280ed504,Miami,Will the lowest temperature in Miami be between 74-75°F on September 30?,67480099242936560402973933436063620211696176542418889445206336311706265152524,No,2026-10-01T00:40:25+00:00,0.695
0xdf7932cf6d207e0c0b66edf9fdd3bbcf001849d07589300d3655ef98560a076c,Miami,Will the lowest temperature in Miami be between 76-77°F on September 30?,33847209838890614064233343555376523263280859145569848980222594360137048807313,Yes,2026-10-01T00:00:22+00:00,0.525
0xdf7932cf6d207e0c0b66edf9fdd3bbcf001849d07589300d3655ef98560a076c,Miami,Will the lowest temperature in Miami be between 76-77°F on September 30?,33847209838890614064233343555376523263280859145569848980222594360137048807313,Yes,2026-10-01T00:40:25+00:00,0.53
0xdf7932cf6d207e0c0b66edf9fdd3bbcf001849d07589300d3655ef98560a076c,Miami,Will the lowest temperature in Miami be between 76-77°F on September 30?,109284200051497968169399198835905665053978087024390306618298945669326451918643,No,2026-10-01T00:00:19+00:00,0.475
0xdf7932cf6d207e0c0b66edf9fdd3bbcf001849d07589300d3655ef98560a076c,Miami,Will the lowest temperature in Miami be between 76-77°F on September 30?,109284200051497968169399198835905665053978087024390306618298945669326451918643,No,2026-10-01T00:40:23+00:00,0.47
0xb3441642bdf9565e273c83d2ff303aed57a86d6bb8d1c8674591a0ccc5657e2f,Miami,Will the lowest temperature in Miami be between 78-79°F on September 30?,31698686540511205538506474948855312855552078245049634179118739073900622334953,Yes,2026-10-01T00:00:25+00:00,0.0005
0xb3441642bdf9565e273c83d2ff303aed57a86d6bb8d1c8674591a0ccc5657e2f,Miami,Will the lowest temperature in Miami be between 78-79°F on September 30?,31698686540511205538506474948855312855552078245049634179118739073900622334953,Yes,2026-10-01T00:40:26+00:00,0.0005
0xb3441642bdf9565e273c83d2ff303aed57a86d6bb8d1c8674591a0ccc5657e2f,Miami,Will the lowest temperature in Miami be between 78-79°F on September 30?,58906218944266791516123641532415576524732743342812965193232250442353246079651,No,2026-10-01T00:00:19+00:00,0.9995
0xb3441642bdf9565e273c83d2ff303aed57a86d6bb8d1c8674591a0ccc5657e2f,Miami,Will the lowest temperature in Miami be between 78-79°F on September 30?,58906218944266791516123641532415576524732743342812965193232250442353246079651,No,2026-10-01T00:40:23+00:00,0.9995
0x684ad8c7f07ee279bb122e9d240aaac90edd624727819cc40e270c8ce43ecdc3,Miami,Will the lowest temperature in Miami be between 80-81°F on September 30?,90892826876495370467195254126814584233665422708608574856420143271506531416918,Yes,2026-10-01T00:00:24+00:00,0.0005
0x684ad8c7f07ee279bb122e9d240aaac90edd624727819cc40e270c8ce43ecdc3,Miami,Will the lowest temperature in Miami be between 80-81°F on September 30?,90892826876495370467195254126814584233665422708608574856420143271506531416918,Yes,2026-10-01T00:40:26+00:00,0.0005
0x684ad8c7f07ee279bb122e9d240aaac90edd624727819cc40e270c8ce43ecdc3,Miami,Will the lowest temperature in Miami be between 80-81°F on September 30?,94399527644128397559502430006264093286799404442435422884257872582087505626970,No,2026-10-01T00:00:21+00:00,0.9995
0x684ad8c7f07ee279bb122e9d240aaac90edd624727819cc40e270c8ce43ecdc3,Miami,Will the lowest temperature in Miami be between 80-81°F on September 30?,94399527644128397559502430006264093286799404442435422884257872582087505626970,No,2026-10-01T00:40:24+00:00,0.9995
0x95ce10c48d5699cd28c3928370ccce5160656fee700beccb725d141b2b59b144,Miami,Will the lowest temperature in Miami be between 82-83°F on September 30?,112256013803477700055936491929486681445619375249953536689632812410521570155181,Yes,2026-10-01T00:00:26+00:00,0.0005
0x95ce10c48d5699cd28c3928370ccce5160656fee700beccb725d141b2b59b144,Miami,Will the lowest temperature in Miami be between 82-83°F on September 30?,112256013803477700055936491929486681445619375249953536689632812410521570155181,Yes,2026-10-01T00:40:26+00:00,0.0005
0x95ce10c48d5699cd28c3928370ccce5160656fee700beccb725d141b2b59b144,Miami,Will the lowest temperature in Miami be between 82-83°F on September 30?,24619864219322147506428371658402291488907207885537611909820321032754600107695,No,2026-10-01T00:00:18+00:00,0.9995
0x95ce10c48d5699cd28c3928370ccce5160656fee700beccb725d141b2b59b144,Miami,Will the lowest temperature in Miami be between 82-83°F on September 30?,24619864219322147506428371658402291488907207885537611909820321032754600107695,No,2026-10-01T00:40:23+00:00,0.9995
0x4678ee7dcc9665bde0b45e60c421d3752db0bb3d947f0f22c98fff147f51859e,Miami,Will the lowest temperature in Miami be between 84-85°F on September 30?,115591799066558755933218682985108124570764148325122527660919205452185176904121,Yes,2026-10-01T00:00:19+00:00,0.0005
0x4678ee7dcc9665bde0b45e60c421d3752db0bb3d947f0f22c98fff147f51859e,Miami,Will the lowest temperature in Miami be between 84-85°F on September 30?,115591799066558755933218682985108124570764148325122527660919205452185176904121,Yes,2026-10-01T00:40:24+00:00,0.0005
0x4678ee7dcc9665bde0b45e60c421d3752db0bb3d947f0f22c98fff147f51859e,Miami,Will the lowest temperature in Miami be between 84-85°F on September 30?,80331616781044801463355297761037536690070709474948287306196174285335322288362,No,2026-10-01T00:00:19+00:00,0.9995
0x4678ee7dcc9665bde0b45e60c421d3752db0bb3d947f0f22c98fff147f51859e,Miami,Will the lowest temperature in Miami be between 84-85°F on September 30?,80331616781044801463355297761037536690070709474948287306196174285335322288362,No,2026-10-01T00:40:23+00:00,0.9995
0x0377185de292dae9abba716eda7f7060a4db6aeb33a24d9282b6b4bd591eeb25,Miami,Will the lowest temperature in Miami be 86°F or higher on September 30?,19559717557072155750378533534259616640786078827860895177067781485319900195135,Yes,2026-10-01T00:00:28+00:00,0.0005
0x0377185de292dae9abba716eda7f7060a4db6aeb33a24d9282b6b4bd591eeb25,Miami,Will the lowest temperature in Miami be 86°F or higher on September 30?,19559717557072155750378533534259616640786078827860895177067781485319900195135,Yes,2026-10-01T00:40:27+00:00,0.0005
0x0377185de292dae9abba716eda7f7060a4db6aeb33a24d9282b6b4bd591eeb25,Miami,Will the lowest temperature in Miami be 86°F or higher on September 30?,53179637423647794390764487843893358701438050177938937477550347548624037316437,No,2026-10-01T00:00:23+00:00,0.9995
0x0377185de292dae9abba716eda7f7060a4db6aeb33a24d9282b6b4bd591eeb25,Miami,Will the lowest temperature in Miami be 86°F or higher on September 30?,53179637423647794390764487843893358701438050177938937477550347548624037316437,No,2026-10-01T00:40:25+00:00,0.9995
0x612ae7b0cb3bc7f9c7e656706cdc2d6b2b41b05546ad4177cd78ce67efc1cde1,Miami,Will the lowest temperature in Miami be 69°F or below on October 1?,101855245864658553395504769653596991185220670671297808428368221903269570844878,Yes,2026-10-01T00:00:25+00:00,0.01
0x612ae7b0cb3bc7f9c7e656706cdc2d6b2b41b05546ad4177cd78ce67efc1cde1,Miami,Will the lowest temperature in Miami be 69°F or below on October 1?,101855245864658553395504769653596991185220670671297808428368221903269570844878,Yes,2026-10-01T00:40:26+00:00,0.0055
0x612ae7b0cb3bc7f9c7e656706cdc2d6b2b41b05546ad4177cd78ce67efc1cde1,Miami,Will the lowest temperature in Miami be 69°F or below on October 1?,25993911698934113161292137023983526314732143317850952119385356496605659223996,No,2026-10-01T00:00:23+00:00,0.99
0x612ae7b0cb3bc7f9c7e656706cdc2d6b2b41b05546ad4177cd78ce67efc1cde1,Miami,Will the lowest temperature in Miami be 69°F or below on October 1?,25993911698934113161292137023983526314732143317850952119385356496605659223996,No,2026-10-01T00:40:25+00:00,0.9945
0x9d11400eccf60d9d3aa52369bde6e8763964297069afbe2abbceec29336986be,Miami,Will the lowest temperature in Miami be between 70-71°F on October 1?,68364833246608424787578535138867716684399128591299787358746612349495020913114,Yes,2026-10-01T00:00:27+00:00,0.06
0x9d11400eccf60d9d3aa52369bde6e8763964297069afbe2abbceec29336986be,Miami,Will the lowest temperature in Miami be between 70-71°F on October 1?,68364833246608424787578535138867716684399128591299787358746612349495020913114,Yes,2026-10-01T00:40:27+00:00,0.06
0x9d11400eccf60d9d3aa52369bde6e8763964297069afbe2abbceec29336986be,Miami,Will the lowest temperature in Miami be between 70-71°F on October 1?,25914767573752849775741081070527219593228438457879280466165407004059211119104,No,2026-10-01T00:00:25+00:00,0.94
0x9d11400eccf60d9d3aa52369bde6e8763964297069afbe2abbceec29336986be,Miami,Will the lowest temperature in Miami be between 70-71°F on October 1?,25914767573752849775741081070527219593228438457879280466165407004059211119104,No,2026-10-01T00:40:26+00:00,0.94
0x134f06542bb666cf3bc4fd0c072f101d34805762d91db6847c5c526bff5a1016,Miami,Will the lowest temperature in Miami be between 72-73°F on October 1?,97331085679756966920094748687371158828553289558551126747527448163599643995309,Yes,2026-10-01T00:00:22+00:00,0.165
0x134f06542bb666cf3bc4fd0c072f101d34805762d91db6847c5c526bff5a1016,Miami,Will the lowest temperature in Miami be between 72-73°F on October 1?,38193329591990515121477302789961321527792369498651247302952092873977000859213,No,2026-10-01T00:00:24+00:00,0.835
0x134f06542bb666cf3bc4fd0c072f101d34805762d91db6847c5c526bff5a1016,Miami,Will the lowest temperature in Miami be between 72-73°F on October 1?,38193329591990515121477302789961321527792369498651247302952092873977000859213,No,2026-10-01T00:40:26+00:00,0.835
0x766b953f21226abd155dd07f913226f3e29a240e0b11d23bad39c3d3bc9d2833,Miami,Will the lowest temperature in Miami be between 74-75°F on October 1?,72543101823953290867362102395979766153854444310127929594230681514399077124155,Yes,2026-10-01T00:00:26+00:00,0.27
0x766b953f21226abd155dd07f913226f3e29a240e0b11d23bad39c3d3bc9d2833,Miami,Will the lowest temperature in Miami be between 74-75°F on October 1?,10069653053552062228542415587752884817924770848810794636293864913468908441582,No,2026-10-01T00:00:20+00:00,0.73
0x766b953f21226abd155dd07f913226f3e29a240e0b11d23bad39c3d3bc9d2833,Miami,Will the lowest temperature in Miami be between 74-75°F on October 1?,10069653053552062228542415587752884817924770848810794636293864913468908441582,No,2026-10-01T00:40:24+00:00,0.73
0x5686e38e8de9cfd1c5aab5cf8b7b050f3d1963a7d1db5fc4b52bd7891234872e,Miami,Will the lowest temperature in Miami be between 76-77°F on October 1?,97230016938524688701717062273957571151868077100448767610442377526081669863602,Yes,2026-10-01T00:00:23+00:00,0.315
0x5686e38e8de9cfd1c5aab5cf8b7b050f3d1963a7d1db5fc4b52bd7891234872e,Miami,Will the lowest temperature in Miami be between 76-77°F on October 1?,101663712393161932021589123336677395329480148348121081459893533136590988866311,No,2026-10-01T00:00:26+00:00,0.685
0x5686e38e8de9cfd1c5aab5cf8b7b050f3d1963a7d1db5fc4b52bd7891234872e,Miami,Will the lowest temperature in Miami be between 76-77°F on October 1?,101663712393161932021589123336677395329480148348121081459893533136590988866311,No,2026-10-01T00:40:26+00:00,0.685
0x7d7aae1ff6161aac832b024e322c0eb374230fd8a738c7590395d9227a92ab54,Miami,Will the lowest temperature in Miami be between 78-79°F on October 1?,31733197353062367700283207294911414967490696190653580181837090948717674782261,Yes,2026-10-01T00:00:19+00:00,0.29
0x7d7aae1ff6161aac832b024e322c0eb374230fd8a738c7590395d9227a92ab54,Miami,Will the lowest temperature in Miami be between 78-79°F on October 1?,11323643705610810909585812414434682155240382551511741036336622342845465071948,No,2026-10-01T00:00:24+00:00,0.71
0x7d7aae1ff6161aac832b024e322c0eb374230fd8a738c7590395d9227a92ab54,Miami,Will the lowest temperature in Miami be between 78-79°F on October 1?,11323643705610810909585812414434682155240382551511741036336622342845465071948,No,2026-10-01T00:40:26+00:00,0.71
0xe3b274a3375f1215e9f962a7263b929c9e21d222c3741e15b90899a6541a0d45,Miami,Will the lowest temperature in Miami be between 80-81°F on October 1?,48053993797819995118507166350111326981563885587596767657989266274501972649259,Yes,2026-10-01T00:00:26+00:00,0.27
0xe3b274a3375f1215e9f962a7263b929c9e21d222c3741e15b90899a6541a0d45,Miami,Will the lowest temperature in Miami be between 80-81°F on October 1?,9033713991758035979105132347527425153869210902704800348007909806709680298884,No,2026-10-01T00:00:26+00:00,0.73
0xe3b274a3375f1215e9f962a7263b929c9e21d222c3741e15b90899a6541a0d45,Miami,Will the lowest temperature in Miami be between 80-81°F on October 1?,9033713991758035979105132347527425153869210902704800348007909806709680298884,No,2026-10-01T00:40:26+00:00,0.735
0x795a21c364d5c6cbaa7ece905f257bec1a473ca029ef9b9012582bfc479b8186,Miami,Will the lowest temperature in Miami be between 82-83°F on October 1?,35225567486307701259528259573472129845525927256323764457360142534076046991124,Yes,2026-10-01T00:00:28+00:00,0.25
0x795a21c364d5c6cbaa7ece905f257bec1a473ca029ef9b9012582bfc479b8186,Miami,Will the lowest temperature in Miami be between 82-83°F on October 1?,35225567486307701259528259573472129845525927256323764457360142534076046991124,Yes,2026-10-01T00:40:27+00:00,0.25
0x795a21c364d5c6cbaa7ece905f257bec1a473ca029ef9b9012582bfc479b8186,Miami,Will the lowest temperature in Miami be between 82-83°F on October 1?,111685442722987301581925837091728578769694161209430611163385821524064975447464,No,2026-10-01T00:00:26+00:00,0.75
0x795a21c364d5c6cbaa7ece905f257bec1a473ca029ef9b9012582bfc479b8186,Miami,Will the lowest temperature in Miami be between 82-83°F on October 1?,111685442722987301581925837091728578769694161209430611163385821524064975447464,No,2026-10-01T00:40:26+00:00,0.75
0xe9931d829e153af8d8a5c2ba3118fea683252fcebc44fcda01b7ddcf7291eaed,Miami,Will the lowest temperature in Miami be between 84-85°F on October 1?,103424703808291164908356400658431782275242539700993784653899737844905344682560,Yes,2026-10-01T00:00:24+00:00,0.015
0xe9931d829e153af8d8a5c2ba3118fea683252fcebc44fcda01b7ddcf7291eaed,Miami,Will the lowest temperature in Miami be between 84-85°F on October 1?,103424703808291164908356400658431782275242539700993784653899737844905344682560,Yes,2026-10-01T00:40:25+00:00,0.015
0xe9931d829e153af8d8a5c2ba3118fea683252fcebc44fcda01b7ddcf7291eaed,Miami,Will the lowest temperature in Miami be between 84-85°F on October 1?,70101771739230265258439258040272698002727942802466138152534102670567894739041,No,2026-10-01T00:00:19+00:00,0.985
0xe9931d829e153af8d8a5c2ba3118fea683252fcebc44fcda01b7ddcf7291eaed,Miami,Will the lowest temperature in Miami be between 84-85°F on October 1?,70101771739230265258439258040272698002727942802466138152534102670567894739041,No,2026-10-01T00:40:24+00:00,0.985
0xb988740e1b5dd683d7f96686572c013857c269f3f856df3c0413668b72f41dbc,Miami,Will the lowest temperature in Miami be between 86-87°F on October 1?,94050727374104922169324806308550977197434521317526878537165059407389906018335,Yes,2026-10-01T00:00:20+00:00,0.005
0xb988740e1b5dd683d7f96686572c013857c269f3f856df3c0413668b72f41dbc,Miami,Will the lowest temperature in Miami be between 86-87°F on October 1?,94050727374104922169324806308550977197434521317526878537165059407389906018335,Yes,2026-10-01T00:40:24+00:00,0.0025
0xb988740e1b5dd683d7f96686572c013857c269f3f856df3c0413668b72f41dbc,Miami,Will the lowest temperature in Miami be between 86-87°F on October 1?,72182388328809025887652506691566706852657576187871777486814960905986167661782,No,2026-10-01T00:00:27+00:00,0.995
0xb988740e1b5dd683d7f96686572c013857c269f3f856df3c0413668b72f41dbc,Miami,Will the lowest temperature in Miami be between 86-87°F on October 1?,72182388328809025887652506691566706852657576187871777486814960905986167661782,No,2026-10-01T00:40:27+00:00,0.9975
0xedaf5ba290ed7849bfec74b9099fb37ab7feceadece6f8e5d8c65c344c6f34cf,Miami,Will the lowest temperature in Miami be 88°F or higher on October 1?,16062112699455775978253818876652353938963344414301683378751700368648778694321,Yes,2026-10-01T00:00:25+00:00,0.005
0xedaf5ba290ed7849bfec74b9099fb37ab7feceadece6f8e5d8c65c344c6f34cf,Miami,Will the lowest temperature in Miami be 88°F or higher on October 1?,16062112699455775978253818876652353938963344414301683378751700368648778694321,Yes,2026-10-01T00:40:26+00:00,0.0025
0xedaf5ba290ed7849bfec74b9099fb37ab7feceadece6f8e5d8c65c344c6f34cf,Miami,Will the lowest temperature in Miami be 88°F or higher on October 1?,109482770967580068885794942533491611892886141228703845871812643364365282757638,No,2026-10-01T00:00:19+00:00,0.995
0xedaf5ba290ed7849bfec74b9099fb37ab7feceadece6f8e5d8c65c344c6f34cf,Miami,Will the lowest temperature in Miami be 88°F or higher on October 1?,109482770967580068885794942533491611892886141228703845871812643364365282757638,No,2026-10-01T00:40:23+00:00,0.9975
0x4c83e730116f1b97f4ac3d6ea16dcf09bd75c8fcbd1bd1b93e9cd2fee99e7760,Miami,Will the highest temperature in Miami be 75°F or below on October 1?,3320974225046718258143861912251925688675968163187952717392391387612970060168,Yes,2026-10-01T00:00:19+00:00,0.0015
0x4c83e730116f1b97f4ac3d6ea16dcf09bd75c8fcbd1bd1b93e9cd2fee99e7760,Miami,Will the highest temperature in Miami be 75°F or below on October 1?,3320974225046718258143861912251925688675968163187952717392391387612970060168,Yes,2026-10-01T00:40:23+00:00,0.0015
0x4c83e730116f1b97f4ac3d6ea16dcf09bd75c8fcbd1bd1b93e9cd2fee99e7760,Miami,Will the highest temperature in Miami be 75°F or below on October 1?,89875899196698018953113359176902239732302225829755230783387987160328170901659,No,2026-10-01T00:00:19+00:00,0.9985
0x4c83e730116f1b97f4ac3d6ea16dcf09bd75c8fcbd1bd1b93e9cd2fee99e7760,Miami,Will the highest temperature in Miami be 75°F or below on October 1?,89875899196698018953113359176902239732302225829755230783387987160328170901659,No,2026-10-01T00:40:23+00:00,0.9985
0x680511f914fcbc109ed5ae6d4194703c26a309d618ba26df899b5865e42449c4,Miami,Will the highest temperature in Miami be between 76-77°F on October 1?,33077215465980015362770336045217721412889065874958041532660854075392177465679,Yes,2026-10-01T00:00:19+00:00,0.001
0x680511f914fcbc109ed5ae6d4194703c26a309d618ba26df899b5865e42449c4,Miami,Will the highest temperature in Miami be between 76-77°F on October 1?,33077215465980015362770336045217721412889065874958041532660854075392177465679,Yes,2026-10-01T00:40:23+00:00,0.001
0x680511f914fcbc109ed5ae6d4194703c26a309d618ba26df899b5865e42449c4,Miami,Will the highest temperature in Miami be between 76-77°F on October 1?,60714284314368585807138297387728934329329835768973128012806700089737371773132,No,2026-10-01T00:00:28+00:00,0.999
0x680511f914fcbc109ed5ae6d4194703c26a309d618ba26df899b5865e42449c4,Miami,Will the highest temperature in Miami be between 76-77°F on October 1?,60714284314368585807138297387728934329329835768973128012806700089737371773132,No,2026-10-01T00:40:27+00:00,0.999
0xd105dad438121c7af091f397046c42f5d3eea10b83dafe227d137733c7fc2a81,Miami,Will the highest temperature in Miami be between 78-79°F on October 1?,40360111182770744734625462463564277000181561166123086454651558698393566378501,Yes,2026-10-01T00:00:28+00:00,0.087
0xd105dad438121c7af091f397046c42f5d3eea10b83dafe227d137733c7fc2a81,Miami,Will the highest temperature in Miami be between 78-79°F on October 1?,22751032459987281839431266668275277636432467620766078215269921537187166731161,No,2026-10-01T00:00:27+00:00,0.913
0xd105dad438121c7af091f397046c42f5d3eea10b83dafe227d137733c7fc2a81,Miami,Will the highest temperature in Miami be between 78-79°F on October 1?,22751032459987281839431266668275277636432467620766078215269921537187166731161,No,2026-10-01T00:40:27+00:00,0.8965
0x2c6146fe115a30d88f39bace49a4b22ff7954bdb6833b2eb4970dce6026c96e0,Miami,Will the highest temperature in Miami be between 80-81°F on October 1?,51704454902545197125429158751694938009641674980676674062127369411155669074326,Yes,2026-10-01T00:00:22+00:00,0.2325
0x2c6146fe115a30d88f39bace49a4b22ff7954bdb6833b2eb4970dce6026c96e0,Miami,Will the highest temperature in Miami be between 80-81°F on October 1?,68392559513338253444775286134709353463282009694638598603354870934586325507021,No,2026-10-01T00:00:21+00:00,0.7675
0x2c6146fe115a30d88f39bace49a4b22ff7954bdb6833b2eb4970dce6026c96e0,Miami,Will the highest temperature in Miami be between 80-81°F on October 1?,68392559513338253444775286134709353463282009694638598603354870934586325507021,No,2026-10-01T00:40:24+00:00,0.75
0x72901511beac6f19dc2c99e1f5e1a339c3b24a9912f4fe77896870d3b302a7ff,Miami,Will the highest temperature in Miami be between 82-83°F on October 1?,67596288650347361141339446980901371677373209596555625471620167382752271179486,Yes,2026-10-01T00:00:23+00:00,0.34
0x72901511beac6f19dc2c99e1f5e1a339c3b24a9912f4fe77896870d3b302a7ff,Miami,Will the highest temperature in Miami be between 82-83°F on October 1?,54247173442934884321533681101712283618998996582674519547996578483721996746862,No,2026-10-01T00:00:28+00:00,0.66
0x72901511beac6f19dc2c99e1f5e1a339c3b24a9912f4fe77896870d3b302a7ff,Miami,Will the highest temperature in Miami be between 82-83°F on October 1?,54247173442934884321533681101712283618998996582674519547996578483721996746862,No,2026-10-01T00:40:27+00:00,0.66
0x019961c84d9e20c70955fd39f6ef99b66c13d81658fc42b529141b7a03f018d3,Miami,Will the highest temperature in Miami be between 84-85°F on October 1?,39595630868082154069432853663893282854556342515557671260887050082692112107315,Yes,2026-10-01T00:00:21+00:00,0.275
0x019961c84d9e20c70955fd39f6ef99b66c13d81658fc42b529141b7a03f018d3,Miami,Will the highest temperature in Miami be between 84-85°F on October 1?,51053726224699895578014224136508897138799328455692824586538666316422625174534,No,2026-10-01T00:00:26+00:00,0.725
0x019961c84d9e20c70955fd39f6ef99b66c13d81658fc42b529141b7a03f018d3,Miami,Will the highest temperature in Miami be between 84-85°F on October 1?,51053726224699895578014224136508897138799328455692824586538666316422625174534,No,2026-10-01T00:40:26+00:00,0.78
0xe9bb82a549a1bb7391cb81c30ff06c04b3a55ce515bab4f5e3b4796e496df273,Miami,Will the highest temperature in Miami be between 86-87°F on October 1?,101845916065167237928026651789264278027337839797768820627646793509249714953691,Yes,2026-10-01T00:00:28+00:00,0.09
0xe9bb82a549a1bb7391cb81c30ff06c04b3a55ce515bab4f5e3b4796e496df273,Miami,Will the highest temperature in Miami be between 86-87°F on October 1?,103128778591669948521297063880806406690693424051276996494989002996172931297410,No,2026-10-01T00:00:20+00:00,0.91
0xe9bb82a549a1bb7391cb81c30ff06c04b3a55ce515bab4f5e3b4796e496df273,Miami,Will the highest temperature in Miami be between 86-87°F on October 1?,103128778591669948521297063880806406690693424051276996494989002996172931297410,No,2026-10-01T00:41:16+00:00,0.91
0x840ba4d73166c281a1003a6a72da22335977bdbd801917ad2c7345b7908e362a,Miami,Will the highest temperature in Miami be between 88-89°F on October 1?,16871042117531367570408996262987154786494050722398690048472419262635350216618,Yes,2026-10-01T00:00:23+00:00,0.012
0x840ba4d73166c281a1003a6a72da22335977bdbd801917ad2c7345b7908e362a,Miami,Will the highest temperature in Miami be between 88-89°F on October 1?,16871042117531367570408996262987154786494050722398690048472419262635350216618,Yes,2026-10-01T00:41:17+00:00,0.012
0x840ba4d73166c281a1003a6a72da22335977bdbd801917ad2c7345b7908e362a,Miami,Will the highest temperature in Miami be between 88-89°F on October 1?,5710640855061796855418227146223753889987161386780998645764787209345905146223,No,2026-10-01T00:00:28+00:00,0.988
0x840ba4d73166c281a1003a6a72da22335977bdbd801917ad2c7345b7908e362a,Miami,Will the highest temperature in Miami be between 88-89°F on October 1?,5710640855061796855418227146223753889987161386780998645764787209345905146223,No,2026-10-01T00:41:19+00:00,0.988
0xda683c1a174b95262d663a4c31231d6571f616123ae95e7835f402773bed03d2,Miami,Will the highest temperature in Miami be between 90-91°F on October 1?,30347448244325185051641408158611177723373232323107353922878424354460376214667,Yes,2026-10-01T00:00:20+00:00,0.003
0xda683c1a174b95262d663a4c31231d6571f616123ae95e7835f402773bed03d2,Miami,Will the highest temperature in Miami be between 90-91°F on October 1?,30347448244325185051641408158611177723373232323107353922878424354460376214667,Yes,2026-10-01T00:41:16+00:00,0.003
0xda683c1a174b95262d663a4c31231d6571f616123ae95e7835f402773bed03d2,Miami,Will the highest temperature in Miami be between 90-91°F on October 1?,32886648389548209801047275143415045085481945346130275110729697891651800662344,No,2026-10-01T00:00:22+00:00,0.997
0xda683c1a174b95262d663a4c31231d6571f616123ae95e7835f402773bed03d2,Miami,Will the highest temperature in Miami be between 90-91°F on October 1?,32886648389548209801047275143415045085481945346130275110729697891651800662344,No,2026-10-01T00:41:17+00:00,0.997
0xbee99d13ae44c6babd035841a563dfea076a2df78c7104f212dd1254e6730662,Miami,Will the highest temperature in Miami be between 92-93°F on October 1?,31191798619276235057114195417033645187600862969182396559934280692103369363389,Yes,2026-10-01T00:00:24+00:00,0.0005
0xbee99d13ae44c6babd035841a563dfea076a2df78c7104f212dd1254e6730662,Miami,Will the highest temperature in Miami be between 92-93°F on October 1?,31191798619276235057114195417033645187600862969182396559934280692103369363389,Yes,2026-10-01T00:41:18+00:00,0.0005
0xbee99d13ae44c6babd035841a563dfea076a2df78c7104f212dd1254e6730662,Miami,Will the highest temperature in Miami be between 92-93°F on October 1?,115433219968177127359988128034213707037997134660929459248054745585184790024820,No,2026-10-01T00:00:20+00:00,0.9995
0xbee99d13ae44c6babd035841a563dfea076a2df78c7104f212dd1254e6730662,Miami,Will the highest temperature in Miami be between 92-93°F on October 1?,115433219968177127359988128034213707037997134660929459248054745585184790024820,No,2026-10-01T00:41:16+00:00,0.9995
0x92bfc34043d45b284d1cd9d6e0e1dfa0d92e985744cbfb1d0de8f7e628c88e2c,Miami,Will the highest temperature in Miami be 94°F or higher on October 1?,23231741589677223592912501945574473292165836091329758091528910980085327065070,Yes,2026-10-01T00:00:26+00:00,0.0005
0x92bfc34043d45b284d1cd9d6e0e1dfa0d92e985744cbfb1d0de8f7e628c88e2c,Miami,Will the highest temperature in Miami be 94°F or higher on October 1?,23231741589677223592912501945574473292165836091329758091528910980085327065070,Yes,2026-10-01T00:41:18+00:00,0.0005
0x92bfc34043d45b284d1cd9d6e0e1dfa0d92e985744cbfb1d0de8f7e628c88e2c,Miami,Will the highest temperature in Miami be 94°F or higher on October 1?,79275891205672801667714373334474128435228441647479174414363092862892624525141,No,2026-10-01T00:00:25+00:00,0.9995
0x92bfc34043d45b284d1cd9d6e0e1dfa0d92e985744cbfb1d0de8f7e628c88e2c,Miami,Will the highest temperature in Miami be 94°F or higher on October 1?,79275891205672801667714373334474128435228441647479174414363092862892624525141,No,2026-10-01T00:41:18+00:00,0.9995
0x0c2cab109b93292294dfeed1c1aa7d447586bf0dc6a8838aa775597b0750dbd2,Miami,Will the lowest temperature in Miami be 71°F or below on October 2?,7869424512861257853119391285826330524176472502741269676787371605139579377631,Yes,2026-10-01T00:00:27+00:00,0.23
0x0c2cab109b93292294dfeed1c1aa7d447586bf0dc6a8838aa775597b0750dbd2,Miami,Will the lowest temperature in Miami be 71°F or below on October 2?,7869424512861257853119391285826330524176472502741269676787371605139579377631,Yes,2026-10-01T00:41:19+00:00,0.23
0x0c2cab109b93292294dfeed1c1aa7d447586bf0dc6a8838aa775597b0750dbd2,Miami,Will the lowest temperature in Miami be 71°F or below on October 2?,1020998653855757525143194979876528441336957204081680472813763651220038075732,No,2026-10-01T00:00:22+00:00,0.77
0x0c2cab109b93292294dfeed1c1aa7d447586bf0dc6a8838aa775597b0750dbd2,Miami,Will the lowest temperature in Miami be 71°F or below on October 2?,1020998653855757525143194979876528441336957204081680472813763651220038075732,No,2026-10-01T00:41:17+00:00,0.77
0xc93a6cc5c7e3aaea0e8487ff648d5eea4caadce9bf1f45782bcdef6f9511892a,Miami,Will the lowest temperature in Miami be between 72-73°F on October 2?,75919510212757768658731747792877583692885697546668602390049512859122179664175,Yes,2026-10-01T00:00:22+00:00,0.23
0xc93a6cc5c7e3aaea0e8487ff648d5eea4caadce9bf1f45782bcdef6f9511892a,Miami,Will the lowest temperature in Miami be between 72-73°F on October 2?,75919510212757768658731747792877583692885697546668602390049512859122179664175,Yes,2026-10-01T00:41:17+00:00,0.23
0xc93a6cc5c7e3aaea0e8487ff648d5eea4caadce9bf1f45782bcdef6f9511892a,Miami,Will the lowest temperature in Miami be between 72-73°F on October 2?,42340234681486476187031251645254753757790275080460731436700352640920132406002,No,2026-10-01T00:00:21+00:00,0.77
0xc93a6cc5c7e3aaea0e8487ff648d5eea4caadce9bf1f45782bcdef6f9511892a,Miami,Will the lowest temperature in Miami be between 72-73°F on October 2?,42340234681486476187031251645254753757790275080460731436700352640920132406002,No,2026-10-01T00:41:17+00:00,0.77
0x9bfae2102cde3a20bfd3a368cf9cc08ac4af7532b9d5e51bcd02362d4314a5ca,Miami,Will the lowest temperature in Miami be between 74-75°F on October 2?,104792412264607541680456732537144435813348720704796825969726907775893971662681,Yes,2026-10-01T00:00:20+00:00,0.2
0x9bfae2102cde3a20bfd3a368cf9cc08ac4af7532b9d5e51bcd02362d4314a5ca,Miami,Will the lowest temperature in Miami be between 74-75°F on October 2?,104792412264607541680456732537144435813348720704796825969726907775893971662681,Yes,2026-10-01T00:41:16+00:00,0.2
0x9bfae2102cde3a20bfd3a368cf9cc08ac4af7532b9d5e51bcd02362d4314a5ca,Miami,Will the lowest temperature in Miami be between 74-75°F on October 2?,36634306156126740240982715081362012884265606444615091852622610277740583839996,No,2026-10-01T00:00:22+00:00,0.8
0x9bfae2102cde3a20bfd3a368cf9cc08ac4af7532b9d5e51bcd02362d4314a5ca,Miami,Will the lowest temperature in Miami be between 74-75°F on October 2?,36634306156126740240982715081362012884265606444615091852622610277740583839996,No,2026-10-01T00:41:17+00:00,0.8
0xb6cac05b04f88344689a4567da8f534709d4d52e5447e42de05c74eeb2c67304,Miami,Will the lowest temperature in Miami be between 76-77°F on October 2?,35805745386048087566414879656477728949983710922094316916568692734953309113902,Yes,2026-10-01T00:00:25+00:00,0.25
0xb6cac05b04f88344689a4567da8f534709d4d52e5447e42de05c74eeb2c67304,Miami,Will the lowest temperature in Miami be between 76-77°F on October 2?,35805745386048087566414879656477728949983710922094316916568692734953309113902,Yes,2026-10-01T00:37:13+00:00,0.25
0xb6cac05b04f88344689a4567da8f534709d4d52e5447e42de05c74eeb2c67304,Miami,Will the lowest temperature in Miami be between 76-77°F on October 2?,112037779418152719377581331964066664927750454775872705746046468353777498673986,No,2026-10-01T00:00:24+00:00,0.75
0xb6cac05b04f88344689a4567da8f534709d4d52e5447e42de05c74eeb2c67304,Miami,Will the lowest temperature in Miami be between 76-77°F on October 2?,112037779418152719377581331964066664927750454775872705746046468353777498673986,No,2026-10-01T00:41:18+00:00,0.75
0xe37347c0bf0321ee0e5b0bf11b9ed3248e2958cbc1b8afd97c2f83a78b651380,Miami,Will the lowest temperature in Miami be between 78-79°F on October 2?,55344648599971538124976370591201289991904219806924020324924397654370133317185,Yes,2026-10-01T00:00:22+00:00,0.28
0xe37347c0bf0321ee0e5b0bf11b9ed3248e2958cbc1b8afd97c2f83a78b651380,Miami,Will the lowest temperature in Miami be between 78-79°F on October 2?,55344648599971538124976370591201289991904219806924020324924397654370133317185,Yes,2026-10-01T00:37:12+00:00,0.28
0xe37347c0bf0321ee0e5b0bf11b9ed3248e2958cbc1b8afd97c2f83a78b651380,Miami,Will the lowest temperature in Miami be between 78-79°F on October 2?,112103341242658632643658902351214551946980205798927954879149253304936559118001,No,2026-10-01T00:00:19+00:00,0.72
0xe37347c0bf0321ee0e5b0bf11b9ed3248e2958cbc1b8afd97c2f83a78b651380,Miami,Will the lowest temperature in Miami be between 78-79°F on October 2?,112103341242658632643658902351214551946980205798927954879149253304936559118001,No,2026-10-01T00:41:16+00:00,0.72
0x2a2314ad56dede4878bf1db2b795cee171189299a5208459ff49fe18bedc0c55,Miami,Will the lowest temperature in Miami be between 80-81°F on October 2?,8986057012003325352289297204912943214556896528254170109485986344315742746825,Yes,2026-10-01T00:00:20+00:00,0.25
0x2a2314ad56dede4878bf1db2b795cee171189299a5208459ff49fe18bedc0c55,Miami,Will the lowest temperature in Miami be between 80-81°F on October 2?,8986057012003325352289297204912943214556896528254170109485986344315742746825,Yes,2026-10-01T00:41:16+00:00,0.28
0x2a2314ad56dede4878bf1db2b795cee171189299a5208459ff49fe18bedc0c55,Miami,Will the lowest temperature in Miami be between 80-81°F on October 2?,848431760432910787029766694259574538455455853749779261980293688478031395347,No,2026-10-01T00:00:17+00:00,0.75
0x2a2314ad56dede4878bf1db2b795cee171189299a5208459ff49fe18bedc0c55,Miami,Will the lowest temperature in Miami be between 80-81°F on October 2?,848431760432910787029766694259574538455455853749779261980293688478031395347,No,2026-10-01T00:41:15+00:00,0.72
0xa56c155aa7560b76d4e3017daaa431085e94a3e85089687886b746bee0f2f843,Miami,Will the lowest temperature in Miami be between 82-83°F on October 2?,79967308155596773274204557316096667903314990650371297429519347263269343403122,Yes,2026-10-01T00:00:17+00:00,0.2
0xa56c155aa7560b76d4e3017daaa431085e94a3e85089687886b746bee0f2f843,Miami,Will the lowest temperature in Miami be between 82-83°F on October 2?,79967308155596773274204557316096667903314990650371297429519347263269343403122,Yes,2026-10-01T00:41:15+00:00,0.2
0xa56c155aa7560b76d4e3017daaa431085e94a3e85089687886b746bee0f2f843,Miami,Will the lowest temperature in Miami be between 82-83°F on October 2?,32023928577018553583732455096176331562731345944213628919111662628793762111320,No,2026-10-01T00:00:18+00:00,0.8
0xa56c155aa7560b76d4e3017daaa431085e94a3e85089687886b746bee0f2f843,Miami,Will the lowest temperature in Miami be between 82-83°F on October 2?,32023928577018553583732455096176331562731345944213628919111662628793762111320,No,2026-10-01T00:41:16+00:00,0.8
0x1898875fc108886e196d965eb56fe72beab9408437e141f5150a944698a5bf9f,Miami,Will the lowest temperature in Miami be between 84-85°F on October 2?,108212866316014952788733512502474304171424878879483118010398599971366742407791,Yes,2026-10-01T00:00:22+00:00,0.23
0x1898875fc108886e196d965eb56fe72beab9408437e141f5150a944698a5bf9f,Miami,Will the lowest temperature in Miami be between 84-85°F on October 2?,108212866316014952788733512502474304171424878879483118010398599971366742407791,Yes,2026-10-01T00:41:17+00:00,0.23
0x1898875fc108886e196d965eb56fe72beab9408437e141f5150a944698a5bf9f,Miami,Will the lowest temperature in Miami be between 84-85°F on October 2?,113649693306599185211161264847738580022278300883899920258894008518040992890609,No,2026-10-01T00:00:22+00:00,0.77
0x1898875fc108886e196d965eb56fe72beab9408437e141f5150a944698a5bf9f,Miami,Will the lowest temperature in Miami be between 84-85°F on October 2?,113649693306599185211161264847738580022278300883899920258894008518040992890609,No,2026-10-01T00:41:17+00:00,0.77
0x2c5973f0f256ae29d8366e80f7bf0c7cf95fbc39cd8fb3ef1013f593dbea678e,Miami,Will the lowest temperature in Miami be between 86-87°F on October 2?,56952766332816792837651239072776474852183519149694662163098636711285411925879,Yes,2026-10-01T00:00:24+00:00,0.0055
0x2c5973f0f256ae29d8366e80f7bf0c7cf95fbc39cd8fb3ef1013f593dbea678e,Miami,Will the lowest temperature in Miami be between 86-87°F on October 2?,56952766332816792837651239072776474852183519149694662163098636711285411925879,Yes,2026-10-01T00:41:17+00:00,0.0055
0x2c5973f0f256ae29d8366e80f7bf0c7cf95fbc39cd8fb3ef1013f593dbea678e,Miami,Will the lowest temperature in Miami be between 86-87°F on October 2?,73992218158951142049308078180720603921377354328667795429218877913517751471973,No,2026-10-01T00:00:25+00:00,0.9945
0x2c5973f0f256ae29d8366e80f7bf0c7cf95fbc39cd8fb3ef1013f593dbea678e,Miami,Will the lowest temperature in Miami be between 86-87°F on October 2?,73992218158951142049308078180720603921377354328667795429218877913517751471973,No,2026-10-01T00:41:18+00:00,0.9945
0x0017c49ab58baf2af6b577dbb7fa8eb2254a603dcb9e4685d5b74655bac22bd8,Miami,Will the lowest temperature in Miami be between 88-89°F on October 2?,113608305710496706262489594486173738061402630801589329744386397328701789359617,Yes,2026-10-01T00:00:20+00:00,0.0055
0x0017c49ab58baf2af6b577dbb7fa8eb2254a603dcb9e4685d5b74655bac22bd8,Miami,Will the lowest temperature in Miami be between 88-89°F on October 2?,113608305710496706262489594486173738061402630801589329744386397328701789359617,Yes,2026-10-01T00:41:16+00:00,0.0055
0x0017c49ab58baf2af6b577dbb7fa8eb2254a603dcb9e4685d5b74655bac22bd8,Miami,Will the lowest temperature in Miami be between 88-89°F on October 2?,101563252716989890416219582505885108180779115334915046039213053858715070864028,No,2026-10-01T00:00:28+00:00,0.9945
0x0017c49ab58baf2af6b577dbb7fa8eb2254a603dcb9e4685d5b74655bac22bd8,Miami,Will the lowest temperature in Miami be between 88-89°F on October 2?,101563252716989890416219582505885108180779115334915046039213053858715070864028,No,2026-10-01T00:41:19+00:00,0.9945
0xb564861b04c42e668e7e48078938020d7799d5a4aa4e19e08383310f40c131d1,Miami,Will the lowest temperature in Miami be 90°F or higher on October 2?,61984666043107311057938422370324457649308176957447818070301367532064464338241,Yes,2026-10-01T00:00:21+00:00,0.0055
0xb564861b04c42e668e7e48078938020d7799d5a4aa4e19e08383310f40c131d1,Miami,Will the lowest temperature in Miami be 90°F or higher on October 2?,61984666043107311057938422370324457649308176957447818070301367532064464338241,Yes,2026-10-01T00:41:16+00:00,0.0055
0xb564861b04c42e668e7e48078938020d7799d5a4aa4e19e08383310f40c131d1,Miami,Will the lowest temperature in Miami be 90°F or higher on October 2?,94971043309282599950828464162427079844662134985588221221056226454814898995776,No,2026-10-01T00:00:17+00:00,0.9945
0xb564861b04c42e668e7e48078938020d7799d5a4aa4e19e08383310f40c131d1,Miami,Will the lowest temperature in Miami be 90°F or higher on October 2?,94971043309282599950828464162427079844662134985588221221056226454814898995776,No,2026-10-01T00:41:15+00:00,0.9945
0x138f7e99c1465e2e191cdf313b6d1b38fedcea8f50fce1e12ec8e9702b1ae304,Miami,Will the highest temperature in Miami be 77°F or below on October 2?,16677006968341601123565408075754243580937101167949665903575792541884531102587,Yes,2026-10-01T00:00:20+00:00,0.001
0x138f7e99c1465e2e191cdf313b6d1b38fedcea8f50fce1e12ec8e9702b1ae304,Miami,Will the highest temperature in Miami be 77°F or below on October 2?,16677006968341601123565408075754243580937101167949665903575792541884531102587,Yes,2026-10-01T00:41:16+00:00,0.001
0x138f7e99c1465e2e191cdf313b6d1b38fedcea8f50fce1e12ec8e9702b1ae304,Miami,Will the highest temperature in Miami be 77°F or below on October 2?,101918337167317334430693723917260612795412432870934883801779504522646649754828,No,2026-10-01T00:00:27+00:00,0.999
0x138f7e99c1465e2e191cdf313b6d1b38fedcea8f50fce1e12ec8e9702b1ae304,Miami,Will the highest temperature in Miami be 77°F or below on October 2?,101918337167317334430693723917260612795412432870934883801779504522646649754828,No,2026-10-01T00:41:19+00:00,0.999
0x57572940eede4556fa05ace1622139075f1886a7144315cd8fb2c9158c98e429,Miami,Will the highest temperature in Miami be between 78-79°F on October 2?,70744572976890183850134957937813479151456071012407725497848807171838925685556,Yes,2026-10-01T00:00:20+00:00,0.01
0x57572940eede4556fa05ace1622139075f1886a7144315cd8fb2c9158c98e429,Miami,Will the highest temperature in Miami be between 78-79°F on October 2?,70744572976890183850134957937813479151456071012407725497848807171838925685556,Yes,2026-10-01T00:41:16+00:00,0.01
0x57572940eede4556fa05ace1622139075f1886a7144315cd8fb2c9158c98e429,Miami,Will the highest temperature in Miami be between 78-79°F on October 2?,82114356499781568663431936146240141577657738940687168286424884554213970056871,No,2026-10-01T00:00:17+00:00,0.99
0x57572940eede4556fa05ace1622139075f1886a7144315cd8fb2c9158c98e429,Miami,Will the highest temperature in Miami be between 78-79°F on October 2?,82114356499781568663431936146240141577657738940687168286424884554213970056871,No,2026-10-01T00:41:15+00:00,0.99
0x4562c032c47fd8975d056c43b18719976b10dfce44f90af3d923e053073652ba,Miami,Will the highest temperature in Miami be between 80-81°F on October 2?,52750459887309390579745479387581073191488294116915981754516303344994648774968,Yes,2026-10-01T00:00:23+00:00,0.011
0x4562c032c47fd8975d056c43b18719976b10dfce44f90af3d923e053073652ba,Miami,Will the highest temperature in Miami be between 80-81°F on October 2?,52750459887309390579745479387581073191488294116915981754516303344994648774968,Yes,2026-10-01T00:41:17+00:00,0.005
0x4562c032c47fd8975d056c43b18719976b10dfce44f90af3d923e053073652ba,Miami,Will the highest temperature in Miami be between 80-81°F on October 2?,28607100766134880696429621897548509199250518722346388595952998917116519445443,No,2026-10-01T00:00:19+00:00,0.989
0x4562c032c47fd8975d056c43b18719976b10dfce44f90af3d923e053073652ba,Miami,Will the highest temperature in Miami be between 80-81°F on October 2?,28607100766134880696429621897548509199250518722346388595952998917116519445443,No,2026-10-01T00:41:16+00:00,0.995
0x72988ef248d7339e5e5646a2ecd9b0ce83ade1b9587c5c27aba1c6ae8831da9c,Miami,Will the highest temperature in Miami be between 82-83°F on October 2?,98113151250349579357228702800372833818983073075360098572892864751720229830244,Yes,2026-10-01T00:00:20+00:00,0.0105
0x72988ef248d7339e5e5646a2ecd9b0ce83ade1b9587c5c27aba1c6ae8831da9c,Miami,Will the highest temperature in Miami be between 82-83°F on October 2?,98113151250349579357228702800372833818983073075360098572892864751720229830244,Yes,2026-10-01T00:41:16+00:00,0.0105
0x72988ef248d7339e5e5646a2ecd9b0ce83ade1b9587c5c27aba1c6ae8831da9c,Miami,Will the highest temperature in Miami be between 82-83°F on October 2?,18568514924645890628257595182639898090805858822094810046938522181193187299744,No,2026-10-01T00:00:26+00:00,0.9895
0x72988ef248d7339e5e5646a2ecd9b0ce83ade1b9587c5c27aba1c6ae8831da9c,Miami,Will the highest temperature in Miami be between 82-83°F on October 2?,18568514924645890628257595182639898090805858822094810046938522181193187299744,No,2026-10-01T00:41:18+00:00,0.9895
0xa3f2bf1fef963ffc933a596205652d155fbc8cc8393eed8ab27a34d73cc59440,Miami,Will the highest temperature in Miami be between 84-85°F on October 2?,37605249603520455314286410155174853076227463296478438628387935176288775239375,Yes,2026-10-01T00:00:19+00:00,0.055
0xa3f2bf1fef963ffc933a596205652d155fbc8cc8393eed8ab27a34d73cc59440,Miami,Will the highest temperature in Miami be between 84-85°F on October 2?,37605249603520455314286410155174853076227463296478438628387935176288775239375,Yes,2026-10-01T00:37:11+00:00,0.05
0xa3f2bf1fef963ffc933a596205652d155fbc8cc8393eed8ab27a34d73cc59440,Miami,Will the highest temperature in Miami be between 84-85°F on October 2?,55445178457883149484736780995809774470286441676866271375299584591736279467074,No,2026-10-01T00:00:24+00:00,0.945
0xa3f2bf1fef963ffc933a596205652d155fbc8cc8393eed8ab27a34d73cc59440,Miami,Will the highest temperature in Miami be between 84-85°F on October 2?,55445178457883149484736780995809774470286441676866271375299584591736279467074,No,2026-10-01T00:41:18+00:00,0.95
0x9828facd34fbaeda3ab158928c0e6a0184433bee2d52fafe7ec2164f34925acd,Miami,Will the highest temperature in Miami be between 86-87°F on October 2?,23391836121652526095073615531608907697991935982326845367838013841338214869176,Yes,2026-10-01T00:00:23+00:00,0.39
0x9828facd34fbaeda3ab158928c0e6a0184433bee2d52fafe7ec2164f34925acd,Miami,Will the highest temperature in Miami be between 86-87°F on October 2?,23391836121652526095073615531608907697991935982326845367838013841338214869176,Yes,2026-10-01T00:37:12+00:00,0.385
0x9828facd34fbaeda3ab158928c0e6a0184433bee2d52fafe7ec2164f34925acd,Miami,Will the highest temperature in Miami be between 86-87°F on October 2?,28497197666458266043492862090937163924103050691725531362757695307551169906150,No,2026-10-01T00:00:21+00:00,0.61
0x9828facd34fbaeda3ab158928c0e6a0184433bee2d52fafe7ec2164f34925acd,Miami,Will the highest temperature in Miami be between 86-87°F on October 2?,28497197666458266043492862090937163924103050691725531362757695307551169906150,No,2026-10-01T00:41:17+00:00,0.615
0xa9fc512a83e5b7ca996a37e02229377479ec5bfe6831542cad1fd536beeaf56b,Miami,Will the highest temperature in Miami be between 88-89°F on October 2?,104675119505626707252739046355127116508533707650421894355757671292470037148659,Yes,2026-10-01T00:00:28+00:00,0.465
0xa9fc512a83e5b7ca996a37e02229377479ec5bfe6831542cad1fd536beeaf56b,Miami,Will the highest temperature in Miami be between 88-89°F on October 2?,104675119505626707252739046355127116508533707650421894355757671292470037148659,Yes,2026-10-01T00:37:14+00:00,0.485
0xa9fc512a83e5b7ca996a37e02229377479ec5bfe6831542cad1fd536beeaf56b,Miami,Will the highest temperature in Miami be between 88-89°F on October 2?,18734367862309193239002871356127461008963708854239654238694732065759166598569,No,2026-10-01T00:00:19+00:00,0.535
0xa9fc512a83e5b7ca996a37e02229377479ec5bfe6831542cad1fd536beeaf56b,Miami,Will the highest temperature in Miami be between 88-89°F on October 2?,18734367862309193239002871356127461008963708854239654238694732065759166598569,No,2026-10-01T00:41:16+00:00,0.515
0xbaa41be8425ebbaa9483c544c09ea3ae2fdae9e8c8af4e9a3e26ba059010fed0,Miami,Will the highest temperature in Miami be between 90-91°F on October 2?,94905851182957110347374766249203129351343374123973313835744323265069044354071,Yes,2026-10-01T00:00:26+00:00,0.115
0xbaa41be8425ebbaa9483c544c09ea3ae2fdae9e8c8af4e9a3e26ba059010fed0,Miami,Will the highest temperature in Miami be between 90-91°F on October 2?,94905851182957110347374766249203129351343374123973313835744323265069044354071,Yes,2026-10-01T00:37:13+00:00,0.115
0xbaa41be8425ebbaa9483c544c09ea3ae2fdae9e8c8af4e9a3e26ba059010fed0,Miami,Will the highest temperature in Miami be between 90-91°F on October 2?,31593217065975555174803996860895302658153941020910153634367936810388806880777,No,2026-10-01T00:00:23+00:00,0.885
0xbaa41be8425ebbaa9483c544c09ea3ae2fdae9e8c8af4e9a3e26ba059010fed0,Miami,Will the highest temperature in Miami be between 90-91°F on October 2?,31593217065975555174803996860895302658153941020910153634367936810388806880777,No,2026-10-01T00:41:17+00:00,0.885
0x45f6a03de17cb6ecfea8c8af7749e3e917daf896f301a2b106afb2537c36fca4,Miami,Will the highest temperature in Miami be between 92-93°F on October 2?,114335388942906673814239799406155254975154669787319077491115644472531811749033,Yes,2026-10-01T00:00:22+00:00,0.007
0x45f6a03de17cb6ecfea8c8af7749e3e917daf896f301a2b106afb2537c36fca4,Miami,Will the highest temperature in Miami be between 92-93°F on October 2?,114335388942906673814239799406155254975154669787319077491115644472531811749033,Yes,2026-10-01T00:41:17+00:00,0.0065
0x45f6a03de17cb6ecfea8c8af7749e3e917daf896f301a2b106afb2537c36fca4,Miami,Will the highest temperature in Miami be between 92-93°F on October 2?,89625664453983970491049853909330191466880873252363825325528250030728063239685,No,2026-10-01T00:00:21+00:00,0.993
0x45f6a03de17cb6ecfea8c8af7749e3e917daf896f301a2b106afb2537c36fca4,Miami,Will the highest temperature in Miami be between 92-93°F on October 2?,89625664453983970491049853909330191466880873252363825325528250030728063239685,No,2026-10-01T00:41:17+00:00,0.9935
0xfae11ee4cd1030cab3aa48b0646e1e095d770566c7b598a3a5ed85c82cd65669,Miami,Will the highest temperature in Miami be between 94-95°F on October 2?,48470794075343572317522462766374069253184507077850120952998200707834005902532,Yes,2026-10-01T00:00:27+00:00,0.002
0xfae11ee4cd1030cab3aa48b0646e1e095d770566c7b598a3a5ed85c82cd65669,Miami,Will the highest temperature in Miami be between 94-95°F on October 2?,48470794075343572317522462766374069253184507077850120952998200707834005902532,Yes,2026-10-01T00:41:18+00:00,0.002
0xfae11ee4cd1030cab3aa48b0646e1e095d770566c7b598a3a5ed85c82cd65669,Miami,Will the highest temperature in Miami be between 94-95°F on October 2?,99329808528037073287016402232969839793569445715324297220455608592175473815439,No,2026-10-01T00:00:23+00:00,0.998
0xfae11ee4cd1030cab3aa48b0646e1e095d770566c7b598a3a5ed85c82cd65669,Miami,Will the highest temperature in Miami be between 94-95°F on October 2?,99329808528037073287016402232969839793569445715324297220455608592175473815439,No,2026-10-01T00:41:17+00:00,0.998
0xc449d0b16471bfd388460c293e83e9a9521c1b1eec2f0faf021d7e5f5c6cef78,Miami,Will the highest temperature in Miami be 96°F or higher on October 2?,92132314202724510767435396411601337610238115482045229016368813583199749081640,Yes,2026-10-01T00:00:19+00:00,0.0005
0xc449d0b16471bfd388460c293e83e9a9521c1b1eec2f0faf021d7e5f5c6cef78,Miami,Will the highest temperature in Miami be 96°F or higher on October 2?,92132314202724510767435396411601337610238115482045229016368813583199749081640,Yes,2026-10-01T00:41:16+00:00,0.0005
0xc449d0b16471bfd388460c293e83e9a9521c1b1eec2f0faf021d7e5f5c6cef78,Miami,Will the highest temperature in Miami be 96°F or higher on October 2?,45765521629701526401535626538415638474146643725521510150352236767243077425256,No,2026-10-01T00:00:23+00:00,0.9995
0xc449d0b16471bfd388460c293e83e9a9521c1b1eec2f0faf021d7e5f5c6cef78,Miami,Will the highest temperature in Miami be 96°F or higher on October 2?,45765521629701526401535626538415638474146643725521510150352236767243077425256,No,2026-10-01T00:41:17+00:00,0.9995
0x612ae7b0cb3bc7f9c7e656706cdc2d6b2b41b05546ad4177cd78ce67efc1cde1,Miami,Will the lowest temperature in Miami be 69°F or below on October 1?,101855245864658553395504769653596991185220670671297808428368221903269570844878,Yes,2026-10-01T01:00:20+00:00,0.01
0x612ae7b0cb3bc7f9c7e656706cdc2d6b2b41b05546ad4177cd78ce67efc1cde1,Miami,Will the lowest temperature in Miami be 69°F or below on October 1?,101855245864658553395504769653596991185220670671297808428368221903269570844878,Yes,2026-10-01T02:00:22+00:00,0.01
0x612ae7b0cb3bc7f9c7e656706cdc2d6b2b41b05546ad4177cd78ce67efc1cde1,Miami,Will the lowest temperature in Miami be 69°F or below on October 1?,101855245864658553395504769653596991185220670671297808428368221903269570844878,Yes,2026-10-01T03:00:36+00:00,0.01
0x612ae7b0cb3bc7f9c7e656706cdc2d6b2b41b05546ad4177cd78ce67efc1cde1,Miami,Will the lowest temperature in Miami be 69°F or below on October 1?,101855245864658553395504769653596991185220670671297808428368221903269570844878,Yes,2026-10-01T04:00:37+00:00,0.009
0x612ae7b0cb3bc7f9c7e656706cdc2d6b2b41b05546ad4177cd78ce67efc1cde1,Miami,Will the lowest temperature in Miami be 69°F or below on October 1?,101855245864658553395504769653596991185220670671297808428368221903269570844878,Yes,2026-10-01T05:00:20+00:00,0.0095
0x612ae7b0cb3bc7f9c7e656706cdc2d6b2b41b05546ad4177cd78ce67efc1cde1,Miami,Will the lowest temperature in Miami be 69°F or below on October 1?,101855245864658553395504769653596991185220670671297808428368221903269570844878,Yes,2026-10-01T06:00:24+00:00,0.0095
0x612ae7b0cb3bc7f9c7e656706cdc2d6b2b41b05546ad4177cd78ce67efc1cde1,Miami,Will the lowest temperature in Miami be 69°F or below on October 1?,101855245864658553395504769653596991185220670671297808428368221903269570844878,Yes,2026-10-01T07:00:20+00:00,0.0095
0x612ae7b0cb3bc7f9c7e656706cdc2d6b2b41b05546ad4177cd78ce67efc1cde1,Miami,Will the lowest temperature in Miami be 69°F or below on October 1?,101855245864658553395504769653596991185220670671297808428368221903269570844878,Yes,2026-10-01T08:00:37+00:00,0.0095
0x612ae7b0cb3bc7f9c7e656706cdc2d6b2b41b05546ad4177cd78ce67efc1cde1,Miami,Will the lowest temperature in Miami be 69°F or below on October 1?,101855245864658553395504769653596991185220670671297808428368221903269570844878,Yes,2026-10-01T10:00:22+00:00,0.0095
0x612ae7b0cb3bc7f9c7e656706cdc2d6b2b41b05546ad4177cd78ce67efc1cde1,Miami,Will the lowest temperature in Miami be 69°F or below on October 1?,101855245864658553395504769653596991185220670671297808428368221903269570844878,Yes,2026-10-01T10:09:17+00:00,0.01
0x612ae7b0cb3bc7f9c7e656706cdc2d6b2b41b05546ad4177cd78ce67efc1cde1,Miami,Will the lowest temperature in Miami be 69°F or below on October 1?,25993911698934113161292137023983526314732143317850952119385356496605659223996,No,2026-10-01T01:00:19+00:00,0.99
0x612ae7b0cb3bc7f9c7e656706cdc2d6b2b41b05546ad4177cd78ce67efc1cde1,Miami,Will the lowest temperature in Miami be 69°F or below on October 1?,25993911698934113161292137023983526314732143317850952119385356496605659223996,No,2026-10-01T02:00:20+00:00,0.99
0x612ae7b0cb3bc7f9c7e656706cdc2d6b2b41b05546ad4177cd78ce67efc1cde1,Miami,Will the lowest temperature in Miami be 69°F or below on October 1?,25993911698934113161292137023983526314732143317850952119385356496605659223996,No,2026-10-01T03:00:34+00:00,0.99
0x612ae7b0cb3bc7f9c7e656706cdc2d6b2b41b05546ad4177cd78ce67efc1cde1,Miami,Will the lowest temperature in Miami be 69°F or below on October 1?,25993911698934113161292137023983526314732143317850952119385356496605659223996,No,2026-10-01T04:00:35+00:00,0.9905
0x612ae7b0cb3bc7f9c7e656706cdc2d6b2b41b05546ad4177cd78ce67efc1cde1,Miami,Will the lowest temperature in Miami be 69°F or below on October 1?,25993911698934113161292137023983526314732143317850952119385356496605659223996,No,2026-10-01T05:00:19+00:00,0.9905
0x612ae7b0cb3bc7f9c7e656706cdc2d6b2b41b05546ad4177cd78ce67efc1cde1,Miami,Will the lowest temperature in Miami be 69°F or below on October 1?,25993911698934113161292137023983526314732143317850952119385356496605659223996,No,2026-10-01T06:00:22+00:00,0.9905
0x612ae7b0cb3bc7f9c7e656706cdc2d6b2b41b05546ad4177cd78ce67efc1cde1,Miami,Will the lowest temperature in Miami be 69°F or below on October 1?,25993911698934113161292137023983526314732143317850952119385356496605659223996,No,2026-10-01T07:00:18+00:00,0.9905
0x612ae7b0cb3bc7f9c7e656706cdc2d6b2b41b05546ad4177cd78ce67efc1cde1,Miami,Will the lowest temperature in Miami be 69°F or below on October 1?,25993911698934113161292137023983526314732143317850952119385356496605659223996,No,2026-10-01T08:00:35+00:00,0.9905
0x612ae7b0cb3bc7f9c7e656706cdc2d6b2b41b05546ad4177cd78ce67efc1cde1,Miami,Will the lowest temperature in Miami be 69°F or below on October 1?,25993911698934113161292137023983526314732143317850952119385356496605659223996,No,2026-10-01T10:00:20+00:00,0.9905
0x612ae7b0cb3bc7f9c7e656706cdc2d6b2b41b05546ad4177cd78ce67efc1cde1,Miami,Will the lowest temperature in Miami be 69°F or below on October 1?,25993911698934113161292137023983526314732143317850952119385356496605659223996,No,2026-10-01T10:09:17+00:00,0.99
0x9d11400eccf60d9d3aa52369bde6e8763964297069afbe2abbceec29336986be,Miami,Will the lowest temperature in Miami be between 70-71°F on October 1?,68364833246608424787578535138867716684399128591299787358746612349495020913114,Yes,2026-10-01T01:00:21+00:00,0.06
0x9d11400eccf60d9d3aa52369bde6e8763964297069afbe2abbceec29336986be,Miami,Will the lowest temperature in Miami be between 70-71°F on October 1?,68364833246608424787578535138867716684399128591299787358746612349495020913114,Yes,2026-10-01T02:00:23+00:00,0.055
0x9d11400eccf60d9d3aa52369bde6e8763964297069afbe2abbceec29336986be,Miami,Will the lowest temperature in Miami be between 70-71°F on October 1?,68364833246608424787578535138867716684399128591299787358746612349495020913114,Yes,2026-10-01T03:00:38+00:00,0.055
0x9d11400eccf60d9d3aa52369bde6e8763964297069afbe2abbceec29336986be,Miami,Will the lowest temperature in Miami be between 70-71°F on October 1?,68364833246608424787578535138867716684399128591299787358746612349495020913114,Yes,2026-10-01T04:00:38+00:00,0.055
0x9d11400eccf60d9d3aa52369bde6e8763964297069afbe2abbceec29336986be,Miami,Will the lowest temperature in Miami be between 70-71°F on October 1?,68364833246608424787578535138867716684399128591299787358746612349495020913114,Yes,2026-10-01T05:00:21+00:00,0.04
0x9d11400eccf60d9d3aa52369bde6e8763964297069afbe2abbceec29336986be,Miami,Will the lowest temperature in Miami be between 70-71°F on October 1?,68364833246608424787578535138867716684399128591299787358746612349495020913114,Yes,2026-10-01T06:00:26+00:00,0.04
0x9d11400eccf60d9d3aa52369bde6e8763964297069afbe2abbceec29336986be,Miami,Will the lowest temperature in Miami be between 70-71°F on October 1?,68364833246608424787578535138867716684399128591299787358746612349495020913114,Yes,2026-10-01T07:00:20+00:00,0.045
0x9d11400eccf60d9d3aa52369bde6e8763964297069afbe2abbceec29336986be,Miami,Will the lowest temperature in Miami be between 70-71°F on October 1?,68364833246608424787578535138867716684399128591299787358746612349495020913114,Yes,2026-10-01T08:00:38+00:00,0.045
0x9d11400eccf60d9d3aa52369bde6e8763964297069afbe2abbceec29336986be,Miami,Will the lowest temperature in Miami be between 70-71°F on October 1?,68364833246608424787578535138867716684399128591299787358746612349495020913114,Yes,2026-10-01T10:00:23+00:00,0.045
0x9d11400eccf60d9d3aa52369bde6e8763964297069afbe2abbceec29336986be,Miami,Will the lowest temperature in Miami be between 70-71°F on October 1?,68364833246608424787578535138867716684399128591299787358746612349495020913114,Yes,2026-10-01T10:09:18+00:00,0.045
0x9d11400eccf60d9d3aa52369bde6e8763964297069afbe2abbceec29336986be,Miami,Will the lowest temperature in Miami be between 70-71°F on October 1?,25914767573752849775741081070527219593228438457879280466165407004059211119104,No,2026-10-01T01:00:20+00:00,0.94
0x9d11400eccf60d9d3aa52369bde6e8763964297069afbe2abbceec29336986be,Miami,Will the lowest temperature in Miami be between 70-71°F on October 1?,25914767573752849775741081070527219593228438457879280466165407004059211119104,No,2026-10-01T02:00:21+00:00,0.945
0x9d11400eccf60d9d3aa52369bde6e8763964297069afbe2abbceec29336986be,Miami,Will the lowest temperature in Miami be between 70-71°F on October 1?,25914767573752849775741081070527219593228438457879280466165407004059211119104,No,2026-10-01T03:00:36+00:00,0.945
0x9d11400eccf60d9d3aa52369bde6e8763964297069afbe2abbceec29336986be,Miami,Will the lowest temperature in Miami be between 70-71°F on October 1?,25914767573752849775741081070527219593228438457879280466165407004059211119104,No,2026-10-01T04:00:36+00:00,0.945
0x9d11400eccf60d9d3aa52369bde6e8763964297069afbe2abbceec29336986be,Miami,Will the lowest temperature in Miami be between 70-71°F on October 1?,25914767573752849775741081070527219593228438457879280466165407004059211119104,No,2026-10-01T05:00:20+00:00,0.96
0x9d11400eccf60d9d3aa52369bde6e8763964297069afbe2abbceec29336986be,Miami,Will the lowest temperature in Miami be between 70-71°F on October 1?,25914767573752849775741081070527219593228438457879280466165407004059211119104,No,2026-10-01T06:00:23+00:00,0.96
0x9d11400eccf60d9d3aa52369bde6e8763964297069afbe2abbceec29336986be,Miami,Will the lowest temperature in Miami be between 70-71°F on October 1?,25914767573752849775741081070527219593228438457879280466165407004059211119104,No,2026-10-01T07:00:19+00:00,0.955
0x9d11400eccf60d9d3aa52369bde6e8763964297069afbe2abbceec29336986be,Miami,Will the lowest temperature in Miami be between 70-71°F on October 1?,25914767573752849775741081070527219593228438457879280466165407004059211119104,No,2026-10-01T08:00:37+00:00,0.955
0x9d11400eccf60d9d3aa52369bde6e8763964297069afbe2abbceec29336986be,Miami,Will the lowest temperature in Miami be between 70-71°F on October 1?,25914767573752849775741081070527219593228438457879280466165407004059211119104,No,2026-10-01T10:00:21+00:00,0.955
0x9d11400eccf60d9d3aa52369bde6e8763964297069afbe2abbceec29336986be,Miami,Will the lowest temperature in Miami be between 70-71°F on October 1?,25914767573752849775741081070527219593228438457879280466165407004059211119104,No,2026-10-01T10:09:17+00:00,0.955
0x134f06542bb666cf3bc4fd0c072f101d34805762d91db6847c5c526bff5a1016,Miami,Will the lowest temperature in Miami be between 72-73°F on October 1?,97331085679756966920094748687371158828553289558551126747527448163599643995309,Yes,2026-10-01T01:00:18+00:00,0.165
0x134f06542bb666cf3bc4fd0c072f101d34805762d91db6847c5c526bff5a1016,Miami,Will the lowest temperature in Miami be between 72-73°F on October 1?,97331085679756966920094748687371158828553289558551126747527448163599643995309,Yes,2026-10-01T02:00:20+00:00,0.165
0x134f06542bb666cf3bc4fd0c072f101d34805762d91db6847c5c526bff5a1016,Miami,Will the lowest temperature in Miami be between 72-73°F on October 1?,97331085679756966920094748687371158828553289558551126747527448163599643995309,Yes,2026-10-01T03:00:33+00:00,0.165
0x134f06542bb666cf3bc4fd0c072f101d34805762d91db6847c5c526bff5a1016,Miami,Will the lowest temperature in Miami be between 72-73°F on October 1?,97331085679756966920094748687371158828553289558551126747527448163599643995309,Yes,2026-10-01T04:00:34+00:00,0.165
0x134f06542bb666cf3bc4fd0c072f101d34805762d91db6847c5c526bff5a1016,Miami,Will the lowest temperature in Miami be between 72-73°F on October 1?,97331085679756966920094748687371158828553289558551126747527448163599643995309,Yes,2026-10-01T05:00:18+00:00,0.165
0x134f06542bb666cf3bc4fd0c072f101d34805762d91db6847c5c526bff5a1016,Miami,Will the lowest temperature in Miami be between 72-73°F on October 1?,97331085679756966920094748687371158828553289558551126747527448163599643995309,Yes,2026-10-01T06:00:21+00:00,0.165
0x134f06542bb666cf3bc4fd0c072f101d34805762d91db6847c5c526bff5a1016,Miami,Will the lowest temperature in Miami be between 72-73°F on October 1?,97331085679756966920094748687371158828553289558551126747527448163599643995309,Yes,2026-10-01T07:00:18+00:00,0.165
0x134f06542bb666cf3bc4fd0c072f101d34805762d91db6847c5c526bff5a1016,Miami,Will the lowest temperature in Miami be between 72-73°F on October 1?,97331085679756966920094748687371158828553289558551126747527448163599643995309,Yes,2026-10-01T08:00:34+00:00,0.165
0x134f06542bb666cf3bc4fd0c072f101d34805762d91db6847c5c526bff5a1016,Miami,Will the lowest temperature in Miami be between 72-73°F on October 1?,97331085679756966920094748687371158828553289558551126747527448163599643995309,Yes,2026-10-01T10:00:19+00:00,0.165
0x134f06542bb666cf3bc4fd0c072f101d34805762d91db6847c5c526bff5a1016,Miami,Will the lowest temperature in Miami be between 72-73°F on October 1?,97331085679756966920094748687371158828553289558551126747527448163599643995309,Yes,2026-10-01T10:09:16+00:00,0.15
0x134f06542bb666cf3bc4fd0c072f101d34805762d91db6847c5c526bff5a1016,Miami,Will the lowest temperature in Miami be between 72-73°F on October 1?,38193329591990515121477302789961321527792369498651247302952092873977000859213,No,2026-10-01T01:00:19+00:00,0.835
0x134f06542bb666cf3bc4fd0c072f101d34805762d91db6847c5c526bff5a1016,Miami,Will the lowest temperature in Miami be between 72-73°F on October 1?,38193329591990515121477302789961321527792369498651247302952092873977000859213,No,2026-10-01T02:00:21+00:00,0.835
0x134f06542bb666cf3bc4fd0c072f101d34805762d91db6847c5c526bff5a1016,Miami,Will the lowest temperature in Miami be between 72-73°F on October 1?,38193329591990515121477302789961321527792369498651247302952092873977000859213,No,2026-10-01T03:00:35+00:00,0.835
0x134f06542bb666cf3bc4fd0c072f101d34805762d91db6847c5c526bff5a1016,Miami,Will the lowest temperature in Miami be between 72-73°F on October 1?,38193329591990515121477302789961321527792369498651247302952092873977000859213,No,2026-10-01T04:00:36+00:00,0.835
0x134f06542bb666cf3bc4fd0c072f101d34805762d91db6847c5c526bff5a1016,Miami,Will the lowest temperature in Miami be between 72-73°F on October 1?,38193329591990515121477302789961321527792369498651247302952092873977000859213,No,2026-10-01T05:00:19+00:00,0.835
0x134f06542bb666cf3bc4fd0c072f101d34805762d91db6847c5c526bff5a1016,Miami,Will the lowest temperature in Miami be between 72-73°F on October 1?,38193329591990515121477302789961321527792369498651247302952092873977000859213,No,2026-10-01T06:00:23+00:00,0.835
0x134f06542bb666cf3bc4fd0c072f101d34805762d91db6847c5c526bff5a1016,Miami,Will the lowest temperature in Miami be between 72-73°F on October 1?,38193329591990515121477302789961321527792369498651247302952092873977000859213,No,2026-10-01T07:00:19+00:00,0.835
0x134f06542bb666cf3bc4fd0c072f101d34805762d91db6847c5c526bff5a1016,Miami,Will the lowest temperature in Miami be between 72-73°F on October 1?,38193329591990515121477302789961321527792369498651247302952092873977000859213,No,2026-10-01T08:00:36+00:00,0.835
0x134f06542bb666cf3bc4fd0c072f101d34805762d91db6847c5c526bff5a1016,Miami,Will the lowest temperature in Miami be between 72-73°F on October 1?,38193329591990515121477302789961321527792369498651247302952092873977000859213,No,2026-10-01T10:00:21+00:00,0.835
0x134f06542bb666cf3bc4fd0c072f101d34805762d91db6847c5c526bff5a1016,Miami,Will the lowest temperature in Miami be between 72-73°F on October 1?,38193329591990515121477302789961321527792369498651247302952092873977000859213,No,2026-10-01T10:09:17+00:00,0.85
0x766b953f21226abd155dd07f913226f3e29a240e0b11d23bad39c3d3bc9d2833,Miami,Will the lowest temperature in Miami be between 74-75°F on October 1?,72543101823953290867362102395979766153854444310127929594230681514399077124155,Yes,2026-10-01T01:00:20+00:00,0.27
0x766b953f21226abd155dd07f913226f3e29a240e0b11d23bad39c3d3bc9d2833,Miami,Will the lowest temperature in Miami be between 74-75°F on October 1?,72543101823953290867362102395979766153854444310127929594230681514399077124155,Yes,2026-10-01T02:00:22+00:00,0.27
0x766b953f21226abd155dd07f913226f3e29a240e0b11d23bad39c3d3bc9d2833,Miami,Will the lowest temperature in Miami be between 74-75°F on October 1?,72543101823953290867362102395979766153854444310127929594230681514399077124155,Yes,2026-10-01T03:00:37+00:00,0.27
0x766b953f21226abd155dd07f913226f3e29a240e0b11d23bad39c3d3bc9d2833,Miami,Will the lowest temperature in Miami be between 74-75°F on October 1?,72543101823953290867362102395979766153854444310127929594230681514399077124155,Yes,2026-10-01T04:00:37+00:00,0.27
0x766b953f21226abd155dd07f913226f3e29a240e0b11d23bad39c3d3bc9d2833,Miami,Will the lowest temperature in Miami be between 74-75°F on October 1?,72543101823953290867362102395979766153854444310127929594230681514399077124155,Yes,2026-10-01T05:00:20+00:00,0.27
0x766b953f21226abd155dd07f913226f3e29a240e0b11d23bad39c3d3bc9d2833,Miami,Will the lowest temperature in Miami be between 74-75°F on October 1?,72543101823953290867362102395979766153854444310127929594230681514399077124155,Yes,2026-10-01T06:00:24+00:00,0.27
0x766b953f21226abd155dd07f913226f3e29a240e0b11d23bad39c3d3bc9d2833,Miami,Will the lowest temperature in Miami be between 74-75°F on October 1?,72543101823953290867362102395979766153854444310127929594230681514399077124155,Yes,2026-10-01T07:00:20+00:00,0.375
0x766b953f21226abd155dd07f913226f3e29a240e0b11d23bad39c3d3bc9d2833,Miami,Will the lowest temperature in Miami be between 74-75°F on October 1?,72543101823953290867362102395979766153854444310127929594230681514399077124155,Yes,2026-10-01T08:00:38+00:00,0.37
0x766b953f21226abd155dd07f913226f3e29a240e0b11d23bad39c3d3bc9d2833,Miami,Will the lowest temperature in Miami be between 74-75°F on October 1?,72543101823953290867362102395979766153854444310127929594230681514399077124155,Yes,2026-10-01T10:00:22+00:00,0.37
0x766b953f21226abd155dd07f913226f3e29a240e0b11d23bad39c3d3bc9d2833,Miami,Will the lowest temperature in Miami be between 74-75°F on October 1?,72543101823953290867362102395979766153854444310127929594230681514399077124155,Yes,2026-10-01T10:09:17+00:00,0.385
0x766b953f21226abd155dd07f913226f3e29a240e0b11d23bad39c3d3bc9d2833,Miami,Will the lowest temperature in Miami be between 74-75°F on October 1?,10069653053552062228542415587752884817924770848810794636293864913468908441582,No,2026-10-01T01:00:17+00:00,0.73
0x766b953f21226abd155dd07f913226f3e29a240e0b11d23bad39c3d3bc9d2833,Miami,Will the lowest temperature in Miami be between 74-75°F on October 1?,10069653053552062228542415587752884817924770848810794636293864913468908441582,No,2026-10-01T02:00:18+00:00,0.73
0x766b953f21226abd155dd07f913226f3e29a240e0b11d23bad39c3d3bc9d2833,Miami,Will the lowest temperature in Miami be between 74-75°F on October 1?,10069653053552062228542415587752884817924770848810794636293864913468908441582,No,2026-10-01T03:00:31+00:00,0.73
0x766b953f21226abd155dd07f913226f3e29a240e0b11d23bad39c3d3bc9d2833,Miami,Will the lowest temperature in Miami be between 74-75°F on October 1?,10069653053552062228542415587752884817924770848810794636293864913468908441582,No,2026-10-01T04:00:33+00:00,0.73
0x766b953f21226abd155dd07f913226f3e29a240e0b11d23bad39c3d3bc9d2833,Miami,Will the lowest temperature in Miami be between 74-75°F on October 1?,10069653053552062228542415587752884817924770848810794636293864913468908441582,No,2026-10-01T05:00:17+00:00,0.73
0x766b953f21226abd155dd07f913226f3e29a240e0b11d23bad39c3d3bc9d2833,Miami,Will the lowest temperature in Miami be between 74-75°F on October 1?,10069653053552062228542415587752884817924770848810794636293864913468908441582,No,2026-10-01T06:00:18+00:00,0.73
0x766b953f21226abd155dd07f913226f3e29a240e0b11d23bad39c3d3bc9d2833,Miami,Will the lowest temperature in Miami be between 74-75°F on October 1?,10069653053552062228542415587752884817924770848810794636293864913468908441582,No,2026-10-01T07:00:16+00:00,0.625
0x766b953f21226abd155dd07f913226f3e29a240e0b11d23bad39c3d3bc9d2833,Miami,Will the lowest temperature in Miami be between 74-75°F on October 1?,10069653053552062228542415587752884817924770848810794636293864913468908441582,No,2026-10-01T08:00:33+00:00,0.63
0x766b953f21226abd155dd07f913226f3e29a240e0b11d23bad39c3d3bc9d2833,Miami,Will the lowest temperature in Miami be between 74-75°F on October 1?,10069653053552062228542415587752884817924770848810794636293864913468908441582,No,2026-10-01T09:00:59+00:00,0.63
0x766b953f21226abd155dd07f913226f3e29a240e0b11d23bad39c3d3bc9d2833,Miami,Will the lowest temperature in Miami be between 74-75°F on October 1?,10069653053552062228542415587752884817924770848810794636293864913468908441582,No,2026-10-01T10:00:17+00:00,0.63
0x766b953f21226abd155dd07f913226f3e29a240e0b11d23bad39c3d3bc9d2833,Miami,Will the lowest temperature in Miami be between 74-75°F on October 1?,10069653053552062228542415587752884817924770848810794636293864913468908441582,No,2026-10-01T10:09:15+00:00,0.615
0x5686e38e8de9cfd1c5aab5cf8b7b050f3d1963a7d1db5fc4b52bd7891234872e,Miami,Will the lowest temperature in Miami be between 76-77°F on October 1?,97230016938524688701717062273957571151868077100448767610442377526081669863602,Yes,2026-10-01T01:00:19+00:00,0.315
0x5686e38e8de9cfd1c5aab5cf8b7b050f3d1963a7d1db5fc4b52bd7891234872e,Miami,Will the lowest temperature in Miami be between 76-77°F on October 1?,97230016938524688701717062273957571151868077100448767610442377526081669863602,Yes,2026-10-01T02:00:20+00:00,0.315
0x5686e38e8de9cfd1c5aab5cf8b7b050f3d1963a7d1db5fc4b52bd7891234872e,Miami,Will the lowest temperature in Miami be between 76-77°F on October 1?,97230016938524688701717062273957571151868077100448767610442377526081669863602,Yes,2026-10-01T03:00:34+00:00,0.315
0x5686e38e8de9cfd1c5aab5cf8b7b050f3d1963a7d1db5fc4b52bd7891234872e,Miami,Will the lowest temperature in Miami be between 76-77°F on October 1?,97230016938524688701717062273957571151868077100448767610442377526081669863602,Yes,2026-10-01T04:00:35+00:00,0.32
0x5686e38e8de9cfd1c5aab5cf8b7b050f3d1963a7d1db5fc4b52bd7891234872e,Miami,Will the lowest temperature in Miami be between 76-77°F on October 1?,97230016938524688701717062273957571151868077100448767610442377526081669863602,Yes,2026-10-01T05:00:19+00:00,0.29
0x5686e38e8de9cfd1c5aab5cf8b7b050f3d1963a7d1db5fc4b52bd7891234872e,Miami,Will the lowest temperature in Miami be between 76-77°F on October 1?,97230016938524688701717062273957571151868077100448767610442377526081669863602,Yes,2026-10-01T06:00:22+00:00,0.33
0x5686e38e8de9cfd1c5aab5cf8b7b050f3d1963a7d1db5fc4b52bd7891234872e,Miami,Will the lowest temperature in Miami be between 76-77°F on October 1?,97230016938524688701717062273957571151868077100448767610442377526081669863602,Yes,2026-10-01T07:00:18+00:00,0.42
0x5686e38e8de9cfd1c5aab5cf8b7b050f3d1963a7d1db5fc4b52bd7891234872e,Miami,Will the lowest temperature in Miami be between 76-77°F on October 1?,97230016938524688701717062273957571151868077100448767610442377526081669863602,Yes,2026-10-01T08:00:35+00:00,0.365
0x5686e38e8de9cfd1c5aab5cf8b7b050f3d1963a7d1db5fc4b52bd7891234872e,Miami,Will the lowest temperature in Miami be between 76-77°F on October 1?,97230016938524688701717062273957571151868077100448767610442377526081669863602,Yes,2026-10-01T10:00:20+00:00,0.355
0x5686e38e8de9cfd1c5aab5cf8b7b050f3d1963a7d1db5fc4b52bd7891234872e,Miami,Will the lowest temperature in Miami be between 76-77°F on October 1?,97230016938524688701717062273957571151868077100448767610442377526081669863602,Yes,2026-10-01T10:09:16+00:00,0.355
0x5686e38e8de9cfd1c5aab5cf8b7b050f3d1963a7d1db5fc4b52bd7891234872e,Miami,Will the lowest temperature in Miami be between 76-77°F on October 1?,101663712393161932021589123336677395329480148348121081459893533136590988866311,No,2026-10-01T01:00:20+00:00,0.685
0x5686e38e8de9cfd1c5aab5cf8b7b050f3d1963a7d1db5fc4b52bd7891234872e,Miami,Will the lowest temperature in Miami be between 76-77°F on October 1?,101663712393161932021589123336677395329480148348121081459893533136590988866311,No,2026-10-01T02:00:22+00:00,0.685
0x5686e38e8de9cfd1c5aab5cf8b7b050f3d1963a7d1db5fc4b52bd7891234872e,Miami,Will the lowest temperature in Miami be between 76-77°F on October 1?,101663712393161932021589123336677395329480148348121081459893533136590988866311,No,2026-10-01T03:00:37+00:00,0.685
0x5686e38e8de9cfd1c5aab5cf8b7b050f3d1963a7d1db5fc4b52bd7891234872e,Miami,Will the lowest temperature in Miami be between 76-77°F on October 1?,101663712393161932021589123336677395329480148348121081459893533136590988866311,No,2026-10-01T04:00:37+00:00,0.68
0x5686e38e8de9cfd1c5aab5cf8b7b050f3d1963a7d1db5fc4b52bd7891234872e,Miami,Will the lowest temperature in Miami be between 76-77°F on October 1?,101663712393161932021589123336677395329480148348121081459893533136590988866311,No,2026-10-01T05:00:20+00:00,0.71
0x5686e38e8de9cfd1c5aab5cf8b7b050f3d1963a7d1db5fc4b52bd7891234872e,Miami,Will the lowest temperature in Miami be between 76-77°F on October 1?,101663712393161932021589123336677395329480148348121081459893533136590988866311,No,2026-10-01T06:00:24+00:00,0.67
0x5686e38e8de9cfd1c5aab5cf8b7b050f3d1963a7d1db5fc4b52bd7891234872e,Miami,Will the lowest temperature in Miami be between 76-77°F on October 1?,101663712393161932021589123336677395329480148348121081459893533136590988866311,No,2026-10-01T07:00:20+00:00,0.58
0x5686e38e8de9cfd1c5aab5cf8b7b050f3d1963a7d1db5fc4b52bd7891234872e,Miami,Will the lowest temperature in Miami be between 76-77°F on October 1?,101663712393161932021589123336677395329480148348121081459893533136590988866311,No,2026-10-01T08:00:37+00:00,0.635
0x5686e38e8de9cfd1c5aab5cf8b7b050f3d1963a7d1db5fc4b52bd7891234872e,Miami,Will the lowest temperature in Miami be between 76-77°F on October 1?,101663712393161932021589123336677395329480148348121081459893533136590988866311,No,2026-10-01T10:00:22+00:00,0.645
0x5686e38e8de9cfd1c5aab5cf8b7b050f3d1963a7d1db5fc4b52bd7891234872e,Miami,Will the lowest temperature in Miami be between 76-77°F on October 1?,101663712393161932021589123336677395329480148348121081459893533136590988866311,No,2026-10-01T10:09:17+00:00,0.645
0x7d7aae1ff6161aac832b024e322c0eb374230fd8a738c7590395d9227a92ab54,Miami,Will the lowest temperature in Miami be between 78-79°F on October 1?,31733197353062367700283207294911414967490696190653580181837090948717674782261,Yes,2026-10-01T01:00:16+00:00,0.29
0x7d7aae1ff6161aac832b024e322c0eb374230fd8a738c7590395d9227a92ab54,Miami,Will the lowest temperature in Miami be between 78-79°F on October 1?,31733197353062367700283207294911414967490696190653580181837090948717674782261,Yes,2026-10-01T02:00:17+00:00,0.29
0x7d7aae1ff6161aac832b024e322c0eb374230fd8a738c7590395d9227a92ab54,Miami,Will the lowest temperature in Miami be between 78-79°F on October 1?,31733197353062367700283207294911414967490696190653580181837090948717674782261,Yes,2026-10-01T03:00:29+00:00,0.29
0x7d7aae1ff6161aac832b024e322c0eb374230fd8a738c7590395d9227a92ab54,Miami,Will the lowest temperature in Miami be between 78-79°F on October 1?,31733197353062367700283207294911414967490696190653580181837090948717674782261,Yes,2026-10-01T04:00:31+00:00,0.29
0x7d7aae1ff6161aac832b024e322c0eb374230fd8a738c7590395d9227a92ab54,Miami,Will the lowest temperature in Miami be between 78-79°F on October 1?,31733197353062367700283207294911414967490696190653580181837090948717674782261,Yes,2026-10-01T05:00:15+00:00,0.28
0x7d7aae1ff6161aac832b024e322c0eb374230fd8a738c7590395d9227a92ab54,Miami,Will the lowest temperature in Miami be between 78-79°F on October 1?,31733197353062367700283207294911414967490696190653580181837090948717674782261,Yes,2026-10-01T06:00:17+00:00,0.28
0x7d7aae1ff6161aac832b024e322c0eb374230fd8a738c7590395d9227a92ab54,Miami,Will the lowest temperature in Miami be between 78-79°F on October 1?,31733197353062367700283207294911414967490696190653580181837090948717674782261,Yes,2026-10-01T07:00:15+00:00,0.365
0x7d7aae1ff6161aac832b024e322c0eb374230fd8a738c7590395d9227a92ab54,Miami,Will the lowest temperature in Miami be between 78-79°F on October 1?,31733197353062367700283207294911414967490696190653580181837090948717674782261,Yes,2026-10-01T08:00:31+00:00,0.365
0x7d7aae1ff6161aac832b024e322c0eb374230fd8a738c7590395d9227a92ab54,Miami,Will the lowest temperature in Miami be between 78-79°F on October 1?,31733197353062367700283207294911414967490696190653580181837090948717674782261,Yes,2026-10-01T09:00:57+00:00,0.365
0x7d7aae1ff6161aac832b024e322c0eb374230fd8a738c7590395d9227a92ab54,Miami,Will the lowest temperature in Miami be between 78-79°F on October 1?,31733197353062367700283207294911414967490696190653580181837090948717674782261,Yes,2026-10-01T10:00:15+00:00,0.365
0x7d7aae1ff6161aac832b024e322c0eb374230fd8a738c7590395d9227a92ab54,Miami,Will the lowest temperature in Miami be between 78-79°F on October 1?,31733197353062367700283207294911414967490696190653580181837090948717674782261,Yes,2026-10-01T10:09:15+00:00,0.365
0x7d7aae1ff6161aac832b024e322c0eb374230fd8a738c7590395d9227a92ab54,Miami,Will the lowest temperature in Miami be between 78-79°F on October 1?,11323643705610810909585812414434682155240382551511741036336622342845465071948,No,2026-10-01T01:00:19+00:00,0.71
0x7d7aae1ff6161aac832b024e322c0eb374230fd8a738c7590395d9227a92ab54,Miami,Will the lowest temperature in Miami be between 78-79°F on October 1?,11323643705610810909585812414434682155240382551511741036336622342845465071948,No,2026-10-01T02:00:21+00:00,0.71
0x7d7aae1ff6161aac832b024e322c0eb374230fd8a738c7590395d9227a92ab54,Miami,Will the lowest temperature in Miami be between 78-79°F on October 1?,11323643705610810909585812414434682155240382551511741036336622342845465071948,No,2026-10-01T03:00:35+00:00,0.71
0x7d7aae1ff6161aac832b024e322c0eb374230fd8a738c7590395d9227a92ab54,Miami,Will the lowest temperature in Miami be between 78-79°F on October 1?,11323643705610810909585812414434682155240382551511741036336622342845465071948,No,2026-10-01T04:00:36+00:00,0.71
0x7d7aae1ff6161aac832b024e322c0eb374230fd8a738c7590395d9227a92ab54,Miami,Will the lowest temperature in Miami be between 78-79°F on October 1?,11323643705610810909585812414434682155240382551511741036336622342845465071948,No,2026-10-01T05:00:19+00:00,0.72
0x7d7aae1ff6161aac832b024e322c0eb374230fd8a738c7590395d9227a92ab54,Miami,Will the lowest temperature in Miami be between 78-79°F on October 1?,11323643705610810909585812414434682155240382551511741036336622342845465071948,No,2026-10-01T06:00:22+00:00,0.72
0x7d7aae1ff6161aac832b024e322c0eb374230fd8a738c7590395d9227a92ab54,Miami,Will the lowest temperature in Miami be between 78-79°F on October 1?,11323643705610810909585812414434682155240382551511741036336622342845465071948,No,2026-10-01T07:00:19+00:00,0.635
0x7d7aae1ff6161aac832b024e322c0eb374230fd8a738c7590395d9227a92ab54,Miami,Will the lowest temperature in Miami be between 78-79°F on October 1?,11323643705610810909585812414434682155240382551511741036336622342845465071948,No,2026-10-01T08:00:36+00:00,0.635
0x7d7aae1ff6161aac832b024e322c0eb374230fd8a738c7590395d9227a92ab54,Miami,Will the lowest temperature in Miami be between 78-79°F on October 1?,11323643705610810909585812414434682155240382551511741036336622342845465071948,No,2026-10-01T10:00:21+00:00,0.635
0x7d7aae1ff6161aac832b024e322c0eb374230fd8a738c7590395d9227a92ab54,Miami,Will the lowest temperature in Miami be between 78-79°F on October 1?,11323643705610810909585812414434682155240382551511741036336622342845465071948,No,2026-10-01T10:09:17+00:00,0.635
0xe3b274a3375f1215e9f962a7263b929c9e21d222c3741e15b90899a6541a0d45,Miami,Will the lowest temperature in Miami be between 80-81°F on October 1?,48053993797819995118507166350111326981563885587596767657989266274501972649259,Yes,2026-10-01T01:00:21+00:00,0.265
0xe3b274a3375f1215e9f962a7263b929c9e21d222c3741e15b90899a6541a0d45,Miami,Will the lowest temperature in Miami be between 80-81°F on October 1?,48053993797819995118507166350111326981563885587596767657989266274501972649259,Yes,2026-10-01T02:00:22+00:00,0.255
0xe3b274a3375f1215e9f962a7263b929c9e21d222c3741e15b90899a6541a0d45,Miami,Will the lowest temperature in Miami be between 80-81°F on October 1?,48053993797819995118507166350111326981563885587596767657989266274501972649259,Yes,2026-10-01T03:00:37+00:00,0.265
0xe3b274a3375f1215e9f962a7263b929c9e21d222c3741e15b90899a6541a0d45,Miami,Will the lowest temperature in Miami be between 80-81°F on October 1?,48053993797819995118507166350111326981563885587596767657989266274501972649259,Yes,2026-10-01T04:00:37+00:00,0.265
0xe3b274a3375f1215e9f962a7263b929c9e21d222c3741e15b90899a6541a0d45,Miami,Will the lowest temperature in Miami be between 80-81°F on October 1?,48053993797819995118507166350111326981563885587596767657989266274501972649259,Yes,2026-10-01T05:00:20+00:00,0.265
0xe3b274a3375f1215e9f962a7263b929c9e21d222c3741e15b90899a6541a0d45,Miami,Will the lowest temperature in Miami be between 80-81°F on October 1?,48053993797819995118507166350111326981563885587596767657989266274501972649259,Yes,2026-10-01T06:00:25+00:00,0.265
0xe3b274a3375f1215e9f962a7263b929c9e21d222c3741e15b90899a6541a0d45,Miami,Will the lowest temperature in Miami be between 80-81°F on October 1?,48053993797819995118507166350111326981563885587596767657989266274501972649259,Yes,2026-10-01T07:00:20+00:00,0.37
0xe3b274a3375f1215e9f962a7263b929c9e21d222c3741e15b90899a6541a0d45,Miami,Will the lowest temperature in Miami be between 80-81°F on October 1?,48053993797819995118507166350111326981563885587596767657989266274501972649259,Yes,2026-10-01T08:00:38+00:00,0.365
0xe3b274a3375f1215e9f962a7263b929c9e21d222c3741e15b90899a6541a0d45,Miami,Will the lowest temperature in Miami be between 80-81°F on October 1?,48053993797819995118507166350111326981563885587596767657989266274501972649259,Yes,2026-10-01T10:00:22+00:00,0.265
0xe3b274a3375f1215e9f962a7263b929c9e21d222c3741e15b90899a6541a0d45,Miami,Will the lowest temperature in Miami be between 80-81°F on October 1?,48053993797819995118507166350111326981563885587596767657989266274501972649259,Yes,2026-10-01T10:09:18+00:00,0.265
0xe3b274a3375f1215e9f962a7263b929c9e21d222c3741e15b90899a6541a0d45,Miami,Will the lowest temperature in Miami be between 80-81°F on October 1?,9033713991758035979105132347527425153869210902704800348007909806709680298884,No,2026-10-01T01:00:21+00:00,0.735
0xe3b274a3375f1215e9f962a7263b929c9e21d222c3741e15b90899a6541a0d45,Miami,Will the lowest temperature in Miami be between 80-81°F on October 1?,9033713991758035979105132347527425153869210902704800348007909806709680298884,No,2026-10-01T02:00:22+00:00,0.745
0xe3b274a3375f1215e9f962a7263b929c9e21d222c3741e15b90899a6541a0d45,Miami,Will the lowest temperature in Miami be between 80-81°F on October 1?,9033713991758035979105132347527425153869210902704800348007909806709680298884,No,2026-10-01T03:00:37+00:00,0.735
0xe3b274a3375f1215e9f962a7263b929c9e21d222c3741e15b90899a6541a0d45,Miami,Will the lowest temperature in Miami be between 80-81°F on October 1?,9033713991758035979105132347527425153869210902704800348007909806709680298884,No,2026-10-01T04:00:37+00:00,0.735
0xe3b274a3375f1215e9f962a7263b929c9e21d222c3741e15b90899a6541a0d45,Miami,Will the lowest temperature in Miami be between 80-81°F on October 1?,9033713991758035979105132347527425153869210902704800348007909806709680298884,No,2026-10-01T05:00:21+00:00,0.735
0xe3b274a3375f1215e9f962a7263b929c9e21d222c3741e15b90899a6541a0d45,Miami,Will the lowest temperature in Miami be between 80-81°F on October 1?,9033713991758035979105132347527425153869210902704800348007909806709680298884,No,2026-10-01T06:00:25+00:00,0.735
0xe3b274a3375f1215e9f962a7263b929c9e21d222c3741e15b90899a6541a0d45,Miami,Will the lowest temperature in Miami be between 80-81°F on October 1?,9033713991758035979105132347527425153869210902704800348007909806709680298884,No,2026-10-01T07:00:20+00:00,0.63
0xe3b274a3375f1215e9f962a7263b929c9e21d222c3741e15b90899a6541a0d45,Miami,Will the lowest temperature in Miami be between 80-81°F on October 1?,9033713991758035979105132347527425153869210902704800348007909806709680298884,No,2026-10-01T08:00:38+00:00,0.635
0xe3b274a3375f1215e9f962a7263b929c9e21d222c3741e15b90899a6541a0d45,Miami,Will the lowest temperature in Miami be between 80-81°F on October 1?,9033713991758035979105132347527425153869210902704800348007909806709680298884,No,2026-10-01T10:00:23+00:00,0.735
0xe3b274a3375f1215e9f962a7263b929c9e21d222c3741e15b90899a6541a0d45,Miami,Will the lowest temperature in Miami be between 80-81°F on October 1?,9033713991758035979105132347527425153869210902704800348007909806709680298884,No,2026-10-01T10:09:18+00:00,0.735
0x795a21c364d5c6cbaa7ece905f257bec1a473ca029ef9b9012582bfc479b8186,Miami,Will the lowest temperature in Miami be between 82-83°F on October 1?,35225567486307701259528259573472129845525927256323764457360142534076046991124,Yes,2026-10-01T01:00:21+00:00,0.25
0x795a21c364d5c6cbaa7ece905f257bec1a473ca029ef9b9012582bfc479b8186,Miami,Will the lowest temperature in Miami be between 82-83°F on October 1?,35225567486307701259528259573472129845525927256323764457360142534076046991124,Yes,2026-10-01T02:00:23+00:00,0.25
0x795a21c364d5c6cbaa7ece905f257bec1a473ca029ef9b9012582bfc479b8186,Miami,Will the lowest temperature in Miami be between 82-83°F on October 1?,35225567486307701259528259573472129845525927256323764457360142534076046991124,Yes,2026-10-01T03:00:39+00:00,0.25
0x795a21c364d5c6cbaa7ece905f257bec1a473ca029ef9b9012582bfc479b8186,Miami,Will the lowest temperature in Miami be between 82-83°F on October 1?,35225567486307701259528259573472129845525927256323764457360142534076046991124,Yes,2026-10-01T04:00:38+00:00,0.25
0x795a21c364d5c6cbaa7ece905f257bec1a473ca029ef9b9012582bfc479b8186,Miami,Will the lowest temperature in Miami be between 82-83°F on October 1?,35225567486307701259528259573472129845525927256323764457360142534076046991124,Yes,2026-10-01T05:00:21+00:00,0.0005
0x795a21c364d5c6cbaa7ece905f257bec1a473ca029ef9b9012582bfc479b8186,Miami,Will the lowest temperature in Miami be between 82-83°F on October 1?,35225567486307701259528259573472129845525927256323764457360142534076046991124,Yes,2026-10-01T06:00:26+00:00,0.0005
0x795a21c364d5c6cbaa7ece905f257bec1a473ca029ef9b9012582bfc479b8186,Miami,Will the lowest temperature in Miami be between 82-83°F on October 1?,35225567486307701259528259573472129845525927256323764457360142534076046991124,Yes,2026-10-01T07:00:21+00:00,0.0005
0x795a21c364d5c6cbaa7ece905f257bec1a473ca029ef9b9012582bfc479b8186,Miami,Will the lowest temperature in Miami be between 82-83°F on October 1?,35225567486307701259528259573472129845525927256323764457360142534076046991124,Yes,2026-10-01T08:00:39+00:00,0.0005
0x795a21c364d5c6cbaa7ece905f257bec1a473ca029ef9b9012582bfc479b8186,Miami,Will the lowest temperature in Miami be between 82-83°F on October 1?,35225567486307701259528259573472129845525927256323764457360142534076046991124,Yes,2026-10-01T10:00:24+00:00,0.0005
0x795a21c364d5c6cbaa7ece905f257bec1a473ca029ef9b9012582bfc479b8186,Miami,Will the lowest temperature in Miami be between 82-83°F on October 1?,35225567486307701259528259573472129845525927256323764457360142534076046991124,Yes,2026-10-01T10:09:18+00:00,0.0005
0x795a21c364d5c6cbaa7ece905f257bec1a473ca029ef9b9012582bfc479b8186,Miami,Will the lowest temperature in Miami be between 82-83°F on October 1?,111685442722987301581925837091728578769694161209430611163385821524064975447464,No,2026-10-01T01:00:20+00:00,0.75
0x795a21c364d5c6cbaa7ece905f257bec1a473ca029ef9b9012582bfc479b8186,Miami,Will the lowest temperature in Miami be between 82-83°F on October 1?,111685442722987301581925837091728578769694161209430611163385821524064975447464,No,2026-10-01T02:00:22+00:00,0.75
0x795a21c364d5c6cbaa7ece905f257bec1a473ca029ef9b9012582bfc479b8186,Miami,Will the lowest temperature in Miami be between 82-83°F on October 1?,111685442722987301581925837091728578769694161209430611163385821524064975447464,No,2026-10-01T03:00:37+00:00,0.75
0x795a21c364d5c6cbaa7ece905f257bec1a473ca029ef9b9012582bfc479b8186,Miami,Will the lowest temperature in Miami be between 82-83°F on October 1?,111685442722987301581925837091728578769694161209430611163385821524064975447464,No,2026-10-01T04:00:37+00:00,0.75
0x795a21c364d5c6cbaa7ece905f257bec1a473ca029ef9b9012582bfc479b8186,Miami,Will the lowest temperature in Miami be between 82-83°F on October 1?,111685442722987301581925837091728578769694161209430611163385821524064975447464,No,2026-10-01T05:00:20+00:00,0.9995
0x795a21c364d5c6cbaa7ece905f257bec1a473ca029ef9b9012582bfc479b8186,Miami,Will the lowest temperature in Miami be between 82-83°F on October 1?,111685442722987301581925837091728578769694161209430611163385821524064975447464,No,2026-10-01T06:00:24+00:00,0.9995
0x795a21c364d5c6cbaa7ece905f257bec1a473ca029ef9b9012582bfc479b8186,Miami,Will the lowest temperature in Miami be between 82-83°F on October 1?,111685442722987301581925837091728578769694161209430611163385821524064975447464,No,2026-10-01T07:00:20+00:00,0.9995
0x795a21c364d5c6cbaa7ece905f257bec1a473ca029ef9b9012582bfc479b8186,Miami,Will the lowest temperature in Miami be between 82-83°F on October 1?,111685442722987301581925837091728578769694161209430611163385821524064975447464,No,2026-10-01T08:00:37+00:00,0.9995
0x795a21c364d5c6cbaa7ece905f257bec1a473ca029ef9b9012582bfc479b8186,Miami,Will the lowest temperature in Miami be between 82-83°F on October 1?,111685442722987301581925837091728578769694161209430611163385821524064975447464,No,2026-10-01T10:00:22+00:00,0.9995
0x795a21c364d5c6cbaa7ece905f257bec1a473ca029ef9b9012582bfc479b8186,Miami,Will the lowest temperature in Miami be between 82-83°F on October 1?,111685442722987301581925837091728578769694161209430611163385821524064975447464,No,2026-10-01T10:09:17+00:00,0.9995
0xe9931d829e153af8d8a5c2ba3118fea683252fcebc44fcda01b7ddcf7291eaed,Miami,Will the lowest temperature in Miami be between 84-85°F on October 1?,103424703808291164908356400658431782275242539700993784653899737844905344682560,Yes,2026-10-01T01:00:19+00:00,0.015
0xe9931d829e153af8d8a5c2ba3118fea683252fcebc44fcda01b7ddcf7291eaed,Miami,Will the lowest temperature in Miami be between 84-85°F on October 1?,103424703808291164908356400658431782275242539700993784653899737844905344682560,Yes,2026-10-01T02:00:21+00:00,0.015
0xe9931d829e153af8d8a5c2ba3118fea683252fcebc44fcda01b7ddcf7291eaed,Miami,Will the lowest temperature in Miami be between 84-85°F on October 1?,103424703808291164908356400658431782275242539700993784653899737844905344682560,Yes,2026-10-01T03:00:35+00:00,0.015
0xe9931d829e153af8d8a5c2ba3118fea683252fcebc44fcda01b7ddcf7291eaed,Miami,Will the lowest temperature in Miami be between 84-85°F on October 1?,103424703808291164908356400658431782275242539700993784653899737844905344682560,Yes,2026-10-01T04:00:35+00:00,0.0145
0xe9931d829e153af8d8a5c2ba3118fea683252fcebc44fcda01b7ddcf7291eaed,Miami,Will the lowest temperature in Miami be between 84-85°F on October 1?,103424703808291164908356400658431782275242539700993784653899737844905344682560,Yes,2026-10-01T05:00:19+00:00,0.0005
0xe9931d829e153af8d8a5c2ba3118fea683252fcebc44fcda01b7ddcf7291eaed,Miami,Will the lowest temperature in Miami be between 84-85°F on October 1?,103424703808291164908356400658431782275242539700993784653899737844905344682560,Yes,2026-10-01T06:00:22+00:00,0.0005
0xe9931d829e153af8d8a5c2ba3118fea683252fcebc44fcda01b7ddcf7291eaed,Miami,Will the lowest temperature in Miami be between 84-85°F on October 1?,103424703808291164908356400658431782275242539700993784653899737844905344682560,Yes,2026-10-01T07:00:19+00:00,0.0005
0xe9931d829e153af8d8a5c2ba3118fea683252fcebc44fcda01b7ddcf7291eaed,Miami,Will the lowest temperature in Miami be between 84-85°F on October 1?,103424703808291164908356400658431782275242539700993784653899737844905344682560,Yes,2026-10-01T08:00:36+00:00,0.0005
0xe9931d829e153af8d8a5c2ba3118fea683252fcebc44fcda01b7ddcf7291eaed,Miami,Will the lowest temperature in Miami be between 84-85°F on October 1?,103424703808291164908356400658431782275242539700993784653899737844905344682560,Yes,2026-10-01T10:00:20+00:00,0.0005
0xe9931d829e153af8d8a5c2ba3118fea683252fcebc44fcda01b7ddcf7291eaed,Miami,Will the lowest temperature in Miami be between 84-85°F on October 1?,103424703808291164908356400658431782275242539700993784653899737844905344682560,Yes,2026-10-01T10:09:17+00:00,0.0005
0xe9931d829e153af8d8a5c2ba3118fea683252fcebc44fcda01b7ddcf7291eaed,Miami,Will the lowest temperature in Miami be between 84-85°F on October 1?,70101771739230265258439258040272698002727942802466138152534102670567894739041,No,2026-10-01T01:00:16+00:00,0.985
0xe9931d829e153af8d8a5c2ba3118fea683252fcebc44fcda01b7ddcf7291eaed,Miami,Will the lowest temperature in Miami be between 84-85°F on October 1?,70101771739230265258439258040272698002727942802466138152534102670567894739041,No,2026-10-01T02:00:18+00:00,0.985
0xe9931d829e153af8d8a5c2ba3118fea683252fcebc44fcda01b7ddcf7291eaed,Miami,Will the lowest temperature in Miami be between 84-85°F on October 1?,70101771739230265258439258040272698002727942802466138152534102670567894739041,No,2026-10-01T03:00:30+00:00,0.985
0xe9931d829e153af8d8a5c2ba3118fea683252fcebc44fcda01b7ddcf7291eaed,Miami,Will the lowest temperature in Miami be between 84-85°F on October 1?,70101771739230265258439258040272698002727942802466138152534102670567894739041,No,2026-10-01T04:00:32+00:00,0.9855
0xe9931d829e153af8d8a5c2ba3118fea683252fcebc44fcda01b7ddcf7291eaed,Miami,Will the lowest temperature in Miami be between 84-85°F on October 1?,70101771739230265258439258040272698002727942802466138152534102670567894739041,No,2026-10-01T05:00:16+00:00,0.9995
0xe9931d829e153af8d8a5c2ba3118fea683252fcebc44fcda01b7ddcf7291eaed,Miami,Will the lowest temperature in Miami be between 84-85°F on October 1?,70101771739230265258439258040272698002727942802466138152534102670567894739041,No,2026-10-01T06:00:17+00:00,0.9995
0xe9931d829e153af8d8a5c2ba3118fea683252fcebc44fcda01b7ddcf7291eaed,Miami,Will the lowest temperature in Miami be between 84-85°F on October 1?,70101771739230265258439258040272698002727942802466138152534102670567894739041,No,2026-10-01T07:00:16+00:00,0.9995
0xe9931d829e153af8d8a5c2ba3118fea683252fcebc44fcda01b7ddcf7291eaed,Miami,Will the lowest temperature in Miami be between 84-85°F on October 1?,70101771739230265258439258040272698002727942802466138152534102670567894739041,No,2026-10-01T08:00:32+00:00,0.9995
0xe9931d829e153af8d8a5c2ba3118fea683252fcebc44fcda01b7ddcf7291eaed,Miami,Will the lowest temperature in Miami be between 84-85°F on October 1?,70101771739230265258439258040272698002727942802466138152534102670567894739041,No,2026-10-01T09:00:57+00:00,0.9995
0xe9931d829e153af8d8a5c2ba3118fea683252fcebc44fcda01b7ddcf7291eaed,Miami,Will the lowest temperature in Miami be between 84-85°F on October 1?,70101771739230265258439258040272698002727942802466138152534102670567894739041,No,2026-10-01T10:00:16+00:00,0.9995
0xe9931d829e153af8d8a5c2ba3118fea683252fcebc44fcda01b7ddcf7291eaed,Miami,Will the lowest temperature in Miami be between 84-85°F on October 1?,70101771739230265258439258040272698002727942802466138152534102670567894739041,No,2026-10-01T10:09:15+00:00,0.9995
0xb988740e1b5dd683d7f96686572c013857c269f3f856df3c0413668b72f41dbc,Miami,Will the lowest temperature in Miami be between 86-87°F on October 1?,94050727374104922169324806308550977197434521317526878537165059407389906018335,Yes,2026-10-01T01:00:17+00:00,0.0025
0xb988740e1b5dd683d7f96686572c013857c269f3f856df3c0413668b72f41dbc,Miami,Will the lowest temperature in Miami be between 86-87°F on October 1?,94050727374104922169324806308550977197434521317526878537165059407389906018335,Yes,2026-10-01T02:00:18+00:00,0.0025
0xb988740e1b5dd683d7f96686572c013857c269f3f856df3c0413668b72f41dbc,Miami,Will the lowest temperature in Miami be between 86-87°F on October 1?,94050727374104922169324806308550977197434521317526878537165059407389906018335,Yes,2026-10-01T03:00:30+00:00,0.0025
0xb988740e1b5dd683d7f96686572c013857c269f3f856df3c0413668b72f41dbc,Miami,Will the lowest temperature in Miami be between 86-87°F on October 1?,94050727374104922169324806308550977197434521317526878537165059407389906018335,Yes,2026-10-01T04:00:32+00:00,0.0025
0xb988740e1b5dd683d7f96686572c013857c269f3f856df3c0413668b72f41dbc,Miami,Will the lowest temperature in Miami be between 86-87°F on October 1?,94050727374104922169324806308550977197434521317526878537165059407389906018335,Yes,2026-10-01T05:00:16+00:00,0.0005
0xb988740e1b5dd683d7f96686572c013857c269f3f856df3c0413668b72f41dbc,Miami,Will the lowest temperature in Miami be between 86-87°F on October 1?,94050727374104922169324806308550977197434521317526878537165059407389906018335,Yes,2026-10-01T06:00:18+00:00,0.0005
0xb988740e1b5dd683d7f96686572c013857c269f3f856df3c0413668b72f41dbc,Miami,Will the lowest temperature in Miami be between 86-87°F on October 1?,94050727374104922169324806308550977197434521317526878537165059407389906018335,Yes,2026-10-01T07:00:16+00:00,0.0005
0xb988740e1b5dd683d7f96686572c013857c269f3f856df3c0413668b72f41dbc,Miami,Will the lowest temperature in Miami be between 86-87°F on October 1?,94050727374104922169324806308550977197434521317526878537165059407389906018335,Yes,2026-10-01T08:00:32+00:00,0.0005
0xb988740e1b5dd683d7f96686572c013857c269f3f856df3c0413668b72f41dbc,Miami,Will the lowest temperature in Miami be between 86-87°F on October 1?,94050727374104922169324806308550977197434521317526878537165059407389906018335,Yes,2026-10-01T09:00:58+00:00,0.0005
0xb988740e1b5dd683d7f96686572c013857c269f3f856df3c0413668b72f41dbc,Miami,Will the lowest temperature in Miami be between 86-87°F on October 1?,94050727374104922169324806308550977197434521317526878537165059407389906018335,Yes,2026-10-01T10:00:17+00:00,0.0005
0xb988740e1b5dd683d7f96686572c013857c269f3f856df3c0413668b72f41dbc,Miami,Will the lowest temperature in Miami be between 86-87°F on October 1?,94050727374104922169324806308550977197434521317526878537165059407389906018335,Yes,2026-10-01T10:09:15+00:00,0.0005
0xb988740e1b5dd683d7f96686572c013857c269f3f856df3c0413668b72f41dbc,Miami,Will the lowest temperature in Miami be between 86-87°F on October 1?,72182388328809025887652506691566706852657576187871777486814960905986167661782,No,2026-10-01T01:00:21+00:00,0.9975
0xb988740e1b5dd683d7f96686572c013857c269f3f856df3c0413668b72f41dbc,Miami,Will the lowest temperature in Miami be between 86-87°F on October 1?,72182388328809025887652506691566706852657576187871777486814960905986167661782,No,2026-10-01T02:00:23+00:00,0.9975
0xb988740e1b5dd683d7f96686572c013857c269f3f856df3c0413668b72f41dbc,Miami,Will the lowest temperature in Miami be between 86-87°F on October 1?,72182388328809025887652506691566706852657576187871777486814960905986167661782,No,2026-10-01T03:00:38+00:00,0.9975
0xb988740e1b5dd683d7f96686572c013857c269f3f856df3c0413668b72f41dbc,Miami,Will the lowest temperature in Miami be between 86-87°F on October 1?,72182388328809025887652506691566706852657576187871777486814960905986167661782,No,2026-10-01T04:00:38+00:00,0.9975
0xb988740e1b5dd683d7f96686572c013857c269f3f856df3c0413668b72f41dbc,Miami,Will the lowest temperature in Miami be between 86-87°F on October 1?,72182388328809025887652506691566706852657576187871777486814960905986167661782,No,2026-10-01T05:00:21+00:00,0.9995
0xb988740e1b5dd683d7f96686572c013857c269f3f856df3c0413668b72f41dbc,Miami,Will the lowest temperature in Miami be between 86-87°F on October 1?,72182388328809025887652506691566706852657576187871777486814960905986167661782,No,2026-10-01T06:00:26+00:00,0.9995
0xb988740e1b5dd683d7f96686572c013857c269f3f856df3c0413668b72f41dbc,Miami,Will the lowest temperature in Miami be between 86-87°F on October 1?,72182388328809025887652506691566706852657576187871777486814960905986167661782,No,2026-10-01T07:00:21+00:00,0.9995
0xb988740e1b5dd683d7f96686572c013857c269f3f856df3c0413668b72f41dbc,Miami,Will the lowest temperature in Miami be between 86-87°F on October 1?,72182388328809025887652506691566706852657576187871777486814960905986167661782,No,2026-10-01T08:00:39+00:00,0.9995
0xb988740e1b5dd683d7f96686572c013857c269f3f856df3c0413668b72f41dbc,Miami,Will the lowest temperature in Miami be between 86-87°F on October 1?,72182388328809025887652506691566706852657576187871777486814960905986167661782,No,2026-10-01T10:00:24+00:00,0.9995
0xb988740e1b5dd683d7f96686572c013857c269f3f856df3c0413668b72f41dbc,Miami,Will the lowest temperature in Miami be between 86-87°F on October 1?,72182388328809025887652506691566706852657576187871777486814960905986167661782,No,2026-10-01T10:09:18+00:00,0.9995
0xedaf5ba290ed7849bfec74b9099fb37ab7feceadece6f8e5d8c65c344c6f34cf,Miami,Will the lowest temperature in Miami be 88°F or higher on October 1?,16062112699455775978253818876652353938963344414301683378751700368648778694321,Yes,2026-10-01T01:00:20+00:00,0.0025
0xedaf5ba290ed7849bfec74b9099fb37ab7feceadece6f8e5d8c65c344c6f34cf,Miami,Will the lowest temperature in Miami be 88°F or higher on October 1?,16062112699455775978253818876652353938963344414301683378751700368648778694321,Yes,2026-10-01T02:00:22+00:00,0.0025
0xedaf5ba290ed7849bfec74b9099fb37ab7feceadece6f8e5d8c65c344c6f34cf,Miami,Will the lowest temperature in Miami be 88°F or higher on October 1?,16062112699455775978253818876652353938963344414301683378751700368648778694321,Yes,2026-10-01T03:00:36+00:00,0.0025
0xedaf5ba290ed7849bfec74b9099fb37ab7feceadece6f8e5d8c65c344c6f34cf,Miami,Will the lowest temperature in Miami be 88°F or higher on October 1?,16062112699455775978253818876652353938963344414301683378751700368648778694321,Yes,2026-10-01T04:00:37+00:00,0.0025
0xedaf5ba290ed7849bfec74b9099fb37ab7feceadece6f8e5d8c65c344c6f34cf,Miami,Will the lowest temperature in Miami be 88°F or higher on October 1?,16062112699455775978253818876652353938963344414301683378751700368648778694321,Yes,2026-10-01T05:00:20+00:00,0.0005
0xedaf5ba290ed7849bfec74b9099fb37ab7feceadece6f8e5d8c65c344c6f34cf,Miami,Will the lowest temperature in Miami be 88°F or higher on October 1?,16062112699455775978253818876652353938963344414301683378751700368648778694321,Yes,2026-10-01T06:00:24+00:00,0.0005
0xedaf5ba290ed7849bfec74b9099fb37ab7feceadece6f8e5d8c65c344c6f34cf,Miami,Will the lowest temperature in Miami be 88°F or higher on October 1?,16062112699455775978253818876652353938963344414301683378751700368648778694321,Yes,2026-10-01T07:00:20+00:00,0.0005
0xedaf5ba290ed7849bfec74b9099fb37ab7feceadece6f8e5d8c65c344c6f34cf,Miami,Will the lowest temperature in Miami be 88°F or higher on October 1?,16062112699455775978253818876652353938963344414301683378751700368648778694321,Yes,2026-10-01T08:00:37+00:00,0.0005
0xedaf5ba290ed7849bfec74b9099fb37ab7feceadece6f8e5d8c65c344c6f34cf,Miami,Will the lowest temperature in Miami be 88°F or higher on October 1?,16062112699455775978253818876652353938963344414301683378751700368648778694321,Yes,2026-10-01T10:00:22+00:00,0.0005
0xedaf5ba290ed7849bfec74b9099fb37ab7feceadece6f8e5d8c65c344c6f34cf,Miami,Will the lowest temperature in Miami be 88°F or higher on October 1?,16062112699455775978253818876652353938963344414301683378751700368648778694321,Yes,2026-10-01T10:09:17+00:00,0.0005
0xedaf5ba290ed7849bfec74b9099fb37ab7feceadece6f8e5d8c65c344c6f34cf,Miami,Will the lowest temperature in Miami be 88°F or higher on October 1?,109482770967580068885794942533491611892886141228703845871812643364365282757638,No,2026-10-01T01:00:16+00:00,0.9975
0xedaf5ba290ed7849bfec74b9099fb37ab7feceadece6f8e5d8c65c344c6f34cf,Miami,Will the lowest temperature in Miami be 88°F or higher on October 1?,109482770967580068885794942533491611892886141228703845871812643364365282757638,No,2026-10-01T02:00:17+00:00,0.9975
0xedaf5ba290ed7849bfec74b9099fb37ab7feceadece6f8e5d8c65c344c6f34cf,Miami,Will the lowest temperature in Miami be 88°F or higher on October 1?,109482770967580068885794942533491611892886141228703845871812643364365282757638,No,2026-10-01T03:00:30+00:00,0.9975
0xedaf5ba290ed7849bfec74b9099fb37ab7feceadece6f8e5d8c65c344c6f34cf,Miami,Will the lowest temperature in Miami be 88°F or higher on October 1?,109482770967580068885794942533491611892886141228703845871812643364365282757638,No,2026-10-01T04:00:32+00:00,0.9975
0xedaf5ba290ed7849bfec74b9099fb37ab7feceadece6f8e5d8c65c344c6f34cf,Miami,Will the lowest temperature in Miami be 88°F or higher on October 1?,109482770967580068885794942533491611892886141228703845871812643364365282757638,No,2026-10-01T05:00:16+00:00,0.9995
0xedaf5ba290ed7849bfec74b9099fb37ab7feceadece6f8e5d8c65c344c6f34cf,Miami,Will the lowest temperature in Miami be 88°F or higher on October 1?,109482770967580068885794942533491611892886141228703845871812643364365282757638,No,2026-10-01T06:00:17+00:00,0.9995
0xedaf5ba290ed7849bfec74b9099fb37ab7feceadece6f8e5d8c65c344c6f34cf,Miami,Will the lowest temperature in Miami be 88°F or higher on October 1?,109482770967580068885794942533491611892886141228703845871812643364365282757638,No,2026-10-01T07:00:16+00:00,0.9995
0xedaf5ba290ed7849bfec74b9099fb37ab7feceadece6f8e5d8c65c344c6f34cf,Miami,Will the lowest temperature in Miami be 88°F or higher on October 1?,109482770967580068885794942533491611892886141228703845871812643364365282757638,No,2026-10-01T08:00:32+00:00,0.9995
0xedaf5ba290ed7849bfec74b9099fb37ab7feceadece6f8e5d8c65c344c6f34cf,Miami,Will the lowest temperature in Miami be 88°F or higher on October 1?,109482770967580068885794942533491611892886141228703845871812643364365282757638,No,2026-10-01T09:00:57+00:00,0.9995
0xedaf5ba290ed7849bfec74b9099fb37ab7feceadece6f8e5d8c65c344c6f34cf,Miami,Will the lowest temperature in Miami be 88°F or higher on October 1?,109482770967580068885794942533491611892886141228703845871812643364365282757638,No,2026-10-01T10:00:16+00:00,0.9995
0xedaf5ba290ed7849bfec74b9099fb37ab7feceadece6f8e5d8c65c344c6f34cf,Miami,Will the lowest temperature in Miami be 88°F or higher on October 1?,109482770967580068885794942533491611892886141228703845871812643364365282757638,No,2026-10-01T10:10:16+00:00,0.9995
0x4c83e730116f1b97f4ac3d6ea16dcf09bd75c8fcbd1bd1b93e9cd2fee99e7760,Miami,Will the highest temperature in Miami be 75°F or below on October 1?,3320974225046718258143861912251925688675968163187952717392391387612970060168,Yes,2026-10-01T01:00:16+00:00,0.001
0x4c83e730116f1b97f4ac3d6ea16dcf09bd75c8fcbd1bd1b93e9cd2fee99e7760,Miami,Will the highest temperature in Miami be 75°F or below on October 1?,3320974225046718258143861912251925688675968163187952717392391387612970060168,Yes,2026-10-01T02:00:17+00:00,0.001
0x4c83e730116f1b97f4ac3d6ea16dcf09bd75c8fcbd1bd1b93e9cd2fee99e7760,Miami,Will the highest temperature in Miami be 75°F or below on October 1?,3320974225046718258143861912251925688675968163187952717392391387612970060168,Yes,2026-10-01T03:00:30+00:00,0.001
0x4c83e730116f1b97f4ac3d6ea16dcf09bd75c8fcbd1bd1b93e9cd2fee99e7760,Miami,Will the highest temperature in Miami be 75°F or below on October 1?,3320974225046718258143861912251925688675968163187952717392391387612970060168,Yes,2026-10-01T04:00:32+00:00,0.0005
0x4c83e730116f1b97f4ac3d6ea16dcf09bd75c8fcbd1bd1b93e9cd2fee99e7760,Miami,Will the highest temperature in Miami be 75°F or below on October 1?,3320974225046718258143861912251925688675968163187952717392391387612970060168,Yes,2026-10-01T05:00:16+00:00,0.0005
0x4c83e730116f1b97f4ac3d6ea16dcf09bd75c8fcbd1bd1b93e9cd2fee99e7760,Miami,Will the highest temperature in Miami be 75°F or below on October 1?,3320974225046718258143861912251925688675968163187952717392391387612970060168,Yes,2026-10-01T06:00:17+00:00,0.0005
0x4c83e730116f1b97f4ac3d6ea16dcf09bd75c8fcbd1bd1b93e9cd2fee99e7760,Miami,Will the highest temperature in Miami be 75°F or below on October 1?,3320974225046718258143861912251925688675968163187952717392391387612970060168,Yes,2026-10-01T07:00:16+00:00,0.0005
0x4c83e730116f1b97f4ac3d6ea16dcf09bd75c8fcbd1bd1b93e9cd2fee99e7760,Miami,Will the highest temperature in Miami be 75°F or below on October 1?,3320974225046718258143861912251925688675968163187952717392391387612970060168,Yes,2026-10-01T08:00:32+00:00,0.0005
0x4c83e730116f1b97f4ac3d6ea16dcf09bd75c8fcbd1bd1b93e9cd2fee99e7760,Miami,Will the highest temperature in Miami be 75°F or below on October 1?,3320974225046718258143861912251925688675968163187952717392391387612970060168,Yes,2026-10-01T09:00:57+00:00,0.0005
0x4c83e730116f1b97f4ac3d6ea16dcf09bd75c8fcbd1bd1b93e9cd2fee99e7760,Miami,Will the highest temperature in Miami be 75°F or below on October 1?,3320974225046718258143861912251925688675968163187952717392391387612970060168,Yes,2026-10-01T10:00:16+00:00,0.0005
0x4c83e730116f1b97f4ac3d6ea16dcf09bd75c8fcbd1bd1b93e9cd2fee99e7760,Miami,Will the highest temperature in Miami be 75°F or below on October 1?,3320974225046718258143861912251925688675968163187952717392391387612970060168,Yes,2026-10-01T10:10:16+00:00,0.0005
0x4c83e730116f1b97f4ac3d6ea16dcf09bd75c8fcbd1bd1b93e9cd2fee99e7760,Miami,Will the highest temperature in Miami be 75°F or below on October 1?,89875899196698018953113359176902239732302225829755230783387987160328170901659,No,2026-10-01T01:00:16+00:00,0.999
0x4c83e730116f1b97f4ac3d6ea16dcf09bd75c8fcbd1bd1b93e9cd2fee99e7760,Miami,Will the highest temperature in Miami be 75°F or below on October 1?,89875899196698018953113359176902239732302225829755230783387987160328170901659,No,2026-10-01T02:00:17+00:00,0.999
0x4c83e730116f1b97f4ac3d6ea16dcf09bd75c8fcbd1bd1b93e9cd2fee99e7760,Miami,Will the highest temperature in Miami be 75°F or below on October 1?,89875899196698018953113359176902239732302225829755230783387987160328170901659,No,2026-10-01T03:00:29+00:00,0.999
0x4c83e730116f1b97f4ac3d6ea16dcf09bd75c8fcbd1bd1b93e9cd2fee99e7760,Miami,Will the highest temperature in Miami be 75°F or below on October 1?,89875899196698018953113359176902239732302225829755230783387987160328170901659,No,2026-10-01T04:00:31+00:00,0.9995
0x4c83e730116f1b97f4ac3d6ea16dcf09bd75c8fcbd1bd1b93e9cd2fee99e7760,Miami,Will the highest temperature in Miami be 75°F or below on October 1?,89875899196698018953113359176902239732302225829755230783387987160328170901659,No,2026-10-01T05:00:15+00:00,0.9995
0x4c83e730116f1b97f4ac3d6ea16dcf09bd75c8fcbd1bd1b93e9cd2fee99e7760,Miami,Will the highest temperature in Miami be 75°F or below on October 1?,89875899196698018953113359176902239732302225829755230783387987160328170901659,No,2026-10-01T06:00:17+00:00,0.9995
0x4c83e730116f1b97f4ac3d6ea16dcf09bd75c8fcbd1bd1b93e9cd2fee99e7760,Miami,Will the highest temperature in Miami be 75°F or below on October 1?,89875899196698018953113359176902239732302225829755230783387987160328170901659,No,2026-10-01T07:00:15+00:00,0.9995
0x4c83e730116f1b97f4ac3d6ea16dcf09bd75c8fcbd1bd1b93e9cd2fee99e7760,Miami,Will the highest temperature in Miami be 75°F or below on October 1?,89875899196698018953113359176902239732302225829755230783387987160328170901659,No,2026-10-01T08:00:31+00:00,0.9995
0x4c83e730116f1b97f4ac3d6ea16dcf09bd75c8fcbd1bd1b93e9cd2fee99e7760,Miami,Will the highest temperature in Miami be 75°F or below on October 1?,89875899196698018953113359176902239732302225829755230783387987160328170901659,No,2026-10-01T09:00:57+00:00,0.9995
0x4c83e730116f1b97f4ac3d6ea16dcf09bd75c8fcbd1bd1b93e9cd2fee99e7760,Miami,Will the highest temperature in Miami be 75°F or below on October 1?,89875899196698018953113359176902239732302225829755230783387987160328170901659,No,2026-10-01T10:00:15+00:00,0.9995
0x4c83e730116f1b97f4ac3d6ea16dcf09bd75c8fcbd1bd1b93e9cd2fee99e7760,Miami,Will the highest temperature in Miami be 75°F or below on October 1?,89875899196698018953113359176902239732302225829755230783387987160328170901659,No,2026-10-01T10:10:15+00:00,0.9995
0x680511f914fcbc109ed5ae6d4194703c26a309d618ba26df899b5865e42449c4,Miami,Will the highest temperature in Miami be between 76-77°F on October 1?,33077215465980015362770336045217721412889065874958041532660854075392177465679,Yes,2026-10-01T01:00:16+00:00,0.001
0x680511f914fcbc109ed5ae6d4194703c26a309d618ba26df899b5865e42449c4,Miami,Will the highest temperature in Miami be between 76-77°F on October 1?,33077215465980015362770336045217721412889065874958041532660854075392177465679,Yes,2026-10-01T02:00:17+00:00,0.001
0x680511f914fcbc109ed5ae6d4194703c26a309d618ba26df899b5865e42449c4,Miami,Will the highest temperature in Miami be between 76-77°F on October 1?,33077215465980015362770336045217721412889065874958041532660854075392177465679,Yes,2026-10-01T03:00:30+00:00,0.001
0x680511f914fcbc109ed5ae6d4194703c26a309d618ba26df899b5865e42449c4,Miami,Will the highest temperature in Miami be between 76-77°F on October 1?,33077215465980015362770336045217721412889065874958041532660854075392177465679,Yes,2026-10-01T04:00:32+00:00,0.0005
0x680511f914fcbc109ed5ae6d4194703c26a309d618ba26df899b5865e42449c4,Miami,Will the highest temperature in Miami be between 76-77°F on October 1?,33077215465980015362770336045217721412889065874958041532660854075392177465679,Yes,2026-10-01T05:00:16+00:00,0.0005
0x680511f914fcbc109ed5ae6d4194703c26a309d618ba26df899b5865e42449c4,Miami,Will the highest temperature in Miami be between 76-77°F on October 1?,33077215465980015362770336045217721412889065874958041532660854075392177465679,Yes,2026-10-01T06:00:17+00:00,0.0005
0x680511f914fcbc109ed5ae6d4194703c26a309d618ba26df899b5865e42449c4,Miami,Will the highest temperature in Miami be between 76-77°F on October 1?,33077215465980015362770336045217721412889065874958041532660854075392177465679,Yes,2026-10-01T07:00:16+00:00,0.0005
0x680511f914fcbc109ed5ae6d4194703c26a309d618ba26df899b5865e42449c4,Miami,Will the highest temperature in Miami be between 76-77°F on October 1?,33077215465980015362770336045217721412889065874958041532660854075392177465679,Yes,2026-10-01T08:00:32+00:00,0.0005
0x680511f914fcbc109ed5ae6d4194703c26a309d618ba26df899b5865e42449c4,Miami,Will the highest temperature in Miami be between 76-77°F on October 1?,33077215465980015362770336045217721412889065874958041532660854075392177465679,Yes,2026-10-01T09:00:57+00:00,0.0005
0x680511f914fcbc109ed5ae6d4194703c26a309d618ba26df899b5865e42449c4,Miami,Will the highest temperature in Miami be between 76-77°F on October 1?,33077215465980015362770336045217721412889065874958041532660854075392177465679,Yes,2026-10-01T10:00:16+00:00,0.0005
0x680511f914fcbc109ed5ae6d4194703c26a309d618ba26df899b5865e42449c4,Miami,Will the highest temperature in Miami be between 76-77°F on October 1?,33077215465980015362770336045217721412889065874958041532660854075392177465679,Yes,2026-10-01T10:10:16+00:00,0.0005
0x680511f914fcbc109ed5ae6d4194703c26a309d618ba26df899b5865e42449c4,Miami,Will the highest temperature in Miami be between 76-77°F on October 1?,60714284314368585807138297387728934329329835768973128012806700089737371773132,No,2026-10-01T01:00:21+00:00,0.999
0x680511f914fcbc109ed5ae6d4194703c26a309d618ba26df899b5865e42449c4,Miami,Will the highest temperature in Miami be between 76-77°F on October 1?,60714284314368585807138297387728934329329835768973128012806700089737371773132,No,2026-10-01T02:00:23+00:00,0.999
0x680511f914fcbc109ed5ae6d4194703c26a309d618ba26df899b5865e42449c4,Miami,Will the highest temperature in Miami be between 76-77°F on October 1?,60714284314368585807138297387728934329329835768973128012806700089737371773132,No,2026-10-01T03:00:39+00:00,0.999
0x680511f914fcbc109ed5ae6d4194703c26a309d618ba26df899b5865e42449c4,Miami,Will the highest temperature in Miami be between 76-77°F on October 1?,60714284314368585807138297387728934329329835768973128012806700089737371773132,No,2026-10-01T04:00:38+00:00,0.9995
0x680511f914fcbc109ed5ae6d4194703c26a309d618ba26df899b5865e42449c4,Miami,Will the highest temperature in Miami be between 76-77°F on October 1?,60714284314368585807138297387728934329329835768973128012806700089737371773132,No,2026-10-01T05:00:22+00:00,0.9995
0x680511f914fcbc109ed5ae6d4194703c26a309d618ba26df899b5865e42449c4,Miami,Will the highest temperature in Miami be between 76-77°F on October 1?,60714284314368585807138297387728934329329835768973128012806700089737371773132,No,2026-10-01T06:00:27+00:00,0.9995
0x680511f914fcbc109ed5ae6d4194703c26a309d618ba26df899b5865e42449c4,Miami,Will the highest temperature in Miami be between 76-77°F on October 1?,60714284314368585807138297387728934329329835768973128012806700089737371773132,No,2026-10-01T07:00:21+00:00,0.9995
0x680511f914fcbc109ed5ae6d4194703c26a309d618ba26df899b5865e42449c4,Miami,Will the highest temperature in Miami be between 76-77°F on October 1?,60714284314368585807138297387728934329329835768973128012806700089737371773132,No,2026-10-01T08:00:39+00:00,0.9995
0x680511f914fcbc109ed5ae6d4194703c26a309d618ba26df899b5865e42449c4,Miami,Will the highest temperature in Miami be between 76-77°F on October 1?,60714284314368585807138297387728934329329835768973128012806700089737371773132,No,2026-10-01T10:00:24+00:00,0.9995
0x680511f914fcbc109ed5ae6d4194703c26a309d618ba26df899b5865e42449c4,Miami,Will the highest temperature in Miami be between 76-77°F on October 1?,60714284314368585807138297387728934329329835768973128012806700089737371773132,No,2026-10-01T10:09:18+00:00,0.9995
0xd105dad438121c7af091f397046c42f5d3eea10b83dafe227d137733c7fc2a81,Miami,Will the highest temperature in Miami be between 78-79°F on October 1?,40360111182770744734625462463564277000181561166123086454651558698393566378501,Yes,2026-10-01T01:00:21+00:00,0.104
0xd105dad438121c7af091f397046c42f5d3eea10b83dafe227d137733c7fc2a81,Miami,Will the highest temperature in Miami be between 78-79°F on October 1?,40360111182770744734625462463564277000181561166123086454651558698393566378501,Yes,2026-10-01T02:00:23+00:00,0.0995
0xd105dad438121c7af091f397046c42f5d3eea10b83dafe227d137733c7fc2a81,Miami,Will the highest temperature in Miami be between 78-79°F on October 1?,40360111182770744734625462463564277000181561166123086454651558698393566378501,Yes,2026-10-01T03:00:39+00:00,0.058
0xd105dad438121c7af091f397046c42f5d3eea10b83dafe227d137733c7fc2a81,Miami,Will the highest temperature in Miami be between 78-79°F on October 1?,40360111182770744734625462463564277000181561166123086454651558698393566378501,Yes,2026-10-01T04:00:38+00:00,0.043
0xd105dad438121c7af091f397046c42f5d3eea10b83dafe227d137733c7fc2a81,Miami,Will the highest temperature in Miami be between 78-79°F on October 1?,40360111182770744734625462463564277000181561166123086454651558698393566378501,Yes,2026-10-01T05:00:21+00:00,0.0005
0xd105dad438121c7af091f397046c42f5d3eea10b83dafe227d137733c7fc2a81,Miami,Will the highest temperature in Miami be between 78-79°F on October 1?,40360111182770744734625462463564277000181561166123086454651558698393566378501,Yes,2026-10-01T06:00:26+00:00,0.0005
0xd105dad438121c7af091f397046c42f5d3eea10b83dafe227d137733c7fc2a81,Miami,Will the highest temperature in Miami be between 78-79°F on October 1?,40360111182770744734625462463564277000181561166123086454651558698393566378501,Yes,2026-10-01T07:00:21+00:00,0.0005
0xd105dad438121c7af091f397046c42f5d3eea10b83dafe227d137733c7fc2a81,Miami,Will the highest temperature in Miami be between 78-79°F on October 1?,40360111182770744734625462463564277000181561166123086454651558698393566378501,Yes,2026-10-01T08:00:39+00:00,0.0005
0xd105dad438121c7af091f397046c42f5d3eea10b83dafe227d137733c7fc2a81,Miami,Will the highest temperature in Miami be between 78-79°F on October 1?,40360111182770744734625462463564277000181561166123086454651558698393566378501,Yes,2026-10-01T10:00:24+00:00,0.0005
0xd105dad438121c7af091f397046c42f5d3eea10b83dafe227d137733c7fc2a81,Miami,Will the highest temperature in Miami be between 78-79°F on October 1?,40360111182770744734625462463564277000181561166123086454651558698393566378501,Yes,2026-10-01T10:09:18+00:00,0.0005
0xd105dad438121c7af091f397046c42f5d3eea10b83dafe227d137733c7fc2a81,Miami,Will the highest temperature in Miami be between 78-79°F on October 1?,22751032459987281839431266668275277636432467620766078215269921537187166731161,No,2026-10-01T01:00:21+00:00,0.896
0xd105dad438121c7af091f397046c42f5d3eea10b83dafe227d137733c7fc2a81,Miami,Will the highest temperature in Miami be between 78-79°F on October 1?,22751032459987281839431266668275277636432467620766078215269921537187166731161,No,2026-10-01T02:00:23+00:00,0.9005
0xd105dad438121c7af091f397046c42f5d3eea10b83dafe227d137733c7fc2a81,Miami,Will the highest temperature in Miami be between 78-79°F on October 1?,22751032459987281839431266668275277636432467620766078215269921537187166731161,No,2026-10-01T03:00:38+00:00,0.942
0xd105dad438121c7af091f397046c42f5d3eea10b83dafe227d137733c7fc2a81,Miami,Will the highest temperature in Miami be between 78-79°F on October 1?,22751032459987281839431266668275277636432467620766078215269921537187166731161,No,2026-10-01T04:00:38+00:00,0.957
0xd105dad438121c7af091f397046c42f5d3eea10b83dafe227d137733c7fc2a81,Miami,Will the highest temperature in Miami be between 78-79°F on October 1?,22751032459987281839431266668275277636432467620766078215269921537187166731161,No,2026-10-01T05:00:21+00:00,0.9995
0xd105dad438121c7af091f397046c42f5d3eea10b83dafe227d137733c7fc2a81,Miami,Will the highest temperature in Miami be between 78-79°F on October 1?,22751032459987281839431266668275277636432467620766078215269921537187166731161,No,2026-10-01T06:00:26+00:00,0.9995
0xd105dad438121c7af091f397046c42f5d3eea10b83dafe227d137733c7fc2a81,Miami,Will the highest temperature in Miami be between 78-79°F on October 1?,22751032459987281839431266668275277636432467620766078215269921537187166731161,No,2026-10-01T07:00:21+00:00,0.9995
0xd105dad438121c7af091f397046c42f5d3eea10b83dafe227d137733c7fc2a81,Miami,Will the highest temperature in Miami be between 78-79°F on October 1?,22751032459987281839431266668275277636432467620766078215269921537187166731161,No,2026-10-01T08:00:39+00:00,0.9995
0xd105dad438121c7af091f397046c42f5d3eea10b83dafe227d137733c7fc2a81,Miami,Will the highest temperature in Miami be between 78-79°F on October 1?,22751032459987281839431266668275277636432467620766078215269921537187166731161,No,2026-10-01T10:00:23+00:00,0.9995
0xd105dad438121c7af091f397046c42f5d3eea10b83dafe227d137733c7fc2a81,Miami,Will the highest temperature in Miami be between 78-79°F on October 1?,22751032459987281839431266668275277636432467620766078215269921537187166731161,No,2026-10-01T10:09:18+00:00,0.9995
0x2c6146fe115a30d88f39bace49a4b22ff7954bdb6833b2eb4970dce6026c96e0,Miami,Will the highest temperature in Miami be between 80-81°F on October 1?,51704454902545197125429158751694938009641674980676674062127369411155669074326,Yes,2026-10-01T01:00:18+00:00,0.249
0x2c6146fe115a30d88f39bace49a4b22ff7954bdb6833b2eb4970dce6026c96e0,Miami,Will the highest temperature in Miami be between 80-81°F on October 1?,51704454902545197125429158751694938009641674980676674062127369411155669074326,Yes,2026-10-01T02:00:20+00:00,0.2495
0x2c6146fe115a30d88f39bace49a4b22ff7954bdb6833b2eb4970dce6026c96e0,Miami,Will the highest temperature in Miami be between 80-81°F on October 1?,51704454902545197125429158751694938009641674980676674062127369411155669074326,Yes,2026-10-01T03:00:33+00:00,0.2015
0x2c6146fe115a30d88f39bace49a4b22ff7954bdb6833b2eb4970dce6026c96e0,Miami,Will the highest temperature in Miami be between 80-81°F on October 1?,51704454902545197125429158751694938009641674980676674062127369411155669074326,Yes,2026-10-01T04:00:34+00:00,0.2445
0x2c6146fe115a30d88f39bace49a4b22ff7954bdb6833b2eb4970dce6026c96e0,Miami,Will the highest temperature in Miami be between 80-81°F on October 1?,51704454902545197125429158751694938009641674980676674062127369411155669074326,Yes,2026-10-01T05:00:18+00:00,0.216
0x2c6146fe115a30d88f39bace49a4b22ff7954bdb6833b2eb4970dce6026c96e0,Miami,Will the highest temperature in Miami be between 80-81°F on October 1?,51704454902545197125429158751694938009641674980676674062127369411155669074326,Yes,2026-10-01T06:00:21+00:00,0.226
0x2c6146fe115a30d88f39bace49a4b22ff7954bdb6833b2eb4970dce6026c96e0,Miami,Will the highest temperature in Miami be between 80-81°F on October 1?,51704454902545197125429158751694938009641674980676674062127369411155669074326,Yes,2026-10-01T07:00:18+00:00,0.0005
0x2c6146fe115a30d88f39bace49a4b22ff7954bdb6833b2eb4970dce6026c96e0,Miami,Will the highest temperature in Miami be between 80-81°F on October 1?,51704454902545197125429158751694938009641674980676674062127369411155669074326,Yes,2026-10-01T08:00:35+00:00,0.0005
0x2c6146fe115a30d88f39bace49a4b22ff7954bdb6833b2eb4970dce6026c96e0,Miami,Will the highest temperature in Miami be between 80-81°F on October 1?,51704454902545197125429158751694938009641674980676674062127369411155669074326,Yes,2026-10-01T10:00:19+00:00,0.0005
0x2c6146fe115a30d88f39bace49a4b22ff7954bdb6833b2eb4970dce6026c96e0,Miami,Will the highest temperature in Miami be between 80-81°F on October 1?,51704454902545197125429158751694938009641674980676674062127369411155669074326,Yes,2026-10-01T10:10:17+00:00,0.0005
0x2c6146fe115a30d88f39bace49a4b22ff7954bdb6833b2eb4970dce6026c96e0,Miami,Will the highest temperature in Miami be between 80-81°F on October 1?,68392559513338253444775286134709353463282009694638598603354870934586325507021,No,2026-10-01T01:00:17+00:00,0.751
0x2c6146fe115a30d88f39bace49a4b22ff7954bdb6833b2eb4970dce6026c96e0,Miami,Will the highest temperature in Miami be between 80-81°F on October 1?,68392559513338253444775286134709353463282009694638598603354870934586325507021,No,2026-10-01T02:00:19+00:00,0.7505
0x2c6146fe115a30d88f39bace49a4b22ff7954bdb6833b2eb4970dce6026c96e0,Miami,Will the highest temperature in Miami be between 80-81°F on October 1?,68392559513338253444775286134709353463282009694638598603354870934586325507021,No,2026-10-01T03:00:32+00:00,0.7985
0x2c6146fe115a30d88f39bace49a4b22ff7954bdb6833b2eb4970dce6026c96e0,Miami,Will the highest temperature in Miami be between 80-81°F on October 1?,68392559513338253444775286134709353463282009694638598603354870934586325507021,No,2026-10-01T04:00:33+00:00,0.7555
0x2c6146fe115a30d88f39bace49a4b22ff7954bdb6833b2eb4970dce6026c96e0,Miami,Will the highest temperature in Miami be between 80-81°F on October 1?,68392559513338253444775286134709353463282009694638598603354870934586325507021,No,2026-10-01T05:00:17+00:00,0.784
0x2c6146fe115a30d88f39bace49a4b22ff7954bdb6833b2eb4970dce6026c96e0,Miami,Will the highest temperature in Miami be between 80-81°F on October 1?,68392559513338253444775286134709353463282009694638598603354870934586325507021,No,2026-10-01T06:00:19+00:00,0.774
0x2c6146fe115a30d88f39bace49a4b22ff7954bdb6833b2eb4970dce6026c96e0,Miami,Will the highest temperature in Miami be between 80-81°F on October 1?,68392559513338253444775286134709353463282009694638598603354870934586325507021,No,2026-10-01T07:00:17+00:00,0.9995
0x2c6146fe115a30d88f39bace49a4b22ff7954bdb6833b2eb4970dce6026c96e0,Miami,Will the highest temperature in Miami be between 80-81°F on October 1?,68392559513338253444775286134709353463282009694638598603354870934586325507021,No,2026-10-01T08:00:33+00:00,0.9995
0x2c6146fe115a30d88f39bace49a4b22ff7954bdb6833b2eb4970dce6026c96e0,Miami,Will the highest temperature in Miami be between 80-81°F on October 1?,68392559513338253444775286134709353463282009694638598603354870934586325507021,No,2026-10-01T09:00:59+00:00,0.9995
0x2c6146fe115a30d88f39bace49a4b22ff7954bdb6833b2eb4970dce6026c96e0,Miami,Will the highest temperature in Miami be between 80-81°F on October 1?,68392559513338253444775286134709353463282009694638598603354870934586325507021,No,2026-10-01T10:00:18+00:00,0.9995
0x2c6146fe115a30d88f39bace49a4b22ff7954bdb6833b2eb4970dce6026c96e0,Miami,Will the highest temperature in Miami be between 80-81°F on October 1?,68392559513338253444775286134709353463282009694638598603354870934586325507021,No,2026-10-01T10:09:16+00:00,0.9995
0x72901511beac6f19dc2c99e1f5e1a339c3b24a9912f4fe77896870d3b302a7ff,Miami,Will the highest temperature in Miami be between 82-83°F on October 1?,67596288650347361141339446980901371677373209596555625471620167382752271179486,Yes,2026-10-01T01:00:19+00:00,0.33
0x72901511beac6f19dc2c99e1f5e1a339c3b24a9912f4fe77896870d3b302a7ff,Miami,Will the highest temperature in Miami be between 82-83°F on October 1?,67596288650347361141339446980901371677373209596555625471620167382752271179486,Yes,2026-10-01T02:00:20+00:00,0.33
0x72901511beac6f19dc2c99e1f5e1a339c3b24a9912f4fe77896870d3b302a7ff,Miami,Will the highest temperature in Miami be between 82-83°F on October 1?,67596288650347361141339446980901371677373209596555625471620167382752271179486,Yes,2026-10-01T03:00:34+00:00,0.31
0x72901511beac6f19dc2c99e1f5e1a339c3b24a9912f4fe77896870d3b302a7ff,Miami,Will the highest temperature in Miami be between 82-83°F on October 1?,67596288650347361141339446980901371677373209596555625471620167382752271179486,Yes,2026-10-01T04:00:35+00:00,0.335
0x72901511beac6f19dc2c99e1f5e1a339c3b24a9912f4fe77896870d3b302a7ff,Miami,Will the highest temperature in Miami be between 82-83°F on October 1?,67596288650347361141339446980901371677373209596555625471620167382752271179486,Yes,2026-10-01T05:00:18+00:00,0.325
0x72901511beac6f19dc2c99e1f5e1a339c3b24a9912f4fe77896870d3b302a7ff,Miami,Will the highest temperature in Miami be between 82-83°F on October 1?,67596288650347361141339446980901371677373209596555625471620167382752271179486,Yes,2026-10-01T06:00:21+00:00,0.325
0x72901511beac6f19dc2c99e1f5e1a339c3b24a9912f4fe77896870d3b302a7ff,Miami,Will the highest temperature in Miami be between 82-83°F on October 1?,67596288650347361141339446980901371677373209596555625471620167382752271179486,Yes,2026-10-01T07:00:18+00:00,0.385
0x72901511beac6f19dc2c99e1f5e1a339c3b24a9912f4fe77896870d3b302a7ff,Miami,Will the highest temperature in Miami be between 82-83°F on October 1?,67596288650347361141339446980901371677373209596555625471620167382752271179486,Yes,2026-10-01T08:00:35+00:00,0.535
0x72901511beac6f19dc2c99e1f5e1a339c3b24a9912f4fe77896870d3b302a7ff,Miami,Will the highest temperature in Miami be between 82-83°F on October 1?,67596288650347361141339446980901371677373209596555625471620167382752271179486,Yes,2026-10-01T10:00:19+00:00,0.58
0x72901511beac6f19dc2c99e1f5e1a339c3b24a9912f4fe77896870d3b302a7ff,Miami,Will the highest temperature in Miami be between 82-83°F on October 1?,67596288650347361141339446980901371677373209596555625471620167382752271179486,Yes,2026-10-01T10:10:17+00:00,0.46
0x72901511beac6f19dc2c99e1f5e1a339c3b24a9912f4fe77896870d3b302a7ff,Miami,Will the highest temperature in Miami be between 82-83°F on October 1?,54247173442934884321533681101712283618998996582674519547996578483721996746862,No,2026-10-01T01:00:21+00:00,0.67
0x72901511beac6f19dc2c99e1f5e1a339c3b24a9912f4fe77896870d3b302a7ff,Miami,Will the highest temperature in Miami be between 82-83°F on October 1?,54247173442934884321533681101712283618998996582674519547996578483721996746862,No,2026-10-01T02:00:23+00:00,0.67
0x72901511beac6f19dc2c99e1f5e1a339c3b24a9912f4fe77896870d3b302a7ff,Miami,Will the highest temperature in Miami be between 82-83°F on October 1?,54247173442934884321533681101712283618998996582674519547996578483721996746862,No,2026-10-01T03:00:39+00:00,0.69
0x72901511beac6f19dc2c99e1f5e1a339c3b24a9912f4fe77896870d3b302a7ff,Miami,Will the highest temperature in Miami be between 82-83°F on October 1?,54247173442934884321533681101712283618998996582674519547996578483721996746862,No,2026-10-01T04:00:38+00:00,0.665
0x72901511beac6f19dc2c99e1f5e1a339c3b24a9912f4fe77896870d3b302a7ff,Miami,Will the highest temperature in Miami be between 82-83°F on October 1?,54247173442934884321533681101712283618998996582674519547996578483721996746862,No,2026-10-01T05:00:22+00:00,0.675
0x72901511beac6f19dc2c99e1f5e1a339c3b24a9912f4fe77896870d3b302a7ff,Miami,Will the highest temperature in Miami be between 82-83°F on October 1?,54247173442934884321533681101712283618998996582674519547996578483721996746862,No,2026-10-01T06:00:26+00:00,0.675
0x72901511beac6f19dc2c99e1f5e1a339c3b24a9912f4fe77896870d3b302a7ff,Miami,Will the highest temperature in Miami be between 82-83°F on October 1?,54247173442934884321533681101712283618998996582674519547996578483721996746862,No,2026-10-01T07:00:21+00:00,0.615
0x72901511beac6f19dc2c99e1f5e1a339c3b24a9912f4fe77896870d3b302a7ff,Miami,Will the highest temperature in Miami be between 82-83°F on October 1?,54247173442934884321533681101712283618998996582674519547996578483721996746862,No,2026-10-01T08:00:39+00:00,0.465
0x72901511beac6f19dc2c99e1f5e1a339c3b24a9912f4fe77896870d3b302a7ff,Miami,Will the highest temperature in Miami be between 82-83°F on October 1?,54247173442934884321533681101712283618998996582674519547996578483721996746862,No,2026-10-01T10:00:24+00:00,0.42
0x72901511beac6f19dc2c99e1f5e1a339c3b24a9912f4fe77896870d3b302a7ff,Miami,Will the highest temperature in Miami be between 82-83°F on October 1?,54247173442934884321533681101712283618998996582674519547996578483721996746862,No,2026-10-01T10:09:18+00:00,0.435
0x019961c84d9e20c70955fd39f6ef99b66c13d81658fc42b529141b7a03f018d3,Miami,Will the highest temperature in Miami be between 84-85°F on October 1?,39595630868082154069432853663893282854556342515557671260887050082692112107315,Yes,2026-10-01T01:00:18+00:00,0.22
0x019961c84d9e20c70955fd39f6ef99b66c13d81658fc42b529141b7a03f018d3,Miami,Will the highest temperature in Miami be between 84-85°F on October 1?,39595630868082154069432853663893282854556342515557671260887050082692112107315,Yes,2026-10-01T02:00:19+00:00,0.225
0x019961c84d9e20c70955fd39f6ef99b66c13d81658fc42b529141b7a03f018d3,Miami,Will the highest temperature in Miami be between 84-85°F on October 1?,39595630868082154069432853663893282854556342515557671260887050082692112107315,Yes,2026-10-01T03:00:32+00:00,0.28
0x019961c84d9e20c70955fd39f6ef99b66c13d81658fc42b529141b7a03f018d3,Miami,Will the highest temperature in Miami be between 84-85°F on October 1?,39595630868082154069432853663893282854556342515557671260887050082692112107315,Yes,2026-10-01T04:00:34+00:00,0.275
0x019961c84d9e20c70955fd39f6ef99b66c13d81658fc42b529141b7a03f018d3,Miami,Will the highest temperature in Miami be between 84-85°F on October 1?,39595630868082154069432853663893282854556342515557671260887050082692112107315,Yes,2026-10-01T05:00:17+00:00,0.315
0x019961c84d9e20c70955fd39f6ef99b66c13d81658fc42b529141b7a03f018d3,Miami,Will the highest temperature in Miami be between 84-85°F on October 1?,39595630868082154069432853663893282854556342515557671260887050082692112107315,Yes,2026-10-01T06:00:20+00:00,0.305
0x019961c84d9e20c70955fd39f6ef99b66c13d81658fc42b529141b7a03f018d3,Miami,Will the highest temperature in Miami be between 84-85°F on October 1?,39595630868082154069432853663893282854556342515557671260887050082692112107315,Yes,2026-10-01T07:00:17+00:00,0.345
0x019961c84d9e20c70955fd39f6ef99b66c13d81658fc42b529141b7a03f018d3,Miami,Will the highest temperature in Miami be between 84-85°F on October 1?,39595630868082154069432853663893282854556342515557671260887050082692112107315,Yes,2026-10-01T08:00:34+00:00,0.32
0x019961c84d9e20c70955fd39f6ef99b66c13d81658fc42b529141b7a03f018d3,Miami,Will the highest temperature in Miami be between 84-85°F on October 1?,39595630868082154069432853663893282854556342515557671260887050082692112107315,Yes,2026-10-01T10:00:18+00:00,0.24
0x019961c84d9e20c70955fd39f6ef99b66c13d81658fc42b529141b7a03f018d3,Miami,Will the highest temperature in Miami be between 84-85°F on October 1?,39595630868082154069432853663893282854556342515557671260887050082692112107315,Yes,2026-10-01T10:09:16+00:00,0.265
0x019961c84d9e20c70955fd39f6ef99b66c13d81658fc42b529141b7a03f018d3,Miami,Will the highest temperature in Miami be between 84-85°F on October 1?,51053726224699895578014224136508897138799328455692824586538666316422625174534,No,2026-10-01T01:00:20+00:00,0.78
0x019961c84d9e20c70955fd39f6ef99b66c13d81658fc42b529141b7a03f018d3,Miami,Will the highest temperature in Miami be between 84-85°F on October 1?,51053726224699895578014224136508897138799328455692824586538666316422625174534,No,2026-10-01T02:00:22+00:00,0.775
0x019961c84d9e20c70955fd39f6ef99b66c13d81658fc42b529141b7a03f018d3,Miami,Will the highest temperature in Miami be between 84-85°F on October 1?,51053726224699895578014224136508897138799328455692824586538666316422625174534,No,2026-10-01T03:00:37+00:00,0.72
0x019961c84d9e20c70955fd39f6ef99b66c13d81658fc42b529141b7a03f018d3,Miami,Will the highest temperature in Miami be between 84-85°F on October 1?,51053726224699895578014224136508897138799328455692824586538666316422625174534,No,2026-10-01T04:00:37+00:00,0.725
0x019961c84d9e20c70955fd39f6ef99b66c13d81658fc42b529141b7a03f018d3,Miami,Will the highest temperature in Miami be between 84-85°F on October 1?,51053726224699895578014224136508897138799328455692824586538666316422625174534,No,2026-10-01T05:00:20+00:00,0.685
0x019961c84d9e20c70955fd39f6ef99b66c13d81658fc42b529141b7a03f018d3,Miami,Will the highest temperature in Miami be between 84-85°F on October 1?,51053726224699895578014224136508897138799328455692824586538666316422625174534,No,2026-10-01T06:00:25+00:00,0.695
0x019961c84d9e20c70955fd39f6ef99b66c13d81658fc42b529141b7a03f018d3,Miami,Will the highest temperature in Miami be between 84-85°F on October 1?,51053726224699895578014224136508897138799328455692824586538666316422625174534,No,2026-10-01T07:00:20+00:00,0.655
0x019961c84d9e20c70955fd39f6ef99b66c13d81658fc42b529141b7a03f018d3,Miami,Will the highest temperature in Miami be between 84-85°F on October 1?,51053726224699895578014224136508897138799328455692824586538666316422625174534,No,2026-10-01T08:00:38+00:00,0.68
0x019961c84d9e20c70955fd39f6ef99b66c13d81658fc42b529141b7a03f018d3,Miami,Will the highest temperature in Miami be between 84-85°F on October 1?,51053726224699895578014224136508897138799328455692824586538666316422625174534,No,2026-10-01T10:00:22+00:00,0.76
0x019961c84d9e20c70955fd39f6ef99b66c13d81658fc42b529141b7a03f018d3,Miami,Will the highest temperature in Miami be between 84-85°F on October 1?,51053726224699895578014224136508897138799328455692824586538666316422625174534,No,2026-10-01T10:09:18+00:00,0.735
0xe9bb82a549a1bb7391cb81c30ff06c04b3a55ce515bab4f5e3b4796e496df273,Miami,Will the highest temperature in Miami be between 86-87°F on October 1?,101845916065167237928026651789264278027337839797768820627646793509249714953691,Yes,2026-10-01T01:00:21+00:00,0.09
0xe9bb82a549a1bb7391cb81c30ff06c04b3a55ce515bab4f5e3b4796e496df273,Miami,Will the highest temperature in Miami be between 86-87°F on October 1?,101845916065167237928026651789264278027337839797768820627646793509249714953691,Yes,2026-10-01T02:00:23+00:00,0.095
0xe9bb82a549a1bb7391cb81c30ff06c04b3a55ce515bab4f5e3b4796e496df273,Miami,Will the highest temperature in Miami be between 86-87°F on October 1?,101845916065167237928026651789264278027337839797768820627646793509249714953691,Yes,2026-10-01T03:00:39+00:00,0.175
0xe9bb82a549a1bb7391cb81c30ff06c04b3a55ce515bab4f5e3b4796e496df273,Miami,Will the highest temperature in Miami be between 86-87°F on October 1?,101845916065167237928026651789264278027337839797768820627646793509249714953691,Yes,2026-10-01T04:00:38+00:00,0.125
0xe9bb82a549a1bb7391cb81c30ff06c04b3a55ce515bab4f5e3b4796e496df273,Miami,Will the highest temperature in Miami be between 86-87°F on October 1?,101845916065167237928026651789264278027337839797768820627646793509249714953691,Yes,2026-10-01T05:00:22+00:00,0.155
0xe9bb82a549a1bb7391cb81c30ff06c04b3a55ce515bab4f5e3b4796e496df273,Miami,Will the highest temperature in Miami be between 86-87°F on October 1?,101845916065167237928026651789264278027337839797768820627646793509249714953691,Yes,2026-10-01T06:00:27+00:00,0.15
0xe9bb82a549a1bb7391cb81c30ff06c04b3a55ce515bab4f5e3b4796e496df273,Miami,Will the highest temperature in Miami be between 86-87°F on October 1?,101845916065167237928026651789264278027337839797768820627646793509249714953691,Yes,2026-10-01T07:00:21+00:00,0.185
0xe9bb82a549a1bb7391cb81c30ff06c04b3a55ce515bab4f5e3b4796e496df273,Miami,Will the highest temperature in Miami be between 86-87°F on October 1?,101845916065167237928026651789264278027337839797768820627646793509249714953691,Yes,2026-10-01T08:00:39+00:00,0.125
0xe9bb82a549a1bb7391cb81c30ff06c04b3a55ce515bab4f5e3b4796e496df273,Miami,Will the highest temperature in Miami be between 86-87°F on October 1?,101845916065167237928026651789264278027337839797768820627646793509249714953691,Yes,2026-10-01T10:00:24+00:00,0.135
0xe9bb82a549a1bb7391cb81c30ff06c04b3a55ce515bab4f5e3b4796e496df273,Miami,Will the highest temperature in Miami be between 86-87°F on October 1?,101845916065167237928026651789264278027337839797768820627646793509249714953691,Yes,2026-10-01T10:09:18+00:00,0.14
0xe9bb82a549a1bb7391cb81c30ff06c04b3a55ce515bab4f5e3b4796e496df273,Miami,Will the highest temperature in Miami be between 86-87°F on October 1?,103128778591669948521297063880806406690693424051276996494989002996172931297410,No,2026-10-01T01:00:17+00:00,0.91
0xe9bb82a549a1bb7391cb81c30ff06c04b3a55ce515bab4f5e3b4796e496df273,Miami,Will the highest temperature in Miami be between 86-87°F on October 1?,103128778591669948521297063880806406690693424051276996494989002996172931297410,No,2026-10-01T02:00:18+00:00,0.905
0xe9bb82a549a1bb7391cb81c30ff06c04b3a55ce515bab4f5e3b4796e496df273,Miami,Will the highest temperature in Miami be between 86-87°F on October 1?,103128778591669948521297063880806406690693424051276996494989002996172931297410,No,2026-10-01T03:00:30+00:00,0.825
0xe9bb82a549a1bb7391cb81c30ff06c04b3a55ce515bab4f5e3b4796e496df273,Miami,Will the highest temperature in Miami be between 86-87°F on October 1?,103128778591669948521297063880806406690693424051276996494989002996172931297410,No,2026-10-01T04:00:32+00:00,0.875
0xe9bb82a549a1bb7391cb81c30ff06c04b3a55ce515bab4f5e3b4796e496df273,Miami,Will the highest temperature in Miami be between 86-87°F on October 1?,103128778591669948521297063880806406690693424051276996494989002996172931297410,No,2026-10-01T05:00:16+00:00,0.845
0xe9bb82a549a1bb7391cb81c30ff06c04b3a55ce515bab4f5e3b4796e496df273,Miami,Will the highest temperature in Miami be between 86-87°F on October 1?,103128778591669948521297063880806406690693424051276996494989002996172931297410,No,2026-10-01T06:00:18+00:00,0.85
0xe9bb82a549a1bb7391cb81c30ff06c04b3a55ce515bab4f5e3b4796e496df273,Miami,Will the highest temperature in Miami be between 86-87°F on October 1?,103128778591669948521297063880806406690693424051276996494989002996172931297410,No,2026-10-01T07:00:16+00:00,0.815
0xe9bb82a549a1bb7391cb81c30ff06c04b3a55ce515bab4f5e3b4796e496df273,Miami,Will the highest temperature in Miami be between 86-87°F on October 1?,103128778591669948521297063880806406690693424051276996494989002996172931297410,No,2026-10-01T08:00:32+00:00,0.875
0xe9bb82a549a1bb7391cb81c30ff06c04b3a55ce515bab4f5e3b4796e496df273,Miami,Will the highest temperature in Miami be between 86-87°F on October 1?,103128778591669948521297063880806406690693424051276996494989002996172931297410,No,2026-10-01T09:00:58+00:00,0.89
0xe9bb82a549a1bb7391cb81c30ff06c04b3a55ce515bab4f5e3b4796e496df273,Miami,Will the highest temperature in Miami be between 86-87°F on October 1?,103128778591669948521297063880806406690693424051276996494989002996172931297410,No,2026-10-01T10:00:17+00:00,0.865
0xe9bb82a549a1bb7391cb81c30ff06c04b3a55ce515bab4f5e3b4796e496df273,Miami,Will the highest temperature in Miami be between 86-87°F on October 1?,103128778591669948521297063880806406690693424051276996494989002996172931297410,No,2026-10-01T10:10:16+00:00,0.85
0x840ba4d73166c281a1003a6a72da22335977bdbd801917ad2c7345b7908e362a,Miami,Will the highest temperature in Miami be between 88-89°F on October 1?,16871042117531367570408996262987154786494050722398690048472419262635350216618,Yes,2026-10-01T01:00:19+00:00,0.012
0x840ba4d73166c281a1003a6a72da22335977bdbd801917ad2c7345b7908e362a,Miami,Will the highest temperature in Miami be between 88-89°F on October 1?,16871042117531367570408996262987154786494050722398690048472419262635350216618,Yes,2026-10-01T02:00:20+00:00,0.0125
0x840ba4d73166c281a1003a6a72da22335977bdbd801917ad2c7345b7908e362a,Miami,Will the highest temperature in Miami be between 88-89°F on October 1?,16871042117531367570408996262987154786494050722398690048472419262635350216618,Yes,2026-10-01T03:00:34+00:00,0.0435
0x840ba4d73166c281a1003a6a72da22335977bdbd801917ad2c7345b7908e362a,Miami,Will the highest temperature in Miami be between 88-89°F on October 1?,16871042117531367570408996262987154786494050722398690048472419262635350216618,Yes,2026-10-01T04:00:35+00:00,0.025
0x840ba4d73166c281a1003a6a72da22335977bdbd801917ad2c7345b7908e362a,Miami,Will the highest temperature in Miami be between 88-89°F on October 1?,16871042117531367570408996262987154786494050722398690048472419262635350216618,Yes,2026-10-01T05:00:18+00:00,0.026
0x840ba4d73166c281a1003a6a72da22335977bdbd801917ad2c7345b7908e362a,Miami,Will the highest temperature in Miami be between 88-89°F on October 1?,16871042117531367570408996262987154786494050722398690048472419262635350216618,Yes,2026-10-01T06:00:21+00:00,0.029
0x840ba4d73166c281a1003a6a72da22335977bdbd801917ad2c7345b7908e362a,Miami,Will the highest temperature in Miami be between 88-89°F on October 1?,16871042117531367570408996262987154786494050722398690048472419262635350216618,Yes,2026-10-01T07:00:18+00:00,0.0475
0x840ba4d73166c281a1003a6a72da22335977bdbd801917ad2c7345b7908e362a,Miami,Will the highest temperature in Miami be between 88-89°F on October 1?,16871042117531367570408996262987154786494050722398690048472419262635350216618,Yes,2026-10-01T08:00:35+00:00,0.0315
0x840ba4d73166c281a1003a6a72da22335977bdbd801917ad2c7345b7908e362a,Miami,Will the highest temperature in Miami be between 88-89°F on October 1?,16871042117531367570408996262987154786494050722398690048472419262635350216618,Yes,2026-10-01T10:00:19+00:00,0.049
0x840ba4d73166c281a1003a6a72da22335977bdbd801917ad2c7345b7908e362a,Miami,Will the highest temperature in Miami be between 88-89°F on October 1?,16871042117531367570408996262987154786494050722398690048472419262635350216618,Yes,2026-10-01T10:10:17+00:00,0.0505
0x840ba4d73166c281a1003a6a72da22335977bdbd801917ad2c7345b7908e362a,Miami,Will the highest temperature in Miami be between 88-89°F on October 1?,5710640855061796855418227146223753889987161386780998645764787209345905146223,No,2026-10-01T01:00:21+00:00,0.988
0x840ba4d73166c281a1003a6a72da22335977bdbd801917ad2c7345b7908e362a,Miami,Will the highest temperature in Miami be between 88-89°F on October 1?,5710640855061796855418227146223753889987161386780998645764787209345905146223,No,2026-10-01T02:00:23+00:00,0.9875
0x840ba4d73166c281a1003a6a72da22335977bdbd801917ad2c7345b7908e362a,Miami,Will the highest temperature in Miami be between 88-89°F on October 1?,5710640855061796855418227146223753889987161386780998645764787209345905146223,No,2026-10-01T03:00:39+00:00,0.9565
0x840ba4d73166c281a1003a6a72da22335977bdbd801917ad2c7345b7908e362a,Miami,Will the highest temperature in Miami be between 88-89°F on October 1?,5710640855061796855418227146223753889987161386780998645764787209345905146223,No,2026-10-01T04:00:38+00:00,0.975
0x840ba4d73166c281a1003a6a72da22335977bdbd801917ad2c7345b7908e362a,Miami,Will the highest temperature in Miami be between 88-89°F on October 1?,5710640855061796855418227146223753889987161386780998645764787209345905146223,No,2026-10-01T05:00:22+00:00,0.974
0x840ba4d73166c281a1003a6a72da22335977bdbd801917ad2c7345b7908e362a,Miami,Will the highest temperature in Miami be between 88-89°F on October 1?,5710640855061796855418227146223753889987161386780998645764787209345905146223,No,2026-10-01T06:00:26+00:00,0.971
0x840ba4d73166c281a1003a6a72da22335977bdbd801917ad2c7345b7908e362a,Miami,Will the highest temperature in Miami be between 88-89°F on October 1?,5710640855061796855418227146223753889987161386780998645764787209345905146223,No,2026-10-01T07:00:21+00:00,0.9525
0x840ba4d73166c281a1003a6a72da22335977bdbd801917ad2c7345b7908e362a,Miami,Will the highest temperature in Miami be between 88-89°F on October 1?,5710640855061796855418227146223753889987161386780998645764787209345905146223,No,2026-10-01T08:00:39+00:00,0.9685
0x840ba4d73166c281a1003a6a72da22335977bdbd801917ad2c7345b7908e362a,Miami,Will the highest temperature in Miami be between 88-89°F on October 1?,5710640855061796855418227146223753889987161386780998645764787209345905146223,No,2026-10-01T10:00:24+00:00,0.95
0x840ba4d73166c281a1003a6a72da22335977bdbd801917ad2c7345b7908e362a,Miami,Will the highest temperature in Miami be between 88-89°F on October 1?,5710640855061796855418227146223753889987161386780998645764787209345905146223,No,2026-10-01T10:09:18+00:00,0.9495
0xda683c1a174b95262d663a4c31231d6571f616123ae95e7835f402773bed03d2,Miami,Will the highest temperature in Miami be between 90-91°F on October 1?,30347448244325185051641408158611177723373232323107353922878424354460376214667,Yes,2026-10-01T01:00:17+00:00,0.003
0xda683c1a174b95262d663a4c31231d6571f616123ae95e7835f402773bed03d2,Miami,Will the highest temperature in Miami be between 90-91°F on October 1?,30347448244325185051641408158611177723373232323107353922878424354460376214667,Yes,2026-10-01T02:00:18+00:00,0.003
0xda683c1a174b95262d663a4c31231d6571f616123ae95e7835f402773bed03d2,Miami,Will the highest temperature in Miami be between 90-91°F on October 1?,30347448244325185051641408158611177723373232323107353922878424354460376214667,Yes,2026-10-01T03:00:30+00:00,0.0025
0xda683c1a174b95262d663a4c31231d6571f616123ae95e7835f402773bed03d2,Miami,Will the highest temperature in Miami be between 90-91°F on October 1?,30347448244325185051641408158611177723373232323107353922878424354460376214667,Yes,2026-10-01T04:00:32+00:00,0.002
0xda683c1a174b95262d663a4c31231d6571f616123ae95e7835f402773bed03d2,Miami,Will the highest temperature in Miami be between 90-91°F on October 1?,30347448244325185051641408158611177723373232323107353922878424354460376214667,Yes,2026-10-01T05:00:16+00:00,0.0015
0xda683c1a174b95262d663a4c31231d6571f616123ae95e7835f402773bed03d2,Miami,Will the highest temperature in Miami be between 90-91°F on October 1?,30347448244325185051641408158611177723373232323107353922878424354460376214667,Yes,2026-10-01T06:00:18+00:00,0.002
0xda683c1a174b95262d663a4c31231d6571f616123ae95e7835f402773bed03d2,Miami,Will the highest temperature in Miami be between 90-91°F on October 1?,30347448244325185051641408158611177723373232323107353922878424354460376214667,Yes,2026-10-01T07:00:16+00:00,0.0055
0xda683c1a174b95262d663a4c31231d6571f616123ae95e7835f402773bed03d2,Miami,Will the highest temperature in Miami be between 90-91°F on October 1?,30347448244325185051641408158611177723373232323107353922878424354460376214667,Yes,2026-10-01T08:00:32+00:00,0.003
0xda683c1a174b95262d663a4c31231d6571f616123ae95e7835f402773bed03d2,Miami,Will the highest temperature in Miami be between 90-91°F on October 1?,30347448244325185051641408158611177723373232323107353922878424354460376214667,Yes,2026-10-01T09:00:58+00:00,0.002
0xda683c1a174b95262d663a4c31231d6571f616123ae95e7835f402773bed03d2,Miami,Will the highest temperature in Miami be between 90-91°F on October 1?,30347448244325185051641408158611177723373232323107353922878424354460376214667,Yes,2026-10-01T10:00:17+00:00,0.0025
0xda683c1a174b95262d663a4c31231d6571f616123ae95e7835f402773bed03d2,Miami,Will the highest temperature in Miami be between 90-91°F on October 1?,30347448244325185051641408158611177723373232323107353922878424354460376214667,Yes,2026-10-01T10:10:16+00:00,0.0025
0xda683c1a174b95262d663a4c31231d6571f616123ae95e7835f402773bed03d2,Miami,Will the highest temperature in Miami be between 90-91°F on October 1?,32886648389548209801047275143415045085481945346130275110729697891651800662344,No,2026-10-01T01:00:18+00:00,0.997
0xda683c1a174b95262d663a4c31231d6571f616123ae95e7835f402773bed03d2,Miami,Will the highest temperature in Miami be between 90-91°F on October 1?,32886648389548209801047275143415045085481945346130275110729697891651800662344,No,2026-10-01T02:00:20+00:00,0.997
0xda683c1a174b95262d663a4c31231d6571f616123ae95e7835f402773bed03d2,Miami,Will the highest temperature in Miami be between 90-91°F on October 1?,32886648389548209801047275143415045085481945346130275110729697891651800662344,No,2026-10-01T03:00:34+00:00,0.9975
0xda683c1a174b95262d663a4c31231d6571f616123ae95e7835f402773bed03d2,Miami,Will the highest temperature in Miami be between 90-91°F on October 1?,32886648389548209801047275143415045085481945346130275110729697891651800662344,No,2026-10-01T04:00:34+00:00,0.998
0xda683c1a174b95262d663a4c31231d6571f616123ae95e7835f402773bed03d2,Miami,Will the highest temperature in Miami be between 90-91°F on October 1?,32886648389548209801047275143415045085481945346130275110729697891651800662344,No,2026-10-01T05:00:18+00:00,0.9985
0xda683c1a174b95262d663a4c31231d6571f616123ae95e7835f402773bed03d2,Miami,Will the highest temperature in Miami be between 90-91°F on October 1?,32886648389548209801047275143415045085481945346130275110729697891651800662344,No,2026-10-01T06:00:21+00:00,0.998
0xda683c1a174b95262d663a4c31231d6571f616123ae95e7835f402773bed03d2,Miami,Will the highest temperature in Miami be between 90-91°F on October 1?,32886648389548209801047275143415045085481945346130275110729697891651800662344,No,2026-10-01T07:00:18+00:00,0.9945
0xda683c1a174b95262d663a4c31231d6571f616123ae95e7835f402773bed03d2,Miami,Will the highest temperature in Miami be between 90-91°F on October 1?,32886648389548209801047275143415045085481945346130275110729697891651800662344,No,2026-10-01T08:00:35+00:00,0.997
0xda683c1a174b95262d663a4c31231d6571f616123ae95e7835f402773bed03d2,Miami,Will the highest temperature in Miami be between 90-91°F on October 1?,32886648389548209801047275143415045085481945346130275110729697891651800662344,No,2026-10-01T10:00:19+00:00,0.9975
0xda683c1a174b95262d663a4c31231d6571f616123ae95e7835f402773bed03d2,Miami,Will the highest temperature in Miami be between 90-91°F on October 1?,32886648389548209801047275143415045085481945346130275110729697891651800662344,No,2026-10-01T10:10:17+00:00,0.9975
0xbee99d13ae44c6babd035841a563dfea076a2df78c7104f212dd1254e6730662,Miami,Will the highest temperature in Miami be between 92-93°F on October 1?,31191798619276235057114195417033645187600862969182396559934280692103369363389,Yes,2026-10-01T01:00:20+00:00,0.0005
0xbee99d13ae44c6babd035841a563dfea076a2df78c7104f212dd1254e6730662,Miami,Will the highest temperature in Miami be between 92-93°F on October 1?,31191798619276235057114195417033645187600862969182396559934280692103369363389,Yes,2026-10-01T02:00:21+00:00,0.0005
0xbee99d13ae44c6babd035841a563dfea076a2df78c7104f212dd1254e6730662,Miami,Will the highest temperature in Miami be between 92-93°F on October 1?,31191798619276235057114195417033645187600862969182396559934280692103369363389,Yes,2026-10-01T03:00:35+00:00,0.0005
0xbee99d13ae44c6babd035841a563dfea076a2df78c7104f212dd1254e6730662,Miami,Will the highest temperature in Miami be between 92-93°F on October 1?,31191798619276235057114195417033645187600862969182396559934280692103369363389,Yes,2026-10-01T04:00:36+00:00,0.0005
0xbee99d13ae44c6babd035841a563dfea076a2df78c7104f212dd1254e6730662,Miami,Will the highest temperature in Miami be between 92-93°F on October 1?,31191798619276235057114195417033645187600862969182396559934280692103369363389,Yes,2026-10-01T05:00:19+00:00,0.0005
0xbee99d13ae44c6babd035841a563dfea076a2df78c7104f212dd1254e6730662,Miami,Will the highest temperature in Miami be between 92-93°F on October 1?,31191798619276235057114195417033645187600862969182396559934280692103369363389,Yes,2026-10-01T06:00:23+00:00,0.0005
0xbee99d13ae44c6babd035841a563dfea076a2df78c7104f212dd1254e6730662,Miami,Will the highest temperature in Miami be between 92-93°F on October 1?,31191798619276235057114195417033645187600862969182396559934280692103369363389,Yes,2026-10-01T07:00:19+00:00,0.0005
0xbee99d13ae44c6babd035841a563dfea076a2df78c7104f212dd1254e6730662,Miami,Will the highest temperature in Miami be between 92-93°F on October 1?,31191798619276235057114195417033645187600862969182396559934280692103369363389,Yes,2026-10-01T08:00:36+00:00,0.0005
0xbee99d13ae44c6babd035841a563dfea076a2df78c7104f212dd1254e6730662,Miami,Will the highest temperature in Miami be between 92-93°F on October 1?,31191798619276235057114195417033645187600862969182396559934280692103369363389,Yes,2026-10-01T10:00:21+00:00,0.0005
0xbee99d13ae44c6babd035841a563dfea076a2df78c7104f212dd1254e6730662,Miami,Will the highest temperature in Miami be between 92-93°F on October 1?,31191798619276235057114195417033645187600862969182396559934280692103369363389,Yes,2026-10-01T10:10:18+00:00,0.0005
0xbee99d13ae44c6babd035841a563dfea076a2df78c7104f212dd1254e6730662,Miami,Will the highest temperature in Miami be between 92-93°F on October 1?,115433219968177127359988128034213707037997134660929459248054745585184790024820,No,2026-10-01T01:00:17+00:00,0.9995
0xbee99d13ae44c6babd035841a563dfea076a2df78c7104f212dd1254e6730662,Miami,Will the highest temperature in Miami be between 92-93°F on October 1?,115433219968177127359988128034213707037997134660929459248054745585184790024820,No,2026-10-01T02:00:18+00:00,0.9995
0xbee99d13ae44c6babd035841a563dfea076a2df78c7104f212dd1254e6730662,Miami,Will the highest temperature in Miami be between 92-93°F on October 1?,115433219968177127359988128034213707037997134660929459248054745585184790024820,No,2026-10-01T03:00:30+00:00,0.9995
0xbee99d13ae44c6babd035841a563dfea076a2df78c7104f212dd1254e6730662,Miami,Will the highest temperature in Miami be between 92-93°F on October 1?,115433219968177127359988128034213707037997134660929459248054745585184790024820,No,2026-10-01T04:00:32+00:00,0.9995
0xbee99d13ae44c6babd035841a563dfea076a2df78c7104f212dd1254e6730662,Miami,Will the highest temperature in Miami be between 92-93°F on October 1?,115433219968177127359988128034213707037997134660929459248054745585184790024820,No,2026-10-01T05:00:16+00:00,0.9995
0xbee99d13ae44c6babd035841a563dfea076a2df78c7104f212dd1254e6730662,Miami,Will the highest temperature in Miami be between 92-93°F on October 1?,115433219968177127359988128034213707037997134660929459248054745585184790024820,No,2026-10-01T06:00:18+00:00,0.9995
0xbee99d13ae44c6babd035841a563dfea076a2df78c7104f212dd1254e6730662,Miami,Will the highest temperature in Miami be between 92-93°F on October 1?,115433219968177127359988128034213707037997134660929459248054745585184790024820,No,2026-10-01T07:00:16+00:00,0.9995
0xbee99d13ae44c6babd035841a563dfea076a2df78c7104f212dd1254e6730662,Miami,Will the highest temperature in Miami be between 92-93°F on October 1?,115433219968177127359988128034213707037997134660929459248054745585184790024820,No,2026-10-01T08:00:32+00:00,0.9995
0xbee99d13ae44c6babd035841a563dfea076a2df78c7104f212dd1254e6730662,Miami,Will the highest temperature in Miami be between 92-93°F on October 1?,115433219968177127359988128034213707037997134660929459248054745585184790024820,No,2026-10-01T09:00:58+00:00,0.9995
0xbee99d13ae44c6babd035841a563dfea076a2df78c7104f212dd1254e6730662,Miami,Will the highest temperature in Miami be between 92-93°F on October 1?,115433219968177127359988128034213707037997134660929459248054745585184790024820,No,2026-10-01T10:00:17+00:00,0.9995
0xbee99d13ae44c6babd035841a563dfea076a2df78c7104f212dd1254e6730662,Miami,Will the highest temperature in Miami be between 92-93°F on October 1?,115433219968177127359988128034213707037997134660929459248054745585184790024820,No,2026-10-01T10:10:16+00:00,0.9995
0x92bfc34043d45b284d1cd9d6e0e1dfa0d92e985744cbfb1d0de8f7e628c88e2c,Miami,Will the highest temperature in Miami be 94°F or higher on October 1?,23231741589677223592912501945574473292165836091329758091528910980085327065070,Yes,2026-10-01T01:00:20+00:00,0.0005
0x92bfc34043d45b284d1cd9d6e0e1dfa0d92e985744cbfb1d0de8f7e628c88e2c,Miami,Will the highest temperature in Miami be 94°F or higher on October 1?,23231741589677223592912501945574473292165836091329758091528910980085327065070,Yes,2026-10-01T02:00:22+00:00,0.0005
0x92bfc34043d45b284d1cd9d6e0e1dfa0d92e985744cbfb1d0de8f7e628c88e2c,Miami,Will the highest temperature in Miami be 94°F or higher on October 1?,23231741589677223592912501945574473292165836091329758091528910980085327065070,Yes,2026-10-01T03:00:36+00:00,0.0005
0x92bfc34043d45b284d1cd9d6e0e1dfa0d92e985744cbfb1d0de8f7e628c88e2c,Miami,Will the highest temperature in Miami be 94°F or higher on October 1?,23231741589677223592912501945574473292165836091329758091528910980085327065070,Yes,2026-10-01T04:00:37+00:00,0.0005
0x92bfc34043d45b284d1cd9d6e0e1dfa0d92e985744cbfb1d0de8f7e628c88e2c,Miami,Will the highest temperature in Miami be 94°F or higher on October 1?,23231741589677223592912501945574473292165836091329758091528910980085327065070,Yes,2026-10-01T05:00:20+00:00,0.0005
0x92bfc34043d45b284d1cd9d6e0e1dfa0d92e985744cbfb1d0de8f7e628c88e2c,Miami,Will the highest temperature in Miami be 94°F or higher on October 1?,23231741589677223592912501945574473292165836091329758091528910980085327065070,Yes,2026-10-01T06:00:24+00:00,0.0005
0x92bfc34043d45b284d1cd9d6e0e1dfa0d92e985744cbfb1d0de8f7e628c88e2c,Miami,Will the highest temperature in Miami be 94°F or higher on October 1?,23231741589677223592912501945574473292165836091329758091528910980085327065070,Yes,2026-10-01T07:00:20+00:00,0.0005
0x92bfc34043d45b284d1cd9d6e0e1dfa0d92e985744cbfb1d0de8f7e628c88e2c,Miami,Will the highest temperature in Miami be 94°F or higher on October 1?,23231741589677223592912501945574473292165836091329758091528910980085327065070,Yes,2026-10-01T08:00:37+00:00,0.0005
0x92bfc34043d45b284d1cd9d6e0e1dfa0d92e985744cbfb1d0de8f7e628c88e2c,Miami,Will the highest temperature in Miami be 94°F or higher on October 1?,23231741589677223592912501945574473292165836091329758091528910980085327065070,Yes,2026-10-01T10:00:22+00:00,0.0005
0x92bfc34043d45b284d1cd9d6e0e1dfa0d92e985744cbfb1d0de8f7e628c88e2c,Miami,Will the highest temperature in Miami be 94°F or higher on October 1?,23231741589677223592912501945574473292165836091329758091528910980085327065070,Yes,2026-10-01T10:09:17+00:00,0.0005
0x92bfc34043d45b284d1cd9d6e0e1dfa0d92e985744cbfb1d0de8f7e628c88e2c,Miami,Will the highest temperature in Miami be 94°F or higher on October 1?,79275891205672801667714373334474128435228441647479174414363092862892624525141,No,2026-10-01T01:00:20+00:00,0.9995
0x92bfc34043d45b284d1cd9d6e0e1dfa0d92e985744cbfb1d0de8f7e628c88e2c,Miami,Will the highest temperature in Miami be 94°F or higher on October 1?,79275891205672801667714373334474128435228441647479174414363092862892624525141,No,2026-10-01T02:00:22+00:00,0.9995
0x92bfc34043d45b284d1cd9d6e0e1dfa0d92e985744cbfb1d0de8f7e628c88e2c,Miami,Will the highest temperature in Miami be 94°F or higher on October 1?,79275891205672801667714373334474128435228441647479174414363092862892624525141,No,2026-10-01T03:00:36+00:00,0.9995
0x92bfc34043d45b284d1cd9d6e0e1dfa0d92e985744cbfb1d0de8f7e628c88e2c,Miami,Will the highest temperature in Miami be 94°F or higher on October 1?,79275891205672801667714373334474128435228441647479174414363092862892624525141,No,2026-10-01T04:00:37+00:00,0.9995
0x92bfc34043d45b284d1cd9d6e0e1dfa0d92e985744cbfb1d0de8f7e628c88e2c,Miami,Will the highest temperature in Miami be 94°F or higher on October 1?,79275891205672801667714373334474128435228441647479174414363092862892624525141,No,2026-10-01T05:00:20+00:00,0.9995
0x92bfc34043d45b284d1cd9d6e0e1dfa0d92e985744cbfb1d0de8f7e628c88e2c,Miami,Will the highest temperature in Miami be 94°F or higher on October 1?,79275891205672801667714373334474128435228441647479174414363092862892624525141,No,2026-10-01T06:00:24+00:00,0.9995
0x92bfc34043d45b284d1cd9d6e0e1dfa0d92e985744cbfb1d0de8f7e628c88e2c,Miami,Will the highest temperature in Miami be 94°F or higher on October 1?,79275891205672801667714373334474128435228441647479174414363092862892624525141,No,2026-10-01T07:00:20+00:00,0.9995
0x92bfc34043d45b284d1cd9d6e0e1dfa0d92e985744cbfb1d0de8f7e628c88e2c,Miami,Will the highest temperature in Miami be 94°F or higher on October 1?,79275891205672801667714373334474128435228441647479174414363092862892624525141,No,2026-10-01T08:00:37+00:00,0.9995
0x92bfc34043d45b284d1cd9d6e0e1dfa0d92e985744cbfb1d0de8f7e628c88e2c,Miami,Will the highest temperature in Miami be 94°F or higher on October 1?,79275891205672801667714373334474128435228441647479174414363092862892624525141,No,2026-10-01T10:00:22+00:00,0.9995
0x92bfc34043d45b284d1cd9d6e0e1dfa0d92e985744cbfb1d0de8f7e628c88e2c,Miami,Will the highest temperature in Miami be 94°F or higher on October 1?,79275891205672801667714373334474128435228441647479174414363092862892624525141,No,2026-10-01T10:10:19+00:00,0.9995
0x0c2cab109b93292294dfeed1c1aa7d447586bf0dc6a8838aa775597b0750dbd2,Miami,Will the lowest temperature in Miami be 71°F or below on October 2?,7869424512861257853119391285826330524176472502741269676787371605139579377631,Yes,2026-10-01T01:00:21+00:00,0.23
0x0c2cab109b93292294dfeed1c1aa7d447586bf0dc6a8838aa775597b0750dbd2,Miami,Will the lowest temperature in Miami be 71°F or below on October 2?,7869424512861257853119391285826330524176472502741269676787371605139579377631,Yes,2026-10-01T02:00:23+00:00,0.23
0x0c2cab109b93292294dfeed1c1aa7d447586bf0dc6a8838aa775597b0750dbd2,Miami,Will the lowest temperature in Miami be 71°F or below on October 2?,7869424512861257853119391285826330524176472502741269676787371605139579377631,Yes,2026-10-01T03:00:38+00:00,0.23
0x0c2cab109b93292294dfeed1c1aa7d447586bf0dc6a8838aa775597b0750dbd2,Miami,Will the lowest temperature in Miami be 71°F or below on October 2?,7869424512861257853119391285826330524176472502741269676787371605139579377631,Yes,2026-10-01T04:00:38+00:00,0.225
0x0c2cab109b93292294dfeed1c1aa7d447586bf0dc6a8838aa775597b0750dbd2,Miami,Will the lowest temperature in Miami be 71°F or below on October 2?,7869424512861257853119391285826330524176472502741269676787371605139579377631,Yes,2026-10-01T05:00:21+00:00,0.215
0x0c2cab109b93292294dfeed1c1aa7d447586bf0dc6a8838aa775597b0750dbd2,Miami,Will the lowest temperature in Miami be 71°F or below on October 2?,7869424512861257853119391285826330524176472502741269676787371605139579377631,Yes,2026-10-01T06:00:26+00:00,0.07
0x0c2cab109b93292294dfeed1c1aa7d447586bf0dc6a8838aa775597b0750dbd2,Miami,Will the lowest temperature in Miami be 71°F or below on October 2?,7869424512861257853119391285826330524176472502741269676787371605139579377631,Yes,2026-10-01T07:00:21+00:00,0.07
0x0c2cab109b93292294dfeed1c1aa7d447586bf0dc6a8838aa775597b0750dbd2,Miami,Will the lowest temperature in Miami be 71°F or below on October 2?,7869424512861257853119391285826330524176472502741269676787371605139579377631,Yes,2026-10-01T08:00:39+00:00,0.075
0x0c2cab109b93292294dfeed1c1aa7d447586bf0dc6a8838aa775597b0750dbd2,Miami,Will the lowest temperature in Miami be 71°F or below on October 2?,7869424512861257853119391285826330524176472502741269676787371605139579377631,Yes,2026-10-01T10:00:24+00:00,0.075
0x0c2cab109b93292294dfeed1c1aa7d447586bf0dc6a8838aa775597b0750dbd2,Miami,Will the lowest temperature in Miami be 71°F or below on October 2?,7869424512861257853119391285826330524176472502741269676787371605139579377631,Yes,2026-10-01T10:10:20+00:00,0.08
0x0c2cab109b93292294dfeed1c1aa7d447586bf0dc6a8838aa775597b0750dbd2,Miami,Will the lowest temperature in Miami be 71°F or below on October 2?,1020998653855757525143194979876528441336957204081680472813763651220038075732,No,2026-10-01T01:00:18+00:00,0.77
0x0c2cab109b93292294dfeed1c1aa7d447586bf0dc6a8838aa775597b0750dbd2,Miami,Will the lowest temperature in Miami be 71°F or below on October 2?,1020998653855757525143194979876528441336957204081680472813763651220038075732,No,2026-10-01T02:00:19+00:00,0.77
0x0c2cab109b93292294dfeed1c1aa7d447586bf0dc6a8838aa775597b0750dbd2,Miami,Will the lowest temperature in Miami be 71°F or below on October 2?,1020998653855757525143194979876528441336957204081680472813763651220038075732,No,2026-10-01T03:00:33+00:00,0.77
0x0c2cab109b93292294dfeed1c1aa7d447586bf0dc6a8838aa775597b0750dbd2,Miami,Will the lowest temperature in Miami be 71°F or below on October 2?,1020998653855757525143194979876528441336957204081680472813763651220038075732,No,2026-10-01T04:00:34+00:00,0.775
0x0c2cab109b93292294dfeed1c1aa7d447586bf0dc6a8838aa775597b0750dbd2,Miami,Will the lowest temperature in Miami be 71°F or below on October 2?,1020998653855757525143194979876528441336957204081680472813763651220038075732,No,2026-10-01T05:00:18+00:00,0.785
0x0c2cab109b93292294dfeed1c1aa7d447586bf0dc6a8838aa775597b0750dbd2,Miami,Will the lowest temperature in Miami be 71°F or below on October 2?,1020998653855757525143194979876528441336957204081680472813763651220038075732,No,2026-10-01T06:00:20+00:00,0.93
0x0c2cab109b93292294dfeed1c1aa7d447586bf0dc6a8838aa775597b0750dbd2,Miami,Will the lowest temperature in Miami be 71°F or below on October 2?,1020998653855757525143194979876528441336957204081680472813763651220038075732,No,2026-10-01T07:00:18+00:00,0.93
0x0c2cab109b93292294dfeed1c1aa7d447586bf0dc6a8838aa775597b0750dbd2,Miami,Will the lowest temperature in Miami be 71°F or below on October 2?,1020998653855757525143194979876528441336957204081680472813763651220038075732,No,2026-10-01T08:00:34+00:00,0.925
0x0c2cab109b93292294dfeed1c1aa7d447586bf0dc6a8838aa775597b0750dbd2,Miami,Will the lowest temperature in Miami be 71°F or below on October 2?,1020998653855757525143194979876528441336957204081680472813763651220038075732,No,2026-10-01T10:00:19+00:00,0.925
0x0c2cab109b93292294dfeed1c1aa7d447586bf0dc6a8838aa775597b0750dbd2,Miami,Will the lowest temperature in Miami be 71°F or below on October 2?,1020998653855757525143194979876528441336957204081680472813763651220038075732,No,2026-10-01T10:10:17+00:00,0.92
0xc93a6cc5c7e3aaea0e8487ff648d5eea4caadce9bf1f45782bcdef6f9511892a,Miami,Will the lowest temperature in Miami be between 72-73°F on October 2?,75919510212757768658731747792877583692885697546668602390049512859122179664175,Yes,2026-10-01T01:00:18+00:00,0.23
0xc93a6cc5c7e3aaea0e8487ff648d5eea4caadce9bf1f45782bcdef6f9511892a,Miami,Will the lowest temperature in Miami be between 72-73°F on October 2?,75919510212757768658731747792877583692885697546668602390049512859122179664175,Yes,2026-10-01T02:00:20+00:00,0.23
0xc93a6cc5c7e3aaea0e8487ff648d5eea4caadce9bf1f45782bcdef6f9511892a,Miami,Will the lowest temperature in Miami be between 72-73°F on October 2?,75919510212757768658731747792877583692885697546668602390049512859122179664175,Yes,2026-10-01T03:00:33+00:00,0.23
0xc93a6cc5c7e3aaea0e8487ff648d5eea4caadce9bf1f45782bcdef6f9511892a,Miami,Will the lowest temperature in Miami be between 72-73°F on October 2?,75919510212757768658731747792877583692885697546668602390049512859122179664175,Yes,2026-10-01T04:00:34+00:00,0.23
0xc93a6cc5c7e3aaea0e8487ff648d5eea4caadce9bf1f45782bcdef6f9511892a,Miami,Will the lowest temperature in Miami be between 72-73°F on October 2?,75919510212757768658731747792877583692885697546668602390049512859122179664175,Yes,2026-10-01T05:00:18+00:00,0.225
0xc93a6cc5c7e3aaea0e8487ff648d5eea4caadce9bf1f45782bcdef6f9511892a,Miami,Will the lowest temperature in Miami be between 72-73°F on October 2?,75919510212757768658731747792877583692885697546668602390049512859122179664175,Yes,2026-10-01T06:00:20+00:00,0.24
0xc93a6cc5c7e3aaea0e8487ff648d5eea4caadce9bf1f45782bcdef6f9511892a,Miami,Will the lowest temperature in Miami be between 72-73°F on October 2?,75919510212757768658731747792877583692885697546668602390049512859122179664175,Yes,2026-10-01T07:00:18+00:00,0.075
0xc93a6cc5c7e3aaea0e8487ff648d5eea4caadce9bf1f45782bcdef6f9511892a,Miami,Will the lowest temperature in Miami be between 72-73°F on October 2?,75919510212757768658731747792877583692885697546668602390049512859122179664175,Yes,2026-10-01T08:00:34+00:00,0.075
0xc93a6cc5c7e3aaea0e8487ff648d5eea4caadce9bf1f45782bcdef6f9511892a,Miami,Will the lowest temperature in Miami be between 72-73°F on October 2?,75919510212757768658731747792877583692885697546668602390049512859122179664175,Yes,2026-10-01T10:00:19+00:00,0.075
0xc93a6cc5c7e3aaea0e8487ff648d5eea4caadce9bf1f45782bcdef6f9511892a,Miami,Will the lowest temperature in Miami be between 72-73°F on October 2?,75919510212757768658731747792877583692885697546668602390049512859122179664175,Yes,2026-10-01T10:10:17+00:00,0.075
0xc93a6cc5c7e3aaea0e8487ff648d5eea4caadce9bf1f45782bcdef6f9511892a,Miami,Will the lowest temperature in Miami be between 72-73°F on October 2?,42340234681486476187031251645254753757790275080460731436700352640920132406002,No,2026-10-01T01:00:18+00:00,0.77
0xc93a6cc5c7e3aaea0e8487ff648d5eea4caadce9bf1f45782bcdef6f9511892a,Miami,Will the lowest temperature in Miami be between 72-73°F on October 2?,42340234681486476187031251645254753757790275080460731436700352640920132406002,No,2026-10-01T02:00:19+00:00,0.77
0xc93a6cc5c7e3aaea0e8487ff648d5eea4caadce9bf1f45782bcdef6f9511892a,Miami,Will the lowest temperature in Miami be between 72-73°F on October 2?,42340234681486476187031251645254753757790275080460731436700352640920132406002,No,2026-10-01T03:00:32+00:00,0.77
0xc93a6cc5c7e3aaea0e8487ff648d5eea4caadce9bf1f45782bcdef6f9511892a,Miami,Will the lowest temperature in Miami be between 72-73°F on October 2?,42340234681486476187031251645254753757790275080460731436700352640920132406002,No,2026-10-01T04:00:33+00:00,0.77
0xc93a6cc5c7e3aaea0e8487ff648d5eea4caadce9bf1f45782bcdef6f9511892a,Miami,Will the lowest temperature in Miami be between 72-73°F on October 2?,42340234681486476187031251645254753757790275080460731436700352640920132406002,No,2026-10-01T05:00:17+00:00,0.775
0xc93a6cc5c7e3aaea0e8487ff648d5eea4caadce9bf1f45782bcdef6f9511892a,Miami,Will the lowest temperature in Miami be between 72-73°F on October 2?,42340234681486476187031251645254753757790275080460731436700352640920132406002,No,2026-10-01T06:00:19+00:00,0.76
0xc93a6cc5c7e3aaea0e8487ff648d5eea4caadce9bf1f45782bcdef6f9511892a,Miami,Will the lowest temperature in Miami be between 72-73°F on October 2?,42340234681486476187031251645254753757790275080460731436700352640920132406002,No,2026-10-01T07:00:17+00:00,0.925
0xc93a6cc5c7e3aaea0e8487ff648d5eea4caadce9bf1f45782bcdef6f9511892a,Miami,Will the lowest temperature in Miami be between 72-73°F on October 2?,42340234681486476187031251645254753757790275080460731436700352640920132406002,No,2026-10-01T08:00:33+00:00,0.925
0xc93a6cc5c7e3aaea0e8487ff648d5eea4caadce9bf1f45782bcdef6f9511892a,Miami,Will the lowest temperature in Miami be between 72-73°F on October 2?,42340234681486476187031251645254753757790275080460731436700352640920132406002,No,2026-10-01T09:00:59+00:00,0.925
0xc93a6cc5c7e3aaea0e8487ff648d5eea4caadce9bf1f45782bcdef6f9511892a,Miami,Will the lowest temperature in Miami be between 72-73°F on October 2?,42340234681486476187031251645254753757790275080460731436700352640920132406002,No,2026-10-01T10:00:18+00:00,0.925
0xc93a6cc5c7e3aaea0e8487ff648d5eea4caadce9bf1f45782bcdef6f9511892a,Miami,Will the lowest temperature in Miami be between 72-73°F on October 2?,42340234681486476187031251645254753757790275080460731436700352640920132406002,No,2026-10-01T10:10:16+00:00,0.925
0x9bfae2102cde3a20bfd3a368cf9cc08ac4af7532b9d5e51bcd02362d4314a5ca,Miami,Will the lowest temperature in Miami be between 74-75°F on October 2?,104792412264607541680456732537144435813348720704796825969726907775893971662681,Yes,2026-10-01T01:00:17+00:00,0.2
0x9bfae2102cde3a20bfd3a368cf9cc08ac4af7532b9d5e51bcd02362d4314a5ca,Miami,Will the lowest temperature in Miami be between 74-75°F on October 2?,104792412264607541680456732537144435813348720704796825969726907775893971662681,Yes,2026-10-01T02:00:18+00:00,0.2
0x9bfae2102cde3a20bfd3a368cf9cc08ac4af7532b9d5e51bcd02362d4314a5ca,Miami,Will the lowest temperature in Miami be between 74-75°F on October 2?,104792412264607541680456732537144435813348720704796825969726907775893971662681,Yes,2026-10-01T03:00:31+00:00,0.2
0x9bfae2102cde3a20bfd3a368cf9cc08ac4af7532b9d5e51bcd02362d4314a5ca,Miami,Will the lowest temperature in Miami be between 74-75°F on October 2?,104792412264607541680456732537144435813348720704796825969726907775893971662681,Yes,2026-10-01T04:00:32+00:00,0.2
0x9bfae2102cde3a20bfd3a368cf9cc08ac4af7532b9d5e51bcd02362d4314a5ca,Miami,Will the lowest temperature in Miami be between 74-75°F on October 2?,104792412264607541680456732537144435813348720704796825969726907775893971662681,Yes,2026-10-01T05:00:16+00:00,0.195
0x9bfae2102cde3a20bfd3a368cf9cc08ac4af7532b9d5e51bcd02362d4314a5ca,Miami,Will the lowest temperature in Miami be between 74-75°F on October 2?,104792412264607541680456732537144435813348720704796825969726907775893971662681,Yes,2026-10-01T06:00:18+00:00,0.225
0x9bfae2102cde3a20bfd3a368cf9cc08ac4af7532b9d5e51bcd02362d4314a5ca,Miami,Will the lowest temperature in Miami be between 74-75°F on October 2?,104792412264607541680456732537144435813348720704796825969726907775893971662681,Yes,2026-10-01T07:00:16+00:00,0.18
0x9bfae2102cde3a20bfd3a368cf9cc08ac4af7532b9d5e51bcd02362d4314a5ca,Miami,Will the lowest temperature in Miami be between 74-75°F on October 2?,104792412264607541680456732537144435813348720704796825969726907775893971662681,Yes,2026-10-01T08:00:32+00:00,0.18
0x9bfae2102cde3a20bfd3a368cf9cc08ac4af7532b9d5e51bcd02362d4314a5ca,Miami,Will the lowest temperature in Miami be between 74-75°F on October 2?,104792412264607541680456732537144435813348720704796825969726907775893971662681,Yes,2026-10-01T09:00:58+00:00,0.18
0x9bfae2102cde3a20bfd3a368cf9cc08ac4af7532b9d5e51bcd02362d4314a5ca,Miami,Will the lowest temperature in Miami be between 74-75°F on October 2?,104792412264607541680456732537144435813348720704796825969726907775893971662681,Yes,2026-10-01T10:00:17+00:00,0.18
0x9bfae2102cde3a20bfd3a368cf9cc08ac4af7532b9d5e51bcd02362d4314a5ca,Miami,Will the lowest temperature in Miami be between 74-75°F on October 2?,104792412264607541680456732537144435813348720704796825969726907775893971662681,Yes,2026-10-01T10:10:16+00:00,0.175
0x9bfae2102cde3a20bfd3a368cf9cc08ac4af7532b9d5e51bcd02362d4314a5ca,Miami,Will the lowest temperature in Miami be between 74-75°F on October 2?,36634306156126740240982715081362012884265606444615091852622610277740583839996,No,2026-10-01T01:00:18+00:00,0.8
0x9bfae2102cde3a20bfd3a368cf9cc08ac4af7532b9d5e51bcd02362d4314a5ca,Miami,Will the lowest temperature in Miami be between 74-75°F on October 2?,36634306156126740240982715081362012884265606444615091852622610277740583839996,No,2026-10-01T02:00:19+00:00,0.8
0x9bfae2102cde3a20bfd3a368cf9cc08ac4af7532b9d5e51bcd02362d4314a5ca,Miami,Will the lowest temperature in Miami be between 74-75°F on October 2?,36634306156126740240982715081362012884265606444615091852622610277740583839996,No,2026-10-01T03:00:32+00:00,0.8
0x9bfae2102cde3a20bfd3a368cf9cc08ac4af7532b9d5e51bcd02362d4314a5ca,Miami,Will the lowest temperature in Miami be between 74-75°F on October 2?,36634306156126740240982715081362012884265606444615091852622610277740583839996,No,2026-10-01T04:00:34+00:00,0.8
0x9bfae2102cde3a20bfd3a368cf9cc08ac4af7532b9d5e51bcd02362d4314a5ca,Miami,Will the lowest temperature in Miami be between 74-75°F on October 2?,36634306156126740240982715081362012884265606444615091852622610277740583839996,No,2026-10-01T05:00:18+00:00,0.805
0x9bfae2102cde3a20bfd3a368cf9cc08ac4af7532b9d5e51bcd02362d4314a5ca,Miami,Will the lowest temperature in Miami be between 74-75°F on October 2?,36634306156126740240982715081362012884265606444615091852622610277740583839996,No,2026-10-01T06:00:20+00:00,0.775
0x9bfae2102cde3a20bfd3a368cf9cc08ac4af7532b9d5e51bcd02362d4314a5ca,Miami,Will the lowest temperature in Miami be between 74-75°F on October 2?,36634306156126740240982715081362012884265606444615091852622610277740583839996,No,2026-10-01T07:00:17+00:00,0.82
0x9bfae2102cde3a20bfd3a368cf9cc08ac4af7532b9d5e51bcd02362d4314a5ca,Miami,Will the lowest temperature in Miami be between 74-75°F on October 2?,36634306156126740240982715081362012884265606444615091852622610277740583839996,No,2026-10-01T08:00:34+00:00,0.82
0x9bfae2102cde3a20bfd3a368cf9cc08ac4af7532b9d5e51bcd02362d4314a5ca,Miami,Will the lowest temperature in Miami be between 74-75°F on October 2?,36634306156126740240982715081362012884265606444615091852622610277740583839996,No,2026-10-01T10:00:18+00:00,0.82
0x9bfae2102cde3a20bfd3a368cf9cc08ac4af7532b9d5e51bcd02362d4314a5ca,Miami,Will the lowest temperature in Miami be between 74-75°F on October 2?,36634306156126740240982715081362012884265606444615091852622610277740583839996,No,2026-10-01T10:10:17+00:00,0.825
0xb6cac05b04f88344689a4567da8f534709d4d52e5447e42de05c74eeb2c67304,Miami,Will the lowest temperature in Miami be between 76-77°F on October 2?,35805745386048087566414879656477728949983710922094316916568692734953309113902,Yes,2026-10-01T01:00:20+00:00,0.25
0xb6cac05b04f88344689a4567da8f534709d4d52e5447e42de05c74eeb2c67304,Miami,Will the lowest temperature in Miami be between 76-77°F on October 2?,35805745386048087566414879656477728949983710922094316916568692734953309113902,Yes,2026-10-01T02:00:22+00:00,0.25
0xb6cac05b04f88344689a4567da8f534709d4d52e5447e42de05c74eeb2c67304,Miami,Will the lowest temperature in Miami be between 76-77°F on October 2?,35805745386048087566414879656477728949983710922094316916568692734953309113902,Yes,2026-10-01T03:00:36+00:00,0.25
0xb6cac05b04f88344689a4567da8f534709d4d52e5447e42de05c74eeb2c67304,Miami,Will the lowest temperature in Miami be between 76-77°F on October 2?,35805745386048087566414879656477728949983710922094316916568692734953309113902,Yes,2026-10-01T04:00:37+00:00,0.25
0xb6cac05b04f88344689a4567da8f534709d4d52e5447e42de05c74eeb2c67304,Miami,Will the lowest temperature in Miami be between 76-77°F on October 2?,35805745386048087566414879656477728949983710922094316916568692734953309113902,Yes,2026-10-01T05:00:20+00:00,0.08
0xb6cac05b04f88344689a4567da8f534709d4d52e5447e42de05c74eeb2c67304,Miami,Will the lowest temperature in Miami be between 76-77°F on October 2?,35805745386048087566414879656477728949983710922094316916568692734953309113902,Yes,2026-10-01T06:00:24+00:00,0.08
0xb6cac05b04f88344689a4567da8f534709d4d52e5447e42de05c74eeb2c67304,Miami,Will the lowest temperature in Miami be between 76-77°F on October 2?,35805745386048087566414879656477728949983710922094316916568692734953309113902,Yes,2026-10-01T07:00:20+00:00,0.095
0xb6cac05b04f88344689a4567da8f534709d4d52e5447e42de05c74eeb2c67304,Miami,Will the lowest temperature in Miami be between 76-77°F on October 2?,35805745386048087566414879656477728949983710922094316916568692734953309113902,Yes,2026-10-01T08:00:37+00:00,0.095
0xb6cac05b04f88344689a4567da8f534709d4d52e5447e42de05c74eeb2c67304,Miami,Will the lowest temperature in Miami be between 76-77°F on October 2?,35805745386048087566414879656477728949983710922094316916568692734953309113902,Yes,2026-10-01T10:00:22+00:00,0.095
0xb6cac05b04f88344689a4567da8f534709d4d52e5447e42de05c74eeb2c67304,Miami,Will the lowest temperature in Miami be between 76-77°F on October 2?,112037779418152719377581331964066664927750454775872705746046468353777498673986,No,2026-10-01T01:00:19+00:00,0.75
0xb6cac05b04f88344689a4567da8f534709d4d52e5447e42de05c74eeb2c67304,Miami,Will the lowest temperature in Miami be between 76-77°F on October 2?,112037779418152719377581331964066664927750454775872705746046468353777498673986,No,2026-10-01T02:00:21+00:00,0.75
0xb6cac05b04f88344689a4567da8f534709d4d52e5447e42de05c74eeb2c67304,Miami,Will the lowest temperature in Miami be between 76-77°F on October 2?,112037779418152719377581331964066664927750454775872705746046468353777498673986,No,2026-10-01T03:00:35+00:00,0.75
0xb6cac05b04f88344689a4567da8f534709d4d52e5447e42de05c74eeb2c67304,Miami,Will the lowest temperature in Miami be between 76-77°F on October 2?,112037779418152719377581331964066664927750454775872705746046468353777498673986,No,2026-10-01T04:00:36+00:00,0.75
0xb6cac05b04f88344689a4567da8f534709d4d52e5447e42de05c74eeb2c67304,Miami,Will the lowest temperature in Miami be between 76-77°F on October 2?,112037779418152719377581331964066664927750454775872705746046468353777498673986,No,2026-10-01T05:00:19+00:00,0.92
0xb6cac05b04f88344689a4567da8f534709d4d52e5447e42de05c74eeb2c67304,Miami,Will the lowest temperature in Miami be between 76-77°F on October 2?,112037779418152719377581331964066664927750454775872705746046468353777498673986,No,2026-10-01T06:00:23+00:00,0.92
0xb6cac05b04f88344689a4567da8f534709d4d52e5447e42de05c74eeb2c67304,Miami,Will the lowest temperature in Miami be between 76-77°F on October 2?,112037779418152719377581331964066664927750454775872705746046468353777498673986,No,2026-10-01T07:00:19+00:00,0.905
0xb6cac05b04f88344689a4567da8f534709d4d52e5447e42de05c74eeb2c67304,Miami,Will the lowest temperature in Miami be between 76-77°F on October 2?,112037779418152719377581331964066664927750454775872705746046468353777498673986,No,2026-10-01T08:00:36+00:00,0.905
0xb6cac05b04f88344689a4567da8f534709d4d52e5447e42de05c74eeb2c67304,Miami,Will the lowest temperature in Miami be between 76-77°F on October 2?,112037779418152719377581331964066664927750454775872705746046468353777498673986,No,2026-10-01T10:00:21+00:00,0.905
0xb6cac05b04f88344689a4567da8f534709d4d52e5447e42de05c74eeb2c67304,Miami,Will the lowest temperature in Miami be between 76-77°F on October 2?,112037779418152719377581331964066664927750454775872705746046468353777498673986,No,2026-10-01T10:10:18+00:00,0.905
0xe37347c0bf0321ee0e5b0bf11b9ed3248e2958cbc1b8afd97c2f83a78b651380,Miami,Will the lowest temperature in Miami be between 78-79°F on October 2?,55344648599971538124976370591201289991904219806924020324924397654370133317185,Yes,2026-10-01T01:00:18+00:00,0.28
0xe37347c0bf0321ee0e5b0bf11b9ed3248e2958cbc1b8afd97c2f83a78b651380,Miami,Will the lowest temperature in Miami be between 78-79°F on October 2?,55344648599971538124976370591201289991904219806924020324924397654370133317185,Yes,2026-10-01T02:00:20+00:00,0.28
0xe37347c0bf0321ee0e5b0bf11b9ed3248e2958cbc1b8afd97c2f83a78b651380,Miami,Will the lowest temperature in Miami be between 78-79°F on October 2?,55344648599971538124976370591201289991904219806924020324924397654370133317185,Yes,2026-10-01T03:00:34+00:00,0.28
0xe37347c0bf0321ee0e5b0bf11b9ed3248e2958cbc1b8afd97c2f83a78b651380,Miami,Will the lowest temperature in Miami be between 78-79°F on October 2?,55344648599971538124976370591201289991904219806924020324924397654370133317185,Yes,2026-10-01T04:00:34+00:00,0.29
0xe37347c0bf0321ee0e5b0bf11b9ed3248e2958cbc1b8afd97c2f83a78b651380,Miami,Will the lowest temperature in Miami be between 78-79°F on October 2?,55344648599971538124976370591201289991904219806924020324924397654370133317185,Yes,2026-10-01T05:00:18+00:00,0.34
0xe37347c0bf0321ee0e5b0bf11b9ed3248e2958cbc1b8afd97c2f83a78b651380,Miami,Will the lowest temperature in Miami be between 78-79°F on October 2?,55344648599971538124976370591201289991904219806924020324924397654370133317185,Yes,2026-10-01T06:00:21+00:00,0.35
0xe37347c0bf0321ee0e5b0bf11b9ed3248e2958cbc1b8afd97c2f83a78b651380,Miami,Will the lowest temperature in Miami be between 78-79°F on October 2?,55344648599971538124976370591201289991904219806924020324924397654370133317185,Yes,2026-10-01T07:00:18+00:00,0.305
0xe37347c0bf0321ee0e5b0bf11b9ed3248e2958cbc1b8afd97c2f83a78b651380,Miami,Will the lowest temperature in Miami be between 78-79°F on October 2?,55344648599971538124976370591201289991904219806924020324924397654370133317185,Yes,2026-10-01T08:00:35+00:00,0.33
0xe37347c0bf0321ee0e5b0bf11b9ed3248e2958cbc1b8afd97c2f83a78b651380,Miami,Will the lowest temperature in Miami be between 78-79°F on October 2?,55344648599971538124976370591201289991904219806924020324924397654370133317185,Yes,2026-10-01T10:00:19+00:00,0.29
0xe37347c0bf0321ee0e5b0bf11b9ed3248e2958cbc1b8afd97c2f83a78b651380,Miami,Will the lowest temperature in Miami be between 78-79°F on October 2?,55344648599971538124976370591201289991904219806924020324924397654370133317185,Yes,2026-10-01T10:10:17+00:00,0.295
0xe37347c0bf0321ee0e5b0bf11b9ed3248e2958cbc1b8afd97c2f83a78b651380,Miami,Will the lowest temperature in Miami be between 78-79°F on October 2?,112103341242658632643658902351214551946980205798927954879149253304936559118001,No,2026-10-01T01:00:16+00:00,0.72
0xe37347c0bf0321ee0e5b0bf11b9ed3248e2958cbc1b8afd97c2f83a78b651380,Miami,Will the lowest temperature in Miami be between 78-79°F on October 2?,112103341242658632643658902351214551946980205798927954879149253304936559118001,No,2026-10-01T02:00:18+00:00,0.72
0xe37347c0bf0321ee0e5b0bf11b9ed3248e2958cbc1b8afd97c2f83a78b651380,Miami,Will the lowest temperature in Miami be between 78-79°F on October 2?,112103341242658632643658902351214551946980205798927954879149253304936559118001,No,2026-10-01T03:00:30+00:00,0.72
0xe37347c0bf0321ee0e5b0bf11b9ed3248e2958cbc1b8afd97c2f83a78b651380,Miami,Will the lowest temperature in Miami be between 78-79°F on October 2?,112103341242658632643658902351214551946980205798927954879149253304936559118001,No,2026-10-01T04:00:32+00:00,0.71
0xe37347c0bf0321ee0e5b0bf11b9ed3248e2958cbc1b8afd97c2f83a78b651380,Miami,Will the lowest temperature in Miami be between 78-79°F on October 2?,112103341242658632643658902351214551946980205798927954879149253304936559118001,No,2026-10-01T05:00:16+00:00,0.66
0xe37347c0bf0321ee0e5b0bf11b9ed3248e2958cbc1b8afd97c2f83a78b651380,Miami,Will the lowest temperature in Miami be between 78-79°F on October 2?,112103341242658632643658902351214551946980205798927954879149253304936559118001,No,2026-10-01T06:00:17+00:00,0.65
0xe37347c0bf0321ee0e5b0bf11b9ed3248e2958cbc1b8afd97c2f83a78b651380,Miami,Will the lowest temperature in Miami be between 78-79°F on October 2?,112103341242658632643658902351214551946980205798927954879149253304936559118001,No,2026-10-01T07:00:16+00:00,0.695
0xe37347c0bf0321ee0e5b0bf11b9ed3248e2958cbc1b8afd97c2f83a78b651380,Miami,Will the lowest temperature in Miami be between 78-79°F on October 2?,112103341242658632643658902351214551946980205798927954879149253304936559118001,No,2026-10-01T08:00:32+00:00,0.67
0xe37347c0bf0321ee0e5b0bf11b9ed3248e2958cbc1b8afd97c2f83a78b651380,Miami,Will the lowest temperature in Miami be between 78-79°F on October 2?,112103341242658632643658902351214551946980205798927954879149253304936559118001,No,2026-10-01T09:00:57+00:00,0.57
0xe37347c0bf0321ee0e5b0bf11b9ed3248e2958cbc1b8afd97c2f83a78b651380,Miami,Will the lowest temperature in Miami be between 78-79°F on October 2?,112103341242658632643658902351214551946980205798927954879149253304936559118001,No,2026-10-01T10:00:16+00:00,0.71
0xe37347c0bf0321ee0e5b0bf11b9ed3248e2958cbc1b8afd97c2f83a78b651380,Miami,Will the lowest temperature in Miami be between 78-79°F on October 2?,112103341242658632643658902351214551946980205798927954879149253304936559118001,No,2026-10-01T10:10:16+00:00,0.705
0x2a2314ad56dede4878bf1db2b795cee171189299a5208459ff49fe18bedc0c55,Miami,Will the lowest temperature in Miami be between 80-81°F on October 2?,8986057012003325352289297204912943214556896528254170109485986344315742746825,Yes,2026-10-01T01:00:17+00:00,0.28
0x2a2314ad56dede4878bf1db2b795cee171189299a5208459ff49fe18bedc0c55,Miami,Will the lowest temperature in Miami be between 80-81°F on October 2?,8986057012003325352289297204912943214556896528254170109485986344315742746825,Yes,2026-10-01T02:00:18+00:00,0.27
0x2a2314ad56dede4878bf1db2b795cee171189299a5208459ff49fe18bedc0c55,Miami,Will the lowest temperature in Miami be between 80-81°F on October 2?,8986057012003325352289297204912943214556896528254170109485986344315742746825,Yes,2026-10-01T03:00:31+00:00,0.37
0x2a2314ad56dede4878bf1db2b795cee171189299a5208459ff49fe18bedc0c55,Miami,Will the lowest temperature in Miami be between 80-81°F on October 2?,8986057012003325352289297204912943214556896528254170109485986344315742746825,Yes,2026-10-01T04:00:33+00:00,0.275
0x2a2314ad56dede4878bf1db2b795cee171189299a5208459ff49fe18bedc0c55,Miami,Will the lowest temperature in Miami be between 80-81°F on October 2?,8986057012003325352289297204912943214556896528254170109485986344315742746825,Yes,2026-10-01T05:00:17+00:00,0.37
0x2a2314ad56dede4878bf1db2b795cee171189299a5208459ff49fe18bedc0c55,Miami,Will the lowest temperature in Miami be between 80-81°F on October 2?,8986057012003325352289297204912943214556896528254170109485986344315742746825,Yes,2026-10-01T06:00:19+00:00,0.48
0x2a2314ad56dede4878bf1db2b795cee171189299a5208459ff49fe18bedc0c55,Miami,Will the lowest temperature in Miami be between 80-81°F on October 2?,8986057012003325352289297204912943214556896528254170109485986344315742746825,Yes,2026-10-01T07:00:17+00:00,0.32
0x2a2314ad56dede4878bf1db2b795cee171189299a5208459ff49fe18bedc0c55,Miami,Will the lowest temperature in Miami be between 80-81°F on October 2?,8986057012003325352289297204912943214556896528254170109485986344315742746825,Yes,2026-10-01T08:00:33+00:00,0.355
0x2a2314ad56dede4878bf1db2b795cee171189299a5208459ff49fe18bedc0c55,Miami,Will the lowest temperature in Miami be between 80-81°F on October 2?,8986057012003325352289297204912943214556896528254170109485986344315742746825,Yes,2026-10-01T09:00:59+00:00,0.36
0x2a2314ad56dede4878bf1db2b795cee171189299a5208459ff49fe18bedc0c55,Miami,Will the lowest temperature in Miami be between 80-81°F on October 2?,8986057012003325352289297204912943214556896528254170109485986344315742746825,Yes,2026-10-01T10:00:17+00:00,0.45
0x2a2314ad56dede4878bf1db2b795cee171189299a5208459ff49fe18bedc0c55,Miami,Will the lowest temperature in Miami be between 80-81°F on October 2?,8986057012003325352289297204912943214556896528254170109485986344315742746825,Yes,2026-10-01T10:09:15+00:00,0.45
0x2a2314ad56dede4878bf1db2b795cee171189299a5208459ff49fe18bedc0c55,Miami,Will the lowest temperature in Miami be between 80-81°F on October 2?,848431760432910787029766694259574538455455853749779261980293688478031395347,No,2026-10-01T01:00:16+00:00,0.72
0x2a2314ad56dede4878bf1db2b795cee171189299a5208459ff49fe18bedc0c55,Miami,Will the lowest temperature in Miami be between 80-81°F on October 2?,848431760432910787029766694259574538455455853749779261980293688478031395347,No,2026-10-01T02:00:16+00:00,0.73
0x2a2314ad56dede4878bf1db2b795cee171189299a5208459ff49fe18bedc0c55,Miami,Will the lowest temperature in Miami be between 80-81°F on October 2?,848431760432910787029766694259574538455455853749779261980293688478031395347,No,2026-10-01T03:00:28+00:00,0.63
0x2a2314ad56dede4878bf1db2b795cee171189299a5208459ff49fe18bedc0c55,Miami,Will the lowest temperature in Miami be between 80-81°F on October 2?,848431760432910787029766694259574538455455853749779261980293688478031395347,No,2026-10-01T04:00:31+00:00,0.725
0x2a2314ad56dede4878bf1db2b795cee171189299a5208459ff49fe18bedc0c55,Miami,Will the lowest temperature in Miami be between 80-81°F on October 2?,848431760432910787029766694259574538455455853749779261980293688478031395347,No,2026-10-01T05:00:15+00:00,0.63
0x2a2314ad56dede4878bf1db2b795cee171189299a5208459ff49fe18bedc0c55,Miami,Will the lowest temperature in Miami be between 80-81°F on October 2?,848431760432910787029766694259574538455455853749779261980293688478031395347,No,2026-10-01T06:00:15+00:00,0.52
0x2a2314ad56dede4878bf1db2b795cee171189299a5208459ff49fe18bedc0c55,Miami,Will the lowest temperature in Miami be between 80-81°F on October 2?,848431760432910787029766694259574538455455853749779261980293688478031395347,No,2026-10-01T07:00:15+00:00,0.68
0x2a2314ad56dede4878bf1db2b795cee171189299a5208459ff49fe18bedc0c55,Miami,Will the lowest temperature in Miami be between 80-81°F on October 2?,848431760432910787029766694259574538455455853749779261980293688478031395347,No,2026-10-01T08:00:30+00:00,0.645
0x2a2314ad56dede4878bf1db2b795cee171189299a5208459ff49fe18bedc0c55,Miami,Will the lowest temperature in Miami be between 80-81°F on October 2?,848431760432910787029766694259574538455455853749779261980293688478031395347,No,2026-10-01T09:00:56+00:00,0.64
0x2a2314ad56dede4878bf1db2b795cee171189299a5208459ff49fe18bedc0c55,Miami,Will the lowest temperature in Miami be between 80-81°F on October 2?,848431760432910787029766694259574538455455853749779261980293688478031395347,No,2026-10-01T10:00:15+00:00,0.55
0x2a2314ad56dede4878bf1db2b795cee171189299a5208459ff49fe18bedc0c55,Miami,Will the lowest temperature in Miami be between 80-81°F on October 2?,848431760432910787029766694259574538455455853749779261980293688478031395347,No,2026-10-01T10:10:15+00:00,0.55
0xa56c155aa7560b76d4e3017daaa431085e94a3e85089687886b746bee0f2f843,Miami,Will the lowest temperature in Miami be between 82-83°F on October 2?,79967308155596773274204557316096667903314990650371297429519347263269343403122,Yes,2026-10-01T01:00:16+00:00,0.2
0xa56c155aa7560b76d4e3017daaa431085e94a3e85089687886b746bee0f2f843,Miami,Will the lowest temperature in Miami be between 82-83°F on October 2?,79967308155596773274204557316096667903314990650371297429519347263269343403122,Yes,2026-10-01T02:00:16+00:00,0.2
0xa56c155aa7560b76d4e3017daaa431085e94a3e85089687886b746bee0f2f843,Miami,Will the lowest temperature in Miami be between 82-83°F on October 2?,79967308155596773274204557316096667903314990650371297429519347263269343403122,Yes,2026-10-01T03:00:28+00:00,0.2
0xa56c155aa7560b76d4e3017daaa431085e94a3e85089687886b746bee0f2f843,Miami,Will the lowest temperature in Miami be between 82-83°F on October 2?,79967308155596773274204557316096667903314990650371297429519347263269343403122,Yes,2026-10-01T04:00:31+00:00,0.2
0xa56c155aa7560b76d4e3017daaa431085e94a3e85089687886b746bee0f2f843,Miami,Will the lowest temperature in Miami be between 82-83°F on October 2?,79967308155596773274204557316096667903314990650371297429519347263269343403122,Yes,2026-10-01T05:00:15+00:00,0.2
0xa56c155aa7560b76d4e3017daaa431085e94a3e85089687886b746bee0f2f843,Miami,Will the lowest temperature in Miami be between 82-83°F on October 2?,79967308155596773274204557316096667903314990650371297429519347263269343403122,Yes,2026-10-01T06:00:15+00:00,0.23
0xa56c155aa7560b76d4e3017daaa431085e94a3e85089687886b746bee0f2f843,Miami,Will the lowest temperature in Miami be between 82-83°F on October 2?,79967308155596773274204557316096667903314990650371297429519347263269343403122,Yes,2026-10-01T07:00:15+00:00,0.175
0xa56c155aa7560b76d4e3017daaa431085e94a3e85089687886b746bee0f2f843,Miami,Will the lowest temperature in Miami be between 82-83°F on October 2?,79967308155596773274204557316096667903314990650371297429519347263269343403122,Yes,2026-10-01T08:00:31+00:00,0.175
0xa56c155aa7560b76d4e3017daaa431085e94a3e85089687886b746bee0f2f843,Miami,Will the lowest temperature in Miami be between 82-83°F on October 2?,79967308155596773274204557316096667903314990650371297429519347263269343403122,Yes,2026-10-01T09:00:56+00:00,0.175
0xa56c155aa7560b76d4e3017daaa431085e94a3e85089687886b746bee0f2f843,Miami,Will the lowest temperature in Miami be between 82-83°F on October 2?,79967308155596773274204557316096667903314990650371297429519347263269343403122,Yes,2026-10-01T10:00:15+00:00,0.175
0xa56c155aa7560b76d4e3017daaa431085e94a3e85089687886b746bee0f2f843,Miami,Will the lowest temperature in Miami be between 82-83°F on October 2?,79967308155596773274204557316096667903314990650371297429519347263269343403122,Yes,2026-10-01T10:10:15+00:00,0.17
0xa56c155aa7560b76d4e3017daaa431085e94a3e85089687886b746bee0f2f843,Miami,Will the lowest temperature in Miami be between 82-83°F on October 2?,32023928577018553583732455096176331562731345944213628919111662628793762111320,No,2026-10-01T01:00:16+00:00,0.8
0xa56c155aa7560b76d4e3017daaa431085e94a3e85089687886b746bee0f2f843,Miami,Will the lowest temperature in Miami be between 82-83°F on October 2?,32023928577018553583732455096176331562731345944213628919111662628793762111320,No,2026-10-01T02:00:17+00:00,0.8
0xa56c155aa7560b76d4e3017daaa431085e94a3e85089687886b746bee0f2f843,Miami,Will the lowest temperature in Miami be between 82-83°F on October 2?,32023928577018553583732455096176331562731345944213628919111662628793762111320,No,2026-10-01T03:00:29+00:00,0.8
0xa56c155aa7560b76d4e3017daaa431085e94a3e85089687886b746bee0f2f843,Miami,Will the lowest temperature in Miami be between 82-83°F on October 2?,32023928577018553583732455096176331562731345944213628919111662628793762111320,No,2026-10-01T04:00:31+00:00,0.8
0xa56c155aa7560b76d4e3017daaa431085e94a3e85089687886b746bee0f2f843,Miami,Will the lowest temperature in Miami be between 82-83°F on October 2?,32023928577018553583732455096176331562731345944213628919111662628793762111320,No,2026-10-01T05:00:15+00:00,0.8
0xa56c155aa7560b76d4e3017daaa431085e94a3e85089687886b746bee0f2f843,Miami,Will the lowest temperature in Miami be between 82-83°F on October 2?,32023928577018553583732455096176331562731345944213628919111662628793762111320,No,2026-10-01T06:00:16+00:00,0.77
0xa56c155aa7560b76d4e3017daaa431085e94a3e85089687886b746bee0f2f843,Miami,Will the lowest temperature in Miami be between 82-83°F on October 2?,32023928577018553583732455096176331562731345944213628919111662628793762111320,No,2026-10-01T07:00:15+00:00,0.825
0xa56c155aa7560b76d4e3017daaa431085e94a3e85089687886b746bee0f2f843,Miami,Will the lowest temperature in Miami be between 82-83°F on October 2?,32023928577018553583732455096176331562731345944213628919111662628793762111320,No,2026-10-01T08:00:31+00:00,0.825
0xa56c155aa7560b76d4e3017daaa431085e94a3e85089687886b746bee0f2f843,Miami,Will the lowest temperature in Miami be between 82-83°F on October 2?,32023928577018553583732455096176331562731345944213628919111662628793762111320,No,2026-10-01T09:00:56+00:00,0.825
0xa56c155aa7560b76d4e3017daaa431085e94a3e85089687886b746bee0f2f843,Miami,Will the lowest temperature in Miami be between 82-83°F on October 2?,32023928577018553583732455096176331562731345944213628919111662628793762111320,No,2026-10-01T10:00:15+00:00,0.825
0xa56c155aa7560b76d4e3017daaa431085e94a3e85089687886b746bee0f2f843,Miami,Will the lowest temperature in Miami be between 82-83°F on October 2?,32023928577018553583732455096176331562731345944213628919111662628793762111320,No,2026-10-01T10:10:15+00:00,0.83
0x1898875fc108886e196d965eb56fe72beab9408437e141f5150a944698a5bf9f,Miami,Will the lowest temperature in Miami be between 84-85°F on October 2?,108212866316014952788733512502474304171424878879483118010398599971366742407791,Yes,2026-10-01T01:00:18+00:00,0.23
0x1898875fc108886e196d965eb56fe72beab9408437e141f5150a944698a5bf9f,Miami,Will the lowest temperature in Miami be between 84-85°F on October 2?,108212866316014952788733512502474304171424878879483118010398599971366742407791,Yes,2026-10-01T02:00:20+00:00,0.23
0x1898875fc108886e196d965eb56fe72beab9408437e141f5150a944698a5bf9f,Miami,Will the lowest temperature in Miami be between 84-85°F on October 2?,108212866316014952788733512502474304171424878879483118010398599971366742407791,Yes,2026-10-01T03:00:34+00:00,0.23
0x1898875fc108886e196d965eb56fe72beab9408437e141f5150a944698a5bf9f,Miami,Will the lowest temperature in Miami be between 84-85°F on October 2?,108212866316014952788733512502474304171424878879483118010398599971366742407791,Yes,2026-10-01T04:00:34+00:00,0.23
0x1898875fc108886e196d965eb56fe72beab9408437e141f5150a944698a5bf9f,Miami,Will the lowest temperature in Miami be between 84-85°F on October 2?,108212866316014952788733512502474304171424878879483118010398599971366742407791,Yes,2026-10-01T05:00:18+00:00,0.225
0x1898875fc108886e196d965eb56fe72beab9408437e141f5150a944698a5bf9f,Miami,Will the lowest temperature in Miami be between 84-85°F on October 2?,108212866316014952788733512502474304171424878879483118010398599971366742407791,Yes,2026-10-01T06:00:21+00:00,0.22
0x1898875fc108886e196d965eb56fe72beab9408437e141f5150a944698a5bf9f,Miami,Will the lowest temperature in Miami be between 84-85°F on October 2?,108212866316014952788733512502474304171424878879483118010398599971366742407791,Yes,2026-10-01T07:00:18+00:00,0.08
0x1898875fc108886e196d965eb56fe72beab9408437e141f5150a944698a5bf9f,Miami,Will the lowest temperature in Miami be between 84-85°F on October 2?,108212866316014952788733512502474304171424878879483118010398599971366742407791,Yes,2026-10-01T08:00:35+00:00,0.08
0x1898875fc108886e196d965eb56fe72beab9408437e141f5150a944698a5bf9f,Miami,Will the lowest temperature in Miami be between 84-85°F on October 2?,108212866316014952788733512502474304171424878879483118010398599971366742407791,Yes,2026-10-01T10:00:19+00:00,0.08
0x1898875fc108886e196d965eb56fe72beab9408437e141f5150a944698a5bf9f,Miami,Will the lowest temperature in Miami be between 84-85°F on October 2?,108212866316014952788733512502474304171424878879483118010398599971366742407791,Yes,2026-10-01T10:10:17+00:00,0.08
0x1898875fc108886e196d965eb56fe72beab9408437e141f5150a944698a5bf9f,Miami,Will the lowest temperature in Miami be between 84-85°F on October 2?,113649693306599185211161264847738580022278300883899920258894008518040992890609,No,2026-10-01T01:00:18+00:00,0.77
0x1898875fc108886e196d965eb56fe72beab9408437e141f5150a944698a5bf9f,Miami,Will the lowest temperature in Miami be between 84-85°F on October 2?,113649693306599185211161264847738580022278300883899920258894008518040992890609,No,2026-10-01T02:00:19+00:00,0.77
0x1898875fc108886e196d965eb56fe72beab9408437e141f5150a944698a5bf9f,Miami,Will the lowest temperature in Miami be between 84-85°F on October 2?,113649693306599185211161264847738580022278300883899920258894008518040992890609,No,2026-10-01T03:00:33+00:00,0.77
0x1898875fc108886e196d965eb56fe72beab9408437e141f5150a944698a5bf9f,Miami,Will the lowest temperature in Miami be between 84-85°F on October 2?,113649693306599185211161264847738580022278300883899920258894008518040992890609,No,2026-10-01T04:00:34+00:00,0.77
0x1898875fc108886e196d965eb56fe72beab9408437e141f5150a944698a5bf9f,Miami,Will the lowest temperature in Miami be between 84-85°F on October 2?,113649693306599185211161264847738580022278300883899920258894008518040992890609,No,2026-10-01T05:00:18+00:00,0.775
0x1898875fc108886e196d965eb56fe72beab9408437e141f5150a944698a5bf9f,Miami,Will the lowest temperature in Miami be between 84-85°F on October 2?,113649693306599185211161264847738580022278300883899920258894008518040992890609,No,2026-10-01T06:00:20+00:00,0.78
0x1898875fc108886e196d965eb56fe72beab9408437e141f5150a944698a5bf9f,Miami,Will the lowest temperature in Miami be between 84-85°F on October 2?,113649693306599185211161264847738580022278300883899920258894008518040992890609,No,2026-10-01T07:00:18+00:00,0.92
0x1898875fc108886e196d965eb56fe72beab9408437e141f5150a944698a5bf9f,Miami,Will the lowest temperature in Miami be between 84-85°F on October 2?,113649693306599185211161264847738580022278300883899920258894008518040992890609,No,2026-10-01T08:00:34+00:00,0.92
0x1898875fc108886e196d965eb56fe72beab9408437e141f5150a944698a5bf9f,Miami,Will the lowest temperature in Miami be between 84-85°F on October 2?,113649693306599185211161264847738580022278300883899920258894008518040992890609,No,2026-10-01T10:00:19+00:00,0.92
0x1898875fc108886e196d965eb56fe72beab9408437e141f5150a944698a5bf9f,Miami,Will the lowest temperature in Miami be between 84-85°F on October 2?,113649693306599185211161264847738580022278300883899920258894008518040992890609,No,2026-10-01T10:10:17+00:00,0.92
0x2c5973f0f256ae29d8366e80f7bf0c7cf95fbc39cd8fb3ef1013f593dbea678e,Miami,Will the lowest temperature in Miami be between 86-87°F on October 2?,56952766332816792837651239072776474852183519149694662163098636711285411925879,Yes,2026-10-01T01:00:19+00:00,0.0055
0x2c5973f0f256ae29d8366e80f7bf0c7cf95fbc39cd8fb3ef1013f593dbea678e,Miami,Will the lowest temperature in Miami be between 86-87°F on October 2?,56952766332816792837651239072776474852183519149694662163098636711285411925879,Yes,2026-10-01T02:00:21+00:00,0.0055
0x2c5973f0f256ae29d8366e80f7bf0c7cf95fbc39cd8fb3ef1013f593dbea678e,Miami,Will the lowest temperature in Miami be between 86-87°F on October 2?,56952766332816792837651239072776474852183519149694662163098636711285411925879,Yes,2026-10-01T03:00:35+00:00,0.0055
0x2c5973f0f256ae29d8366e80f7bf0c7cf95fbc39cd8fb3ef1013f593dbea678e,Miami,Will the lowest temperature in Miami be between 86-87°F on October 2?,56952766332816792837651239072776474852183519149694662163098636711285411925879,Yes,2026-10-01T04:00:36+00:00,0.0055
0x2c5973f0f256ae29d8366e80f7bf0c7cf95fbc39cd8fb3ef1013f593dbea678e,Miami,Will the lowest temperature in Miami be between 86-87°F on October 2?,56952766332816792837651239072776474852183519149694662163098636711285411925879,Yes,2026-10-01T05:00:19+00:00,0.0055
0x2c5973f0f256ae29d8366e80f7bf0c7cf95fbc39cd8fb3ef1013f593dbea678e,Miami,Will the lowest temperature in Miami be between 86-87°F on October 2?,56952766332816792837651239072776474852183519149694662163098636711285411925879,Yes,2026-10-01T06:00:23+00:00,0.0055
0x2c5973f0f256ae29d8366e80f7bf0c7cf95fbc39cd8fb3ef1013f593dbea678e,Miami,Will the lowest temperature in Miami be between 86-87°F on October 2?,56952766332816792837651239072776474852183519149694662163098636711285411925879,Yes,2026-10-01T07:00:19+00:00,0.0055
0x2c5973f0f256ae29d8366e80f7bf0c7cf95fbc39cd8fb3ef1013f593dbea678e,Miami,Will the lowest temperature in Miami be between 86-87°F on October 2?,56952766332816792837651239072776474852183519149694662163098636711285411925879,Yes,2026-10-01T08:00:36+00:00,0.0055
0x2c5973f0f256ae29d8366e80f7bf0c7cf95fbc39cd8fb3ef1013f593dbea678e,Miami,Will the lowest temperature in Miami be between 86-87°F on October 2?,56952766332816792837651239072776474852183519149694662163098636711285411925879,Yes,2026-10-01T10:00:21+00:00,0.0055
0x2c5973f0f256ae29d8366e80f7bf0c7cf95fbc39cd8fb3ef1013f593dbea678e,Miami,Will the lowest temperature in Miami be between 86-87°F on October 2?,56952766332816792837651239072776474852183519149694662163098636711285411925879,Yes,2026-10-01T10:10:18+00:00,0.0055
0x2c5973f0f256ae29d8366e80f7bf0c7cf95fbc39cd8fb3ef1013f593dbea678e,Miami,Will the lowest temperature in Miami be between 86-87°F on October 2?,73992218158951142049308078180720603921377354328667795429218877913517751471973,No,2026-10-01T01:00:20+00:00,0.9945
0x2c5973f0f256ae29d8366e80f7bf0c7cf95fbc39cd8fb3ef1013f593dbea678e,Miami,Will the lowest temperature in Miami be between 86-87°F on October 2?,73992218158951142049308078180720603921377354328667795429218877913517751471973,No,2026-10-01T02:00:21+00:00,0.9945
0x2c5973f0f256ae29d8366e80f7bf0c7cf95fbc39cd8fb3ef1013f593dbea678e,Miami,Will the lowest temperature in Miami be between 86-87°F on October 2?,73992218158951142049308078180720603921377354328667795429218877913517751471973,No,2026-10-01T03:00:36+00:00,0.9945
0x2c5973f0f256ae29d8366e80f7bf0c7cf95fbc39cd8fb3ef1013f593dbea678e,Miami,Will the lowest temperature in Miami be between 86-87°F on October 2?,73992218158951142049308078180720603921377354328667795429218877913517751471973,No,2026-10-01T04:00:36+00:00,0.9945
0x2c5973f0f256ae29d8366e80f7bf0c7cf95fbc39cd8fb3ef1013f593dbea678e,Miami,Will the lowest temperature in Miami be between 86-87°F on October 2?,73992218158951142049308078180720603921377354328667795429218877913517751471973,No,2026-10-01T05:00:20+00:00,0.9945
0x2c5973f0f256ae29d8366e80f7bf0c7cf95fbc39cd8fb3ef1013f593dbea678e,Miami,Will the lowest temperature in Miami be between 86-87°F on October 2?,73992218158951142049308078180720603921377354328667795429218877913517751471973,No,2026-10-01T06:00:24+00:00,0.9945
0x2c5973f0f256ae29d8366e80f7bf0c7cf95fbc39cd8fb3ef1013f593dbea678e,Miami,Will the lowest temperature in Miami be between 86-87°F on October 2?,73992218158951142049308078180720603921377354328667795429218877913517751471973,No,2026-10-01T07:00:19+00:00,0.9945
0x2c5973f0f256ae29d8366e80f7bf0c7cf95fbc39cd8fb3ef1013f593dbea678e,Miami,Will the lowest temperature in Miami be between 86-87°F on October 2?,73992218158951142049308078180720603921377354328667795429218877913517751471973,No,2026-10-01T08:00:37+00:00,0.9945
0x2c5973f0f256ae29d8366e80f7bf0c7cf95fbc39cd8fb3ef1013f593dbea678e,Miami,Will the lowest temperature in Miami be between 86-87°F on October 2?,73992218158951142049308078180720603921377354328667795429218877913517751471973,No,2026-10-01T10:00:22+00:00,0.9945
0x2c5973f0f256ae29d8366e80f7bf0c7cf95fbc39cd8fb3ef1013f593dbea678e,Miami,Will the lowest temperature in Miami be between 86-87°F on October 2?,73992218158951142049308078180720603921377354328667795429218877913517751471973,No,2026-10-01T10:10:18+00:00,0.9945
0x0017c49ab58baf2af6b577dbb7fa8eb2254a603dcb9e4685d5b74655bac22bd8,Miami,Will the lowest temperature in Miami be between 88-89°F on October 2?,113608305710496706262489594486173738061402630801589329744386397328701789359617,Yes,2026-10-01T01:00:17+00:00,0.0055
0x0017c49ab58baf2af6b577dbb7fa8eb2254a603dcb9e4685d5b74655bac22bd8,Miami,Will the lowest temperature in Miami be between 88-89°F on October 2?,113608305710496706262489594486173738061402630801589329744386397328701789359617,Yes,2026-10-01T02:00:18+00:00,0.0055
0x0017c49ab58baf2af6b577dbb7fa8eb2254a603dcb9e4685d5b74655bac22bd8,Miami,Will the lowest temperature in Miami be between 88-89°F on October 2?,113608305710496706262489594486173738061402630801589329744386397328701789359617,Yes,2026-10-01T03:00:31+00:00,0.0055
0x0017c49ab58baf2af6b577dbb7fa8eb2254a603dcb9e4685d5b74655bac22bd8,Miami,Will the lowest temperature in Miami be between 88-89°F on October 2?,113608305710496706262489594486173738061402630801589329744386397328701789359617,Yes,2026-10-01T04:00:33+00:00,0.0055
0x0017c49ab58baf2af6b577dbb7fa8eb2254a603dcb9e4685d5b74655bac22bd8,Miami,Will the lowest temperature in Miami be between 88-89°F on October 2?,113608305710496706262489594486173738061402630801589329744386397328701789359617,Yes,2026-10-01T05:00:17+00:00,0.0055
0x0017c49ab58baf2af6b577dbb7fa8eb2254a603dcb9e4685d5b74655bac22bd8,Miami,Will the lowest temperature in Miami be between 88-89°F on October 2?,113608305710496706262489594486173738061402630801589329744386397328701789359617,Yes,2026-10-01T06:00:18+00:00,0.0055
0x0017c49ab58baf2af6b577dbb7fa8eb2254a603dcb9e4685d5b74655bac22bd8,Miami,Will the lowest temperature in Miami be between 88-89°F on October 2?,113608305710496706262489594486173738061402630801589329744386397328701789359617,Yes,2026-10-01T07:00:17+00:00,0.0055
0x0017c49ab58baf2af6b577dbb7fa8eb2254a603dcb9e4685d5b74655bac22bd8,Miami,Will the lowest temperature in Miami be between 88-89°F on October 2?,113608305710496706262489594486173738061402630801589329744386397328701789359617,Yes,2026-10-01T08:00:33+00:00,0.0055
0x0017c49ab58baf2af6b577dbb7fa8eb2254a603dcb9e4685d5b74655bac22bd8,Miami,Will the lowest temperature in Miami be between 88-89°F on October 2?,113608305710496706262489594486173738061402630801589329744386397328701789359617,Yes,2026-10-01T09:00:59+00:00,0.0055
0x0017c49ab58baf2af6b577dbb7fa8eb2254a603dcb9e4685d5b74655bac22bd8,Miami,Will the lowest temperature in Miami be between 88-89°F on October 2?,113608305710496706262489594486173738061402630801589329744386397328701789359617,Yes,2026-10-01T10:00:17+00:00,0.0055
0x0017c49ab58baf2af6b577dbb7fa8eb2254a603dcb9e4685d5b74655bac22bd8,Miami,Will the lowest temperature in Miami be between 88-89°F on October 2?,113608305710496706262489594486173738061402630801589329744386397328701789359617,Yes,2026-10-01T10:10:16+00:00,0.0055
0x0017c49ab58baf2af6b577dbb7fa8eb2254a603dcb9e4685d5b74655bac22bd8,Miami,Will the lowest temperature in Miami be between 88-89°F on October 2?,101563252716989890416219582505885108180779115334915046039213053858715070864028,No,2026-10-01T01:00:22+00:00,0.9945
0x0017c49ab58baf2af6b577dbb7fa8eb2254a603dcb9e4685d5b74655bac22bd8,Miami,Will the lowest temperature in Miami be between 88-89°F on October 2?,101563252716989890416219582505885108180779115334915046039213053858715070864028,No,2026-10-01T02:00:23+00:00,0.9945
0x0017c49ab58baf2af6b577dbb7fa8eb2254a603dcb9e4685d5b74655bac22bd8,Miami,Will the lowest temperature in Miami be between 88-89°F on October 2?,101563252716989890416219582505885108180779115334915046039213053858715070864028,No,2026-10-01T03:00:39+00:00,0.9945
0x0017c49ab58baf2af6b577dbb7fa8eb2254a603dcb9e4685d5b74655bac22bd8,Miami,Will the lowest temperature in Miami be between 88-89°F on October 2?,101563252716989890416219582505885108180779115334915046039213053858715070864028,No,2026-10-01T04:00:39+00:00,0.9945
0x0017c49ab58baf2af6b577dbb7fa8eb2254a603dcb9e4685d5b74655bac22bd8,Miami,Will the lowest temperature in Miami be between 88-89°F on October 2?,101563252716989890416219582505885108180779115334915046039213053858715070864028,No,2026-10-01T05:00:22+00:00,0.9945
0x0017c49ab58baf2af6b577dbb7fa8eb2254a603dcb9e4685d5b74655bac22bd8,Miami,Will the lowest temperature in Miami be between 88-89°F on October 2?,101563252716989890416219582505885108180779115334915046039213053858715070864028,No,2026-10-01T06:00:27+00:00,0.9945
0x0017c49ab58baf2af6b577dbb7fa8eb2254a603dcb9e4685d5b74655bac22bd8,Miami,Will the lowest temperature in Miami be between 88-89°F on October 2?,101563252716989890416219582505885108180779115334915046039213053858715070864028,No,2026-10-01T07:00:21+00:00,0.9945
0x0017c49ab58baf2af6b577dbb7fa8eb2254a603dcb9e4685d5b74655bac22bd8,Miami,Will the lowest temperature in Miami be between 88-89°F on October 2?,101563252716989890416219582505885108180779115334915046039213053858715070864028,No,2026-10-01T08:00:40+00:00,0.9945
0x0017c49ab58baf2af6b577dbb7fa8eb2254a603dcb9e4685d5b74655bac22bd8,Miami,Will the lowest temperature in Miami be between 88-89°F on October 2?,101563252716989890416219582505885108180779115334915046039213053858715070864028,No,2026-10-01T10:00:24+00:00,0.9945
0x0017c49ab58baf2af6b577dbb7fa8eb2254a603dcb9e4685d5b74655bac22bd8,Miami,Will the lowest temperature in Miami be between 88-89°F on October 2?,101563252716989890416219582505885108180779115334915046039213053858715070864028,No,2026-10-01T10:09:18+00:00,0.9945
0xb564861b04c42e668e7e48078938020d7799d5a4aa4e19e08383310f40c131d1,Miami,Will the lowest temperature in Miami be 90°F or higher on October 2?,61984666043107311057938422370324457649308176957447818070301367532064464338241,Yes,2026-10-01T01:00:17+00:00,0.0055
0xb564861b04c42e668e7e48078938020d7799d5a4aa4e19e08383310f40c131d1,Miami,Will the lowest temperature in Miami be 90°F or higher on October 2?,61984666043107311057938422370324457649308176957447818070301367532064464338241,Yes,2026-10-01T02:00:19+00:00,0.0055
0xb564861b04c42e668e7e48078938020d7799d5a4aa4e19e08383310f40c131d1,Miami,Will the lowest temperature in Miami be 90°F or higher on October 2?,61984666043107311057938422370324457649308176957447818070301367532064464338241,Yes,2026-10-01T03:00:32+00:00,0.0055
0xb564861b04c42e668e7e48078938020d7799d5a4aa4e19e08383310f40c131d1,Miami,Will the lowest temperature in Miami be 90°F or higher on October 2?,61984666043107311057938422370324457649308176957447818070301367532064464338241,Yes,2026-10-01T04:00:33+00:00,0.0055
0xb564861b04c42e668e7e48078938020d7799d5a4aa4e19e08383310f40c131d1,Miami,Will the lowest temperature in Miami be 90°F or higher on October 2?,61984666043107311057938422370324457649308176957447818070301367532064464338241,Yes,2026-10-01T05:00:17+00:00,0.0055
0xb564861b04c42e668e7e48078938020d7799d5a4aa4e19e08383310f40c131d1,Miami,Will the lowest temperature in Miami be 90°F or higher on October 2?,61984666043107311057938422370324457649308176957447818070301367532064464338241,Yes,2026-10-01T06:00:19+00:00,0.0055
0xb564861b04c42e668e7e48078938020d7799d5a4aa4e19e08383310f40c131d1,Miami,Will the lowest temperature in Miami be 90°F or higher on October 2?,61984666043107311057938422370324457649308176957447818070301367532064464338241,Yes,2026-10-01T07:00:17+00:00,0.0055
0xb564861b04c42e668e7e48078938020d7799d5a4aa4e19e08383310f40c131d1,Miami,Will the lowest temperature in Miami be 90°F or higher on October 2?,61984666043107311057938422370324457649308176957447818070301367532064464338241,Yes,2026-10-01T08:00:33+00:00,0.0055
0xb564861b04c42e668e7e48078938020d7799d5a4aa4e19e08383310f40c131d1,Miami,Will the lowest temperature in Miami be 90°F or higher on October 2?,61984666043107311057938422370324457649308176957447818070301367532064464338241,Yes,2026-10-01T09:00:59+00:00,0.0055
0xb564861b04c42e668e7e48078938020d7799d5a4aa4e19e08383310f40c131d1,Miami,Will the lowest temperature in Miami be 90°F or higher on October 2?,61984666043107311057938422370324457649308176957447818070301367532064464338241,Yes,2026-10-01T10:00:18+00:00,0.0055
0xb564861b04c42e668e7e48078938020d7799d5a4aa4e19e08383310f40c131d1,Miami,Will the lowest temperature in Miami be 90°F or higher on October 2?,61984666043107311057938422370324457649308176957447818070301367532064464338241,Yes,2026-10-01T10:10:16+00:00,0.0055
0xb564861b04c42e668e7e48078938020d7799d5a4aa4e19e08383310f40c131d1,Miami,Will the lowest temperature in Miami be 90°F or higher on October 2?,94971043309282599950828464162427079844662134985588221221056226454814898995776,No,2026-10-01T01:00:16+00:00,0.9945
0xb564861b04c42e668e7e48078938020d7799d5a4aa4e19e08383310f40c131d1,Miami,Will the lowest temperature in Miami be 90°F or higher on October 2?,94971043309282599950828464162427079844662134985588221221056226454814898995776,No,2026-10-01T02:00:16+00:00,0.9945
0xb564861b04c42e668e7e48078938020d7799d5a4aa4e19e08383310f40c131d1,Miami,Will the lowest temperature in Miami be 90°F or higher on October 2?,94971043309282599950828464162427079844662134985588221221056226454814898995776,No,2026-10-01T03:00:28+00:00,0.9945
0xb564861b04c42e668e7e48078938020d7799d5a4aa4e19e08383310f40c131d1,Miami,Will the lowest temperature in Miami be 90°F or higher on October 2?,94971043309282599950828464162427079844662134985588221221056226454814898995776,No,2026-10-01T04:00:31+00:00,0.9945
0xb564861b04c42e668e7e48078938020d7799d5a4aa4e19e08383310f40c131d1,Miami,Will the lowest temperature in Miami be 90°F or higher on October 2?,94971043309282599950828464162427079844662134985588221221056226454814898995776,No,2026-10-01T05:00:15+00:00,0.9945
0xb564861b04c42e668e7e48078938020d7799d5a4aa4e19e08383310f40c131d1,Miami,Will the lowest temperature in Miami be 90°F or higher on October 2?,94971043309282599950828464162427079844662134985588221221056226454814898995776,No,2026-10-01T06:00:15+00:00,0.9945
0xb564861b04c42e668e7e48078938020d7799d5a4aa4e19e08383310f40c131d1,Miami,Will the lowest temperature in Miami be 90°F or higher on October 2?,94971043309282599950828464162427079844662134985588221221056226454814898995776,No,2026-10-01T07:00:15+00:00,0.9945
0xb564861b04c42e668e7e48078938020d7799d5a4aa4e19e08383310f40c131d1,Miami,Will the lowest temperature in Miami be 90°F or higher on October 2?,94971043309282599950828464162427079844662134985588221221056226454814898995776,No,2026-10-01T08:00:31+00:00,0.9945
0xb564861b04c42e668e7e48078938020d7799d5a4aa4e19e08383310f40c131d1,Miami,Will the lowest temperature in Miami be 90°F or higher on October 2?,94971043309282599950828464162427079844662134985588221221056226454814898995776,No,2026-10-01T09:00:56+00:00,0.9945
0xb564861b04c42e668e7e48078938020d7799d5a4aa4e19e08383310f40c131d1,Miami,Will the lowest temperature in Miami be 90°F or higher on October 2?,94971043309282599950828464162427079844662134985588221221056226454814898995776,No,2026-10-01T10:00:15+00:00,0.9945
0xb564861b04c42e668e7e48078938020d7799d5a4aa4e19e08383310f40c131d1,Miami,Will the lowest temperature in Miami be 90°F or higher on October 2?,94971043309282599950828464162427079844662134985588221221056226454814898995776,No,2026-10-01T10:10:15+00:00,0.9945
0x138f7e99c1465e2e191cdf313b6d1b38fedcea8f50fce1e12ec8e9702b1ae304,Miami,Will the highest temperature in Miami be 77°F or below on October 2?,16677006968341601123565408075754243580937101167949665903575792541884531102587,Yes,2026-10-01T01:00:17+00:00,0.001
0x138f7e99c1465e2e191cdf313b6d1b38fedcea8f50fce1e12ec8e9702b1ae304,Miami,Will the highest temperature in Miami be 77°F or below on October 2?,16677006968341601123565408075754243580937101167949665903575792541884531102587,Yes,2026-10-01T02:00:18+00:00,0.001
0x138f7e99c1465e2e191cdf313b6d1b38fedcea8f50fce1e12ec8e9702b1ae304,Miami,Will the highest temperature in Miami be 77°F or below on October 2?,16677006968341601123565408075754243580937101167949665903575792541884531102587,Yes,2026-10-01T03:00:31+00:00,0.001
0x138f7e99c1465e2e191cdf313b6d1b38fedcea8f50fce1e12ec8e9702b1ae304,Miami,Will the highest temperature in Miami be 77°F or below on October 2?,16677006968341601123565408075754243580937101167949665903575792541884531102587,Yes,2026-10-01T04:00:33+00:00,0.0005
0x138f7e99c1465e2e191cdf313b6d1b38fedcea8f50fce1e12ec8e9702b1ae304,Miami,Will the highest temperature in Miami be 77°F or below on October 2?,16677006968341601123565408075754243580937101167949665903575792541884531102587,Yes,2026-10-01T05:00:17+00:00,0.0005
0x138f7e99c1465e2e191cdf313b6d1b38fedcea8f50fce1e12ec8e9702b1ae304,Miami,Will the highest temperature in Miami be 77°F or below on October 2?,16677006968341601123565408075754243580937101167949665903575792541884531102587,Yes,2026-10-01T06:00:19+00:00,0.0005
0x138f7e99c1465e2e191cdf313b6d1b38fedcea8f50fce1e12ec8e9702b1ae304,Miami,Will the highest temperature in Miami be 77°F or below on October 2?,16677006968341601123565408075754243580937101167949665903575792541884531102587,Yes,2026-10-01T07:00:17+00:00,0.0005
0x138f7e99c1465e2e191cdf313b6d1b38fedcea8f50fce1e12ec8e9702b1ae304,Miami,Will the highest temperature in Miami be 77°F or below on October 2?,16677006968341601123565408075754243580937101167949665903575792541884531102587,Yes,2026-10-01T08:00:33+00:00,0.0005
0x138f7e99c1465e2e191cdf313b6d1b38fedcea8f50fce1e12ec8e9702b1ae304,Miami,Will the highest temperature in Miami be 77°F or below on October 2?,16677006968341601123565408075754243580937101167949665903575792541884531102587,Yes,2026-10-01T09:00:59+00:00,0.0005
0x138f7e99c1465e2e191cdf313b6d1b38fedcea8f50fce1e12ec8e9702b1ae304,Miami,Will the highest temperature in Miami be 77°F or below on October 2?,16677006968341601123565408075754243580937101167949665903575792541884531102587,Yes,2026-10-01T10:00:17+00:00,0.0005
0x138f7e99c1465e2e191cdf313b6d1b38fedcea8f50fce1e12ec8e9702b1ae304,Miami,Will the highest temperature in Miami be 77°F or below on October 2?,16677006968341601123565408075754243580937101167949665903575792541884531102587,Yes,2026-10-01T10:10:16+00:00,0.0005
0x138f7e99c1465e2e191cdf313b6d1b38fedcea8f50fce1e12ec8e9702b1ae304,Miami,Will the highest temperature in Miami be 77°F or below on October 2?,101918337167317334430693723917260612795412432870934883801779504522646649754828,No,2026-10-01T01:00:21+00:00,0.999
0x138f7e99c1465e2e191cdf313b6d1b38fedcea8f50fce1e12ec8e9702b1ae304,Miami,Will the highest temperature in Miami be 77°F or below on October 2?,101918337167317334430693723917260612795412432870934883801779504522646649754828,No,2026-10-01T02:00:23+00:00,0.999
0x138f7e99c1465e2e191cdf313b6d1b38fedcea8f50fce1e12ec8e9702b1ae304,Miami,Will the highest temperature in Miami be 77°F or below on October 2?,101918337167317334430693723917260612795412432870934883801779504522646649754828,No,2026-10-01T03:00:38+00:00,0.999
0x138f7e99c1465e2e191cdf313b6d1b38fedcea8f50fce1e12ec8e9702b1ae304,Miami,Will the highest temperature in Miami be 77°F or below on October 2?,101918337167317334430693723917260612795412432870934883801779504522646649754828,No,2026-10-01T04:00:38+00:00,0.9995
0x138f7e99c1465e2e191cdf313b6d1b38fedcea8f50fce1e12ec8e9702b1ae304,Miami,Will the highest temperature in Miami be 77°F or below on October 2?,101918337167317334430693723917260612795412432870934883801779504522646649754828,No,2026-10-01T05:00:21+00:00,0.9995
0x138f7e99c1465e2e191cdf313b6d1b38fedcea8f50fce1e12ec8e9702b1ae304,Miami,Will the highest temperature in Miami be 77°F or below on October 2?,101918337167317334430693723917260612795412432870934883801779504522646649754828,No,2026-10-01T06:00:26+00:00,0.9995
0x138f7e99c1465e2e191cdf313b6d1b38fedcea8f50fce1e12ec8e9702b1ae304,Miami,Will the highest temperature in Miami be 77°F or below on October 2?,101918337167317334430693723917260612795412432870934883801779504522646649754828,No,2026-10-01T07:00:21+00:00,0.9995
0x138f7e99c1465e2e191cdf313b6d1b38fedcea8f50fce1e12ec8e9702b1ae304,Miami,Will the highest temperature in Miami be 77°F or below on October 2?,101918337167317334430693723917260612795412432870934883801779504522646649754828,No,2026-10-01T08:00:39+00:00,0.9995
0x138f7e99c1465e2e191cdf313b6d1b38fedcea8f50fce1e12ec8e9702b1ae304,Miami,Will the highest temperature in Miami be 77°F or below on October 2?,101918337167317334430693723917260612795412432870934883801779504522646649754828,No,2026-10-01T10:00:23+00:00,0.9995
0x138f7e99c1465e2e191cdf313b6d1b38fedcea8f50fce1e12ec8e9702b1ae304,Miami,Will the highest temperature in Miami be 77°F or below on October 2?,101918337167317334430693723917260612795412432870934883801779504522646649754828,No,2026-10-01T10:10:19+00:00,0.9995
0x57572940eede4556fa05ace1622139075f1886a7144315cd8fb2c9158c98e429,Miami,Will the highest temperature in Miami be between 78-79°F on October 2?,70744572976890183850134957937813479151456071012407725497848807171838925685556,Yes,2026-10-01T01:00:17+00:00,0.01
0x57572940eede4556fa05ace1622139075f1886a7144315cd8fb2c9158c98e429,Miami,Will the highest temperature in Miami be between 78-79°F on October 2?,70744572976890183850134957937813479151456071012407725497848807171838925685556,Yes,2026-10-01T02:00:18+00:00,0.0055
0x57572940eede4556fa05ace1622139075f1886a7144315cd8fb2c9158c98e429,Miami,Will the highest temperature in Miami be between 78-79°F on October 2?,70744572976890183850134957937813479151456071012407725497848807171838925685556,Yes,2026-10-01T03:00:31+00:00,0.005
0x57572940eede4556fa05ace1622139075f1886a7144315cd8fb2c9158c98e429,Miami,Will the highest temperature in Miami be between 78-79°F on October 2?,70744572976890183850134957937813479151456071012407725497848807171838925685556,Yes,2026-10-01T04:00:32+00:00,0.005
0x57572940eede4556fa05ace1622139075f1886a7144315cd8fb2c9158c98e429,Miami,Will the highest temperature in Miami be between 78-79°F on October 2?,70744572976890183850134957937813479151456071012407725497848807171838925685556,Yes,2026-10-01T05:00:16+00:00,0.0015
0x57572940eede4556fa05ace1622139075f1886a7144315cd8fb2c9158c98e429,Miami,Will the highest temperature in Miami be between 78-79°F on October 2?,70744572976890183850134957937813479151456071012407725497848807171838925685556,Yes,2026-10-01T06:00:18+00:00,0.0015
0x57572940eede4556fa05ace1622139075f1886a7144315cd8fb2c9158c98e429,Miami,Will the highest temperature in Miami be between 78-79°F on October 2?,70744572976890183850134957937813479151456071012407725497848807171838925685556,Yes,2026-10-01T07:00:16+00:00,0.0015
0x57572940eede4556fa05ace1622139075f1886a7144315cd8fb2c9158c98e429,Miami,Will the highest temperature in Miami be between 78-79°F on October 2?,70744572976890183850134957937813479151456071012407725497848807171838925685556,Yes,2026-10-01T08:00:32+00:00,0.0015
0x57572940eede4556fa05ace1622139075f1886a7144315cd8fb2c9158c98e429,Miami,Will the highest temperature in Miami be between 78-79°F on October 2?,70744572976890183850134957937813479151456071012407725497848807171838925685556,Yes,2026-10-01T09:00:58+00:00,0.0015
0x57572940eede4556fa05ace1622139075f1886a7144315cd8fb2c9158c98e429,Miami,Will the highest temperature in Miami be between 78-79°F on October 2?,70744572976890183850134957937813479151456071012407725497848807171838925685556,Yes,2026-10-01T10:00:17+00:00,0.0015
0x57572940eede4556fa05ace1622139075f1886a7144315cd8fb2c9158c98e429,Miami,Will the highest temperature in Miami be between 78-79°F on October 2?,70744572976890183850134957937813479151456071012407725497848807171838925685556,Yes,2026-10-01T10:10:16+00:00,0.0015
0x57572940eede4556fa05ace1622139075f1886a7144315cd8fb2c9158c98e429,Miami,Will the highest temperature in Miami be between 78-79°F on October 2?,82114356499781568663431936146240141577657738940687168286424884554213970056871,No,2026-10-01T01:00:16+00:00,0.99
0x57572940eede4556fa05ace1622139075f1886a7144315cd8fb2c9158c98e429,Miami,Will the highest temperature in Miami be between 78-79°F on October 2?,82114356499781568663431936146240141577657738940687168286424884554213970056871,No,2026-10-01T02:00:16+00:00,0.9945
0x57572940eede4556fa05ace1622139075f1886a7144315cd8fb2c9158c98e429,Miami,Will the highest temperature in Miami be between 78-79°F on October 2?,82114356499781568663431936146240141577657738940687168286424884554213970056871,No,2026-10-01T03:00:28+00:00,0.995
0x57572940eede4556fa05ace1622139075f1886a7144315cd8fb2c9158c98e429,Miami,Will the highest temperature in Miami be between 78-79°F on October 2?,82114356499781568663431936146240141577657738940687168286424884554213970056871,No,2026-10-01T04:00:31+00:00,0.995
0x57572940eede4556fa05ace1622139075f1886a7144315cd8fb2c9158c98e429,Miami,Will the highest temperature in Miami be between 78-79°F on October 2?,82114356499781568663431936146240141577657738940687168286424884554213970056871,No,2026-10-01T05:00:15+00:00,0.9985
0x57572940eede4556fa05ace1622139075f1886a7144315cd8fb2c9158c98e429,Miami,Will the highest temperature in Miami be between 78-79°F on October 2?,82114356499781568663431936146240141577657738940687168286424884554213970056871,No,2026-10-01T06:00:15+00:00,0.9985
0x57572940eede4556fa05ace1622139075f1886a7144315cd8fb2c9158c98e429,Miami,Will the highest temperature in Miami be between 78-79°F on October 2?,82114356499781568663431936146240141577657738940687168286424884554213970056871,No,2026-10-01T07:00:15+00:00,0.9985
0x57572940eede4556fa05ace1622139075f1886a7144315cd8fb2c9158c98e429,Miami,Will the highest temperature in Miami be between 78-79°F on October 2?,82114356499781568663431936146240141577657738940687168286424884554213970056871,No,2026-10-01T08:00:31+00:00,0.9985
0x57572940eede4556fa05ace1622139075f1886a7144315cd8fb2c9158c98e429,Miami,Will the highest temperature in Miami be between 78-79°F on October 2?,82114356499781568663431936146240141577657738940687168286424884554213970056871,No,2026-10-01T09:00:56+00:00,0.9985
0x57572940eede4556fa05ace1622139075f1886a7144315cd8fb2c9158c98e429,Miami,Will the highest temperature in Miami be between 78-79°F on October 2?,82114356499781568663431936146240141577657738940687168286424884554213970056871,No,2026-10-01T10:00:15+00:00,0.9985
0x57572940eede4556fa05ace1622139075f1886a7144315cd8fb2c9158c98e429,Miami,Will the highest temperature in Miami be between 78-79°F on October 2?,82114356499781568663431936146240141577657738940687168286424884554213970056871,No,2026-10-01T10:10:15+00:00,0.9985
0x4562c032c47fd8975d056c43b18719976b10dfce44f90af3d923e053073652ba,Miami,Will the highest temperature in Miami be between 80-81°F on October 2?,52750459887309390579745479387581073191488294116915981754516303344994648774968,Yes,2026-10-01T01:00:19+00:00,0.005
0x4562c032c47fd8975d056c43b18719976b10dfce44f90af3d923e053073652ba,Miami,Will the highest temperature in Miami be between 80-81°F on October 2?,52750459887309390579745479387581073191488294116915981754516303344994648774968,Yes,2026-10-01T02:00:20+00:00,0.0045
0x4562c032c47fd8975d056c43b18719976b10dfce44f90af3d923e053073652ba,Miami,Will the highest temperature in Miami be between 80-81°F on October 2?,52750459887309390579745479387581073191488294116915981754516303344994648774968,Yes,2026-10-01T03:00:34+00:00,0.0045
0x4562c032c47fd8975d056c43b18719976b10dfce44f90af3d923e053073652ba,Miami,Will the highest temperature in Miami be between 80-81°F on October 2?,52750459887309390579745479387581073191488294116915981754516303344994648774968,Yes,2026-10-01T04:00:35+00:00,0.0045
0x4562c032c47fd8975d056c43b18719976b10dfce44f90af3d923e053073652ba,Miami,Will the highest temperature in Miami be between 80-81°F on October 2?,52750459887309390579745479387581073191488294116915981754516303344994648774968,Yes,2026-10-01T05:00:19+00:00,0.005
0x4562c032c47fd8975d056c43b18719976b10dfce44f90af3d923e053073652ba,Miami,Will the highest temperature in Miami be between 80-81°F on October 2?,52750459887309390579745479387581073191488294116915981754516303344994648774968,Yes,2026-10-01T06:00:21+00:00,0.005
0x4562c032c47fd8975d056c43b18719976b10dfce44f90af3d923e053073652ba,Miami,Will the highest temperature in Miami be between 80-81°F on October 2?,52750459887309390579745479387581073191488294116915981754516303344994648774968,Yes,2026-10-01T07:00:18+00:00,0.005
0x4562c032c47fd8975d056c43b18719976b10dfce44f90af3d923e053073652ba,Miami,Will the highest temperature in Miami be between 80-81°F on October 2?,52750459887309390579745479387581073191488294116915981754516303344994648774968,Yes,2026-10-01T08:00:35+00:00,0.005
0x4562c032c47fd8975d056c43b18719976b10dfce44f90af3d923e053073652ba,Miami,Will the highest temperature in Miami be between 80-81°F on October 2?,52750459887309390579745479387581073191488294116915981754516303344994648774968,Yes,2026-10-01T10:00:19+00:00,0.0045
0x4562c032c47fd8975d056c43b18719976b10dfce44f90af3d923e053073652ba,Miami,Will the highest temperature in Miami be between 80-81°F on October 2?,52750459887309390579745479387581073191488294116915981754516303344994648774968,Yes,2026-10-01T10:10:17+00:00,0.0045
0x4562c032c47fd8975d056c43b18719976b10dfce44f90af3d923e053073652ba,Miami,Will the highest temperature in Miami be between 80-81°F on October 2?,28607100766134880696429621897548509199250518722346388595952998917116519445443,No,2026-10-01T01:00:16+00:00,0.995
0x4562c032c47fd8975d056c43b18719976b10dfce44f90af3d923e053073652ba,Miami,Will the highest temperature in Miami be between 80-81°F on October 2?,28607100766134880696429621897548509199250518722346388595952998917116519445443,No,2026-10-01T02:00:17+00:00,0.9955
0x4562c032c47fd8975d056c43b18719976b10dfce44f90af3d923e053073652ba,Miami,Will the highest temperature in Miami be between 80-81°F on October 2?,28607100766134880696429621897548509199250518722346388595952998917116519445443,No,2026-10-01T03:00:30+00:00,0.9955
0x4562c032c47fd8975d056c43b18719976b10dfce44f90af3d923e053073652ba,Miami,Will the highest temperature in Miami be between 80-81°F on October 2?,28607100766134880696429621897548509199250518722346388595952998917116519445443,No,2026-10-01T04:00:32+00:00,0.9955
0x4562c032c47fd8975d056c43b18719976b10dfce44f90af3d923e053073652ba,Miami,Will the highest temperature in Miami be between 80-81°F on October 2?,28607100766134880696429621897548509199250518722346388595952998917116519445443,No,2026-10-01T05:00:16+00:00,0.995
0x4562c032c47fd8975d056c43b18719976b10dfce44f90af3d923e053073652ba,Miami,Will the highest temperature in Miami be between 80-81°F on October 2?,28607100766134880696429621897548509199250518722346388595952998917116519445443,No,2026-10-01T06:00:17+00:00,0.995
0x4562c032c47fd8975d056c43b18719976b10dfce44f90af3d923e053073652ba,Miami,Will the highest temperature in Miami be between 80-81°F on October 2?,28607100766134880696429621897548509199250518722346388595952998917116519445443,No,2026-10-01T07:00:16+00:00,0.995
0x4562c032c47fd8975d056c43b18719976b10dfce44f90af3d923e053073652ba,Miami,Will the highest temperature in Miami be between 80-81°F on October 2?,28607100766134880696429621897548509199250518722346388595952998917116519445443,No,2026-10-01T08:00:32+00:00,0.995
0x4562c032c47fd8975d056c43b18719976b10dfce44f90af3d923e053073652ba,Miami,Will the highest temperature in Miami be between 80-81°F on October 2?,28607100766134880696429621897548509199250518722346388595952998917116519445443,No,2026-10-01T09:00:57+00:00,0.995
0x4562c032c47fd8975d056c43b18719976b10dfce44f90af3d923e053073652ba,Miami,Will the highest temperature in Miami be between 80-81°F on October 2?,28607100766134880696429621897548509199250518722346388595952998917116519445443,No,2026-10-01T10:00:16+00:00,0.9955
0x4562c032c47fd8975d056c43b18719976b10dfce44f90af3d923e053073652ba,Miami,Will the highest temperature in Miami be between 80-81°F on October 2?,28607100766134880696429621897548509199250518722346388595952998917116519445443,No,2026-10-01T10:10:16+00:00,0.9955
0x72988ef248d7339e5e5646a2ecd9b0ce83ade1b9587c5c27aba1c6ae8831da9c,Miami,Will the highest temperature in Miami be between 82-83°F on October 2?,98113151250349579357228702800372833818983073075360098572892864751720229830244,Yes,2026-10-01T01:00:17+00:00,0.0105
0x72988ef248d7339e5e5646a2ecd9b0ce83ade1b9587c5c27aba1c6ae8831da9c,Miami,Will the highest temperature in Miami be between 82-83°F on October 2?,98113151250349579357228702800372833818983073075360098572892864751720229830244,Yes,2026-10-01T02:00:18+00:00,0.0105
0x72988ef248d7339e5e5646a2ecd9b0ce83ade1b9587c5c27aba1c6ae8831da9c,Miami,Will the highest temperature in Miami be between 82-83°F on October 2?,98113151250349579357228702800372833818983073075360098572892864751720229830244,Yes,2026-10-01T03:00:31+00:00,0.0105
0x72988ef248d7339e5e5646a2ecd9b0ce83ade1b9587c5c27aba1c6ae8831da9c,Miami,Will the highest temperature in Miami be between 82-83°F on October 2?,98113151250349579357228702800372833818983073075360098572892864751720229830244,Yes,2026-10-01T04:00:33+00:00,0.0105
0x72988ef248d7339e5e5646a2ecd9b0ce83ade1b9587c5c27aba1c6ae8831da9c,Miami,Will the highest temperature in Miami be between 82-83°F on October 2?,98113151250349579357228702800372833818983073075360098572892864751720229830244,Yes,2026-10-01T05:00:17+00:00,0.012
0x72988ef248d7339e5e5646a2ecd9b0ce83ade1b9587c5c27aba1c6ae8831da9c,Miami,Will the highest temperature in Miami be between 82-83°F on October 2?,98113151250349579357228702800372833818983073075360098572892864751720229830244,Yes,2026-10-01T06:00:18+00:00,0.012
0x72988ef248d7339e5e5646a2ecd9b0ce83ade1b9587c5c27aba1c6ae8831da9c,Miami,Will the highest temperature in Miami be between 82-83°F on October 2?,98113151250349579357228702800372833818983073075360098572892864751720229830244,Yes,2026-10-01T07:00:17+00:00,0.012
0x72988ef248d7339e5e5646a2ecd9b0ce83ade1b9587c5c27aba1c6ae8831da9c,Miami,Will the highest temperature in Miami be between 82-83°F on October 2?,98113151250349579357228702800372833818983073075360098572892864751720229830244,Yes,2026-10-01T08:00:33+00:00,0.012
0x72988ef248d7339e5e5646a2ecd9b0ce83ade1b9587c5c27aba1c6ae8831da9c,Miami,Will the highest temperature in Miami be between 82-83°F on October 2?,98113151250349579357228702800372833818983073075360098572892864751720229830244,Yes,2026-10-01T09:00:59+00:00,0.012
0x72988ef248d7339e5e5646a2ecd9b0ce83ade1b9587c5c27aba1c6ae8831da9c,Miami,Will the highest temperature in Miami be between 82-83°F on October 2?,98113151250349579357228702800372833818983073075360098572892864751720229830244,Yes,2026-10-01T10:00:17+00:00,0.012
0x72988ef248d7339e5e5646a2ecd9b0ce83ade1b9587c5c27aba1c6ae8831da9c,Miami,Will the highest temperature in Miami be between 82-83°F on October 2?,98113151250349579357228702800372833818983073075360098572892864751720229830244,Yes,2026-10-01T10:10:16+00:00,0.012
0x72988ef248d7339e5e5646a2ecd9b0ce83ade1b9587c5c27aba1c6ae8831da9c,Miami,Will the highest temperature in Miami be between 82-83°F on October 2?,18568514924645890628257595182639898090805858822094810046938522181193187299744,No,2026-10-01T01:00:20+00:00,0.9895
0x72988ef248d7339e5e5646a2ecd9b0ce83ade1b9587c5c27aba1c6ae8831da9c,Miami,Will the highest temperature in Miami be between 82-83°F on October 2?,18568514924645890628257595182639898090805858822094810046938522181193187299744,No,2026-10-01T02:00:22+00:00,0.9895
0x72988ef248d7339e5e5646a2ecd9b0ce83ade1b9587c5c27aba1c6ae8831da9c,Miami,Will the highest temperature in Miami be between 82-83°F on October 2?,18568514924645890628257595182639898090805858822094810046938522181193187299744,No,2026-10-01T03:00:37+00:00,0.9895
0x72988ef248d7339e5e5646a2ecd9b0ce83ade1b9587c5c27aba1c6ae8831da9c,Miami,Will the highest temperature in Miami be between 82-83°F on October 2?,18568514924645890628257595182639898090805858822094810046938522181193187299744,No,2026-10-01T04:00:37+00:00,0.9895
0x72988ef248d7339e5e5646a2ecd9b0ce83ade1b9587c5c27aba1c6ae8831da9c,Miami,Will the highest temperature in Miami be between 82-83°F on October 2?,18568514924645890628257595182639898090805858822094810046938522181193187299744,No,2026-10-01T05:00:20+00:00,0.988
0x72988ef248d7339e5e5646a2ecd9b0ce83ade1b9587c5c27aba1c6ae8831da9c,Miami,Will the highest temperature in Miami be between 82-83°F on October 2?,18568514924645890628257595182639898090805858822094810046938522181193187299744,No,2026-10-01T06:00:24+00:00,0.988
0x72988ef248d7339e5e5646a2ecd9b0ce83ade1b9587c5c27aba1c6ae8831da9c,Miami,Will the highest temperature in Miami be between 82-83°F on October 2?,18568514924645890628257595182639898090805858822094810046938522181193187299744,No,2026-10-01T07:00:20+00:00,0.988
0x72988ef248d7339e5e5646a2ecd9b0ce83ade1b9587c5c27aba1c6ae8831da9c,Miami,Will the highest temperature in Miami be between 82-83°F on October 2?,18568514924645890628257595182639898090805858822094810046938522181193187299744,No,2026-10-01T08:00:38+00:00,0.988
0x72988ef248d7339e5e5646a2ecd9b0ce83ade1b9587c5c27aba1c6ae8831da9c,Miami,Will the highest temperature in Miami be between 82-83°F on October 2?,18568514924645890628257595182639898090805858822094810046938522181193187299744,No,2026-10-01T10:00:22+00:00,0.988
0x72988ef248d7339e5e5646a2ecd9b0ce83ade1b9587c5c27aba1c6ae8831da9c,Miami,Will the highest temperature in Miami be between 82-83°F on October 2?,18568514924645890628257595182639898090805858822094810046938522181193187299744,No,2026-10-01T10:10:19+00:00,0.988
0xa3f2bf1fef963ffc933a596205652d155fbc8cc8393eed8ab27a34d73cc59440,Miami,Will the highest temperature in Miami be between 84-85°F on October 2?,37605249603520455314286410155174853076227463296478438628387935176288775239375,Yes,2026-10-01T01:00:16+00:00,0.05
0xa3f2bf1fef963ffc933a596205652d155fbc8cc8393eed8ab27a34d73cc59440,Miami,Will the highest temperature in Miami be between 84-85°F on October 2?,37605249603520455314286410155174853076227463296478438628387935176288775239375,Yes,2026-10-01T02:00:17+00:00,0.045
0xa3f2bf1fef963ffc933a596205652d155fbc8cc8393eed8ab27a34d73cc59440,Miami,Will the highest temperature in Miami be between 84-85°F on October 2?,37605249603520455314286410155174853076227463296478438628387935176288775239375,Yes,2026-10-01T03:00:29+00:00,0.045
0xa3f2bf1fef963ffc933a596205652d155fbc8cc8393eed8ab27a34d73cc59440,Miami,Will the highest temperature in Miami be between 84-85°F on October 2?,37605249603520455314286410155174853076227463296478438628387935176288775239375,Yes,2026-10-01T04:00:31+00:00,0.045
0xa3f2bf1fef963ffc933a596205652d155fbc8cc8393eed8ab27a34d73cc59440,Miami,Will the highest temperature in Miami be between 84-85°F on October 2?,37605249603520455314286410155174853076227463296478438628387935176288775239375,Yes,2026-10-01T05:00:15+00:00,0.05
0xa3f2bf1fef963ffc933a596205652d155fbc8cc8393eed8ab27a34d73cc59440,Miami,Will the highest temperature in Miami be between 84-85°F on October 2?,37605249603520455314286410155174853076227463296478438628387935176288775239375,Yes,2026-10-01T06:00:17+00:00,0.05
0xa3f2bf1fef963ffc933a596205652d155fbc8cc8393eed8ab27a34d73cc59440,Miami,Will the highest temperature in Miami be between 84-85°F on October 2?,37605249603520455314286410155174853076227463296478438628387935176288775239375,Yes,2026-10-01T07:00:15+00:00,0.05
0xa3f2bf1fef963ffc933a596205652d155fbc8cc8393eed8ab27a34d73cc59440,Miami,Will the highest temperature in Miami be between 84-85°F on October 2?,37605249603520455314286410155174853076227463296478438628387935176288775239375,Yes,2026-10-01T08:00:31+00:00,0.05
0xa3f2bf1fef963ffc933a596205652d155fbc8cc8393eed8ab27a34d73cc59440,Miami,Will the highest temperature in Miami be between 84-85°F on October 2?,37605249603520455314286410155174853076227463296478438628387935176288775239375,Yes,2026-10-01T09:00:57+00:00,0.06
0xa3f2bf1fef963ffc933a596205652d155fbc8cc8393eed8ab27a34d73cc59440,Miami,Will the highest temperature in Miami be between 84-85°F on October 2?,37605249603520455314286410155174853076227463296478438628387935176288775239375,Yes,2026-10-01T10:00:15+00:00,0.065
0xa3f2bf1fef963ffc933a596205652d155fbc8cc8393eed8ab27a34d73cc59440,Miami,Will the highest temperature in Miami be between 84-85°F on October 2?,37605249603520455314286410155174853076227463296478438628387935176288775239375,Yes,2026-10-01T10:10:15+00:00,0.065
0xa3f2bf1fef963ffc933a596205652d155fbc8cc8393eed8ab27a34d73cc59440,Miami,Will the highest temperature in Miami be between 84-85°F on October 2?,55445178457883149484736780995809774470286441676866271375299584591736279467074,No,2026-10-01T01:00:20+00:00,0.95
0xa3f2bf1fef963ffc933a596205652d155fbc8cc8393eed8ab27a34d73cc59440,Miami,Will the highest temperature in Miami be between 84-85°F on October 2?,55445178457883149484736780995809774470286441676866271375299584591736279467074,No,2026-10-01T02:00:21+00:00,0.955
0xa3f2bf1fef963ffc933a596205652d155fbc8cc8393eed8ab27a34d73cc59440,Miami,Will the highest temperature in Miami be between 84-85°F on October 2?,55445178457883149484736780995809774470286441676866271375299584591736279467074,No,2026-10-01T03:00:35+00:00,0.955
0xa3f2bf1fef963ffc933a596205652d155fbc8cc8393eed8ab27a34d73cc59440,Miami,Will the highest temperature in Miami be between 84-85°F on October 2?,55445178457883149484736780995809774470286441676866271375299584591736279467074,No,2026-10-01T04:00:36+00:00,0.955
0xa3f2bf1fef963ffc933a596205652d155fbc8cc8393eed8ab27a34d73cc59440,Miami,Will the highest temperature in Miami be between 84-85°F on October 2?,55445178457883149484736780995809774470286441676866271375299584591736279467074,No,2026-10-01T05:00:19+00:00,0.95
0xa3f2bf1fef963ffc933a596205652d155fbc8cc8393eed8ab27a34d73cc59440,Miami,Will the highest temperature in Miami be between 84-85°F on October 2?,55445178457883149484736780995809774470286441676866271375299584591736279467074,No,2026-10-01T06:00:23+00:00,0.95
0xa3f2bf1fef963ffc933a596205652d155fbc8cc8393eed8ab27a34d73cc59440,Miami,Will the highest temperature in Miami be between 84-85°F on October 2?,55445178457883149484736780995809774470286441676866271375299584591736279467074,No,2026-10-01T07:00:19+00:00,0.95
0xa3f2bf1fef963ffc933a596205652d155fbc8cc8393eed8ab27a34d73cc59440,Miami,Will the highest temperature in Miami be between 84-85°F on October 2?,55445178457883149484736780995809774470286441676866271375299584591736279467074,No,2026-10-01T08:00:36+00:00,0.95
0xa3f2bf1fef963ffc933a596205652d155fbc8cc8393eed8ab27a34d73cc59440,Miami,Will the highest temperature in Miami be between 84-85°F on October 2?,55445178457883149484736780995809774470286441676866271375299584591736279467074,No,2026-10-01T10:00:21+00:00,0.935
0xa3f2bf1fef963ffc933a596205652d155fbc8cc8393eed8ab27a34d73cc59440,Miami,Will the highest temperature in Miami be between 84-85°F on October 2?,55445178457883149484736780995809774470286441676866271375299584591736279467074,No,2026-10-01T10:10:18+00:00,0.935
0x9828facd34fbaeda3ab158928c0e6a0184433bee2d52fafe7ec2164f34925acd,Miami,Will the highest temperature in Miami be between 86-87°F on October 2?,23391836121652526095073615531608907697991935982326845367838013841338214869176,Yes,2026-10-01T01:00:19+00:00,0.385
0x9828facd34fbaeda3ab158928c0e6a0184433bee2d52fafe7ec2164f34925acd,Miami,Will the highest temperature in Miami be between 86-87°F on October 2?,23391836121652526095073615531608907697991935982326845367838013841338214869176,Yes,2026-10-01T02:00:20+00:00,0.385
0x9828facd34fbaeda3ab158928c0e6a0184433bee2d52fafe7ec2164f34925acd,Miami,Will the highest temperature in Miami be between 86-87°F on October 2?,23391836121652526095073615531608907697991935982326845367838013841338214869176,Yes,2026-10-01T03:00:35+00:00,0.385
0x9828facd34fbaeda3ab158928c0e6a0184433bee2d52fafe7ec2164f34925acd,Miami,Will the highest temperature in Miami be between 86-87°F on October 2?,23391836121652526095073615531608907697991935982326845367838013841338214869176,Yes,2026-10-01T04:00:35+00:00,0.385
0x9828facd34fbaeda3ab158928c0e6a0184433bee2d52fafe7ec2164f34925acd,Miami,Will the highest temperature in Miami be between 86-87°F on October 2?,23391836121652526095073615531608907697991935982326845367838013841338214869176,Yes,2026-10-01T05:00:19+00:00,0.355
0x9828facd34fbaeda3ab158928c0e6a0184433bee2d52fafe7ec2164f34925acd,Miami,Will the highest temperature in Miami be between 86-87°F on October 2?,23391836121652526095073615531608907697991935982326845367838013841338214869176,Yes,2026-10-01T06:00:22+00:00,0.35
0x9828facd34fbaeda3ab158928c0e6a0184433bee2d52fafe7ec2164f34925acd,Miami,Will the highest temperature in Miami be between 86-87°F on October 2?,23391836121652526095073615531608907697991935982326845367838013841338214869176,Yes,2026-10-01T07:00:19+00:00,0.34
0x9828facd34fbaeda3ab158928c0e6a0184433bee2d52fafe7ec2164f34925acd,Miami,Will the highest temperature in Miami be between 86-87°F on October 2?,23391836121652526095073615531608907697991935982326845367838013841338214869176,Yes,2026-10-01T08:00:36+00:00,0.345
0x9828facd34fbaeda3ab158928c0e6a0184433bee2d52fafe7ec2164f34925acd,Miami,Will the highest temperature in Miami be between 86-87°F on October 2?,23391836121652526095073615531608907697991935982326845367838013841338214869176,Yes,2026-10-01T10:00:20+00:00,0.34
0x9828facd34fbaeda3ab158928c0e6a0184433bee2d52fafe7ec2164f34925acd,Miami,Will the highest temperature in Miami be between 86-87°F on October 2?,23391836121652526095073615531608907697991935982326845367838013841338214869176,Yes,2026-10-01T10:10:18+00:00,0.34
0x9828facd34fbaeda3ab158928c0e6a0184433bee2d52fafe7ec2164f34925acd,Miami,Will the highest temperature in Miami be between 86-87°F on October 2?,28497197666458266043492862090937163924103050691725531362757695307551169906150,No,2026-10-01T01:00:18+00:00,0.615
0x9828facd34fbaeda3ab158928c0e6a0184433bee2d52fafe7ec2164f34925acd,Miami,Will the highest temperature in Miami be between 86-87°F on October 2?,28497197666458266043492862090937163924103050691725531362757695307551169906150,No,2026-10-01T02:00:19+00:00,0.615
0x9828facd34fbaeda3ab158928c0e6a0184433bee2d52fafe7ec2164f34925acd,Miami,Will the highest temperature in Miami be between 86-87°F on October 2?,28497197666458266043492862090937163924103050691725531362757695307551169906150,No,2026-10-01T03:00:32+00:00,0.615
0x9828facd34fbaeda3ab158928c0e6a0184433bee2d52fafe7ec2164f34925acd,Miami,Will the highest temperature in Miami be between 86-87°F on October 2?,28497197666458266043492862090937163924103050691725531362757695307551169906150,No,2026-10-01T04:00:34+00:00,0.615
0x9828facd34fbaeda3ab158928c0e6a0184433bee2d52fafe7ec2164f34925acd,Miami,Will the highest temperature in Miami be between 86-87°F on October 2?,28497197666458266043492862090937163924103050691725531362757695307551169906150,No,2026-10-01T05:00:18+00:00,0.645
0x9828facd34fbaeda3ab158928c0e6a0184433bee2d52fafe7ec2164f34925acd,Miami,Will the highest temperature in Miami be between 86-87°F on October 2?,28497197666458266043492862090937163924103050691725531362757695307551169906150,No,2026-10-01T06:00:20+00:00,0.65
0x9828facd34fbaeda3ab158928c0e6a0184433bee2d52fafe7ec2164f34925acd,Miami,Will the highest temperature in Miami be between 86-87°F on October 2?,28497197666458266043492862090937163924103050691725531362757695307551169906150,No,2026-10-01T07:00:17+00:00,0.66
0x9828facd34fbaeda3ab158928c0e6a0184433bee2d52fafe7ec2164f34925acd,Miami,Will the highest temperature in Miami be between 86-87°F on October 2?,28497197666458266043492862090937163924103050691725531362757695307551169906150,No,2026-10-01T08:00:34+00:00,0.655
0x9828facd34fbaeda3ab158928c0e6a0184433bee2d52fafe7ec2164f34925acd,Miami,Will the highest temperature in Miami be between 86-87°F on October 2?,28497197666458266043492862090937163924103050691725531362757695307551169906150,No,2026-10-01T10:00:18+00:00,0.66
0x9828facd34fbaeda3ab158928c0e6a0184433bee2d52fafe7ec2164f34925acd,Miami,Will the highest temperature in Miami be between 86-87°F on October 2?,28497197666458266043492862090937163924103050691725531362757695307551169906150,No,2026-10-01T10:10:17+00:00,0.66
0xa9fc512a83e5b7ca996a37e02229377479ec5bfe6831542cad1fd536beeaf56b,Miami,Will the highest temperature in Miami be between 88-89°F on October 2?,104675119505626707252739046355127116508533707650421894355757671292470037148659,Yes,2026-10-01T01:00:21+00:00,0.485
0xa9fc512a83e5b7ca996a37e02229377479ec5bfe6831542cad1fd536beeaf56b,Miami,Will the highest temperature in Miami be between 88-89°F on October 2?,104675119505626707252739046355127116508533707650421894355757671292470037148659,Yes,2026-10-01T02:00:23+00:00,0.485
0xa9fc512a83e5b7ca996a37e02229377479ec5bfe6831542cad1fd536beeaf56b,Miami,Will the highest temperature in Miami be between 88-89°F on October 2?,104675119505626707252739046355127116508533707650421894355757671292470037148659,Yes,2026-10-01T03:00:39+00:00,0.485
0xa9fc512a83e5b7ca996a37e02229377479ec5bfe6831542cad1fd536beeaf56b,Miami,Will the highest temperature in Miami be between 88-89°F on October 2?,104675119505626707252739046355127116508533707650421894355757671292470037148659,Yes,2026-10-01T04:00:38+00:00,0.49
0xa9fc512a83e5b7ca996a37e02229377479ec5bfe6831542cad1fd536beeaf56b,Miami,Will the highest temperature in Miami be between 88-89°F on October 2?,104675119505626707252739046355127116508533707650421894355757671292470037148659,Yes,2026-10-01T05:00:22+00:00,0.485
0xa9fc512a83e5b7ca996a37e02229377479ec5bfe6831542cad1fd536beeaf56b,Miami,Will the highest temperature in Miami be between 88-89°F on October 2?,104675119505626707252739046355127116508533707650421894355757671292470037148659,Yes,2026-10-01T06:00:26+00:00,0.49
0xa9fc512a83e5b7ca996a37e02229377479ec5bfe6831542cad1fd536beeaf56b,Miami,Will the highest temperature in Miami be between 88-89°F on October 2?,104675119505626707252739046355127116508533707650421894355757671292470037148659,Yes,2026-10-01T07:00:21+00:00,0.49
0xa9fc512a83e5b7ca996a37e02229377479ec5bfe6831542cad1fd536beeaf56b,Miami,Will the highest temperature in Miami be between 88-89°F on October 2?,104675119505626707252739046355127116508533707650421894355757671292470037148659,Yes,2026-10-01T08:00:39+00:00,0.49
0xa9fc512a83e5b7ca996a37e02229377479ec5bfe6831542cad1fd536beeaf56b,Miami,Will the highest temperature in Miami be between 88-89°F on October 2?,104675119505626707252739046355127116508533707650421894355757671292470037148659,Yes,2026-10-01T10:00:24+00:00,0.44
0xa9fc512a83e5b7ca996a37e02229377479ec5bfe6831542cad1fd536beeaf56b,Miami,Will the highest temperature in Miami be between 88-89°F on October 2?,18734367862309193239002871356127461008963708854239654238694732065759166598569,No,2026-10-01T01:00:16+00:00,0.515
0xa9fc512a83e5b7ca996a37e02229377479ec5bfe6831542cad1fd536beeaf56b,Miami,Will the highest temperature in Miami be between 88-89°F on October 2?,18734367862309193239002871356127461008963708854239654238694732065759166598569,No,2026-10-01T02:00:18+00:00,0.515
0xa9fc512a83e5b7ca996a37e02229377479ec5bfe6831542cad1fd536beeaf56b,Miami,Will the highest temperature in Miami be between 88-89°F on October 2?,18734367862309193239002871356127461008963708854239654238694732065759166598569,No,2026-10-01T03:00:30+00:00,0.515
0xa9fc512a83e5b7ca996a37e02229377479ec5bfe6831542cad1fd536beeaf56b,Miami,Will the highest temperature in Miami be between 88-89°F on October 2?,18734367862309193239002871356127461008963708854239654238694732065759166598569,No,2026-10-01T04:00:32+00:00,0.51
0xa9fc512a83e5b7ca996a37e02229377479ec5bfe6831542cad1fd536beeaf56b,Miami,Will the highest temperature in Miami be between 88-89°F on October 2?,18734367862309193239002871356127461008963708854239654238694732065759166598569,No,2026-10-01T05:00:16+00:00,0.515
0xa9fc512a83e5b7ca996a37e02229377479ec5bfe6831542cad1fd536beeaf56b,Miami,Will the highest temperature in Miami be between 88-89°F on October 2?,18734367862309193239002871356127461008963708854239654238694732065759166598569,No,2026-10-01T06:00:17+00:00,0.51
0xa9fc512a83e5b7ca996a37e02229377479ec5bfe6831542cad1fd536beeaf56b,Miami,Will the highest temperature in Miami be between 88-89°F on October 2?,18734367862309193239002871356127461008963708854239654238694732065759166598569,No,2026-10-01T07:00:16+00:00,0.51
0xa9fc512a83e5b7ca996a37e02229377479ec5bfe6831542cad1fd536beeaf56b,Miami,Will the highest temperature in Miami be between 88-89°F on October 2?,18734367862309193239002871356127461008963708854239654238694732065759166598569,No,2026-10-01T08:00:32+00:00,0.51
0xa9fc512a83e5b7ca996a37e02229377479ec5bfe6831542cad1fd536beeaf56b,Miami,Will the highest temperature in Miami be between 88-89°F on October 2?,18734367862309193239002871356127461008963708854239654238694732065759166598569,No,2026-10-01T09:00:57+00:00,0.51
0xa9fc512a83e5b7ca996a37e02229377479ec5bfe6831542cad1fd536beeaf56b,Miami,Will the highest temperature in Miami be between 88-89°F on October 2?,18734367862309193239002871356127461008963708854239654238694732065759166598569,No,2026-10-01T10:00:16+00:00,0.56
0xa9fc512a83e5b7ca996a37e02229377479ec5bfe6831542cad1fd536beeaf56b,Miami,Will the highest temperature in Miami be between 88-89°F on October 2?,18734367862309193239002871356127461008963708854239654238694732065759166598569,No,2026-10-01T10:10:16+00:00,0.56
0xbaa41be8425ebbaa9483c544c09ea3ae2fdae9e8c8af4e9a3e26ba059010fed0,Miami,Will the highest temperature in Miami be between 90-91°F on October 2?,94905851182957110347374766249203129351343374123973313835744323265069044354071,Yes,2026-10-01T01:00:21+00:00,0.115
0xbaa41be8425ebbaa9483c544c09ea3ae2fdae9e8c8af4e9a3e26ba059010fed0,Miami,Will the highest temperature in Miami be between 90-91°F on October 2?,94905851182957110347374766249203129351343374123973313835744323265069044354071,Yes,2026-10-01T02:00:22+00:00,0.115
0xbaa41be8425ebbaa9483c544c09ea3ae2fdae9e8c8af4e9a3e26ba059010fed0,Miami,Will the highest temperature in Miami be between 90-91°F on October 2?,94905851182957110347374766249203129351343374123973313835744323265069044354071,Yes,2026-10-01T03:00:37+00:00,0.115
0xbaa41be8425ebbaa9483c544c09ea3ae2fdae9e8c8af4e9a3e26ba059010fed0,Miami,Will the highest temperature in Miami be between 90-91°F on October 2?,94905851182957110347374766249203129351343374123973313835744323265069044354071,Yes,2026-10-01T04:00:37+00:00,0.115
0xbaa41be8425ebbaa9483c544c09ea3ae2fdae9e8c8af4e9a3e26ba059010fed0,Miami,Will the highest temperature in Miami be between 90-91°F on October 2?,94905851182957110347374766249203129351343374123973313835744323265069044354071,Yes,2026-10-01T05:00:21+00:00,0.125
0xbaa41be8425ebbaa9483c544c09ea3ae2fdae9e8c8af4e9a3e26ba059010fed0,Miami,Will the highest temperature in Miami be between 90-91°F on October 2?,94905851182957110347374766249203129351343374123973313835744323265069044354071,Yes,2026-10-01T06:00:25+00:00,0.125
0xbaa41be8425ebbaa9483c544c09ea3ae2fdae9e8c8af4e9a3e26ba059010fed0,Miami,Will the highest temperature in Miami be between 90-91°F on October 2?,94905851182957110347374766249203129351343374123973313835744323265069044354071,Yes,2026-10-01T07:00:20+00:00,0.125
0xbaa41be8425ebbaa9483c544c09ea3ae2fdae9e8c8af4e9a3e26ba059010fed0,Miami,Will the highest temperature in Miami be between 90-91°F on October 2?,94905851182957110347374766249203129351343374123973313835744323265069044354071,Yes,2026-10-01T08:00:38+00:00,0.125
0xbaa41be8425ebbaa9483c544c09ea3ae2fdae9e8c8af4e9a3e26ba059010fed0,Miami,Will the highest temperature in Miami be between 90-91°F on October 2?,94905851182957110347374766249203129351343374123973313835744323265069044354071,Yes,2026-10-01T10:00:23+00:00,0.115
0xbaa41be8425ebbaa9483c544c09ea3ae2fdae9e8c8af4e9a3e26ba059010fed0,Miami,Will the highest temperature in Miami be between 90-91°F on October 2?,94905851182957110347374766249203129351343374123973313835744323265069044354071,Yes,2026-10-01T10:10:19+00:00,0.115
0xbaa41be8425ebbaa9483c544c09ea3ae2fdae9e8c8af4e9a3e26ba059010fed0,Miami,Will the highest temperature in Miami be between 90-91°F on October 2?,31593217065975555174803996860895302658153941020910153634367936810388806880777,No,2026-10-01T01:00:19+00:00,0.885
0xbaa41be8425ebbaa9483c544c09ea3ae2fdae9e8c8af4e9a3e26ba059010fed0,Miami,Will the highest temperature in Miami be between 90-91°F on October 2?,31593217065975555174803996860895302658153941020910153634367936810388806880777,No,2026-10-01T02:00:20+00:00,0.885
0xbaa41be8425ebbaa9483c544c09ea3ae2fdae9e8c8af4e9a3e26ba059010fed0,Miami,Will the highest temperature in Miami be between 90-91°F on October 2?,31593217065975555174803996860895302658153941020910153634367936810388806880777,No,2026-10-01T03:00:34+00:00,0.885
0xbaa41be8425ebbaa9483c544c09ea3ae2fdae9e8c8af4e9a3e26ba059010fed0,Miami,Will the highest temperature in Miami be between 90-91°F on October 2?,31593217065975555174803996860895302658153941020910153634367936810388806880777,No,2026-10-01T04:00:35+00:00,0.885
0xbaa41be8425ebbaa9483c544c09ea3ae2fdae9e8c8af4e9a3e26ba059010fed0,Miami,Will the highest temperature in Miami be between 90-91°F on October 2?,31593217065975555174803996860895302658153941020910153634367936810388806880777,No,2026-10-01T05:00:19+00:00,0.875
0xbaa41be8425ebbaa9483c544c09ea3ae2fdae9e8c8af4e9a3e26ba059010fed0,Miami,Will the highest temperature in Miami be between 90-91°F on October 2?,31593217065975555174803996860895302658153941020910153634367936810388806880777,No,2026-10-01T06:00:22+00:00,0.875
0xbaa41be8425ebbaa9483c544c09ea3ae2fdae9e8c8af4e9a3e26ba059010fed0,Miami,Will the highest temperature in Miami be between 90-91°F on October 2?,31593217065975555174803996860895302658153941020910153634367936810388806880777,No,2026-10-01T07:00:18+00:00,0.875
0xbaa41be8425ebbaa9483c544c09ea3ae2fdae9e8c8af4e9a3e26ba059010fed0,Miami,Will the highest temperature in Miami be between 90-91°F on October 2?,31593217065975555174803996860895302658153941020910153634367936810388806880777,No,2026-10-01T08:00:35+00:00,0.875
0xbaa41be8425ebbaa9483c544c09ea3ae2fdae9e8c8af4e9a3e26ba059010fed0,Miami,Will the highest temperature in Miami be between 90-91°F on October 2?,31593217065975555174803996860895302658153941020910153634367936810388806880777,No,2026-10-01T10:00:20+00:00,0.885
0xbaa41be8425ebbaa9483c544c09ea3ae2fdae9e8c8af4e9a3e26ba059010fed0,Miami,Will the highest temperature in Miami be between 90-91°F on October 2?,31593217065975555174803996860895302658153941020910153634367936810388806880777,No,2026-10-01T10:10:18+00:00,0.885
0x45f6a03de17cb6ecfea8c8af7749e3e917daf896f301a2b106afb2537c36fca4,Miami,Will the highest temperature in Miami be between 92-93°F on October 2?,114335388942906673814239799406155254975154669787319077491115644472531811749033,Yes,2026-10-01T01:00:18+00:00,0.0065
0x45f6a03de17cb6ecfea8c8af7749e3e917daf896f301a2b106afb2537c36fca4,Miami,Will the highest temperature in Miami be between 92-93°F on October 2?,114335388942906673814239799406155254975154669787319077491115644472531811749033,Yes,2026-10-01T02:00:19+00:00,0.0065
0x45f6a03de17cb6ecfea8c8af7749e3e917daf896f301a2b106afb2537c36fca4,Miami,Will the highest temperature in Miami be between 92-93°F on October 2?,114335388942906673814239799406155254975154669787319077491115644472531811749033,Yes,2026-10-01T03:00:33+00:00,0.006
0x45f6a03de17cb6ecfea8c8af7749e3e917daf896f301a2b106afb2537c36fca4,Miami,Will the highest temperature in Miami be between 92-93°F on October 2?,114335388942906673814239799406155254975154669787319077491115644472531811749033,Yes,2026-10-01T04:00:34+00:00,0.0065
0x45f6a03de17cb6ecfea8c8af7749e3e917daf896f301a2b106afb2537c36fca4,Miami,Will the highest temperature in Miami be between 92-93°F on October 2?,114335388942906673814239799406155254975154669787319077491115644472531811749033,Yes,2026-10-01T05:00:18+00:00,0.007
0x45f6a03de17cb6ecfea8c8af7749e3e917daf896f301a2b106afb2537c36fca4,Miami,Will the highest temperature in Miami be between 92-93°F on October 2?,114335388942906673814239799406155254975154669787319077491115644472531811749033,Yes,2026-10-01T06:00:20+00:00,0.007
0x45f6a03de17cb6ecfea8c8af7749e3e917daf896f301a2b106afb2537c36fca4,Miami,Will the highest temperature in Miami be between 92-93°F on October 2?,114335388942906673814239799406155254975154669787319077491115644472531811749033,Yes,2026-10-01T07:00:18+00:00,0.007
0x45f6a03de17cb6ecfea8c8af7749e3e917daf896f301a2b106afb2537c36fca4,Miami,Will the highest temperature in Miami be between 92-93°F on October 2?,114335388942906673814239799406155254975154669787319077491115644472531811749033,Yes,2026-10-01T08:00:34+00:00,0.007
0x45f6a03de17cb6ecfea8c8af7749e3e917daf896f301a2b106afb2537c36fca4,Miami,Will the highest temperature in Miami be between 92-93°F on October 2?,114335388942906673814239799406155254975154669787319077491115644472531811749033,Yes,2026-10-01T10:00:19+00:00,0.0075
0x45f6a03de17cb6ecfea8c8af7749e3e917daf896f301a2b106afb2537c36fca4,Miami,Will the highest temperature in Miami be between 92-93°F on October 2?,114335388942906673814239799406155254975154669787319077491115644472531811749033,Yes,2026-10-01T10:10:17+00:00,0.0075
0x45f6a03de17cb6ecfea8c8af7749e3e917daf896f301a2b106afb2537c36fca4,Miami,Will the highest temperature in Miami be between 92-93°F on October 2?,89625664453983970491049853909330191466880873252363825325528250030728063239685,No,2026-10-01T01:00:18+00:00,0.9935
0x45f6a03de17cb6ecfea8c8af7749e3e917daf896f301a2b106afb2537c36fca4,Miami,Will the highest temperature in Miami be between 92-93°F on October 2?,89625664453983970491049853909330191466880873252363825325528250030728063239685,No,2026-10-01T02:00:19+00:00,0.9935
0x45f6a03de17cb6ecfea8c8af7749e3e917daf896f301a2b106afb2537c36fca4,Miami,Will the highest temperature in Miami be between 92-93°F on October 2?,89625664453983970491049853909330191466880873252363825325528250030728063239685,No,2026-10-01T03:00:32+00:00,0.994
0x45f6a03de17cb6ecfea8c8af7749e3e917daf896f301a2b106afb2537c36fca4,Miami,Will the highest temperature in Miami be between 92-93°F on October 2?,89625664453983970491049853909330191466880873252363825325528250030728063239685,No,2026-10-01T04:00:34+00:00,0.9935
0x45f6a03de17cb6ecfea8c8af7749e3e917daf896f301a2b106afb2537c36fca4,Miami,Will the highest temperature in Miami be between 92-93°F on October 2?,89625664453983970491049853909330191466880873252363825325528250030728063239685,No,2026-10-01T05:00:18+00:00,0.993
0x45f6a03de17cb6ecfea8c8af7749e3e917daf896f301a2b106afb2537c36fca4,Miami,Will the highest temperature in Miami be between 92-93°F on October 2?,89625664453983970491049853909330191466880873252363825325528250030728063239685,No,2026-10-01T06:00:20+00:00,0.993
0x45f6a03de17cb6ecfea8c8af7749e3e917daf896f301a2b106afb2537c36fca4,Miami,Will the highest temperature in Miami be between 92-93°F on October 2?,89625664453983970491049853909330191466880873252363825325528250030728063239685,No,2026-10-01T07:00:17+00:00,0.993
0x45f6a03de17cb6ecfea8c8af7749e3e917daf896f301a2b106afb2537c36fca4,Miami,Will the highest temperature in Miami be between 92-93°F on October 2?,89625664453983970491049853909330191466880873252363825325528250030728063239685,No,2026-10-01T08:00:34+00:00,0.993
0x45f6a03de17cb6ecfea8c8af7749e3e917daf896f301a2b106afb2537c36fca4,Miami,Will the highest temperature in Miami be between 92-93°F on October 2?,89625664453983970491049853909330191466880873252363825325528250030728063239685,No,2026-10-01T10:00:18+00:00,0.9925
0x45f6a03de17cb6ecfea8c8af7749e3e917daf896f301a2b106afb2537c36fca4,Miami,Will the highest temperature in Miami be between 92-93°F on October 2?,89625664453983970491049853909330191466880873252363825325528250030728063239685,No,2026-10-01T10:10:17+00:00,0.9925
0xfae11ee4cd1030cab3aa48b0646e1e095d770566c7b598a3a5ed85c82cd65669,Miami,Will the highest temperature in Miami be between 94-95°F on October 2?,48470794075343572317522462766374069253184507077850120952998200707834005902532,Yes,2026-10-01T01:00:21+00:00,0.002
0xfae11ee4cd1030cab3aa48b0646e1e095d770566c7b598a3a5ed85c82cd65669,Miami,Will the highest temperature in Miami be between 94-95°F on October 2?,48470794075343572317522462766374069253184507077850120952998200707834005902532,Yes,2026-10-01T02:00:22+00:00,0.002
0xfae11ee4cd1030cab3aa48b0646e1e095d770566c7b598a3a5ed85c82cd65669,Miami,Will the highest temperature in Miami be between 94-95°F on October 2?,48470794075343572317522462766374069253184507077850120952998200707834005902532,Yes,2026-10-01T03:00:38+00:00,0.002
0xfae11ee4cd1030cab3aa48b0646e1e095d770566c7b598a3a5ed85c82cd65669,Miami,Will the highest temperature in Miami be between 94-95°F on October 2?,48470794075343572317522462766374069253184507077850120952998200707834005902532,Yes,2026-10-01T04:00:37+00:00,0.002
0xfae11ee4cd1030cab3aa48b0646e1e095d770566c7b598a3a5ed85c82cd65669,Miami,Will the highest temperature in Miami be between 94-95°F on October 2?,48470794075343572317522462766374069253184507077850120952998200707834005902532,Yes,2026-10-01T05:00:21+00:00,0.002
0xfae11ee4cd1030cab3aa48b0646e1e095d770566c7b598a3a5ed85c82cd65669,Miami,Will the highest temperature in Miami be between 94-95°F on October 2?,48470794075343572317522462766374069253184507077850120952998200707834005902532,Yes,2026-10-01T06:00:25+00:00,0.002
0xfae11ee4cd1030cab3aa48b0646e1e095d770566c7b598a3a5ed85c82cd65669,Miami,Will the highest temperature in Miami be between 94-95°F on October 2?,48470794075343572317522462766374069253184507077850120952998200707834005902532,Yes,2026-10-01T07:00:20+00:00,0.002
0xfae11ee4cd1030cab3aa48b0646e1e095d770566c7b598a3a5ed85c82cd65669,Miami,Will the highest temperature in Miami be between 94-95°F on October 2?,48470794075343572317522462766374069253184507077850120952998200707834005902532,Yes,2026-10-01T08:00:38+00:00,0.002
0xfae11ee4cd1030cab3aa48b0646e1e095d770566c7b598a3a5ed85c82cd65669,Miami,Will the highest temperature in Miami be between 94-95°F on October 2?,48470794075343572317522462766374069253184507077850120952998200707834005902532,Yes,2026-10-01T10:00:23+00:00,0.002
0xfae11ee4cd1030cab3aa48b0646e1e095d770566c7b598a3a5ed85c82cd65669,Miami,Will the highest temperature in Miami be between 94-95°F on October 2?,48470794075343572317522462766374069253184507077850120952998200707834005902532,Yes,2026-10-01T10:10:19+00:00,0.002
0xfae11ee4cd1030cab3aa48b0646e1e095d770566c7b598a3a5ed85c82cd65669,Miami,Will the highest temperature in Miami be between 94-95°F on October 2?,99329808528037073287016402232969839793569445715324297220455608592175473815439,No,2026-10-01T01:00:19+00:00,0.998
0xfae11ee4cd1030cab3aa48b0646e1e095d770566c7b598a3a5ed85c82cd65669,Miami,Will the highest temperature in Miami be between 94-95°F on October 2?,99329808528037073287016402232969839793569445715324297220455608592175473815439,No,2026-10-01T02:00:20+00:00,0.998
0xfae11ee4cd1030cab3aa48b0646e1e095d770566c7b598a3a5ed85c82cd65669,Miami,Will the highest temperature in Miami be between 94-95°F on October 2?,99329808528037073287016402232969839793569445715324297220455608592175473815439,No,2026-10-01T03:00:34+00:00,0.998
0xfae11ee4cd1030cab3aa48b0646e1e095d770566c7b598a3a5ed85c82cd65669,Miami,Will the highest temperature in Miami be between 94-95°F on October 2?,99329808528037073287016402232969839793569445715324297220455608592175473815439,No,2026-10-01T04:00:35+00:00,0.998
0xfae11ee4cd1030cab3aa48b0646e1e095d770566c7b598a3a5ed85c82cd65669,Miami,Will the highest temperature in Miami be between 94-95°F on October 2?,99329808528037073287016402232969839793569445715324297220455608592175473815439,No,2026-10-01T05:00:18+00:00,0.998
0xfae11ee4cd1030cab3aa48b0646e1e095d770566c7b598a3a5ed85c82cd65669,Miami,Will the highest temperature in Miami be between 94-95°F on October 2?,99329808528037073287016402232969839793569445715324297220455608592175473815439,No,2026-10-01T06:00:21+00:00,0.998
0xfae11ee4cd1030cab3aa48b0646e1e095d770566c7b598a3a5ed85c82cd65669,Miami,Will the highest temperature in Miami be between 94-95°F on October 2?,99329808528037073287016402232969839793569445715324297220455608592175473815439,No,2026-10-01T07:00:18+00:00,0.998
0xfae11ee4cd1030cab3aa48b0646e1e095d770566c7b598a3a5ed85c82cd65669,Miami,Will the highest temperature in Miami be between 94-95°F on October 2?,99329808528037073287016402232969839793569445715324297220455608592175473815439,No,2026-10-01T08:00:35+00:00,0.998
0xfae11ee4cd1030cab3aa48b0646e1e095d770566c7b598a3a5ed85c82cd65669,Miami,Will the highest temperature in Miami be between 94-95°F on October 2?,99329808528037073287016402232969839793569445715324297220455608592175473815439,No,2026-10-01T10:00:19+00:00,0.998
0xfae11ee4cd1030cab3aa48b0646e1e095d770566c7b598a3a5ed85c82cd65669,Miami,Will the highest temperature in Miami be between 94-95°F on October 2?,99329808528037073287016402232969839793569445715324297220455608592175473815439,No,2026-10-01T10:10:17+00:00,0.998
0xc449d0b16471bfd388460c293e83e9a9521c1b1eec2f0faf021d7e5f5c6cef78,Miami,Will the highest temperature in Miami be 96°F or higher on October 2?,92132314202724510767435396411601337610238115482045229016368813583199749081640,Yes,2026-10-01T01:00:16+00:00,0.0005
0xc449d0b16471bfd388460c293e83e9a9521c1b1eec2f0faf021d7e5f5c6cef78,Miami,Will the highest temperature in Miami be 96°F or higher on October 2?,92132314202724510767435396411601337610238115482045229016368813583199749081640,Yes,2026-10-01T02:00:17+00:00,0.0005
0xc449d0b16471bfd388460c293e83e9a9521c1b1eec2f0faf021d7e5f5c6cef78,Miami,Will the highest temperature in Miami be 96°F or higher on October 2?,92132314202724510767435396411601337610238115482045229016368813583199749081640,Yes,2026-10-01T03:00:30+00:00,0.0005
0xc449d0b16471bfd388460c293e83e9a9521c1b1eec2f0faf021d7e5f5c6cef78,Miami,Will the highest temperature in Miami be 96°F or higher on October 2?,92132314202724510767435396411601337610238115482045229016368813583199749081640,Yes,2026-10-01T04:00:32+00:00,0.0005
0xc449d0b16471bfd388460c293e83e9a9521c1b1eec2f0faf021d7e5f5c6cef78,Miami,Will the highest temperature in Miami be 96°F or higher on October 2?,92132314202724510767435396411601337610238115482045229016368813583199749081640,Yes,2026-10-01T05:00:16+00:00,0.0005
0xc449d0b16471bfd388460c293e83e9a9521c1b1eec2f0faf021d7e5f5c6cef78,Miami,Will the highest temperature in Miami be 96°F or higher on October 2?,92132314202724510767435396411601337610238115482045229016368813583199749081640,Yes,2026-10-01T06:00:17+00:00,0.0005
0xc449d0b16471bfd388460c293e83e9a9521c1b1eec2f0faf021d7e5f5c6cef78,Miami,Will the highest temperature in Miami be 96°F or higher on October 2?,92132314202724510767435396411601337610238115482045229016368813583199749081640,Yes,2026-10-01T07:00:16+00:00,0.0005
0xc449d0b16471bfd388460c293e83e9a9521c1b1eec2f0faf021d7e5f5c6cef78,Miami,Will the highest temperature in Miami be 96°F or higher on October 2?,92132314202724510767435396411601337610238115482045229016368813583199749081640,Yes,2026-10-01T08:00:32+00:00,0.0005
0xc449d0b16471bfd388460c293e83e9a9521c1b1eec2f0faf021d7e5f5c6cef78,Miami,Will the highest temperature in Miami be 96°F or higher on October 2?,92132314202724510767435396411601337610238115482045229016368813583199749081640,Yes,2026-10-01T09:00:57+00:00,0.0005
0xc449d0b16471bfd388460c293e83e9a9521c1b1eec2f0faf021d7e5f5c6cef78,Miami,Will the highest temperature in Miami be 96°F or higher on October 2?,92132314202724510767435396411601337610238115482045229016368813583199749081640,Yes,2026-10-01T10:00:16+00:00,0.0005
0xc449d0b16471bfd388460c293e83e9a9521c1b1eec2f0faf021d7e5f5c6cef78,Miami,Will the highest temperature in Miami be 96°F or higher on October 2?,92132314202724510767435396411601337610238115482045229016368813583199749081640,Yes,2026-10-01T10:10:16+00:00,0.0005
0xc449d0b16471bfd388460c293e83e9a9521c1b1eec2f0faf021d7e5f5c6cef78,Miami,Will the highest temperature in Miami be 96°F or higher on October 2?,45765521629701526401535626538415638474146643725521510150352236767243077425256,No,2026-10-01T01:00:19+00:00,0.9995
0xc449d0b16471bfd388460c293e83e9a9521c1b1eec2f0faf021d7e5f5c6cef78,Miami,Will the highest temperature in Miami be 96°F or higher on October 2?,45765521629701526401535626538415638474146643725521510150352236767243077425256,No,2026-10-01T02:00:20+00:00,0.9995
0xc449d0b16471bfd388460c293e83e9a9521c1b1eec2f0faf021d7e5f5c6cef78,Miami,Will the highest temperature in Miami be 96°F or higher on October 2?,45765521629701526401535626538415638474146643725521510150352236767243077425256,No,2026-10-01T03:00:34+00:00,0.9995
0xc449d0b16471bfd388460c293e83e9a9521c1b1eec2f0faf021d7e5f5c6cef78,Miami,Will the highest temperature in Miami be 96°F or higher on October 2?,45765521629701526401535626538415638474146643725521510150352236767243077425256,No,2026-10-01T04:00:35+00:00,0.9995
0xc449d0b16471bfd388460c293e83e9a9521c1b1eec2f0faf021d7e5f5c6cef78,Miami,Will the highest temperature in Miami be 96°F or higher on October 2?,45765521629701526401535626538415638474146643725521510150352236767243077425256,No,2026-10-01T05:00:18+00:00,0.9995
0xc449d0b16471bfd388460c293e83e9a9521c1b1eec2f0faf021d7e5f5c6cef78,Miami,Will the highest temperature in Miami be 96°F or higher on October 2?,45765521629701526401535626538415638474146643725521510150352236767243077425256,No,2026-10-01T06:00:21+00:00,0.9995
0xc449d0b16471bfd388460c293e83e9a9521c1b1eec2f0faf021d7e5f5c6cef78,Miami,Will the highest temperature in Miami be 96°F or higher on October 2?,45765521629701526401535626538415638474146643725521510150352236767243077425256,No,2026-10-01T07:00:18+00:00,0.9995
0xc449d0b16471bfd388460c293e83e9a9521c1b1eec2f0faf021d7e5f5c6cef78,Miami,Will the highest temperature in Miami be 96°F or higher on October 2?,45765521629701526401535626538415638474146643725521510150352236767243077425256,No,2026-10-01T08:00:35+00:00,0.9995
0xc449d0b16471bfd388460c293e83e9a9521c1b1eec2f0faf021d7e5f5c6cef78,Miami,Will the highest temperature in Miami be 96°F or higher on October 2?,45765521629701526401535626538415638474146643725521510150352236767243077425256,No,2026-10-01T10:00:19+00:00,0.9995
0xc449d0b16471bfd388460c293e83e9a9521c1b1eec2f0faf021d7e5f5c6cef78,Miami,Will the highest temperature in Miami be 96°F or higher on October 2?,45765521629701526401535626538415638474146643725521510150352236767243077425256,No,2026-10-01T10:10:17+00:00,0.9995
0x9af4e39f093917df487440935792cf248d71c3fa9b8154fea7ff0f5b64be54a5,Miami,Will the lowest temperature in Miami be 71°F or below on October 3?,2401851391092163458376611103149438745715583695580312221826507627037751169815,Yes,2026-10-01T08:00:33+00:00,0.0105
0x9af4e39f093917df487440935792cf248d71c3fa9b8154fea7ff0f5b64be54a5,Miami,Will the lowest temperature in Miami be 71°F or below on October 3?,2401851391092163458376611103149438745715583695580312221826507627037751169815,Yes,2026-10-01T09:00:59+00:00,0.01
0x9af4e39f093917df487440935792cf248d71c3fa9b8154fea7ff0f5b64be54a5,Miami,Will the lowest temperature in Miami be 71°F or below on October 3?,2401851391092163458376611103149438745715583695580312221826507627037751169815,Yes,2026-10-01T10:00:17+00:00,0.01
0x9af4e39f093917df487440935792cf248d71c3fa9b8154fea7ff0f5b64be54a5,Miami,Will the lowest temperature in Miami be 71°F or below on October 3?,2401851391092163458376611103149438745715583695580312221826507627037751169815,Yes,2026-10-01T10:10:16+00:00,0.01
0x9af4e39f093917df487440935792cf248d71c3fa9b8154fea7ff0f5b64be54a5,Miami,Will the lowest temperature in Miami be 71°F or below on October 3?,94735141007034037858516952491563178946761802127347222427018740618563490460436,No,2026-10-01T08:00:37+00:00,0.9895
0x9af4e39f093917df487440935792cf248d71c3fa9b8154fea7ff0f5b64be54a5,Miami,Will the lowest temperature in Miami be 71°F or below on October 3?,94735141007034037858516952491563178946761802127347222427018740618563490460436,No,2026-10-01T10:00:21+00:00,0.99
0x9af4e39f093917df487440935792cf248d71c3fa9b8154fea7ff0f5b64be54a5,Miami,Will the lowest temperature in Miami be 71°F or below on October 3?,94735141007034037858516952491563178946761802127347222427018740618563490460436,No,2026-10-01T10:10:18+00:00,0.99
0x21a6ff93e54415321fcaeca4280a31dfe616fd230337608a93de8f4a1fe36d5d,Miami,Will the lowest temperature in Miami be between 72-73°F on October 3?,79487449850184578923315749002229898462407864585326537680159845090008377792993,Yes,2026-10-01T08:00:39+00:00,0.34
0x21a6ff93e54415321fcaeca4280a31dfe616fd230337608a93de8f4a1fe36d5d,Miami,Will the lowest temperature in Miami be between 72-73°F on October 3?,79487449850184578923315749002229898462407864585326537680159845090008377792993,Yes,2026-10-01T10:00:24+00:00,0.34
0x21a6ff93e54415321fcaeca4280a31dfe616fd230337608a93de8f4a1fe36d5d,Miami,Will the lowest temperature in Miami be between 72-73°F on October 3?,79487449850184578923315749002229898462407864585326537680159845090008377792993,Yes,2026-10-01T10:10:20+00:00,0.34
0x21a6ff93e54415321fcaeca4280a31dfe616fd230337608a93de8f4a1fe36d5d,Miami,Will the lowest temperature in Miami be between 72-73°F on October 3?,24048431744538323519299645990308084154096378615310784094470881413279034859813,No,2026-10-01T08:00:32+00:00,0.66
0x21a6ff93e54415321fcaeca4280a31dfe616fd230337608a93de8f4a1fe36d5d,Miami,Will the lowest temperature in Miami be between 72-73°F on October 3?,24048431744538323519299645990308084154096378615310784094470881413279034859813,No,2026-10-01T09:00:58+00:00,0.66
0x21a6ff93e54415321fcaeca4280a31dfe616fd230337608a93de8f4a1fe36d5d,Miami,Will the lowest temperature in Miami be between 72-73°F on October 3?,24048431744538323519299645990308084154096378615310784094470881413279034859813,No,2026-10-01T10:00:17+00:00,0.66
0x21a6ff93e54415321fcaeca4280a31dfe616fd230337608a93de8f4a1fe36d5d,Miami,Will the lowest temperature in Miami be between 72-73°F on October 3?,24048431744538323519299645990308084154096378615310784094470881413279034859813,No,2026-10-01T10:10:16+00:00,0.66
0xa9d3046c19f44a700565f7b12709391d234cd56f2f0ba828b37838e5be035bdf,Miami,Will the lowest temperature in Miami be between 74-75°F on October 3?,23906532511962799997446035829002453137760865026309130208975690421852639664801,Yes,2026-10-01T08:00:36+00:00,0.34
0xa9d3046c19f44a700565f7b12709391d234cd56f2f0ba828b37838e5be035bdf,Miami,Will the lowest temperature in Miami be between 74-75°F on October 3?,23906532511962799997446035829002453137760865026309130208975690421852639664801,Yes,2026-10-01T10:00:21+00:00,0.34
0xa9d3046c19f44a700565f7b12709391d234cd56f2f0ba828b37838e5be035bdf,Miami,Will the lowest temperature in Miami be between 74-75°F on October 3?,23906532511962799997446035829002453137760865026309130208975690421852639664801,Yes,2026-10-01T10:10:18+00:00,0.34
0xa9d3046c19f44a700565f7b12709391d234cd56f2f0ba828b37838e5be035bdf,Miami,Will the lowest temperature in Miami be between 74-75°F on October 3?,76169391180094558977572363753154626460786107878071445285527466864443440418949,No,2026-10-01T08:00:31+00:00,0.66
0xa9d3046c19f44a700565f7b12709391d234cd56f2f0ba828b37838e5be035bdf,Miami,Will the lowest temperature in Miami be between 74-75°F on October 3?,76169391180094558977572363753154626460786107878071445285527466864443440418949,No,2026-10-01T09:00:57+00:00,0.66
0xa9d3046c19f44a700565f7b12709391d234cd56f2f0ba828b37838e5be035bdf,Miami,Will the lowest temperature in Miami be between 74-75°F on October 3?,76169391180094558977572363753154626460786107878071445285527466864443440418949,No,2026-10-01T10:00:15+00:00,0.66
0xa9d3046c19f44a700565f7b12709391d234cd56f2f0ba828b37838e5be035bdf,Miami,Will the lowest temperature in Miami be between 74-75°F on October 3?,76169391180094558977572363753154626460786107878071445285527466864443440418949,No,2026-10-01T10:10:15+00:00,0.66
0x3b3ddf9dbbd35546f5cea507e0d7a6ec86752373405921f5df700666961055d9,Miami,Will the lowest temperature in Miami be between 76-77°F on October 3?,80025262155039602868994919276991594436859980579965911703691018855677830232121,Yes,2026-10-01T08:00:38+00:00,0.345
0x3b3ddf9dbbd35546f5cea507e0d7a6ec86752373405921f5df700666961055d9,Miami,Will the lowest temperature in Miami be between 76-77°F on October 3?,80025262155039602868994919276991594436859980579965911703691018855677830232121,Yes,2026-10-01T10:00:23+00:00,0.345
0x3b3ddf9dbbd35546f5cea507e0d7a6ec86752373405921f5df700666961055d9,Miami,Will the lowest temperature in Miami be between 76-77°F on October 3?,80025262155039602868994919276991594436859980579965911703691018855677830232121,Yes,2026-10-01T10:10:19+00:00,0.345
0x3b3ddf9dbbd35546f5cea507e0d7a6ec86752373405921f5df700666961055d9,Miami,Will the lowest temperature in Miami be between 76-77°F on October 3?,102516748431191302208196982441748163521103122882324406310213627563495800022697,No,2026-10-01T08:00:32+00:00,0.655
0x3b3ddf9dbbd35546f5cea507e0d7a6ec86752373405921f5df700666961055d9,Miami,Will the lowest temperature in Miami be between 76-77°F on October 3?,102516748431191302208196982441748163521103122882324406310213627563495800022697,No,2026-10-01T09:00:57+00:00,0.655
0x3b3ddf9dbbd35546f5cea507e0d7a6ec86752373405921f5df700666961055d9,Miami,Will the lowest temperature in Miami be between 76-77°F on October 3?,102516748431191302208196982441748163521103122882324406310213627563495800022697,No,2026-10-01T10:00:16+00:00,0.655
0x3b3ddf9dbbd35546f5cea507e0d7a6ec86752373405921f5df700666961055d9,Miami,Will the lowest temperature in Miami be between 76-77°F on October 3?,102516748431191302208196982441748163521103122882324406310213627563495800022697,No,2026-10-01T10:10:15+00:00,0.655
0x6c5a38194da39cfebf10f9c63743a0e098fa6cac7e93832d12abc9cac567aaa9,Miami,Will the lowest temperature in Miami be between 78-79°F on October 3?,18162090248302456688255060226084781110873399451558771526260686188737900455804,Yes,2026-10-01T08:00:35+00:00,0.345
0x6c5a38194da39cfebf10f9c63743a0e098fa6cac7e93832d12abc9cac567aaa9,Miami,Will the lowest temperature in Miami be between 78-79°F on October 3?,18162090248302456688255060226084781110873399451558771526260686188737900455804,Yes,2026-10-01T10:00:19+00:00,0.345
0x6c5a38194da39cfebf10f9c63743a0e098fa6cac7e93832d12abc9cac567aaa9,Miami,Will the lowest temperature in Miami be between 78-79°F on October 3?,18162090248302456688255060226084781110873399451558771526260686188737900455804,Yes,2026-10-01T10:10:17+00:00,0.345
0x6c5a38194da39cfebf10f9c63743a0e098fa6cac7e93832d12abc9cac567aaa9,Miami,Will the lowest temperature in Miami be between 78-79°F on October 3?,52796500339637523142986312578540379232116155361621728446785412129671058595803,No,2026-10-01T08:00:32+00:00,0.655
0x6c5a38194da39cfebf10f9c63743a0e098fa6cac7e93832d12abc9cac567aaa9,Miami,Will the lowest temperature in Miami be between 78-79°F on October 3?,52796500339637523142986312578540379232116155361621728446785412129671058595803,No,2026-10-01T09:00:58+00:00,0.655
0x6c5a38194da39cfebf10f9c63743a0e098fa6cac7e93832d12abc9cac567aaa9,Miami,Will the lowest temperature in Miami be between 78-79°F on October 3?,52796500339637523142986312578540379232116155361621728446785412129671058595803,No,2026-10-01T10:00:17+00:00,0.655
0x6c5a38194da39cfebf10f9c63743a0e098fa6cac7e93832d12abc9cac567aaa9,Miami,Will the lowest temperature in Miami be between 78-79°F on October 3?,52796500339637523142986312578540379232116155361621728446785412129671058595803,No,2026-10-01T10:10:16+00:00,0.655
0x40a99fe52222c3f008adf5770ce63a840ab7a7d213a718c8bbcd28e895570d5f,Miami,Will the lowest temperature in Miami be between 80-81°F on October 3?,89898802529094146486524470775288000222162584416838820105066164272873381739331,Yes,2026-10-01T08:00:36+00:00,0.345
0x40a99fe52222c3f008adf5770ce63a840ab7a7d213a718c8bbcd28e895570d5f,Miami,Will the lowest temperature in Miami be between 80-81°F on October 3?,89898802529094146486524470775288000222162584416838820105066164272873381739331,Yes,2026-10-01T10:00:20+00:00,0.345
0x40a99fe52222c3f008adf5770ce63a840ab7a7d213a718c8bbcd28e895570d5f,Miami,Will the lowest temperature in Miami be between 80-81°F on October 3?,89898802529094146486524470775288000222162584416838820105066164272873381739331,Yes,2026-10-01T10:10:18+00:00,0.345
0x40a99fe52222c3f008adf5770ce63a840ab7a7d213a718c8bbcd28e895570d5f,Miami,Will the lowest temperature in Miami be between 80-81°F on October 3?,56562690988416591347520517498729869501426179814405739740907797242096381154343,No,2026-10-01T08:00:32+00:00,0.655
0x40a99fe52222c3f008adf5770ce63a840ab7a7d213a718c8bbcd28e895570d5f,Miami,Will the lowest temperature in Miami be between 80-81°F on October 3?,56562690988416591347520517498729869501426179814405739740907797242096381154343,No,2026-10-01T09:00:57+00:00,0.655
0x40a99fe52222c3f008adf5770ce63a840ab7a7d213a718c8bbcd28e895570d5f,Miami,Will the lowest temperature in Miami be between 80-81°F on October 3?,56562690988416591347520517498729869501426179814405739740907797242096381154343,No,2026-10-01T10:00:16+00:00,0.655
0x40a99fe52222c3f008adf5770ce63a840ab7a7d213a718c8bbcd28e895570d5f,Miami,Will the lowest temperature in Miami be between 80-81°F on October 3?,56562690988416591347520517498729869501426179814405739740907797242096381154343,No,2026-10-01T10:10:16+00:00,0.655
0xad4e7fe0beaee5f7810abaaf858b33c720afd703fd937bae615e690bfdfe4cdc,Miami,Will the lowest temperature in Miami be between 82-83°F on October 3?,73172989888084317051805458854044985665314077999781287148165538255845975616095,Yes,2026-10-01T08:00:31+00:00,0.345
0xad4e7fe0beaee5f7810abaaf858b33c720afd703fd937bae615e690bfdfe4cdc,Miami,Will the lowest temperature in Miami be between 82-83°F on October 3?,73172989888084317051805458854044985665314077999781287148165538255845975616095,Yes,2026-10-01T09:00:57+00:00,0.345
0xad4e7fe0beaee5f7810abaaf858b33c720afd703fd937bae615e690bfdfe4cdc,Miami,Will the lowest temperature in Miami be between 82-83°F on October 3?,73172989888084317051805458854044985665314077999781287148165538255845975616095,Yes,2026-10-01T10:00:15+00:00,0.345
0xad4e7fe0beaee5f7810abaaf858b33c720afd703fd937bae615e690bfdfe4cdc,Miami,Will the lowest temperature in Miami be between 82-83°F on October 3?,73172989888084317051805458854044985665314077999781287148165538255845975616095,Yes,2026-10-01T10:10:15+00:00,0.345
0xad4e7fe0beaee5f7810abaaf858b33c720afd703fd937bae615e690bfdfe4cdc,Miami,Will the lowest temperature in Miami be between 82-83°F on October 3?,16317098563565451869579011966753210889040090251291142847140513885556449823947,No,2026-10-01T08:00:34+00:00,0.655
0xad4e7fe0beaee5f7810abaaf858b33c720afd703fd937bae615e690bfdfe4cdc,Miami,Will the lowest temperature in Miami be between 82-83°F on October 3?,16317098563565451869579011966753210889040090251291142847140513885556449823947,No,2026-10-01T10:00:18+00:00,0.655
0xad4e7fe0beaee5f7810abaaf858b33c720afd703fd937bae615e690bfdfe4cdc,Miami,Will the lowest temperature in Miami be between 82-83°F on October 3?,16317098563565451869579011966753210889040090251291142847140513885556449823947,No,2026-10-01T10:10:17+00:00,0.655
0x11413555063334f7fdca6e06c1c2493f554350fc9baf59024b967d5b975e634f,Miami,Will the lowest temperature in Miami be between 84-85°F on October 3?,25711880157736860658316386235913021352668161728905207722037689784573490531956,Yes,2026-10-01T08:00:32+00:00,0.34
0x11413555063334f7fdca6e06c1c2493f554350fc9baf59024b967d5b975e634f,Miami,Will the lowest temperature in Miami be between 84-85°F on October 3?,25711880157736860658316386235913021352668161728905207722037689784573490531956,Yes,2026-10-01T09:00:57+00:00,0.34
0x11413555063334f7fdca6e06c1c2493f554350fc9baf59024b967d5b975e634f,Miami,Will the lowest temperature in Miami be between 84-85°F on October 3?,25711880157736860658316386235913021352668161728905207722037689784573490531956,Yes,2026-10-01T10:00:16+00:00,0.34
0x11413555063334f7fdca6e06c1c2493f554350fc9baf59024b967d5b975e634f,Miami,Will the lowest temperature in Miami be between 84-85°F on October 3?,25711880157736860658316386235913021352668161728905207722037689784573490531956,Yes,2026-10-01T10:10:16+00:00,0.34
0x11413555063334f7fdca6e06c1c2493f554350fc9baf59024b967d5b975e634f,Miami,Will the lowest temperature in Miami be between 84-85°F on October 3?,58911599681718203529323111906862859784213234930160822214096412096702635757426,No,2026-10-01T08:00:33+00:00,0.66
0x11413555063334f7fdca6e06c1c2493f554350fc9baf59024b967d5b975e634f,Miami,Will the lowest temperature in Miami be between 84-85°F on October 3?,58911599681718203529323111906862859784213234930160822214096412096702635757426,No,2026-10-01T09:00:59+00:00,0.66
0x11413555063334f7fdca6e06c1c2493f554350fc9baf59024b967d5b975e634f,Miami,Will the lowest temperature in Miami be between 84-85°F on October 3?,58911599681718203529323111906862859784213234930160822214096412096702635757426,No,2026-10-01T10:00:17+00:00,0.66
0x11413555063334f7fdca6e06c1c2493f554350fc9baf59024b967d5b975e634f,Miami,Will the lowest temperature in Miami be between 84-85°F on October 3?,58911599681718203529323111906862859784213234930160822214096412096702635757426,No,2026-10-01T10:10:16+00:00,0.66
0x0cec79896f12d0539b44a87eb66908d383e5c62d55e5d54356cccf8017ef9dc2,Miami,Will the lowest temperature in Miami be between 86-87°F on October 3?,40937636782887050053851138486677936776490979641125570521579119054728067546047,Yes,2026-10-01T08:00:32+00:00,0.0055
0x0cec79896f12d0539b44a87eb66908d383e5c62d55e5d54356cccf8017ef9dc2,Miami,Will the lowest temperature in Miami be between 86-87°F on October 3?,40937636782887050053851138486677936776490979641125570521579119054728067546047,Yes,2026-10-01T09:00:57+00:00,0.0055
0x0cec79896f12d0539b44a87eb66908d383e5c62d55e5d54356cccf8017ef9dc2,Miami,Will the lowest temperature in Miami be between 86-87°F on October 3?,40937636782887050053851138486677936776490979641125570521579119054728067546047,Yes,2026-10-01T10:00:16+00:00,0.0055
0x0cec79896f12d0539b44a87eb66908d383e5c62d55e5d54356cccf8017ef9dc2,Miami,Will the lowest temperature in Miami be between 86-87°F on October 3?,40937636782887050053851138486677936776490979641125570521579119054728067546047,Yes,2026-10-01T10:10:15+00:00,0.0055
0x0cec79896f12d0539b44a87eb66908d383e5c62d55e5d54356cccf8017ef9dc2,Miami,Will the lowest temperature in Miami be between 86-87°F on October 3?,1943953624078724312039351177336371438993685212044141682262345911900985302495,No,2026-10-01T08:00:31+00:00,0.9945
0x0cec79896f12d0539b44a87eb66908d383e5c62d55e5d54356cccf8017ef9dc2,Miami,Will the lowest temperature in Miami be between 86-87°F on October 3?,1943953624078724312039351177336371438993685212044141682262345911900985302495,No,2026-10-01T09:00:56+00:00,0.9945
0x0cec79896f12d0539b44a87eb66908d383e5c62d55e5d54356cccf8017ef9dc2,Miami,Will the lowest temperature in Miami be between 86-87°F on October 3?,1943953624078724312039351177336371438993685212044141682262345911900985302495,No,2026-10-01T10:00:15+00:00,0.9945
0x0cec79896f12d0539b44a87eb66908d383e5c62d55e5d54356cccf8017ef9dc2,Miami,Will the lowest temperature in Miami be between 86-87°F on October 3?,1943953624078724312039351177336371438993685212044141682262345911900985302495,No,2026-10-01T10:10:15+00:00,0.9945
0x7b6b7232e1a1ba3c1458be788e6eef4aaa6467cc04f5d085f3b47c6610b5743b,Miami,Will the lowest temperature in Miami be between 88-89°F on October 3?,57552584040329831817001152139619784929150404164066231427362026502399263928553,Yes,2026-10-01T08:00:39+00:00,0.0055
0x7b6b7232e1a1ba3c1458be788e6eef4aaa6467cc04f5d085f3b47c6610b5743b,Miami,Will the lowest temperature in Miami be between 88-89°F on October 3?,57552584040329831817001152139619784929150404164066231427362026502399263928553,Yes,2026-10-01T10:00:23+00:00,0.0055
0x7b6b7232e1a1ba3c1458be788e6eef4aaa6467cc04f5d085f3b47c6610b5743b,Miami,Will the lowest temperature in Miami be between 88-89°F on October 3?,57552584040329831817001152139619784929150404164066231427362026502399263928553,Yes,2026-10-01T10:10:19+00:00,0.0055
0x7b6b7232e1a1ba3c1458be788e6eef4aaa6467cc04f5d085f3b47c6610b5743b,Miami,Will the lowest temperature in Miami be between 88-89°F on October 3?,62764473493414030947965182041508663280999420068471121588823932540525664621945,No,2026-10-01T08:00:38+00:00,0.9945
0x7b6b7232e1a1ba3c1458be788e6eef4aaa6467cc04f5d085f3b47c6610b5743b,Miami,Will the lowest temperature in Miami be between 88-89°F on October 3?,62764473493414030947965182041508663280999420068471121588823932540525664621945,No,2026-10-01T10:00:23+00:00,0.9945
0x7b6b7232e1a1ba3c1458be788e6eef4aaa6467cc04f5d085f3b47c6610b5743b,Miami,Will the lowest temperature in Miami be between 88-89°F on October 3?,62764473493414030947965182041508663280999420068471121588823932540525664621945,No,2026-10-01T10:10:19+00:00,0.9945
0xd321e191c45f895460a1c0a9d73ca0b3c5e35fa1e81f9a7c20f2edd3aaf54dd6,Miami,Will the lowest temperature in Miami be 90°F or higher on October 3?,42227470216252529254800246797105035956409951305966510498608694489580441083969,Yes,2026-10-01T08:00:34+00:00,0.0055
0xd321e191c45f895460a1c0a9d73ca0b3c5e35fa1e81f9a7c20f2edd3aaf54dd6,Miami,Will the lowest temperature in Miami be 90°F or higher on October 3?,42227470216252529254800246797105035956409951305966510498608694489580441083969,Yes,2026-10-01T10:00:19+00:00,0.0055
0xd321e191c45f895460a1c0a9d73ca0b3c5e35fa1e81f9a7c20f2edd3aaf54dd6,Miami,Will the lowest temperature in Miami be 90°F or higher on October 3?,42227470216252529254800246797105035956409951305966510498608694489580441083969,Yes,2026-10-01T10:10:17+00:00,0.0055
0xd321e191c45f895460a1c0a9d73ca0b3c5e35fa1e81f9a7c20f2edd3aaf54dd6,Miami,Will the lowest temperature in Miami be 90°F or higher on October 3?,77182395194398547879219897952257619981483780593046720035347480241612734072077,No,2026-10-01T08:00:32+00:00,0.9945
0xd321e191c45f895460a1c0a9d73ca0b3c5e35fa1e81f9a7c20f2edd3aaf54dd6,Miami,Will the lowest temperature in Miami be 90°F or higher on October 3?,77182395194398547879219897952257619981483780593046720035347480241612734072077,No,2026-10-01T09:00:58+00:00,0.9945
0xd321e191c45f895460a1c0a9d73ca0b3c5e35fa1e81f9a7c20f2edd3aaf54dd6,Miami,Will the lowest temperature in Miami be 90°F or higher on October 3?,77182395194398547879219897952257619981483780593046720035347480241612734072077,No,2026-10-01T10:00:17+00:00,0.9945
0xd321e191c45f895460a1c0a9d73ca0b3c5e35fa1e81f9a7c20f2edd3aaf54dd6,Miami,Will the lowest temperature in Miami be 90°F or higher on October 3?,77182395194398547879219897952257619981483780593046720035347480241612734072077,No,2026-10-01T10:10:16+00:00,0.9945
0xec8891b67a3536fe81959b632d12c91cb67e6197b329c8b8b3cdc43aef56f32e,Miami,Will the highest temperature in Miami be 79°F or below on October 3?,23090223715168670734952905013330435183634092158215526865281615920040381717542,Yes,2026-10-01T10:00:21+00:00,0.0155
0xec8891b67a3536fe81959b632d12c91cb67e6197b329c8b8b3cdc43aef56f32e,Miami,Will the highest temperature in Miami be 79°F or below on October 3?,23090223715168670734952905013330435183634092158215526865281615920040381717542,Yes,2026-10-01T10:10:18+00:00,0.0155
0xec8891b67a3536fe81959b632d12c91cb67e6197b329c8b8b3cdc43aef56f32e,Miami,Will the highest temperature in Miami be 79°F or below on October 3?,15645242951365676593022606134445873878460276069998448270682183891044742464196,No,2026-10-01T10:00:20+00:00,0.9845
0xec8891b67a3536fe81959b632d12c91cb67e6197b329c8b8b3cdc43aef56f32e,Miami,Will the highest temperature in Miami be 79°F or below on October 3?,15645242951365676593022606134445873878460276069998448270682183891044742464196,No,2026-10-01T10:10:18+00:00,0.9845
0x474763bf1336cea33702eb438b521b0f0e67f85939868060034ccd0e25356ed2,Miami,Will the highest temperature in Miami be between 80-81°F on October 3?,77856718813950556863936530679327258230189339845661964531000172047830584663242,Yes,2026-10-01T10:00:21+00:00,0.0255
0x474763bf1336cea33702eb438b521b0f0e67f85939868060034ccd0e25356ed2,Miami,Will the highest temperature in Miami be between 80-81°F on October 3?,77856718813950556863936530679327258230189339845661964531000172047830584663242,Yes,2026-10-01T10:10:18+00:00,0.0255
0x474763bf1336cea33702eb438b521b0f0e67f85939868060034ccd0e25356ed2,Miami,Will the highest temperature in Miami be between 80-81°F on October 3?,58525638852554071813899622862789962815959162843489601081891269496735663801397,No,2026-10-01T10:00:24+00:00,0.9745
0x474763bf1336cea33702eb438b521b0f0e67f85939868060034ccd0e25356ed2,Miami,Will the highest temperature in Miami be between 80-81°F on October 3?,58525638852554071813899622862789962815959162843489601081891269496735663801397,No,2026-10-01T10:10:20+00:00,0.9745
0xb7416724636162d2b095a06b71cb55a06d5599a96a645d63b96ea5b3a23bf234,Miami,Will the highest temperature in Miami be between 82-83°F on October 3?,89455962054906594914048839290454217639815797209681080969429317132424878722060,Yes,2026-10-01T10:00:19+00:00,0.0355
0xb7416724636162d2b095a06b71cb55a06d5599a96a645d63b96ea5b3a23bf234,Miami,Will the highest temperature in Miami be between 82-83°F on October 3?,89455962054906594914048839290454217639815797209681080969429317132424878722060,Yes,2026-10-01T10:10:17+00:00,0.0355
0xb7416724636162d2b095a06b71cb55a06d5599a96a645d63b96ea5b3a23bf234,Miami,Will the highest temperature in Miami be between 82-83°F on October 3?,80442249627121500283348210139238772113464970060562220206398206171734047797872,No,2026-10-01T09:00:59+00:00,0.964
0xb7416724636162d2b095a06b71cb55a06d5599a96a645d63b96ea5b3a23bf234,Miami,Will the highest temperature in Miami be between 82-83°F on October 3?,80442249627121500283348210139238772113464970060562220206398206171734047797872,No,2026-10-01T10:00:18+00:00,0.9645
0xb7416724636162d2b095a06b71cb55a06d5599a96a645d63b96ea5b3a23bf234,Miami,Will the highest temperature in Miami be between 82-83°F on October 3?,80442249627121500283348210139238772113464970060562220206398206171734047797872,No,2026-10-01T10:10:16+00:00,0.9645
0xc317e7fbad6ac5842d9aad9a4ed4c9b4d45fd0e74e333c94f3289984f85d9e5c,Miami,Will the highest temperature in Miami be between 84-85°F on October 3?,35795150945563132229659908436149498063868854490358161611805389460383501946748,Yes,2026-10-01T10:00:19+00:00,0.075
0xc317e7fbad6ac5842d9aad9a4ed4c9b4d45fd0e74e333c94f3289984f85d9e5c,Miami,Will the highest temperature in Miami be between 84-85°F on October 3?,35795150945563132229659908436149498063868854490358161611805389460383501946748,Yes,2026-10-01T10:10:17+00:00,0.075
0xc317e7fbad6ac5842d9aad9a4ed4c9b4d45fd0e74e333c94f3289984f85d9e5c,Miami,Will the highest temperature in Miami be between 84-85°F on October 3?,10141764907137961005589847303355769967244252065493648406910378195414515733597,No,2026-10-01T09:00:59+00:00,0.85
0xc317e7fbad6ac5842d9aad9a4ed4c9b4d45fd0e74e333c94f3289984f85d9e5c,Miami,Will the highest temperature in Miami be between 84-85°F on October 3?,10141764907137961005589847303355769967244252065493648406910378195414515733597,No,2026-10-01T10:00:17+00:00,0.925
0xc317e7fbad6ac5842d9aad9a4ed4c9b4d45fd0e74e333c94f3289984f85d9e5c,Miami,Will the highest temperature in Miami be between 84-85°F on October 3?,10141764907137961005589847303355769967244252065493648406910378195414515733597,No,2026-10-01T10:10:16+00:00,0.925
0xce2a7e4101b8dea388368120017dcff84d756dda123fd0592faac99b4fdee3e1,Miami,Will the highest temperature in Miami be between 86-87°F on October 3?,46823542776059549111568340802685529567631910949023390218543914809684071453177,Yes,2026-10-01T09:00:59+00:00,0.14
0xce2a7e4101b8dea388368120017dcff84d756dda123fd0592faac99b4fdee3e1,Miami,Will the highest temperature in Miami be between 86-87°F on October 3?,46823542776059549111568340802685529567631910949023390218543914809684071453177,Yes,2026-10-01T10:00:18+00:00,0.115
0xce2a7e4101b8dea388368120017dcff84d756dda123fd0592faac99b4fdee3e1,Miami,Will the highest temperature in Miami be between 86-87°F on October 3?,46823542776059549111568340802685529567631910949023390218543914809684071453177,Yes,2026-10-01T10:10:16+00:00,0.125
0xce2a7e4101b8dea388368120017dcff84d756dda123fd0592faac99b4fdee3e1,Miami,Will the highest temperature in Miami be between 86-87°F on October 3?,82246115093136491830343145517172261887101293511221185591715182449357217461596,No,2026-10-01T10:00:18+00:00,0.885
0xce2a7e4101b8dea388368120017dcff84d756dda123fd0592faac99b4fdee3e1,Miami,Will the highest temperature in Miami be between 86-87°F on October 3?,82246115093136491830343145517172261887101293511221185591715182449357217461596,No,2026-10-01T10:10:17+00:00,0.875
0x7724e745b807a1968249db24a91c6f66b630df4f382f62725a19049aa81f5a5f,Miami,Will the highest temperature in Miami be between 88-89°F on October 3?,2173822836135318630786944996183675465531903091508958494860629986702475654255,Yes,2026-10-01T09:00:58+00:00,0.32
0x7724e745b807a1968249db24a91c6f66b630df4f382f62725a19049aa81f5a5f,Miami,Will the highest temperature in Miami be between 88-89°F on October 3?,2173822836135318630786944996183675465531903091508958494860629986702475654255,Yes,2026-10-01T10:00:17+00:00,0.395
0x7724e745b807a1968249db24a91c6f66b630df4f382f62725a19049aa81f5a5f,Miami,Will the highest temperature in Miami be between 88-89°F on October 3?,2173822836135318630786944996183675465531903091508958494860629986702475654255,Yes,2026-10-01T10:10:16+00:00,0.395
0x7724e745b807a1968249db24a91c6f66b630df4f382f62725a19049aa81f5a5f,Miami,Will the highest temperature in Miami be between 88-89°F on October 3?,69952787242721232358321911826601432562332590591829072386004423219280615095111,No,2026-10-01T10:00:19+00:00,0.605
0x7724e745b807a1968249db24a91c6f66b630df4f382f62725a19049aa81f5a5f,Miami,Will the highest temperature in Miami be between 88-89°F on October 3?,69952787242721232358321911826601432562332590591829072386004423219280615095111,No,2026-10-01T10:10:17+00:00,0.605
0xc4644847694084891d6283738fa44ce6c4ad3b39811687110fbdce3d53e3efd6,Miami,Will the highest temperature in Miami be between 90-91°F on October 3?,19975972474080962092605372572377747283791840809792374875574336507375401597891,Yes,2026-10-01T10:00:19+00:00,0.395
0xc4644847694084891d6283738fa44ce6c4ad3b39811687110fbdce3d53e3efd6,Miami,Will the highest temperature in Miami be between 90-91°F on October 3?,19975972474080962092605372572377747283791840809792374875574336507375401597891,Yes,2026-10-01T10:08:16+00:00,0.395
0xc4644847694084891d6283738fa44ce6c4ad3b39811687110fbdce3d53e3efd6,Miami,Will the highest temperature in Miami be between 90-91°F on October 3?,34417556465892112983903918280660393167105269730723517430312471741984629027058,No,2026-10-01T10:00:24+00:00,0.605
0xc4644847694084891d6283738fa44ce6c4ad3b39811687110fbdce3d53e3efd6,Miami,Will the highest temperature in Miami be between 90-91°F on October 3?,34417556465892112983903918280660393167105269730723517430312471741984629027058,No,2026-10-01T10:10:20+00:00,0.605
0xa960b6085a0fca2f9a3badbdf28afd0cea6bcfa9eaa178cffbb6fbe3ddb442b1,Miami,Will the highest temperature in Miami be between 92-93°F on October 3?,29612320717602953278951372762129080380170136005069740618528330454370442983031,Yes,2026-10-01T10:00:19+00:00,0.11
0xa960b6085a0fca2f9a3badbdf28afd0cea6bcfa9eaa178cffbb6fbe3ddb442b1,Miami,Will the highest temperature in Miami be between 92-93°F on October 3?,29612320717602953278951372762129080380170136005069740618528330454370442983031,Yes,2026-10-01T10:10:17+00:00,0.115
0xa960b6085a0fca2f9a3badbdf28afd0cea6bcfa9eaa178cffbb6fbe3ddb442b1,Miami,Will the highest temperature in Miami be between 92-93°F on October 3?,103397340939144167963117622803615170512367620651888128626151514712058518929443,No,2026-10-01T10:00:19+00:00,0.89
0xa960b6085a0fca2f9a3badbdf28afd0cea6bcfa9eaa178cffbb6fbe3ddb442b1,Miami,Will the highest temperature in Miami be between 92-93°F on October 3?,103397340939144167963117622803615170512367620651888128626151514712058518929443,No,2026-10-01T10:10:17+00:00,0.885
0x33afe6653dfad393cc06f851aff86e5865f811807d3140deaab69cb149064b2d,Miami,Will the highest temperature in Miami be between 94-95°F on October 3?,13771154308697513786050672208912185250225730594976202882165760384528936846122,Yes,2026-10-01T10:00:20+00:00,0.045
0x33afe6653dfad393cc06f851aff86e5865f811807d3140deaab69cb149064b2d,Miami,Will the highest temperature in Miami be between 94-95°F on October 3?,13771154308697513786050672208912185250225730594976202882165760384528936846122,Yes,2026-10-01T10:10:18+00:00,0.045
0x33afe6653dfad393cc06f851aff86e5865f811807d3140deaab69cb149064b2d,Miami,Will the highest temperature in Miami be between 94-95°F on October 3?,106052456671288851225873724310389219425811612543883023776587225480292304451439,No,2026-10-01T09:00:57+00:00,0.96
0x33afe6653dfad393cc06f851aff86e5865f811807d3140deaab69cb149064b2d,Miami,Will the highest temperature in Miami be between 94-95°F on October 3?,106052456671288851225873724310389219425811612543883023776587225480292304451439,No,2026-10-01T10:00:15+00:00,0.955
0x33afe6653dfad393cc06f851aff86e5865f811807d3140deaab69cb149064b2d,Miami,Will the highest temperature in Miami be between 94-95°F on October 3?,106052456671288851225873724310389219425811612543883023776587225480292304451439,No,2026-10-01T10:10:15+00:00,0.955
0x5ae5e62d910a79d3a60aec798ba96fbfd8fa8e676892ac99cc7e04585fb13945,Miami,Will the highest temperature in Miami be between 96-97°F on October 3?,24407952387009482093579812298926553320179019382115935663552158211382961481953,Yes,2026-10-01T08:00:39+00:00,0.005
0x5ae5e62d910a79d3a60aec798ba96fbfd8fa8e676892ac99cc7e04585fb13945,Miami,Will the highest temperature in Miami be between 96-97°F on October 3?,24407952387009482093579812298926553320179019382115935663552158211382961481953,Yes,2026-10-01T10:00:24+00:00,0.0055
0x5ae5e62d910a79d3a60aec798ba96fbfd8fa8e676892ac99cc7e04585fb13945,Miami,Will the highest temperature in Miami be between 96-97°F on October 3?,24407952387009482093579812298926553320179019382115935663552158211382961481953,Yes,2026-10-01T10:10:20+00:00,0.0055
0x5ae5e62d910a79d3a60aec798ba96fbfd8fa8e676892ac99cc7e04585fb13945,Miami,Will the highest temperature in Miami be between 96-97°F on October 3?,78834169621739434164204585670709697818037282627503643740085972619708946960803,No,2026-10-01T08:00:38+00:00,0.995
0x5ae5e62d910a79d3a60aec798ba96fbfd8fa8e676892ac99cc7e04585fb13945,Miami,Will the highest temperature in Miami be between 96-97°F on October 3?,78834169621739434164204585670709697818037282627503643740085972619708946960803,No,2026-10-01T10:00:23+00:00,0.9945
0x5ae5e62d910a79d3a60aec798ba96fbfd8fa8e676892ac99cc7e04585fb13945,Miami,Will the highest temperature in Miami be between 96-97°F on October 3?,78834169621739434164204585670709697818037282627503643740085972619708946960803,No,2026-10-01T10:10:19+00:00,0.9945
0x826a79ddd5fbe352522080714b36c5bf08346b32407305cbf644a0e3b16fe64d,Miami,Will the highest temperature in Miami be 98°F or higher on October 3?,66228265059546111832304905784811358337796867387215887682637378426579874209688,Yes,2026-10-01T08:00:32+00:00,0.005
0x826a79ddd5fbe352522080714b36c5bf08346b32407305cbf644a0e3b16fe64d,Miami,Will the highest temperature in Miami be 98°F or higher on October 3?,66228265059546111832304905784811358337796867387215887682637378426579874209688,Yes,2026-10-01T09:00:57+00:00,0.0055
0x826a79ddd5fbe352522080714b36c5bf08346b32407305cbf644a0e3b16fe64d,Miami,Will the highest temperature in Miami be 98°F or higher on October 3?,66228265059546111832304905784811358337796867387215887682637378426579874209688,Yes,2026-10-01T10:00:16+00:00,0.0055
0x826a79ddd5fbe352522080714b36c5bf08346b32407305cbf644a0e3b16fe64d,Miami,Will the highest temperature in Miami be 98°F or higher on October 3?,66228265059546111832304905784811358337796867387215887682637378426579874209688,Yes,2026-10-01T10:10:16+00:00,0.0055
0x826a79ddd5fbe352522080714b36c5bf08346b32407305cbf644a0e3b16fe64d,Miami,Will the highest temperature in Miami be 98°F or higher on October 3?,43855335171971621644649715990939759825526524431107446726084198576425745693730,No,2026-10-01T08:00:35+00:00,0.995
0x826a79ddd5fbe352522080714b36c5bf08346b32407305cbf644a0e3b16fe64d,Miami,Will the highest temperature in Miami be 98°F or higher on October 3?,43855335171971621644649715990939759825526524431107446726084198576425745693730,No,2026-10-01T10:00:19+00:00,0.9945
0x826a79ddd5fbe352522080714b36c5bf08346b32407305cbf644a0e3b16fe64d,Miami,Will the highest temperature in Miami be 98°F or higher on October 3?,43855335171971621644649715990939759825526524431107446726084198576425745693730,No,2026-10-01T10:10:17+00:00,0.9945
