condition_id,city,question,token_id,outcome,timestamp_utc,price
0x82ea1cdc55e70085e3de6d1c6a22d49bf5e1a76545921fb1126f46c94e35f688,San Francisco,Will the lowest temperature in San Francisco be 49°F or below on September 6?,89609600856622264371088281416574611260252118971498434130382810399798162646231,Yes,2026-09-07T00:00:27+00:00,0.005
0x82ea1cdc55e70085e3de6d1c6a22d49bf5e1a76545921fb1126f46c94e35f688,San Francisco,Will the lowest temperature in San Francisco be 49°F or below on September 6?,89609600856622264371088281416574611260252118971498434130382810399798162646231,Yes,2026-09-07T01:00:25+00:00,0.0045
0x82ea1cdc55e70085e3de6d1c6a22d49bf5e1a76545921fb1126f46c94e35f688,San Francisco,Will the lowest temperature in San Francisco be 49°F or below on September 6?,89609600856622264371088281416574611260252118971498434130382810399798162646231,Yes,2026-09-07T02:00:26+00:00,0.0045
0x82ea1cdc55e70085e3de6d1c6a22d49bf5e1a76545921fb1126f46c94e35f688,San Francisco,Will the lowest temperature in San Francisco be 49°F or below on September 6?,89609600856622264371088281416574611260252118971498434130382810399798162646231,Yes,2026-09-07T03:00:14+00:00,0.004
0x82ea1cdc55e70085e3de6d1c6a22d49bf5e1a76545921fb1126f46c94e35f688,San Francisco,Will the lowest temperature in San Francisco be 49°F or below on September 6?,89609600856622264371088281416574611260252118971498434130382810399798162646231,Yes,2026-09-07T04:00:12+00:00,0.004
0x82ea1cdc55e70085e3de6d1c6a22d49bf5e1a76545921fb1126f46c94e35f688,San Francisco,Will the lowest temperature in San Francisco be 49°F or below on September 6?,89609600856622264371088281416574611260252118971498434130382810399798162646231,Yes,2026-09-07T04:40:11+00:00,0.004
0x82ea1cdc55e70085e3de6d1c6a22d49bf5e1a76545921fb1126f46c94e35f688,San Francisco,Will the lowest temperature in San Francisco be 49°F or below on September 6?,12745832458836588631325314160346996094332281414890676504412468556885591381969,No,2026-09-07T00:00:34+00:00,0.995
0x82ea1cdc55e70085e3de6d1c6a22d49bf5e1a76545921fb1126f46c94e35f688,San Francisco,Will the lowest temperature in San Francisco be 49°F or below on September 6?,12745832458836588631325314160346996094332281414890676504412468556885591381969,No,2026-09-07T01:00:31+00:00,0.9955
0x82ea1cdc55e70085e3de6d1c6a22d49bf5e1a76545921fb1126f46c94e35f688,San Francisco,Will the lowest temperature in San Francisco be 49°F or below on September 6?,12745832458836588631325314160346996094332281414890676504412468556885591381969,No,2026-09-07T02:00:29+00:00,0.9955
0x82ea1cdc55e70085e3de6d1c6a22d49bf5e1a76545921fb1126f46c94e35f688,San Francisco,Will the lowest temperature in San Francisco be 49°F or below on September 6?,12745832458836588631325314160346996094332281414890676504412468556885591381969,No,2026-09-07T03:00:19+00:00,0.996
0x82ea1cdc55e70085e3de6d1c6a22d49bf5e1a76545921fb1126f46c94e35f688,San Francisco,Will the lowest temperature in San Francisco be 49°F or below on September 6?,12745832458836588631325314160346996094332281414890676504412468556885591381969,No,2026-09-07T04:00:17+00:00,0.996
0x82ea1cdc55e70085e3de6d1c6a22d49bf5e1a76545921fb1126f46c94e35f688,San Francisco,Will the lowest temperature in San Francisco be 49°F or below on September 6?,12745832458836588631325314160346996094332281414890676504412468556885591381969,No,2026-09-07T04:39:14+00:00,0.996
0xda8cf8d65ed93bfa85703d432f0df1b9bd78a856f7001d1fbb12962850952fce,San Francisco,Will the lowest temperature in San Francisco be between 50-51°F on September 6?,4931525928136823961949925059817819037301041908774791795383025382355186315162,Yes,2026-09-07T00:00:32+00:00,0.175
0xda8cf8d65ed93bfa85703d432f0df1b9bd78a856f7001d1fbb12962850952fce,San Francisco,Will the lowest temperature in San Francisco be between 50-51°F on September 6?,4931525928136823961949925059817819037301041908774791795383025382355186315162,Yes,2026-09-07T01:00:28+00:00,0.175
0xda8cf8d65ed93bfa85703d432f0df1b9bd78a856f7001d1fbb12962850952fce,San Francisco,Will the lowest temperature in San Francisco be between 50-51°F on September 6?,4931525928136823961949925059817819037301041908774791795383025382355186315162,Yes,2026-09-07T02:00:27+00:00,0.175
0xda8cf8d65ed93bfa85703d432f0df1b9bd78a856f7001d1fbb12962850952fce,San Francisco,Will the lowest temperature in San Francisco be between 50-51°F on September 6?,4931525928136823961949925059817819037301041908774791795383025382355186315162,Yes,2026-09-07T03:00:16+00:00,0.175
0xda8cf8d65ed93bfa85703d432f0df1b9bd78a856f7001d1fbb12962850952fce,San Francisco,Will the lowest temperature in San Francisco be between 50-51°F on September 6?,4931525928136823961949925059817819037301041908774791795383025382355186315162,Yes,2026-09-07T04:00:14+00:00,0.175
0xda8cf8d65ed93bfa85703d432f0df1b9bd78a856f7001d1fbb12962850952fce,San Francisco,Will the lowest temperature in San Francisco be between 50-51°F on September 6?,4931525928136823961949925059817819037301041908774791795383025382355186315162,Yes,2026-09-07T04:40:13+00:00,0.175
0xda8cf8d65ed93bfa85703d432f0df1b9bd78a856f7001d1fbb12962850952fce,San Francisco,Will the lowest temperature in San Francisco be between 50-51°F on September 6?,59555750526736918149514528039066029783711346537744708914143481886052243534704,No,2026-09-07T00:00:33+00:00,0.825
0xda8cf8d65ed93bfa85703d432f0df1b9bd78a856f7001d1fbb12962850952fce,San Francisco,Will the lowest temperature in San Francisco be between 50-51°F on September 6?,59555750526736918149514528039066029783711346537744708914143481886052243534704,No,2026-09-07T01:00:30+00:00,0.825
0xda8cf8d65ed93bfa85703d432f0df1b9bd78a856f7001d1fbb12962850952fce,San Francisco,Will the lowest temperature in San Francisco be between 50-51°F on September 6?,59555750526736918149514528039066029783711346537744708914143481886052243534704,No,2026-09-07T02:00:29+00:00,0.825
0xda8cf8d65ed93bfa85703d432f0df1b9bd78a856f7001d1fbb12962850952fce,San Francisco,Will the lowest temperature in San Francisco be between 50-51°F on September 6?,59555750526736918149514528039066029783711346537744708914143481886052243534704,No,2026-09-07T03:00:18+00:00,0.825
0xda8cf8d65ed93bfa85703d432f0df1b9bd78a856f7001d1fbb12962850952fce,San Francisco,Will the lowest temperature in San Francisco be between 50-51°F on September 6?,59555750526736918149514528039066029783711346537744708914143481886052243534704,No,2026-09-07T04:00:16+00:00,0.825
0xda8cf8d65ed93bfa85703d432f0df1b9bd78a856f7001d1fbb12962850952fce,San Francisco,Will the lowest temperature in San Francisco be between 50-51°F on September 6?,59555750526736918149514528039066029783711346537744708914143481886052243534704,No,2026-09-07T04:39:13+00:00,0.825
0x10b0c8af1880b1b5c537a3c4dac611b3b0defea0777ecc3917cb34b23e1f1287,San Francisco,Will the lowest temperature in San Francisco be between 52-53°F on September 6?,52502238085064449039489987003664474664604381564555059867078747638920517395193,Yes,2026-09-07T00:00:31+00:00,0.1
0x10b0c8af1880b1b5c537a3c4dac611b3b0defea0777ecc3917cb34b23e1f1287,San Francisco,Will the lowest temperature in San Francisco be between 52-53°F on September 6?,52502238085064449039489987003664474664604381564555059867078747638920517395193,Yes,2026-09-07T01:00:27+00:00,0.1
0x10b0c8af1880b1b5c537a3c4dac611b3b0defea0777ecc3917cb34b23e1f1287,San Francisco,Will the lowest temperature in San Francisco be between 52-53°F on September 6?,52502238085064449039489987003664474664604381564555059867078747638920517395193,Yes,2026-09-07T02:00:27+00:00,0.1
0x10b0c8af1880b1b5c537a3c4dac611b3b0defea0777ecc3917cb34b23e1f1287,San Francisco,Will the lowest temperature in San Francisco be between 52-53°F on September 6?,52502238085064449039489987003664474664604381564555059867078747638920517395193,Yes,2026-09-07T03:00:16+00:00,0.1
0x10b0c8af1880b1b5c537a3c4dac611b3b0defea0777ecc3917cb34b23e1f1287,San Francisco,Will the lowest temperature in San Francisco be between 52-53°F on September 6?,52502238085064449039489987003664474664604381564555059867078747638920517395193,Yes,2026-09-07T04:00:14+00:00,0.1
0x10b0c8af1880b1b5c537a3c4dac611b3b0defea0777ecc3917cb34b23e1f1287,San Francisco,Will the lowest temperature in San Francisco be between 52-53°F on September 6?,52502238085064449039489987003664474664604381564555059867078747638920517395193,Yes,2026-09-07T04:40:12+00:00,0.1
0x10b0c8af1880b1b5c537a3c4dac611b3b0defea0777ecc3917cb34b23e1f1287,San Francisco,Will the lowest temperature in San Francisco be between 52-53°F on September 6?,16467211850096838654366593311000035902680868265910820485819636019280025969333,No,2026-09-07T00:00:36+00:00,0.9
0x10b0c8af1880b1b5c537a3c4dac611b3b0defea0777ecc3917cb34b23e1f1287,San Francisco,Will the lowest temperature in San Francisco be between 52-53°F on September 6?,16467211850096838654366593311000035902680868265910820485819636019280025969333,No,2026-09-07T01:00:34+00:00,0.9
0x10b0c8af1880b1b5c537a3c4dac611b3b0defea0777ecc3917cb34b23e1f1287,San Francisco,Will the lowest temperature in San Francisco be between 52-53°F on September 6?,16467211850096838654366593311000035902680868265910820485819636019280025969333,No,2026-09-07T02:00:30+00:00,0.9
0x10b0c8af1880b1b5c537a3c4dac611b3b0defea0777ecc3917cb34b23e1f1287,San Francisco,Will the lowest temperature in San Francisco be between 52-53°F on September 6?,16467211850096838654366593311000035902680868265910820485819636019280025969333,No,2026-09-07T03:00:21+00:00,0.9
0x10b0c8af1880b1b5c537a3c4dac611b3b0defea0777ecc3917cb34b23e1f1287,San Francisco,Will the lowest temperature in San Francisco be between 52-53°F on September 6?,16467211850096838654366593311000035902680868265910820485819636019280025969333,No,2026-09-07T04:00:18+00:00,0.9
0x10b0c8af1880b1b5c537a3c4dac611b3b0defea0777ecc3917cb34b23e1f1287,San Francisco,Will the lowest temperature in San Francisco be between 52-53°F on September 6?,16467211850096838654366593311000035902680868265910820485819636019280025969333,No,2026-09-07T04:39:15+00:00,0.9
0x24716636d4344bf74f7d6223d318efc091d3040a312a89b82417e1f1f444ee04,San Francisco,Will the lowest temperature in San Francisco be between 54-55°F on September 6?,110024503377615651011720970835661245655009841772202917167953305413080777787729,Yes,2026-09-07T00:00:35+00:00,0.11
0x24716636d4344bf74f7d6223d318efc091d3040a312a89b82417e1f1f444ee04,San Francisco,Will the lowest temperature in San Francisco be between 54-55°F on September 6?,110024503377615651011720970835661245655009841772202917167953305413080777787729,Yes,2026-09-07T01:00:33+00:00,0.11
0x24716636d4344bf74f7d6223d318efc091d3040a312a89b82417e1f1f444ee04,San Francisco,Will the lowest temperature in San Francisco be between 54-55°F on September 6?,110024503377615651011720970835661245655009841772202917167953305413080777787729,Yes,2026-09-07T02:00:30+00:00,0.11
0x24716636d4344bf74f7d6223d318efc091d3040a312a89b82417e1f1f444ee04,San Francisco,Will the lowest temperature in San Francisco be between 54-55°F on September 6?,110024503377615651011720970835661245655009841772202917167953305413080777787729,Yes,2026-09-07T03:00:21+00:00,0.11
0x24716636d4344bf74f7d6223d318efc091d3040a312a89b82417e1f1f444ee04,San Francisco,Will the lowest temperature in San Francisco be between 54-55°F on September 6?,110024503377615651011720970835661245655009841772202917167953305413080777787729,Yes,2026-09-07T04:00:18+00:00,0.11
0x24716636d4344bf74f7d6223d318efc091d3040a312a89b82417e1f1f444ee04,San Francisco,Will the lowest temperature in San Francisco be between 54-55°F on September 6?,110024503377615651011720970835661245655009841772202917167953305413080777787729,Yes,2026-09-07T04:39:14+00:00,0.11
0x24716636d4344bf74f7d6223d318efc091d3040a312a89b82417e1f1f444ee04,San Francisco,Will the lowest temperature in San Francisco be between 54-55°F on September 6?,115646553318687425093793834447430774936854539300865798693616672557026718238046,No,2026-09-07T00:00:30+00:00,0.89
0x24716636d4344bf74f7d6223d318efc091d3040a312a89b82417e1f1f444ee04,San Francisco,Will the lowest temperature in San Francisco be between 54-55°F on September 6?,115646553318687425093793834447430774936854539300865798693616672557026718238046,No,2026-09-07T01:00:26+00:00,0.89
0x24716636d4344bf74f7d6223d318efc091d3040a312a89b82417e1f1f444ee04,San Francisco,Will the lowest temperature in San Francisco be between 54-55°F on September 6?,115646553318687425093793834447430774936854539300865798693616672557026718238046,No,2026-09-07T02:00:26+00:00,0.89
0x24716636d4344bf74f7d6223d318efc091d3040a312a89b82417e1f1f444ee04,San Francisco,Will the lowest temperature in San Francisco be between 54-55°F on September 6?,115646553318687425093793834447430774936854539300865798693616672557026718238046,No,2026-09-07T03:00:14+00:00,0.89
0x24716636d4344bf74f7d6223d318efc091d3040a312a89b82417e1f1f444ee04,San Francisco,Will the lowest temperature in San Francisco be between 54-55°F on September 6?,115646553318687425093793834447430774936854539300865798693616672557026718238046,No,2026-09-07T04:00:13+00:00,0.89
0x24716636d4344bf74f7d6223d318efc091d3040a312a89b82417e1f1f444ee04,San Francisco,Will the lowest temperature in San Francisco be between 54-55°F on September 6?,115646553318687425093793834447430774936854539300865798693616672557026718238046,No,2026-09-07T04:40:12+00:00,0.89
0x78c062e9e96132d8a2d80eb0b71ca056e53f7b031622881cb397005063b94783,San Francisco,Will the lowest temperature in San Francisco be between 56-57°F on September 6?,31568266456703058824301316542508193022724370986129203672947590050685725229599,Yes,2026-09-07T00:00:34+00:00,0.565
0x78c062e9e96132d8a2d80eb0b71ca056e53f7b031622881cb397005063b94783,San Francisco,Will the lowest temperature in San Francisco be between 56-57°F on September 6?,31568266456703058824301316542508193022724370986129203672947590050685725229599,Yes,2026-09-07T01:00:32+00:00,0.575
0x78c062e9e96132d8a2d80eb0b71ca056e53f7b031622881cb397005063b94783,San Francisco,Will the lowest temperature in San Francisco be between 56-57°F on September 6?,31568266456703058824301316542508193022724370986129203672947590050685725229599,Yes,2026-09-07T02:00:29+00:00,0.58
0x78c062e9e96132d8a2d80eb0b71ca056e53f7b031622881cb397005063b94783,San Francisco,Will the lowest temperature in San Francisco be between 56-57°F on September 6?,31568266456703058824301316542508193022724370986129203672947590050685725229599,Yes,2026-09-07T03:00:19+00:00,0.595
0x78c062e9e96132d8a2d80eb0b71ca056e53f7b031622881cb397005063b94783,San Francisco,Will the lowest temperature in San Francisco be between 56-57°F on September 6?,31568266456703058824301316542508193022724370986129203672947590050685725229599,Yes,2026-09-07T04:00:17+00:00,0.595
0x78c062e9e96132d8a2d80eb0b71ca056e53f7b031622881cb397005063b94783,San Francisco,Will the lowest temperature in San Francisco be between 56-57°F on September 6?,31568266456703058824301316542508193022724370986129203672947590050685725229599,Yes,2026-09-07T04:40:15+00:00,0.595
0x78c062e9e96132d8a2d80eb0b71ca056e53f7b031622881cb397005063b94783,San Francisco,Will the lowest temperature in San Francisco be between 56-57°F on September 6?,58693870283840880114245685778142710672980132921574222532400946671106808401235,No,2026-09-07T00:00:36+00:00,0.435
0x78c062e9e96132d8a2d80eb0b71ca056e53f7b031622881cb397005063b94783,San Francisco,Will the lowest temperature in San Francisco be between 56-57°F on September 6?,58693870283840880114245685778142710672980132921574222532400946671106808401235,No,2026-09-07T01:00:34+00:00,0.425
0x78c062e9e96132d8a2d80eb0b71ca056e53f7b031622881cb397005063b94783,San Francisco,Will the lowest temperature in San Francisco be between 56-57°F on September 6?,58693870283840880114245685778142710672980132921574222532400946671106808401235,No,2026-09-07T02:00:31+00:00,0.42
0x78c062e9e96132d8a2d80eb0b71ca056e53f7b031622881cb397005063b94783,San Francisco,Will the lowest temperature in San Francisco be between 56-57°F on September 6?,58693870283840880114245685778142710672980132921574222532400946671106808401235,No,2026-09-07T03:00:22+00:00,0.405
0x78c062e9e96132d8a2d80eb0b71ca056e53f7b031622881cb397005063b94783,San Francisco,Will the lowest temperature in San Francisco be between 56-57°F on September 6?,58693870283840880114245685778142710672980132921574222532400946671106808401235,No,2026-09-07T04:00:19+00:00,0.405
0x78c062e9e96132d8a2d80eb0b71ca056e53f7b031622881cb397005063b94783,San Francisco,Will the lowest temperature in San Francisco be between 56-57°F on September 6?,58693870283840880114245685778142710672980132921574222532400946671106808401235,No,2026-09-07T04:40:16+00:00,0.405
0xe62d087e138799a5c9c2d2924deea783b737483b6c60a7b9aa36b85d8c865b6e,San Francisco,Will the lowest temperature in San Francisco be between 58-59°F on September 6?,9800508103951781033020284824062220376196672348774405852965119053732257961219,Yes,2026-09-07T00:00:31+00:00,0.46
0xe62d087e138799a5c9c2d2924deea783b737483b6c60a7b9aa36b85d8c865b6e,San Francisco,Will the lowest temperature in San Francisco be between 58-59°F on September 6?,9800508103951781033020284824062220376196672348774405852965119053732257961219,Yes,2026-09-07T01:00:27+00:00,0.46
0xe62d087e138799a5c9c2d2924deea783b737483b6c60a7b9aa36b85d8c865b6e,San Francisco,Will the lowest temperature in San Francisco be between 58-59°F on September 6?,9800508103951781033020284824062220376196672348774405852965119053732257961219,Yes,2026-09-07T02:00:27+00:00,0.46
0xe62d087e138799a5c9c2d2924deea783b737483b6c60a7b9aa36b85d8c865b6e,San Francisco,Will the lowest temperature in San Francisco be between 58-59°F on September 6?,9800508103951781033020284824062220376196672348774405852965119053732257961219,Yes,2026-09-07T03:00:15+00:00,0.46
0xe62d087e138799a5c9c2d2924deea783b737483b6c60a7b9aa36b85d8c865b6e,San Francisco,Will the lowest temperature in San Francisco be between 58-59°F on September 6?,9800508103951781033020284824062220376196672348774405852965119053732257961219,Yes,2026-09-07T04:00:13+00:00,0.45
0xe62d087e138799a5c9c2d2924deea783b737483b6c60a7b9aa36b85d8c865b6e,San Francisco,Will the lowest temperature in San Francisco be between 58-59°F on September 6?,9800508103951781033020284824062220376196672348774405852965119053732257961219,Yes,2026-09-07T04:35:12+00:00,0.45
0xe62d087e138799a5c9c2d2924deea783b737483b6c60a7b9aa36b85d8c865b6e,San Francisco,Will the lowest temperature in San Francisco be between 58-59°F on September 6?,64536696212211743760365744016636446407564992077243965410858350931401420461137,No,2026-09-07T00:00:33+00:00,0.54
0xe62d087e138799a5c9c2d2924deea783b737483b6c60a7b9aa36b85d8c865b6e,San Francisco,Will the lowest temperature in San Francisco be between 58-59°F on September 6?,64536696212211743760365744016636446407564992077243965410858350931401420461137,No,2026-09-07T01:00:30+00:00,0.54
0xe62d087e138799a5c9c2d2924deea783b737483b6c60a7b9aa36b85d8c865b6e,San Francisco,Will the lowest temperature in San Francisco be between 58-59°F on September 6?,64536696212211743760365744016636446407564992077243965410858350931401420461137,No,2026-09-07T02:00:29+00:00,0.54
0xe62d087e138799a5c9c2d2924deea783b737483b6c60a7b9aa36b85d8c865b6e,San Francisco,Will the lowest temperature in San Francisco be between 58-59°F on September 6?,64536696212211743760365744016636446407564992077243965410858350931401420461137,No,2026-09-07T03:00:18+00:00,0.54
0xe62d087e138799a5c9c2d2924deea783b737483b6c60a7b9aa36b85d8c865b6e,San Francisco,Will the lowest temperature in San Francisco be between 58-59°F on September 6?,64536696212211743760365744016636446407564992077243965410858350931401420461137,No,2026-09-07T04:00:16+00:00,0.55
0xe62d087e138799a5c9c2d2924deea783b737483b6c60a7b9aa36b85d8c865b6e,San Francisco,Will the lowest temperature in San Francisco be between 58-59°F on September 6?,64536696212211743760365744016636446407564992077243965410858350931401420461137,No,2026-09-07T04:40:14+00:00,0.55
0x3888ee95fc6154f880fdb816c94a68bf7e6587d542312673bf6b6f0cdd990754,San Francisco,Will the lowest temperature in San Francisco be between 60-61°F on September 6?,90335789471760208798080697077539446260013687987804284026483314219394781429718,Yes,2026-09-07T00:00:34+00:00,0.45
0x3888ee95fc6154f880fdb816c94a68bf7e6587d542312673bf6b6f0cdd990754,San Francisco,Will the lowest temperature in San Francisco be between 60-61°F on September 6?,90335789471760208798080697077539446260013687987804284026483314219394781429718,Yes,2026-09-07T01:00:31+00:00,0.45
0x3888ee95fc6154f880fdb816c94a68bf7e6587d542312673bf6b6f0cdd990754,San Francisco,Will the lowest temperature in San Francisco be between 60-61°F on September 6?,90335789471760208798080697077539446260013687987804284026483314219394781429718,Yes,2026-09-07T02:00:29+00:00,0.45
0x3888ee95fc6154f880fdb816c94a68bf7e6587d542312673bf6b6f0cdd990754,San Francisco,Will the lowest temperature in San Francisco be between 60-61°F on September 6?,90335789471760208798080697077539446260013687987804284026483314219394781429718,Yes,2026-09-07T03:00:19+00:00,0.45
0x3888ee95fc6154f880fdb816c94a68bf7e6587d542312673bf6b6f0cdd990754,San Francisco,Will the lowest temperature in San Francisco be between 60-61°F on September 6?,90335789471760208798080697077539446260013687987804284026483314219394781429718,Yes,2026-09-07T04:00:16+00:00,0.45
0x3888ee95fc6154f880fdb816c94a68bf7e6587d542312673bf6b6f0cdd990754,San Francisco,Will the lowest temperature in San Francisco be between 60-61°F on September 6?,90335789471760208798080697077539446260013687987804284026483314219394781429718,Yes,2026-09-07T04:40:14+00:00,0.45
0x3888ee95fc6154f880fdb816c94a68bf7e6587d542312673bf6b6f0cdd990754,San Francisco,Will the lowest temperature in San Francisco be between 60-61°F on September 6?,93302425173187093641458747862467915806094131208447561031718190146140232314846,No,2026-09-07T00:00:33+00:00,0.55
0x3888ee95fc6154f880fdb816c94a68bf7e6587d542312673bf6b6f0cdd990754,San Francisco,Will the lowest temperature in San Francisco be between 60-61°F on September 6?,93302425173187093641458747862467915806094131208447561031718190146140232314846,No,2026-09-07T01:00:30+00:00,0.55
0x3888ee95fc6154f880fdb816c94a68bf7e6587d542312673bf6b6f0cdd990754,San Francisco,Will the lowest temperature in San Francisco be between 60-61°F on September 6?,93302425173187093641458747862467915806094131208447561031718190146140232314846,No,2026-09-07T02:00:28+00:00,0.55
0x3888ee95fc6154f880fdb816c94a68bf7e6587d542312673bf6b6f0cdd990754,San Francisco,Will the lowest temperature in San Francisco be between 60-61°F on September 6?,93302425173187093641458747862467915806094131208447561031718190146140232314846,No,2026-09-07T03:00:18+00:00,0.55
0x3888ee95fc6154f880fdb816c94a68bf7e6587d542312673bf6b6f0cdd990754,San Francisco,Will the lowest temperature in San Francisco be between 60-61°F on September 6?,93302425173187093641458747862467915806094131208447561031718190146140232314846,No,2026-09-07T04:00:15+00:00,0.55
0x3888ee95fc6154f880fdb816c94a68bf7e6587d542312673bf6b6f0cdd990754,San Francisco,Will the lowest temperature in San Francisco be between 60-61°F on September 6?,93302425173187093641458747862467915806094131208447561031718190146140232314846,No,2026-09-07T04:40:14+00:00,0.55
0x586e824b982cac3858e6a50331ec0d6f209c68910fc5d2a682cb19797a63a5e9,San Francisco,Will the lowest temperature in San Francisco be between 62-63°F on September 6?,20510892091607946588413215818001210300756847651918132273282317034592970464234,Yes,2026-09-07T00:00:30+00:00,0.0005
0x586e824b982cac3858e6a50331ec0d6f209c68910fc5d2a682cb19797a63a5e9,San Francisco,Will the lowest temperature in San Francisco be between 62-63°F on September 6?,20510892091607946588413215818001210300756847651918132273282317034592970464234,Yes,2026-09-07T01:00:26+00:00,0.0005
0x586e824b982cac3858e6a50331ec0d6f209c68910fc5d2a682cb19797a63a5e9,San Francisco,Will the lowest temperature in San Francisco be between 62-63°F on September 6?,20510892091607946588413215818001210300756847651918132273282317034592970464234,Yes,2026-09-07T02:00:26+00:00,0.0005
0x586e824b982cac3858e6a50331ec0d6f209c68910fc5d2a682cb19797a63a5e9,San Francisco,Will the lowest temperature in San Francisco be between 62-63°F on September 6?,20510892091607946588413215818001210300756847651918132273282317034592970464234,Yes,2026-09-07T03:00:14+00:00,0.0005
0x586e824b982cac3858e6a50331ec0d6f209c68910fc5d2a682cb19797a63a5e9,San Francisco,Will the lowest temperature in San Francisco be between 62-63°F on September 6?,20510892091607946588413215818001210300756847651918132273282317034592970464234,Yes,2026-09-07T04:00:13+00:00,0.0005
0x586e824b982cac3858e6a50331ec0d6f209c68910fc5d2a682cb19797a63a5e9,San Francisco,Will the lowest temperature in San Francisco be between 62-63°F on September 6?,20510892091607946588413215818001210300756847651918132273282317034592970464234,Yes,2026-09-07T04:40:12+00:00,0.0005
0x586e824b982cac3858e6a50331ec0d6f209c68910fc5d2a682cb19797a63a5e9,San Francisco,Will the lowest temperature in San Francisco be between 62-63°F on September 6?,114186814253465679712171865174760794927942561451454055686865667546434458908578,No,2026-09-07T00:00:34+00:00,0.9995
0x586e824b982cac3858e6a50331ec0d6f209c68910fc5d2a682cb19797a63a5e9,San Francisco,Will the lowest temperature in San Francisco be between 62-63°F on September 6?,114186814253465679712171865174760794927942561451454055686865667546434458908578,No,2026-09-07T01:00:31+00:00,0.9995
0x586e824b982cac3858e6a50331ec0d6f209c68910fc5d2a682cb19797a63a5e9,San Francisco,Will the lowest temperature in San Francisco be between 62-63°F on September 6?,114186814253465679712171865174760794927942561451454055686865667546434458908578,No,2026-09-07T02:00:29+00:00,0.9995
0x586e824b982cac3858e6a50331ec0d6f209c68910fc5d2a682cb19797a63a5e9,San Francisco,Will the lowest temperature in San Francisco be between 62-63°F on September 6?,114186814253465679712171865174760794927942561451454055686865667546434458908578,No,2026-09-07T03:00:19+00:00,0.9995
0x586e824b982cac3858e6a50331ec0d6f209c68910fc5d2a682cb19797a63a5e9,San Francisco,Will the lowest temperature in San Francisco be between 62-63°F on September 6?,114186814253465679712171865174760794927942561451454055686865667546434458908578,No,2026-09-07T04:00:16+00:00,0.9995
0x586e824b982cac3858e6a50331ec0d6f209c68910fc5d2a682cb19797a63a5e9,San Francisco,Will the lowest temperature in San Francisco be between 62-63°F on September 6?,114186814253465679712171865174760794927942561451454055686865667546434458908578,No,2026-09-07T04:40:14+00:00,0.9995
0x7f1bd662e5ade84467b85c67a14b45633d7f104d363ec793296f5a24514d7c45,San Francisco,Will the lowest temperature in San Francisco be between 64-65°F on September 6?,78163240391528407402355936014792496129820309220994277605622916377231726067301,Yes,2026-09-07T00:00:33+00:00,0.0005
0x7f1bd662e5ade84467b85c67a14b45633d7f104d363ec793296f5a24514d7c45,San Francisco,Will the lowest temperature in San Francisco be between 64-65°F on September 6?,78163240391528407402355936014792496129820309220994277605622916377231726067301,Yes,2026-09-07T01:00:30+00:00,0.0005
0x7f1bd662e5ade84467b85c67a14b45633d7f104d363ec793296f5a24514d7c45,San Francisco,Will the lowest temperature in San Francisco be between 64-65°F on September 6?,78163240391528407402355936014792496129820309220994277605622916377231726067301,Yes,2026-09-07T02:00:28+00:00,0.0005
0x7f1bd662e5ade84467b85c67a14b45633d7f104d363ec793296f5a24514d7c45,San Francisco,Will the lowest temperature in San Francisco be between 64-65°F on September 6?,78163240391528407402355936014792496129820309220994277605622916377231726067301,Yes,2026-09-07T03:00:18+00:00,0.0005
0x7f1bd662e5ade84467b85c67a14b45633d7f104d363ec793296f5a24514d7c45,San Francisco,Will the lowest temperature in San Francisco be between 64-65°F on September 6?,78163240391528407402355936014792496129820309220994277605622916377231726067301,Yes,2026-09-07T04:00:15+00:00,0.0005
0x7f1bd662e5ade84467b85c67a14b45633d7f104d363ec793296f5a24514d7c45,San Francisco,Will the lowest temperature in San Francisco be between 64-65°F on September 6?,78163240391528407402355936014792496129820309220994277605622916377231726067301,Yes,2026-09-07T04:40:14+00:00,0.0005
0x7f1bd662e5ade84467b85c67a14b45633d7f104d363ec793296f5a24514d7c45,San Francisco,Will the lowest temperature in San Francisco be between 64-65°F on September 6?,79953093431835973526811610326319198190471870885179576572122188248686730903413,No,2026-09-07T00:00:32+00:00,0.9995
0x7f1bd662e5ade84467b85c67a14b45633d7f104d363ec793296f5a24514d7c45,San Francisco,Will the lowest temperature in San Francisco be between 64-65°F on September 6?,79953093431835973526811610326319198190471870885179576572122188248686730903413,No,2026-09-07T01:00:28+00:00,0.9995
0x7f1bd662e5ade84467b85c67a14b45633d7f104d363ec793296f5a24514d7c45,San Francisco,Will the lowest temperature in San Francisco be between 64-65°F on September 6?,79953093431835973526811610326319198190471870885179576572122188248686730903413,No,2026-09-07T02:00:27+00:00,0.9995
0x7f1bd662e5ade84467b85c67a14b45633d7f104d363ec793296f5a24514d7c45,San Francisco,Will the lowest temperature in San Francisco be between 64-65°F on September 6?,79953093431835973526811610326319198190471870885179576572122188248686730903413,No,2026-09-07T03:00:16+00:00,0.9995
0x7f1bd662e5ade84467b85c67a14b45633d7f104d363ec793296f5a24514d7c45,San Francisco,Will the lowest temperature in San Francisco be between 64-65°F on September 6?,79953093431835973526811610326319198190471870885179576572122188248686730903413,No,2026-09-07T04:00:14+00:00,0.9995
0x7f1bd662e5ade84467b85c67a14b45633d7f104d363ec793296f5a24514d7c45,San Francisco,Will the lowest temperature in San Francisco be between 64-65°F on September 6?,79953093431835973526811610326319198190471870885179576572122188248686730903413,No,2026-09-07T04:40:13+00:00,0.9995
0xa1ed6d892f0b33dbb468a73456bfaebbd9fbdf68cbc0b9d12f9eb5923fe1ce97,San Francisco,Will the lowest temperature in San Francisco be between 66-67°F on September 6?,76690404096268109980795728453681542407383666925867792697449643775071908525049,Yes,2026-09-07T00:00:35+00:00,0.0005
0xa1ed6d892f0b33dbb468a73456bfaebbd9fbdf68cbc0b9d12f9eb5923fe1ce97,San Francisco,Will the lowest temperature in San Francisco be between 66-67°F on September 6?,76690404096268109980795728453681542407383666925867792697449643775071908525049,Yes,2026-09-07T01:00:32+00:00,0.0005
0xa1ed6d892f0b33dbb468a73456bfaebbd9fbdf68cbc0b9d12f9eb5923fe1ce97,San Francisco,Will the lowest temperature in San Francisco be between 66-67°F on September 6?,76690404096268109980795728453681542407383666925867792697449643775071908525049,Yes,2026-09-07T02:00:30+00:00,0.0005
0xa1ed6d892f0b33dbb468a73456bfaebbd9fbdf68cbc0b9d12f9eb5923fe1ce97,San Francisco,Will the lowest temperature in San Francisco be between 66-67°F on September 6?,76690404096268109980795728453681542407383666925867792697449643775071908525049,Yes,2026-09-07T03:00:20+00:00,0.0005
0xa1ed6d892f0b33dbb468a73456bfaebbd9fbdf68cbc0b9d12f9eb5923fe1ce97,San Francisco,Will the lowest temperature in San Francisco be between 66-67°F on September 6?,76690404096268109980795728453681542407383666925867792697449643775071908525049,Yes,2026-09-07T04:00:17+00:00,0.0005
0xa1ed6d892f0b33dbb468a73456bfaebbd9fbdf68cbc0b9d12f9eb5923fe1ce97,San Francisco,Will the lowest temperature in San Francisco be between 66-67°F on September 6?,76690404096268109980795728453681542407383666925867792697449643775071908525049,Yes,2026-09-07T04:40:15+00:00,0.0005
0xa1ed6d892f0b33dbb468a73456bfaebbd9fbdf68cbc0b9d12f9eb5923fe1ce97,San Francisco,Will the lowest temperature in San Francisco be between 66-67°F on September 6?,25538069737093531588082352119190864553152150525672368356749996541173213645661,No,2026-09-07T00:00:30+00:00,0.9995
0xa1ed6d892f0b33dbb468a73456bfaebbd9fbdf68cbc0b9d12f9eb5923fe1ce97,San Francisco,Will the lowest temperature in San Francisco be between 66-67°F on September 6?,25538069737093531588082352119190864553152150525672368356749996541173213645661,No,2026-09-07T01:00:26+00:00,0.9995
0xa1ed6d892f0b33dbb468a73456bfaebbd9fbdf68cbc0b9d12f9eb5923fe1ce97,San Francisco,Will the lowest temperature in San Francisco be between 66-67°F on September 6?,25538069737093531588082352119190864553152150525672368356749996541173213645661,No,2026-09-07T02:00:26+00:00,0.9995
0xa1ed6d892f0b33dbb468a73456bfaebbd9fbdf68cbc0b9d12f9eb5923fe1ce97,San Francisco,Will the lowest temperature in San Francisco be between 66-67°F on September 6?,25538069737093531588082352119190864553152150525672368356749996541173213645661,No,2026-09-07T03:00:14+00:00,0.9995
0xa1ed6d892f0b33dbb468a73456bfaebbd9fbdf68cbc0b9d12f9eb5923fe1ce97,San Francisco,Will the lowest temperature in San Francisco be between 66-67°F on September 6?,25538069737093531588082352119190864553152150525672368356749996541173213645661,No,2026-09-07T04:00:13+00:00,0.9995
0xa1ed6d892f0b33dbb468a73456bfaebbd9fbdf68cbc0b9d12f9eb5923fe1ce97,San Francisco,Will the lowest temperature in San Francisco be between 66-67°F on September 6?,25538069737093531588082352119190864553152150525672368356749996541173213645661,No,2026-09-07T04:40:12+00:00,0.9995
0xa3206d13544625c7d99d9b452bdc378f7a5a958d4c4454b57003b30df5fd00d6,San Francisco,Will the lowest temperature in San Francisco be 68°F or higher on September 6?,14355062059281815018322975351492594818970140839261233401370383337431350720785,Yes,2026-09-07T00:00:32+00:00,0.0005
0xa3206d13544625c7d99d9b452bdc378f7a5a958d4c4454b57003b30df5fd00d6,San Francisco,Will the lowest temperature in San Francisco be 68°F or higher on September 6?,14355062059281815018322975351492594818970140839261233401370383337431350720785,Yes,2026-09-07T01:00:29+00:00,0.0005
0xa3206d13544625c7d99d9b452bdc378f7a5a958d4c4454b57003b30df5fd00d6,San Francisco,Will the lowest temperature in San Francisco be 68°F or higher on September 6?,14355062059281815018322975351492594818970140839261233401370383337431350720785,Yes,2026-09-07T02:00:28+00:00,0.0005
0xa3206d13544625c7d99d9b452bdc378f7a5a958d4c4454b57003b30df5fd00d6,San Francisco,Will the lowest temperature in San Francisco be 68°F or higher on September 6?,14355062059281815018322975351492594818970140839261233401370383337431350720785,Yes,2026-09-07T03:00:17+00:00,0.0005
0xa3206d13544625c7d99d9b452bdc378f7a5a958d4c4454b57003b30df5fd00d6,San Francisco,Will the lowest temperature in San Francisco be 68°F or higher on September 6?,14355062059281815018322975351492594818970140839261233401370383337431350720785,Yes,2026-09-07T04:00:15+00:00,0.0005
0xa3206d13544625c7d99d9b452bdc378f7a5a958d4c4454b57003b30df5fd00d6,San Francisco,Will the lowest temperature in San Francisco be 68°F or higher on September 6?,14355062059281815018322975351492594818970140839261233401370383337431350720785,Yes,2026-09-07T04:40:13+00:00,0.0005
0xa3206d13544625c7d99d9b452bdc378f7a5a958d4c4454b57003b30df5fd00d6,San Francisco,Will the lowest temperature in San Francisco be 68°F or higher on September 6?,43076114315506418013155870420367940018826949865633222995193268019148805442761,No,2026-09-07T00:00:32+00:00,0.9995
0xa3206d13544625c7d99d9b452bdc378f7a5a958d4c4454b57003b30df5fd00d6,San Francisco,Will the lowest temperature in San Francisco be 68°F or higher on September 6?,43076114315506418013155870420367940018826949865633222995193268019148805442761,No,2026-09-07T01:00:28+00:00,0.9995
0xa3206d13544625c7d99d9b452bdc378f7a5a958d4c4454b57003b30df5fd00d6,San Francisco,Will the lowest temperature in San Francisco be 68°F or higher on September 6?,43076114315506418013155870420367940018826949865633222995193268019148805442761,No,2026-09-07T02:00:27+00:00,0.9995
0xa3206d13544625c7d99d9b452bdc378f7a5a958d4c4454b57003b30df5fd00d6,San Francisco,Will the lowest temperature in San Francisco be 68°F or higher on September 6?,43076114315506418013155870420367940018826949865633222995193268019148805442761,No,2026-09-07T03:00:16+00:00,0.9995
0xa3206d13544625c7d99d9b452bdc378f7a5a958d4c4454b57003b30df5fd00d6,San Francisco,Will the lowest temperature in San Francisco be 68°F or higher on September 6?,43076114315506418013155870420367940018826949865633222995193268019148805442761,No,2026-09-07T04:00:14+00:00,0.9995
0xa3206d13544625c7d99d9b452bdc378f7a5a958d4c4454b57003b30df5fd00d6,San Francisco,Will the lowest temperature in San Francisco be 68°F or higher on September 6?,43076114315506418013155870420367940018826949865633222995193268019148805442761,No,2026-09-07T04:40:13+00:00,0.9995
0xbd85de3f6c7a4f13c301859e1631cd902c378295462d8e98b4397913d5bed16f,San Francisco,Will the highest temperature in San Francisco be 59°F or below on September 6?,26451596197210018488321705749463468711555588183094053877220864892790788330472,Yes,2026-09-07T00:00:32+00:00,0.0005
0xbd85de3f6c7a4f13c301859e1631cd902c378295462d8e98b4397913d5bed16f,San Francisco,Will the highest temperature in San Francisco be 59°F or below on September 6?,26451596197210018488321705749463468711555588183094053877220864892790788330472,Yes,2026-09-07T01:00:28+00:00,0.0005
0xbd85de3f6c7a4f13c301859e1631cd902c378295462d8e98b4397913d5bed16f,San Francisco,Will the highest temperature in San Francisco be 59°F or below on September 6?,26451596197210018488321705749463468711555588183094053877220864892790788330472,Yes,2026-09-07T02:00:27+00:00,0.0005
0xbd85de3f6c7a4f13c301859e1631cd902c378295462d8e98b4397913d5bed16f,San Francisco,Will the highest temperature in San Francisco be 59°F or below on September 6?,26451596197210018488321705749463468711555588183094053877220864892790788330472,Yes,2026-09-07T03:00:16+00:00,0.0005
0xbd85de3f6c7a4f13c301859e1631cd902c378295462d8e98b4397913d5bed16f,San Francisco,Will the highest temperature in San Francisco be 59°F or below on September 6?,26451596197210018488321705749463468711555588183094053877220864892790788330472,Yes,2026-09-07T04:00:14+00:00,0.0005
0xbd85de3f6c7a4f13c301859e1631cd902c378295462d8e98b4397913d5bed16f,San Francisco,Will the highest temperature in San Francisco be 59°F or below on September 6?,26451596197210018488321705749463468711555588183094053877220864892790788330472,Yes,2026-09-07T04:40:13+00:00,0.0005
0xbd85de3f6c7a4f13c301859e1631cd902c378295462d8e98b4397913d5bed16f,San Francisco,Will the highest temperature in San Francisco be 59°F or below on September 6?,25045210958638807112411336723705570617561215897295844453045681226235978871090,No,2026-09-07T00:00:30+00:00,0.9995
0xbd85de3f6c7a4f13c301859e1631cd902c378295462d8e98b4397913d5bed16f,San Francisco,Will the highest temperature in San Francisco be 59°F or below on September 6?,25045210958638807112411336723705570617561215897295844453045681226235978871090,No,2026-09-07T01:00:26+00:00,0.9995
0xbd85de3f6c7a4f13c301859e1631cd902c378295462d8e98b4397913d5bed16f,San Francisco,Will the highest temperature in San Francisco be 59°F or below on September 6?,25045210958638807112411336723705570617561215897295844453045681226235978871090,No,2026-09-07T02:00:26+00:00,0.9995
0xbd85de3f6c7a4f13c301859e1631cd902c378295462d8e98b4397913d5bed16f,San Francisco,Will the highest temperature in San Francisco be 59°F or below on September 6?,25045210958638807112411336723705570617561215897295844453045681226235978871090,No,2026-09-07T03:00:14+00:00,0.9995
0xbd85de3f6c7a4f13c301859e1631cd902c378295462d8e98b4397913d5bed16f,San Francisco,Will the highest temperature in San Francisco be 59°F or below on September 6?,25045210958638807112411336723705570617561215897295844453045681226235978871090,No,2026-09-07T04:00:13+00:00,0.9995
0xbd85de3f6c7a4f13c301859e1631cd902c378295462d8e98b4397913d5bed16f,San Francisco,Will the highest temperature in San Francisco be 59°F or below on September 6?,25045210958638807112411336723705570617561215897295844453045681226235978871090,No,2026-09-07T04:40:12+00:00,0.9995
0xc545891217786a29552a4d1106820d2f0dd4f0cb3c0fc08b860be7ae4f3937d0,San Francisco,Will the highest temperature in San Francisco be between 60-61°F on September 6?,69623123058204859278479441879251915439682485010524530385572513810197742209957,Yes,2026-09-07T00:00:34+00:00,0.0005
0xc545891217786a29552a4d1106820d2f0dd4f0cb3c0fc08b860be7ae4f3937d0,San Francisco,Will the highest temperature in San Francisco be between 60-61°F on September 6?,69623123058204859278479441879251915439682485010524530385572513810197742209957,Yes,2026-09-07T01:00:32+00:00,0.0005
0xc545891217786a29552a4d1106820d2f0dd4f0cb3c0fc08b860be7ae4f3937d0,San Francisco,Will the highest temperature in San Francisco be between 60-61°F on September 6?,69623123058204859278479441879251915439682485010524530385572513810197742209957,Yes,2026-09-07T02:00:29+00:00,0.0005
0xc545891217786a29552a4d1106820d2f0dd4f0cb3c0fc08b860be7ae4f3937d0,San Francisco,Will the highest temperature in San Francisco be between 60-61°F on September 6?,69623123058204859278479441879251915439682485010524530385572513810197742209957,Yes,2026-09-07T03:00:20+00:00,0.0005
0xc545891217786a29552a4d1106820d2f0dd4f0cb3c0fc08b860be7ae4f3937d0,San Francisco,Will the highest temperature in San Francisco be between 60-61°F on September 6?,69623123058204859278479441879251915439682485010524530385572513810197742209957,Yes,2026-09-07T04:00:17+00:00,0.0005
0xc545891217786a29552a4d1106820d2f0dd4f0cb3c0fc08b860be7ae4f3937d0,San Francisco,Will the highest temperature in San Francisco be between 60-61°F on September 6?,69623123058204859278479441879251915439682485010524530385572513810197742209957,Yes,2026-09-07T04:40:15+00:00,0.0005
0xc545891217786a29552a4d1106820d2f0dd4f0cb3c0fc08b860be7ae4f3937d0,San Francisco,Will the highest temperature in San Francisco be between 60-61°F on September 6?,52207655974763274620596831230484942122327796060793620999825473591348235865955,No,2026-09-07T00:00:33+00:00,0.9995
0xc545891217786a29552a4d1106820d2f0dd4f0cb3c0fc08b860be7ae4f3937d0,San Francisco,Will the highest temperature in San Francisco be between 60-61°F on September 6?,52207655974763274620596831230484942122327796060793620999825473591348235865955,No,2026-09-07T01:00:29+00:00,0.9995
0xc545891217786a29552a4d1106820d2f0dd4f0cb3c0fc08b860be7ae4f3937d0,San Francisco,Will the highest temperature in San Francisco be between 60-61°F on September 6?,52207655974763274620596831230484942122327796060793620999825473591348235865955,No,2026-09-07T02:00:28+00:00,0.9995
0xc545891217786a29552a4d1106820d2f0dd4f0cb3c0fc08b860be7ae4f3937d0,San Francisco,Will the highest temperature in San Francisco be between 60-61°F on September 6?,52207655974763274620596831230484942122327796060793620999825473591348235865955,No,2026-09-07T03:00:18+00:00,0.9995
0xc545891217786a29552a4d1106820d2f0dd4f0cb3c0fc08b860be7ae4f3937d0,San Francisco,Will the highest temperature in San Francisco be between 60-61°F on September 6?,52207655974763274620596831230484942122327796060793620999825473591348235865955,No,2026-09-07T04:00:15+00:00,0.9995
0xc545891217786a29552a4d1106820d2f0dd4f0cb3c0fc08b860be7ae4f3937d0,San Francisco,Will the highest temperature in San Francisco be between 60-61°F on September 6?,52207655974763274620596831230484942122327796060793620999825473591348235865955,No,2026-09-07T04:40:13+00:00,0.9995
0x3d2391f2b2d159d67231bcd32559335be00bbe3b84897b1514718493f5c9bf8c,San Francisco,Will the highest temperature in San Francisco be between 62-63°F on September 6?,12830517615093202399905837121829020069978937542876958033844216470610391519402,Yes,2026-09-07T00:00:34+00:00,0.0005
0x3d2391f2b2d159d67231bcd32559335be00bbe3b84897b1514718493f5c9bf8c,San Francisco,Will the highest temperature in San Francisco be between 62-63°F on September 6?,12830517615093202399905837121829020069978937542876958033844216470610391519402,Yes,2026-09-07T01:00:31+00:00,0.0005
0x3d2391f2b2d159d67231bcd32559335be00bbe3b84897b1514718493f5c9bf8c,San Francisco,Will the highest temperature in San Francisco be between 62-63°F on September 6?,12830517615093202399905837121829020069978937542876958033844216470610391519402,Yes,2026-09-07T02:00:29+00:00,0.0005
0x3d2391f2b2d159d67231bcd32559335be00bbe3b84897b1514718493f5c9bf8c,San Francisco,Will the highest temperature in San Francisco be between 62-63°F on September 6?,12830517615093202399905837121829020069978937542876958033844216470610391519402,Yes,2026-09-07T03:00:19+00:00,0.0005
0x3d2391f2b2d159d67231bcd32559335be00bbe3b84897b1514718493f5c9bf8c,San Francisco,Will the highest temperature in San Francisco be between 62-63°F on September 6?,12830517615093202399905837121829020069978937542876958033844216470610391519402,Yes,2026-09-07T04:00:16+00:00,0.0005
0x3d2391f2b2d159d67231bcd32559335be00bbe3b84897b1514718493f5c9bf8c,San Francisco,Will the highest temperature in San Francisco be between 62-63°F on September 6?,12830517615093202399905837121829020069978937542876958033844216470610391519402,Yes,2026-09-07T04:40:14+00:00,0.0005
0x3d2391f2b2d159d67231bcd32559335be00bbe3b84897b1514718493f5c9bf8c,San Francisco,Will the highest temperature in San Francisco be between 62-63°F on September 6?,109896735629864467071040947432064683544393276095148594427550985464511398992767,No,2026-09-07T00:00:33+00:00,0.9995
0x3d2391f2b2d159d67231bcd32559335be00bbe3b84897b1514718493f5c9bf8c,San Francisco,Will the highest temperature in San Francisco be between 62-63°F on September 6?,109896735629864467071040947432064683544393276095148594427550985464511398992767,No,2026-09-07T01:00:30+00:00,0.9995
0x3d2391f2b2d159d67231bcd32559335be00bbe3b84897b1514718493f5c9bf8c,San Francisco,Will the highest temperature in San Francisco be between 62-63°F on September 6?,109896735629864467071040947432064683544393276095148594427550985464511398992767,No,2026-09-07T02:00:28+00:00,0.9995
0x3d2391f2b2d159d67231bcd32559335be00bbe3b84897b1514718493f5c9bf8c,San Francisco,Will the highest temperature in San Francisco be between 62-63°F on September 6?,109896735629864467071040947432064683544393276095148594427550985464511398992767,No,2026-09-07T03:00:18+00:00,0.9995
0x3d2391f2b2d159d67231bcd32559335be00bbe3b84897b1514718493f5c9bf8c,San Francisco,Will the highest temperature in San Francisco be between 62-63°F on September 6?,109896735629864467071040947432064683544393276095148594427550985464511398992767,No,2026-09-07T04:00:16+00:00,0.9995
0x3d2391f2b2d159d67231bcd32559335be00bbe3b84897b1514718493f5c9bf8c,San Francisco,Will the highest temperature in San Francisco be between 62-63°F on September 6?,109896735629864467071040947432064683544393276095148594427550985464511398992767,No,2026-09-07T04:40:14+00:00,0.9995
0xa3619fa9e0573929d091fb1e1edc87b8a4943d57e27a97d888381e4ac43228c5,San Francisco,Will the highest temperature in San Francisco be between 64-65°F on September 6?,61181397022709167534106583325810931400376117063079672211409662481770839027479,Yes,2026-09-07T00:00:27+00:00,0.0005
0xa3619fa9e0573929d091fb1e1edc87b8a4943d57e27a97d888381e4ac43228c5,San Francisco,Will the highest temperature in San Francisco be between 64-65°F on September 6?,61181397022709167534106583325810931400376117063079672211409662481770839027479,Yes,2026-09-07T01:00:25+00:00,0.0005
0xa3619fa9e0573929d091fb1e1edc87b8a4943d57e27a97d888381e4ac43228c5,San Francisco,Will the highest temperature in San Francisco be between 64-65°F on September 6?,61181397022709167534106583325810931400376117063079672211409662481770839027479,Yes,2026-09-07T02:00:26+00:00,0.0005
0xa3619fa9e0573929d091fb1e1edc87b8a4943d57e27a97d888381e4ac43228c5,San Francisco,Will the highest temperature in San Francisco be between 64-65°F on September 6?,61181397022709167534106583325810931400376117063079672211409662481770839027479,Yes,2026-09-07T03:00:14+00:00,0.0005
0xa3619fa9e0573929d091fb1e1edc87b8a4943d57e27a97d888381e4ac43228c5,San Francisco,Will the highest temperature in San Francisco be between 64-65°F on September 6?,61181397022709167534106583325810931400376117063079672211409662481770839027479,Yes,2026-09-07T04:00:12+00:00,0.0005
0xa3619fa9e0573929d091fb1e1edc87b8a4943d57e27a97d888381e4ac43228c5,San Francisco,Will the highest temperature in San Francisco be between 64-65°F on September 6?,61181397022709167534106583325810931400376117063079672211409662481770839027479,Yes,2026-09-07T04:40:11+00:00,0.0005
0xa3619fa9e0573929d091fb1e1edc87b8a4943d57e27a97d888381e4ac43228c5,San Francisco,Will the highest temperature in San Francisco be between 64-65°F on September 6?,53436325733517491820446679156803332503454303194133324405814846048024031522695,No,2026-09-07T00:00:35+00:00,0.9995
0xa3619fa9e0573929d091fb1e1edc87b8a4943d57e27a97d888381e4ac43228c5,San Francisco,Will the highest temperature in San Francisco be between 64-65°F on September 6?,53436325733517491820446679156803332503454303194133324405814846048024031522695,No,2026-09-07T01:00:33+00:00,0.9995
0xa3619fa9e0573929d091fb1e1edc87b8a4943d57e27a97d888381e4ac43228c5,San Francisco,Will the highest temperature in San Francisco be between 64-65°F on September 6?,53436325733517491820446679156803332503454303194133324405814846048024031522695,No,2026-09-07T02:00:30+00:00,0.9995
0xa3619fa9e0573929d091fb1e1edc87b8a4943d57e27a97d888381e4ac43228c5,San Francisco,Will the highest temperature in San Francisco be between 64-65°F on September 6?,53436325733517491820446679156803332503454303194133324405814846048024031522695,No,2026-09-07T03:00:21+00:00,0.9995
0xa3619fa9e0573929d091fb1e1edc87b8a4943d57e27a97d888381e4ac43228c5,San Francisco,Will the highest temperature in San Francisco be between 64-65°F on September 6?,53436325733517491820446679156803332503454303194133324405814846048024031522695,No,2026-09-07T04:00:18+00:00,0.9995
0xa3619fa9e0573929d091fb1e1edc87b8a4943d57e27a97d888381e4ac43228c5,San Francisco,Will the highest temperature in San Francisco be between 64-65°F on September 6?,53436325733517491820446679156803332503454303194133324405814846048024031522695,No,2026-09-07T04:40:15+00:00,0.9995
0x2de10db9c0edc80ad3a8f7d7f114f2623c36ad4a96bb53d41b8acde787de5dc3,San Francisco,Will the highest temperature in San Francisco be between 66-67°F on September 6?,57652114136350367146353861923097933747205414012551059009716632102788296074393,Yes,2026-09-07T00:00:32+00:00,0.0005
0x2de10db9c0edc80ad3a8f7d7f114f2623c36ad4a96bb53d41b8acde787de5dc3,San Francisco,Will the highest temperature in San Francisco be between 66-67°F on September 6?,57652114136350367146353861923097933747205414012551059009716632102788296074393,Yes,2026-09-07T01:00:28+00:00,0.0005
0x2de10db9c0edc80ad3a8f7d7f114f2623c36ad4a96bb53d41b8acde787de5dc3,San Francisco,Will the highest temperature in San Francisco be between 66-67°F on September 6?,57652114136350367146353861923097933747205414012551059009716632102788296074393,Yes,2026-09-07T02:00:27+00:00,0.0005
0x2de10db9c0edc80ad3a8f7d7f114f2623c36ad4a96bb53d41b8acde787de5dc3,San Francisco,Will the highest temperature in San Francisco be between 66-67°F on September 6?,57652114136350367146353861923097933747205414012551059009716632102788296074393,Yes,2026-09-07T03:00:16+00:00,0.0005
0x2de10db9c0edc80ad3a8f7d7f114f2623c36ad4a96bb53d41b8acde787de5dc3,San Francisco,Will the highest temperature in San Francisco be between 66-67°F on September 6?,57652114136350367146353861923097933747205414012551059009716632102788296074393,Yes,2026-09-07T04:00:14+00:00,0.0005
0x2de10db9c0edc80ad3a8f7d7f114f2623c36ad4a96bb53d41b8acde787de5dc3,San Francisco,Will the highest temperature in San Francisco be between 66-67°F on September 6?,57652114136350367146353861923097933747205414012551059009716632102788296074393,Yes,2026-09-07T04:40:13+00:00,0.0005
0x2de10db9c0edc80ad3a8f7d7f114f2623c36ad4a96bb53d41b8acde787de5dc3,San Francisco,Will the highest temperature in San Francisco be between 66-67°F on September 6?,38611528368978873233248350596678799819339745644412210500815725309893883996030,No,2026-09-07T00:00:34+00:00,0.9995
0x2de10db9c0edc80ad3a8f7d7f114f2623c36ad4a96bb53d41b8acde787de5dc3,San Francisco,Will the highest temperature in San Francisco be between 66-67°F on September 6?,38611528368978873233248350596678799819339745644412210500815725309893883996030,No,2026-09-07T01:00:32+00:00,0.9995
0x2de10db9c0edc80ad3a8f7d7f114f2623c36ad4a96bb53d41b8acde787de5dc3,San Francisco,Will the highest temperature in San Francisco be between 66-67°F on September 6?,38611528368978873233248350596678799819339745644412210500815725309893883996030,No,2026-09-07T02:00:30+00:00,0.9995
0x2de10db9c0edc80ad3a8f7d7f114f2623c36ad4a96bb53d41b8acde787de5dc3,San Francisco,Will the highest temperature in San Francisco be between 66-67°F on September 6?,38611528368978873233248350596678799819339745644412210500815725309893883996030,No,2026-09-07T03:00:20+00:00,0.9995
0x2de10db9c0edc80ad3a8f7d7f114f2623c36ad4a96bb53d41b8acde787de5dc3,San Francisco,Will the highest temperature in San Francisco be between 66-67°F on September 6?,38611528368978873233248350596678799819339745644412210500815725309893883996030,No,2026-09-07T04:00:17+00:00,0.9995
0x2de10db9c0edc80ad3a8f7d7f114f2623c36ad4a96bb53d41b8acde787de5dc3,San Francisco,Will the highest temperature in San Francisco be between 66-67°F on September 6?,38611528368978873233248350596678799819339745644412210500815725309893883996030,No,2026-09-07T04:40:15+00:00,0.9995
0xee0a0ac890fb5900ef78cebaf0a953aba1860976d62abe7c281d865e68013dee,San Francisco,Will the highest temperature in San Francisco be between 68-69°F on September 6?,98390249197058141284941524150026747035470350527137583370787874730732523545379,Yes,2026-09-07T00:00:36+00:00,0.0005
0xee0a0ac890fb5900ef78cebaf0a953aba1860976d62abe7c281d865e68013dee,San Francisco,Will the highest temperature in San Francisco be between 68-69°F on September 6?,98390249197058141284941524150026747035470350527137583370787874730732523545379,Yes,2026-09-07T01:00:33+00:00,0.0005
0xee0a0ac890fb5900ef78cebaf0a953aba1860976d62abe7c281d865e68013dee,San Francisco,Will the highest temperature in San Francisco be between 68-69°F on September 6?,98390249197058141284941524150026747035470350527137583370787874730732523545379,Yes,2026-09-07T02:00:30+00:00,0.0005
0xee0a0ac890fb5900ef78cebaf0a953aba1860976d62abe7c281d865e68013dee,San Francisco,Will the highest temperature in San Francisco be between 68-69°F on September 6?,98390249197058141284941524150026747035470350527137583370787874730732523545379,Yes,2026-09-07T03:00:21+00:00,0.0005
0xee0a0ac890fb5900ef78cebaf0a953aba1860976d62abe7c281d865e68013dee,San Francisco,Will the highest temperature in San Francisco be between 68-69°F on September 6?,98390249197058141284941524150026747035470350527137583370787874730732523545379,Yes,2026-09-07T04:00:18+00:00,0.0005
0xee0a0ac890fb5900ef78cebaf0a953aba1860976d62abe7c281d865e68013dee,San Francisco,Will the highest temperature in San Francisco be between 68-69°F on September 6?,98390249197058141284941524150026747035470350527137583370787874730732523545379,Yes,2026-09-07T04:40:15+00:00,0.0005
0xee0a0ac890fb5900ef78cebaf0a953aba1860976d62abe7c281d865e68013dee,San Francisco,Will the highest temperature in San Francisco be between 68-69°F on September 6?,15072305023611361644214894048236808026810176809842331912923458528694738975335,No,2026-09-07T00:00:35+00:00,0.9995
0xee0a0ac890fb5900ef78cebaf0a953aba1860976d62abe7c281d865e68013dee,San Francisco,Will the highest temperature in San Francisco be between 68-69°F on September 6?,15072305023611361644214894048236808026810176809842331912923458528694738975335,No,2026-09-07T01:00:33+00:00,0.9995
0xee0a0ac890fb5900ef78cebaf0a953aba1860976d62abe7c281d865e68013dee,San Francisco,Will the highest temperature in San Francisco be between 68-69°F on September 6?,15072305023611361644214894048236808026810176809842331912923458528694738975335,No,2026-09-07T02:00:30+00:00,0.9995
0xee0a0ac890fb5900ef78cebaf0a953aba1860976d62abe7c281d865e68013dee,San Francisco,Will the highest temperature in San Francisco be between 68-69°F on September 6?,15072305023611361644214894048236808026810176809842331912923458528694738975335,No,2026-09-07T03:00:21+00:00,0.9995
0xee0a0ac890fb5900ef78cebaf0a953aba1860976d62abe7c281d865e68013dee,San Francisco,Will the highest temperature in San Francisco be between 68-69°F on September 6?,15072305023611361644214894048236808026810176809842331912923458528694738975335,No,2026-09-07T04:00:18+00:00,0.9995
0xee0a0ac890fb5900ef78cebaf0a953aba1860976d62abe7c281d865e68013dee,San Francisco,Will the highest temperature in San Francisco be between 68-69°F on September 6?,15072305023611361644214894048236808026810176809842331912923458528694738975335,No,2026-09-07T04:40:15+00:00,0.9995
0x9ef9c31e16352b4340652635599ff51ad344b5b8d5b225fe1c6be8d96f5dc5d9,San Francisco,Will the highest temperature in San Francisco be between 70-71°F on September 6?,29659578582711900211681021581594724569622853531077349370540940672867871337695,Yes,2026-09-07T00:00:34+00:00,0.9955
0x9ef9c31e16352b4340652635599ff51ad344b5b8d5b225fe1c6be8d96f5dc5d9,San Francisco,Will the highest temperature in San Francisco be between 70-71°F on September 6?,29659578582711900211681021581594724569622853531077349370540940672867871337695,Yes,2026-09-07T01:00:31+00:00,0.999
0x9ef9c31e16352b4340652635599ff51ad344b5b8d5b225fe1c6be8d96f5dc5d9,San Francisco,Will the highest temperature in San Francisco be between 70-71°F on September 6?,29659578582711900211681021581594724569622853531077349370540940672867871337695,Yes,2026-09-07T02:00:29+00:00,0.9995
0x9ef9c31e16352b4340652635599ff51ad344b5b8d5b225fe1c6be8d96f5dc5d9,San Francisco,Will the highest temperature in San Francisco be between 70-71°F on September 6?,29659578582711900211681021581594724569622853531077349370540940672867871337695,Yes,2026-09-07T03:00:19+00:00,0.9995
0x9ef9c31e16352b4340652635599ff51ad344b5b8d5b225fe1c6be8d96f5dc5d9,San Francisco,Will the highest temperature in San Francisco be between 70-71°F on September 6?,29659578582711900211681021581594724569622853531077349370540940672867871337695,Yes,2026-09-07T04:00:16+00:00,0.9995
0x9ef9c31e16352b4340652635599ff51ad344b5b8d5b225fe1c6be8d96f5dc5d9,San Francisco,Will the highest temperature in San Francisco be between 70-71°F on September 6?,29659578582711900211681021581594724569622853531077349370540940672867871337695,Yes,2026-09-07T04:40:14+00:00,0.9995
0x9ef9c31e16352b4340652635599ff51ad344b5b8d5b225fe1c6be8d96f5dc5d9,San Francisco,Will the highest temperature in San Francisco be between 70-71°F on September 6?,115646935525066092260239954706625597191734109240550632043593006849386691219583,No,2026-09-07T00:00:35+00:00,0.0045
0x9ef9c31e16352b4340652635599ff51ad344b5b8d5b225fe1c6be8d96f5dc5d9,San Francisco,Will the highest temperature in San Francisco be between 70-71°F on September 6?,115646935525066092260239954706625597191734109240550632043593006849386691219583,No,2026-09-07T01:00:32+00:00,0.001
0x9ef9c31e16352b4340652635599ff51ad344b5b8d5b225fe1c6be8d96f5dc5d9,San Francisco,Will the highest temperature in San Francisco be between 70-71°F on September 6?,115646935525066092260239954706625597191734109240550632043593006849386691219583,No,2026-09-07T02:00:30+00:00,0.0005
0x9ef9c31e16352b4340652635599ff51ad344b5b8d5b225fe1c6be8d96f5dc5d9,San Francisco,Will the highest temperature in San Francisco be between 70-71°F on September 6?,115646935525066092260239954706625597191734109240550632043593006849386691219583,No,2026-09-07T03:00:20+00:00,0.0005
0x9ef9c31e16352b4340652635599ff51ad344b5b8d5b225fe1c6be8d96f5dc5d9,San Francisco,Will the highest temperature in San Francisco be between 70-71°F on September 6?,115646935525066092260239954706625597191734109240550632043593006849386691219583,No,2026-09-07T04:00:17+00:00,0.0005
0x9ef9c31e16352b4340652635599ff51ad344b5b8d5b225fe1c6be8d96f5dc5d9,San Francisco,Will the highest temperature in San Francisco be between 70-71°F on September 6?,115646935525066092260239954706625597191734109240550632043593006849386691219583,No,2026-09-07T04:40:15+00:00,0.0005
0xb9adb2c645da634ed233ca75522a43daa4b599e699d03acfb05260a2f798bad5,San Francisco,Will the highest temperature in San Francisco be between 72-73°F on September 6?,51624080176748820636919783456281983290365478774900017107237763972457702147968,Yes,2026-09-07T00:00:33+00:00,0.0015
0xb9adb2c645da634ed233ca75522a43daa4b599e699d03acfb05260a2f798bad5,San Francisco,Will the highest temperature in San Francisco be between 72-73°F on September 6?,51624080176748820636919783456281983290365478774900017107237763972457702147968,Yes,2026-09-07T01:00:31+00:00,0.001
0xb9adb2c645da634ed233ca75522a43daa4b599e699d03acfb05260a2f798bad5,San Francisco,Will the highest temperature in San Francisco be between 72-73°F on September 6?,51624080176748820636919783456281983290365478774900017107237763972457702147968,Yes,2026-09-07T02:00:29+00:00,0.0005
0xb9adb2c645da634ed233ca75522a43daa4b599e699d03acfb05260a2f798bad5,San Francisco,Will the highest temperature in San Francisco be between 72-73°F on September 6?,51624080176748820636919783456281983290365478774900017107237763972457702147968,Yes,2026-09-07T03:00:19+00:00,0.0005
0xb9adb2c645da634ed233ca75522a43daa4b599e699d03acfb05260a2f798bad5,San Francisco,Will the highest temperature in San Francisco be between 72-73°F on September 6?,51624080176748820636919783456281983290365478774900017107237763972457702147968,Yes,2026-09-07T04:00:16+00:00,0.0005
0xb9adb2c645da634ed233ca75522a43daa4b599e699d03acfb05260a2f798bad5,San Francisco,Will the highest temperature in San Francisco be between 72-73°F on September 6?,51624080176748820636919783456281983290365478774900017107237763972457702147968,Yes,2026-09-07T04:40:14+00:00,0.0005
0xb9adb2c645da634ed233ca75522a43daa4b599e699d03acfb05260a2f798bad5,San Francisco,Will the highest temperature in San Francisco be between 72-73°F on September 6?,32298906283978116047173989176885465424940519115572246073318517120850899659973,No,2026-09-07T00:00:34+00:00,0.9985
0xb9adb2c645da634ed233ca75522a43daa4b599e699d03acfb05260a2f798bad5,San Francisco,Will the highest temperature in San Francisco be between 72-73°F on September 6?,32298906283978116047173989176885465424940519115572246073318517120850899659973,No,2026-09-07T01:00:31+00:00,0.999
0xb9adb2c645da634ed233ca75522a43daa4b599e699d03acfb05260a2f798bad5,San Francisco,Will the highest temperature in San Francisco be between 72-73°F on September 6?,32298906283978116047173989176885465424940519115572246073318517120850899659973,No,2026-09-07T02:00:29+00:00,0.9995
0xb9adb2c645da634ed233ca75522a43daa4b599e699d03acfb05260a2f798bad5,San Francisco,Will the highest temperature in San Francisco be between 72-73°F on September 6?,32298906283978116047173989176885465424940519115572246073318517120850899659973,No,2026-09-07T03:00:19+00:00,0.9995
0xb9adb2c645da634ed233ca75522a43daa4b599e699d03acfb05260a2f798bad5,San Francisco,Will the highest temperature in San Francisco be between 72-73°F on September 6?,32298906283978116047173989176885465424940519115572246073318517120850899659973,No,2026-09-07T04:00:16+00:00,0.9995
0xb9adb2c645da634ed233ca75522a43daa4b599e699d03acfb05260a2f798bad5,San Francisco,Will the highest temperature in San Francisco be between 72-73°F on September 6?,32298906283978116047173989176885465424940519115572246073318517120850899659973,No,2026-09-07T04:40:14+00:00,0.9995
0x05f5d54702722a5cc3e49a8aaa13dbd0c22f32ae064dca93f663a4fb81e82c60,San Francisco,Will the highest temperature in San Francisco be between 74-75°F on September 6?,76515963460382468722368232955101599654390740845663322275882942595327472137592,Yes,2026-09-07T00:00:30+00:00,0.0035
0x05f5d54702722a5cc3e49a8aaa13dbd0c22f32ae064dca93f663a4fb81e82c60,San Francisco,Will the highest temperature in San Francisco be between 74-75°F on September 6?,76515963460382468722368232955101599654390740845663322275882942595327472137592,Yes,2026-09-07T01:00:26+00:00,0.0005
0x05f5d54702722a5cc3e49a8aaa13dbd0c22f32ae064dca93f663a4fb81e82c60,San Francisco,Will the highest temperature in San Francisco be between 74-75°F on September 6?,76515963460382468722368232955101599654390740845663322275882942595327472137592,Yes,2026-09-07T02:00:26+00:00,0.0005
0x05f5d54702722a5cc3e49a8aaa13dbd0c22f32ae064dca93f663a4fb81e82c60,San Francisco,Will the highest temperature in San Francisco be between 74-75°F on September 6?,76515963460382468722368232955101599654390740845663322275882942595327472137592,Yes,2026-09-07T03:00:14+00:00,0.0005
0x05f5d54702722a5cc3e49a8aaa13dbd0c22f32ae064dca93f663a4fb81e82c60,San Francisco,Will the highest temperature in San Francisco be between 74-75°F on September 6?,76515963460382468722368232955101599654390740845663322275882942595327472137592,Yes,2026-09-07T04:00:13+00:00,0.0005
0x05f5d54702722a5cc3e49a8aaa13dbd0c22f32ae064dca93f663a4fb81e82c60,San Francisco,Will the highest temperature in San Francisco be between 74-75°F on September 6?,76515963460382468722368232955101599654390740845663322275882942595327472137592,Yes,2026-09-07T04:40:12+00:00,0.0005
0x05f5d54702722a5cc3e49a8aaa13dbd0c22f32ae064dca93f663a4fb81e82c60,San Francisco,Will the highest temperature in San Francisco be between 74-75°F on September 6?,101209551278514848014969689625257487368393216260791967404850423455365730358508,No,2026-09-07T00:00:33+00:00,0.9965
0x05f5d54702722a5cc3e49a8aaa13dbd0c22f32ae064dca93f663a4fb81e82c60,San Francisco,Will the highest temperature in San Francisco be between 74-75°F on September 6?,101209551278514848014969689625257487368393216260791967404850423455365730358508,No,2026-09-07T01:00:30+00:00,0.9995
0x05f5d54702722a5cc3e49a8aaa13dbd0c22f32ae064dca93f663a4fb81e82c60,San Francisco,Will the highest temperature in San Francisco be between 74-75°F on September 6?,101209551278514848014969689625257487368393216260791967404850423455365730358508,No,2026-09-07T02:00:29+00:00,0.9995
0x05f5d54702722a5cc3e49a8aaa13dbd0c22f32ae064dca93f663a4fb81e82c60,San Francisco,Will the highest temperature in San Francisco be between 74-75°F on September 6?,101209551278514848014969689625257487368393216260791967404850423455365730358508,No,2026-09-07T03:00:18+00:00,0.9995
0x05f5d54702722a5cc3e49a8aaa13dbd0c22f32ae064dca93f663a4fb81e82c60,San Francisco,Will the highest temperature in San Francisco be between 74-75°F on September 6?,101209551278514848014969689625257487368393216260791967404850423455365730358508,No,2026-09-07T04:00:16+00:00,0.9995
0x05f5d54702722a5cc3e49a8aaa13dbd0c22f32ae064dca93f663a4fb81e82c60,San Francisco,Will the highest temperature in San Francisco be between 74-75°F on September 6?,101209551278514848014969689625257487368393216260791967404850423455365730358508,No,2026-09-07T04:40:14+00:00,0.9995
0x6a2a54c42f76dfb7d645c5269ee8db9f0fdf93cb338ec79084db66130bef5a12,San Francisco,Will the highest temperature in San Francisco be between 76-77°F on September 6?,93729772233305013734498330789758291054978947905735793165032235103317278771073,Yes,2026-09-07T00:00:32+00:00,0.0005
0x6a2a54c42f76dfb7d645c5269ee8db9f0fdf93cb338ec79084db66130bef5a12,San Francisco,Will the highest temperature in San Francisco be between 76-77°F on September 6?,93729772233305013734498330789758291054978947905735793165032235103317278771073,Yes,2026-09-07T01:00:28+00:00,0.0005
0x6a2a54c42f76dfb7d645c5269ee8db9f0fdf93cb338ec79084db66130bef5a12,San Francisco,Will the highest temperature in San Francisco be between 76-77°F on September 6?,93729772233305013734498330789758291054978947905735793165032235103317278771073,Yes,2026-09-07T02:00:27+00:00,0.0005
0x6a2a54c42f76dfb7d645c5269ee8db9f0fdf93cb338ec79084db66130bef5a12,San Francisco,Will the highest temperature in San Francisco be between 76-77°F on September 6?,93729772233305013734498330789758291054978947905735793165032235103317278771073,Yes,2026-09-07T03:00:16+00:00,0.0005
0x6a2a54c42f76dfb7d645c5269ee8db9f0fdf93cb338ec79084db66130bef5a12,San Francisco,Will the highest temperature in San Francisco be between 76-77°F on September 6?,93729772233305013734498330789758291054978947905735793165032235103317278771073,Yes,2026-09-07T04:00:14+00:00,0.0005
0x6a2a54c42f76dfb7d645c5269ee8db9f0fdf93cb338ec79084db66130bef5a12,San Francisco,Will the highest temperature in San Francisco be between 76-77°F on September 6?,93729772233305013734498330789758291054978947905735793165032235103317278771073,Yes,2026-09-07T04:40:13+00:00,0.0005
0x6a2a54c42f76dfb7d645c5269ee8db9f0fdf93cb338ec79084db66130bef5a12,San Francisco,Will the highest temperature in San Francisco be between 76-77°F on September 6?,99386365215769105400205781593176588187140508507322701193938141639162563197419,No,2026-09-07T00:00:36+00:00,0.9995
0x6a2a54c42f76dfb7d645c5269ee8db9f0fdf93cb338ec79084db66130bef5a12,San Francisco,Will the highest temperature in San Francisco be between 76-77°F on September 6?,99386365215769105400205781593176588187140508507322701193938141639162563197419,No,2026-09-07T01:00:34+00:00,0.9995
0x6a2a54c42f76dfb7d645c5269ee8db9f0fdf93cb338ec79084db66130bef5a12,San Francisco,Will the highest temperature in San Francisco be between 76-77°F on September 6?,99386365215769105400205781593176588187140508507322701193938141639162563197419,No,2026-09-07T02:00:31+00:00,0.9995
0x6a2a54c42f76dfb7d645c5269ee8db9f0fdf93cb338ec79084db66130bef5a12,San Francisco,Will the highest temperature in San Francisco be between 76-77°F on September 6?,99386365215769105400205781593176588187140508507322701193938141639162563197419,No,2026-09-07T03:00:22+00:00,0.9995
0x6a2a54c42f76dfb7d645c5269ee8db9f0fdf93cb338ec79084db66130bef5a12,San Francisco,Will the highest temperature in San Francisco be between 76-77°F on September 6?,99386365215769105400205781593176588187140508507322701193938141639162563197419,No,2026-09-07T04:00:19+00:00,0.9995
0x6a2a54c42f76dfb7d645c5269ee8db9f0fdf93cb338ec79084db66130bef5a12,San Francisco,Will the highest temperature in San Francisco be between 76-77°F on September 6?,99386365215769105400205781593176588187140508507322701193938141639162563197419,No,2026-09-07T04:40:16+00:00,0.9995
0xc7530e7ff60c65fa9899b0f8c488808e112bc8b598603a0bab615cea30b3a1c1,San Francisco,Will the highest temperature in San Francisco be 78°F or higher on September 6?,7497224844633132306188487252768039639349163255631250966481294116071593567444,Yes,2026-09-07T00:00:33+00:00,0.0005
0xc7530e7ff60c65fa9899b0f8c488808e112bc8b598603a0bab615cea30b3a1c1,San Francisco,Will the highest temperature in San Francisco be 78°F or higher on September 6?,7497224844633132306188487252768039639349163255631250966481294116071593567444,Yes,2026-09-07T01:00:30+00:00,0.0005
0xc7530e7ff60c65fa9899b0f8c488808e112bc8b598603a0bab615cea30b3a1c1,San Francisco,Will the highest temperature in San Francisco be 78°F or higher on September 6?,7497224844633132306188487252768039639349163255631250966481294116071593567444,Yes,2026-09-07T02:00:28+00:00,0.0005
0xc7530e7ff60c65fa9899b0f8c488808e112bc8b598603a0bab615cea30b3a1c1,San Francisco,Will the highest temperature in San Francisco be 78°F or higher on September 6?,7497224844633132306188487252768039639349163255631250966481294116071593567444,Yes,2026-09-07T03:00:18+00:00,0.0005
0xc7530e7ff60c65fa9899b0f8c488808e112bc8b598603a0bab615cea30b3a1c1,San Francisco,Will the highest temperature in San Francisco be 78°F or higher on September 6?,7497224844633132306188487252768039639349163255631250966481294116071593567444,Yes,2026-09-07T04:00:16+00:00,0.0005
0xc7530e7ff60c65fa9899b0f8c488808e112bc8b598603a0bab615cea30b3a1c1,San Francisco,Will the highest temperature in San Francisco be 78°F or higher on September 6?,7497224844633132306188487252768039639349163255631250966481294116071593567444,Yes,2026-09-07T04:40:14+00:00,0.0005
0xc7530e7ff60c65fa9899b0f8c488808e112bc8b598603a0bab615cea30b3a1c1,San Francisco,Will the highest temperature in San Francisco be 78°F or higher on September 6?,58888100142575148604252823135665097341273489049436104068062408868187936322774,No,2026-09-07T00:00:32+00:00,0.9995
0xc7530e7ff60c65fa9899b0f8c488808e112bc8b598603a0bab615cea30b3a1c1,San Francisco,Will the highest temperature in San Francisco be 78°F or higher on September 6?,58888100142575148604252823135665097341273489049436104068062408868187936322774,No,2026-09-07T01:00:29+00:00,0.9995
0xc7530e7ff60c65fa9899b0f8c488808e112bc8b598603a0bab615cea30b3a1c1,San Francisco,Will the highest temperature in San Francisco be 78°F or higher on September 6?,58888100142575148604252823135665097341273489049436104068062408868187936322774,No,2026-09-07T02:00:28+00:00,0.9995
0xc7530e7ff60c65fa9899b0f8c488808e112bc8b598603a0bab615cea30b3a1c1,San Francisco,Will the highest temperature in San Francisco be 78°F or higher on September 6?,58888100142575148604252823135665097341273489049436104068062408868187936322774,No,2026-09-07T03:00:17+00:00,0.9995
0xc7530e7ff60c65fa9899b0f8c488808e112bc8b598603a0bab615cea30b3a1c1,San Francisco,Will the highest temperature in San Francisco be 78°F or higher on September 6?,58888100142575148604252823135665097341273489049436104068062408868187936322774,No,2026-09-07T04:00:15+00:00,0.9995
0xc7530e7ff60c65fa9899b0f8c488808e112bc8b598603a0bab615cea30b3a1c1,San Francisco,Will the highest temperature in San Francisco be 78°F or higher on September 6?,58888100142575148604252823135665097341273489049436104068062408868187936322774,No,2026-09-07T04:40:13+00:00,0.9995
0xa139d289134c049a05d5514381f781c36dc28cc55d95ae352aaa051ca2518e26,San Francisco,Will the lowest temperature in San Francisco be 47°F or below on September 7?,67458148146399429381366622208384466830457326784871532494979147941601915969048,Yes,2026-09-07T00:00:36+00:00,0.011
0xa139d289134c049a05d5514381f781c36dc28cc55d95ae352aaa051ca2518e26,San Francisco,Will the lowest temperature in San Francisco be 47°F or below on September 7?,67458148146399429381366622208384466830457326784871532494979147941601915969048,Yes,2026-09-07T01:00:34+00:00,0.011
0xa139d289134c049a05d5514381f781c36dc28cc55d95ae352aaa051ca2518e26,San Francisco,Will the lowest temperature in San Francisco be 47°F or below on September 7?,67458148146399429381366622208384466830457326784871532494979147941601915969048,Yes,2026-09-07T02:00:31+00:00,0.011
0xa139d289134c049a05d5514381f781c36dc28cc55d95ae352aaa051ca2518e26,San Francisco,Will the lowest temperature in San Francisco be 47°F or below on September 7?,67458148146399429381366622208384466830457326784871532494979147941601915969048,Yes,2026-09-07T03:00:22+00:00,0.011
0xa139d289134c049a05d5514381f781c36dc28cc55d95ae352aaa051ca2518e26,San Francisco,Will the lowest temperature in San Francisco be 47°F or below on September 7?,67458148146399429381366622208384466830457326784871532494979147941601915969048,Yes,2026-09-07T04:00:19+00:00,0.011
0xa139d289134c049a05d5514381f781c36dc28cc55d95ae352aaa051ca2518e26,San Francisco,Will the lowest temperature in San Francisco be 47°F or below on September 7?,67458148146399429381366622208384466830457326784871532494979147941601915969048,Yes,2026-09-07T04:40:16+00:00,0.0065
0xa139d289134c049a05d5514381f781c36dc28cc55d95ae352aaa051ca2518e26,San Francisco,Will the lowest temperature in San Francisco be 47°F or below on September 7?,30611536661726162569681305340371504574508749955712908688813224712243651440805,No,2026-09-07T00:00:34+00:00,0.989
0xa139d289134c049a05d5514381f781c36dc28cc55d95ae352aaa051ca2518e26,San Francisco,Will the lowest temperature in San Francisco be 47°F or below on September 7?,30611536661726162569681305340371504574508749955712908688813224712243651440805,No,2026-09-07T01:00:31+00:00,0.989
0xa139d289134c049a05d5514381f781c36dc28cc55d95ae352aaa051ca2518e26,San Francisco,Will the lowest temperature in San Francisco be 47°F or below on September 7?,30611536661726162569681305340371504574508749955712908688813224712243651440805,No,2026-09-07T02:00:29+00:00,0.989
0xa139d289134c049a05d5514381f781c36dc28cc55d95ae352aaa051ca2518e26,San Francisco,Will the lowest temperature in San Francisco be 47°F or below on September 7?,30611536661726162569681305340371504574508749955712908688813224712243651440805,No,2026-09-07T03:00:19+00:00,0.989
0xa139d289134c049a05d5514381f781c36dc28cc55d95ae352aaa051ca2518e26,San Francisco,Will the lowest temperature in San Francisco be 47°F or below on September 7?,30611536661726162569681305340371504574508749955712908688813224712243651440805,No,2026-09-07T04:00:16+00:00,0.989
0xa139d289134c049a05d5514381f781c36dc28cc55d95ae352aaa051ca2518e26,San Francisco,Will the lowest temperature in San Francisco be 47°F or below on September 7?,30611536661726162569681305340371504574508749955712908688813224712243651440805,No,2026-09-07T04:40:14+00:00,0.9935
0xa1320181ab6dbc6b982337978a506509a056d0bafe8f18108e57f8f711b1ae64,San Francisco,Will the lowest temperature in San Francisco be between 48-49°F on September 7?,6043562436994754341388484189735979854010193370208989258219487692417799499191,Yes,2026-09-07T00:00:30+00:00,0.0465
0xa1320181ab6dbc6b982337978a506509a056d0bafe8f18108e57f8f711b1ae64,San Francisco,Will the lowest temperature in San Francisco be between 48-49°F on September 7?,6043562436994754341388484189735979854010193370208989258219487692417799499191,Yes,2026-09-07T01:00:26+00:00,0.0455
0xa1320181ab6dbc6b982337978a506509a056d0bafe8f18108e57f8f711b1ae64,San Francisco,Will the lowest temperature in San Francisco be between 48-49°F on September 7?,6043562436994754341388484189735979854010193370208989258219487692417799499191,Yes,2026-09-07T02:00:26+00:00,0.0455
0xa1320181ab6dbc6b982337978a506509a056d0bafe8f18108e57f8f711b1ae64,San Francisco,Will the lowest temperature in San Francisco be between 48-49°F on September 7?,6043562436994754341388484189735979854010193370208989258219487692417799499191,Yes,2026-09-07T03:00:14+00:00,0.0455
0xa1320181ab6dbc6b982337978a506509a056d0bafe8f18108e57f8f711b1ae64,San Francisco,Will the lowest temperature in San Francisco be between 48-49°F on September 7?,6043562436994754341388484189735979854010193370208989258219487692417799499191,Yes,2026-09-07T04:00:13+00:00,0.0455
0xa1320181ab6dbc6b982337978a506509a056d0bafe8f18108e57f8f711b1ae64,San Francisco,Will the lowest temperature in San Francisco be between 48-49°F on September 7?,6043562436994754341388484189735979854010193370208989258219487692417799499191,Yes,2026-09-07T04:40:12+00:00,0.0455
0xa1320181ab6dbc6b982337978a506509a056d0bafe8f18108e57f8f711b1ae64,San Francisco,Will the lowest temperature in San Francisco be between 48-49°F on September 7?,86205773443438391292645615194691682246993304507908424270421042763594512693881,No,2026-09-07T00:00:33+00:00,0.9535
0xa1320181ab6dbc6b982337978a506509a056d0bafe8f18108e57f8f711b1ae64,San Francisco,Will the lowest temperature in San Francisco be between 48-49°F on September 7?,86205773443438391292645615194691682246993304507908424270421042763594512693881,No,2026-09-07T01:00:30+00:00,0.9545
0xa1320181ab6dbc6b982337978a506509a056d0bafe8f18108e57f8f711b1ae64,San Francisco,Will the lowest temperature in San Francisco be between 48-49°F on September 7?,86205773443438391292645615194691682246993304507908424270421042763594512693881,No,2026-09-07T02:00:28+00:00,0.9545
0xa1320181ab6dbc6b982337978a506509a056d0bafe8f18108e57f8f711b1ae64,San Francisco,Will the lowest temperature in San Francisco be between 48-49°F on September 7?,86205773443438391292645615194691682246993304507908424270421042763594512693881,No,2026-09-07T03:00:18+00:00,0.9545
0xa1320181ab6dbc6b982337978a506509a056d0bafe8f18108e57f8f711b1ae64,San Francisco,Will the lowest temperature in San Francisco be between 48-49°F on September 7?,86205773443438391292645615194691682246993304507908424270421042763594512693881,No,2026-09-07T04:00:15+00:00,0.9545
0xa1320181ab6dbc6b982337978a506509a056d0bafe8f18108e57f8f711b1ae64,San Francisco,Will the lowest temperature in San Francisco be between 48-49°F on September 7?,86205773443438391292645615194691682246993304507908424270421042763594512693881,No,2026-09-07T04:40:14+00:00,0.9545
0xbcf2bd0b5608360c6b90ae85805230a3baa234e56df56261afff8eee09b58a16,San Francisco,Will the lowest temperature in San Francisco be between 50-51°F on September 7?,55190799646584386491206421840508762298670100903513330396860956900970100007403,Yes,2026-09-07T00:00:36+00:00,0.06
0xbcf2bd0b5608360c6b90ae85805230a3baa234e56df56261afff8eee09b58a16,San Francisco,Will the lowest temperature in San Francisco be between 50-51°F on September 7?,55190799646584386491206421840508762298670100903513330396860956900970100007403,Yes,2026-09-07T01:00:34+00:00,0.06
0xbcf2bd0b5608360c6b90ae85805230a3baa234e56df56261afff8eee09b58a16,San Francisco,Will the lowest temperature in San Francisco be between 50-51°F on September 7?,55190799646584386491206421840508762298670100903513330396860956900970100007403,Yes,2026-09-07T02:00:30+00:00,0.06
0xbcf2bd0b5608360c6b90ae85805230a3baa234e56df56261afff8eee09b58a16,San Francisco,Will the lowest temperature in San Francisco be between 50-51°F on September 7?,55190799646584386491206421840508762298670100903513330396860956900970100007403,Yes,2026-09-07T03:00:21+00:00,0.06
0xbcf2bd0b5608360c6b90ae85805230a3baa234e56df56261afff8eee09b58a16,San Francisco,Will the lowest temperature in San Francisco be between 50-51°F on September 7?,55190799646584386491206421840508762298670100903513330396860956900970100007403,Yes,2026-09-07T04:00:18+00:00,0.06
0xbcf2bd0b5608360c6b90ae85805230a3baa234e56df56261afff8eee09b58a16,San Francisco,Will the lowest temperature in San Francisco be between 50-51°F on September 7?,55190799646584386491206421840508762298670100903513330396860956900970100007403,Yes,2026-09-07T04:40:15+00:00,0.06
0xbcf2bd0b5608360c6b90ae85805230a3baa234e56df56261afff8eee09b58a16,San Francisco,Will the lowest temperature in San Francisco be between 50-51°F on September 7?,64052526605815590110406048866881806085804875074427653984666130425467989676993,No,2026-09-07T00:00:32+00:00,0.94
0xbcf2bd0b5608360c6b90ae85805230a3baa234e56df56261afff8eee09b58a16,San Francisco,Will the lowest temperature in San Francisco be between 50-51°F on September 7?,64052526605815590110406048866881806085804875074427653984666130425467989676993,No,2026-09-07T01:00:28+00:00,0.94
0xbcf2bd0b5608360c6b90ae85805230a3baa234e56df56261afff8eee09b58a16,San Francisco,Will the lowest temperature in San Francisco be between 50-51°F on September 7?,64052526605815590110406048866881806085804875074427653984666130425467989676993,No,2026-09-07T02:00:27+00:00,0.94
0xbcf2bd0b5608360c6b90ae85805230a3baa234e56df56261afff8eee09b58a16,San Francisco,Will the lowest temperature in San Francisco be between 50-51°F on September 7?,64052526605815590110406048866881806085804875074427653984666130425467989676993,No,2026-09-07T03:00:16+00:00,0.94
0xbcf2bd0b5608360c6b90ae85805230a3baa234e56df56261afff8eee09b58a16,San Francisco,Will the lowest temperature in San Francisco be between 50-51°F on September 7?,64052526605815590110406048866881806085804875074427653984666130425467989676993,No,2026-09-07T04:00:14+00:00,0.94
0xbcf2bd0b5608360c6b90ae85805230a3baa234e56df56261afff8eee09b58a16,San Francisco,Will the lowest temperature in San Francisco be between 50-51°F on September 7?,64052526605815590110406048866881806085804875074427653984666130425467989676993,No,2026-09-07T04:40:13+00:00,0.94
0x7ca730efedb727b546648459f7a7e08befc9eea872d3ffc6719e436b336f46e0,San Francisco,Will the lowest temperature in San Francisco be between 52-53°F on September 7?,112452371521624871031223619296932439975302555607874939076302006856106675459440,Yes,2026-09-07T00:00:33+00:00,0.175
0x7ca730efedb727b546648459f7a7e08befc9eea872d3ffc6719e436b336f46e0,San Francisco,Will the lowest temperature in San Francisco be between 52-53°F on September 7?,112452371521624871031223619296932439975302555607874939076302006856106675459440,Yes,2026-09-07T01:00:30+00:00,0.19
0x7ca730efedb727b546648459f7a7e08befc9eea872d3ffc6719e436b336f46e0,San Francisco,Will the lowest temperature in San Francisco be between 52-53°F on September 7?,112452371521624871031223619296932439975302555607874939076302006856106675459440,Yes,2026-09-07T02:00:28+00:00,0.19
0x7ca730efedb727b546648459f7a7e08befc9eea872d3ffc6719e436b336f46e0,San Francisco,Will the lowest temperature in San Francisco be between 52-53°F on September 7?,112452371521624871031223619296932439975302555607874939076302006856106675459440,Yes,2026-09-07T03:00:18+00:00,0.185
0x7ca730efedb727b546648459f7a7e08befc9eea872d3ffc6719e436b336f46e0,San Francisco,Will the lowest temperature in San Francisco be between 52-53°F on September 7?,112452371521624871031223619296932439975302555607874939076302006856106675459440,Yes,2026-09-07T04:00:15+00:00,0.19
0x7ca730efedb727b546648459f7a7e08befc9eea872d3ffc6719e436b336f46e0,San Francisco,Will the lowest temperature in San Francisco be between 52-53°F on September 7?,112452371521624871031223619296932439975302555607874939076302006856106675459440,Yes,2026-09-07T04:40:14+00:00,0.175
0x7ca730efedb727b546648459f7a7e08befc9eea872d3ffc6719e436b336f46e0,San Francisco,Will the lowest temperature in San Francisco be between 52-53°F on September 7?,4724390307469275687338914191145589169673885315332759389255972325145636739132,No,2026-09-07T00:00:32+00:00,0.825
0x7ca730efedb727b546648459f7a7e08befc9eea872d3ffc6719e436b336f46e0,San Francisco,Will the lowest temperature in San Francisco be between 52-53°F on September 7?,4724390307469275687338914191145589169673885315332759389255972325145636739132,No,2026-09-07T01:00:29+00:00,0.81
0x7ca730efedb727b546648459f7a7e08befc9eea872d3ffc6719e436b336f46e0,San Francisco,Will the lowest temperature in San Francisco be between 52-53°F on September 7?,4724390307469275687338914191145589169673885315332759389255972325145636739132,No,2026-09-07T02:00:28+00:00,0.81
0x7ca730efedb727b546648459f7a7e08befc9eea872d3ffc6719e436b336f46e0,San Francisco,Will the lowest temperature in San Francisco be between 52-53°F on September 7?,4724390307469275687338914191145589169673885315332759389255972325145636739132,No,2026-09-07T03:00:17+00:00,0.815
0x7ca730efedb727b546648459f7a7e08befc9eea872d3ffc6719e436b336f46e0,San Francisco,Will the lowest temperature in San Francisco be between 52-53°F on September 7?,4724390307469275687338914191145589169673885315332759389255972325145636739132,No,2026-09-07T04:00:15+00:00,0.81
0x7ca730efedb727b546648459f7a7e08befc9eea872d3ffc6719e436b336f46e0,San Francisco,Will the lowest temperature in San Francisco be between 52-53°F on September 7?,4724390307469275687338914191145589169673885315332759389255972325145636739132,No,2026-09-07T04:40:13+00:00,0.825
0xe26bb1a3e163a5ab7fab2afaee2091476eaa4520579f3fe177f87f4c5f7f6c1e,San Francisco,Will the lowest temperature in San Francisco be between 54-55°F on September 7?,23580723731779238742193367372618995277653379556035142574367492446507103027274,Yes,2026-09-07T00:00:36+00:00,0.29
0xe26bb1a3e163a5ab7fab2afaee2091476eaa4520579f3fe177f87f4c5f7f6c1e,San Francisco,Will the lowest temperature in San Francisco be between 54-55°F on September 7?,23580723731779238742193367372618995277653379556035142574367492446507103027274,Yes,2026-09-07T01:00:34+00:00,0.255
0xe26bb1a3e163a5ab7fab2afaee2091476eaa4520579f3fe177f87f4c5f7f6c1e,San Francisco,Will the lowest temperature in San Francisco be between 54-55°F on September 7?,23580723731779238742193367372618995277653379556035142574367492446507103027274,Yes,2026-09-07T02:00:30+00:00,0.245
0xe26bb1a3e163a5ab7fab2afaee2091476eaa4520579f3fe177f87f4c5f7f6c1e,San Francisco,Will the lowest temperature in San Francisco be between 54-55°F on September 7?,23580723731779238742193367372618995277653379556035142574367492446507103027274,Yes,2026-09-07T03:00:21+00:00,0.245
0xe26bb1a3e163a5ab7fab2afaee2091476eaa4520579f3fe177f87f4c5f7f6c1e,San Francisco,Will the lowest temperature in San Francisco be between 54-55°F on September 7?,23580723731779238742193367372618995277653379556035142574367492446507103027274,Yes,2026-09-07T04:00:18+00:00,0.25
0xe26bb1a3e163a5ab7fab2afaee2091476eaa4520579f3fe177f87f4c5f7f6c1e,San Francisco,Will the lowest temperature in San Francisco be between 54-55°F on September 7?,23580723731779238742193367372618995277653379556035142574367492446507103027274,Yes,2026-09-07T04:40:16+00:00,0.24
0xe26bb1a3e163a5ab7fab2afaee2091476eaa4520579f3fe177f87f4c5f7f6c1e,San Francisco,Will the lowest temperature in San Francisco be between 54-55°F on September 7?,62394806198174542564335042250751945534562639324320696324814437686276535713448,No,2026-09-07T00:00:31+00:00,0.71
0xe26bb1a3e163a5ab7fab2afaee2091476eaa4520579f3fe177f87f4c5f7f6c1e,San Francisco,Will the lowest temperature in San Francisco be between 54-55°F on September 7?,62394806198174542564335042250751945534562639324320696324814437686276535713448,No,2026-09-07T01:00:27+00:00,0.745
0xe26bb1a3e163a5ab7fab2afaee2091476eaa4520579f3fe177f87f4c5f7f6c1e,San Francisco,Will the lowest temperature in San Francisco be between 54-55°F on September 7?,62394806198174542564335042250751945534562639324320696324814437686276535713448,No,2026-09-07T02:00:27+00:00,0.755
0xe26bb1a3e163a5ab7fab2afaee2091476eaa4520579f3fe177f87f4c5f7f6c1e,San Francisco,Will the lowest temperature in San Francisco be between 54-55°F on September 7?,62394806198174542564335042250751945534562639324320696324814437686276535713448,No,2026-09-07T03:00:16+00:00,0.755
0xe26bb1a3e163a5ab7fab2afaee2091476eaa4520579f3fe177f87f4c5f7f6c1e,San Francisco,Will the lowest temperature in San Francisco be between 54-55°F on September 7?,62394806198174542564335042250751945534562639324320696324814437686276535713448,No,2026-09-07T04:00:14+00:00,0.75
0xe26bb1a3e163a5ab7fab2afaee2091476eaa4520579f3fe177f87f4c5f7f6c1e,San Francisco,Will the lowest temperature in San Francisco be between 54-55°F on September 7?,62394806198174542564335042250751945534562639324320696324814437686276535713448,No,2026-09-07T04:40:12+00:00,0.76
0x3a54d4b083b78194b08fa13c99822d1f93dbc77d33be67b81959abdf56fb05b8,San Francisco,Will the lowest temperature in San Francisco be between 56-57°F on September 7?,13559311219979024425821007647850804628460611912014022962277458749731818648633,Yes,2026-09-07T00:00:33+00:00,0.54
0x3a54d4b083b78194b08fa13c99822d1f93dbc77d33be67b81959abdf56fb05b8,San Francisco,Will the lowest temperature in San Francisco be between 56-57°F on September 7?,13559311219979024425821007647850804628460611912014022962277458749731818648633,Yes,2026-09-07T01:00:30+00:00,0.54
0x3a54d4b083b78194b08fa13c99822d1f93dbc77d33be67b81959abdf56fb05b8,San Francisco,Will the lowest temperature in San Francisco be between 56-57°F on September 7?,13559311219979024425821007647850804628460611912014022962277458749731818648633,Yes,2026-09-07T02:00:28+00:00,0.54
0x3a54d4b083b78194b08fa13c99822d1f93dbc77d33be67b81959abdf56fb05b8,San Francisco,Will the lowest temperature in San Francisco be between 56-57°F on September 7?,13559311219979024425821007647850804628460611912014022962277458749731818648633,Yes,2026-09-07T03:00:18+00:00,0.54
0x3a54d4b083b78194b08fa13c99822d1f93dbc77d33be67b81959abdf56fb05b8,San Francisco,Will the lowest temperature in San Francisco be between 56-57°F on September 7?,13559311219979024425821007647850804628460611912014022962277458749731818648633,Yes,2026-09-07T04:00:15+00:00,0.54
0x3a54d4b083b78194b08fa13c99822d1f93dbc77d33be67b81959abdf56fb05b8,San Francisco,Will the lowest temperature in San Francisco be between 56-57°F on September 7?,13559311219979024425821007647850804628460611912014022962277458749731818648633,Yes,2026-09-07T04:40:14+00:00,0.54
0x3a54d4b083b78194b08fa13c99822d1f93dbc77d33be67b81959abdf56fb05b8,San Francisco,Will the lowest temperature in San Francisco be between 56-57°F on September 7?,108847904681032382957082244015732967670321705744443206324446071753773313126020,No,2026-09-07T00:00:36+00:00,0.46
0x3a54d4b083b78194b08fa13c99822d1f93dbc77d33be67b81959abdf56fb05b8,San Francisco,Will the lowest temperature in San Francisco be between 56-57°F on September 7?,108847904681032382957082244015732967670321705744443206324446071753773313126020,No,2026-09-07T01:00:33+00:00,0.46
0x3a54d4b083b78194b08fa13c99822d1f93dbc77d33be67b81959abdf56fb05b8,San Francisco,Will the lowest temperature in San Francisco be between 56-57°F on September 7?,108847904681032382957082244015732967670321705744443206324446071753773313126020,No,2026-09-07T02:00:30+00:00,0.46
0x3a54d4b083b78194b08fa13c99822d1f93dbc77d33be67b81959abdf56fb05b8,San Francisco,Will the lowest temperature in San Francisco be between 56-57°F on September 7?,108847904681032382957082244015732967670321705744443206324446071753773313126020,No,2026-09-07T03:00:21+00:00,0.46
0x3a54d4b083b78194b08fa13c99822d1f93dbc77d33be67b81959abdf56fb05b8,San Francisco,Will the lowest temperature in San Francisco be between 56-57°F on September 7?,108847904681032382957082244015732967670321705744443206324446071753773313126020,No,2026-09-07T04:00:18+00:00,0.46
0x3a54d4b083b78194b08fa13c99822d1f93dbc77d33be67b81959abdf56fb05b8,San Francisco,Will the lowest temperature in San Francisco be between 56-57°F on September 7?,108847904681032382957082244015732967670321705744443206324446071753773313126020,No,2026-09-07T04:40:15+00:00,0.46
0x6c4c32e36b1643079fc0296f60cda6a63834308c9b2bd1493336d5ebf2bd350a,San Francisco,Will the lowest temperature in San Francisco be between 58-59°F on September 7?,108740795533401962857351865441667764216902085945801623259676280708636847934301,Yes,2026-09-07T00:00:31+00:00,0.255
0x6c4c32e36b1643079fc0296f60cda6a63834308c9b2bd1493336d5ebf2bd350a,San Francisco,Will the lowest temperature in San Francisco be between 58-59°F on September 7?,108740795533401962857351865441667764216902085945801623259676280708636847934301,Yes,2026-09-07T01:00:27+00:00,0.245
0x6c4c32e36b1643079fc0296f60cda6a63834308c9b2bd1493336d5ebf2bd350a,San Francisco,Will the lowest temperature in San Francisco be between 58-59°F on September 7?,108740795533401962857351865441667764216902085945801623259676280708636847934301,Yes,2026-09-07T02:00:27+00:00,0.255
0x6c4c32e36b1643079fc0296f60cda6a63834308c9b2bd1493336d5ebf2bd350a,San Francisco,Will the lowest temperature in San Francisco be between 58-59°F on September 7?,108740795533401962857351865441667764216902085945801623259676280708636847934301,Yes,2026-09-07T03:00:15+00:00,0.255
0x6c4c32e36b1643079fc0296f60cda6a63834308c9b2bd1493336d5ebf2bd350a,San Francisco,Will the lowest temperature in San Francisco be between 58-59°F on September 7?,108740795533401962857351865441667764216902085945801623259676280708636847934301,Yes,2026-09-07T04:00:13+00:00,0.255
0x6c4c32e36b1643079fc0296f60cda6a63834308c9b2bd1493336d5ebf2bd350a,San Francisco,Will the lowest temperature in San Francisco be between 58-59°F on September 7?,108740795533401962857351865441667764216902085945801623259676280708636847934301,Yes,2026-09-07T04:40:12+00:00,0.25
0x6c4c32e36b1643079fc0296f60cda6a63834308c9b2bd1493336d5ebf2bd350a,San Francisco,Will the lowest temperature in San Francisco be between 58-59°F on September 7?,107433800388918651451132408857203751550516952154599173713003757635388431919549,No,2026-09-07T00:00:34+00:00,0.745
0x6c4c32e36b1643079fc0296f60cda6a63834308c9b2bd1493336d5ebf2bd350a,San Francisco,Will the lowest temperature in San Francisco be between 58-59°F on September 7?,107433800388918651451132408857203751550516952154599173713003757635388431919549,No,2026-09-07T01:00:31+00:00,0.755
0x6c4c32e36b1643079fc0296f60cda6a63834308c9b2bd1493336d5ebf2bd350a,San Francisco,Will the lowest temperature in San Francisco be between 58-59°F on September 7?,107433800388918651451132408857203751550516952154599173713003757635388431919549,No,2026-09-07T02:00:29+00:00,0.745
0x6c4c32e36b1643079fc0296f60cda6a63834308c9b2bd1493336d5ebf2bd350a,San Francisco,Will the lowest temperature in San Francisco be between 58-59°F on September 7?,107433800388918651451132408857203751550516952154599173713003757635388431919549,No,2026-09-07T03:00:19+00:00,0.745
0x6c4c32e36b1643079fc0296f60cda6a63834308c9b2bd1493336d5ebf2bd350a,San Francisco,Will the lowest temperature in San Francisco be between 58-59°F on September 7?,107433800388918651451132408857203751550516952154599173713003757635388431919549,No,2026-09-07T04:00:17+00:00,0.745
0x6c4c32e36b1643079fc0296f60cda6a63834308c9b2bd1493336d5ebf2bd350a,San Francisco,Will the lowest temperature in San Francisco be between 58-59°F on September 7?,107433800388918651451132408857203751550516952154599173713003757635388431919549,No,2026-09-07T04:40:14+00:00,0.75
0xd4b198a64c3699b886cde6bd7dfd094d6ecf1750027eb38cf1cb295f36717162,San Francisco,Will the lowest temperature in San Francisco be between 60-61°F on September 7?,43607547756899093891164711463542772468841696940718280263992688116050074682211,Yes,2026-09-07T00:00:35+00:00,0.11
0xd4b198a64c3699b886cde6bd7dfd094d6ecf1750027eb38cf1cb295f36717162,San Francisco,Will the lowest temperature in San Francisco be between 60-61°F on September 7?,43607547756899093891164711463542772468841696940718280263992688116050074682211,Yes,2026-09-07T01:00:33+00:00,0.155
0xd4b198a64c3699b886cde6bd7dfd094d6ecf1750027eb38cf1cb295f36717162,San Francisco,Will the lowest temperature in San Francisco be between 60-61°F on September 7?,43607547756899093891164711463542772468841696940718280263992688116050074682211,Yes,2026-09-07T02:00:30+00:00,0.155
0xd4b198a64c3699b886cde6bd7dfd094d6ecf1750027eb38cf1cb295f36717162,San Francisco,Will the lowest temperature in San Francisco be between 60-61°F on September 7?,43607547756899093891164711463542772468841696940718280263992688116050074682211,Yes,2026-09-07T03:00:20+00:00,0.155
0xd4b198a64c3699b886cde6bd7dfd094d6ecf1750027eb38cf1cb295f36717162,San Francisco,Will the lowest temperature in San Francisco be between 60-61°F on September 7?,43607547756899093891164711463542772468841696940718280263992688116050074682211,Yes,2026-09-07T04:00:18+00:00,0.16
0xd4b198a64c3699b886cde6bd7dfd094d6ecf1750027eb38cf1cb295f36717162,San Francisco,Will the lowest temperature in San Francisco be between 60-61°F on September 7?,43607547756899093891164711463542772468841696940718280263992688116050074682211,Yes,2026-09-07T04:40:15+00:00,0.15
0xd4b198a64c3699b886cde6bd7dfd094d6ecf1750027eb38cf1cb295f36717162,San Francisco,Will the lowest temperature in San Francisco be between 60-61°F on September 7?,94740478321266996966938823410755756935525917922267392714696154329151389212482,No,2026-09-07T00:00:30+00:00,0.89
0xd4b198a64c3699b886cde6bd7dfd094d6ecf1750027eb38cf1cb295f36717162,San Francisco,Will the lowest temperature in San Francisco be between 60-61°F on September 7?,94740478321266996966938823410755756935525917922267392714696154329151389212482,No,2026-09-07T01:00:26+00:00,0.845
0xd4b198a64c3699b886cde6bd7dfd094d6ecf1750027eb38cf1cb295f36717162,San Francisco,Will the lowest temperature in San Francisco be between 60-61°F on September 7?,94740478321266996966938823410755756935525917922267392714696154329151389212482,No,2026-09-07T02:00:26+00:00,0.845
0xd4b198a64c3699b886cde6bd7dfd094d6ecf1750027eb38cf1cb295f36717162,San Francisco,Will the lowest temperature in San Francisco be between 60-61°F on September 7?,94740478321266996966938823410755756935525917922267392714696154329151389212482,No,2026-09-07T03:00:14+00:00,0.845
0xd4b198a64c3699b886cde6bd7dfd094d6ecf1750027eb38cf1cb295f36717162,San Francisco,Will the lowest temperature in San Francisco be between 60-61°F on September 7?,94740478321266996966938823410755756935525917922267392714696154329151389212482,No,2026-09-07T04:00:13+00:00,0.84
0xd4b198a64c3699b886cde6bd7dfd094d6ecf1750027eb38cf1cb295f36717162,San Francisco,Will the lowest temperature in San Francisco be between 60-61°F on September 7?,94740478321266996966938823410755756935525917922267392714696154329151389212482,No,2026-09-07T04:40:12+00:00,0.85
0x740a850d3679ad81e1c4aaa7eab992ce75b763abb99582224240c7642ef33219,San Francisco,Will the lowest temperature in San Francisco be between 62-63°F on September 7?,21157166066638366702531488279403556006262895330458666855226753243307769129535,Yes,2026-09-07T00:00:34+00:00,0.06
0x740a850d3679ad81e1c4aaa7eab992ce75b763abb99582224240c7642ef33219,San Francisco,Will the lowest temperature in San Francisco be between 62-63°F on September 7?,21157166066638366702531488279403556006262895330458666855226753243307769129535,Yes,2026-09-07T01:00:32+00:00,0.06
0x740a850d3679ad81e1c4aaa7eab992ce75b763abb99582224240c7642ef33219,San Francisco,Will the lowest temperature in San Francisco be between 62-63°F on September 7?,21157166066638366702531488279403556006262895330458666855226753243307769129535,Yes,2026-09-07T02:00:29+00:00,0.06
0x740a850d3679ad81e1c4aaa7eab992ce75b763abb99582224240c7642ef33219,San Francisco,Will the lowest temperature in San Francisco be between 62-63°F on September 7?,21157166066638366702531488279403556006262895330458666855226753243307769129535,Yes,2026-09-07T03:00:19+00:00,0.06
0x740a850d3679ad81e1c4aaa7eab992ce75b763abb99582224240c7642ef33219,San Francisco,Will the lowest temperature in San Francisco be between 62-63°F on September 7?,21157166066638366702531488279403556006262895330458666855226753243307769129535,Yes,2026-09-07T04:00:17+00:00,0.06
0x740a850d3679ad81e1c4aaa7eab992ce75b763abb99582224240c7642ef33219,San Francisco,Will the lowest temperature in San Francisco be between 62-63°F on September 7?,21157166066638366702531488279403556006262895330458666855226753243307769129535,Yes,2026-09-07T04:40:15+00:00,0.06
0x740a850d3679ad81e1c4aaa7eab992ce75b763abb99582224240c7642ef33219,San Francisco,Will the lowest temperature in San Francisco be between 62-63°F on September 7?,83931553608540835076558883735184850370875006459587912530592504296545644649118,No,2026-09-07T00:00:32+00:00,0.94
0x740a850d3679ad81e1c4aaa7eab992ce75b763abb99582224240c7642ef33219,San Francisco,Will the lowest temperature in San Francisco be between 62-63°F on September 7?,83931553608540835076558883735184850370875006459587912530592504296545644649118,No,2026-09-07T01:00:29+00:00,0.94
0x740a850d3679ad81e1c4aaa7eab992ce75b763abb99582224240c7642ef33219,San Francisco,Will the lowest temperature in San Francisco be between 62-63°F on September 7?,83931553608540835076558883735184850370875006459587912530592504296545644649118,No,2026-09-07T02:00:28+00:00,0.94
0x740a850d3679ad81e1c4aaa7eab992ce75b763abb99582224240c7642ef33219,San Francisco,Will the lowest temperature in San Francisco be between 62-63°F on September 7?,83931553608540835076558883735184850370875006459587912530592504296545644649118,No,2026-09-07T03:00:17+00:00,0.94
0x740a850d3679ad81e1c4aaa7eab992ce75b763abb99582224240c7642ef33219,San Francisco,Will the lowest temperature in San Francisco be between 62-63°F on September 7?,83931553608540835076558883735184850370875006459587912530592504296545644649118,No,2026-09-07T04:00:15+00:00,0.94
0x740a850d3679ad81e1c4aaa7eab992ce75b763abb99582224240c7642ef33219,San Francisco,Will the lowest temperature in San Francisco be between 62-63°F on September 7?,83931553608540835076558883735184850370875006459587912530592504296545644649118,No,2026-09-07T04:40:13+00:00,0.94
0x13749d356a395c8ff8dee2649ef46e835c3b54817f06c12d592a68ec229c395d,San Francisco,Will the lowest temperature in San Francisco be between 64-65°F on September 7?,54086394303958662629309818033781051558813753421557597575651728963385968593860,Yes,2026-09-07T00:00:36+00:00,0.0025
0x13749d356a395c8ff8dee2649ef46e835c3b54817f06c12d592a68ec229c395d,San Francisco,Will the lowest temperature in San Francisco be between 64-65°F on September 7?,54086394303958662629309818033781051558813753421557597575651728963385968593860,Yes,2026-09-07T01:00:34+00:00,0.0025
0x13749d356a395c8ff8dee2649ef46e835c3b54817f06c12d592a68ec229c395d,San Francisco,Will the lowest temperature in San Francisco be between 64-65°F on September 7?,54086394303958662629309818033781051558813753421557597575651728963385968593860,Yes,2026-09-07T02:00:30+00:00,0.0025
0x13749d356a395c8ff8dee2649ef46e835c3b54817f06c12d592a68ec229c395d,San Francisco,Will the lowest temperature in San Francisco be between 64-65°F on September 7?,54086394303958662629309818033781051558813753421557597575651728963385968593860,Yes,2026-09-07T03:00:21+00:00,0.0025
0x13749d356a395c8ff8dee2649ef46e835c3b54817f06c12d592a68ec229c395d,San Francisco,Will the lowest temperature in San Francisco be between 64-65°F on September 7?,54086394303958662629309818033781051558813753421557597575651728963385968593860,Yes,2026-09-07T04:00:18+00:00,0.0025
0x13749d356a395c8ff8dee2649ef46e835c3b54817f06c12d592a68ec229c395d,San Francisco,Will the lowest temperature in San Francisco be between 64-65°F on September 7?,54086394303958662629309818033781051558813753421557597575651728963385968593860,Yes,2026-09-07T04:40:16+00:00,0.0025
0x13749d356a395c8ff8dee2649ef46e835c3b54817f06c12d592a68ec229c395d,San Francisco,Will the lowest temperature in San Francisco be between 64-65°F on September 7?,112313340987802155838876123855238416468181906098940815679677594035845833879902,No,2026-09-07T00:00:33+00:00,0.9975
0x13749d356a395c8ff8dee2649ef46e835c3b54817f06c12d592a68ec229c395d,San Francisco,Will the lowest temperature in San Francisco be between 64-65°F on September 7?,112313340987802155838876123855238416468181906098940815679677594035845833879902,No,2026-09-07T01:00:30+00:00,0.9975
0x13749d356a395c8ff8dee2649ef46e835c3b54817f06c12d592a68ec229c395d,San Francisco,Will the lowest temperature in San Francisco be between 64-65°F on September 7?,112313340987802155838876123855238416468181906098940815679677594035845833879902,No,2026-09-07T02:00:28+00:00,0.9975
0x13749d356a395c8ff8dee2649ef46e835c3b54817f06c12d592a68ec229c395d,San Francisco,Will the lowest temperature in San Francisco be between 64-65°F on September 7?,112313340987802155838876123855238416468181906098940815679677594035845833879902,No,2026-09-07T03:00:18+00:00,0.9975
0x13749d356a395c8ff8dee2649ef46e835c3b54817f06c12d592a68ec229c395d,San Francisco,Will the lowest temperature in San Francisco be between 64-65°F on September 7?,112313340987802155838876123855238416468181906098940815679677594035845833879902,No,2026-09-07T04:00:16+00:00,0.9975
0x13749d356a395c8ff8dee2649ef46e835c3b54817f06c12d592a68ec229c395d,San Francisco,Will the lowest temperature in San Francisco be between 64-65°F on September 7?,112313340987802155838876123855238416468181906098940815679677594035845833879902,No,2026-09-07T04:40:14+00:00,0.9975
0x44d9907a2b66ef60667ec0e7d18d73942ba4ac6c125fb370e0122e32161539d6,San Francisco,Will the lowest temperature in San Francisco be 66°F or higher on September 7?,45251783225032346924329416221551314548493048327582166109518657651910593266290,Yes,2026-09-07T00:00:34+00:00,0.0025
0x44d9907a2b66ef60667ec0e7d18d73942ba4ac6c125fb370e0122e32161539d6,San Francisco,Will the lowest temperature in San Francisco be 66°F or higher on September 7?,45251783225032346924329416221551314548493048327582166109518657651910593266290,Yes,2026-09-07T01:00:31+00:00,0.0025
0x44d9907a2b66ef60667ec0e7d18d73942ba4ac6c125fb370e0122e32161539d6,San Francisco,Will the lowest temperature in San Francisco be 66°F or higher on September 7?,45251783225032346924329416221551314548493048327582166109518657651910593266290,Yes,2026-09-07T02:00:29+00:00,0.0025
0x44d9907a2b66ef60667ec0e7d18d73942ba4ac6c125fb370e0122e32161539d6,San Francisco,Will the lowest temperature in San Francisco be 66°F or higher on September 7?,45251783225032346924329416221551314548493048327582166109518657651910593266290,Yes,2026-09-07T03:00:19+00:00,0.0025
0x44d9907a2b66ef60667ec0e7d18d73942ba4ac6c125fb370e0122e32161539d6,San Francisco,Will the lowest temperature in San Francisco be 66°F or higher on September 7?,45251783225032346924329416221551314548493048327582166109518657651910593266290,Yes,2026-09-07T04:00:16+00:00,0.0025
0x44d9907a2b66ef60667ec0e7d18d73942ba4ac6c125fb370e0122e32161539d6,San Francisco,Will the lowest temperature in San Francisco be 66°F or higher on September 7?,45251783225032346924329416221551314548493048327582166109518657651910593266290,Yes,2026-09-07T04:40:14+00:00,0.0025
0x44d9907a2b66ef60667ec0e7d18d73942ba4ac6c125fb370e0122e32161539d6,San Francisco,Will the lowest temperature in San Francisco be 66°F or higher on September 7?,49087930778722498247006781210342275912129971158691194041343151872377459740560,No,2026-09-07T00:00:32+00:00,0.9975
0x44d9907a2b66ef60667ec0e7d18d73942ba4ac6c125fb370e0122e32161539d6,San Francisco,Will the lowest temperature in San Francisco be 66°F or higher on September 7?,49087930778722498247006781210342275912129971158691194041343151872377459740560,No,2026-09-07T01:00:29+00:00,0.9975
0x44d9907a2b66ef60667ec0e7d18d73942ba4ac6c125fb370e0122e32161539d6,San Francisco,Will the lowest temperature in San Francisco be 66°F or higher on September 7?,49087930778722498247006781210342275912129971158691194041343151872377459740560,No,2026-09-07T02:00:28+00:00,0.9975
0x44d9907a2b66ef60667ec0e7d18d73942ba4ac6c125fb370e0122e32161539d6,San Francisco,Will the lowest temperature in San Francisco be 66°F or higher on September 7?,49087930778722498247006781210342275912129971158691194041343151872377459740560,No,2026-09-07T03:00:17+00:00,0.9975
0x44d9907a2b66ef60667ec0e7d18d73942ba4ac6c125fb370e0122e32161539d6,San Francisco,Will the lowest temperature in San Francisco be 66°F or higher on September 7?,49087930778722498247006781210342275912129971158691194041343151872377459740560,No,2026-09-07T04:00:15+00:00,0.9975
0x44d9907a2b66ef60667ec0e7d18d73942ba4ac6c125fb370e0122e32161539d6,San Francisco,Will the lowest temperature in San Francisco be 66°F or higher on September 7?,49087930778722498247006781210342275912129971158691194041343151872377459740560,No,2026-09-07T04:40:13+00:00,0.9975
0xe6137f2e2e9b8afc9f4e239b8bab2c274e626644a113859831668f7fe4ee30af,San Francisco,Will the highest temperature in San Francisco be 69°F or below on September 7?,114828598604900971248159346231628778628990434783905047065162492621151388578559,Yes,2026-09-07T00:00:33+00:00,0.002
0xe6137f2e2e9b8afc9f4e239b8bab2c274e626644a113859831668f7fe4ee30af,San Francisco,Will the highest temperature in San Francisco be 69°F or below on September 7?,114828598604900971248159346231628778628990434783905047065162492621151388578559,Yes,2026-09-07T01:00:30+00:00,0.002
0xe6137f2e2e9b8afc9f4e239b8bab2c274e626644a113859831668f7fe4ee30af,San Francisco,Will the highest temperature in San Francisco be 69°F or below on September 7?,114828598604900971248159346231628778628990434783905047065162492621151388578559,Yes,2026-09-07T02:00:28+00:00,0.002
0xe6137f2e2e9b8afc9f4e239b8bab2c274e626644a113859831668f7fe4ee30af,San Francisco,Will the highest temperature in San Francisco be 69°F or below on September 7?,114828598604900971248159346231628778628990434783905047065162492621151388578559,Yes,2026-09-07T03:00:18+00:00,0.002
0xe6137f2e2e9b8afc9f4e239b8bab2c274e626644a113859831668f7fe4ee30af,San Francisco,Will the highest temperature in San Francisco be 69°F or below on September 7?,114828598604900971248159346231628778628990434783905047065162492621151388578559,Yes,2026-09-07T04:00:16+00:00,0.002
0xe6137f2e2e9b8afc9f4e239b8bab2c274e626644a113859831668f7fe4ee30af,San Francisco,Will the highest temperature in San Francisco be 69°F or below on September 7?,114828598604900971248159346231628778628990434783905047065162492621151388578559,Yes,2026-09-07T04:40:14+00:00,0.002
0xe6137f2e2e9b8afc9f4e239b8bab2c274e626644a113859831668f7fe4ee30af,San Francisco,Will the highest temperature in San Francisco be 69°F or below on September 7?,98554889869163472412446654371042896646550936363688578263934400390140802968314,No,2026-09-07T00:00:34+00:00,0.998
0xe6137f2e2e9b8afc9f4e239b8bab2c274e626644a113859831668f7fe4ee30af,San Francisco,Will the highest temperature in San Francisco be 69°F or below on September 7?,98554889869163472412446654371042896646550936363688578263934400390140802968314,No,2026-09-07T01:00:32+00:00,0.998
0xe6137f2e2e9b8afc9f4e239b8bab2c274e626644a113859831668f7fe4ee30af,San Francisco,Will the highest temperature in San Francisco be 69°F or below on September 7?,98554889869163472412446654371042896646550936363688578263934400390140802968314,No,2026-09-07T02:00:29+00:00,0.998
0xe6137f2e2e9b8afc9f4e239b8bab2c274e626644a113859831668f7fe4ee30af,San Francisco,Will the highest temperature in San Francisco be 69°F or below on September 7?,98554889869163472412446654371042896646550936363688578263934400390140802968314,No,2026-09-07T03:00:20+00:00,0.998
0xe6137f2e2e9b8afc9f4e239b8bab2c274e626644a113859831668f7fe4ee30af,San Francisco,Will the highest temperature in San Francisco be 69°F or below on September 7?,98554889869163472412446654371042896646550936363688578263934400390140802968314,No,2026-09-07T04:00:17+00:00,0.998
0xe6137f2e2e9b8afc9f4e239b8bab2c274e626644a113859831668f7fe4ee30af,San Francisco,Will the highest temperature in San Francisco be 69°F or below on September 7?,98554889869163472412446654371042896646550936363688578263934400390140802968314,No,2026-09-07T04:40:15+00:00,0.998
0x93a90f96c0178deee0e0242389c137297c408613558e80f95c7841f063637ce9,San Francisco,Will the highest temperature in San Francisco be between 70-71°F on September 7?,52636391262760720774625561090490715411507734722385196075894867945084690702727,Yes,2026-09-07T00:00:27+00:00,0.011
0x93a90f96c0178deee0e0242389c137297c408613558e80f95c7841f063637ce9,San Francisco,Will the highest temperature in San Francisco be between 70-71°F on September 7?,52636391262760720774625561090490715411507734722385196075894867945084690702727,Yes,2026-09-07T01:00:25+00:00,0.015
0x93a90f96c0178deee0e0242389c137297c408613558e80f95c7841f063637ce9,San Francisco,Will the highest temperature in San Francisco be between 70-71°F on September 7?,52636391262760720774625561090490715411507734722385196075894867945084690702727,Yes,2026-09-07T02:00:26+00:00,0.015
0x93a90f96c0178deee0e0242389c137297c408613558e80f95c7841f063637ce9,San Francisco,Will the highest temperature in San Francisco be between 70-71°F on September 7?,52636391262760720774625561090490715411507734722385196075894867945084690702727,Yes,2026-09-07T03:00:14+00:00,0.015
0x93a90f96c0178deee0e0242389c137297c408613558e80f95c7841f063637ce9,San Francisco,Will the highest temperature in San Francisco be between 70-71°F on September 7?,52636391262760720774625561090490715411507734722385196075894867945084690702727,Yes,2026-09-07T04:00:12+00:00,0.0245
0x93a90f96c0178deee0e0242389c137297c408613558e80f95c7841f063637ce9,San Francisco,Will the highest temperature in San Francisco be between 70-71°F on September 7?,52636391262760720774625561090490715411507734722385196075894867945084690702727,Yes,2026-09-07T04:40:11+00:00,0.0245
0x93a90f96c0178deee0e0242389c137297c408613558e80f95c7841f063637ce9,San Francisco,Will the highest temperature in San Francisco be between 70-71°F on September 7?,49071398583751861526714963780132608031208670426529639229605198425096591306867,No,2026-09-07T00:00:33+00:00,0.989
0x93a90f96c0178deee0e0242389c137297c408613558e80f95c7841f063637ce9,San Francisco,Will the highest temperature in San Francisco be between 70-71°F on September 7?,49071398583751861526714963780132608031208670426529639229605198425096591306867,No,2026-09-07T01:00:30+00:00,0.985
0x93a90f96c0178deee0e0242389c137297c408613558e80f95c7841f063637ce9,San Francisco,Will the highest temperature in San Francisco be between 70-71°F on September 7?,49071398583751861526714963780132608031208670426529639229605198425096591306867,No,2026-09-07T02:00:28+00:00,0.985
0x93a90f96c0178deee0e0242389c137297c408613558e80f95c7841f063637ce9,San Francisco,Will the highest temperature in San Francisco be between 70-71°F on September 7?,49071398583751861526714963780132608031208670426529639229605198425096591306867,No,2026-09-07T03:00:18+00:00,0.985
0x93a90f96c0178deee0e0242389c137297c408613558e80f95c7841f063637ce9,San Francisco,Will the highest temperature in San Francisco be between 70-71°F on September 7?,49071398583751861526714963780132608031208670426529639229605198425096591306867,No,2026-09-07T04:00:15+00:00,0.9755
0x93a90f96c0178deee0e0242389c137297c408613558e80f95c7841f063637ce9,San Francisco,Will the highest temperature in San Francisco be between 70-71°F on September 7?,49071398583751861526714963780132608031208670426529639229605198425096591306867,No,2026-09-07T04:40:14+00:00,0.9755
0xdef4a1faa81cd7f2a70617f4d678e559da40297958188fe83291fbad77e4e6fb,San Francisco,Will the highest temperature in San Francisco be between 72-73°F on September 7?,51142329936402131650450393509005192117663199181669853164742968248266920198432,Yes,2026-09-07T00:00:34+00:00,0.01
0xdef4a1faa81cd7f2a70617f4d678e559da40297958188fe83291fbad77e4e6fb,San Francisco,Will the highest temperature in San Francisco be between 72-73°F on September 7?,51142329936402131650450393509005192117663199181669853164742968248266920198432,Yes,2026-09-07T01:00:31+00:00,0.015
0xdef4a1faa81cd7f2a70617f4d678e559da40297958188fe83291fbad77e4e6fb,San Francisco,Will the highest temperature in San Francisco be between 72-73°F on September 7?,51142329936402131650450393509005192117663199181669853164742968248266920198432,Yes,2026-09-07T02:00:29+00:00,0.015
0xdef4a1faa81cd7f2a70617f4d678e559da40297958188fe83291fbad77e4e6fb,San Francisco,Will the highest temperature in San Francisco be between 72-73°F on September 7?,51142329936402131650450393509005192117663199181669853164742968248266920198432,Yes,2026-09-07T03:00:19+00:00,0.015
0xdef4a1faa81cd7f2a70617f4d678e559da40297958188fe83291fbad77e4e6fb,San Francisco,Will the highest temperature in San Francisco be between 72-73°F on September 7?,51142329936402131650450393509005192117663199181669853164742968248266920198432,Yes,2026-09-07T04:00:17+00:00,0.015
0xdef4a1faa81cd7f2a70617f4d678e559da40297958188fe83291fbad77e4e6fb,San Francisco,Will the highest temperature in San Francisco be between 72-73°F on September 7?,51142329936402131650450393509005192117663199181669853164742968248266920198432,Yes,2026-09-07T04:40:14+00:00,0.015
0xdef4a1faa81cd7f2a70617f4d678e559da40297958188fe83291fbad77e4e6fb,San Francisco,Will the highest temperature in San Francisco be between 72-73°F on September 7?,23211104795888944933974964924244806372646914664001995172960622927756880801575,No,2026-09-07T00:00:34+00:00,0.99
0xdef4a1faa81cd7f2a70617f4d678e559da40297958188fe83291fbad77e4e6fb,San Francisco,Will the highest temperature in San Francisco be between 72-73°F on September 7?,23211104795888944933974964924244806372646914664001995172960622927756880801575,No,2026-09-07T01:00:32+00:00,0.985
0xdef4a1faa81cd7f2a70617f4d678e559da40297958188fe83291fbad77e4e6fb,San Francisco,Will the highest temperature in San Francisco be between 72-73°F on September 7?,23211104795888944933974964924244806372646914664001995172960622927756880801575,No,2026-09-07T02:00:29+00:00,0.985
0xdef4a1faa81cd7f2a70617f4d678e559da40297958188fe83291fbad77e4e6fb,San Francisco,Will the highest temperature in San Francisco be between 72-73°F on September 7?,23211104795888944933974964924244806372646914664001995172960622927756880801575,No,2026-09-07T03:00:19+00:00,0.985
0xdef4a1faa81cd7f2a70617f4d678e559da40297958188fe83291fbad77e4e6fb,San Francisco,Will the highest temperature in San Francisco be between 72-73°F on September 7?,23211104795888944933974964924244806372646914664001995172960622927756880801575,No,2026-09-07T04:00:17+00:00,0.985
0xdef4a1faa81cd7f2a70617f4d678e559da40297958188fe83291fbad77e4e6fb,San Francisco,Will the highest temperature in San Francisco be between 72-73°F on September 7?,23211104795888944933974964924244806372646914664001995172960622927756880801575,No,2026-09-07T04:40:15+00:00,0.985
0x78227e7a5c29a55b6cd8c865b95a5700d45ac7163d4c04094319a2996194d1ec,San Francisco,Will the highest temperature in San Francisco be between 74-75°F on September 7?,63304745027822238973047467459463873987310019020587920680958870299649234496330,Yes,2026-09-07T00:00:30+00:00,0.055
0x78227e7a5c29a55b6cd8c865b95a5700d45ac7163d4c04094319a2996194d1ec,San Francisco,Will the highest temperature in San Francisco be between 74-75°F on September 7?,63304745027822238973047467459463873987310019020587920680958870299649234496330,Yes,2026-09-07T01:00:26+00:00,0.04
0x78227e7a5c29a55b6cd8c865b95a5700d45ac7163d4c04094319a2996194d1ec,San Francisco,Will the highest temperature in San Francisco be between 74-75°F on September 7?,63304745027822238973047467459463873987310019020587920680958870299649234496330,Yes,2026-09-07T02:00:26+00:00,0.04
0x78227e7a5c29a55b6cd8c865b95a5700d45ac7163d4c04094319a2996194d1ec,San Francisco,Will the highest temperature in San Francisco be between 74-75°F on September 7?,63304745027822238973047467459463873987310019020587920680958870299649234496330,Yes,2026-09-07T03:00:14+00:00,0.04
0x78227e7a5c29a55b6cd8c865b95a5700d45ac7163d4c04094319a2996194d1ec,San Francisco,Will the highest temperature in San Francisco be between 74-75°F on September 7?,63304745027822238973047467459463873987310019020587920680958870299649234496330,Yes,2026-09-07T04:00:13+00:00,0.04
0x78227e7a5c29a55b6cd8c865b95a5700d45ac7163d4c04094319a2996194d1ec,San Francisco,Will the highest temperature in San Francisco be between 74-75°F on September 7?,63304745027822238973047467459463873987310019020587920680958870299649234496330,Yes,2026-09-07T04:40:12+00:00,0.045
0x78227e7a5c29a55b6cd8c865b95a5700d45ac7163d4c04094319a2996194d1ec,San Francisco,Will the highest temperature in San Francisco be between 74-75°F on September 7?,70051064036270471926874156463957882059576154593325206252810794630242242401973,No,2026-09-07T00:00:34+00:00,0.945
0x78227e7a5c29a55b6cd8c865b95a5700d45ac7163d4c04094319a2996194d1ec,San Francisco,Will the highest temperature in San Francisco be between 74-75°F on September 7?,70051064036270471926874156463957882059576154593325206252810794630242242401973,No,2026-09-07T01:00:31+00:00,0.96
0x78227e7a5c29a55b6cd8c865b95a5700d45ac7163d4c04094319a2996194d1ec,San Francisco,Will the highest temperature in San Francisco be between 74-75°F on September 7?,70051064036270471926874156463957882059576154593325206252810794630242242401973,No,2026-09-07T02:00:29+00:00,0.96
0x78227e7a5c29a55b6cd8c865b95a5700d45ac7163d4c04094319a2996194d1ec,San Francisco,Will the highest temperature in San Francisco be between 74-75°F on September 7?,70051064036270471926874156463957882059576154593325206252810794630242242401973,No,2026-09-07T03:00:19+00:00,0.96
0x78227e7a5c29a55b6cd8c865b95a5700d45ac7163d4c04094319a2996194d1ec,San Francisco,Will the highest temperature in San Francisco be between 74-75°F on September 7?,70051064036270471926874156463957882059576154593325206252810794630242242401973,No,2026-09-07T04:00:17+00:00,0.96
0x78227e7a5c29a55b6cd8c865b95a5700d45ac7163d4c04094319a2996194d1ec,San Francisco,Will the highest temperature in San Francisco be between 74-75°F on September 7?,70051064036270471926874156463957882059576154593325206252810794630242242401973,No,2026-09-07T04:40:14+00:00,0.955
0xda8f763584f9e5eafb6220131a1c20f2b303d55b672361ee19955598b607972e,San Francisco,Will the highest temperature in San Francisco be between 76-77°F on September 7?,63175529180701720252835351265803245393436554180292880570080884178154197844397,Yes,2026-09-07T00:00:33+00:00,0.275
0xda8f763584f9e5eafb6220131a1c20f2b303d55b672361ee19955598b607972e,San Francisco,Will the highest temperature in San Francisco be between 76-77°F on September 7?,63175529180701720252835351265803245393436554180292880570080884178154197844397,Yes,2026-09-07T01:00:30+00:00,0.215
0xda8f763584f9e5eafb6220131a1c20f2b303d55b672361ee19955598b607972e,San Francisco,Will the highest temperature in San Francisco be between 76-77°F on September 7?,63175529180701720252835351265803245393436554180292880570080884178154197844397,Yes,2026-09-07T02:00:29+00:00,0.215
0xda8f763584f9e5eafb6220131a1c20f2b303d55b672361ee19955598b607972e,San Francisco,Will the highest temperature in San Francisco be between 76-77°F on September 7?,63175529180701720252835351265803245393436554180292880570080884178154197844397,Yes,2026-09-07T03:00:18+00:00,0.225
0xda8f763584f9e5eafb6220131a1c20f2b303d55b672361ee19955598b607972e,San Francisco,Will the highest temperature in San Francisco be between 76-77°F on September 7?,63175529180701720252835351265803245393436554180292880570080884178154197844397,Yes,2026-09-07T04:00:16+00:00,0.195
0xda8f763584f9e5eafb6220131a1c20f2b303d55b672361ee19955598b607972e,San Francisco,Will the highest temperature in San Francisco be between 76-77°F on September 7?,63175529180701720252835351265803245393436554180292880570080884178154197844397,Yes,2026-09-07T04:40:14+00:00,0.195
0xda8f763584f9e5eafb6220131a1c20f2b303d55b672361ee19955598b607972e,San Francisco,Will the highest temperature in San Francisco be between 76-77°F on September 7?,102642332916510198013174755280054068784667469631967720693887188399242057390819,No,2026-09-07T00:00:35+00:00,0.725
0xda8f763584f9e5eafb6220131a1c20f2b303d55b672361ee19955598b607972e,San Francisco,Will the highest temperature in San Francisco be between 76-77°F on September 7?,102642332916510198013174755280054068784667469631967720693887188399242057390819,No,2026-09-07T01:00:32+00:00,0.785
0xda8f763584f9e5eafb6220131a1c20f2b303d55b672361ee19955598b607972e,San Francisco,Will the highest temperature in San Francisco be between 76-77°F on September 7?,102642332916510198013174755280054068784667469631967720693887188399242057390819,No,2026-09-07T02:00:30+00:00,0.785
0xda8f763584f9e5eafb6220131a1c20f2b303d55b672361ee19955598b607972e,San Francisco,Will the highest temperature in San Francisco be between 76-77°F on September 7?,102642332916510198013174755280054068784667469631967720693887188399242057390819,No,2026-09-07T03:00:20+00:00,0.775
0xda8f763584f9e5eafb6220131a1c20f2b303d55b672361ee19955598b607972e,San Francisco,Will the highest temperature in San Francisco be between 76-77°F on September 7?,102642332916510198013174755280054068784667469631967720693887188399242057390819,No,2026-09-07T04:00:17+00:00,0.805
0xda8f763584f9e5eafb6220131a1c20f2b303d55b672361ee19955598b607972e,San Francisco,Will the highest temperature in San Francisco be between 76-77°F on September 7?,102642332916510198013174755280054068784667469631967720693887188399242057390819,No,2026-09-07T04:40:15+00:00,0.805
0x47aea1292065a2dd2a078c0e518d07ddf0fcd9d469cd8dd33e88ec6ef6a8c098,San Francisco,Will the highest temperature in San Francisco be between 78-79°F on September 7?,82164050811588009561279673580982744649795940298709984749652333258730475292755,Yes,2026-09-07T00:00:27+00:00,0.415
0x47aea1292065a2dd2a078c0e518d07ddf0fcd9d469cd8dd33e88ec6ef6a8c098,San Francisco,Will the highest temperature in San Francisco be between 78-79°F on September 7?,82164050811588009561279673580982744649795940298709984749652333258730475292755,Yes,2026-09-07T01:00:25+00:00,0.405
0x47aea1292065a2dd2a078c0e518d07ddf0fcd9d469cd8dd33e88ec6ef6a8c098,San Francisco,Will the highest temperature in San Francisco be between 78-79°F on September 7?,82164050811588009561279673580982744649795940298709984749652333258730475292755,Yes,2026-09-07T02:00:26+00:00,0.4
0x47aea1292065a2dd2a078c0e518d07ddf0fcd9d469cd8dd33e88ec6ef6a8c098,San Francisco,Will the highest temperature in San Francisco be between 78-79°F on September 7?,82164050811588009561279673580982744649795940298709984749652333258730475292755,Yes,2026-09-07T03:00:14+00:00,0.395
0x47aea1292065a2dd2a078c0e518d07ddf0fcd9d469cd8dd33e88ec6ef6a8c098,San Francisco,Will the highest temperature in San Francisco be between 78-79°F on September 7?,82164050811588009561279673580982744649795940298709984749652333258730475292755,Yes,2026-09-07T04:00:12+00:00,0.39
0x47aea1292065a2dd2a078c0e518d07ddf0fcd9d469cd8dd33e88ec6ef6a8c098,San Francisco,Will the highest temperature in San Francisco be between 78-79°F on September 7?,82164050811588009561279673580982744649795940298709984749652333258730475292755,Yes,2026-09-07T04:40:11+00:00,0.4
0x47aea1292065a2dd2a078c0e518d07ddf0fcd9d469cd8dd33e88ec6ef6a8c098,San Francisco,Will the highest temperature in San Francisco be between 78-79°F on September 7?,52382865336662809462221788245448318923241827327556183082340654186484220261111,No,2026-09-07T00:00:36+00:00,0.585
0x47aea1292065a2dd2a078c0e518d07ddf0fcd9d469cd8dd33e88ec6ef6a8c098,San Francisco,Will the highest temperature in San Francisco be between 78-79°F on September 7?,52382865336662809462221788245448318923241827327556183082340654186484220261111,No,2026-09-07T01:00:34+00:00,0.595
0x47aea1292065a2dd2a078c0e518d07ddf0fcd9d469cd8dd33e88ec6ef6a8c098,San Francisco,Will the highest temperature in San Francisco be between 78-79°F on September 7?,52382865336662809462221788245448318923241827327556183082340654186484220261111,No,2026-09-07T02:00:31+00:00,0.6
0x47aea1292065a2dd2a078c0e518d07ddf0fcd9d469cd8dd33e88ec6ef6a8c098,San Francisco,Will the highest temperature in San Francisco be between 78-79°F on September 7?,52382865336662809462221788245448318923241827327556183082340654186484220261111,No,2026-09-07T03:00:22+00:00,0.605
0x47aea1292065a2dd2a078c0e518d07ddf0fcd9d469cd8dd33e88ec6ef6a8c098,San Francisco,Will the highest temperature in San Francisco be between 78-79°F on September 7?,52382865336662809462221788245448318923241827327556183082340654186484220261111,No,2026-09-07T04:00:19+00:00,0.61
0x47aea1292065a2dd2a078c0e518d07ddf0fcd9d469cd8dd33e88ec6ef6a8c098,San Francisco,Will the highest temperature in San Francisco be between 78-79°F on September 7?,52382865336662809462221788245448318923241827327556183082340654186484220261111,No,2026-09-07T04:40:16+00:00,0.6
0x9a36df5a3ed18a4fbd92a73a3690a5287b87c6e1a05c2b1bbb0a020d15b6fe6d,San Francisco,Will the highest temperature in San Francisco be between 80-81°F on September 7?,99779157337105204781367770135535336739199394117660579122314090744177845737475,Yes,2026-09-07T00:00:36+00:00,0.205
0x9a36df5a3ed18a4fbd92a73a3690a5287b87c6e1a05c2b1bbb0a020d15b6fe6d,San Francisco,Will the highest temperature in San Francisco be between 80-81°F on September 7?,99779157337105204781367770135535336739199394117660579122314090744177845737475,Yes,2026-09-07T01:00:33+00:00,0.22
0x9a36df5a3ed18a4fbd92a73a3690a5287b87c6e1a05c2b1bbb0a020d15b6fe6d,San Francisco,Will the highest temperature in San Francisco be between 80-81°F on September 7?,99779157337105204781367770135535336739199394117660579122314090744177845737475,Yes,2026-09-07T02:00:30+00:00,0.235
0x9a36df5a3ed18a4fbd92a73a3690a5287b87c6e1a05c2b1bbb0a020d15b6fe6d,San Francisco,Will the highest temperature in San Francisco be between 80-81°F on September 7?,99779157337105204781367770135535336739199394117660579122314090744177845737475,Yes,2026-09-07T03:00:21+00:00,0.235
0x9a36df5a3ed18a4fbd92a73a3690a5287b87c6e1a05c2b1bbb0a020d15b6fe6d,San Francisco,Will the highest temperature in San Francisco be between 80-81°F on September 7?,99779157337105204781367770135535336739199394117660579122314090744177845737475,Yes,2026-09-07T04:00:18+00:00,0.255
0x9a36df5a3ed18a4fbd92a73a3690a5287b87c6e1a05c2b1bbb0a020d15b6fe6d,San Francisco,Will the highest temperature in San Francisco be between 80-81°F on September 7?,99779157337105204781367770135535336739199394117660579122314090744177845737475,Yes,2026-09-07T04:40:15+00:00,0.255
0x9a36df5a3ed18a4fbd92a73a3690a5287b87c6e1a05c2b1bbb0a020d15b6fe6d,San Francisco,Will the highest temperature in San Francisco be between 80-81°F on September 7?,47653297367967615008876372620181241772408445345421825525367658543828679692861,No,2026-09-07T00:00:31+00:00,0.795
0x9a36df5a3ed18a4fbd92a73a3690a5287b87c6e1a05c2b1bbb0a020d15b6fe6d,San Francisco,Will the highest temperature in San Francisco be between 80-81°F on September 7?,47653297367967615008876372620181241772408445345421825525367658543828679692861,No,2026-09-07T01:00:27+00:00,0.78
0x9a36df5a3ed18a4fbd92a73a3690a5287b87c6e1a05c2b1bbb0a020d15b6fe6d,San Francisco,Will the highest temperature in San Francisco be between 80-81°F on September 7?,47653297367967615008876372620181241772408445345421825525367658543828679692861,No,2026-09-07T02:00:27+00:00,0.765
0x9a36df5a3ed18a4fbd92a73a3690a5287b87c6e1a05c2b1bbb0a020d15b6fe6d,San Francisco,Will the highest temperature in San Francisco be between 80-81°F on September 7?,47653297367967615008876372620181241772408445345421825525367658543828679692861,No,2026-09-07T03:00:16+00:00,0.765
0x9a36df5a3ed18a4fbd92a73a3690a5287b87c6e1a05c2b1bbb0a020d15b6fe6d,San Francisco,Will the highest temperature in San Francisco be between 80-81°F on September 7?,47653297367967615008876372620181241772408445345421825525367658543828679692861,No,2026-09-07T04:00:14+00:00,0.745
0x9a36df5a3ed18a4fbd92a73a3690a5287b87c6e1a05c2b1bbb0a020d15b6fe6d,San Francisco,Will the highest temperature in San Francisco be between 80-81°F on September 7?,47653297367967615008876372620181241772408445345421825525367658543828679692861,No,2026-09-07T04:40:13+00:00,0.745
0x8c8aba703aa27c7bcf0db2fb572938ff4f4eb5c5fde6e797ed00e7ee0dad3b8c,San Francisco,Will the highest temperature in San Francisco be between 82-83°F on September 7?,12123348653474825201337612918528722044423121940256335848795649702076006424473,Yes,2026-09-07T00:00:31+00:00,0.07
0x8c8aba703aa27c7bcf0db2fb572938ff4f4eb5c5fde6e797ed00e7ee0dad3b8c,San Francisco,Will the highest temperature in San Francisco be between 82-83°F on September 7?,12123348653474825201337612918528722044423121940256335848795649702076006424473,Yes,2026-09-07T01:00:27+00:00,0.085
0x8c8aba703aa27c7bcf0db2fb572938ff4f4eb5c5fde6e797ed00e7ee0dad3b8c,San Francisco,Will the highest temperature in San Francisco be between 82-83°F on September 7?,12123348653474825201337612918528722044423121940256335848795649702076006424473,Yes,2026-09-07T02:00:27+00:00,0.085
0x8c8aba703aa27c7bcf0db2fb572938ff4f4eb5c5fde6e797ed00e7ee0dad3b8c,San Francisco,Will the highest temperature in San Francisco be between 82-83°F on September 7?,12123348653474825201337612918528722044423121940256335848795649702076006424473,Yes,2026-09-07T03:00:15+00:00,0.085
0x8c8aba703aa27c7bcf0db2fb572938ff4f4eb5c5fde6e797ed00e7ee0dad3b8c,San Francisco,Will the highest temperature in San Francisco be between 82-83°F on September 7?,12123348653474825201337612918528722044423121940256335848795649702076006424473,Yes,2026-09-07T04:00:13+00:00,0.085
0x8c8aba703aa27c7bcf0db2fb572938ff4f4eb5c5fde6e797ed00e7ee0dad3b8c,San Francisco,Will the highest temperature in San Francisco be between 82-83°F on September 7?,12123348653474825201337612918528722044423121940256335848795649702076006424473,Yes,2026-09-07T04:40:12+00:00,0.085
0x8c8aba703aa27c7bcf0db2fb572938ff4f4eb5c5fde6e797ed00e7ee0dad3b8c,San Francisco,Will the highest temperature in San Francisco be between 82-83°F on September 7?,112105831188888229915240307528205333008130342586259846526291585632315835151629,No,2026-09-07T00:00:34+00:00,0.93
0x8c8aba703aa27c7bcf0db2fb572938ff4f4eb5c5fde6e797ed00e7ee0dad3b8c,San Francisco,Will the highest temperature in San Francisco be between 82-83°F on September 7?,112105831188888229915240307528205333008130342586259846526291585632315835151629,No,2026-09-07T01:00:31+00:00,0.915
0x8c8aba703aa27c7bcf0db2fb572938ff4f4eb5c5fde6e797ed00e7ee0dad3b8c,San Francisco,Will the highest temperature in San Francisco be between 82-83°F on September 7?,112105831188888229915240307528205333008130342586259846526291585632315835151629,No,2026-09-07T02:00:29+00:00,0.915
0x8c8aba703aa27c7bcf0db2fb572938ff4f4eb5c5fde6e797ed00e7ee0dad3b8c,San Francisco,Will the highest temperature in San Francisco be between 82-83°F on September 7?,112105831188888229915240307528205333008130342586259846526291585632315835151629,No,2026-09-07T03:00:19+00:00,0.915
0x8c8aba703aa27c7bcf0db2fb572938ff4f4eb5c5fde6e797ed00e7ee0dad3b8c,San Francisco,Will the highest temperature in San Francisco be between 82-83°F on September 7?,112105831188888229915240307528205333008130342586259846526291585632315835151629,No,2026-09-07T04:00:16+00:00,0.915
0x8c8aba703aa27c7bcf0db2fb572938ff4f4eb5c5fde6e797ed00e7ee0dad3b8c,San Francisco,Will the highest temperature in San Francisco be between 82-83°F on September 7?,112105831188888229915240307528205333008130342586259846526291585632315835151629,No,2026-09-07T04:40:14+00:00,0.915
0x2c3d69a0d8a1333de540f2c9456773140ea0f8ca3ab618a3d9a19549671418a7,San Francisco,Will the highest temperature in San Francisco be between 84-85°F on September 7?,47332160033387998698777242484955957462163619807856962802805488208799274276818,Yes,2026-09-07T00:00:33+00:00,0.02
0x2c3d69a0d8a1333de540f2c9456773140ea0f8ca3ab618a3d9a19549671418a7,San Francisco,Will the highest temperature in San Francisco be between 84-85°F on September 7?,47332160033387998698777242484955957462163619807856962802805488208799274276818,Yes,2026-09-07T01:00:30+00:00,0.02
0x2c3d69a0d8a1333de540f2c9456773140ea0f8ca3ab618a3d9a19549671418a7,San Francisco,Will the highest temperature in San Francisco be between 84-85°F on September 7?,47332160033387998698777242484955957462163619807856962802805488208799274276818,Yes,2026-09-07T02:00:28+00:00,0.02
0x2c3d69a0d8a1333de540f2c9456773140ea0f8ca3ab618a3d9a19549671418a7,San Francisco,Will the highest temperature in San Francisco be between 84-85°F on September 7?,47332160033387998698777242484955957462163619807856962802805488208799274276818,Yes,2026-09-07T03:00:18+00:00,0.02
0x2c3d69a0d8a1333de540f2c9456773140ea0f8ca3ab618a3d9a19549671418a7,San Francisco,Will the highest temperature in San Francisco be between 84-85°F on September 7?,47332160033387998698777242484955957462163619807856962802805488208799274276818,Yes,2026-09-07T04:00:16+00:00,0.02
0x2c3d69a0d8a1333de540f2c9456773140ea0f8ca3ab618a3d9a19549671418a7,San Francisco,Will the highest temperature in San Francisco be between 84-85°F on September 7?,47332160033387998698777242484955957462163619807856962802805488208799274276818,Yes,2026-09-07T04:40:14+00:00,0.02
0x2c3d69a0d8a1333de540f2c9456773140ea0f8ca3ab618a3d9a19549671418a7,San Francisco,Will the highest temperature in San Francisco be between 84-85°F on September 7?,96210921264596076100262389196110243936414954457392382578956132334069882362278,No,2026-09-07T00:00:36+00:00,0.98
0x2c3d69a0d8a1333de540f2c9456773140ea0f8ca3ab618a3d9a19549671418a7,San Francisco,Will the highest temperature in San Francisco be between 84-85°F on September 7?,96210921264596076100262389196110243936414954457392382578956132334069882362278,No,2026-09-07T01:00:34+00:00,0.98
0x2c3d69a0d8a1333de540f2c9456773140ea0f8ca3ab618a3d9a19549671418a7,San Francisco,Will the highest temperature in San Francisco be between 84-85°F on September 7?,96210921264596076100262389196110243936414954457392382578956132334069882362278,No,2026-09-07T02:00:31+00:00,0.98
0x2c3d69a0d8a1333de540f2c9456773140ea0f8ca3ab618a3d9a19549671418a7,San Francisco,Will the highest temperature in San Francisco be between 84-85°F on September 7?,96210921264596076100262389196110243936414954457392382578956132334069882362278,No,2026-09-07T03:00:22+00:00,0.98
0x2c3d69a0d8a1333de540f2c9456773140ea0f8ca3ab618a3d9a19549671418a7,San Francisco,Will the highest temperature in San Francisco be between 84-85°F on September 7?,96210921264596076100262389196110243936414954457392382578956132334069882362278,No,2026-09-07T04:00:19+00:00,0.98
0x2c3d69a0d8a1333de540f2c9456773140ea0f8ca3ab618a3d9a19549671418a7,San Francisco,Will the highest temperature in San Francisco be between 84-85°F on September 7?,96210921264596076100262389196110243936414954457392382578956132334069882362278,No,2026-09-07T04:40:16+00:00,0.98
0x4abe2ac7a44257e34664d6c72b52d48b75e78f1c5883f9f033bd48999bbe2310,San Francisco,Will the highest temperature in San Francisco be between 86-87°F on September 7?,105087802434452733619176035925906467655014808696940693344524699322800225963845,Yes,2026-09-07T00:00:35+00:00,0.0065
0x4abe2ac7a44257e34664d6c72b52d48b75e78f1c5883f9f033bd48999bbe2310,San Francisco,Will the highest temperature in San Francisco be between 86-87°F on September 7?,105087802434452733619176035925906467655014808696940693344524699322800225963845,Yes,2026-09-07T01:00:32+00:00,0.0065
0x4abe2ac7a44257e34664d6c72b52d48b75e78f1c5883f9f033bd48999bbe2310,San Francisco,Will the highest temperature in San Francisco be between 86-87°F on September 7?,105087802434452733619176035925906467655014808696940693344524699322800225963845,Yes,2026-09-07T02:00:30+00:00,0.0065
0x4abe2ac7a44257e34664d6c72b52d48b75e78f1c5883f9f033bd48999bbe2310,San Francisco,Will the highest temperature in San Francisco be between 86-87°F on September 7?,105087802434452733619176035925906467655014808696940693344524699322800225963845,Yes,2026-09-07T03:00:20+00:00,0.0065
0x4abe2ac7a44257e34664d6c72b52d48b75e78f1c5883f9f033bd48999bbe2310,San Francisco,Will the highest temperature in San Francisco be between 86-87°F on September 7?,105087802434452733619176035925906467655014808696940693344524699322800225963845,Yes,2026-09-07T04:00:17+00:00,0.0065
0x4abe2ac7a44257e34664d6c72b52d48b75e78f1c5883f9f033bd48999bbe2310,San Francisco,Will the highest temperature in San Francisco be between 86-87°F on September 7?,105087802434452733619176035925906467655014808696940693344524699322800225963845,Yes,2026-09-07T04:40:15+00:00,0.0065
0x4abe2ac7a44257e34664d6c72b52d48b75e78f1c5883f9f033bd48999bbe2310,San Francisco,Will the highest temperature in San Francisco be between 86-87°F on September 7?,44176875145751151370643719384846936312148425444661771251442804409647677731256,No,2026-09-07T00:00:33+00:00,0.9935
0x4abe2ac7a44257e34664d6c72b52d48b75e78f1c5883f9f033bd48999bbe2310,San Francisco,Will the highest temperature in San Francisco be between 86-87°F on September 7?,44176875145751151370643719384846936312148425444661771251442804409647677731256,No,2026-09-07T01:00:29+00:00,0.9935
0x4abe2ac7a44257e34664d6c72b52d48b75e78f1c5883f9f033bd48999bbe2310,San Francisco,Will the highest temperature in San Francisco be between 86-87°F on September 7?,44176875145751151370643719384846936312148425444661771251442804409647677731256,No,2026-09-07T02:00:28+00:00,0.9935
0x4abe2ac7a44257e34664d6c72b52d48b75e78f1c5883f9f033bd48999bbe2310,San Francisco,Will the highest temperature in San Francisco be between 86-87°F on September 7?,44176875145751151370643719384846936312148425444661771251442804409647677731256,No,2026-09-07T03:00:18+00:00,0.9935
0x4abe2ac7a44257e34664d6c72b52d48b75e78f1c5883f9f033bd48999bbe2310,San Francisco,Will the highest temperature in San Francisco be between 86-87°F on September 7?,44176875145751151370643719384846936312148425444661771251442804409647677731256,No,2026-09-07T04:00:15+00:00,0.9935
0x4abe2ac7a44257e34664d6c72b52d48b75e78f1c5883f9f033bd48999bbe2310,San Francisco,Will the highest temperature in San Francisco be between 86-87°F on September 7?,44176875145751151370643719384846936312148425444661771251442804409647677731256,No,2026-09-07T04:40:13+00:00,0.9935
0x6b5659d9078280685c6f880dcb3659e4e45c5bf4b965e486c852d9dbe3144b17,San Francisco,Will the highest temperature in San Francisco be 88°F or higher on September 7?,42633679065445279033636836410836881725305975897713079760700698508438794076310,Yes,2026-09-07T00:00:36+00:00,0.0025
0x6b5659d9078280685c6f880dcb3659e4e45c5bf4b965e486c852d9dbe3144b17,San Francisco,Will the highest temperature in San Francisco be 88°F or higher on September 7?,42633679065445279033636836410836881725305975897713079760700698508438794076310,Yes,2026-09-07T01:00:33+00:00,0.0025
0x6b5659d9078280685c6f880dcb3659e4e45c5bf4b965e486c852d9dbe3144b17,San Francisco,Will the highest temperature in San Francisco be 88°F or higher on September 7?,42633679065445279033636836410836881725305975897713079760700698508438794076310,Yes,2026-09-07T02:00:30+00:00,0.0025
0x6b5659d9078280685c6f880dcb3659e4e45c5bf4b965e486c852d9dbe3144b17,San Francisco,Will the highest temperature in San Francisco be 88°F or higher on September 7?,42633679065445279033636836410836881725305975897713079760700698508438794076310,Yes,2026-09-07T03:00:21+00:00,0.003
0x6b5659d9078280685c6f880dcb3659e4e45c5bf4b965e486c852d9dbe3144b17,San Francisco,Will the highest temperature in San Francisco be 88°F or higher on September 7?,42633679065445279033636836410836881725305975897713079760700698508438794076310,Yes,2026-09-07T04:00:18+00:00,0.003
0x6b5659d9078280685c6f880dcb3659e4e45c5bf4b965e486c852d9dbe3144b17,San Francisco,Will the highest temperature in San Francisco be 88°F or higher on September 7?,42633679065445279033636836410836881725305975897713079760700698508438794076310,Yes,2026-09-07T04:40:15+00:00,0.003
0x6b5659d9078280685c6f880dcb3659e4e45c5bf4b965e486c852d9dbe3144b17,San Francisco,Will the highest temperature in San Francisco be 88°F or higher on September 7?,13658221807920191609532305536784876335222297065782922367716882149425458181590,No,2026-09-07T00:00:31+00:00,0.9975
0x6b5659d9078280685c6f880dcb3659e4e45c5bf4b965e486c852d9dbe3144b17,San Francisco,Will the highest temperature in San Francisco be 88°F or higher on September 7?,13658221807920191609532305536784876335222297065782922367716882149425458181590,No,2026-09-07T01:00:27+00:00,0.9975
0x6b5659d9078280685c6f880dcb3659e4e45c5bf4b965e486c852d9dbe3144b17,San Francisco,Will the highest temperature in San Francisco be 88°F or higher on September 7?,13658221807920191609532305536784876335222297065782922367716882149425458181590,No,2026-09-07T02:00:27+00:00,0.9975
0x6b5659d9078280685c6f880dcb3659e4e45c5bf4b965e486c852d9dbe3144b17,San Francisco,Will the highest temperature in San Francisco be 88°F or higher on September 7?,13658221807920191609532305536784876335222297065782922367716882149425458181590,No,2026-09-07T03:00:16+00:00,0.997
0x6b5659d9078280685c6f880dcb3659e4e45c5bf4b965e486c852d9dbe3144b17,San Francisco,Will the highest temperature in San Francisco be 88°F or higher on September 7?,13658221807920191609532305536784876335222297065782922367716882149425458181590,No,2026-09-07T04:00:14+00:00,0.997
0x6b5659d9078280685c6f880dcb3659e4e45c5bf4b965e486c852d9dbe3144b17,San Francisco,Will the highest temperature in San Francisco be 88°F or higher on September 7?,13658221807920191609532305536784876335222297065782922367716882149425458181590,No,2026-09-07T04:40:12+00:00,0.997
0xc3e8e19b022cd156e229352cc0640db38d8c8020e6b6b70876faf962b919f783,San Francisco,Will the lowest temperature in San Francisco be 49°F or below on September 8?,74466160241383392501550692540630785350276923726618127645984547493007555405158,Yes,2026-09-07T00:00:36+00:00,0.355
0xc3e8e19b022cd156e229352cc0640db38d8c8020e6b6b70876faf962b919f783,San Francisco,Will the lowest temperature in San Francisco be 49°F or below on September 8?,74466160241383392501550692540630785350276923726618127645984547493007555405158,Yes,2026-09-07T01:00:34+00:00,0.285
0xc3e8e19b022cd156e229352cc0640db38d8c8020e6b6b70876faf962b919f783,San Francisco,Will the lowest temperature in San Francisco be 49°F or below on September 8?,74466160241383392501550692540630785350276923726618127645984547493007555405158,Yes,2026-09-07T02:00:30+00:00,0.36
0xc3e8e19b022cd156e229352cc0640db38d8c8020e6b6b70876faf962b919f783,San Francisco,Will the lowest temperature in San Francisco be 49°F or below on September 8?,74466160241383392501550692540630785350276923726618127645984547493007555405158,Yes,2026-09-07T03:00:21+00:00,0.28
0xc3e8e19b022cd156e229352cc0640db38d8c8020e6b6b70876faf962b919f783,San Francisco,Will the lowest temperature in San Francisco be 49°F or below on September 8?,74466160241383392501550692540630785350276923726618127645984547493007555405158,Yes,2026-09-07T04:00:18+00:00,0.285
0xc3e8e19b022cd156e229352cc0640db38d8c8020e6b6b70876faf962b919f783,San Francisco,Will the lowest temperature in San Francisco be 49°F or below on September 8?,74466160241383392501550692540630785350276923726618127645984547493007555405158,Yes,2026-09-07T04:40:16+00:00,0.345
0xc3e8e19b022cd156e229352cc0640db38d8c8020e6b6b70876faf962b919f783,San Francisco,Will the lowest temperature in San Francisco be 49°F or below on September 8?,110849003887938252268681789064390869468454318825484351810214649190303031018576,No,2026-09-07T00:00:33+00:00,0.645
0xc3e8e19b022cd156e229352cc0640db38d8c8020e6b6b70876faf962b919f783,San Francisco,Will the lowest temperature in San Francisco be 49°F or below on September 8?,110849003887938252268681789064390869468454318825484351810214649190303031018576,No,2026-09-07T01:00:30+00:00,0.715
0xc3e8e19b022cd156e229352cc0640db38d8c8020e6b6b70876faf962b919f783,San Francisco,Will the lowest temperature in San Francisco be 49°F or below on September 8?,110849003887938252268681789064390869468454318825484351810214649190303031018576,No,2026-09-07T02:00:28+00:00,0.64
0xc3e8e19b022cd156e229352cc0640db38d8c8020e6b6b70876faf962b919f783,San Francisco,Will the lowest temperature in San Francisco be 49°F or below on September 8?,110849003887938252268681789064390869468454318825484351810214649190303031018576,No,2026-09-07T03:00:18+00:00,0.72
0xc3e8e19b022cd156e229352cc0640db38d8c8020e6b6b70876faf962b919f783,San Francisco,Will the lowest temperature in San Francisco be 49°F or below on September 8?,110849003887938252268681789064390869468454318825484351810214649190303031018576,No,2026-09-07T04:00:15+00:00,0.715
0xc3e8e19b022cd156e229352cc0640db38d8c8020e6b6b70876faf962b919f783,San Francisco,Will the lowest temperature in San Francisco be 49°F or below on September 8?,110849003887938252268681789064390869468454318825484351810214649190303031018576,No,2026-09-07T04:40:14+00:00,0.655
0xdb5d912e1642049599f581ab8987a72fbce77f0c7033429563b99a456393cab3,San Francisco,Will the lowest temperature in San Francisco be between 50-51°F on September 8?,52508489157414555591031187928861723800738610220044097920373699139411155261651,Yes,2026-09-07T00:00:36+00:00,0.095
0xdb5d912e1642049599f581ab8987a72fbce77f0c7033429563b99a456393cab3,San Francisco,Will the lowest temperature in San Francisco be between 50-51°F on September 8?,52508489157414555591031187928861723800738610220044097920373699139411155261651,Yes,2026-09-07T01:00:34+00:00,0.09
0xdb5d912e1642049599f581ab8987a72fbce77f0c7033429563b99a456393cab3,San Francisco,Will the lowest temperature in San Francisco be between 50-51°F on September 8?,52508489157414555591031187928861723800738610220044097920373699139411155261651,Yes,2026-09-07T02:00:30+00:00,0.085
0xdb5d912e1642049599f581ab8987a72fbce77f0c7033429563b99a456393cab3,San Francisco,Will the lowest temperature in San Francisco be between 50-51°F on September 8?,52508489157414555591031187928861723800738610220044097920373699139411155261651,Yes,2026-09-07T03:00:21+00:00,0.095
0xdb5d912e1642049599f581ab8987a72fbce77f0c7033429563b99a456393cab3,San Francisco,Will the lowest temperature in San Francisco be between 50-51°F on September 8?,52508489157414555591031187928861723800738610220044097920373699139411155261651,Yes,2026-09-07T04:00:18+00:00,0.095
0xdb5d912e1642049599f581ab8987a72fbce77f0c7033429563b99a456393cab3,San Francisco,Will the lowest temperature in San Francisco be between 50-51°F on September 8?,52508489157414555591031187928861723800738610220044097920373699139411155261651,Yes,2026-09-07T04:40:16+00:00,0.095
0xdb5d912e1642049599f581ab8987a72fbce77f0c7033429563b99a456393cab3,San Francisco,Will the lowest temperature in San Francisco be between 50-51°F on September 8?,101531631020812534733120520422686205114539387973044834059803073136078327583300,No,2026-09-07T00:00:31+00:00,0.905
0xdb5d912e1642049599f581ab8987a72fbce77f0c7033429563b99a456393cab3,San Francisco,Will the lowest temperature in San Francisco be between 50-51°F on September 8?,101531631020812534733120520422686205114539387973044834059803073136078327583300,No,2026-09-07T01:00:27+00:00,0.91
0xdb5d912e1642049599f581ab8987a72fbce77f0c7033429563b99a456393cab3,San Francisco,Will the lowest temperature in San Francisco be between 50-51°F on September 8?,101531631020812534733120520422686205114539387973044834059803073136078327583300,No,2026-09-07T02:00:27+00:00,0.915
0xdb5d912e1642049599f581ab8987a72fbce77f0c7033429563b99a456393cab3,San Francisco,Will the lowest temperature in San Francisco be between 50-51°F on September 8?,101531631020812534733120520422686205114539387973044834059803073136078327583300,No,2026-09-07T03:00:16+00:00,0.905
0xdb5d912e1642049599f581ab8987a72fbce77f0c7033429563b99a456393cab3,San Francisco,Will the lowest temperature in San Francisco be between 50-51°F on September 8?,101531631020812534733120520422686205114539387973044834059803073136078327583300,No,2026-09-07T04:00:14+00:00,0.905
0xdb5d912e1642049599f581ab8987a72fbce77f0c7033429563b99a456393cab3,San Francisco,Will the lowest temperature in San Francisco be between 50-51°F on September 8?,101531631020812534733120520422686205114539387973044834059803073136078327583300,No,2026-09-07T04:40:12+00:00,0.905
0xae866b3c70d8458d4e92033cbc7afc9adacd212d2a748a246cfc01c28b47164c,San Francisco,Will the lowest temperature in San Francisco be between 52-53°F on September 8?,56813291714751610811129691323931480441598810811565115717722402624802725186303,Yes,2026-09-07T00:00:36+00:00,0.095
0xae866b3c70d8458d4e92033cbc7afc9adacd212d2a748a246cfc01c28b47164c,San Francisco,Will the lowest temperature in San Francisco be between 52-53°F on September 8?,56813291714751610811129691323931480441598810811565115717722402624802725186303,Yes,2026-09-07T01:00:33+00:00,0.14
0xae866b3c70d8458d4e92033cbc7afc9adacd212d2a748a246cfc01c28b47164c,San Francisco,Will the lowest temperature in San Francisco be between 52-53°F on September 8?,56813291714751610811129691323931480441598810811565115717722402624802725186303,Yes,2026-09-07T02:00:30+00:00,0.09
0xae866b3c70d8458d4e92033cbc7afc9adacd212d2a748a246cfc01c28b47164c,San Francisco,Will the lowest temperature in San Francisco be between 52-53°F on September 8?,56813291714751610811129691323931480441598810811565115717722402624802725186303,Yes,2026-09-07T03:00:21+00:00,0.095
0xae866b3c70d8458d4e92033cbc7afc9adacd212d2a748a246cfc01c28b47164c,San Francisco,Will the lowest temperature in San Francisco be between 52-53°F on September 8?,56813291714751610811129691323931480441598810811565115717722402624802725186303,Yes,2026-09-07T04:00:18+00:00,0.095
0xae866b3c70d8458d4e92033cbc7afc9adacd212d2a748a246cfc01c28b47164c,San Francisco,Will the lowest temperature in San Francisco be between 52-53°F on September 8?,56813291714751610811129691323931480441598810811565115717722402624802725186303,Yes,2026-09-07T04:40:15+00:00,0.145
0xae866b3c70d8458d4e92033cbc7afc9adacd212d2a748a246cfc01c28b47164c,San Francisco,Will the lowest temperature in San Francisco be between 52-53°F on September 8?,2383080754303798550733530869057092588148740520342100819378341485850688962120,No,2026-09-07T00:00:32+00:00,0.905
0xae866b3c70d8458d4e92033cbc7afc9adacd212d2a748a246cfc01c28b47164c,San Francisco,Will the lowest temperature in San Francisco be between 52-53°F on September 8?,2383080754303798550733530869057092588148740520342100819378341485850688962120,No,2026-09-07T01:00:29+00:00,0.86
0xae866b3c70d8458d4e92033cbc7afc9adacd212d2a748a246cfc01c28b47164c,San Francisco,Will the lowest temperature in San Francisco be between 52-53°F on September 8?,2383080754303798550733530869057092588148740520342100819378341485850688962120,No,2026-09-07T02:00:28+00:00,0.91
0xae866b3c70d8458d4e92033cbc7afc9adacd212d2a748a246cfc01c28b47164c,San Francisco,Will the lowest temperature in San Francisco be between 52-53°F on September 8?,2383080754303798550733530869057092588148740520342100819378341485850688962120,No,2026-09-07T03:00:17+00:00,0.905
0xae866b3c70d8458d4e92033cbc7afc9adacd212d2a748a246cfc01c28b47164c,San Francisco,Will the lowest temperature in San Francisco be between 52-53°F on September 8?,2383080754303798550733530869057092588148740520342100819378341485850688962120,No,2026-09-07T04:00:15+00:00,0.905
0xae866b3c70d8458d4e92033cbc7afc9adacd212d2a748a246cfc01c28b47164c,San Francisco,Will the lowest temperature in San Francisco be between 52-53°F on September 8?,2383080754303798550733530869057092588148740520342100819378341485850688962120,No,2026-09-07T04:40:13+00:00,0.855
0xeead4b979ee8b8d70f4b34c8c6e11736878d5a2f42af3b90484db0d43baf1c20,San Francisco,Will the lowest temperature in San Francisco be between 54-55°F on September 8?,104974604080702768713109016272317950915194159767160479262831025268126090583370,Yes,2026-09-07T00:00:35+00:00,0.125
0xeead4b979ee8b8d70f4b34c8c6e11736878d5a2f42af3b90484db0d43baf1c20,San Francisco,Will the lowest temperature in San Francisco be between 54-55°F on September 8?,104974604080702768713109016272317950915194159767160479262831025268126090583370,Yes,2026-09-07T01:00:33+00:00,0.115
0xeead4b979ee8b8d70f4b34c8c6e11736878d5a2f42af3b90484db0d43baf1c20,San Francisco,Will the lowest temperature in San Francisco be between 54-55°F on September 8?,104974604080702768713109016272317950915194159767160479262831025268126090583370,Yes,2026-09-07T02:00:30+00:00,0.115
0xeead4b979ee8b8d70f4b34c8c6e11736878d5a2f42af3b90484db0d43baf1c20,San Francisco,Will the lowest temperature in San Francisco be between 54-55°F on September 8?,104974604080702768713109016272317950915194159767160479262831025268126090583370,Yes,2026-09-07T03:00:21+00:00,0.12
0xeead4b979ee8b8d70f4b34c8c6e11736878d5a2f42af3b90484db0d43baf1c20,San Francisco,Will the lowest temperature in San Francisco be between 54-55°F on September 8?,104974604080702768713109016272317950915194159767160479262831025268126090583370,Yes,2026-09-07T04:00:18+00:00,0.115
0xeead4b979ee8b8d70f4b34c8c6e11736878d5a2f42af3b90484db0d43baf1c20,San Francisco,Will the lowest temperature in San Francisco be between 54-55°F on September 8?,104974604080702768713109016272317950915194159767160479262831025268126090583370,Yes,2026-09-07T04:40:15+00:00,0.155
0xeead4b979ee8b8d70f4b34c8c6e11736878d5a2f42af3b90484db0d43baf1c20,San Francisco,Will the lowest temperature in San Francisco be between 54-55°F on September 8?,12499074262980730272159609717492491125853384108726559705161770423483757209951,No,2026-09-07T00:00:33+00:00,0.875
0xeead4b979ee8b8d70f4b34c8c6e11736878d5a2f42af3b90484db0d43baf1c20,San Francisco,Will the lowest temperature in San Francisco be between 54-55°F on September 8?,12499074262980730272159609717492491125853384108726559705161770423483757209951,No,2026-09-07T01:00:30+00:00,0.885
0xeead4b979ee8b8d70f4b34c8c6e11736878d5a2f42af3b90484db0d43baf1c20,San Francisco,Will the lowest temperature in San Francisco be between 54-55°F on September 8?,12499074262980730272159609717492491125853384108726559705161770423483757209951,No,2026-09-07T02:00:29+00:00,0.885
0xeead4b979ee8b8d70f4b34c8c6e11736878d5a2f42af3b90484db0d43baf1c20,San Francisco,Will the lowest temperature in San Francisco be between 54-55°F on September 8?,12499074262980730272159609717492491125853384108726559705161770423483757209951,No,2026-09-07T03:00:18+00:00,0.88
0xeead4b979ee8b8d70f4b34c8c6e11736878d5a2f42af3b90484db0d43baf1c20,San Francisco,Will the lowest temperature in San Francisco be between 54-55°F on September 8?,12499074262980730272159609717492491125853384108726559705161770423483757209951,No,2026-09-07T04:00:16+00:00,0.885
0xeead4b979ee8b8d70f4b34c8c6e11736878d5a2f42af3b90484db0d43baf1c20,San Francisco,Will the lowest temperature in San Francisco be between 54-55°F on September 8?,12499074262980730272159609717492491125853384108726559705161770423483757209951,No,2026-09-07T04:40:14+00:00,0.845
0xfa7a7dbbde7b4415e6f86494c61bb85fc85047bb33e9913b329ecb70106f1878,San Francisco,Will the lowest temperature in San Francisco be between 56-57°F on September 8?,96869290409548989823902242401194265776995149735941393871502110171803628904613,Yes,2026-09-07T00:00:31+00:00,0.29
0xfa7a7dbbde7b4415e6f86494c61bb85fc85047bb33e9913b329ecb70106f1878,San Francisco,Will the lowest temperature in San Francisco be between 56-57°F on September 8?,96869290409548989823902242401194265776995149735941393871502110171803628904613,Yes,2026-09-07T01:00:27+00:00,0.3
0xfa7a7dbbde7b4415e6f86494c61bb85fc85047bb33e9913b329ecb70106f1878,San Francisco,Will the lowest temperature in San Francisco be between 56-57°F on September 8?,96869290409548989823902242401194265776995149735941393871502110171803628904613,Yes,2026-09-07T02:00:27+00:00,0.305
0xfa7a7dbbde7b4415e6f86494c61bb85fc85047bb33e9913b329ecb70106f1878,San Francisco,Will the lowest temperature in San Francisco be between 56-57°F on September 8?,96869290409548989823902242401194265776995149735941393871502110171803628904613,Yes,2026-09-07T03:00:15+00:00,0.29
0xfa7a7dbbde7b4415e6f86494c61bb85fc85047bb33e9913b329ecb70106f1878,San Francisco,Will the lowest temperature in San Francisco be between 56-57°F on September 8?,96869290409548989823902242401194265776995149735941393871502110171803628904613,Yes,2026-09-07T04:00:13+00:00,0.295
0xfa7a7dbbde7b4415e6f86494c61bb85fc85047bb33e9913b329ecb70106f1878,San Francisco,Will the lowest temperature in San Francisco be between 56-57°F on September 8?,96869290409548989823902242401194265776995149735941393871502110171803628904613,Yes,2026-09-07T04:40:12+00:00,0.315
0xfa7a7dbbde7b4415e6f86494c61bb85fc85047bb33e9913b329ecb70106f1878,San Francisco,Will the lowest temperature in San Francisco be between 56-57°F on September 8?,1749462701451065833908564144208285850274993633472243899306835526171720754227,No,2026-09-07T00:00:35+00:00,0.71
0xfa7a7dbbde7b4415e6f86494c61bb85fc85047bb33e9913b329ecb70106f1878,San Francisco,Will the lowest temperature in San Francisco be between 56-57°F on September 8?,1749462701451065833908564144208285850274993633472243899306835526171720754227,No,2026-09-07T01:00:33+00:00,0.7
0xfa7a7dbbde7b4415e6f86494c61bb85fc85047bb33e9913b329ecb70106f1878,San Francisco,Will the lowest temperature in San Francisco be between 56-57°F on September 8?,1749462701451065833908564144208285850274993633472243899306835526171720754227,No,2026-09-07T02:00:30+00:00,0.695
0xfa7a7dbbde7b4415e6f86494c61bb85fc85047bb33e9913b329ecb70106f1878,San Francisco,Will the lowest temperature in San Francisco be between 56-57°F on September 8?,1749462701451065833908564144208285850274993633472243899306835526171720754227,No,2026-09-07T03:00:20+00:00,0.71
0xfa7a7dbbde7b4415e6f86494c61bb85fc85047bb33e9913b329ecb70106f1878,San Francisco,Will the lowest temperature in San Francisco be between 56-57°F on September 8?,1749462701451065833908564144208285850274993633472243899306835526171720754227,No,2026-09-07T04:00:17+00:00,0.705
0xfa7a7dbbde7b4415e6f86494c61bb85fc85047bb33e9913b329ecb70106f1878,San Francisco,Will the lowest temperature in San Francisco be between 56-57°F on September 8?,1749462701451065833908564144208285850274993633472243899306835526171720754227,No,2026-09-07T04:40:15+00:00,0.685
0x46397ce33ea052eb7548eb3dd706e79f5301be9cf7e2f40c70815a885e267d86,San Francisco,Will the lowest temperature in San Francisco be between 58-59°F on September 8?,63022225438798588213137543363041149741041337841580768818627680546254404796087,Yes,2026-09-07T00:00:30+00:00,0.34
0x46397ce33ea052eb7548eb3dd706e79f5301be9cf7e2f40c70815a885e267d86,San Francisco,Will the lowest temperature in San Francisco be between 58-59°F on September 8?,63022225438798588213137543363041149741041337841580768818627680546254404796087,Yes,2026-09-07T01:00:26+00:00,0.435
0x46397ce33ea052eb7548eb3dd706e79f5301be9cf7e2f40c70815a885e267d86,San Francisco,Will the lowest temperature in San Francisco be between 58-59°F on September 8?,63022225438798588213137543363041149741041337841580768818627680546254404796087,Yes,2026-09-07T02:00:26+00:00,0.455
0x46397ce33ea052eb7548eb3dd706e79f5301be9cf7e2f40c70815a885e267d86,San Francisco,Will the lowest temperature in San Francisco be between 58-59°F on September 8?,63022225438798588213137543363041149741041337841580768818627680546254404796087,Yes,2026-09-07T03:00:14+00:00,0.455
0x46397ce33ea052eb7548eb3dd706e79f5301be9cf7e2f40c70815a885e267d86,San Francisco,Will the lowest temperature in San Francisco be between 58-59°F on September 8?,63022225438798588213137543363041149741041337841580768818627680546254404796087,Yes,2026-09-07T04:00:13+00:00,0.45
0x46397ce33ea052eb7548eb3dd706e79f5301be9cf7e2f40c70815a885e267d86,San Francisco,Will the lowest temperature in San Francisco be between 58-59°F on September 8?,63022225438798588213137543363041149741041337841580768818627680546254404796087,Yes,2026-09-07T04:40:12+00:00,0.345
0x46397ce33ea052eb7548eb3dd706e79f5301be9cf7e2f40c70815a885e267d86,San Francisco,Will the lowest temperature in San Francisco be between 58-59°F on September 8?,65588281829904266097608233087379281306849306953933525392738523851574144317074,No,2026-09-07T00:00:36+00:00,0.66
0x46397ce33ea052eb7548eb3dd706e79f5301be9cf7e2f40c70815a885e267d86,San Francisco,Will the lowest temperature in San Francisco be between 58-59°F on September 8?,65588281829904266097608233087379281306849306953933525392738523851574144317074,No,2026-09-07T01:00:34+00:00,0.565
0x46397ce33ea052eb7548eb3dd706e79f5301be9cf7e2f40c70815a885e267d86,San Francisco,Will the lowest temperature in San Francisco be between 58-59°F on September 8?,65588281829904266097608233087379281306849306953933525392738523851574144317074,No,2026-09-07T02:00:30+00:00,0.545
0x46397ce33ea052eb7548eb3dd706e79f5301be9cf7e2f40c70815a885e267d86,San Francisco,Will the lowest temperature in San Francisco be between 58-59°F on September 8?,65588281829904266097608233087379281306849306953933525392738523851574144317074,No,2026-09-07T03:00:21+00:00,0.545
0x46397ce33ea052eb7548eb3dd706e79f5301be9cf7e2f40c70815a885e267d86,San Francisco,Will the lowest temperature in San Francisco be between 58-59°F on September 8?,65588281829904266097608233087379281306849306953933525392738523851574144317074,No,2026-09-07T04:00:18+00:00,0.55
0x46397ce33ea052eb7548eb3dd706e79f5301be9cf7e2f40c70815a885e267d86,San Francisco,Will the lowest temperature in San Francisco be between 58-59°F on September 8?,65588281829904266097608233087379281306849306953933525392738523851574144317074,No,2026-09-07T04:40:16+00:00,0.655
0xbc293b92866936cc0f477d192549d6f158a9bfa803a20b8d2f0ea95b0fac8bb1,San Francisco,Will the lowest temperature in San Francisco be between 60-61°F on September 8?,110919941519953810048902949356069314236367368040429761532262396567372939646517,Yes,2026-09-07T00:00:32+00:00,0.26
0xbc293b92866936cc0f477d192549d6f158a9bfa803a20b8d2f0ea95b0fac8bb1,San Francisco,Will the lowest temperature in San Francisco be between 60-61°F on September 8?,110919941519953810048902949356069314236367368040429761532262396567372939646517,Yes,2026-09-07T01:00:28+00:00,0.26
0xbc293b92866936cc0f477d192549d6f158a9bfa803a20b8d2f0ea95b0fac8bb1,San Francisco,Will the lowest temperature in San Francisco be between 60-61°F on September 8?,110919941519953810048902949356069314236367368040429761532262396567372939646517,Yes,2026-09-07T02:00:27+00:00,0.26
0xbc293b92866936cc0f477d192549d6f158a9bfa803a20b8d2f0ea95b0fac8bb1,San Francisco,Will the lowest temperature in San Francisco be between 60-61°F on September 8?,110919941519953810048902949356069314236367368040429761532262396567372939646517,Yes,2026-09-07T03:00:16+00:00,0.26
0xbc293b92866936cc0f477d192549d6f158a9bfa803a20b8d2f0ea95b0fac8bb1,San Francisco,Will the lowest temperature in San Francisco be between 60-61°F on September 8?,110919941519953810048902949356069314236367368040429761532262396567372939646517,Yes,2026-09-07T04:00:14+00:00,0.255
0xbc293b92866936cc0f477d192549d6f158a9bfa803a20b8d2f0ea95b0fac8bb1,San Francisco,Will the lowest temperature in San Francisco be between 60-61°F on September 8?,110919941519953810048902949356069314236367368040429761532262396567372939646517,Yes,2026-09-07T04:40:13+00:00,0.26
0xbc293b92866936cc0f477d192549d6f158a9bfa803a20b8d2f0ea95b0fac8bb1,San Francisco,Will the lowest temperature in San Francisco be between 60-61°F on September 8?,17434074378119910709046062648198337911719168015123234516321474959654157255044,No,2026-09-07T00:00:32+00:00,0.74
0xbc293b92866936cc0f477d192549d6f158a9bfa803a20b8d2f0ea95b0fac8bb1,San Francisco,Will the lowest temperature in San Francisco be between 60-61°F on September 8?,17434074378119910709046062648198337911719168015123234516321474959654157255044,No,2026-09-07T01:00:29+00:00,0.74
0xbc293b92866936cc0f477d192549d6f158a9bfa803a20b8d2f0ea95b0fac8bb1,San Francisco,Will the lowest temperature in San Francisco be between 60-61°F on September 8?,17434074378119910709046062648198337911719168015123234516321474959654157255044,No,2026-09-07T02:00:28+00:00,0.74
0xbc293b92866936cc0f477d192549d6f158a9bfa803a20b8d2f0ea95b0fac8bb1,San Francisco,Will the lowest temperature in San Francisco be between 60-61°F on September 8?,17434074378119910709046062648198337911719168015123234516321474959654157255044,No,2026-09-07T03:00:17+00:00,0.74
0xbc293b92866936cc0f477d192549d6f158a9bfa803a20b8d2f0ea95b0fac8bb1,San Francisco,Will the lowest temperature in San Francisco be between 60-61°F on September 8?,17434074378119910709046062648198337911719168015123234516321474959654157255044,No,2026-09-07T04:00:15+00:00,0.745
0xbc293b92866936cc0f477d192549d6f158a9bfa803a20b8d2f0ea95b0fac8bb1,San Francisco,Will the lowest temperature in San Francisco be between 60-61°F on September 8?,17434074378119910709046062648198337911719168015123234516321474959654157255044,No,2026-09-07T04:40:13+00:00,0.74
0xf525a5b47c88c8b799273f23373c132055375703173ca0634daa8386cbedbb70,San Francisco,Will the lowest temperature in San Francisco be between 62-63°F on September 8?,20414365182835558689084743993006002423615765136490892170912316319671377886712,Yes,2026-09-07T00:00:36+00:00,0.245
0xf525a5b47c88c8b799273f23373c132055375703173ca0634daa8386cbedbb70,San Francisco,Will the lowest temperature in San Francisco be between 62-63°F on September 8?,20414365182835558689084743993006002423615765136490892170912316319671377886712,Yes,2026-09-07T01:00:34+00:00,0.245
0xf525a5b47c88c8b799273f23373c132055375703173ca0634daa8386cbedbb70,San Francisco,Will the lowest temperature in San Francisco be between 62-63°F on September 8?,20414365182835558689084743993006002423615765136490892170912316319671377886712,Yes,2026-09-07T02:00:30+00:00,0.245
0xf525a5b47c88c8b799273f23373c132055375703173ca0634daa8386cbedbb70,San Francisco,Will the lowest temperature in San Francisco be between 62-63°F on September 8?,20414365182835558689084743993006002423615765136490892170912316319671377886712,Yes,2026-09-07T03:00:21+00:00,0.24
0xf525a5b47c88c8b799273f23373c132055375703173ca0634daa8386cbedbb70,San Francisco,Will the lowest temperature in San Francisco be between 62-63°F on September 8?,20414365182835558689084743993006002423615765136490892170912316319671377886712,Yes,2026-09-07T04:00:18+00:00,0.245
0xf525a5b47c88c8b799273f23373c132055375703173ca0634daa8386cbedbb70,San Francisco,Will the lowest temperature in San Francisco be between 62-63°F on September 8?,20414365182835558689084743993006002423615765136490892170912316319671377886712,Yes,2026-09-07T04:40:16+00:00,0.25
0xf525a5b47c88c8b799273f23373c132055375703173ca0634daa8386cbedbb70,San Francisco,Will the lowest temperature in San Francisco be between 62-63°F on September 8?,49998576177997634935816050559993277992111831693946585634671904660177021907123,No,2026-09-07T00:00:35+00:00,0.755
0xf525a5b47c88c8b799273f23373c132055375703173ca0634daa8386cbedbb70,San Francisco,Will the lowest temperature in San Francisco be between 62-63°F on September 8?,49998576177997634935816050559993277992111831693946585634671904660177021907123,No,2026-09-07T01:00:32+00:00,0.755
0xf525a5b47c88c8b799273f23373c132055375703173ca0634daa8386cbedbb70,San Francisco,Will the lowest temperature in San Francisco be between 62-63°F on September 8?,49998576177997634935816050559993277992111831693946585634671904660177021907123,No,2026-09-07T02:00:30+00:00,0.755
0xf525a5b47c88c8b799273f23373c132055375703173ca0634daa8386cbedbb70,San Francisco,Will the lowest temperature in San Francisco be between 62-63°F on September 8?,49998576177997634935816050559993277992111831693946585634671904660177021907123,No,2026-09-07T03:00:20+00:00,0.76
0xf525a5b47c88c8b799273f23373c132055375703173ca0634daa8386cbedbb70,San Francisco,Will the lowest temperature in San Francisco be between 62-63°F on September 8?,49998576177997634935816050559993277992111831693946585634671904660177021907123,No,2026-09-07T04:00:17+00:00,0.755
0xf525a5b47c88c8b799273f23373c132055375703173ca0634daa8386cbedbb70,San Francisco,Will the lowest temperature in San Francisco be between 62-63°F on September 8?,49998576177997634935816050559993277992111831693946585634671904660177021907123,No,2026-09-07T04:40:15+00:00,0.75
0x08b8d90fd8b3980c09994c043526d611ed8843ba70397df563dbf85d5b9dc8e9,San Francisco,Will the lowest temperature in San Francisco be between 64-65°F on September 8?,31593441796040812663819493443793126613720639022221376539047353708647453973816,Yes,2026-09-07T00:00:31+00:00,0.245
0x08b8d90fd8b3980c09994c043526d611ed8843ba70397df563dbf85d5b9dc8e9,San Francisco,Will the lowest temperature in San Francisco be between 64-65°F on September 8?,31593441796040812663819493443793126613720639022221376539047353708647453973816,Yes,2026-09-07T01:00:27+00:00,0.245
0x08b8d90fd8b3980c09994c043526d611ed8843ba70397df563dbf85d5b9dc8e9,San Francisco,Will the lowest temperature in San Francisco be between 64-65°F on September 8?,31593441796040812663819493443793126613720639022221376539047353708647453973816,Yes,2026-09-07T02:00:27+00:00,0.245
0x08b8d90fd8b3980c09994c043526d611ed8843ba70397df563dbf85d5b9dc8e9,San Francisco,Will the lowest temperature in San Francisco be between 64-65°F on September 8?,31593441796040812663819493443793126613720639022221376539047353708647453973816,Yes,2026-09-07T03:00:16+00:00,0.24
0x08b8d90fd8b3980c09994c043526d611ed8843ba70397df563dbf85d5b9dc8e9,San Francisco,Will the lowest temperature in San Francisco be between 64-65°F on September 8?,31593441796040812663819493443793126613720639022221376539047353708647453973816,Yes,2026-09-07T04:00:14+00:00,0.245
0x08b8d90fd8b3980c09994c043526d611ed8843ba70397df563dbf85d5b9dc8e9,San Francisco,Will the lowest temperature in San Francisco be between 64-65°F on September 8?,31593441796040812663819493443793126613720639022221376539047353708647453973816,Yes,2026-09-07T04:40:13+00:00,0.25
0x08b8d90fd8b3980c09994c043526d611ed8843ba70397df563dbf85d5b9dc8e9,San Francisco,Will the lowest temperature in San Francisco be between 64-65°F on September 8?,104441823937797191017931531837754750062164387009096797237659367025122610529471,No,2026-09-07T00:00:33+00:00,0.755
0x08b8d90fd8b3980c09994c043526d611ed8843ba70397df563dbf85d5b9dc8e9,San Francisco,Will the lowest temperature in San Francisco be between 64-65°F on September 8?,104441823937797191017931531837754750062164387009096797237659367025122610529471,No,2026-09-07T01:00:30+00:00,0.755
0x08b8d90fd8b3980c09994c043526d611ed8843ba70397df563dbf85d5b9dc8e9,San Francisco,Will the lowest temperature in San Francisco be between 64-65°F on September 8?,104441823937797191017931531837754750062164387009096797237659367025122610529471,No,2026-09-07T02:00:28+00:00,0.755
0x08b8d90fd8b3980c09994c043526d611ed8843ba70397df563dbf85d5b9dc8e9,San Francisco,Will the lowest temperature in San Francisco be between 64-65°F on September 8?,104441823937797191017931531837754750062164387009096797237659367025122610529471,No,2026-09-07T03:00:18+00:00,0.76
0x08b8d90fd8b3980c09994c043526d611ed8843ba70397df563dbf85d5b9dc8e9,San Francisco,Will the lowest temperature in San Francisco be between 64-65°F on September 8?,104441823937797191017931531837754750062164387009096797237659367025122610529471,No,2026-09-07T04:00:15+00:00,0.755
0x08b8d90fd8b3980c09994c043526d611ed8843ba70397df563dbf85d5b9dc8e9,San Francisco,Will the lowest temperature in San Francisco be between 64-65°F on September 8?,104441823937797191017931531837754750062164387009096797237659367025122610529471,No,2026-09-07T04:40:14+00:00,0.75
0x79e67fc6b54d3c61cc61cfd4af650fd2ff1867f97439021b4ad38be1bf08349c,San Francisco,Will the lowest temperature in San Francisco be between 66-67°F on September 8?,10558683771747815438616727875457307293994288424571075404473677069651319744601,Yes,2026-09-07T00:00:34+00:00,0.245
0x79e67fc6b54d3c61cc61cfd4af650fd2ff1867f97439021b4ad38be1bf08349c,San Francisco,Will the lowest temperature in San Francisco be between 66-67°F on September 8?,10558683771747815438616727875457307293994288424571075404473677069651319744601,Yes,2026-09-07T01:00:31+00:00,0.245
0x79e67fc6b54d3c61cc61cfd4af650fd2ff1867f97439021b4ad38be1bf08349c,San Francisco,Will the lowest temperature in San Francisco be between 66-67°F on September 8?,10558683771747815438616727875457307293994288424571075404473677069651319744601,Yes,2026-09-07T02:00:29+00:00,0.245
0x79e67fc6b54d3c61cc61cfd4af650fd2ff1867f97439021b4ad38be1bf08349c,San Francisco,Will the lowest temperature in San Francisco be between 66-67°F on September 8?,10558683771747815438616727875457307293994288424571075404473677069651319744601,Yes,2026-09-07T03:00:19+00:00,0.24
0x79e67fc6b54d3c61cc61cfd4af650fd2ff1867f97439021b4ad38be1bf08349c,San Francisco,Will the lowest temperature in San Francisco be between 66-67°F on September 8?,10558683771747815438616727875457307293994288424571075404473677069651319744601,Yes,2026-09-07T04:00:16+00:00,0.245
0x79e67fc6b54d3c61cc61cfd4af650fd2ff1867f97439021b4ad38be1bf08349c,San Francisco,Will the lowest temperature in San Francisco be between 66-67°F on September 8?,10558683771747815438616727875457307293994288424571075404473677069651319744601,Yes,2026-09-07T04:40:14+00:00,0.25
0x79e67fc6b54d3c61cc61cfd4af650fd2ff1867f97439021b4ad38be1bf08349c,San Francisco,Will the lowest temperature in San Francisco be between 66-67°F on September 8?,10997228919473318917444530726192529579969865616566166286722274225306150625382,No,2026-09-07T00:00:31+00:00,0.755
0x79e67fc6b54d3c61cc61cfd4af650fd2ff1867f97439021b4ad38be1bf08349c,San Francisco,Will the lowest temperature in San Francisco be between 66-67°F on September 8?,10997228919473318917444530726192529579969865616566166286722274225306150625382,No,2026-09-07T01:00:27+00:00,0.755
0x79e67fc6b54d3c61cc61cfd4af650fd2ff1867f97439021b4ad38be1bf08349c,San Francisco,Will the lowest temperature in San Francisco be between 66-67°F on September 8?,10997228919473318917444530726192529579969865616566166286722274225306150625382,No,2026-09-07T02:00:27+00:00,0.755
0x79e67fc6b54d3c61cc61cfd4af650fd2ff1867f97439021b4ad38be1bf08349c,San Francisco,Will the lowest temperature in San Francisco be between 66-67°F on September 8?,10997228919473318917444530726192529579969865616566166286722274225306150625382,No,2026-09-07T03:00:16+00:00,0.76
0x79e67fc6b54d3c61cc61cfd4af650fd2ff1867f97439021b4ad38be1bf08349c,San Francisco,Will the lowest temperature in San Francisco be between 66-67°F on September 8?,10997228919473318917444530726192529579969865616566166286722274225306150625382,No,2026-09-07T04:00:14+00:00,0.755
0x79e67fc6b54d3c61cc61cfd4af650fd2ff1867f97439021b4ad38be1bf08349c,San Francisco,Will the lowest temperature in San Francisco be between 66-67°F on September 8?,10997228919473318917444530726192529579969865616566166286722274225306150625382,No,2026-09-07T04:40:13+00:00,0.75
0x3e5e3579a311dfc58b768c2522ae80969509ac52e66ed4c575ecdf055172f180,San Francisco,Will the lowest temperature in San Francisco be 68°F or higher on September 8?,30344865959456481335288454969825811415198508282295980891754038248948295884574,Yes,2026-09-07T00:00:32+00:00,0.395
0x3e5e3579a311dfc58b768c2522ae80969509ac52e66ed4c575ecdf055172f180,San Francisco,Will the lowest temperature in San Francisco be 68°F or higher on September 8?,30344865959456481335288454969825811415198508282295980891754038248948295884574,Yes,2026-09-07T01:00:28+00:00,0.275
0x3e5e3579a311dfc58b768c2522ae80969509ac52e66ed4c575ecdf055172f180,San Francisco,Will the lowest temperature in San Francisco be 68°F or higher on September 8?,30344865959456481335288454969825811415198508282295980891754038248948295884574,Yes,2026-09-07T02:00:27+00:00,0.255
0x3e5e3579a311dfc58b768c2522ae80969509ac52e66ed4c575ecdf055172f180,San Francisco,Will the lowest temperature in San Francisco be 68°F or higher on September 8?,30344865959456481335288454969825811415198508282295980891754038248948295884574,Yes,2026-09-07T03:00:16+00:00,0.255
0x3e5e3579a311dfc58b768c2522ae80969509ac52e66ed4c575ecdf055172f180,San Francisco,Will the lowest temperature in San Francisco be 68°F or higher on September 8?,30344865959456481335288454969825811415198508282295980891754038248948295884574,Yes,2026-09-07T04:00:14+00:00,0.27
0x3e5e3579a311dfc58b768c2522ae80969509ac52e66ed4c575ecdf055172f180,San Francisco,Will the lowest temperature in San Francisco be 68°F or higher on September 8?,30344865959456481335288454969825811415198508282295980891754038248948295884574,Yes,2026-09-07T04:40:13+00:00,0.365
0x3e5e3579a311dfc58b768c2522ae80969509ac52e66ed4c575ecdf055172f180,San Francisco,Will the lowest temperature in San Francisco be 68°F or higher on September 8?,16150467002754472667351368881297905278566902153117856875317061220804954147765,No,2026-09-07T00:00:29+00:00,0.605
0x3e5e3579a311dfc58b768c2522ae80969509ac52e66ed4c575ecdf055172f180,San Francisco,Will the lowest temperature in San Francisco be 68°F or higher on September 8?,16150467002754472667351368881297905278566902153117856875317061220804954147765,No,2026-09-07T01:00:26+00:00,0.725
0x3e5e3579a311dfc58b768c2522ae80969509ac52e66ed4c575ecdf055172f180,San Francisco,Will the lowest temperature in San Francisco be 68°F or higher on September 8?,16150467002754472667351368881297905278566902153117856875317061220804954147765,No,2026-09-07T02:00:26+00:00,0.745
0x3e5e3579a311dfc58b768c2522ae80969509ac52e66ed4c575ecdf055172f180,San Francisco,Will the lowest temperature in San Francisco be 68°F or higher on September 8?,16150467002754472667351368881297905278566902153117856875317061220804954147765,No,2026-09-07T03:00:14+00:00,0.745
0x3e5e3579a311dfc58b768c2522ae80969509ac52e66ed4c575ecdf055172f180,San Francisco,Will the lowest temperature in San Francisco be 68°F or higher on September 8?,16150467002754472667351368881297905278566902153117856875317061220804954147765,No,2026-09-07T04:00:13+00:00,0.73
0x3e5e3579a311dfc58b768c2522ae80969509ac52e66ed4c575ecdf055172f180,San Francisco,Will the lowest temperature in San Francisco be 68°F or higher on September 8?,16150467002754472667351368881297905278566902153117856875317061220804954147765,No,2026-09-07T04:40:12+00:00,0.635
0x2dd275986cdb6bef1bcab4c040b368b4e91e2e4e38b483e7898aee8069308398,San Francisco,Will the highest temperature in San Francisco be 71°F or below on September 8?,92781419344912065904673118176309767176770619140750649721183645268054658786625,Yes,2026-09-07T00:00:32+00:00,0.0255
0x2dd275986cdb6bef1bcab4c040b368b4e91e2e4e38b483e7898aee8069308398,San Francisco,Will the highest temperature in San Francisco be 71°F or below on September 8?,92781419344912065904673118176309767176770619140750649721183645268054658786625,Yes,2026-09-07T01:00:29+00:00,0.028
0x2dd275986cdb6bef1bcab4c040b368b4e91e2e4e38b483e7898aee8069308398,San Francisco,Will the highest temperature in San Francisco be 71°F or below on September 8?,92781419344912065904673118176309767176770619140750649721183645268054658786625,Yes,2026-09-07T02:00:28+00:00,0.0285
0x2dd275986cdb6bef1bcab4c040b368b4e91e2e4e38b483e7898aee8069308398,San Francisco,Will the highest temperature in San Francisco be 71°F or below on September 8?,92781419344912065904673118176309767176770619140750649721183645268054658786625,Yes,2026-09-07T03:00:17+00:00,0.028
0x2dd275986cdb6bef1bcab4c040b368b4e91e2e4e38b483e7898aee8069308398,San Francisco,Will the highest temperature in San Francisco be 71°F or below on September 8?,92781419344912065904673118176309767176770619140750649721183645268054658786625,Yes,2026-09-07T04:00:15+00:00,0.026
0x2dd275986cdb6bef1bcab4c040b368b4e91e2e4e38b483e7898aee8069308398,San Francisco,Will the highest temperature in San Francisco be 71°F or below on September 8?,92781419344912065904673118176309767176770619140750649721183645268054658786625,Yes,2026-09-07T04:40:13+00:00,0.0275
0x2dd275986cdb6bef1bcab4c040b368b4e91e2e4e38b483e7898aee8069308398,San Francisco,Will the highest temperature in San Francisco be 71°F or below on September 8?,96418646705567376883410345858983403316377715113381360761598444453604833995141,No,2026-09-07T00:00:36+00:00,0.9745
0x2dd275986cdb6bef1bcab4c040b368b4e91e2e4e38b483e7898aee8069308398,San Francisco,Will the highest temperature in San Francisco be 71°F or below on September 8?,96418646705567376883410345858983403316377715113381360761598444453604833995141,No,2026-09-07T01:00:34+00:00,0.972
0x2dd275986cdb6bef1bcab4c040b368b4e91e2e4e38b483e7898aee8069308398,San Francisco,Will the highest temperature in San Francisco be 71°F or below on September 8?,96418646705567376883410345858983403316377715113381360761598444453604833995141,No,2026-09-07T02:00:31+00:00,0.9715
0x2dd275986cdb6bef1bcab4c040b368b4e91e2e4e38b483e7898aee8069308398,San Francisco,Will the highest temperature in San Francisco be 71°F or below on September 8?,96418646705567376883410345858983403316377715113381360761598444453604833995141,No,2026-09-07T03:00:22+00:00,0.972
0x2dd275986cdb6bef1bcab4c040b368b4e91e2e4e38b483e7898aee8069308398,San Francisco,Will the highest temperature in San Francisco be 71°F or below on September 8?,96418646705567376883410345858983403316377715113381360761598444453604833995141,No,2026-09-07T04:00:19+00:00,0.974
0x2dd275986cdb6bef1bcab4c040b368b4e91e2e4e38b483e7898aee8069308398,San Francisco,Will the highest temperature in San Francisco be 71°F or below on September 8?,96418646705567376883410345858983403316377715113381360761598444453604833995141,No,2026-09-07T04:40:16+00:00,0.9725
0x2382b6fd7abd9b19c7d2383ad146d1db9ef2502f5403fafe2418e96804cceaec,San Francisco,Will the highest temperature in San Francisco be between 72-73°F on September 8?,84971592231488510046862656611019603556100778943786946681970263448553568219924,Yes,2026-09-07T00:00:31+00:00,0.04
0x2382b6fd7abd9b19c7d2383ad146d1db9ef2502f5403fafe2418e96804cceaec,San Francisco,Will the highest temperature in San Francisco be between 72-73°F on September 8?,84971592231488510046862656611019603556100778943786946681970263448553568219924,Yes,2026-09-07T01:00:27+00:00,0.025
0x2382b6fd7abd9b19c7d2383ad146d1db9ef2502f5403fafe2418e96804cceaec,San Francisco,Will the highest temperature in San Francisco be between 72-73°F on September 8?,84971592231488510046862656611019603556100778943786946681970263448553568219924,Yes,2026-09-07T02:00:27+00:00,0.025
0x2382b6fd7abd9b19c7d2383ad146d1db9ef2502f5403fafe2418e96804cceaec,San Francisco,Will the highest temperature in San Francisco be between 72-73°F on September 8?,84971592231488510046862656611019603556100778943786946681970263448553568219924,Yes,2026-09-07T03:00:15+00:00,0.02
0x2382b6fd7abd9b19c7d2383ad146d1db9ef2502f5403fafe2418e96804cceaec,San Francisco,Will the highest temperature in San Francisco be between 72-73°F on September 8?,84971592231488510046862656611019603556100778943786946681970263448553568219924,Yes,2026-09-07T04:00:13+00:00,0.02
0x2382b6fd7abd9b19c7d2383ad146d1db9ef2502f5403fafe2418e96804cceaec,San Francisco,Will the highest temperature in San Francisco be between 72-73°F on September 8?,84971592231488510046862656611019603556100778943786946681970263448553568219924,Yes,2026-09-07T04:40:12+00:00,0.02
0x2382b6fd7abd9b19c7d2383ad146d1db9ef2502f5403fafe2418e96804cceaec,San Francisco,Will the highest temperature in San Francisco be between 72-73°F on September 8?,51841976434290752486296063195800109384334041130228410340631771916495557388579,No,2026-09-07T00:00:30+00:00,0.96
0x2382b6fd7abd9b19c7d2383ad146d1db9ef2502f5403fafe2418e96804cceaec,San Francisco,Will the highest temperature in San Francisco be between 72-73°F on September 8?,51841976434290752486296063195800109384334041130228410340631771916495557388579,No,2026-09-07T01:00:26+00:00,0.975
0x2382b6fd7abd9b19c7d2383ad146d1db9ef2502f5403fafe2418e96804cceaec,San Francisco,Will the highest temperature in San Francisco be between 72-73°F on September 8?,51841976434290752486296063195800109384334041130228410340631771916495557388579,No,2026-09-07T02:00:26+00:00,0.975
0x2382b6fd7abd9b19c7d2383ad146d1db9ef2502f5403fafe2418e96804cceaec,San Francisco,Will the highest temperature in San Francisco be between 72-73°F on September 8?,51841976434290752486296063195800109384334041130228410340631771916495557388579,No,2026-09-07T03:00:14+00:00,0.98
0x2382b6fd7abd9b19c7d2383ad146d1db9ef2502f5403fafe2418e96804cceaec,San Francisco,Will the highest temperature in San Francisco be between 72-73°F on September 8?,51841976434290752486296063195800109384334041130228410340631771916495557388579,No,2026-09-07T04:00:13+00:00,0.98
0x2382b6fd7abd9b19c7d2383ad146d1db9ef2502f5403fafe2418e96804cceaec,San Francisco,Will the highest temperature in San Francisco be between 72-73°F on September 8?,51841976434290752486296063195800109384334041130228410340631771916495557388579,No,2026-09-07T04:40:12+00:00,0.98
0xbd75061a202a3229338fb6bfa37be35e54c43704974ee2f85aea1a122b3f70e8,San Francisco,Will the highest temperature in San Francisco be between 74-75°F on September 8?,98465219815479198087064251833615866796513702105406523601851228470248410107126,Yes,2026-09-07T00:00:31+00:00,0.075
0xbd75061a202a3229338fb6bfa37be35e54c43704974ee2f85aea1a122b3f70e8,San Francisco,Will the highest temperature in San Francisco be between 74-75°F on September 8?,98465219815479198087064251833615866796513702105406523601851228470248410107126,Yes,2026-09-07T01:00:27+00:00,0.06
0xbd75061a202a3229338fb6bfa37be35e54c43704974ee2f85aea1a122b3f70e8,San Francisco,Will the highest temperature in San Francisco be between 74-75°F on September 8?,98465219815479198087064251833615866796513702105406523601851228470248410107126,Yes,2026-09-07T02:00:27+00:00,0.04
0xbd75061a202a3229338fb6bfa37be35e54c43704974ee2f85aea1a122b3f70e8,San Francisco,Will the highest temperature in San Francisco be between 74-75°F on September 8?,98465219815479198087064251833615866796513702105406523601851228470248410107126,Yes,2026-09-07T03:00:16+00:00,0.04
0xbd75061a202a3229338fb6bfa37be35e54c43704974ee2f85aea1a122b3f70e8,San Francisco,Will the highest temperature in San Francisco be between 74-75°F on September 8?,98465219815479198087064251833615866796513702105406523601851228470248410107126,Yes,2026-09-07T04:00:14+00:00,0.04
0xbd75061a202a3229338fb6bfa37be35e54c43704974ee2f85aea1a122b3f70e8,San Francisco,Will the highest temperature in San Francisco be between 74-75°F on September 8?,98465219815479198087064251833615866796513702105406523601851228470248410107126,Yes,2026-09-07T04:40:12+00:00,0.035
0xbd75061a202a3229338fb6bfa37be35e54c43704974ee2f85aea1a122b3f70e8,San Francisco,Will the highest temperature in San Francisco be between 74-75°F on September 8?,81978195176919628404421180504924028012788800378879964458468987361773567424037,No,2026-09-07T00:00:30+00:00,0.925
0xbd75061a202a3229338fb6bfa37be35e54c43704974ee2f85aea1a122b3f70e8,San Francisco,Will the highest temperature in San Francisco be between 74-75°F on September 8?,81978195176919628404421180504924028012788800378879964458468987361773567424037,No,2026-09-07T01:00:26+00:00,0.94
0xbd75061a202a3229338fb6bfa37be35e54c43704974ee2f85aea1a122b3f70e8,San Francisco,Will the highest temperature in San Francisco be between 74-75°F on September 8?,81978195176919628404421180504924028012788800378879964458468987361773567424037,No,2026-09-07T02:00:26+00:00,0.96
0xbd75061a202a3229338fb6bfa37be35e54c43704974ee2f85aea1a122b3f70e8,San Francisco,Will the highest temperature in San Francisco be between 74-75°F on September 8?,81978195176919628404421180504924028012788800378879964458468987361773567424037,No,2026-09-07T03:00:14+00:00,0.96
0xbd75061a202a3229338fb6bfa37be35e54c43704974ee2f85aea1a122b3f70e8,San Francisco,Will the highest temperature in San Francisco be between 74-75°F on September 8?,81978195176919628404421180504924028012788800378879964458468987361773567424037,No,2026-09-07T04:00:13+00:00,0.96
0xbd75061a202a3229338fb6bfa37be35e54c43704974ee2f85aea1a122b3f70e8,San Francisco,Will the highest temperature in San Francisco be between 74-75°F on September 8?,81978195176919628404421180504924028012788800378879964458468987361773567424037,No,2026-09-07T04:40:12+00:00,0.965
0xb26720454b323c9b118423b01b522099ae7f369d247404897e63866373ed8512,San Francisco,Will the highest temperature in San Francisco be between 76-77°F on September 8?,3316944338801449751890120050187487023322651093251581699342362126840312392117,Yes,2026-09-07T00:00:34+00:00,0.075
0xb26720454b323c9b118423b01b522099ae7f369d247404897e63866373ed8512,San Francisco,Will the highest temperature in San Francisco be between 76-77°F on September 8?,3316944338801449751890120050187487023322651093251581699342362126840312392117,Yes,2026-09-07T01:00:32+00:00,0.075
0xb26720454b323c9b118423b01b522099ae7f369d247404897e63866373ed8512,San Francisco,Will the highest temperature in San Francisco be between 76-77°F on September 8?,3316944338801449751890120050187487023322651093251581699342362126840312392117,Yes,2026-09-07T02:00:30+00:00,0.055
0xb26720454b323c9b118423b01b522099ae7f369d247404897e63866373ed8512,San Francisco,Will the highest temperature in San Francisco be between 76-77°F on September 8?,3316944338801449751890120050187487023322651093251581699342362126840312392117,Yes,2026-09-07T03:00:20+00:00,0.05
0xb26720454b323c9b118423b01b522099ae7f369d247404897e63866373ed8512,San Francisco,Will the highest temperature in San Francisco be between 76-77°F on September 8?,3316944338801449751890120050187487023322651093251581699342362126840312392117,Yes,2026-09-07T04:00:17+00:00,0.05
0xb26720454b323c9b118423b01b522099ae7f369d247404897e63866373ed8512,San Francisco,Will the highest temperature in San Francisco be between 76-77°F on September 8?,3316944338801449751890120050187487023322651093251581699342362126840312392117,Yes,2026-09-07T04:40:15+00:00,0.06
0xb26720454b323c9b118423b01b522099ae7f369d247404897e63866373ed8512,San Francisco,Will the highest temperature in San Francisco be between 76-77°F on September 8?,73096176772435126581055128143586731988077032637490294956469155669730891052007,No,2026-09-07T00:00:31+00:00,0.925
0xb26720454b323c9b118423b01b522099ae7f369d247404897e63866373ed8512,San Francisco,Will the highest temperature in San Francisco be between 76-77°F on September 8?,73096176772435126581055128143586731988077032637490294956469155669730891052007,No,2026-09-07T01:00:28+00:00,0.925
0xb26720454b323c9b118423b01b522099ae7f369d247404897e63866373ed8512,San Francisco,Will the highest temperature in San Francisco be between 76-77°F on September 8?,73096176772435126581055128143586731988077032637490294956469155669730891052007,No,2026-09-07T02:00:27+00:00,0.945
0xb26720454b323c9b118423b01b522099ae7f369d247404897e63866373ed8512,San Francisco,Will the highest temperature in San Francisco be between 76-77°F on September 8?,73096176772435126581055128143586731988077032637490294956469155669730891052007,No,2026-09-07T03:00:16+00:00,0.95
0xb26720454b323c9b118423b01b522099ae7f369d247404897e63866373ed8512,San Francisco,Will the highest temperature in San Francisco be between 76-77°F on September 8?,73096176772435126581055128143586731988077032637490294956469155669730891052007,No,2026-09-07T04:00:14+00:00,0.95
0xb26720454b323c9b118423b01b522099ae7f369d247404897e63866373ed8512,San Francisco,Will the highest temperature in San Francisco be between 76-77°F on September 8?,73096176772435126581055128143586731988077032637490294956469155669730891052007,No,2026-09-07T04:40:13+00:00,0.94
0x667a379b91dd87bbf2564ee384a8381e03f42e7dfc7e88d634e58d643a0b164c,San Francisco,Will the highest temperature in San Francisco be between 78-79°F on September 8?,96493657191088136525206524492996990454504201848756087567537105032687700083412,Yes,2026-09-07T00:00:34+00:00,0.105
0x667a379b91dd87bbf2564ee384a8381e03f42e7dfc7e88d634e58d643a0b164c,San Francisco,Will the highest temperature in San Francisco be between 78-79°F on September 8?,96493657191088136525206524492996990454504201848756087567537105032687700083412,Yes,2026-09-07T01:00:32+00:00,0.125
0x667a379b91dd87bbf2564ee384a8381e03f42e7dfc7e88d634e58d643a0b164c,San Francisco,Will the highest temperature in San Francisco be between 78-79°F on September 8?,96493657191088136525206524492996990454504201848756087567537105032687700083412,Yes,2026-09-07T02:00:29+00:00,0.105
0x667a379b91dd87bbf2564ee384a8381e03f42e7dfc7e88d634e58d643a0b164c,San Francisco,Will the highest temperature in San Francisco be between 78-79°F on September 8?,96493657191088136525206524492996990454504201848756087567537105032687700083412,Yes,2026-09-07T03:00:19+00:00,0.105
0x667a379b91dd87bbf2564ee384a8381e03f42e7dfc7e88d634e58d643a0b164c,San Francisco,Will the highest temperature in San Francisco be between 78-79°F on September 8?,96493657191088136525206524492996990454504201848756087567537105032687700083412,Yes,2026-09-07T04:00:17+00:00,0.105
0x667a379b91dd87bbf2564ee384a8381e03f42e7dfc7e88d634e58d643a0b164c,San Francisco,Will the highest temperature in San Francisco be between 78-79°F on September 8?,96493657191088136525206524492996990454504201848756087567537105032687700083412,Yes,2026-09-07T04:40:15+00:00,0.125
0x667a379b91dd87bbf2564ee384a8381e03f42e7dfc7e88d634e58d643a0b164c,San Francisco,Will the highest temperature in San Francisco be between 78-79°F on September 8?,115537996819595697861884486636148676899833034563716253052865176315817906426193,No,2026-09-07T00:00:34+00:00,0.895
0x667a379b91dd87bbf2564ee384a8381e03f42e7dfc7e88d634e58d643a0b164c,San Francisco,Will the highest temperature in San Francisco be between 78-79°F on September 8?,115537996819595697861884486636148676899833034563716253052865176315817906426193,No,2026-09-07T01:00:31+00:00,0.875
0x667a379b91dd87bbf2564ee384a8381e03f42e7dfc7e88d634e58d643a0b164c,San Francisco,Will the highest temperature in San Francisco be between 78-79°F on September 8?,115537996819595697861884486636148676899833034563716253052865176315817906426193,No,2026-09-07T02:00:29+00:00,0.895
0x667a379b91dd87bbf2564ee384a8381e03f42e7dfc7e88d634e58d643a0b164c,San Francisco,Will the highest temperature in San Francisco be between 78-79°F on September 8?,115537996819595697861884486636148676899833034563716253052865176315817906426193,No,2026-09-07T03:00:19+00:00,0.895
0x667a379b91dd87bbf2564ee384a8381e03f42e7dfc7e88d634e58d643a0b164c,San Francisco,Will the highest temperature in San Francisco be between 78-79°F on September 8?,115537996819595697861884486636148676899833034563716253052865176315817906426193,No,2026-09-07T04:00:16+00:00,0.895
0x667a379b91dd87bbf2564ee384a8381e03f42e7dfc7e88d634e58d643a0b164c,San Francisco,Will the highest temperature in San Francisco be between 78-79°F on September 8?,115537996819595697861884486636148676899833034563716253052865176315817906426193,No,2026-09-07T04:40:14+00:00,0.875
0xc57990d4d7d2adae8820927f1ead9679bcc912703b54eaced51f49db092d749f,San Francisco,Will the highest temperature in San Francisco be between 80-81°F on September 8?,63474474311725449849779389887691059421012643308662971370801384998041468895988,Yes,2026-09-07T00:00:30+00:00,0.14
0xc57990d4d7d2adae8820927f1ead9679bcc912703b54eaced51f49db092d749f,San Francisco,Will the highest temperature in San Francisco be between 80-81°F on September 8?,63474474311725449849779389887691059421012643308662971370801384998041468895988,Yes,2026-09-07T01:00:26+00:00,0.245
0xc57990d4d7d2adae8820927f1ead9679bcc912703b54eaced51f49db092d749f,San Francisco,Will the highest temperature in San Francisco be between 80-81°F on September 8?,63474474311725449849779389887691059421012643308662971370801384998041468895988,Yes,2026-09-07T02:00:26+00:00,0.23
0xc57990d4d7d2adae8820927f1ead9679bcc912703b54eaced51f49db092d749f,San Francisco,Will the highest temperature in San Francisco be between 80-81°F on September 8?,63474474311725449849779389887691059421012643308662971370801384998041468895988,Yes,2026-09-07T03:00:14+00:00,0.24
0xc57990d4d7d2adae8820927f1ead9679bcc912703b54eaced51f49db092d749f,San Francisco,Will the highest temperature in San Francisco be between 80-81°F on September 8?,63474474311725449849779389887691059421012643308662971370801384998041468895988,Yes,2026-09-07T04:00:13+00:00,0.25
0xc57990d4d7d2adae8820927f1ead9679bcc912703b54eaced51f49db092d749f,San Francisco,Will the highest temperature in San Francisco be between 80-81°F on September 8?,63474474311725449849779389887691059421012643308662971370801384998041468895988,Yes,2026-09-07T04:40:12+00:00,0.25
0xc57990d4d7d2adae8820927f1ead9679bcc912703b54eaced51f49db092d749f,San Francisco,Will the highest temperature in San Francisco be between 80-81°F on September 8?,90285546082998494602568013863468615245350317695697994112308266765318901058957,No,2026-09-07T00:00:33+00:00,0.86
0xc57990d4d7d2adae8820927f1ead9679bcc912703b54eaced51f49db092d749f,San Francisco,Will the highest temperature in San Francisco be between 80-81°F on September 8?,90285546082998494602568013863468615245350317695697994112308266765318901058957,No,2026-09-07T01:00:30+00:00,0.75
0xc57990d4d7d2adae8820927f1ead9679bcc912703b54eaced51f49db092d749f,San Francisco,Will the highest temperature in San Francisco be between 80-81°F on September 8?,90285546082998494602568013863468615245350317695697994112308266765318901058957,No,2026-09-07T02:00:29+00:00,0.77
0xc57990d4d7d2adae8820927f1ead9679bcc912703b54eaced51f49db092d749f,San Francisco,Will the highest temperature in San Francisco be between 80-81°F on September 8?,90285546082998494602568013863468615245350317695697994112308266765318901058957,No,2026-09-07T03:00:18+00:00,0.76
0xc57990d4d7d2adae8820927f1ead9679bcc912703b54eaced51f49db092d749f,San Francisco,Will the highest temperature in San Francisco be between 80-81°F on September 8?,90285546082998494602568013863468615245350317695697994112308266765318901058957,No,2026-09-07T04:00:16+00:00,0.75
0xc57990d4d7d2adae8820927f1ead9679bcc912703b54eaced51f49db092d749f,San Francisco,Will the highest temperature in San Francisco be between 80-81°F on September 8?,90285546082998494602568013863468615245350317695697994112308266765318901058957,No,2026-09-07T04:40:14+00:00,0.75
0x9d6efef5e071364e65754d112a4d7a33c50bba5650d86ca024dd9ee9f8033ff8,San Francisco,Will the highest temperature in San Francisco be between 82-83°F on September 8?,97476847990833753164197492229001950011408162633626850186883610684052128647022,Yes,2026-09-07T00:00:35+00:00,0.28
0x9d6efef5e071364e65754d112a4d7a33c50bba5650d86ca024dd9ee9f8033ff8,San Francisco,Will the highest temperature in San Francisco be between 82-83°F on September 8?,97476847990833753164197492229001950011408162633626850186883610684052128647022,Yes,2026-09-07T01:00:32+00:00,0.26
0x9d6efef5e071364e65754d112a4d7a33c50bba5650d86ca024dd9ee9f8033ff8,San Francisco,Will the highest temperature in San Francisco be between 82-83°F on September 8?,97476847990833753164197492229001950011408162633626850186883610684052128647022,Yes,2026-09-07T02:00:30+00:00,0.255
0x9d6efef5e071364e65754d112a4d7a33c50bba5650d86ca024dd9ee9f8033ff8,San Francisco,Will the highest temperature in San Francisco be between 82-83°F on September 8?,97476847990833753164197492229001950011408162633626850186883610684052128647022,Yes,2026-09-07T03:00:20+00:00,0.26
0x9d6efef5e071364e65754d112a4d7a33c50bba5650d86ca024dd9ee9f8033ff8,San Francisco,Will the highest temperature in San Francisco be between 82-83°F on September 8?,97476847990833753164197492229001950011408162633626850186883610684052128647022,Yes,2026-09-07T04:00:17+00:00,0.255
0x9d6efef5e071364e65754d112a4d7a33c50bba5650d86ca024dd9ee9f8033ff8,San Francisco,Will the highest temperature in San Francisco be between 82-83°F on September 8?,97476847990833753164197492229001950011408162633626850186883610684052128647022,Yes,2026-09-07T04:40:15+00:00,0.29
0x9d6efef5e071364e65754d112a4d7a33c50bba5650d86ca024dd9ee9f8033ff8,San Francisco,Will the highest temperature in San Francisco be between 82-83°F on September 8?,78059235019848597670389560680179471563729495678665997656659682369012700628144,No,2026-09-07T00:00:36+00:00,0.72
0x9d6efef5e071364e65754d112a4d7a33c50bba5650d86ca024dd9ee9f8033ff8,San Francisco,Will the highest temperature in San Francisco be between 82-83°F on September 8?,78059235019848597670389560680179471563729495678665997656659682369012700628144,No,2026-09-07T01:00:34+00:00,0.74
0x9d6efef5e071364e65754d112a4d7a33c50bba5650d86ca024dd9ee9f8033ff8,San Francisco,Will the highest temperature in San Francisco be between 82-83°F on September 8?,78059235019848597670389560680179471563729495678665997656659682369012700628144,No,2026-09-07T02:00:30+00:00,0.745
0x9d6efef5e071364e65754d112a4d7a33c50bba5650d86ca024dd9ee9f8033ff8,San Francisco,Will the highest temperature in San Francisco be between 82-83°F on September 8?,78059235019848597670389560680179471563729495678665997656659682369012700628144,No,2026-09-07T03:00:21+00:00,0.74
0x9d6efef5e071364e65754d112a4d7a33c50bba5650d86ca024dd9ee9f8033ff8,San Francisco,Will the highest temperature in San Francisco be between 82-83°F on September 8?,78059235019848597670389560680179471563729495678665997656659682369012700628144,No,2026-09-07T04:00:18+00:00,0.745
0x9d6efef5e071364e65754d112a4d7a33c50bba5650d86ca024dd9ee9f8033ff8,San Francisco,Will the highest temperature in San Francisco be between 82-83°F on September 8?,78059235019848597670389560680179471563729495678665997656659682369012700628144,No,2026-09-07T04:40:16+00:00,0.71
0x8d16d25f64b97e41a5a0c7d22927ea97b71aeb90ed0667444dd382eaff65c302,San Francisco,Will the highest temperature in San Francisco be between 84-85°F on September 8?,77757134491861156808534906826111424645349225582011129047424166614606153713458,Yes,2026-09-07T00:00:31+00:00,0.195
0x8d16d25f64b97e41a5a0c7d22927ea97b71aeb90ed0667444dd382eaff65c302,San Francisco,Will the highest temperature in San Francisco be between 84-85°F on September 8?,77757134491861156808534906826111424645349225582011129047424166614606153713458,Yes,2026-09-07T01:00:27+00:00,0.185
0x8d16d25f64b97e41a5a0c7d22927ea97b71aeb90ed0667444dd382eaff65c302,San Francisco,Will the highest temperature in San Francisco be between 84-85°F on September 8?,77757134491861156808534906826111424645349225582011129047424166614606153713458,Yes,2026-09-07T02:00:27+00:00,0.175
0x8d16d25f64b97e41a5a0c7d22927ea97b71aeb90ed0667444dd382eaff65c302,San Francisco,Will the highest temperature in San Francisco be between 84-85°F on September 8?,77757134491861156808534906826111424645349225582011129047424166614606153713458,Yes,2026-09-07T03:00:15+00:00,0.18
0x8d16d25f64b97e41a5a0c7d22927ea97b71aeb90ed0667444dd382eaff65c302,San Francisco,Will the highest temperature in San Francisco be between 84-85°F on September 8?,77757134491861156808534906826111424645349225582011129047424166614606153713458,Yes,2026-09-07T04:00:13+00:00,0.18
0x8d16d25f64b97e41a5a0c7d22927ea97b71aeb90ed0667444dd382eaff65c302,San Francisco,Will the highest temperature in San Francisco be between 84-85°F on September 8?,77757134491861156808534906826111424645349225582011129047424166614606153713458,Yes,2026-09-07T04:40:12+00:00,0.175
0x8d16d25f64b97e41a5a0c7d22927ea97b71aeb90ed0667444dd382eaff65c302,San Francisco,Will the highest temperature in San Francisco be between 84-85°F on September 8?,53894077154686500393713085350296329720662466105931694415222623175087345695966,No,2026-09-07T00:00:34+00:00,0.805
0x8d16d25f64b97e41a5a0c7d22927ea97b71aeb90ed0667444dd382eaff65c302,San Francisco,Will the highest temperature in San Francisco be between 84-85°F on September 8?,53894077154686500393713085350296329720662466105931694415222623175087345695966,No,2026-09-07T01:00:32+00:00,0.815
0x8d16d25f64b97e41a5a0c7d22927ea97b71aeb90ed0667444dd382eaff65c302,San Francisco,Will the highest temperature in San Francisco be between 84-85°F on September 8?,53894077154686500393713085350296329720662466105931694415222623175087345695966,No,2026-09-07T02:00:30+00:00,0.825
0x8d16d25f64b97e41a5a0c7d22927ea97b71aeb90ed0667444dd382eaff65c302,San Francisco,Will the highest temperature in San Francisco be between 84-85°F on September 8?,53894077154686500393713085350296329720662466105931694415222623175087345695966,No,2026-09-07T03:00:20+00:00,0.82
0x8d16d25f64b97e41a5a0c7d22927ea97b71aeb90ed0667444dd382eaff65c302,San Francisco,Will the highest temperature in San Francisco be between 84-85°F on September 8?,53894077154686500393713085350296329720662466105931694415222623175087345695966,No,2026-09-07T04:00:17+00:00,0.82
0x8d16d25f64b97e41a5a0c7d22927ea97b71aeb90ed0667444dd382eaff65c302,San Francisco,Will the highest temperature in San Francisco be between 84-85°F on September 8?,53894077154686500393713085350296329720662466105931694415222623175087345695966,No,2026-09-07T04:40:15+00:00,0.825
0x6b1804baa658cdd95a433b9bd6f861cae08a7acc99e12d98a8d9523b45e02a19,San Francisco,Will the highest temperature in San Francisco be between 86-87°F on September 8?,79169672211306983077700974847224152233736395918067977387433951647901948439581,Yes,2026-09-07T00:00:32+00:00,0.05
0x6b1804baa658cdd95a433b9bd6f861cae08a7acc99e12d98a8d9523b45e02a19,San Francisco,Will the highest temperature in San Francisco be between 86-87°F on September 8?,79169672211306983077700974847224152233736395918067977387433951647901948439581,Yes,2026-09-07T01:00:29+00:00,0.075
0x6b1804baa658cdd95a433b9bd6f861cae08a7acc99e12d98a8d9523b45e02a19,San Francisco,Will the highest temperature in San Francisco be between 86-87°F on September 8?,79169672211306983077700974847224152233736395918067977387433951647901948439581,Yes,2026-09-07T02:00:28+00:00,0.08
0x6b1804baa658cdd95a433b9bd6f861cae08a7acc99e12d98a8d9523b45e02a19,San Francisco,Will the highest temperature in San Francisco be between 86-87°F on September 8?,79169672211306983077700974847224152233736395918067977387433951647901948439581,Yes,2026-09-07T03:00:17+00:00,0.075
0x6b1804baa658cdd95a433b9bd6f861cae08a7acc99e12d98a8d9523b45e02a19,San Francisco,Will the highest temperature in San Francisco be between 86-87°F on September 8?,79169672211306983077700974847224152233736395918067977387433951647901948439581,Yes,2026-09-07T04:00:15+00:00,0.07
0x6b1804baa658cdd95a433b9bd6f861cae08a7acc99e12d98a8d9523b45e02a19,San Francisco,Will the highest temperature in San Francisco be between 86-87°F on September 8?,79169672211306983077700974847224152233736395918067977387433951647901948439581,Yes,2026-09-07T04:40:13+00:00,0.09
0x6b1804baa658cdd95a433b9bd6f861cae08a7acc99e12d98a8d9523b45e02a19,San Francisco,Will the highest temperature in San Francisco be between 86-87°F on September 8?,31210513208566496552650343382131111898089295109837002116988507349829146571634,No,2026-09-07T00:00:30+00:00,0.95
0x6b1804baa658cdd95a433b9bd6f861cae08a7acc99e12d98a8d9523b45e02a19,San Francisco,Will the highest temperature in San Francisco be between 86-87°F on September 8?,31210513208566496552650343382131111898089295109837002116988507349829146571634,No,2026-09-07T01:00:26+00:00,0.925
0x6b1804baa658cdd95a433b9bd6f861cae08a7acc99e12d98a8d9523b45e02a19,San Francisco,Will the highest temperature in San Francisco be between 86-87°F on September 8?,31210513208566496552650343382131111898089295109837002116988507349829146571634,No,2026-09-07T02:00:26+00:00,0.92
0x6b1804baa658cdd95a433b9bd6f861cae08a7acc99e12d98a8d9523b45e02a19,San Francisco,Will the highest temperature in San Francisco be between 86-87°F on September 8?,31210513208566496552650343382131111898089295109837002116988507349829146571634,No,2026-09-07T03:00:14+00:00,0.925
0x6b1804baa658cdd95a433b9bd6f861cae08a7acc99e12d98a8d9523b45e02a19,San Francisco,Will the highest temperature in San Francisco be between 86-87°F on September 8?,31210513208566496552650343382131111898089295109837002116988507349829146571634,No,2026-09-07T04:00:13+00:00,0.93
0x6b1804baa658cdd95a433b9bd6f861cae08a7acc99e12d98a8d9523b45e02a19,San Francisco,Will the highest temperature in San Francisco be between 86-87°F on September 8?,31210513208566496552650343382131111898089295109837002116988507349829146571634,No,2026-09-07T04:40:12+00:00,0.91
0x31cb1b3cb440765f8abec4daf3c5d625e19351bc72fe4c6a3d50298c72d5bd7a,San Francisco,Will the highest temperature in San Francisco be between 88-89°F on September 8?,31334685708158183288261268974827288995801630740448538377714042412117529693047,Yes,2026-09-07T00:00:32+00:00,0.085
0x31cb1b3cb440765f8abec4daf3c5d625e19351bc72fe4c6a3d50298c72d5bd7a,San Francisco,Will the highest temperature in San Francisco be between 88-89°F on September 8?,31334685708158183288261268974827288995801630740448538377714042412117529693047,Yes,2026-09-07T01:00:29+00:00,0.06
0x31cb1b3cb440765f8abec4daf3c5d625e19351bc72fe4c6a3d50298c72d5bd7a,San Francisco,Will the highest temperature in San Francisco be between 88-89°F on September 8?,31334685708158183288261268974827288995801630740448538377714042412117529693047,Yes,2026-09-07T02:00:28+00:00,0.045
0x31cb1b3cb440765f8abec4daf3c5d625e19351bc72fe4c6a3d50298c72d5bd7a,San Francisco,Will the highest temperature in San Francisco be between 88-89°F on September 8?,31334685708158183288261268974827288995801630740448538377714042412117529693047,Yes,2026-09-07T03:00:17+00:00,0.045
0x31cb1b3cb440765f8abec4daf3c5d625e19351bc72fe4c6a3d50298c72d5bd7a,San Francisco,Will the highest temperature in San Francisco be between 88-89°F on September 8?,31334685708158183288261268974827288995801630740448538377714042412117529693047,Yes,2026-09-07T04:00:15+00:00,0.045
0x31cb1b3cb440765f8abec4daf3c5d625e19351bc72fe4c6a3d50298c72d5bd7a,San Francisco,Will the highest temperature in San Francisco be between 88-89°F on September 8?,31334685708158183288261268974827288995801630740448538377714042412117529693047,Yes,2026-09-07T04:40:13+00:00,0.0075
0x31cb1b3cb440765f8abec4daf3c5d625e19351bc72fe4c6a3d50298c72d5bd7a,San Francisco,Will the highest temperature in San Francisco be between 88-89°F on September 8?,93758313010448056470692966090638074440215855878671147917017147342263442509135,No,2026-09-07T00:00:31+00:00,0.915
0x31cb1b3cb440765f8abec4daf3c5d625e19351bc72fe4c6a3d50298c72d5bd7a,San Francisco,Will the highest temperature in San Francisco be between 88-89°F on September 8?,93758313010448056470692966090638074440215855878671147917017147342263442509135,No,2026-09-07T01:00:27+00:00,0.94
0x31cb1b3cb440765f8abec4daf3c5d625e19351bc72fe4c6a3d50298c72d5bd7a,San Francisco,Will the highest temperature in San Francisco be between 88-89°F on September 8?,93758313010448056470692966090638074440215855878671147917017147342263442509135,No,2026-09-07T02:00:27+00:00,0.955
0x31cb1b3cb440765f8abec4daf3c5d625e19351bc72fe4c6a3d50298c72d5bd7a,San Francisco,Will the highest temperature in San Francisco be between 88-89°F on September 8?,93758313010448056470692966090638074440215855878671147917017147342263442509135,No,2026-09-07T03:00:15+00:00,0.955
0x31cb1b3cb440765f8abec4daf3c5d625e19351bc72fe4c6a3d50298c72d5bd7a,San Francisco,Will the highest temperature in San Francisco be between 88-89°F on September 8?,93758313010448056470692966090638074440215855878671147917017147342263442509135,No,2026-09-07T04:00:13+00:00,0.955
0x31cb1b3cb440765f8abec4daf3c5d625e19351bc72fe4c6a3d50298c72d5bd7a,San Francisco,Will the highest temperature in San Francisco be between 88-89°F on September 8?,93758313010448056470692966090638074440215855878671147917017147342263442509135,No,2026-09-07T04:40:12+00:00,0.9925
0x53bdbcf77eac9c65c103c14fb8b7092f0c697427a45a50250a33ef8dce16646d,San Francisco,Will the highest temperature in San Francisco be 90°F or higher on September 8?,8272287655037988518300724482382846029566573896409982440119873841329893741607,Yes,2026-09-07T00:00:35+00:00,0.035
0x53bdbcf77eac9c65c103c14fb8b7092f0c697427a45a50250a33ef8dce16646d,San Francisco,Will the highest temperature in San Francisco be 90°F or higher on September 8?,8272287655037988518300724482382846029566573896409982440119873841329893741607,Yes,2026-09-07T01:00:33+00:00,0.015
0x53bdbcf77eac9c65c103c14fb8b7092f0c697427a45a50250a33ef8dce16646d,San Francisco,Will the highest temperature in San Francisco be 90°F or higher on September 8?,8272287655037988518300724482382846029566573896409982440119873841329893741607,Yes,2026-09-07T02:00:30+00:00,0.015
0x53bdbcf77eac9c65c103c14fb8b7092f0c697427a45a50250a33ef8dce16646d,San Francisco,Will the highest temperature in San Francisco be 90°F or higher on September 8?,8272287655037988518300724482382846029566573896409982440119873841329893741607,Yes,2026-09-07T03:00:20+00:00,0.01
0x53bdbcf77eac9c65c103c14fb8b7092f0c697427a45a50250a33ef8dce16646d,San Francisco,Will the highest temperature in San Francisco be 90°F or higher on September 8?,8272287655037988518300724482382846029566573896409982440119873841329893741607,Yes,2026-09-07T04:00:17+00:00,0.01
0x53bdbcf77eac9c65c103c14fb8b7092f0c697427a45a50250a33ef8dce16646d,San Francisco,Will the highest temperature in San Francisco be 90°F or higher on September 8?,8272287655037988518300724482382846029566573896409982440119873841329893741607,Yes,2026-09-07T04:40:15+00:00,0.01
0x53bdbcf77eac9c65c103c14fb8b7092f0c697427a45a50250a33ef8dce16646d,San Francisco,Will the highest temperature in San Francisco be 90°F or higher on September 8?,83949216981620771022441668157035552187721149011476891593128677886049870675532,No,2026-09-07T00:00:27+00:00,0.965
0x53bdbcf77eac9c65c103c14fb8b7092f0c697427a45a50250a33ef8dce16646d,San Francisco,Will the highest temperature in San Francisco be 90°F or higher on September 8?,83949216981620771022441668157035552187721149011476891593128677886049870675532,No,2026-09-07T01:00:25+00:00,0.985
0x53bdbcf77eac9c65c103c14fb8b7092f0c697427a45a50250a33ef8dce16646d,San Francisco,Will the highest temperature in San Francisco be 90°F or higher on September 8?,83949216981620771022441668157035552187721149011476891593128677886049870675532,No,2026-09-07T02:00:26+00:00,0.985
0x53bdbcf77eac9c65c103c14fb8b7092f0c697427a45a50250a33ef8dce16646d,San Francisco,Will the highest temperature in San Francisco be 90°F or higher on September 8?,83949216981620771022441668157035552187721149011476891593128677886049870675532,No,2026-09-07T03:00:14+00:00,0.99
0x53bdbcf77eac9c65c103c14fb8b7092f0c697427a45a50250a33ef8dce16646d,San Francisco,Will the highest temperature in San Francisco be 90°F or higher on September 8?,83949216981620771022441668157035552187721149011476891593128677886049870675532,No,2026-09-07T04:00:12+00:00,0.99
0x53bdbcf77eac9c65c103c14fb8b7092f0c697427a45a50250a33ef8dce16646d,San Francisco,Will the highest temperature in San Francisco be 90°F or higher on September 8?,83949216981620771022441668157035552187721149011476891593128677886049870675532,No,2026-09-07T04:40:11+00:00,0.99
0xa139d289134c049a05d5514381f781c36dc28cc55d95ae352aaa051ca2518e26,San Francisco,Will the lowest temperature in San Francisco be 47°F or below on September 7?,67458148146399429381366622208384466830457326784871532494979147941601915969048,Yes,2026-09-07T05:00:23+00:00,0.011
0xa139d289134c049a05d5514381f781c36dc28cc55d95ae352aaa051ca2518e26,San Francisco,Will the lowest temperature in San Francisco be 47°F or below on September 7?,67458148146399429381366622208384466830457326784871532494979147941601915969048,Yes,2026-09-07T06:00:19+00:00,0.011
0xa139d289134c049a05d5514381f781c36dc28cc55d95ae352aaa051ca2518e26,San Francisco,Will the lowest temperature in San Francisco be 47°F or below on September 7?,67458148146399429381366622208384466830457326784871532494979147941601915969048,Yes,2026-09-07T07:00:22+00:00,0.011
0xa139d289134c049a05d5514381f781c36dc28cc55d95ae352aaa051ca2518e26,San Francisco,Will the lowest temperature in San Francisco be 47°F or below on September 7?,67458148146399429381366622208384466830457326784871532494979147941601915969048,Yes,2026-09-07T08:00:20+00:00,0.006
0xa139d289134c049a05d5514381f781c36dc28cc55d95ae352aaa051ca2518e26,San Francisco,Will the lowest temperature in San Francisco be 47°F or below on September 7?,67458148146399429381366622208384466830457326784871532494979147941601915969048,Yes,2026-09-07T09:00:39+00:00,0.006
0xa139d289134c049a05d5514381f781c36dc28cc55d95ae352aaa051ca2518e26,San Francisco,Will the lowest temperature in San Francisco be 47°F or below on September 7?,67458148146399429381366622208384466830457326784871532494979147941601915969048,Yes,2026-09-07T10:00:19+00:00,0.0055
0xa139d289134c049a05d5514381f781c36dc28cc55d95ae352aaa051ca2518e26,San Francisco,Will the lowest temperature in San Francisco be 47°F or below on September 7?,67458148146399429381366622208384466830457326784871532494979147941601915969048,Yes,2026-09-07T11:00:20+00:00,0.0055
0xa139d289134c049a05d5514381f781c36dc28cc55d95ae352aaa051ca2518e26,San Francisco,Will the lowest temperature in San Francisco be 47°F or below on September 7?,67458148146399429381366622208384466830457326784871532494979147941601915969048,Yes,2026-09-07T12:00:26+00:00,0.0055
0xa139d289134c049a05d5514381f781c36dc28cc55d95ae352aaa051ca2518e26,San Francisco,Will the lowest temperature in San Francisco be 47°F or below on September 7?,67458148146399429381366622208384466830457326784871532494979147941601915969048,Yes,2026-09-07T12:31:15+00:00,0.0035
0xa139d289134c049a05d5514381f781c36dc28cc55d95ae352aaa051ca2518e26,San Francisco,Will the lowest temperature in San Francisco be 47°F or below on September 7?,30611536661726162569681305340371504574508749955712908688813224712243651440805,No,2026-09-07T05:00:21+00:00,0.989
0xa139d289134c049a05d5514381f781c36dc28cc55d95ae352aaa051ca2518e26,San Francisco,Will the lowest temperature in San Francisco be 47°F or below on September 7?,30611536661726162569681305340371504574508749955712908688813224712243651440805,No,2026-09-07T06:00:17+00:00,0.989
0xa139d289134c049a05d5514381f781c36dc28cc55d95ae352aaa051ca2518e26,San Francisco,Will the lowest temperature in San Francisco be 47°F or below on September 7?,30611536661726162569681305340371504574508749955712908688813224712243651440805,No,2026-09-07T07:00:18+00:00,0.989
0xa139d289134c049a05d5514381f781c36dc28cc55d95ae352aaa051ca2518e26,San Francisco,Will the lowest temperature in San Francisco be 47°F or below on September 7?,30611536661726162569681305340371504574508749955712908688813224712243651440805,No,2026-09-07T08:00:18+00:00,0.994
0xa139d289134c049a05d5514381f781c36dc28cc55d95ae352aaa051ca2518e26,San Francisco,Will the lowest temperature in San Francisco be 47°F or below on September 7?,30611536661726162569681305340371504574508749955712908688813224712243651440805,No,2026-09-07T09:00:35+00:00,0.994
0xa139d289134c049a05d5514381f781c36dc28cc55d95ae352aaa051ca2518e26,San Francisco,Will the lowest temperature in San Francisco be 47°F or below on September 7?,30611536661726162569681305340371504574508749955712908688813224712243651440805,No,2026-09-07T10:00:17+00:00,0.9945
0xa139d289134c049a05d5514381f781c36dc28cc55d95ae352aaa051ca2518e26,San Francisco,Will the lowest temperature in San Francisco be 47°F or below on September 7?,30611536661726162569681305340371504574508749955712908688813224712243651440805,No,2026-09-07T11:00:17+00:00,0.9945
0xa139d289134c049a05d5514381f781c36dc28cc55d95ae352aaa051ca2518e26,San Francisco,Will the lowest temperature in San Francisco be 47°F or below on September 7?,30611536661726162569681305340371504574508749955712908688813224712243651440805,No,2026-09-07T12:00:22+00:00,0.9945
0xa139d289134c049a05d5514381f781c36dc28cc55d95ae352aaa051ca2518e26,San Francisco,Will the lowest temperature in San Francisco be 47°F or below on September 7?,30611536661726162569681305340371504574508749955712908688813224712243651440805,No,2026-09-07T12:31:14+00:00,0.9965
0xa1320181ab6dbc6b982337978a506509a056d0bafe8f18108e57f8f711b1ae64,San Francisco,Will the lowest temperature in San Francisco be between 48-49°F on September 7?,6043562436994754341388484189735979854010193370208989258219487692417799499191,Yes,2026-09-07T05:00:17+00:00,0.0455
0xa1320181ab6dbc6b982337978a506509a056d0bafe8f18108e57f8f711b1ae64,San Francisco,Will the lowest temperature in San Francisco be between 48-49°F on September 7?,6043562436994754341388484189735979854010193370208989258219487692417799499191,Yes,2026-09-07T06:00:13+00:00,0.0455
0xa1320181ab6dbc6b982337978a506509a056d0bafe8f18108e57f8f711b1ae64,San Francisco,Will the lowest temperature in San Francisco be between 48-49°F on September 7?,6043562436994754341388484189735979854010193370208989258219487692417799499191,Yes,2026-09-07T07:00:13+00:00,0.2495
0xa1320181ab6dbc6b982337978a506509a056d0bafe8f18108e57f8f711b1ae64,San Francisco,Will the lowest temperature in San Francisco be between 48-49°F on September 7?,6043562436994754341388484189735979854010193370208989258219487692417799499191,Yes,2026-09-07T08:00:15+00:00,0.245
0xa1320181ab6dbc6b982337978a506509a056d0bafe8f18108e57f8f711b1ae64,San Francisco,Will the lowest temperature in San Francisco be between 48-49°F on September 7?,6043562436994754341388484189735979854010193370208989258219487692417799499191,Yes,2026-09-07T09:00:30+00:00,0.245
0xa1320181ab6dbc6b982337978a506509a056d0bafe8f18108e57f8f711b1ae64,San Francisco,Will the lowest temperature in San Francisco be between 48-49°F on September 7?,6043562436994754341388484189735979854010193370208989258219487692417799499191,Yes,2026-09-07T10:00:13+00:00,0.2435
0xa1320181ab6dbc6b982337978a506509a056d0bafe8f18108e57f8f711b1ae64,San Francisco,Will the lowest temperature in San Francisco be between 48-49°F on September 7?,6043562436994754341388484189735979854010193370208989258219487692417799499191,Yes,2026-09-07T11:00:12+00:00,0.0055
0xa1320181ab6dbc6b982337978a506509a056d0bafe8f18108e57f8f711b1ae64,San Francisco,Will the lowest temperature in San Francisco be between 48-49°F on September 7?,6043562436994754341388484189735979854010193370208989258219487692417799499191,Yes,2026-09-07T12:00:16+00:00,0.0055
0xa1320181ab6dbc6b982337978a506509a056d0bafe8f18108e57f8f711b1ae64,San Francisco,Will the lowest temperature in San Francisco be between 48-49°F on September 7?,6043562436994754341388484189735979854010193370208989258219487692417799499191,Yes,2026-09-07T12:31:13+00:00,0.0035
0xa1320181ab6dbc6b982337978a506509a056d0bafe8f18108e57f8f711b1ae64,San Francisco,Will the lowest temperature in San Francisco be between 48-49°F on September 7?,86205773443438391292645615194691682246993304507908424270421042763594512693881,No,2026-09-07T05:00:20+00:00,0.9545
0xa1320181ab6dbc6b982337978a506509a056d0bafe8f18108e57f8f711b1ae64,San Francisco,Will the lowest temperature in San Francisco be between 48-49°F on September 7?,86205773443438391292645615194691682246993304507908424270421042763594512693881,No,2026-09-07T06:00:16+00:00,0.9545
0xa1320181ab6dbc6b982337978a506509a056d0bafe8f18108e57f8f711b1ae64,San Francisco,Will the lowest temperature in San Francisco be between 48-49°F on September 7?,86205773443438391292645615194691682246993304507908424270421042763594512693881,No,2026-09-07T07:00:17+00:00,0.7505
0xa1320181ab6dbc6b982337978a506509a056d0bafe8f18108e57f8f711b1ae64,San Francisco,Will the lowest temperature in San Francisco be between 48-49°F on September 7?,86205773443438391292645615194691682246993304507908424270421042763594512693881,No,2026-09-07T08:00:17+00:00,0.755
0xa1320181ab6dbc6b982337978a506509a056d0bafe8f18108e57f8f711b1ae64,San Francisco,Will the lowest temperature in San Francisco be between 48-49°F on September 7?,86205773443438391292645615194691682246993304507908424270421042763594512693881,No,2026-09-07T09:00:34+00:00,0.755
0xa1320181ab6dbc6b982337978a506509a056d0bafe8f18108e57f8f711b1ae64,San Francisco,Will the lowest temperature in San Francisco be between 48-49°F on September 7?,86205773443438391292645615194691682246993304507908424270421042763594512693881,No,2026-09-07T10:00:16+00:00,0.7565
0xa1320181ab6dbc6b982337978a506509a056d0bafe8f18108e57f8f711b1ae64,San Francisco,Will the lowest temperature in San Francisco be between 48-49°F on September 7?,86205773443438391292645615194691682246993304507908424270421042763594512693881,No,2026-09-07T11:00:16+00:00,0.9945
0xa1320181ab6dbc6b982337978a506509a056d0bafe8f18108e57f8f711b1ae64,San Francisco,Will the lowest temperature in San Francisco be between 48-49°F on September 7?,86205773443438391292645615194691682246993304507908424270421042763594512693881,No,2026-09-07T12:00:20+00:00,0.9945
0xa1320181ab6dbc6b982337978a506509a056d0bafe8f18108e57f8f711b1ae64,San Francisco,Will the lowest temperature in San Francisco be between 48-49°F on September 7?,86205773443438391292645615194691682246993304507908424270421042763594512693881,No,2026-09-07T12:31:14+00:00,0.9965
0xbcf2bd0b5608360c6b90ae85805230a3baa234e56df56261afff8eee09b58a16,San Francisco,Will the lowest temperature in San Francisco be between 50-51°F on September 7?,55190799646584386491206421840508762298670100903513330396860956900970100007403,Yes,2026-09-07T05:00:22+00:00,0.06
0xbcf2bd0b5608360c6b90ae85805230a3baa234e56df56261afff8eee09b58a16,San Francisco,Will the lowest temperature in San Francisco be between 50-51°F on September 7?,55190799646584386491206421840508762298670100903513330396860956900970100007403,Yes,2026-09-07T06:00:19+00:00,0.16
0xbcf2bd0b5608360c6b90ae85805230a3baa234e56df56261afff8eee09b58a16,San Francisco,Will the lowest temperature in San Francisco be between 50-51°F on September 7?,55190799646584386491206421840508762298670100903513330396860956900970100007403,Yes,2026-09-07T07:00:21+00:00,0.175
0xbcf2bd0b5608360c6b90ae85805230a3baa234e56df56261afff8eee09b58a16,San Francisco,Will the lowest temperature in San Francisco be between 50-51°F on September 7?,55190799646584386491206421840508762298670100903513330396860956900970100007403,Yes,2026-09-07T08:00:20+00:00,0.175
0xbcf2bd0b5608360c6b90ae85805230a3baa234e56df56261afff8eee09b58a16,San Francisco,Will the lowest temperature in San Francisco be between 50-51°F on September 7?,55190799646584386491206421840508762298670100903513330396860956900970100007403,Yes,2026-09-07T09:00:38+00:00,0.175
0xbcf2bd0b5608360c6b90ae85805230a3baa234e56df56261afff8eee09b58a16,San Francisco,Will the lowest temperature in San Francisco be between 50-51°F on September 7?,55190799646584386491206421840508762298670100903513330396860956900970100007403,Yes,2026-09-07T10:00:18+00:00,0.175
0xbcf2bd0b5608360c6b90ae85805230a3baa234e56df56261afff8eee09b58a16,San Francisco,Will the lowest temperature in San Francisco be between 50-51°F on September 7?,55190799646584386491206421840508762298670100903513330396860956900970100007403,Yes,2026-09-07T11:00:19+00:00,0.175
0xbcf2bd0b5608360c6b90ae85805230a3baa234e56df56261afff8eee09b58a16,San Francisco,Will the lowest temperature in San Francisco be between 50-51°F on September 7?,55190799646584386491206421840508762298670100903513330396860956900970100007403,Yes,2026-09-07T12:00:25+00:00,0.175
0xbcf2bd0b5608360c6b90ae85805230a3baa234e56df56261afff8eee09b58a16,San Francisco,Will the lowest temperature in San Francisco be between 50-51°F on September 7?,55190799646584386491206421840508762298670100903513330396860956900970100007403,Yes,2026-09-07T12:31:15+00:00,0.175
0xbcf2bd0b5608360c6b90ae85805230a3baa234e56df56261afff8eee09b58a16,San Francisco,Will the lowest temperature in San Francisco be between 50-51°F on September 7?,64052526605815590110406048866881806085804875074427653984666130425467989676993,No,2026-09-07T05:00:19+00:00,0.94
0xbcf2bd0b5608360c6b90ae85805230a3baa234e56df56261afff8eee09b58a16,San Francisco,Will the lowest temperature in San Francisco be between 50-51°F on September 7?,64052526605815590110406048866881806085804875074427653984666130425467989676993,No,2026-09-07T06:00:15+00:00,0.84
0xbcf2bd0b5608360c6b90ae85805230a3baa234e56df56261afff8eee09b58a16,San Francisco,Will the lowest temperature in San Francisco be between 50-51°F on September 7?,64052526605815590110406048866881806085804875074427653984666130425467989676993,No,2026-09-07T07:00:15+00:00,0.825
0xbcf2bd0b5608360c6b90ae85805230a3baa234e56df56261afff8eee09b58a16,San Francisco,Will the lowest temperature in San Francisco be between 50-51°F on September 7?,64052526605815590110406048866881806085804875074427653984666130425467989676993,No,2026-09-07T08:00:17+00:00,0.825
0xbcf2bd0b5608360c6b90ae85805230a3baa234e56df56261afff8eee09b58a16,San Francisco,Will the lowest temperature in San Francisco be between 50-51°F on September 7?,64052526605815590110406048866881806085804875074427653984666130425467989676993,No,2026-09-07T09:00:32+00:00,0.825
0xbcf2bd0b5608360c6b90ae85805230a3baa234e56df56261afff8eee09b58a16,San Francisco,Will the lowest temperature in San Francisco be between 50-51°F on September 7?,64052526605815590110406048866881806085804875074427653984666130425467989676993,No,2026-09-07T10:00:15+00:00,0.825
0xbcf2bd0b5608360c6b90ae85805230a3baa234e56df56261afff8eee09b58a16,San Francisco,Will the lowest temperature in San Francisco be between 50-51°F on September 7?,64052526605815590110406048866881806085804875074427653984666130425467989676993,No,2026-09-07T11:00:14+00:00,0.825
0xbcf2bd0b5608360c6b90ae85805230a3baa234e56df56261afff8eee09b58a16,San Francisco,Will the lowest temperature in San Francisco be between 50-51°F on September 7?,64052526605815590110406048866881806085804875074427653984666130425467989676993,No,2026-09-07T12:00:18+00:00,0.825
0xbcf2bd0b5608360c6b90ae85805230a3baa234e56df56261afff8eee09b58a16,San Francisco,Will the lowest temperature in San Francisco be between 50-51°F on September 7?,64052526605815590110406048866881806085804875074427653984666130425467989676993,No,2026-09-07T12:31:14+00:00,0.825
0x7ca730efedb727b546648459f7a7e08befc9eea872d3ffc6719e436b336f46e0,San Francisco,Will the lowest temperature in San Francisco be between 52-53°F on September 7?,112452371521624871031223619296932439975302555607874939076302006856106675459440,Yes,2026-09-07T05:00:20+00:00,0.165
0x7ca730efedb727b546648459f7a7e08befc9eea872d3ffc6719e436b336f46e0,San Francisco,Will the lowest temperature in San Francisco be between 52-53°F on September 7?,112452371521624871031223619296932439975302555607874939076302006856106675459440,Yes,2026-09-07T06:00:16+00:00,0.165
0x7ca730efedb727b546648459f7a7e08befc9eea872d3ffc6719e436b336f46e0,San Francisco,Will the lowest temperature in San Francisco be between 52-53°F on September 7?,112452371521624871031223619296932439975302555607874939076302006856106675459440,Yes,2026-09-07T07:00:17+00:00,0.255
0x7ca730efedb727b546648459f7a7e08befc9eea872d3ffc6719e436b336f46e0,San Francisco,Will the lowest temperature in San Francisco be between 52-53°F on September 7?,112452371521624871031223619296932439975302555607874939076302006856106675459440,Yes,2026-09-07T08:00:17+00:00,0.26
0x7ca730efedb727b546648459f7a7e08befc9eea872d3ffc6719e436b336f46e0,San Francisco,Will the lowest temperature in San Francisco be between 52-53°F on September 7?,112452371521624871031223619296932439975302555607874939076302006856106675459440,Yes,2026-09-07T09:00:34+00:00,0.26
0x7ca730efedb727b546648459f7a7e08befc9eea872d3ffc6719e436b336f46e0,San Francisco,Will the lowest temperature in San Francisco be between 52-53°F on September 7?,112452371521624871031223619296932439975302555607874939076302006856106675459440,Yes,2026-09-07T10:00:16+00:00,0.26
0x7ca730efedb727b546648459f7a7e08befc9eea872d3ffc6719e436b336f46e0,San Francisco,Will the lowest temperature in San Francisco be between 52-53°F on September 7?,112452371521624871031223619296932439975302555607874939076302006856106675459440,Yes,2026-09-07T11:00:16+00:00,0.28
0x7ca730efedb727b546648459f7a7e08befc9eea872d3ffc6719e436b336f46e0,San Francisco,Will the lowest temperature in San Francisco be between 52-53°F on September 7?,112452371521624871031223619296932439975302555607874939076302006856106675459440,Yes,2026-09-07T12:00:20+00:00,0.36
0x7ca730efedb727b546648459f7a7e08befc9eea872d3ffc6719e436b336f46e0,San Francisco,Will the lowest temperature in San Francisco be between 52-53°F on September 7?,112452371521624871031223619296932439975302555607874939076302006856106675459440,Yes,2026-09-07T12:31:14+00:00,0.34
0x7ca730efedb727b546648459f7a7e08befc9eea872d3ffc6719e436b336f46e0,San Francisco,Will the lowest temperature in San Francisco be between 52-53°F on September 7?,4724390307469275687338914191145589169673885315332759389255972325145636739132,No,2026-09-07T05:00:20+00:00,0.835
0x7ca730efedb727b546648459f7a7e08befc9eea872d3ffc6719e436b336f46e0,San Francisco,Will the lowest temperature in San Francisco be between 52-53°F on September 7?,4724390307469275687338914191145589169673885315332759389255972325145636739132,No,2026-09-07T06:00:15+00:00,0.835
0x7ca730efedb727b546648459f7a7e08befc9eea872d3ffc6719e436b336f46e0,San Francisco,Will the lowest temperature in San Francisco be between 52-53°F on September 7?,4724390307469275687338914191145589169673885315332759389255972325145636739132,No,2026-09-07T07:00:16+00:00,0.745
0x7ca730efedb727b546648459f7a7e08befc9eea872d3ffc6719e436b336f46e0,San Francisco,Will the lowest temperature in San Francisco be between 52-53°F on September 7?,4724390307469275687338914191145589169673885315332759389255972325145636739132,No,2026-09-07T08:00:17+00:00,0.74
0x7ca730efedb727b546648459f7a7e08befc9eea872d3ffc6719e436b336f46e0,San Francisco,Will the lowest temperature in San Francisco be between 52-53°F on September 7?,4724390307469275687338914191145589169673885315332759389255972325145636739132,No,2026-09-07T09:00:33+00:00,0.74
0x7ca730efedb727b546648459f7a7e08befc9eea872d3ffc6719e436b336f46e0,San Francisco,Will the lowest temperature in San Francisco be between 52-53°F on September 7?,4724390307469275687338914191145589169673885315332759389255972325145636739132,No,2026-09-07T10:00:15+00:00,0.74
0x7ca730efedb727b546648459f7a7e08befc9eea872d3ffc6719e436b336f46e0,San Francisco,Will the lowest temperature in San Francisco be between 52-53°F on September 7?,4724390307469275687338914191145589169673885315332759389255972325145636739132,No,2026-09-07T11:00:15+00:00,0.72
0x7ca730efedb727b546648459f7a7e08befc9eea872d3ffc6719e436b336f46e0,San Francisco,Will the lowest temperature in San Francisco be between 52-53°F on September 7?,4724390307469275687338914191145589169673885315332759389255972325145636739132,No,2026-09-07T12:00:20+00:00,0.64
0x7ca730efedb727b546648459f7a7e08befc9eea872d3ffc6719e436b336f46e0,San Francisco,Will the lowest temperature in San Francisco be between 52-53°F on September 7?,4724390307469275687338914191145589169673885315332759389255972325145636739132,No,2026-09-07T12:31:14+00:00,0.66
0xe26bb1a3e163a5ab7fab2afaee2091476eaa4520579f3fe177f87f4c5f7f6c1e,San Francisco,Will the lowest temperature in San Francisco be between 54-55°F on September 7?,23580723731779238742193367372618995277653379556035142574367492446507103027274,Yes,2026-09-07T05:00:22+00:00,0.225
0xe26bb1a3e163a5ab7fab2afaee2091476eaa4520579f3fe177f87f4c5f7f6c1e,San Francisco,Will the lowest temperature in San Francisco be between 54-55°F on September 7?,23580723731779238742193367372618995277653379556035142574367492446507103027274,Yes,2026-09-07T06:00:19+00:00,0.265
0xe26bb1a3e163a5ab7fab2afaee2091476eaa4520579f3fe177f87f4c5f7f6c1e,San Francisco,Will the lowest temperature in San Francisco be between 54-55°F on September 7?,23580723731779238742193367372618995277653379556035142574367492446507103027274,Yes,2026-09-07T07:00:21+00:00,0.225
0xe26bb1a3e163a5ab7fab2afaee2091476eaa4520579f3fe177f87f4c5f7f6c1e,San Francisco,Will the lowest temperature in San Francisco be between 54-55°F on September 7?,23580723731779238742193367372618995277653379556035142574367492446507103027274,Yes,2026-09-07T08:00:20+00:00,0.235
0xe26bb1a3e163a5ab7fab2afaee2091476eaa4520579f3fe177f87f4c5f7f6c1e,San Francisco,Will the lowest temperature in San Francisco be between 54-55°F on September 7?,23580723731779238742193367372618995277653379556035142574367492446507103027274,Yes,2026-09-07T09:00:38+00:00,0.235
0xe26bb1a3e163a5ab7fab2afaee2091476eaa4520579f3fe177f87f4c5f7f6c1e,San Francisco,Will the lowest temperature in San Francisco be between 54-55°F on September 7?,23580723731779238742193367372618995277653379556035142574367492446507103027274,Yes,2026-09-07T10:00:18+00:00,0.235
0xe26bb1a3e163a5ab7fab2afaee2091476eaa4520579f3fe177f87f4c5f7f6c1e,San Francisco,Will the lowest temperature in San Francisco be between 54-55°F on September 7?,23580723731779238742193367372618995277653379556035142574367492446507103027274,Yes,2026-09-07T11:00:19+00:00,0.235
0xe26bb1a3e163a5ab7fab2afaee2091476eaa4520579f3fe177f87f4c5f7f6c1e,San Francisco,Will the lowest temperature in San Francisco be between 54-55°F on September 7?,23580723731779238742193367372618995277653379556035142574367492446507103027274,Yes,2026-09-07T12:00:25+00:00,0.235
0xe26bb1a3e163a5ab7fab2afaee2091476eaa4520579f3fe177f87f4c5f7f6c1e,San Francisco,Will the lowest temperature in San Francisco be between 54-55°F on September 7?,23580723731779238742193367372618995277653379556035142574367492446507103027274,Yes,2026-09-07T12:31:15+00:00,0.235
0xe26bb1a3e163a5ab7fab2afaee2091476eaa4520579f3fe177f87f4c5f7f6c1e,San Francisco,Will the lowest temperature in San Francisco be between 54-55°F on September 7?,62394806198174542564335042250751945534562639324320696324814437686276535713448,No,2026-09-07T05:00:18+00:00,0.775
0xe26bb1a3e163a5ab7fab2afaee2091476eaa4520579f3fe177f87f4c5f7f6c1e,San Francisco,Will the lowest temperature in San Francisco be between 54-55°F on September 7?,62394806198174542564335042250751945534562639324320696324814437686276535713448,No,2026-09-07T06:00:14+00:00,0.735
0xe26bb1a3e163a5ab7fab2afaee2091476eaa4520579f3fe177f87f4c5f7f6c1e,San Francisco,Will the lowest temperature in San Francisco be between 54-55°F on September 7?,62394806198174542564335042250751945534562639324320696324814437686276535713448,No,2026-09-07T07:00:14+00:00,0.775
0xe26bb1a3e163a5ab7fab2afaee2091476eaa4520579f3fe177f87f4c5f7f6c1e,San Francisco,Will the lowest temperature in San Francisco be between 54-55°F on September 7?,62394806198174542564335042250751945534562639324320696324814437686276535713448,No,2026-09-07T08:00:16+00:00,0.765
0xe26bb1a3e163a5ab7fab2afaee2091476eaa4520579f3fe177f87f4c5f7f6c1e,San Francisco,Will the lowest temperature in San Francisco be between 54-55°F on September 7?,62394806198174542564335042250751945534562639324320696324814437686276535713448,No,2026-09-07T09:00:31+00:00,0.765
0xe26bb1a3e163a5ab7fab2afaee2091476eaa4520579f3fe177f87f4c5f7f6c1e,San Francisco,Will the lowest temperature in San Francisco be between 54-55°F on September 7?,62394806198174542564335042250751945534562639324320696324814437686276535713448,No,2026-09-07T10:00:14+00:00,0.765
0xe26bb1a3e163a5ab7fab2afaee2091476eaa4520579f3fe177f87f4c5f7f6c1e,San Francisco,Will the lowest temperature in San Francisco be between 54-55°F on September 7?,62394806198174542564335042250751945534562639324320696324814437686276535713448,No,2026-09-07T11:00:14+00:00,0.765
0xe26bb1a3e163a5ab7fab2afaee2091476eaa4520579f3fe177f87f4c5f7f6c1e,San Francisco,Will the lowest temperature in San Francisco be between 54-55°F on September 7?,62394806198174542564335042250751945534562639324320696324814437686276535713448,No,2026-09-07T12:00:17+00:00,0.765
0xe26bb1a3e163a5ab7fab2afaee2091476eaa4520579f3fe177f87f4c5f7f6c1e,San Francisco,Will the lowest temperature in San Francisco be between 54-55°F on September 7?,62394806198174542564335042250751945534562639324320696324814437686276535713448,No,2026-09-07T12:31:13+00:00,0.765
0x3a54d4b083b78194b08fa13c99822d1f93dbc77d33be67b81959abdf56fb05b8,San Francisco,Will the lowest temperature in San Francisco be between 56-57°F on September 7?,13559311219979024425821007647850804628460611912014022962277458749731818648633,Yes,2026-09-07T05:00:20+00:00,0.54
0x3a54d4b083b78194b08fa13c99822d1f93dbc77d33be67b81959abdf56fb05b8,San Francisco,Will the lowest temperature in San Francisco be between 56-57°F on September 7?,13559311219979024425821007647850804628460611912014022962277458749731818648633,Yes,2026-09-07T06:00:16+00:00,0.54
0x3a54d4b083b78194b08fa13c99822d1f93dbc77d33be67b81959abdf56fb05b8,San Francisco,Will the lowest temperature in San Francisco be between 56-57°F on September 7?,13559311219979024425821007647850804628460611912014022962277458749731818648633,Yes,2026-09-07T07:00:17+00:00,0.54
0x3a54d4b083b78194b08fa13c99822d1f93dbc77d33be67b81959abdf56fb05b8,San Francisco,Will the lowest temperature in San Francisco be between 56-57°F on September 7?,13559311219979024425821007647850804628460611912014022962277458749731818648633,Yes,2026-09-07T08:00:17+00:00,0.37
0x3a54d4b083b78194b08fa13c99822d1f93dbc77d33be67b81959abdf56fb05b8,San Francisco,Will the lowest temperature in San Francisco be between 56-57°F on September 7?,13559311219979024425821007647850804628460611912014022962277458749731818648633,Yes,2026-09-07T09:00:34+00:00,0.37
0x3a54d4b083b78194b08fa13c99822d1f93dbc77d33be67b81959abdf56fb05b8,San Francisco,Will the lowest temperature in San Francisco be between 56-57°F on September 7?,13559311219979024425821007647850804628460611912014022962277458749731818648633,Yes,2026-09-07T10:00:16+00:00,0.37
0x3a54d4b083b78194b08fa13c99822d1f93dbc77d33be67b81959abdf56fb05b8,San Francisco,Will the lowest temperature in San Francisco be between 56-57°F on September 7?,13559311219979024425821007647850804628460611912014022962277458749731818648633,Yes,2026-09-07T11:00:16+00:00,0.41
0x3a54d4b083b78194b08fa13c99822d1f93dbc77d33be67b81959abdf56fb05b8,San Francisco,Will the lowest temperature in San Francisco be between 56-57°F on September 7?,13559311219979024425821007647850804628460611912014022962277458749731818648633,Yes,2026-09-07T12:00:20+00:00,0.5
0x3a54d4b083b78194b08fa13c99822d1f93dbc77d33be67b81959abdf56fb05b8,San Francisco,Will the lowest temperature in San Francisco be between 56-57°F on September 7?,13559311219979024425821007647850804628460611912014022962277458749731818648633,Yes,2026-09-07T12:31:14+00:00,0.56
0x3a54d4b083b78194b08fa13c99822d1f93dbc77d33be67b81959abdf56fb05b8,San Francisco,Will the lowest temperature in San Francisco be between 56-57°F on September 7?,108847904681032382957082244015732967670321705744443206324446071753773313126020,No,2026-09-07T05:00:22+00:00,0.46
0x3a54d4b083b78194b08fa13c99822d1f93dbc77d33be67b81959abdf56fb05b8,San Francisco,Will the lowest temperature in San Francisco be between 56-57°F on September 7?,108847904681032382957082244015732967670321705744443206324446071753773313126020,No,2026-09-07T06:00:18+00:00,0.46
0x3a54d4b083b78194b08fa13c99822d1f93dbc77d33be67b81959abdf56fb05b8,San Francisco,Will the lowest temperature in San Francisco be between 56-57°F on September 7?,108847904681032382957082244015732967670321705744443206324446071753773313126020,No,2026-09-07T07:00:21+00:00,0.46
0x3a54d4b083b78194b08fa13c99822d1f93dbc77d33be67b81959abdf56fb05b8,San Francisco,Will the lowest temperature in San Francisco be between 56-57°F on September 7?,108847904681032382957082244015732967670321705744443206324446071753773313126020,No,2026-09-07T08:00:19+00:00,0.63
0x3a54d4b083b78194b08fa13c99822d1f93dbc77d33be67b81959abdf56fb05b8,San Francisco,Will the lowest temperature in San Francisco be between 56-57°F on September 7?,108847904681032382957082244015732967670321705744443206324446071753773313126020,No,2026-09-07T09:00:38+00:00,0.63
0x3a54d4b083b78194b08fa13c99822d1f93dbc77d33be67b81959abdf56fb05b8,San Francisco,Will the lowest temperature in San Francisco be between 56-57°F on September 7?,108847904681032382957082244015732967670321705744443206324446071753773313126020,No,2026-09-07T10:00:18+00:00,0.63
0x3a54d4b083b78194b08fa13c99822d1f93dbc77d33be67b81959abdf56fb05b8,San Francisco,Will the lowest temperature in San Francisco be between 56-57°F on September 7?,108847904681032382957082244015732967670321705744443206324446071753773313126020,No,2026-09-07T11:00:19+00:00,0.59
0x3a54d4b083b78194b08fa13c99822d1f93dbc77d33be67b81959abdf56fb05b8,San Francisco,Will the lowest temperature in San Francisco be between 56-57°F on September 7?,108847904681032382957082244015732967670321705744443206324446071753773313126020,No,2026-09-07T12:00:24+00:00,0.5
0x3a54d4b083b78194b08fa13c99822d1f93dbc77d33be67b81959abdf56fb05b8,San Francisco,Will the lowest temperature in San Francisco be between 56-57°F on September 7?,108847904681032382957082244015732967670321705744443206324446071753773313126020,No,2026-09-07T12:31:15+00:00,0.44
0x6c4c32e36b1643079fc0296f60cda6a63834308c9b2bd1493336d5ebf2bd350a,San Francisco,Will the lowest temperature in San Francisco be between 58-59°F on September 7?,108740795533401962857351865441667764216902085945801623259676280708636847934301,Yes,2026-09-07T05:00:18+00:00,0.265
0x6c4c32e36b1643079fc0296f60cda6a63834308c9b2bd1493336d5ebf2bd350a,San Francisco,Will the lowest temperature in San Francisco be between 58-59°F on September 7?,108740795533401962857351865441667764216902085945801623259676280708636847934301,Yes,2026-09-07T06:00:14+00:00,0.265
0x6c4c32e36b1643079fc0296f60cda6a63834308c9b2bd1493336d5ebf2bd350a,San Francisco,Will the lowest temperature in San Francisco be between 58-59°F on September 7?,108740795533401962857351865441667764216902085945801623259676280708636847934301,Yes,2026-09-07T07:00:14+00:00,0.28
0x6c4c32e36b1643079fc0296f60cda6a63834308c9b2bd1493336d5ebf2bd350a,San Francisco,Will the lowest temperature in San Francisco be between 58-59°F on September 7?,108740795533401962857351865441667764216902085945801623259676280708636847934301,Yes,2026-09-07T08:00:16+00:00,0.28
0x6c4c32e36b1643079fc0296f60cda6a63834308c9b2bd1493336d5ebf2bd350a,San Francisco,Will the lowest temperature in San Francisco be between 58-59°F on September 7?,108740795533401962857351865441667764216902085945801623259676280708636847934301,Yes,2026-09-07T09:00:31+00:00,0.28
0x6c4c32e36b1643079fc0296f60cda6a63834308c9b2bd1493336d5ebf2bd350a,San Francisco,Will the lowest temperature in San Francisco be between 58-59°F on September 7?,108740795533401962857351865441667764216902085945801623259676280708636847934301,Yes,2026-09-07T10:00:14+00:00,0.28
0x6c4c32e36b1643079fc0296f60cda6a63834308c9b2bd1493336d5ebf2bd350a,San Francisco,Will the lowest temperature in San Francisco be between 58-59°F on September 7?,108740795533401962857351865441667764216902085945801623259676280708636847934301,Yes,2026-09-07T11:00:13+00:00,0.005
0x6c4c32e36b1643079fc0296f60cda6a63834308c9b2bd1493336d5ebf2bd350a,San Francisco,Will the lowest temperature in San Francisco be between 58-59°F on September 7?,108740795533401962857351865441667764216902085945801623259676280708636847934301,Yes,2026-09-07T12:00:17+00:00,0.0005
0x6c4c32e36b1643079fc0296f60cda6a63834308c9b2bd1493336d5ebf2bd350a,San Francisco,Will the lowest temperature in San Francisco be between 58-59°F on September 7?,108740795533401962857351865441667764216902085945801623259676280708636847934301,Yes,2026-09-07T12:31:13+00:00,0.0005
0x6c4c32e36b1643079fc0296f60cda6a63834308c9b2bd1493336d5ebf2bd350a,San Francisco,Will the lowest temperature in San Francisco be between 58-59°F on September 7?,107433800388918651451132408857203751550516952154599173713003757635388431919549,No,2026-09-07T05:00:21+00:00,0.735
0x6c4c32e36b1643079fc0296f60cda6a63834308c9b2bd1493336d5ebf2bd350a,San Francisco,Will the lowest temperature in San Francisco be between 58-59°F on September 7?,107433800388918651451132408857203751550516952154599173713003757635388431919549,No,2026-09-07T06:00:17+00:00,0.735
0x6c4c32e36b1643079fc0296f60cda6a63834308c9b2bd1493336d5ebf2bd350a,San Francisco,Will the lowest temperature in San Francisco be between 58-59°F on September 7?,107433800388918651451132408857203751550516952154599173713003757635388431919549,No,2026-09-07T07:00:19+00:00,0.72
0x6c4c32e36b1643079fc0296f60cda6a63834308c9b2bd1493336d5ebf2bd350a,San Francisco,Will the lowest temperature in San Francisco be between 58-59°F on September 7?,107433800388918651451132408857203751550516952154599173713003757635388431919549,No,2026-09-07T08:00:18+00:00,0.72
0x6c4c32e36b1643079fc0296f60cda6a63834308c9b2bd1493336d5ebf2bd350a,San Francisco,Will the lowest temperature in San Francisco be between 58-59°F on September 7?,107433800388918651451132408857203751550516952154599173713003757635388431919549,No,2026-09-07T09:00:36+00:00,0.72
0x6c4c32e36b1643079fc0296f60cda6a63834308c9b2bd1493336d5ebf2bd350a,San Francisco,Will the lowest temperature in San Francisco be between 58-59°F on September 7?,107433800388918651451132408857203751550516952154599173713003757635388431919549,No,2026-09-07T10:00:17+00:00,0.72
0x6c4c32e36b1643079fc0296f60cda6a63834308c9b2bd1493336d5ebf2bd350a,San Francisco,Will the lowest temperature in San Francisco be between 58-59°F on September 7?,107433800388918651451132408857203751550516952154599173713003757635388431919549,No,2026-09-07T11:00:17+00:00,0.995
0x6c4c32e36b1643079fc0296f60cda6a63834308c9b2bd1493336d5ebf2bd350a,San Francisco,Will the lowest temperature in San Francisco be between 58-59°F on September 7?,107433800388918651451132408857203751550516952154599173713003757635388431919549,No,2026-09-07T12:00:22+00:00,0.9995
0x6c4c32e36b1643079fc0296f60cda6a63834308c9b2bd1493336d5ebf2bd350a,San Francisco,Will the lowest temperature in San Francisco be between 58-59°F on September 7?,107433800388918651451132408857203751550516952154599173713003757635388431919549,No,2026-09-07T12:31:15+00:00,0.9995
0xd4b198a64c3699b886cde6bd7dfd094d6ecf1750027eb38cf1cb295f36717162,San Francisco,Will the lowest temperature in San Francisco be between 60-61°F on September 7?,43607547756899093891164711463542772468841696940718280263992688116050074682211,Yes,2026-09-07T05:00:22+00:00,0.155
0xd4b198a64c3699b886cde6bd7dfd094d6ecf1750027eb38cf1cb295f36717162,San Francisco,Will the lowest temperature in San Francisco be between 60-61°F on September 7?,43607547756899093891164711463542772468841696940718280263992688116050074682211,Yes,2026-09-07T06:00:18+00:00,0.14
0xd4b198a64c3699b886cde6bd7dfd094d6ecf1750027eb38cf1cb295f36717162,San Francisco,Will the lowest temperature in San Francisco be between 60-61°F on September 7?,43607547756899093891164711463542772468841696940718280263992688116050074682211,Yes,2026-09-07T07:00:20+00:00,0.25
0xd4b198a64c3699b886cde6bd7dfd094d6ecf1750027eb38cf1cb295f36717162,San Francisco,Will the lowest temperature in San Francisco be between 60-61°F on September 7?,43607547756899093891164711463542772468841696940718280263992688116050074682211,Yes,2026-09-07T08:00:19+00:00,0.25
0xd4b198a64c3699b886cde6bd7dfd094d6ecf1750027eb38cf1cb295f36717162,San Francisco,Will the lowest temperature in San Francisco be between 60-61°F on September 7?,43607547756899093891164711463542772468841696940718280263992688116050074682211,Yes,2026-09-07T09:00:37+00:00,0.25
0xd4b198a64c3699b886cde6bd7dfd094d6ecf1750027eb38cf1cb295f36717162,San Francisco,Will the lowest temperature in San Francisco be between 60-61°F on September 7?,43607547756899093891164711463542772468841696940718280263992688116050074682211,Yes,2026-09-07T10:00:18+00:00,0.0005
0xd4b198a64c3699b886cde6bd7dfd094d6ecf1750027eb38cf1cb295f36717162,San Francisco,Will the lowest temperature in San Francisco be between 60-61°F on September 7?,43607547756899093891164711463542772468841696940718280263992688116050074682211,Yes,2026-09-07T11:00:18+00:00,0.0005
0xd4b198a64c3699b886cde6bd7dfd094d6ecf1750027eb38cf1cb295f36717162,San Francisco,Will the lowest temperature in San Francisco be between 60-61°F on September 7?,43607547756899093891164711463542772468841696940718280263992688116050074682211,Yes,2026-09-07T12:00:24+00:00,0.0005
0xd4b198a64c3699b886cde6bd7dfd094d6ecf1750027eb38cf1cb295f36717162,San Francisco,Will the lowest temperature in San Francisco be between 60-61°F on September 7?,43607547756899093891164711463542772468841696940718280263992688116050074682211,Yes,2026-09-07T12:31:15+00:00,0.0005
0xd4b198a64c3699b886cde6bd7dfd094d6ecf1750027eb38cf1cb295f36717162,San Francisco,Will the lowest temperature in San Francisco be between 60-61°F on September 7?,94740478321266996966938823410755756935525917922267392714696154329151389212482,No,2026-09-07T05:00:17+00:00,0.845
0xd4b198a64c3699b886cde6bd7dfd094d6ecf1750027eb38cf1cb295f36717162,San Francisco,Will the lowest temperature in San Francisco be between 60-61°F on September 7?,94740478321266996966938823410755756935525917922267392714696154329151389212482,No,2026-09-07T06:00:13+00:00,0.86
0xd4b198a64c3699b886cde6bd7dfd094d6ecf1750027eb38cf1cb295f36717162,San Francisco,Will the lowest temperature in San Francisco be between 60-61°F on September 7?,94740478321266996966938823410755756935525917922267392714696154329151389212482,No,2026-09-07T07:00:13+00:00,0.75
0xd4b198a64c3699b886cde6bd7dfd094d6ecf1750027eb38cf1cb295f36717162,San Francisco,Will the lowest temperature in San Francisco be between 60-61°F on September 7?,94740478321266996966938823410755756935525917922267392714696154329151389212482,No,2026-09-07T08:00:15+00:00,0.75
0xd4b198a64c3699b886cde6bd7dfd094d6ecf1750027eb38cf1cb295f36717162,San Francisco,Will the lowest temperature in San Francisco be between 60-61°F on September 7?,94740478321266996966938823410755756935525917922267392714696154329151389212482,No,2026-09-07T09:00:30+00:00,0.75
0xd4b198a64c3699b886cde6bd7dfd094d6ecf1750027eb38cf1cb295f36717162,San Francisco,Will the lowest temperature in San Francisco be between 60-61°F on September 7?,94740478321266996966938823410755756935525917922267392714696154329151389212482,No,2026-09-07T10:00:13+00:00,0.9995
0xd4b198a64c3699b886cde6bd7dfd094d6ecf1750027eb38cf1cb295f36717162,San Francisco,Will the lowest temperature in San Francisco be between 60-61°F on September 7?,94740478321266996966938823410755756935525917922267392714696154329151389212482,No,2026-09-07T11:00:12+00:00,0.9995
0xd4b198a64c3699b886cde6bd7dfd094d6ecf1750027eb38cf1cb295f36717162,San Francisco,Will the lowest temperature in San Francisco be between 60-61°F on September 7?,94740478321266996966938823410755756935525917922267392714696154329151389212482,No,2026-09-07T12:00:16+00:00,0.9995
0xd4b198a64c3699b886cde6bd7dfd094d6ecf1750027eb38cf1cb295f36717162,San Francisco,Will the lowest temperature in San Francisco be between 60-61°F on September 7?,94740478321266996966938823410755756935525917922267392714696154329151389212482,No,2026-09-07T12:31:13+00:00,0.9995
0x740a850d3679ad81e1c4aaa7eab992ce75b763abb99582224240c7642ef33219,San Francisco,Will the lowest temperature in San Francisco be between 62-63°F on September 7?,21157166066638366702531488279403556006262895330458666855226753243307769129535,Yes,2026-09-07T05:00:21+00:00,0.06
0x740a850d3679ad81e1c4aaa7eab992ce75b763abb99582224240c7642ef33219,San Francisco,Will the lowest temperature in San Francisco be between 62-63°F on September 7?,21157166066638366702531488279403556006262895330458666855226753243307769129535,Yes,2026-09-07T06:00:17+00:00,0.135
0x740a850d3679ad81e1c4aaa7eab992ce75b763abb99582224240c7642ef33219,San Francisco,Will the lowest temperature in San Francisco be between 62-63°F on September 7?,21157166066638366702531488279403556006262895330458666855226753243307769129535,Yes,2026-09-07T07:00:19+00:00,0.25
0x740a850d3679ad81e1c4aaa7eab992ce75b763abb99582224240c7642ef33219,San Francisco,Will the lowest temperature in San Francisco be between 62-63°F on September 7?,21157166066638366702531488279403556006262895330458666855226753243307769129535,Yes,2026-09-07T08:00:19+00:00,0.005
0x740a850d3679ad81e1c4aaa7eab992ce75b763abb99582224240c7642ef33219,San Francisco,Will the lowest temperature in San Francisco be between 62-63°F on September 7?,21157166066638366702531488279403556006262895330458666855226753243307769129535,Yes,2026-09-07T09:00:36+00:00,0.0005
0x740a850d3679ad81e1c4aaa7eab992ce75b763abb99582224240c7642ef33219,San Francisco,Will the lowest temperature in San Francisco be between 62-63°F on September 7?,21157166066638366702531488279403556006262895330458666855226753243307769129535,Yes,2026-09-07T10:00:17+00:00,0.0005
0x740a850d3679ad81e1c4aaa7eab992ce75b763abb99582224240c7642ef33219,San Francisco,Will the lowest temperature in San Francisco be between 62-63°F on September 7?,21157166066638366702531488279403556006262895330458666855226753243307769129535,Yes,2026-09-07T11:00:17+00:00,0.0005
0x740a850d3679ad81e1c4aaa7eab992ce75b763abb99582224240c7642ef33219,San Francisco,Will the lowest temperature in San Francisco be between 62-63°F on September 7?,21157166066638366702531488279403556006262895330458666855226753243307769129535,Yes,2026-09-07T12:00:22+00:00,0.0005
0x740a850d3679ad81e1c4aaa7eab992ce75b763abb99582224240c7642ef33219,San Francisco,Will the lowest temperature in San Francisco be between 62-63°F on September 7?,21157166066638366702531488279403556006262895330458666855226753243307769129535,Yes,2026-09-07T12:31:15+00:00,0.0005
0x740a850d3679ad81e1c4aaa7eab992ce75b763abb99582224240c7642ef33219,San Francisco,Will the lowest temperature in San Francisco be between 62-63°F on September 7?,83931553608540835076558883735184850370875006459587912530592504296545644649118,No,2026-09-07T05:00:19+00:00,0.94
0x740a850d3679ad81e1c4aaa7eab992ce75b763abb99582224240c7642ef33219,San Francisco,Will the lowest temperature in San Francisco be between 62-63°F on September 7?,83931553608540835076558883735184850370875006459587912530592504296545644649118,No,2026-09-07T06:00:15+00:00,0.865
0x740a850d3679ad81e1c4aaa7eab992ce75b763abb99582224240c7642ef33219,San Francisco,Will the lowest temperature in San Francisco be between 62-63°F on September 7?,83931553608540835076558883735184850370875006459587912530592504296545644649118,No,2026-09-07T07:00:16+00:00,0.75
0x740a850d3679ad81e1c4aaa7eab992ce75b763abb99582224240c7642ef33219,San Francisco,Will the lowest temperature in San Francisco be between 62-63°F on September 7?,83931553608540835076558883735184850370875006459587912530592504296545644649118,No,2026-09-07T08:00:17+00:00,0.995
0x740a850d3679ad81e1c4aaa7eab992ce75b763abb99582224240c7642ef33219,San Francisco,Will the lowest temperature in San Francisco be between 62-63°F on September 7?,83931553608540835076558883735184850370875006459587912530592504296545644649118,No,2026-09-07T09:00:33+00:00,0.9995
0x740a850d3679ad81e1c4aaa7eab992ce75b763abb99582224240c7642ef33219,San Francisco,Will the lowest temperature in San Francisco be between 62-63°F on September 7?,83931553608540835076558883735184850370875006459587912530592504296545644649118,No,2026-09-07T10:00:15+00:00,0.9995
0x740a850d3679ad81e1c4aaa7eab992ce75b763abb99582224240c7642ef33219,San Francisco,Will the lowest temperature in San Francisco be between 62-63°F on September 7?,83931553608540835076558883735184850370875006459587912530592504296545644649118,No,2026-09-07T11:00:15+00:00,0.9995
0x740a850d3679ad81e1c4aaa7eab992ce75b763abb99582224240c7642ef33219,San Francisco,Will the lowest temperature in San Francisco be between 62-63°F on September 7?,83931553608540835076558883735184850370875006459587912530592504296545644649118,No,2026-09-07T12:00:19+00:00,0.9995
0x740a850d3679ad81e1c4aaa7eab992ce75b763abb99582224240c7642ef33219,San Francisco,Will the lowest temperature in San Francisco be between 62-63°F on September 7?,83931553608540835076558883735184850370875006459587912530592504296545644649118,No,2026-09-07T12:31:14+00:00,0.9995
0x13749d356a395c8ff8dee2649ef46e835c3b54817f06c12d592a68ec229c395d,San Francisco,Will the lowest temperature in San Francisco be between 64-65°F on September 7?,54086394303958662629309818033781051558813753421557597575651728963385968593860,Yes,2026-09-07T05:00:22+00:00,0.0025
0x13749d356a395c8ff8dee2649ef46e835c3b54817f06c12d592a68ec229c395d,San Francisco,Will the lowest temperature in San Francisco be between 64-65°F on September 7?,54086394303958662629309818033781051558813753421557597575651728963385968593860,Yes,2026-09-07T06:00:19+00:00,0.0025
0x13749d356a395c8ff8dee2649ef46e835c3b54817f06c12d592a68ec229c395d,San Francisco,Will the lowest temperature in San Francisco be between 64-65°F on September 7?,54086394303958662629309818033781051558813753421557597575651728963385968593860,Yes,2026-09-07T07:00:21+00:00,0.0025
0x13749d356a395c8ff8dee2649ef46e835c3b54817f06c12d592a68ec229c395d,San Francisco,Will the lowest temperature in San Francisco be between 64-65°F on September 7?,54086394303958662629309818033781051558813753421557597575651728963385968593860,Yes,2026-09-07T08:00:20+00:00,0.0005
0x13749d356a395c8ff8dee2649ef46e835c3b54817f06c12d592a68ec229c395d,San Francisco,Will the lowest temperature in San Francisco be between 64-65°F on September 7?,54086394303958662629309818033781051558813753421557597575651728963385968593860,Yes,2026-09-07T09:00:38+00:00,0.0005
0x13749d356a395c8ff8dee2649ef46e835c3b54817f06c12d592a68ec229c395d,San Francisco,Will the lowest temperature in San Francisco be between 64-65°F on September 7?,54086394303958662629309818033781051558813753421557597575651728963385968593860,Yes,2026-09-07T10:00:18+00:00,0.0005
0x13749d356a395c8ff8dee2649ef46e835c3b54817f06c12d592a68ec229c395d,San Francisco,Will the lowest temperature in San Francisco be between 64-65°F on September 7?,54086394303958662629309818033781051558813753421557597575651728963385968593860,Yes,2026-09-07T11:00:19+00:00,0.0005
0x13749d356a395c8ff8dee2649ef46e835c3b54817f06c12d592a68ec229c395d,San Francisco,Will the lowest temperature in San Francisco be between 64-65°F on September 7?,54086394303958662629309818033781051558813753421557597575651728963385968593860,Yes,2026-09-07T12:00:25+00:00,0.0005
0x13749d356a395c8ff8dee2649ef46e835c3b54817f06c12d592a68ec229c395d,San Francisco,Will the lowest temperature in San Francisco be between 64-65°F on September 7?,54086394303958662629309818033781051558813753421557597575651728963385968593860,Yes,2026-09-07T12:31:15+00:00,0.0005
0x13749d356a395c8ff8dee2649ef46e835c3b54817f06c12d592a68ec229c395d,San Francisco,Will the lowest temperature in San Francisco be between 64-65°F on September 7?,112313340987802155838876123855238416468181906098940815679677594035845833879902,No,2026-09-07T05:00:20+00:00,0.9975
0x13749d356a395c8ff8dee2649ef46e835c3b54817f06c12d592a68ec229c395d,San Francisco,Will the lowest temperature in San Francisco be between 64-65°F on September 7?,112313340987802155838876123855238416468181906098940815679677594035845833879902,No,2026-09-07T06:00:16+00:00,0.9975
0x13749d356a395c8ff8dee2649ef46e835c3b54817f06c12d592a68ec229c395d,San Francisco,Will the lowest temperature in San Francisco be between 64-65°F on September 7?,112313340987802155838876123855238416468181906098940815679677594035845833879902,No,2026-09-07T07:00:17+00:00,0.9975
0x13749d356a395c8ff8dee2649ef46e835c3b54817f06c12d592a68ec229c395d,San Francisco,Will the lowest temperature in San Francisco be between 64-65°F on September 7?,112313340987802155838876123855238416468181906098940815679677594035845833879902,No,2026-09-07T08:00:18+00:00,0.9995
0x13749d356a395c8ff8dee2649ef46e835c3b54817f06c12d592a68ec229c395d,San Francisco,Will the lowest temperature in San Francisco be between 64-65°F on September 7?,112313340987802155838876123855238416468181906098940815679677594035845833879902,No,2026-09-07T09:00:34+00:00,0.9995
0x13749d356a395c8ff8dee2649ef46e835c3b54817f06c12d592a68ec229c395d,San Francisco,Will the lowest temperature in San Francisco be between 64-65°F on September 7?,112313340987802155838876123855238416468181906098940815679677594035845833879902,No,2026-09-07T10:00:16+00:00,0.9995
0x13749d356a395c8ff8dee2649ef46e835c3b54817f06c12d592a68ec229c395d,San Francisco,Will the lowest temperature in San Francisco be between 64-65°F on September 7?,112313340987802155838876123855238416468181906098940815679677594035845833879902,No,2026-09-07T11:00:16+00:00,0.9995
0x13749d356a395c8ff8dee2649ef46e835c3b54817f06c12d592a68ec229c395d,San Francisco,Will the lowest temperature in San Francisco be between 64-65°F on September 7?,112313340987802155838876123855238416468181906098940815679677594035845833879902,No,2026-09-07T12:00:21+00:00,0.9995
0x13749d356a395c8ff8dee2649ef46e835c3b54817f06c12d592a68ec229c395d,San Francisco,Will the lowest temperature in San Francisco be between 64-65°F on September 7?,112313340987802155838876123855238416468181906098940815679677594035845833879902,No,2026-09-07T12:31:14+00:00,0.9995
0x44d9907a2b66ef60667ec0e7d18d73942ba4ac6c125fb370e0122e32161539d6,San Francisco,Will the lowest temperature in San Francisco be 66°F or higher on September 7?,45251783225032346924329416221551314548493048327582166109518657651910593266290,Yes,2026-09-07T05:00:21+00:00,0.0025
0x44d9907a2b66ef60667ec0e7d18d73942ba4ac6c125fb370e0122e32161539d6,San Francisco,Will the lowest temperature in San Francisco be 66°F or higher on September 7?,45251783225032346924329416221551314548493048327582166109518657651910593266290,Yes,2026-09-07T06:00:17+00:00,0.0025
0x44d9907a2b66ef60667ec0e7d18d73942ba4ac6c125fb370e0122e32161539d6,San Francisco,Will the lowest temperature in San Francisco be 66°F or higher on September 7?,45251783225032346924329416221551314548493048327582166109518657651910593266290,Yes,2026-09-07T07:00:19+00:00,0.0025
0x44d9907a2b66ef60667ec0e7d18d73942ba4ac6c125fb370e0122e32161539d6,San Francisco,Will the lowest temperature in San Francisco be 66°F or higher on September 7?,45251783225032346924329416221551314548493048327582166109518657651910593266290,Yes,2026-09-07T08:00:18+00:00,0.0005
0x44d9907a2b66ef60667ec0e7d18d73942ba4ac6c125fb370e0122e32161539d6,San Francisco,Will the lowest temperature in San Francisco be 66°F or higher on September 7?,45251783225032346924329416221551314548493048327582166109518657651910593266290,Yes,2026-09-07T09:00:36+00:00,0.0005
0x44d9907a2b66ef60667ec0e7d18d73942ba4ac6c125fb370e0122e32161539d6,San Francisco,Will the lowest temperature in San Francisco be 66°F or higher on September 7?,45251783225032346924329416221551314548493048327582166109518657651910593266290,Yes,2026-09-07T10:00:17+00:00,0.0005
0x44d9907a2b66ef60667ec0e7d18d73942ba4ac6c125fb370e0122e32161539d6,San Francisco,Will the lowest temperature in San Francisco be 66°F or higher on September 7?,45251783225032346924329416221551314548493048327582166109518657651910593266290,Yes,2026-09-07T11:00:17+00:00,0.0005
0x44d9907a2b66ef60667ec0e7d18d73942ba4ac6c125fb370e0122e32161539d6,San Francisco,Will the lowest temperature in San Francisco be 66°F or higher on September 7?,45251783225032346924329416221551314548493048327582166109518657651910593266290,Yes,2026-09-07T12:00:22+00:00,0.0005
0x44d9907a2b66ef60667ec0e7d18d73942ba4ac6c125fb370e0122e32161539d6,San Francisco,Will the lowest temperature in San Francisco be 66°F or higher on September 7?,45251783225032346924329416221551314548493048327582166109518657651910593266290,Yes,2026-09-07T12:31:14+00:00,0.0005
0x44d9907a2b66ef60667ec0e7d18d73942ba4ac6c125fb370e0122e32161539d6,San Francisco,Will the lowest temperature in San Francisco be 66°F or higher on September 7?,49087930778722498247006781210342275912129971158691194041343151872377459740560,No,2026-09-07T05:00:19+00:00,0.9975
0x44d9907a2b66ef60667ec0e7d18d73942ba4ac6c125fb370e0122e32161539d6,San Francisco,Will the lowest temperature in San Francisco be 66°F or higher on September 7?,49087930778722498247006781210342275912129971158691194041343151872377459740560,No,2026-09-07T06:00:15+00:00,0.9975
0x44d9907a2b66ef60667ec0e7d18d73942ba4ac6c125fb370e0122e32161539d6,San Francisco,Will the lowest temperature in San Francisco be 66°F or higher on September 7?,49087930778722498247006781210342275912129971158691194041343151872377459740560,No,2026-09-07T07:00:16+00:00,0.9975
0x44d9907a2b66ef60667ec0e7d18d73942ba4ac6c125fb370e0122e32161539d6,San Francisco,Will the lowest temperature in San Francisco be 66°F or higher on September 7?,49087930778722498247006781210342275912129971158691194041343151872377459740560,No,2026-09-07T08:00:17+00:00,0.9995
0x44d9907a2b66ef60667ec0e7d18d73942ba4ac6c125fb370e0122e32161539d6,San Francisco,Will the lowest temperature in San Francisco be 66°F or higher on September 7?,49087930778722498247006781210342275912129971158691194041343151872377459740560,No,2026-09-07T09:00:33+00:00,0.9995
0x44d9907a2b66ef60667ec0e7d18d73942ba4ac6c125fb370e0122e32161539d6,San Francisco,Will the lowest temperature in San Francisco be 66°F or higher on September 7?,49087930778722498247006781210342275912129971158691194041343151872377459740560,No,2026-09-07T10:00:15+00:00,0.9995
0x44d9907a2b66ef60667ec0e7d18d73942ba4ac6c125fb370e0122e32161539d6,San Francisco,Will the lowest temperature in San Francisco be 66°F or higher on September 7?,49087930778722498247006781210342275912129971158691194041343151872377459740560,No,2026-09-07T11:00:15+00:00,0.9995
0x44d9907a2b66ef60667ec0e7d18d73942ba4ac6c125fb370e0122e32161539d6,San Francisco,Will the lowest temperature in San Francisco be 66°F or higher on September 7?,49087930778722498247006781210342275912129971158691194041343151872377459740560,No,2026-09-07T12:00:19+00:00,0.9995
0x44d9907a2b66ef60667ec0e7d18d73942ba4ac6c125fb370e0122e32161539d6,San Francisco,Will the lowest temperature in San Francisco be 66°F or higher on September 7?,49087930778722498247006781210342275912129971158691194041343151872377459740560,No,2026-09-07T12:31:14+00:00,0.9995
0xe6137f2e2e9b8afc9f4e239b8bab2c274e626644a113859831668f7fe4ee30af,San Francisco,Will the highest temperature in San Francisco be 69°F or below on September 7?,114828598604900971248159346231628778628990434783905047065162492621151388578559,Yes,2026-09-07T05:00:20+00:00,0.002
0xe6137f2e2e9b8afc9f4e239b8bab2c274e626644a113859831668f7fe4ee30af,San Francisco,Will the highest temperature in San Francisco be 69°F or below on September 7?,114828598604900971248159346231628778628990434783905047065162492621151388578559,Yes,2026-09-07T06:00:16+00:00,0.002
0xe6137f2e2e9b8afc9f4e239b8bab2c274e626644a113859831668f7fe4ee30af,San Francisco,Will the highest temperature in San Francisco be 69°F or below on September 7?,114828598604900971248159346231628778628990434783905047065162492621151388578559,Yes,2026-09-07T07:00:17+00:00,0.002
0xe6137f2e2e9b8afc9f4e239b8bab2c274e626644a113859831668f7fe4ee30af,San Francisco,Will the highest temperature in San Francisco be 69°F or below on September 7?,114828598604900971248159346231628778628990434783905047065162492621151388578559,Yes,2026-09-07T08:00:18+00:00,0.002
0xe6137f2e2e9b8afc9f4e239b8bab2c274e626644a113859831668f7fe4ee30af,San Francisco,Will the highest temperature in San Francisco be 69°F or below on September 7?,114828598604900971248159346231628778628990434783905047065162492621151388578559,Yes,2026-09-07T09:00:35+00:00,0.002
0xe6137f2e2e9b8afc9f4e239b8bab2c274e626644a113859831668f7fe4ee30af,San Francisco,Will the highest temperature in San Francisco be 69°F or below on September 7?,114828598604900971248159346231628778628990434783905047065162492621151388578559,Yes,2026-09-07T10:00:16+00:00,0.002
0xe6137f2e2e9b8afc9f4e239b8bab2c274e626644a113859831668f7fe4ee30af,San Francisco,Will the highest temperature in San Francisco be 69°F or below on September 7?,114828598604900971248159346231628778628990434783905047065162492621151388578559,Yes,2026-09-07T11:00:16+00:00,0.002
0xe6137f2e2e9b8afc9f4e239b8bab2c274e626644a113859831668f7fe4ee30af,San Francisco,Will the highest temperature in San Francisco be 69°F or below on September 7?,114828598604900971248159346231628778628990434783905047065162492621151388578559,Yes,2026-09-07T12:00:21+00:00,0.002
0xe6137f2e2e9b8afc9f4e239b8bab2c274e626644a113859831668f7fe4ee30af,San Francisco,Will the highest temperature in San Francisco be 69°F or below on September 7?,114828598604900971248159346231628778628990434783905047065162492621151388578559,Yes,2026-09-07T12:31:14+00:00,0.002
0xe6137f2e2e9b8afc9f4e239b8bab2c274e626644a113859831668f7fe4ee30af,San Francisco,Will the highest temperature in San Francisco be 69°F or below on September 7?,98554889869163472412446654371042896646550936363688578263934400390140802968314,No,2026-09-07T05:00:21+00:00,0.998
0xe6137f2e2e9b8afc9f4e239b8bab2c274e626644a113859831668f7fe4ee30af,San Francisco,Will the highest temperature in San Francisco be 69°F or below on September 7?,98554889869163472412446654371042896646550936363688578263934400390140802968314,No,2026-09-07T06:00:17+00:00,0.998
0xe6137f2e2e9b8afc9f4e239b8bab2c274e626644a113859831668f7fe4ee30af,San Francisco,Will the highest temperature in San Francisco be 69°F or below on September 7?,98554889869163472412446654371042896646550936363688578263934400390140802968314,No,2026-09-07T07:00:19+00:00,0.998
0xe6137f2e2e9b8afc9f4e239b8bab2c274e626644a113859831668f7fe4ee30af,San Francisco,Will the highest temperature in San Francisco be 69°F or below on September 7?,98554889869163472412446654371042896646550936363688578263934400390140802968314,No,2026-09-07T08:00:19+00:00,0.998
0xe6137f2e2e9b8afc9f4e239b8bab2c274e626644a113859831668f7fe4ee30af,San Francisco,Will the highest temperature in San Francisco be 69°F or below on September 7?,98554889869163472412446654371042896646550936363688578263934400390140802968314,No,2026-09-07T09:00:36+00:00,0.998
0xe6137f2e2e9b8afc9f4e239b8bab2c274e626644a113859831668f7fe4ee30af,San Francisco,Will the highest temperature in San Francisco be 69°F or below on September 7?,98554889869163472412446654371042896646550936363688578263934400390140802968314,No,2026-09-07T10:00:17+00:00,0.998
0xe6137f2e2e9b8afc9f4e239b8bab2c274e626644a113859831668f7fe4ee30af,San Francisco,Will the highest temperature in San Francisco be 69°F or below on September 7?,98554889869163472412446654371042896646550936363688578263934400390140802968314,No,2026-09-07T11:00:18+00:00,0.998
0xe6137f2e2e9b8afc9f4e239b8bab2c274e626644a113859831668f7fe4ee30af,San Francisco,Will the highest temperature in San Francisco be 69°F or below on September 7?,98554889869163472412446654371042896646550936363688578263934400390140802968314,No,2026-09-07T12:00:23+00:00,0.998
0xe6137f2e2e9b8afc9f4e239b8bab2c274e626644a113859831668f7fe4ee30af,San Francisco,Will the highest temperature in San Francisco be 69°F or below on September 7?,98554889869163472412446654371042896646550936363688578263934400390140802968314,No,2026-09-07T12:31:15+00:00,0.998
0x93a90f96c0178deee0e0242389c137297c408613558e80f95c7841f063637ce9,San Francisco,Will the highest temperature in San Francisco be between 70-71°F on September 7?,52636391262760720774625561090490715411507734722385196075894867945084690702727,Yes,2026-09-07T05:00:17+00:00,0.0245
0x93a90f96c0178deee0e0242389c137297c408613558e80f95c7841f063637ce9,San Francisco,Will the highest temperature in San Francisco be between 70-71°F on September 7?,52636391262760720774625561090490715411507734722385196075894867945084690702727,Yes,2026-09-07T06:00:12+00:00,0.0245
0x93a90f96c0178deee0e0242389c137297c408613558e80f95c7841f063637ce9,San Francisco,Will the highest temperature in San Francisco be between 70-71°F on September 7?,52636391262760720774625561090490715411507734722385196075894867945084690702727,Yes,2026-09-07T07:00:12+00:00,0.024
0x93a90f96c0178deee0e0242389c137297c408613558e80f95c7841f063637ce9,San Francisco,Will the highest temperature in San Francisco be between 70-71°F on September 7?,52636391262760720774625561090490715411507734722385196075894867945084690702727,Yes,2026-09-07T08:00:15+00:00,0.0235
0x93a90f96c0178deee0e0242389c137297c408613558e80f95c7841f063637ce9,San Francisco,Will the highest temperature in San Francisco be between 70-71°F on September 7?,52636391262760720774625561090490715411507734722385196075894867945084690702727,Yes,2026-09-07T09:00:29+00:00,0.0235
0x93a90f96c0178deee0e0242389c137297c408613558e80f95c7841f063637ce9,San Francisco,Will the highest temperature in San Francisco be between 70-71°F on September 7?,52636391262760720774625561090490715411507734722385196075894867945084690702727,Yes,2026-09-07T10:00:13+00:00,0.0075
0x93a90f96c0178deee0e0242389c137297c408613558e80f95c7841f063637ce9,San Francisco,Will the highest temperature in San Francisco be between 70-71°F on September 7?,52636391262760720774625561090490715411507734722385196075894867945084690702727,Yes,2026-09-07T11:00:12+00:00,0.0075
0x93a90f96c0178deee0e0242389c137297c408613558e80f95c7841f063637ce9,San Francisco,Will the highest temperature in San Francisco be between 70-71°F on September 7?,52636391262760720774625561090490715411507734722385196075894867945084690702727,Yes,2026-09-07T12:00:12+00:00,0.0075
0x93a90f96c0178deee0e0242389c137297c408613558e80f95c7841f063637ce9,San Francisco,Will the highest temperature in San Francisco be between 70-71°F on September 7?,52636391262760720774625561090490715411507734722385196075894867945084690702727,Yes,2026-09-07T12:31:13+00:00,0.0075
0x93a90f96c0178deee0e0242389c137297c408613558e80f95c7841f063637ce9,San Francisco,Will the highest temperature in San Francisco be between 70-71°F on September 7?,49071398583751861526714963780132608031208670426529639229605198425096591306867,No,2026-09-07T05:00:20+00:00,0.9755
0x93a90f96c0178deee0e0242389c137297c408613558e80f95c7841f063637ce9,San Francisco,Will the highest temperature in San Francisco be between 70-71°F on September 7?,49071398583751861526714963780132608031208670426529639229605198425096591306867,No,2026-09-07T06:00:16+00:00,0.9755
0x93a90f96c0178deee0e0242389c137297c408613558e80f95c7841f063637ce9,San Francisco,Will the highest temperature in San Francisco be between 70-71°F on September 7?,49071398583751861526714963780132608031208670426529639229605198425096591306867,No,2026-09-07T07:00:17+00:00,0.976
0x93a90f96c0178deee0e0242389c137297c408613558e80f95c7841f063637ce9,San Francisco,Will the highest temperature in San Francisco be between 70-71°F on September 7?,49071398583751861526714963780132608031208670426529639229605198425096591306867,No,2026-09-07T08:00:17+00:00,0.9765
0x93a90f96c0178deee0e0242389c137297c408613558e80f95c7841f063637ce9,San Francisco,Will the highest temperature in San Francisco be between 70-71°F on September 7?,49071398583751861526714963780132608031208670426529639229605198425096591306867,No,2026-09-07T09:00:34+00:00,0.9765
0x93a90f96c0178deee0e0242389c137297c408613558e80f95c7841f063637ce9,San Francisco,Will the highest temperature in San Francisco be between 70-71°F on September 7?,49071398583751861526714963780132608031208670426529639229605198425096591306867,No,2026-09-07T10:00:16+00:00,0.9925
0x93a90f96c0178deee0e0242389c137297c408613558e80f95c7841f063637ce9,San Francisco,Will the highest temperature in San Francisco be between 70-71°F on September 7?,49071398583751861526714963780132608031208670426529639229605198425096591306867,No,2026-09-07T11:00:16+00:00,0.9925
0x93a90f96c0178deee0e0242389c137297c408613558e80f95c7841f063637ce9,San Francisco,Will the highest temperature in San Francisco be between 70-71°F on September 7?,49071398583751861526714963780132608031208670426529639229605198425096591306867,No,2026-09-07T12:00:20+00:00,0.9925
0x93a90f96c0178deee0e0242389c137297c408613558e80f95c7841f063637ce9,San Francisco,Will the highest temperature in San Francisco be between 70-71°F on September 7?,49071398583751861526714963780132608031208670426529639229605198425096591306867,No,2026-09-07T12:31:14+00:00,0.9925
0xdef4a1faa81cd7f2a70617f4d678e559da40297958188fe83291fbad77e4e6fb,San Francisco,Will the highest temperature in San Francisco be between 72-73°F on September 7?,51142329936402131650450393509005192117663199181669853164742968248266920198432,Yes,2026-09-07T05:00:21+00:00,0.015
0xdef4a1faa81cd7f2a70617f4d678e559da40297958188fe83291fbad77e4e6fb,San Francisco,Will the highest temperature in San Francisco be between 72-73°F on September 7?,51142329936402131650450393509005192117663199181669853164742968248266920198432,Yes,2026-09-07T06:00:17+00:00,0.015
0xdef4a1faa81cd7f2a70617f4d678e559da40297958188fe83291fbad77e4e6fb,San Francisco,Will the highest temperature in San Francisco be between 72-73°F on September 7?,51142329936402131650450393509005192117663199181669853164742968248266920198432,Yes,2026-09-07T07:00:19+00:00,0.015
0xdef4a1faa81cd7f2a70617f4d678e559da40297958188fe83291fbad77e4e6fb,San Francisco,Will the highest temperature in San Francisco be between 72-73°F on September 7?,51142329936402131650450393509005192117663199181669853164742968248266920198432,Yes,2026-09-07T08:00:18+00:00,0.015
0xdef4a1faa81cd7f2a70617f4d678e559da40297958188fe83291fbad77e4e6fb,San Francisco,Will the highest temperature in San Francisco be between 72-73°F on September 7?,51142329936402131650450393509005192117663199181669853164742968248266920198432,Yes,2026-09-07T09:00:36+00:00,0.015
0xdef4a1faa81cd7f2a70617f4d678e559da40297958188fe83291fbad77e4e6fb,San Francisco,Will the highest temperature in San Francisco be between 72-73°F on September 7?,51142329936402131650450393509005192117663199181669853164742968248266920198432,Yes,2026-09-07T10:00:17+00:00,0.02
0xdef4a1faa81cd7f2a70617f4d678e559da40297958188fe83291fbad77e4e6fb,San Francisco,Will the highest temperature in San Francisco be between 72-73°F on September 7?,51142329936402131650450393509005192117663199181669853164742968248266920198432,Yes,2026-09-07T11:00:17+00:00,0.015
0xdef4a1faa81cd7f2a70617f4d678e559da40297958188fe83291fbad77e4e6fb,San Francisco,Will the highest temperature in San Francisco be between 72-73°F on September 7?,51142329936402131650450393509005192117663199181669853164742968248266920198432,Yes,2026-09-07T12:00:22+00:00,0.025
0xdef4a1faa81cd7f2a70617f4d678e559da40297958188fe83291fbad77e4e6fb,San Francisco,Will the highest temperature in San Francisco be between 72-73°F on September 7?,51142329936402131650450393509005192117663199181669853164742968248266920198432,Yes,2026-09-07T12:31:14+00:00,0.02
0xdef4a1faa81cd7f2a70617f4d678e559da40297958188fe83291fbad77e4e6fb,San Francisco,Will the highest temperature in San Francisco be between 72-73°F on September 7?,23211104795888944933974964924244806372646914664001995172960622927756880801575,No,2026-09-07T05:00:21+00:00,0.985
0xdef4a1faa81cd7f2a70617f4d678e559da40297958188fe83291fbad77e4e6fb,San Francisco,Will the highest temperature in San Francisco be between 72-73°F on September 7?,23211104795888944933974964924244806372646914664001995172960622927756880801575,No,2026-09-07T06:00:17+00:00,0.985
0xdef4a1faa81cd7f2a70617f4d678e559da40297958188fe83291fbad77e4e6fb,San Francisco,Will the highest temperature in San Francisco be between 72-73°F on September 7?,23211104795888944933974964924244806372646914664001995172960622927756880801575,No,2026-09-07T07:00:19+00:00,0.985
0xdef4a1faa81cd7f2a70617f4d678e559da40297958188fe83291fbad77e4e6fb,San Francisco,Will the highest temperature in San Francisco be between 72-73°F on September 7?,23211104795888944933974964924244806372646914664001995172960622927756880801575,No,2026-09-07T08:00:18+00:00,0.985
0xdef4a1faa81cd7f2a70617f4d678e559da40297958188fe83291fbad77e4e6fb,San Francisco,Will the highest temperature in San Francisco be between 72-73°F on September 7?,23211104795888944933974964924244806372646914664001995172960622927756880801575,No,2026-09-07T09:00:36+00:00,0.985
0xdef4a1faa81cd7f2a70617f4d678e559da40297958188fe83291fbad77e4e6fb,San Francisco,Will the highest temperature in San Francisco be between 72-73°F on September 7?,23211104795888944933974964924244806372646914664001995172960622927756880801575,No,2026-09-07T10:00:17+00:00,0.98
0xdef4a1faa81cd7f2a70617f4d678e559da40297958188fe83291fbad77e4e6fb,San Francisco,Will the highest temperature in San Francisco be between 72-73°F on September 7?,23211104795888944933974964924244806372646914664001995172960622927756880801575,No,2026-09-07T11:00:17+00:00,0.985
0xdef4a1faa81cd7f2a70617f4d678e559da40297958188fe83291fbad77e4e6fb,San Francisco,Will the highest temperature in San Francisco be between 72-73°F on September 7?,23211104795888944933974964924244806372646914664001995172960622927756880801575,No,2026-09-07T12:00:22+00:00,0.975
0xdef4a1faa81cd7f2a70617f4d678e559da40297958188fe83291fbad77e4e6fb,San Francisco,Will the highest temperature in San Francisco be between 72-73°F on September 7?,23211104795888944933974964924244806372646914664001995172960622927756880801575,No,2026-09-07T12:31:15+00:00,0.98
0x78227e7a5c29a55b6cd8c865b95a5700d45ac7163d4c04094319a2996194d1ec,San Francisco,Will the highest temperature in San Francisco be between 74-75°F on September 7?,63304745027822238973047467459463873987310019020587920680958870299649234496330,Yes,2026-09-07T05:00:17+00:00,0.05
0x78227e7a5c29a55b6cd8c865b95a5700d45ac7163d4c04094319a2996194d1ec,San Francisco,Will the highest temperature in San Francisco be between 74-75°F on September 7?,63304745027822238973047467459463873987310019020587920680958870299649234496330,Yes,2026-09-07T06:00:13+00:00,0.045
0x78227e7a5c29a55b6cd8c865b95a5700d45ac7163d4c04094319a2996194d1ec,San Francisco,Will the highest temperature in San Francisco be between 74-75°F on September 7?,63304745027822238973047467459463873987310019020587920680958870299649234496330,Yes,2026-09-07T07:00:13+00:00,0.06
0x78227e7a5c29a55b6cd8c865b95a5700d45ac7163d4c04094319a2996194d1ec,San Francisco,Will the highest temperature in San Francisco be between 74-75°F on September 7?,63304745027822238973047467459463873987310019020587920680958870299649234496330,Yes,2026-09-07T08:00:15+00:00,0.065
0x78227e7a5c29a55b6cd8c865b95a5700d45ac7163d4c04094319a2996194d1ec,San Francisco,Will the highest temperature in San Francisco be between 74-75°F on September 7?,63304745027822238973047467459463873987310019020587920680958870299649234496330,Yes,2026-09-07T09:00:30+00:00,0.055
0x78227e7a5c29a55b6cd8c865b95a5700d45ac7163d4c04094319a2996194d1ec,San Francisco,Will the highest temperature in San Francisco be between 74-75°F on September 7?,63304745027822238973047467459463873987310019020587920680958870299649234496330,Yes,2026-09-07T10:00:13+00:00,0.045
0x78227e7a5c29a55b6cd8c865b95a5700d45ac7163d4c04094319a2996194d1ec,San Francisco,Will the highest temperature in San Francisco be between 74-75°F on September 7?,63304745027822238973047467459463873987310019020587920680958870299649234496330,Yes,2026-09-07T11:00:12+00:00,0.035
0x78227e7a5c29a55b6cd8c865b95a5700d45ac7163d4c04094319a2996194d1ec,San Francisco,Will the highest temperature in San Francisco be between 74-75°F on September 7?,63304745027822238973047467459463873987310019020587920680958870299649234496330,Yes,2026-09-07T12:00:16+00:00,0.04
0x78227e7a5c29a55b6cd8c865b95a5700d45ac7163d4c04094319a2996194d1ec,San Francisco,Will the highest temperature in San Francisco be between 74-75°F on September 7?,63304745027822238973047467459463873987310019020587920680958870299649234496330,Yes,2026-09-07T12:31:13+00:00,0.04
0x78227e7a5c29a55b6cd8c865b95a5700d45ac7163d4c04094319a2996194d1ec,San Francisco,Will the highest temperature in San Francisco be between 74-75°F on September 7?,70051064036270471926874156463957882059576154593325206252810794630242242401973,No,2026-09-07T05:00:21+00:00,0.95
0x78227e7a5c29a55b6cd8c865b95a5700d45ac7163d4c04094319a2996194d1ec,San Francisco,Will the highest temperature in San Francisco be between 74-75°F on September 7?,70051064036270471926874156463957882059576154593325206252810794630242242401973,No,2026-09-07T06:00:17+00:00,0.955
0x78227e7a5c29a55b6cd8c865b95a5700d45ac7163d4c04094319a2996194d1ec,San Francisco,Will the highest temperature in San Francisco be between 74-75°F on September 7?,70051064036270471926874156463957882059576154593325206252810794630242242401973,No,2026-09-07T07:00:19+00:00,0.94
0x78227e7a5c29a55b6cd8c865b95a5700d45ac7163d4c04094319a2996194d1ec,San Francisco,Will the highest temperature in San Francisco be between 74-75°F on September 7?,70051064036270471926874156463957882059576154593325206252810794630242242401973,No,2026-09-07T08:00:18+00:00,0.935
0x78227e7a5c29a55b6cd8c865b95a5700d45ac7163d4c04094319a2996194d1ec,San Francisco,Will the highest temperature in San Francisco be between 74-75°F on September 7?,70051064036270471926874156463957882059576154593325206252810794630242242401973,No,2026-09-07T09:00:36+00:00,0.945
0x78227e7a5c29a55b6cd8c865b95a5700d45ac7163d4c04094319a2996194d1ec,San Francisco,Will the highest temperature in San Francisco be between 74-75°F on September 7?,70051064036270471926874156463957882059576154593325206252810794630242242401973,No,2026-09-07T10:00:17+00:00,0.955
0x78227e7a5c29a55b6cd8c865b95a5700d45ac7163d4c04094319a2996194d1ec,San Francisco,Will the highest temperature in San Francisco be between 74-75°F on September 7?,70051064036270471926874156463957882059576154593325206252810794630242242401973,No,2026-09-07T11:00:17+00:00,0.965
0x78227e7a5c29a55b6cd8c865b95a5700d45ac7163d4c04094319a2996194d1ec,San Francisco,Will the highest temperature in San Francisco be between 74-75°F on September 7?,70051064036270471926874156463957882059576154593325206252810794630242242401973,No,2026-09-07T12:00:22+00:00,0.96
0x78227e7a5c29a55b6cd8c865b95a5700d45ac7163d4c04094319a2996194d1ec,San Francisco,Will the highest temperature in San Francisco be between 74-75°F on September 7?,70051064036270471926874156463957882059576154593325206252810794630242242401973,No,2026-09-07T12:31:15+00:00,0.96
0xda8f763584f9e5eafb6220131a1c20f2b303d55b672361ee19955598b607972e,San Francisco,Will the highest temperature in San Francisco be between 76-77°F on September 7?,63175529180701720252835351265803245393436554180292880570080884178154197844397,Yes,2026-09-07T05:00:20+00:00,0.195
0xda8f763584f9e5eafb6220131a1c20f2b303d55b672361ee19955598b607972e,San Francisco,Will the highest temperature in San Francisco be between 76-77°F on September 7?,63175529180701720252835351265803245393436554180292880570080884178154197844397,Yes,2026-09-07T06:00:16+00:00,0.195
0xda8f763584f9e5eafb6220131a1c20f2b303d55b672361ee19955598b607972e,San Francisco,Will the highest temperature in San Francisco be between 76-77°F on September 7?,63175529180701720252835351265803245393436554180292880570080884178154197844397,Yes,2026-09-07T07:00:17+00:00,0.2
0xda8f763584f9e5eafb6220131a1c20f2b303d55b672361ee19955598b607972e,San Francisco,Will the highest temperature in San Francisco be between 76-77°F on September 7?,63175529180701720252835351265803245393436554180292880570080884178154197844397,Yes,2026-09-07T08:00:18+00:00,0.19
0xda8f763584f9e5eafb6220131a1c20f2b303d55b672361ee19955598b607972e,San Francisco,Will the highest temperature in San Francisco be between 76-77°F on September 7?,63175529180701720252835351265803245393436554180292880570080884178154197844397,Yes,2026-09-07T09:00:35+00:00,0.135
0xda8f763584f9e5eafb6220131a1c20f2b303d55b672361ee19955598b607972e,San Francisco,Will the highest temperature in San Francisco be between 76-77°F on September 7?,63175529180701720252835351265803245393436554180292880570080884178154197844397,Yes,2026-09-07T10:00:16+00:00,0.16
0xda8f763584f9e5eafb6220131a1c20f2b303d55b672361ee19955598b607972e,San Francisco,Will the highest temperature in San Francisco be between 76-77°F on September 7?,63175529180701720252835351265803245393436554180292880570080884178154197844397,Yes,2026-09-07T11:00:16+00:00,0.125
0xda8f763584f9e5eafb6220131a1c20f2b303d55b672361ee19955598b607972e,San Francisco,Will the highest temperature in San Francisco be between 76-77°F on September 7?,63175529180701720252835351265803245393436554180292880570080884178154197844397,Yes,2026-09-07T12:00:21+00:00,0.125
0xda8f763584f9e5eafb6220131a1c20f2b303d55b672361ee19955598b607972e,San Francisco,Will the highest temperature in San Francisco be between 76-77°F on September 7?,63175529180701720252835351265803245393436554180292880570080884178154197844397,Yes,2026-09-07T12:31:14+00:00,0.12
0xda8f763584f9e5eafb6220131a1c20f2b303d55b672361ee19955598b607972e,San Francisco,Will the highest temperature in San Francisco be between 76-77°F on September 7?,102642332916510198013174755280054068784667469631967720693887188399242057390819,No,2026-09-07T05:00:21+00:00,0.805
0xda8f763584f9e5eafb6220131a1c20f2b303d55b672361ee19955598b607972e,San Francisco,Will the highest temperature in San Francisco be between 76-77°F on September 7?,102642332916510198013174755280054068784667469631967720693887188399242057390819,No,2026-09-07T06:00:18+00:00,0.805
0xda8f763584f9e5eafb6220131a1c20f2b303d55b672361ee19955598b607972e,San Francisco,Will the highest temperature in San Francisco be between 76-77°F on September 7?,102642332916510198013174755280054068784667469631967720693887188399242057390819,No,2026-09-07T07:00:19+00:00,0.8
0xda8f763584f9e5eafb6220131a1c20f2b303d55b672361ee19955598b607972e,San Francisco,Will the highest temperature in San Francisco be between 76-77°F on September 7?,102642332916510198013174755280054068784667469631967720693887188399242057390819,No,2026-09-07T08:00:19+00:00,0.81
0xda8f763584f9e5eafb6220131a1c20f2b303d55b672361ee19955598b607972e,San Francisco,Will the highest temperature in San Francisco be between 76-77°F on September 7?,102642332916510198013174755280054068784667469631967720693887188399242057390819,No,2026-09-07T09:00:37+00:00,0.865
0xda8f763584f9e5eafb6220131a1c20f2b303d55b672361ee19955598b607972e,San Francisco,Will the highest temperature in San Francisco be between 76-77°F on September 7?,102642332916510198013174755280054068784667469631967720693887188399242057390819,No,2026-09-07T10:00:17+00:00,0.84
0xda8f763584f9e5eafb6220131a1c20f2b303d55b672361ee19955598b607972e,San Francisco,Will the highest temperature in San Francisco be between 76-77°F on September 7?,102642332916510198013174755280054068784667469631967720693887188399242057390819,No,2026-09-07T11:00:18+00:00,0.875
0xda8f763584f9e5eafb6220131a1c20f2b303d55b672361ee19955598b607972e,San Francisco,Will the highest temperature in San Francisco be between 76-77°F on September 7?,102642332916510198013174755280054068784667469631967720693887188399242057390819,No,2026-09-07T12:00:23+00:00,0.875
0xda8f763584f9e5eafb6220131a1c20f2b303d55b672361ee19955598b607972e,San Francisco,Will the highest temperature in San Francisco be between 76-77°F on September 7?,102642332916510198013174755280054068784667469631967720693887188399242057390819,No,2026-09-07T12:31:15+00:00,0.88
0x47aea1292065a2dd2a078c0e518d07ddf0fcd9d469cd8dd33e88ec6ef6a8c098,San Francisco,Will the highest temperature in San Francisco be between 78-79°F on September 7?,82164050811588009561279673580982744649795940298709984749652333258730475292755,Yes,2026-09-07T05:00:17+00:00,0.395
0x47aea1292065a2dd2a078c0e518d07ddf0fcd9d469cd8dd33e88ec6ef6a8c098,San Francisco,Will the highest temperature in San Francisco be between 78-79°F on September 7?,82164050811588009561279673580982744649795940298709984749652333258730475292755,Yes,2026-09-07T06:00:12+00:00,0.395
0x47aea1292065a2dd2a078c0e518d07ddf0fcd9d469cd8dd33e88ec6ef6a8c098,San Francisco,Will the highest temperature in San Francisco be between 78-79°F on September 7?,82164050811588009561279673580982744649795940298709984749652333258730475292755,Yes,2026-09-07T07:00:12+00:00,0.385
0x47aea1292065a2dd2a078c0e518d07ddf0fcd9d469cd8dd33e88ec6ef6a8c098,San Francisco,Will the highest temperature in San Francisco be between 78-79°F on September 7?,82164050811588009561279673580982744649795940298709984749652333258730475292755,Yes,2026-09-07T08:00:15+00:00,0.34
0x47aea1292065a2dd2a078c0e518d07ddf0fcd9d469cd8dd33e88ec6ef6a8c098,San Francisco,Will the highest temperature in San Francisco be between 78-79°F on September 7?,82164050811588009561279673580982744649795940298709984749652333258730475292755,Yes,2026-09-07T09:00:29+00:00,0.405
0x47aea1292065a2dd2a078c0e518d07ddf0fcd9d469cd8dd33e88ec6ef6a8c098,San Francisco,Will the highest temperature in San Francisco be between 78-79°F on September 7?,82164050811588009561279673580982744649795940298709984749652333258730475292755,Yes,2026-09-07T10:00:13+00:00,0.415
0x47aea1292065a2dd2a078c0e518d07ddf0fcd9d469cd8dd33e88ec6ef6a8c098,San Francisco,Will the highest temperature in San Francisco be between 78-79°F on September 7?,82164050811588009561279673580982744649795940298709984749652333258730475292755,Yes,2026-09-07T11:00:12+00:00,0.385
0x47aea1292065a2dd2a078c0e518d07ddf0fcd9d469cd8dd33e88ec6ef6a8c098,San Francisco,Will the highest temperature in San Francisco be between 78-79°F on September 7?,82164050811588009561279673580982744649795940298709984749652333258730475292755,Yes,2026-09-07T12:00:12+00:00,0.375
0x47aea1292065a2dd2a078c0e518d07ddf0fcd9d469cd8dd33e88ec6ef6a8c098,San Francisco,Will the highest temperature in San Francisco be between 78-79°F on September 7?,82164050811588009561279673580982744649795940298709984749652333258730475292755,Yes,2026-09-07T12:31:13+00:00,0.335
0x47aea1292065a2dd2a078c0e518d07ddf0fcd9d469cd8dd33e88ec6ef6a8c098,San Francisco,Will the highest temperature in San Francisco be between 78-79°F on September 7?,52382865336662809462221788245448318923241827327556183082340654186484220261111,No,2026-09-07T05:00:23+00:00,0.605
0x47aea1292065a2dd2a078c0e518d07ddf0fcd9d469cd8dd33e88ec6ef6a8c098,San Francisco,Will the highest temperature in San Francisco be between 78-79°F on September 7?,52382865336662809462221788245448318923241827327556183082340654186484220261111,No,2026-09-07T06:00:19+00:00,0.605
0x47aea1292065a2dd2a078c0e518d07ddf0fcd9d469cd8dd33e88ec6ef6a8c098,San Francisco,Will the highest temperature in San Francisco be between 78-79°F on September 7?,52382865336662809462221788245448318923241827327556183082340654186484220261111,No,2026-09-07T07:00:22+00:00,0.615
0x47aea1292065a2dd2a078c0e518d07ddf0fcd9d469cd8dd33e88ec6ef6a8c098,San Francisco,Will the highest temperature in San Francisco be between 78-79°F on September 7?,52382865336662809462221788245448318923241827327556183082340654186484220261111,No,2026-09-07T08:00:20+00:00,0.66
0x47aea1292065a2dd2a078c0e518d07ddf0fcd9d469cd8dd33e88ec6ef6a8c098,San Francisco,Will the highest temperature in San Francisco be between 78-79°F on September 7?,52382865336662809462221788245448318923241827327556183082340654186484220261111,No,2026-09-07T09:00:39+00:00,0.595
0x47aea1292065a2dd2a078c0e518d07ddf0fcd9d469cd8dd33e88ec6ef6a8c098,San Francisco,Will the highest temperature in San Francisco be between 78-79°F on September 7?,52382865336662809462221788245448318923241827327556183082340654186484220261111,No,2026-09-07T10:00:19+00:00,0.585
0x47aea1292065a2dd2a078c0e518d07ddf0fcd9d469cd8dd33e88ec6ef6a8c098,San Francisco,Will the highest temperature in San Francisco be between 78-79°F on September 7?,52382865336662809462221788245448318923241827327556183082340654186484220261111,No,2026-09-07T11:00:20+00:00,0.615
0x47aea1292065a2dd2a078c0e518d07ddf0fcd9d469cd8dd33e88ec6ef6a8c098,San Francisco,Will the highest temperature in San Francisco be between 78-79°F on September 7?,52382865336662809462221788245448318923241827327556183082340654186484220261111,No,2026-09-07T12:00:26+00:00,0.625
0x47aea1292065a2dd2a078c0e518d07ddf0fcd9d469cd8dd33e88ec6ef6a8c098,San Francisco,Will the highest temperature in San Francisco be between 78-79°F on September 7?,52382865336662809462221788245448318923241827327556183082340654186484220261111,No,2026-09-07T12:31:15+00:00,0.665
0x9a36df5a3ed18a4fbd92a73a3690a5287b87c6e1a05c2b1bbb0a020d15b6fe6d,San Francisco,Will the highest temperature in San Francisco be between 80-81°F on September 7?,99779157337105204781367770135535336739199394117660579122314090744177845737475,Yes,2026-09-07T05:00:22+00:00,0.255
0x9a36df5a3ed18a4fbd92a73a3690a5287b87c6e1a05c2b1bbb0a020d15b6fe6d,San Francisco,Will the highest temperature in San Francisco be between 80-81°F on September 7?,99779157337105204781367770135535336739199394117660579122314090744177845737475,Yes,2026-09-07T06:00:18+00:00,0.255
0x9a36df5a3ed18a4fbd92a73a3690a5287b87c6e1a05c2b1bbb0a020d15b6fe6d,San Francisco,Will the highest temperature in San Francisco be between 80-81°F on September 7?,99779157337105204781367770135535336739199394117660579122314090744177845737475,Yes,2026-09-07T07:00:21+00:00,0.245
0x9a36df5a3ed18a4fbd92a73a3690a5287b87c6e1a05c2b1bbb0a020d15b6fe6d,San Francisco,Will the highest temperature in San Francisco be between 80-81°F on September 7?,99779157337105204781367770135535336739199394117660579122314090744177845737475,Yes,2026-09-07T08:00:19+00:00,0.26
0x9a36df5a3ed18a4fbd92a73a3690a5287b87c6e1a05c2b1bbb0a020d15b6fe6d,San Francisco,Will the highest temperature in San Francisco be between 80-81°F on September 7?,99779157337105204781367770135535336739199394117660579122314090744177845737475,Yes,2026-09-07T09:00:38+00:00,0.285
0x9a36df5a3ed18a4fbd92a73a3690a5287b87c6e1a05c2b1bbb0a020d15b6fe6d,San Francisco,Will the highest temperature in San Francisco be between 80-81°F on September 7?,99779157337105204781367770135535336739199394117660579122314090744177845737475,Yes,2026-09-07T10:00:18+00:00,0.245
0x9a36df5a3ed18a4fbd92a73a3690a5287b87c6e1a05c2b1bbb0a020d15b6fe6d,San Francisco,Will the highest temperature in San Francisco be between 80-81°F on September 7?,99779157337105204781367770135535336739199394117660579122314090744177845737475,Yes,2026-09-07T11:00:19+00:00,0.235
0x9a36df5a3ed18a4fbd92a73a3690a5287b87c6e1a05c2b1bbb0a020d15b6fe6d,San Francisco,Will the highest temperature in San Francisco be between 80-81°F on September 7?,99779157337105204781367770135535336739199394117660579122314090744177845737475,Yes,2026-09-07T12:00:24+00:00,0.255
0x9a36df5a3ed18a4fbd92a73a3690a5287b87c6e1a05c2b1bbb0a020d15b6fe6d,San Francisco,Will the highest temperature in San Francisco be between 80-81°F on September 7?,99779157337105204781367770135535336739199394117660579122314090744177845737475,Yes,2026-09-07T12:31:15+00:00,0.25
0x9a36df5a3ed18a4fbd92a73a3690a5287b87c6e1a05c2b1bbb0a020d15b6fe6d,San Francisco,Will the highest temperature in San Francisco be between 80-81°F on September 7?,47653297367967615008876372620181241772408445345421825525367658543828679692861,No,2026-09-07T05:00:18+00:00,0.745
0x9a36df5a3ed18a4fbd92a73a3690a5287b87c6e1a05c2b1bbb0a020d15b6fe6d,San Francisco,Will the highest temperature in San Francisco be between 80-81°F on September 7?,47653297367967615008876372620181241772408445345421825525367658543828679692861,No,2026-09-07T06:00:14+00:00,0.745
0x9a36df5a3ed18a4fbd92a73a3690a5287b87c6e1a05c2b1bbb0a020d15b6fe6d,San Francisco,Will the highest temperature in San Francisco be between 80-81°F on September 7?,47653297367967615008876372620181241772408445345421825525367658543828679692861,No,2026-09-07T07:00:14+00:00,0.755
0x9a36df5a3ed18a4fbd92a73a3690a5287b87c6e1a05c2b1bbb0a020d15b6fe6d,San Francisco,Will the highest temperature in San Francisco be between 80-81°F on September 7?,47653297367967615008876372620181241772408445345421825525367658543828679692861,No,2026-09-07T08:00:16+00:00,0.74
0x9a36df5a3ed18a4fbd92a73a3690a5287b87c6e1a05c2b1bbb0a020d15b6fe6d,San Francisco,Will the highest temperature in San Francisco be between 80-81°F on September 7?,47653297367967615008876372620181241772408445345421825525367658543828679692861,No,2026-09-07T09:00:32+00:00,0.715
0x9a36df5a3ed18a4fbd92a73a3690a5287b87c6e1a05c2b1bbb0a020d15b6fe6d,San Francisco,Will the highest temperature in San Francisco be between 80-81°F on September 7?,47653297367967615008876372620181241772408445345421825525367658543828679692861,No,2026-09-07T10:00:14+00:00,0.755
0x9a36df5a3ed18a4fbd92a73a3690a5287b87c6e1a05c2b1bbb0a020d15b6fe6d,San Francisco,Will the highest temperature in San Francisco be between 80-81°F on September 7?,47653297367967615008876372620181241772408445345421825525367658543828679692861,No,2026-09-07T11:00:14+00:00,0.765
0x9a36df5a3ed18a4fbd92a73a3690a5287b87c6e1a05c2b1bbb0a020d15b6fe6d,San Francisco,Will the highest temperature in San Francisco be between 80-81°F on September 7?,47653297367967615008876372620181241772408445345421825525367658543828679692861,No,2026-09-07T12:00:18+00:00,0.745
0x9a36df5a3ed18a4fbd92a73a3690a5287b87c6e1a05c2b1bbb0a020d15b6fe6d,San Francisco,Will the highest temperature in San Francisco be between 80-81°F on September 7?,47653297367967615008876372620181241772408445345421825525367658543828679692861,No,2026-09-07T12:31:13+00:00,0.75
0x8c8aba703aa27c7bcf0db2fb572938ff4f4eb5c5fde6e797ed00e7ee0dad3b8c,San Francisco,Will the highest temperature in San Francisco be between 82-83°F on September 7?,12123348653474825201337612918528722044423121940256335848795649702076006424473,Yes,2026-09-07T05:00:18+00:00,0.085
0x8c8aba703aa27c7bcf0db2fb572938ff4f4eb5c5fde6e797ed00e7ee0dad3b8c,San Francisco,Will the highest temperature in San Francisco be between 82-83°F on September 7?,12123348653474825201337612918528722044423121940256335848795649702076006424473,Yes,2026-09-07T06:00:14+00:00,0.08
0x8c8aba703aa27c7bcf0db2fb572938ff4f4eb5c5fde6e797ed00e7ee0dad3b8c,San Francisco,Will the highest temperature in San Francisco be between 82-83°F on September 7?,12123348653474825201337612918528722044423121940256335848795649702076006424473,Yes,2026-09-07T07:00:14+00:00,0.085
0x8c8aba703aa27c7bcf0db2fb572938ff4f4eb5c5fde6e797ed00e7ee0dad3b8c,San Francisco,Will the highest temperature in San Francisco be between 82-83°F on September 7?,12123348653474825201337612918528722044423121940256335848795649702076006424473,Yes,2026-09-07T08:00:16+00:00,0.105
0x8c8aba703aa27c7bcf0db2fb572938ff4f4eb5c5fde6e797ed00e7ee0dad3b8c,San Francisco,Will the highest temperature in San Francisco be between 82-83°F on September 7?,12123348653474825201337612918528722044423121940256335848795649702076006424473,Yes,2026-09-07T09:00:31+00:00,0.115
0x8c8aba703aa27c7bcf0db2fb572938ff4f4eb5c5fde6e797ed00e7ee0dad3b8c,San Francisco,Will the highest temperature in San Francisco be between 82-83°F on September 7?,12123348653474825201337612918528722044423121940256335848795649702076006424473,Yes,2026-09-07T10:00:14+00:00,0.12
0x8c8aba703aa27c7bcf0db2fb572938ff4f4eb5c5fde6e797ed00e7ee0dad3b8c,San Francisco,Will the highest temperature in San Francisco be between 82-83°F on September 7?,12123348653474825201337612918528722044423121940256335848795649702076006424473,Yes,2026-09-07T11:00:13+00:00,0.13
0x8c8aba703aa27c7bcf0db2fb572938ff4f4eb5c5fde6e797ed00e7ee0dad3b8c,San Francisco,Will the highest temperature in San Francisco be between 82-83°F on September 7?,12123348653474825201337612918528722044423121940256335848795649702076006424473,Yes,2026-09-07T12:00:17+00:00,0.165
0x8c8aba703aa27c7bcf0db2fb572938ff4f4eb5c5fde6e797ed00e7ee0dad3b8c,San Francisco,Will the highest temperature in San Francisco be between 82-83°F on September 7?,12123348653474825201337612918528722044423121940256335848795649702076006424473,Yes,2026-09-07T12:31:13+00:00,0.215
0x8c8aba703aa27c7bcf0db2fb572938ff4f4eb5c5fde6e797ed00e7ee0dad3b8c,San Francisco,Will the highest temperature in San Francisco be between 82-83°F on September 7?,112105831188888229915240307528205333008130342586259846526291585632315835151629,No,2026-09-07T05:00:21+00:00,0.915
0x8c8aba703aa27c7bcf0db2fb572938ff4f4eb5c5fde6e797ed00e7ee0dad3b8c,San Francisco,Will the highest temperature in San Francisco be between 82-83°F on September 7?,112105831188888229915240307528205333008130342586259846526291585632315835151629,No,2026-09-07T06:00:17+00:00,0.92
0x8c8aba703aa27c7bcf0db2fb572938ff4f4eb5c5fde6e797ed00e7ee0dad3b8c,San Francisco,Will the highest temperature in San Francisco be between 82-83°F on September 7?,112105831188888229915240307528205333008130342586259846526291585632315835151629,No,2026-09-07T07:00:18+00:00,0.915
0x8c8aba703aa27c7bcf0db2fb572938ff4f4eb5c5fde6e797ed00e7ee0dad3b8c,San Francisco,Will the highest temperature in San Francisco be between 82-83°F on September 7?,112105831188888229915240307528205333008130342586259846526291585632315835151629,No,2026-09-07T08:00:18+00:00,0.895
0x8c8aba703aa27c7bcf0db2fb572938ff4f4eb5c5fde6e797ed00e7ee0dad3b8c,San Francisco,Will the highest temperature in San Francisco be between 82-83°F on September 7?,112105831188888229915240307528205333008130342586259846526291585632315835151629,No,2026-09-07T09:00:35+00:00,0.885
0x8c8aba703aa27c7bcf0db2fb572938ff4f4eb5c5fde6e797ed00e7ee0dad3b8c,San Francisco,Will the highest temperature in San Francisco be between 82-83°F on September 7?,112105831188888229915240307528205333008130342586259846526291585632315835151629,No,2026-09-07T10:00:17+00:00,0.88
0x8c8aba703aa27c7bcf0db2fb572938ff4f4eb5c5fde6e797ed00e7ee0dad3b8c,San Francisco,Will the highest temperature in San Francisco be between 82-83°F on September 7?,112105831188888229915240307528205333008130342586259846526291585632315835151629,No,2026-09-07T11:00:17+00:00,0.87
0x8c8aba703aa27c7bcf0db2fb572938ff4f4eb5c5fde6e797ed00e7ee0dad3b8c,San Francisco,Will the highest temperature in San Francisco be between 82-83°F on September 7?,112105831188888229915240307528205333008130342586259846526291585632315835151629,No,2026-09-07T12:00:22+00:00,0.835
0x8c8aba703aa27c7bcf0db2fb572938ff4f4eb5c5fde6e797ed00e7ee0dad3b8c,San Francisco,Will the highest temperature in San Francisco be between 82-83°F on September 7?,112105831188888229915240307528205333008130342586259846526291585632315835151629,No,2026-09-07T12:31:14+00:00,0.785
0x2c3d69a0d8a1333de540f2c9456773140ea0f8ca3ab618a3d9a19549671418a7,San Francisco,Will the highest temperature in San Francisco be between 84-85°F on September 7?,47332160033387998698777242484955957462163619807856962802805488208799274276818,Yes,2026-09-07T05:00:20+00:00,0.025
0x2c3d69a0d8a1333de540f2c9456773140ea0f8ca3ab618a3d9a19549671418a7,San Francisco,Will the highest temperature in San Francisco be between 84-85°F on September 7?,47332160033387998698777242484955957462163619807856962802805488208799274276818,Yes,2026-09-07T06:00:16+00:00,0.025
0x2c3d69a0d8a1333de540f2c9456773140ea0f8ca3ab618a3d9a19549671418a7,San Francisco,Will the highest temperature in San Francisco be between 84-85°F on September 7?,47332160033387998698777242484955957462163619807856962802805488208799274276818,Yes,2026-09-07T07:00:17+00:00,0.025
0x2c3d69a0d8a1333de540f2c9456773140ea0f8ca3ab618a3d9a19549671418a7,San Francisco,Will the highest temperature in San Francisco be between 84-85°F on September 7?,47332160033387998698777242484955957462163619807856962802805488208799274276818,Yes,2026-09-07T08:00:18+00:00,0.015
0x2c3d69a0d8a1333de540f2c9456773140ea0f8ca3ab618a3d9a19549671418a7,San Francisco,Will the highest temperature in San Francisco be between 84-85°F on September 7?,47332160033387998698777242484955957462163619807856962802805488208799274276818,Yes,2026-09-07T09:00:34+00:00,0.02
0x2c3d69a0d8a1333de540f2c9456773140ea0f8ca3ab618a3d9a19549671418a7,San Francisco,Will the highest temperature in San Francisco be between 84-85°F on September 7?,47332160033387998698777242484955957462163619807856962802805488208799274276818,Yes,2026-09-07T10:00:16+00:00,0.02
0x2c3d69a0d8a1333de540f2c9456773140ea0f8ca3ab618a3d9a19549671418a7,San Francisco,Will the highest temperature in San Francisco be between 84-85°F on September 7?,47332160033387998698777242484955957462163619807856962802805488208799274276818,Yes,2026-09-07T11:00:16+00:00,0.02
0x2c3d69a0d8a1333de540f2c9456773140ea0f8ca3ab618a3d9a19549671418a7,San Francisco,Will the highest temperature in San Francisco be between 84-85°F on September 7?,47332160033387998698777242484955957462163619807856962802805488208799274276818,Yes,2026-09-07T12:00:21+00:00,0.02
0x2c3d69a0d8a1333de540f2c9456773140ea0f8ca3ab618a3d9a19549671418a7,San Francisco,Will the highest temperature in San Francisco be between 84-85°F on September 7?,47332160033387998698777242484955957462163619807856962802805488208799274276818,Yes,2026-09-07T12:31:14+00:00,0.015
0x2c3d69a0d8a1333de540f2c9456773140ea0f8ca3ab618a3d9a19549671418a7,San Francisco,Will the highest temperature in San Francisco be between 84-85°F on September 7?,96210921264596076100262389196110243936414954457392382578956132334069882362278,No,2026-09-07T05:00:23+00:00,0.975
0x2c3d69a0d8a1333de540f2c9456773140ea0f8ca3ab618a3d9a19549671418a7,San Francisco,Will the highest temperature in San Francisco be between 84-85°F on September 7?,96210921264596076100262389196110243936414954457392382578956132334069882362278,No,2026-09-07T06:00:19+00:00,0.975
0x2c3d69a0d8a1333de540f2c9456773140ea0f8ca3ab618a3d9a19549671418a7,San Francisco,Will the highest temperature in San Francisco be between 84-85°F on September 7?,96210921264596076100262389196110243936414954457392382578956132334069882362278,No,2026-09-07T07:00:22+00:00,0.975
0x2c3d69a0d8a1333de540f2c9456773140ea0f8ca3ab618a3d9a19549671418a7,San Francisco,Will the highest temperature in San Francisco be between 84-85°F on September 7?,96210921264596076100262389196110243936414954457392382578956132334069882362278,No,2026-09-07T08:00:20+00:00,0.985
0x2c3d69a0d8a1333de540f2c9456773140ea0f8ca3ab618a3d9a19549671418a7,San Francisco,Will the highest temperature in San Francisco be between 84-85°F on September 7?,96210921264596076100262389196110243936414954457392382578956132334069882362278,No,2026-09-07T09:00:39+00:00,0.98
0x2c3d69a0d8a1333de540f2c9456773140ea0f8ca3ab618a3d9a19549671418a7,San Francisco,Will the highest temperature in San Francisco be between 84-85°F on September 7?,96210921264596076100262389196110243936414954457392382578956132334069882362278,No,2026-09-07T10:00:19+00:00,0.98
0x2c3d69a0d8a1333de540f2c9456773140ea0f8ca3ab618a3d9a19549671418a7,San Francisco,Will the highest temperature in San Francisco be between 84-85°F on September 7?,96210921264596076100262389196110243936414954457392382578956132334069882362278,No,2026-09-07T11:00:20+00:00,0.98
0x2c3d69a0d8a1333de540f2c9456773140ea0f8ca3ab618a3d9a19549671418a7,San Francisco,Will the highest temperature in San Francisco be between 84-85°F on September 7?,96210921264596076100262389196110243936414954457392382578956132334069882362278,No,2026-09-07T12:00:26+00:00,0.98
0x2c3d69a0d8a1333de540f2c9456773140ea0f8ca3ab618a3d9a19549671418a7,San Francisco,Will the highest temperature in San Francisco be between 84-85°F on September 7?,96210921264596076100262389196110243936414954457392382578956132334069882362278,No,2026-09-07T12:31:15+00:00,0.985
0x4abe2ac7a44257e34664d6c72b52d48b75e78f1c5883f9f033bd48999bbe2310,San Francisco,Will the highest temperature in San Francisco be between 86-87°F on September 7?,105087802434452733619176035925906467655014808696940693344524699322800225963845,Yes,2026-09-07T05:00:21+00:00,0.0065
0x4abe2ac7a44257e34664d6c72b52d48b75e78f1c5883f9f033bd48999bbe2310,San Francisco,Will the highest temperature in San Francisco be between 86-87°F on September 7?,105087802434452733619176035925906467655014808696940693344524699322800225963845,Yes,2026-09-07T06:00:18+00:00,0.0065
0x4abe2ac7a44257e34664d6c72b52d48b75e78f1c5883f9f033bd48999bbe2310,San Francisco,Will the highest temperature in San Francisco be between 86-87°F on September 7?,105087802434452733619176035925906467655014808696940693344524699322800225963845,Yes,2026-09-07T07:00:20+00:00,0.0065
0x4abe2ac7a44257e34664d6c72b52d48b75e78f1c5883f9f033bd48999bbe2310,San Francisco,Will the highest temperature in San Francisco be between 86-87°F on September 7?,105087802434452733619176035925906467655014808696940693344524699322800225963845,Yes,2026-09-07T08:00:19+00:00,0.0065
0x4abe2ac7a44257e34664d6c72b52d48b75e78f1c5883f9f033bd48999bbe2310,San Francisco,Will the highest temperature in San Francisco be between 86-87°F on September 7?,105087802434452733619176035925906467655014808696940693344524699322800225963845,Yes,2026-09-07T09:00:37+00:00,0.0065
0x4abe2ac7a44257e34664d6c72b52d48b75e78f1c5883f9f033bd48999bbe2310,San Francisco,Will the highest temperature in San Francisco be between 86-87°F on September 7?,105087802434452733619176035925906467655014808696940693344524699322800225963845,Yes,2026-09-07T10:00:17+00:00,0.0065
0x4abe2ac7a44257e34664d6c72b52d48b75e78f1c5883f9f033bd48999bbe2310,San Francisco,Will the highest temperature in San Francisco be between 86-87°F on September 7?,105087802434452733619176035925906467655014808696940693344524699322800225963845,Yes,2026-09-07T11:00:18+00:00,0.0055
0x4abe2ac7a44257e34664d6c72b52d48b75e78f1c5883f9f033bd48999bbe2310,San Francisco,Will the highest temperature in San Francisco be between 86-87°F on September 7?,105087802434452733619176035925906467655014808696940693344524699322800225963845,Yes,2026-09-07T12:00:23+00:00,0.0055
0x4abe2ac7a44257e34664d6c72b52d48b75e78f1c5883f9f033bd48999bbe2310,San Francisco,Will the highest temperature in San Francisco be between 86-87°F on September 7?,105087802434452733619176035925906467655014808696940693344524699322800225963845,Yes,2026-09-07T12:31:15+00:00,0.0055
0x4abe2ac7a44257e34664d6c72b52d48b75e78f1c5883f9f033bd48999bbe2310,San Francisco,Will the highest temperature in San Francisco be between 86-87°F on September 7?,44176875145751151370643719384846936312148425444661771251442804409647677731256,No,2026-09-07T05:00:20+00:00,0.9935
0x4abe2ac7a44257e34664d6c72b52d48b75e78f1c5883f9f033bd48999bbe2310,San Francisco,Will the highest temperature in San Francisco be between 86-87°F on September 7?,44176875145751151370643719384846936312148425444661771251442804409647677731256,No,2026-09-07T06:00:16+00:00,0.9935
0x4abe2ac7a44257e34664d6c72b52d48b75e78f1c5883f9f033bd48999bbe2310,San Francisco,Will the highest temperature in San Francisco be between 86-87°F on September 7?,44176875145751151370643719384846936312148425444661771251442804409647677731256,No,2026-09-07T07:00:17+00:00,0.9935
0x4abe2ac7a44257e34664d6c72b52d48b75e78f1c5883f9f033bd48999bbe2310,San Francisco,Will the highest temperature in San Francisco be between 86-87°F on September 7?,44176875145751151370643719384846936312148425444661771251442804409647677731256,No,2026-09-07T08:00:17+00:00,0.9935
0x4abe2ac7a44257e34664d6c72b52d48b75e78f1c5883f9f033bd48999bbe2310,San Francisco,Will the highest temperature in San Francisco be between 86-87°F on September 7?,44176875145751151370643719384846936312148425444661771251442804409647677731256,No,2026-09-07T09:00:34+00:00,0.9935
0x4abe2ac7a44257e34664d6c72b52d48b75e78f1c5883f9f033bd48999bbe2310,San Francisco,Will the highest temperature in San Francisco be between 86-87°F on September 7?,44176875145751151370643719384846936312148425444661771251442804409647677731256,No,2026-09-07T10:00:16+00:00,0.9935
0x4abe2ac7a44257e34664d6c72b52d48b75e78f1c5883f9f033bd48999bbe2310,San Francisco,Will the highest temperature in San Francisco be between 86-87°F on September 7?,44176875145751151370643719384846936312148425444661771251442804409647677731256,No,2026-09-07T11:00:15+00:00,0.9945
0x4abe2ac7a44257e34664d6c72b52d48b75e78f1c5883f9f033bd48999bbe2310,San Francisco,Will the highest temperature in San Francisco be between 86-87°F on September 7?,44176875145751151370643719384846936312148425444661771251442804409647677731256,No,2026-09-07T12:00:20+00:00,0.9945
0x4abe2ac7a44257e34664d6c72b52d48b75e78f1c5883f9f033bd48999bbe2310,San Francisco,Will the highest temperature in San Francisco be between 86-87°F on September 7?,44176875145751151370643719384846936312148425444661771251442804409647677731256,No,2026-09-07T12:31:14+00:00,0.9945
0x6b5659d9078280685c6f880dcb3659e4e45c5bf4b965e486c852d9dbe3144b17,San Francisco,Will the highest temperature in San Francisco be 88°F or higher on September 7?,42633679065445279033636836410836881725305975897713079760700698508438794076310,Yes,2026-09-07T05:00:22+00:00,0.003
0x6b5659d9078280685c6f880dcb3659e4e45c5bf4b965e486c852d9dbe3144b17,San Francisco,Will the highest temperature in San Francisco be 88°F or higher on September 7?,42633679065445279033636836410836881725305975897713079760700698508438794076310,Yes,2026-09-07T06:00:18+00:00,0.003
0x6b5659d9078280685c6f880dcb3659e4e45c5bf4b965e486c852d9dbe3144b17,San Francisco,Will the highest temperature in San Francisco be 88°F or higher on September 7?,42633679065445279033636836410836881725305975897713079760700698508438794076310,Yes,2026-09-07T07:00:21+00:00,0.003
0x6b5659d9078280685c6f880dcb3659e4e45c5bf4b965e486c852d9dbe3144b17,San Francisco,Will the highest temperature in San Francisco be 88°F or higher on September 7?,42633679065445279033636836410836881725305975897713079760700698508438794076310,Yes,2026-09-07T08:00:19+00:00,0.0025
0x6b5659d9078280685c6f880dcb3659e4e45c5bf4b965e486c852d9dbe3144b17,San Francisco,Will the highest temperature in San Francisco be 88°F or higher on September 7?,42633679065445279033636836410836881725305975897713079760700698508438794076310,Yes,2026-09-07T09:00:38+00:00,0.0025
0x6b5659d9078280685c6f880dcb3659e4e45c5bf4b965e486c852d9dbe3144b17,San Francisco,Will the highest temperature in San Francisco be 88°F or higher on September 7?,42633679065445279033636836410836881725305975897713079760700698508438794076310,Yes,2026-09-07T10:00:18+00:00,0.0025
0x6b5659d9078280685c6f880dcb3659e4e45c5bf4b965e486c852d9dbe3144b17,San Francisco,Will the highest temperature in San Francisco be 88°F or higher on September 7?,42633679065445279033636836410836881725305975897713079760700698508438794076310,Yes,2026-09-07T11:00:19+00:00,0.002
0x6b5659d9078280685c6f880dcb3659e4e45c5bf4b965e486c852d9dbe3144b17,San Francisco,Will the highest temperature in San Francisco be 88°F or higher on September 7?,42633679065445279033636836410836881725305975897713079760700698508438794076310,Yes,2026-09-07T12:00:24+00:00,0.0025
0x6b5659d9078280685c6f880dcb3659e4e45c5bf4b965e486c852d9dbe3144b17,San Francisco,Will the highest temperature in San Francisco be 88°F or higher on September 7?,42633679065445279033636836410836881725305975897713079760700698508438794076310,Yes,2026-09-07T12:31:15+00:00,0.0025
0x6b5659d9078280685c6f880dcb3659e4e45c5bf4b965e486c852d9dbe3144b17,San Francisco,Will the highest temperature in San Francisco be 88°F or higher on September 7?,13658221807920191609532305536784876335222297065782922367716882149425458181590,No,2026-09-07T05:00:18+00:00,0.997
0x6b5659d9078280685c6f880dcb3659e4e45c5bf4b965e486c852d9dbe3144b17,San Francisco,Will the highest temperature in San Francisco be 88°F or higher on September 7?,13658221807920191609532305536784876335222297065782922367716882149425458181590,No,2026-09-07T06:00:14+00:00,0.997
0x6b5659d9078280685c6f880dcb3659e4e45c5bf4b965e486c852d9dbe3144b17,San Francisco,Will the highest temperature in San Francisco be 88°F or higher on September 7?,13658221807920191609532305536784876335222297065782922367716882149425458181590,No,2026-09-07T07:00:14+00:00,0.997
0x6b5659d9078280685c6f880dcb3659e4e45c5bf4b965e486c852d9dbe3144b17,San Francisco,Will the highest temperature in San Francisco be 88°F or higher on September 7?,13658221807920191609532305536784876335222297065782922367716882149425458181590,No,2026-09-07T08:00:16+00:00,0.9975
0x6b5659d9078280685c6f880dcb3659e4e45c5bf4b965e486c852d9dbe3144b17,San Francisco,Will the highest temperature in San Francisco be 88°F or higher on September 7?,13658221807920191609532305536784876335222297065782922367716882149425458181590,No,2026-09-07T09:00:31+00:00,0.9975
0x6b5659d9078280685c6f880dcb3659e4e45c5bf4b965e486c852d9dbe3144b17,San Francisco,Will the highest temperature in San Francisco be 88°F or higher on September 7?,13658221807920191609532305536784876335222297065782922367716882149425458181590,No,2026-09-07T10:00:14+00:00,0.9975
0x6b5659d9078280685c6f880dcb3659e4e45c5bf4b965e486c852d9dbe3144b17,San Francisco,Will the highest temperature in San Francisco be 88°F or higher on September 7?,13658221807920191609532305536784876335222297065782922367716882149425458181590,No,2026-09-07T11:00:14+00:00,0.998
0x6b5659d9078280685c6f880dcb3659e4e45c5bf4b965e486c852d9dbe3144b17,San Francisco,Will the highest temperature in San Francisco be 88°F or higher on September 7?,13658221807920191609532305536784876335222297065782922367716882149425458181590,No,2026-09-07T12:00:17+00:00,0.9975
0x6b5659d9078280685c6f880dcb3659e4e45c5bf4b965e486c852d9dbe3144b17,San Francisco,Will the highest temperature in San Francisco be 88°F or higher on September 7?,13658221807920191609532305536784876335222297065782922367716882149425458181590,No,2026-09-07T12:31:13+00:00,0.9975
0xc3e8e19b022cd156e229352cc0640db38d8c8020e6b6b70876faf962b919f783,San Francisco,Will the lowest temperature in San Francisco be 49°F or below on September 8?,74466160241383392501550692540630785350276923726618127645984547493007555405158,Yes,2026-09-07T05:00:22+00:00,0.345
0xc3e8e19b022cd156e229352cc0640db38d8c8020e6b6b70876faf962b919f783,San Francisco,Will the lowest temperature in San Francisco be 49°F or below on September 8?,74466160241383392501550692540630785350276923726618127645984547493007555405158,Yes,2026-09-07T06:00:19+00:00,0.41
0xc3e8e19b022cd156e229352cc0640db38d8c8020e6b6b70876faf962b919f783,San Francisco,Will the lowest temperature in San Francisco be 49°F or below on September 8?,74466160241383392501550692540630785350276923726618127645984547493007555405158,Yes,2026-09-07T07:00:21+00:00,0.325
0xc3e8e19b022cd156e229352cc0640db38d8c8020e6b6b70876faf962b919f783,San Francisco,Will the lowest temperature in San Francisco be 49°F or below on September 8?,74466160241383392501550692540630785350276923726618127645984547493007555405158,Yes,2026-09-07T08:00:20+00:00,0.27
0xc3e8e19b022cd156e229352cc0640db38d8c8020e6b6b70876faf962b919f783,San Francisco,Will the lowest temperature in San Francisco be 49°F or below on September 8?,74466160241383392501550692540630785350276923726618127645984547493007555405158,Yes,2026-09-07T09:00:38+00:00,0.235
0xc3e8e19b022cd156e229352cc0640db38d8c8020e6b6b70876faf962b919f783,San Francisco,Will the lowest temperature in San Francisco be 49°F or below on September 8?,74466160241383392501550692540630785350276923726618127645984547493007555405158,Yes,2026-09-07T10:00:18+00:00,0.235
0xc3e8e19b022cd156e229352cc0640db38d8c8020e6b6b70876faf962b919f783,San Francisco,Will the lowest temperature in San Francisco be 49°F or below on September 8?,74466160241383392501550692540630785350276923726618127645984547493007555405158,Yes,2026-09-07T11:00:19+00:00,0.23
0xc3e8e19b022cd156e229352cc0640db38d8c8020e6b6b70876faf962b919f783,San Francisco,Will the lowest temperature in San Francisco be 49°F or below on September 8?,74466160241383392501550692540630785350276923726618127645984547493007555405158,Yes,2026-09-07T12:00:25+00:00,0.215
0xc3e8e19b022cd156e229352cc0640db38d8c8020e6b6b70876faf962b919f783,San Francisco,Will the lowest temperature in San Francisco be 49°F or below on September 8?,74466160241383392501550692540630785350276923726618127645984547493007555405158,Yes,2026-09-07T12:31:15+00:00,0.215
0xc3e8e19b022cd156e229352cc0640db38d8c8020e6b6b70876faf962b919f783,San Francisco,Will the lowest temperature in San Francisco be 49°F or below on September 8?,110849003887938252268681789064390869468454318825484351810214649190303031018576,No,2026-09-07T05:00:20+00:00,0.655
0xc3e8e19b022cd156e229352cc0640db38d8c8020e6b6b70876faf962b919f783,San Francisco,Will the lowest temperature in San Francisco be 49°F or below on September 8?,110849003887938252268681789064390869468454318825484351810214649190303031018576,No,2026-09-07T06:00:16+00:00,0.59
0xc3e8e19b022cd156e229352cc0640db38d8c8020e6b6b70876faf962b919f783,San Francisco,Will the lowest temperature in San Francisco be 49°F or below on September 8?,110849003887938252268681789064390869468454318825484351810214649190303031018576,No,2026-09-07T07:00:17+00:00,0.675
0xc3e8e19b022cd156e229352cc0640db38d8c8020e6b6b70876faf962b919f783,San Francisco,Will the lowest temperature in San Francisco be 49°F or below on September 8?,110849003887938252268681789064390869468454318825484351810214649190303031018576,No,2026-09-07T08:00:17+00:00,0.73
0xc3e8e19b022cd156e229352cc0640db38d8c8020e6b6b70876faf962b919f783,San Francisco,Will the lowest temperature in San Francisco be 49°F or below on September 8?,110849003887938252268681789064390869468454318825484351810214649190303031018576,No,2026-09-07T09:00:34+00:00,0.765
0xc3e8e19b022cd156e229352cc0640db38d8c8020e6b6b70876faf962b919f783,San Francisco,Will the lowest temperature in San Francisco be 49°F or below on September 8?,110849003887938252268681789064390869468454318825484351810214649190303031018576,No,2026-09-07T10:00:16+00:00,0.765
0xc3e8e19b022cd156e229352cc0640db38d8c8020e6b6b70876faf962b919f783,San Francisco,Will the lowest temperature in San Francisco be 49°F or below on September 8?,110849003887938252268681789064390869468454318825484351810214649190303031018576,No,2026-09-07T11:00:16+00:00,0.77
0xc3e8e19b022cd156e229352cc0640db38d8c8020e6b6b70876faf962b919f783,San Francisco,Will the lowest temperature in San Francisco be 49°F or below on September 8?,110849003887938252268681789064390869468454318825484351810214649190303031018576,No,2026-09-07T12:00:20+00:00,0.785
0xc3e8e19b022cd156e229352cc0640db38d8c8020e6b6b70876faf962b919f783,San Francisco,Will the lowest temperature in San Francisco be 49°F or below on September 8?,110849003887938252268681789064390869468454318825484351810214649190303031018576,No,2026-09-07T12:31:14+00:00,0.785
0xdb5d912e1642049599f581ab8987a72fbce77f0c7033429563b99a456393cab3,San Francisco,Will the lowest temperature in San Francisco be between 50-51°F on September 8?,52508489157414555591031187928861723800738610220044097920373699139411155261651,Yes,2026-09-07T05:00:22+00:00,0.095
0xdb5d912e1642049599f581ab8987a72fbce77f0c7033429563b99a456393cab3,San Francisco,Will the lowest temperature in San Francisco be between 50-51°F on September 8?,52508489157414555591031187928861723800738610220044097920373699139411155261651,Yes,2026-09-07T06:00:19+00:00,0.095
0xdb5d912e1642049599f581ab8987a72fbce77f0c7033429563b99a456393cab3,San Francisco,Will the lowest temperature in San Francisco be between 50-51°F on September 8?,52508489157414555591031187928861723800738610220044097920373699139411155261651,Yes,2026-09-07T07:00:22+00:00,0.095
0xdb5d912e1642049599f581ab8987a72fbce77f0c7033429563b99a456393cab3,San Francisco,Will the lowest temperature in San Francisco be between 50-51°F on September 8?,52508489157414555591031187928861723800738610220044097920373699139411155261651,Yes,2026-09-07T08:00:20+00:00,0.075
0xdb5d912e1642049599f581ab8987a72fbce77f0c7033429563b99a456393cab3,San Francisco,Will the lowest temperature in San Francisco be between 50-51°F on September 8?,52508489157414555591031187928861723800738610220044097920373699139411155261651,Yes,2026-09-07T09:00:39+00:00,0.22
0xdb5d912e1642049599f581ab8987a72fbce77f0c7033429563b99a456393cab3,San Francisco,Will the lowest temperature in San Francisco be between 50-51°F on September 8?,52508489157414555591031187928861723800738610220044097920373699139411155261651,Yes,2026-09-07T10:00:18+00:00,0.245
0xdb5d912e1642049599f581ab8987a72fbce77f0c7033429563b99a456393cab3,San Francisco,Will the lowest temperature in San Francisco be between 50-51°F on September 8?,52508489157414555591031187928861723800738610220044097920373699139411155261651,Yes,2026-09-07T11:00:19+00:00,0.22
0xdb5d912e1642049599f581ab8987a72fbce77f0c7033429563b99a456393cab3,San Francisco,Will the lowest temperature in San Francisco be between 50-51°F on September 8?,52508489157414555591031187928861723800738610220044097920373699139411155261651,Yes,2026-09-07T12:00:25+00:00,0.145
0xdb5d912e1642049599f581ab8987a72fbce77f0c7033429563b99a456393cab3,San Francisco,Will the lowest temperature in San Francisco be between 50-51°F on September 8?,52508489157414555591031187928861723800738610220044097920373699139411155261651,Yes,2026-09-07T12:31:15+00:00,0.09
0xdb5d912e1642049599f581ab8987a72fbce77f0c7033429563b99a456393cab3,San Francisco,Will the lowest temperature in San Francisco be between 50-51°F on September 8?,101531631020812534733120520422686205114539387973044834059803073136078327583300,No,2026-09-07T05:00:18+00:00,0.905
0xdb5d912e1642049599f581ab8987a72fbce77f0c7033429563b99a456393cab3,San Francisco,Will the lowest temperature in San Francisco be between 50-51°F on September 8?,101531631020812534733120520422686205114539387973044834059803073136078327583300,No,2026-09-07T06:00:14+00:00,0.905
0xdb5d912e1642049599f581ab8987a72fbce77f0c7033429563b99a456393cab3,San Francisco,Will the lowest temperature in San Francisco be between 50-51°F on September 8?,101531631020812534733120520422686205114539387973044834059803073136078327583300,No,2026-09-07T07:00:14+00:00,0.905
0xdb5d912e1642049599f581ab8987a72fbce77f0c7033429563b99a456393cab3,San Francisco,Will the lowest temperature in San Francisco be between 50-51°F on September 8?,101531631020812534733120520422686205114539387973044834059803073136078327583300,No,2026-09-07T08:00:16+00:00,0.925
0xdb5d912e1642049599f581ab8987a72fbce77f0c7033429563b99a456393cab3,San Francisco,Will the lowest temperature in San Francisco be between 50-51°F on September 8?,101531631020812534733120520422686205114539387973044834059803073136078327583300,No,2026-09-07T09:00:31+00:00,0.78
0xdb5d912e1642049599f581ab8987a72fbce77f0c7033429563b99a456393cab3,San Francisco,Will the lowest temperature in San Francisco be between 50-51°F on September 8?,101531631020812534733120520422686205114539387973044834059803073136078327583300,No,2026-09-07T10:00:14+00:00,0.755
0xdb5d912e1642049599f581ab8987a72fbce77f0c7033429563b99a456393cab3,San Francisco,Will the lowest temperature in San Francisco be between 50-51°F on September 8?,101531631020812534733120520422686205114539387973044834059803073136078327583300,No,2026-09-07T11:00:14+00:00,0.78
0xdb5d912e1642049599f581ab8987a72fbce77f0c7033429563b99a456393cab3,San Francisco,Will the lowest temperature in San Francisco be between 50-51°F on September 8?,101531631020812534733120520422686205114539387973044834059803073136078327583300,No,2026-09-07T12:00:17+00:00,0.855
0xdb5d912e1642049599f581ab8987a72fbce77f0c7033429563b99a456393cab3,San Francisco,Will the lowest temperature in San Francisco be between 50-51°F on September 8?,101531631020812534733120520422686205114539387973044834059803073136078327583300,No,2026-09-07T12:31:13+00:00,0.91
0xae866b3c70d8458d4e92033cbc7afc9adacd212d2a748a246cfc01c28b47164c,San Francisco,Will the lowest temperature in San Francisco be between 52-53°F on September 8?,56813291714751610811129691323931480441598810811565115717722402624802725186303,Yes,2026-09-07T05:00:22+00:00,0.125
0xae866b3c70d8458d4e92033cbc7afc9adacd212d2a748a246cfc01c28b47164c,San Francisco,Will the lowest temperature in San Francisco be between 52-53°F on September 8?,56813291714751610811129691323931480441598810811565115717722402624802725186303,Yes,2026-09-07T06:00:18+00:00,0.095
0xae866b3c70d8458d4e92033cbc7afc9adacd212d2a748a246cfc01c28b47164c,San Francisco,Will the lowest temperature in San Francisco be between 52-53°F on September 8?,56813291714751610811129691323931480441598810811565115717722402624802725186303,Yes,2026-09-07T07:00:21+00:00,0.095
0xae866b3c70d8458d4e92033cbc7afc9adacd212d2a748a246cfc01c28b47164c,San Francisco,Will the lowest temperature in San Francisco be between 52-53°F on September 8?,56813291714751610811129691323931480441598810811565115717722402624802725186303,Yes,2026-09-07T08:00:19+00:00,0.165
0xae866b3c70d8458d4e92033cbc7afc9adacd212d2a748a246cfc01c28b47164c,San Francisco,Will the lowest temperature in San Francisco be between 52-53°F on September 8?,56813291714751610811129691323931480441598810811565115717722402624802725186303,Yes,2026-09-07T09:00:38+00:00,0.115
0xae866b3c70d8458d4e92033cbc7afc9adacd212d2a748a246cfc01c28b47164c,San Francisco,Will the lowest temperature in San Francisco be between 52-53°F on September 8?,56813291714751610811129691323931480441598810811565115717722402624802725186303,Yes,2026-09-07T10:00:18+00:00,0.08
0xae866b3c70d8458d4e92033cbc7afc9adacd212d2a748a246cfc01c28b47164c,San Francisco,Will the lowest temperature in San Francisco be between 52-53°F on September 8?,56813291714751610811129691323931480441598810811565115717722402624802725186303,Yes,2026-09-07T11:00:19+00:00,0.085
0xae866b3c70d8458d4e92033cbc7afc9adacd212d2a748a246cfc01c28b47164c,San Francisco,Will the lowest temperature in San Francisco be between 52-53°F on September 8?,56813291714751610811129691323931480441598810811565115717722402624802725186303,Yes,2026-09-07T12:00:24+00:00,0.09
0xae866b3c70d8458d4e92033cbc7afc9adacd212d2a748a246cfc01c28b47164c,San Francisco,Will the lowest temperature in San Francisco be between 52-53°F on September 8?,56813291714751610811129691323931480441598810811565115717722402624802725186303,Yes,2026-09-07T12:31:15+00:00,0.125
0xae866b3c70d8458d4e92033cbc7afc9adacd212d2a748a246cfc01c28b47164c,San Francisco,Will the lowest temperature in San Francisco be between 52-53°F on September 8?,2383080754303798550733530869057092588148740520342100819378341485850688962120,No,2026-09-07T05:00:20+00:00,0.875
0xae866b3c70d8458d4e92033cbc7afc9adacd212d2a748a246cfc01c28b47164c,San Francisco,Will the lowest temperature in San Francisco be between 52-53°F on September 8?,2383080754303798550733530869057092588148740520342100819378341485850688962120,No,2026-09-07T06:00:15+00:00,0.905
0xae866b3c70d8458d4e92033cbc7afc9adacd212d2a748a246cfc01c28b47164c,San Francisco,Will the lowest temperature in San Francisco be between 52-53°F on September 8?,2383080754303798550733530869057092588148740520342100819378341485850688962120,No,2026-09-07T07:00:16+00:00,0.905
0xae866b3c70d8458d4e92033cbc7afc9adacd212d2a748a246cfc01c28b47164c,San Francisco,Will the lowest temperature in San Francisco be between 52-53°F on September 8?,2383080754303798550733530869057092588148740520342100819378341485850688962120,No,2026-09-07T08:00:17+00:00,0.835
0xae866b3c70d8458d4e92033cbc7afc9adacd212d2a748a246cfc01c28b47164c,San Francisco,Will the lowest temperature in San Francisco be between 52-53°F on September 8?,2383080754303798550733530869057092588148740520342100819378341485850688962120,No,2026-09-07T09:00:33+00:00,0.885
0xae866b3c70d8458d4e92033cbc7afc9adacd212d2a748a246cfc01c28b47164c,San Francisco,Will the lowest temperature in San Francisco be between 52-53°F on September 8?,2383080754303798550733530869057092588148740520342100819378341485850688962120,No,2026-09-07T10:00:15+00:00,0.92
0xae866b3c70d8458d4e92033cbc7afc9adacd212d2a748a246cfc01c28b47164c,San Francisco,Will the lowest temperature in San Francisco be between 52-53°F on September 8?,2383080754303798550733530869057092588148740520342100819378341485850688962120,No,2026-09-07T11:00:15+00:00,0.915
0xae866b3c70d8458d4e92033cbc7afc9adacd212d2a748a246cfc01c28b47164c,San Francisco,Will the lowest temperature in San Francisco be between 52-53°F on September 8?,2383080754303798550733530869057092588148740520342100819378341485850688962120,No,2026-09-07T12:00:20+00:00,0.91
0xae866b3c70d8458d4e92033cbc7afc9adacd212d2a748a246cfc01c28b47164c,San Francisco,Will the lowest temperature in San Francisco be between 52-53°F on September 8?,2383080754303798550733530869057092588148740520342100819378341485850688962120,No,2026-09-07T12:31:14+00:00,0.875
0xeead4b979ee8b8d70f4b34c8c6e11736878d5a2f42af3b90484db0d43baf1c20,San Francisco,Will the lowest temperature in San Francisco be between 54-55°F on September 8?,104974604080702768713109016272317950915194159767160479262831025268126090583370,Yes,2026-09-07T05:00:22+00:00,0.135
0xeead4b979ee8b8d70f4b34c8c6e11736878d5a2f42af3b90484db0d43baf1c20,San Francisco,Will the lowest temperature in San Francisco be between 54-55°F on September 8?,104974604080702768713109016272317950915194159767160479262831025268126090583370,Yes,2026-09-07T06:00:18+00:00,0.16
0xeead4b979ee8b8d70f4b34c8c6e11736878d5a2f42af3b90484db0d43baf1c20,San Francisco,Will the lowest temperature in San Francisco be between 54-55°F on September 8?,104974604080702768713109016272317950915194159767160479262831025268126090583370,Yes,2026-09-07T07:00:20+00:00,0.11
0xeead4b979ee8b8d70f4b34c8c6e11736878d5a2f42af3b90484db0d43baf1c20,San Francisco,Will the lowest temperature in San Francisco be between 54-55°F on September 8?,104974604080702768713109016272317950915194159767160479262831025268126090583370,Yes,2026-09-07T08:00:19+00:00,0.09
0xeead4b979ee8b8d70f4b34c8c6e11736878d5a2f42af3b90484db0d43baf1c20,San Francisco,Will the lowest temperature in San Francisco be between 54-55°F on September 8?,104974604080702768713109016272317950915194159767160479262831025268126090583370,Yes,2026-09-07T09:00:38+00:00,0.16
0xeead4b979ee8b8d70f4b34c8c6e11736878d5a2f42af3b90484db0d43baf1c20,San Francisco,Will the lowest temperature in San Francisco be between 54-55°F on September 8?,104974604080702768713109016272317950915194159767160479262831025268126090583370,Yes,2026-09-07T10:00:18+00:00,0.105
0xeead4b979ee8b8d70f4b34c8c6e11736878d5a2f42af3b90484db0d43baf1c20,San Francisco,Will the lowest temperature in San Francisco be between 54-55°F on September 8?,104974604080702768713109016272317950915194159767160479262831025268126090583370,Yes,2026-09-07T11:00:18+00:00,0.165
0xeead4b979ee8b8d70f4b34c8c6e11736878d5a2f42af3b90484db0d43baf1c20,San Francisco,Will the lowest temperature in San Francisco be between 54-55°F on September 8?,104974604080702768713109016272317950915194159767160479262831025268126090583370,Yes,2026-09-07T12:00:24+00:00,0.11
0xeead4b979ee8b8d70f4b34c8c6e11736878d5a2f42af3b90484db0d43baf1c20,San Francisco,Will the lowest temperature in San Francisco be between 54-55°F on September 8?,104974604080702768713109016272317950915194159767160479262831025268126090583370,Yes,2026-09-07T12:31:15+00:00,0.095
0xeead4b979ee8b8d70f4b34c8c6e11736878d5a2f42af3b90484db0d43baf1c20,San Francisco,Will the lowest temperature in San Francisco be between 54-55°F on September 8?,12499074262980730272159609717492491125853384108726559705161770423483757209951,No,2026-09-07T05:00:20+00:00,0.865
0xeead4b979ee8b8d70f4b34c8c6e11736878d5a2f42af3b90484db0d43baf1c20,San Francisco,Will the lowest temperature in San Francisco be between 54-55°F on September 8?,12499074262980730272159609717492491125853384108726559705161770423483757209951,No,2026-09-07T06:00:16+00:00,0.84
0xeead4b979ee8b8d70f4b34c8c6e11736878d5a2f42af3b90484db0d43baf1c20,San Francisco,Will the lowest temperature in San Francisco be between 54-55°F on September 8?,12499074262980730272159609717492491125853384108726559705161770423483757209951,No,2026-09-07T07:00:18+00:00,0.89
0xeead4b979ee8b8d70f4b34c8c6e11736878d5a2f42af3b90484db0d43baf1c20,San Francisco,Will the lowest temperature in San Francisco be between 54-55°F on September 8?,12499074262980730272159609717492491125853384108726559705161770423483757209951,No,2026-09-07T08:00:18+00:00,0.91
0xeead4b979ee8b8d70f4b34c8c6e11736878d5a2f42af3b90484db0d43baf1c20,San Francisco,Will the lowest temperature in San Francisco be between 54-55°F on September 8?,12499074262980730272159609717492491125853384108726559705161770423483757209951,No,2026-09-07T09:00:35+00:00,0.84
0xeead4b979ee8b8d70f4b34c8c6e11736878d5a2f42af3b90484db0d43baf1c20,San Francisco,Will the lowest temperature in San Francisco be between 54-55°F on September 8?,12499074262980730272159609717492491125853384108726559705161770423483757209951,No,2026-09-07T10:00:16+00:00,0.895
0xeead4b979ee8b8d70f4b34c8c6e11736878d5a2f42af3b90484db0d43baf1c20,San Francisco,Will the lowest temperature in San Francisco be between 54-55°F on September 8?,12499074262980730272159609717492491125853384108726559705161770423483757209951,No,2026-09-07T11:00:17+00:00,0.835
0xeead4b979ee8b8d70f4b34c8c6e11736878d5a2f42af3b90484db0d43baf1c20,San Francisco,Will the lowest temperature in San Francisco be between 54-55°F on September 8?,12499074262980730272159609717492491125853384108726559705161770423483757209951,No,2026-09-07T12:00:21+00:00,0.89
0xeead4b979ee8b8d70f4b34c8c6e11736878d5a2f42af3b90484db0d43baf1c20,San Francisco,Will the lowest temperature in San Francisco be between 54-55°F on September 8?,12499074262980730272159609717492491125853384108726559705161770423483757209951,No,2026-09-07T12:31:14+00:00,0.905
0xfa7a7dbbde7b4415e6f86494c61bb85fc85047bb33e9913b329ecb70106f1878,San Francisco,Will the lowest temperature in San Francisco be between 56-57°F on September 8?,96869290409548989823902242401194265776995149735941393871502110171803628904613,Yes,2026-09-07T05:00:18+00:00,0.3
0xfa7a7dbbde7b4415e6f86494c61bb85fc85047bb33e9913b329ecb70106f1878,San Francisco,Will the lowest temperature in San Francisco be between 56-57°F on September 8?,96869290409548989823902242401194265776995149735941393871502110171803628904613,Yes,2026-09-07T06:00:14+00:00,0.28
0xfa7a7dbbde7b4415e6f86494c61bb85fc85047bb33e9913b329ecb70106f1878,San Francisco,Will the lowest temperature in San Francisco be between 56-57°F on September 8?,96869290409548989823902242401194265776995149735941393871502110171803628904613,Yes,2026-09-07T07:00:14+00:00,0.265
0xfa7a7dbbde7b4415e6f86494c61bb85fc85047bb33e9913b329ecb70106f1878,San Francisco,Will the lowest temperature in San Francisco be between 56-57°F on September 8?,96869290409548989823902242401194265776995149735941393871502110171803628904613,Yes,2026-09-07T08:00:16+00:00,0.31
0xfa7a7dbbde7b4415e6f86494c61bb85fc85047bb33e9913b329ecb70106f1878,San Francisco,Will the lowest temperature in San Francisco be between 56-57°F on September 8?,96869290409548989823902242401194265776995149735941393871502110171803628904613,Yes,2026-09-07T09:00:31+00:00,0.32
0xfa7a7dbbde7b4415e6f86494c61bb85fc85047bb33e9913b329ecb70106f1878,San Francisco,Will the lowest temperature in San Francisco be between 56-57°F on September 8?,96869290409548989823902242401194265776995149735941393871502110171803628904613,Yes,2026-09-07T10:00:14+00:00,0.26
0xfa7a7dbbde7b4415e6f86494c61bb85fc85047bb33e9913b329ecb70106f1878,San Francisco,Will the lowest temperature in San Francisco be between 56-57°F on September 8?,96869290409548989823902242401194265776995149735941393871502110171803628904613,Yes,2026-09-07T11:00:13+00:00,0.305
0xfa7a7dbbde7b4415e6f86494c61bb85fc85047bb33e9913b329ecb70106f1878,San Francisco,Will the lowest temperature in San Francisco be between 56-57°F on September 8?,96869290409548989823902242401194265776995149735941393871502110171803628904613,Yes,2026-09-07T12:00:17+00:00,0.26
0xfa7a7dbbde7b4415e6f86494c61bb85fc85047bb33e9913b329ecb70106f1878,San Francisco,Will the lowest temperature in San Francisco be between 56-57°F on September 8?,96869290409548989823902242401194265776995149735941393871502110171803628904613,Yes,2026-09-07T12:31:13+00:00,0.26
0xfa7a7dbbde7b4415e6f86494c61bb85fc85047bb33e9913b329ecb70106f1878,San Francisco,Will the lowest temperature in San Francisco be between 56-57°F on September 8?,1749462701451065833908564144208285850274993633472243899306835526171720754227,No,2026-09-07T05:00:22+00:00,0.7
0xfa7a7dbbde7b4415e6f86494c61bb85fc85047bb33e9913b329ecb70106f1878,San Francisco,Will the lowest temperature in San Francisco be between 56-57°F on September 8?,1749462701451065833908564144208285850274993633472243899306835526171720754227,No,2026-09-07T06:00:18+00:00,0.72
0xfa7a7dbbde7b4415e6f86494c61bb85fc85047bb33e9913b329ecb70106f1878,San Francisco,Will the lowest temperature in San Francisco be between 56-57°F on September 8?,1749462701451065833908564144208285850274993633472243899306835526171720754227,No,2026-09-07T07:00:20+00:00,0.735
0xfa7a7dbbde7b4415e6f86494c61bb85fc85047bb33e9913b329ecb70106f1878,San Francisco,Will the lowest temperature in San Francisco be between 56-57°F on September 8?,1749462701451065833908564144208285850274993633472243899306835526171720754227,No,2026-09-07T08:00:19+00:00,0.69
0xfa7a7dbbde7b4415e6f86494c61bb85fc85047bb33e9913b329ecb70106f1878,San Francisco,Will the lowest temperature in San Francisco be between 56-57°F on September 8?,1749462701451065833908564144208285850274993633472243899306835526171720754227,No,2026-09-07T09:00:37+00:00,0.68
0xfa7a7dbbde7b4415e6f86494c61bb85fc85047bb33e9913b329ecb70106f1878,San Francisco,Will the lowest temperature in San Francisco be between 56-57°F on September 8?,1749462701451065833908564144208285850274993633472243899306835526171720754227,No,2026-09-07T10:00:17+00:00,0.74
0xfa7a7dbbde7b4415e6f86494c61bb85fc85047bb33e9913b329ecb70106f1878,San Francisco,Will the lowest temperature in San Francisco be between 56-57°F on September 8?,1749462701451065833908564144208285850274993633472243899306835526171720754227,No,2026-09-07T11:00:18+00:00,0.695
0xfa7a7dbbde7b4415e6f86494c61bb85fc85047bb33e9913b329ecb70106f1878,San Francisco,Will the lowest temperature in San Francisco be between 56-57°F on September 8?,1749462701451065833908564144208285850274993633472243899306835526171720754227,No,2026-09-07T12:00:23+00:00,0.74
0xfa7a7dbbde7b4415e6f86494c61bb85fc85047bb33e9913b329ecb70106f1878,San Francisco,Will the lowest temperature in San Francisco be between 56-57°F on September 8?,1749462701451065833908564144208285850274993633472243899306835526171720754227,No,2026-09-07T12:31:15+00:00,0.74
0x46397ce33ea052eb7548eb3dd706e79f5301be9cf7e2f40c70815a885e267d86,San Francisco,Will the lowest temperature in San Francisco be between 58-59°F on September 8?,63022225438798588213137543363041149741041337841580768818627680546254404796087,Yes,2026-09-07T05:00:17+00:00,0.36
0x46397ce33ea052eb7548eb3dd706e79f5301be9cf7e2f40c70815a885e267d86,San Francisco,Will the lowest temperature in San Francisco be between 58-59°F on September 8?,63022225438798588213137543363041149741041337841580768818627680546254404796087,Yes,2026-09-07T06:00:13+00:00,0.34
0x46397ce33ea052eb7548eb3dd706e79f5301be9cf7e2f40c70815a885e267d86,San Francisco,Will the lowest temperature in San Francisco be between 58-59°F on September 8?,63022225438798588213137543363041149741041337841580768818627680546254404796087,Yes,2026-09-07T07:00:13+00:00,0.395
0x46397ce33ea052eb7548eb3dd706e79f5301be9cf7e2f40c70815a885e267d86,San Francisco,Will the lowest temperature in San Francisco be between 58-59°F on September 8?,63022225438798588213137543363041149741041337841580768818627680546254404796087,Yes,2026-09-07T08:00:15+00:00,0.44
0x46397ce33ea052eb7548eb3dd706e79f5301be9cf7e2f40c70815a885e267d86,San Francisco,Will the lowest temperature in San Francisco be between 58-59°F on September 8?,63022225438798588213137543363041149741041337841580768818627680546254404796087,Yes,2026-09-07T09:00:30+00:00,0.45
0x46397ce33ea052eb7548eb3dd706e79f5301be9cf7e2f40c70815a885e267d86,San Francisco,Will the lowest temperature in San Francisco be between 58-59°F on September 8?,63022225438798588213137543363041149741041337841580768818627680546254404796087,Yes,2026-09-07T10:00:13+00:00,0.435
0x46397ce33ea052eb7548eb3dd706e79f5301be9cf7e2f40c70815a885e267d86,San Francisco,Will the lowest temperature in San Francisco be between 58-59°F on September 8?,63022225438798588213137543363041149741041337841580768818627680546254404796087,Yes,2026-09-07T11:00:12+00:00,0.455
0x46397ce33ea052eb7548eb3dd706e79f5301be9cf7e2f40c70815a885e267d86,San Francisco,Will the lowest temperature in San Francisco be between 58-59°F on September 8?,63022225438798588213137543363041149741041337841580768818627680546254404796087,Yes,2026-09-07T12:00:16+00:00,0.35
0x46397ce33ea052eb7548eb3dd706e79f5301be9cf7e2f40c70815a885e267d86,San Francisco,Will the lowest temperature in San Francisco be between 58-59°F on September 8?,63022225438798588213137543363041149741041337841580768818627680546254404796087,Yes,2026-09-07T12:31:13+00:00,0.38
0x46397ce33ea052eb7548eb3dd706e79f5301be9cf7e2f40c70815a885e267d86,San Francisco,Will the lowest temperature in San Francisco be between 58-59°F on September 8?,65588281829904266097608233087379281306849306953933525392738523851574144317074,No,2026-09-07T05:00:22+00:00,0.64
0x46397ce33ea052eb7548eb3dd706e79f5301be9cf7e2f40c70815a885e267d86,San Francisco,Will the lowest temperature in San Francisco be between 58-59°F on September 8?,65588281829904266097608233087379281306849306953933525392738523851574144317074,No,2026-09-07T06:00:19+00:00,0.66
0x46397ce33ea052eb7548eb3dd706e79f5301be9cf7e2f40c70815a885e267d86,San Francisco,Will the lowest temperature in San Francisco be between 58-59°F on September 8?,65588281829904266097608233087379281306849306953933525392738523851574144317074,No,2026-09-07T07:00:21+00:00,0.605
0x46397ce33ea052eb7548eb3dd706e79f5301be9cf7e2f40c70815a885e267d86,San Francisco,Will the lowest temperature in San Francisco be between 58-59°F on September 8?,65588281829904266097608233087379281306849306953933525392738523851574144317074,No,2026-09-07T08:00:20+00:00,0.56
0x46397ce33ea052eb7548eb3dd706e79f5301be9cf7e2f40c70815a885e267d86,San Francisco,Will the lowest temperature in San Francisco be between 58-59°F on September 8?,65588281829904266097608233087379281306849306953933525392738523851574144317074,No,2026-09-07T09:00:39+00:00,0.55
0x46397ce33ea052eb7548eb3dd706e79f5301be9cf7e2f40c70815a885e267d86,San Francisco,Will the lowest temperature in San Francisco be between 58-59°F on September 8?,65588281829904266097608233087379281306849306953933525392738523851574144317074,No,2026-09-07T10:00:18+00:00,0.565
0x46397ce33ea052eb7548eb3dd706e79f5301be9cf7e2f40c70815a885e267d86,San Francisco,Will the lowest temperature in San Francisco be between 58-59°F on September 8?,65588281829904266097608233087379281306849306953933525392738523851574144317074,No,2026-09-07T11:00:19+00:00,0.545
0x46397ce33ea052eb7548eb3dd706e79f5301be9cf7e2f40c70815a885e267d86,San Francisco,Will the lowest temperature in San Francisco be between 58-59°F on September 8?,65588281829904266097608233087379281306849306953933525392738523851574144317074,No,2026-09-07T12:00:25+00:00,0.65
0x46397ce33ea052eb7548eb3dd706e79f5301be9cf7e2f40c70815a885e267d86,San Francisco,Will the lowest temperature in San Francisco be between 58-59°F on September 8?,65588281829904266097608233087379281306849306953933525392738523851574144317074,No,2026-09-07T12:31:15+00:00,0.62
0xbc293b92866936cc0f477d192549d6f158a9bfa803a20b8d2f0ea95b0fac8bb1,San Francisco,Will the lowest temperature in San Francisco be between 60-61°F on September 8?,110919941519953810048902949356069314236367368040429761532262396567372939646517,Yes,2026-09-07T05:00:19+00:00,0.265
0xbc293b92866936cc0f477d192549d6f158a9bfa803a20b8d2f0ea95b0fac8bb1,San Francisco,Will the lowest temperature in San Francisco be between 60-61°F on September 8?,110919941519953810048902949356069314236367368040429761532262396567372939646517,Yes,2026-09-07T06:00:15+00:00,0.265
0xbc293b92866936cc0f477d192549d6f158a9bfa803a20b8d2f0ea95b0fac8bb1,San Francisco,Will the lowest temperature in San Francisco be between 60-61°F on September 8?,110919941519953810048902949356069314236367368040429761532262396567372939646517,Yes,2026-09-07T07:00:15+00:00,0.285
0xbc293b92866936cc0f477d192549d6f158a9bfa803a20b8d2f0ea95b0fac8bb1,San Francisco,Will the lowest temperature in San Francisco be between 60-61°F on September 8?,110919941519953810048902949356069314236367368040429761532262396567372939646517,Yes,2026-09-07T08:00:17+00:00,0.265
0xbc293b92866936cc0f477d192549d6f158a9bfa803a20b8d2f0ea95b0fac8bb1,San Francisco,Will the lowest temperature in San Francisco be between 60-61°F on September 8?,110919941519953810048902949356069314236367368040429761532262396567372939646517,Yes,2026-09-07T09:00:32+00:00,0.25
0xbc293b92866936cc0f477d192549d6f158a9bfa803a20b8d2f0ea95b0fac8bb1,San Francisco,Will the lowest temperature in San Francisco be between 60-61°F on September 8?,110919941519953810048902949356069314236367368040429761532262396567372939646517,Yes,2026-09-07T10:00:15+00:00,0.295
0xbc293b92866936cc0f477d192549d6f158a9bfa803a20b8d2f0ea95b0fac8bb1,San Francisco,Will the lowest temperature in San Francisco be between 60-61°F on September 8?,110919941519953810048902949356069314236367368040429761532262396567372939646517,Yes,2026-09-07T11:00:14+00:00,0.265
0xbc293b92866936cc0f477d192549d6f158a9bfa803a20b8d2f0ea95b0fac8bb1,San Francisco,Will the lowest temperature in San Francisco be between 60-61°F on September 8?,110919941519953810048902949356069314236367368040429761532262396567372939646517,Yes,2026-09-07T12:00:19+00:00,0.285
0xbc293b92866936cc0f477d192549d6f158a9bfa803a20b8d2f0ea95b0fac8bb1,San Francisco,Will the lowest temperature in San Francisco be between 60-61°F on September 8?,110919941519953810048902949356069314236367368040429761532262396567372939646517,Yes,2026-09-07T12:31:14+00:00,0.305
0xbc293b92866936cc0f477d192549d6f158a9bfa803a20b8d2f0ea95b0fac8bb1,San Francisco,Will the lowest temperature in San Francisco be between 60-61°F on September 8?,17434074378119910709046062648198337911719168015123234516321474959654157255044,No,2026-09-07T05:00:19+00:00,0.735
0xbc293b92866936cc0f477d192549d6f158a9bfa803a20b8d2f0ea95b0fac8bb1,San Francisco,Will the lowest temperature in San Francisco be between 60-61°F on September 8?,17434074378119910709046062648198337911719168015123234516321474959654157255044,No,2026-09-07T06:00:15+00:00,0.735
0xbc293b92866936cc0f477d192549d6f158a9bfa803a20b8d2f0ea95b0fac8bb1,San Francisco,Will the lowest temperature in San Francisco be between 60-61°F on September 8?,17434074378119910709046062648198337911719168015123234516321474959654157255044,No,2026-09-07T07:00:16+00:00,0.715
0xbc293b92866936cc0f477d192549d6f158a9bfa803a20b8d2f0ea95b0fac8bb1,San Francisco,Will the lowest temperature in San Francisco be between 60-61°F on September 8?,17434074378119910709046062648198337911719168015123234516321474959654157255044,No,2026-09-07T08:00:17+00:00,0.735
0xbc293b92866936cc0f477d192549d6f158a9bfa803a20b8d2f0ea95b0fac8bb1,San Francisco,Will the lowest temperature in San Francisco be between 60-61°F on September 8?,17434074378119910709046062648198337911719168015123234516321474959654157255044,No,2026-09-07T09:00:33+00:00,0.75
0xbc293b92866936cc0f477d192549d6f158a9bfa803a20b8d2f0ea95b0fac8bb1,San Francisco,Will the lowest temperature in San Francisco be between 60-61°F on September 8?,17434074378119910709046062648198337911719168015123234516321474959654157255044,No,2026-09-07T10:00:15+00:00,0.705
0xbc293b92866936cc0f477d192549d6f158a9bfa803a20b8d2f0ea95b0fac8bb1,San Francisco,Will the lowest temperature in San Francisco be between 60-61°F on September 8?,17434074378119910709046062648198337911719168015123234516321474959654157255044,No,2026-09-07T11:00:15+00:00,0.735
0xbc293b92866936cc0f477d192549d6f158a9bfa803a20b8d2f0ea95b0fac8bb1,San Francisco,Will the lowest temperature in San Francisco be between 60-61°F on September 8?,17434074378119910709046062648198337911719168015123234516321474959654157255044,No,2026-09-07T12:00:20+00:00,0.715
0xbc293b92866936cc0f477d192549d6f158a9bfa803a20b8d2f0ea95b0fac8bb1,San Francisco,Will the lowest temperature in San Francisco be between 60-61°F on September 8?,17434074378119910709046062648198337911719168015123234516321474959654157255044,No,2026-09-07T12:31:14+00:00,0.695
0xf525a5b47c88c8b799273f23373c132055375703173ca0634daa8386cbedbb70,San Francisco,Will the lowest temperature in San Francisco be between 62-63°F on September 8?,20414365182835558689084743993006002423615765136490892170912316319671377886712,Yes,2026-09-07T05:00:22+00:00,0.245
0xf525a5b47c88c8b799273f23373c132055375703173ca0634daa8386cbedbb70,San Francisco,Will the lowest temperature in San Francisco be between 62-63°F on September 8?,20414365182835558689084743993006002423615765136490892170912316319671377886712,Yes,2026-09-07T06:00:19+00:00,0.24
0xf525a5b47c88c8b799273f23373c132055375703173ca0634daa8386cbedbb70,San Francisco,Will the lowest temperature in San Francisco be between 62-63°F on September 8?,20414365182835558689084743993006002423615765136490892170912316319671377886712,Yes,2026-09-07T07:00:21+00:00,0.245
0xf525a5b47c88c8b799273f23373c132055375703173ca0634daa8386cbedbb70,San Francisco,Will the lowest temperature in San Francisco be between 62-63°F on September 8?,20414365182835558689084743993006002423615765136490892170912316319671377886712,Yes,2026-09-07T08:00:20+00:00,0.24
0xf525a5b47c88c8b799273f23373c132055375703173ca0634daa8386cbedbb70,San Francisco,Will the lowest temperature in San Francisco be between 62-63°F on September 8?,20414365182835558689084743993006002423615765136490892170912316319671377886712,Yes,2026-09-07T09:00:39+00:00,0.21
0xf525a5b47c88c8b799273f23373c132055375703173ca0634daa8386cbedbb70,San Francisco,Will the lowest temperature in San Francisco be between 62-63°F on September 8?,20414365182835558689084743993006002423615765136490892170912316319671377886712,Yes,2026-09-07T10:00:18+00:00,0.2
0xf525a5b47c88c8b799273f23373c132055375703173ca0634daa8386cbedbb70,San Francisco,Will the lowest temperature in San Francisco be between 62-63°F on September 8?,20414365182835558689084743993006002423615765136490892170912316319671377886712,Yes,2026-09-07T11:00:19+00:00,0.21
0xf525a5b47c88c8b799273f23373c132055375703173ca0634daa8386cbedbb70,San Francisco,Will the lowest temperature in San Francisco be between 62-63°F on September 8?,20414365182835558689084743993006002423615765136490892170912316319671377886712,Yes,2026-09-07T12:00:25+00:00,0.21
0xf525a5b47c88c8b799273f23373c132055375703173ca0634daa8386cbedbb70,San Francisco,Will the lowest temperature in San Francisco be between 62-63°F on September 8?,20414365182835558689084743993006002423615765136490892170912316319671377886712,Yes,2026-09-07T12:31:15+00:00,0.21
0xf525a5b47c88c8b799273f23373c132055375703173ca0634daa8386cbedbb70,San Francisco,Will the lowest temperature in San Francisco be between 62-63°F on September 8?,49998576177997634935816050559993277992111831693946585634671904660177021907123,No,2026-09-07T05:00:21+00:00,0.755
0xf525a5b47c88c8b799273f23373c132055375703173ca0634daa8386cbedbb70,San Francisco,Will the lowest temperature in San Francisco be between 62-63°F on September 8?,49998576177997634935816050559993277992111831693946585634671904660177021907123,No,2026-09-07T06:00:18+00:00,0.76
0xf525a5b47c88c8b799273f23373c132055375703173ca0634daa8386cbedbb70,San Francisco,Will the lowest temperature in San Francisco be between 62-63°F on September 8?,49998576177997634935816050559993277992111831693946585634671904660177021907123,No,2026-09-07T07:00:20+00:00,0.755
0xf525a5b47c88c8b799273f23373c132055375703173ca0634daa8386cbedbb70,San Francisco,Will the lowest temperature in San Francisco be between 62-63°F on September 8?,49998576177997634935816050559993277992111831693946585634671904660177021907123,No,2026-09-07T08:00:19+00:00,0.76
0xf525a5b47c88c8b799273f23373c132055375703173ca0634daa8386cbedbb70,San Francisco,Will the lowest temperature in San Francisco be between 62-63°F on September 8?,49998576177997634935816050559993277992111831693946585634671904660177021907123,No,2026-09-07T09:00:37+00:00,0.79
0xf525a5b47c88c8b799273f23373c132055375703173ca0634daa8386cbedbb70,San Francisco,Will the lowest temperature in San Francisco be between 62-63°F on September 8?,49998576177997634935816050559993277992111831693946585634671904660177021907123,No,2026-09-07T10:00:17+00:00,0.8
0xf525a5b47c88c8b799273f23373c132055375703173ca0634daa8386cbedbb70,San Francisco,Will the lowest temperature in San Francisco be between 62-63°F on September 8?,49998576177997634935816050559993277992111831693946585634671904660177021907123,No,2026-09-07T11:00:18+00:00,0.79
0xf525a5b47c88c8b799273f23373c132055375703173ca0634daa8386cbedbb70,San Francisco,Will the lowest temperature in San Francisco be between 62-63°F on September 8?,49998576177997634935816050559993277992111831693946585634671904660177021907123,No,2026-09-07T12:00:23+00:00,0.79
0xf525a5b47c88c8b799273f23373c132055375703173ca0634daa8386cbedbb70,San Francisco,Will the lowest temperature in San Francisco be between 62-63°F on September 8?,49998576177997634935816050559993277992111831693946585634671904660177021907123,No,2026-09-07T12:31:15+00:00,0.79
0x08b8d90fd8b3980c09994c043526d611ed8843ba70397df563dbf85d5b9dc8e9,San Francisco,Will the lowest temperature in San Francisco be between 64-65°F on September 8?,31593441796040812663819493443793126613720639022221376539047353708647453973816,Yes,2026-09-07T05:00:18+00:00,0.245
0x08b8d90fd8b3980c09994c043526d611ed8843ba70397df563dbf85d5b9dc8e9,San Francisco,Will the lowest temperature in San Francisco be between 64-65°F on September 8?,31593441796040812663819493443793126613720639022221376539047353708647453973816,Yes,2026-09-07T06:00:14+00:00,0.24
0x08b8d90fd8b3980c09994c043526d611ed8843ba70397df563dbf85d5b9dc8e9,San Francisco,Will the lowest temperature in San Francisco be between 64-65°F on September 8?,31593441796040812663819493443793126613720639022221376539047353708647453973816,Yes,2026-09-07T07:00:14+00:00,0.245
0x08b8d90fd8b3980c09994c043526d611ed8843ba70397df563dbf85d5b9dc8e9,San Francisco,Will the lowest temperature in San Francisco be between 64-65°F on September 8?,31593441796040812663819493443793126613720639022221376539047353708647453973816,Yes,2026-09-07T08:00:16+00:00,0.24
0x08b8d90fd8b3980c09994c043526d611ed8843ba70397df563dbf85d5b9dc8e9,San Francisco,Will the lowest temperature in San Francisco be between 64-65°F on September 8?,31593441796040812663819493443793126613720639022221376539047353708647453973816,Yes,2026-09-07T09:00:32+00:00,0.21
0x08b8d90fd8b3980c09994c043526d611ed8843ba70397df563dbf85d5b9dc8e9,San Francisco,Will the lowest temperature in San Francisco be between 64-65°F on September 8?,31593441796040812663819493443793126613720639022221376539047353708647453973816,Yes,2026-09-07T10:00:14+00:00,0.2
0x08b8d90fd8b3980c09994c043526d611ed8843ba70397df563dbf85d5b9dc8e9,San Francisco,Will the lowest temperature in San Francisco be between 64-65°F on September 8?,31593441796040812663819493443793126613720639022221376539047353708647453973816,Yes,2026-09-07T11:00:14+00:00,0.21
0x08b8d90fd8b3980c09994c043526d611ed8843ba70397df563dbf85d5b9dc8e9,San Francisco,Will the lowest temperature in San Francisco be between 64-65°F on September 8?,31593441796040812663819493443793126613720639022221376539047353708647453973816,Yes,2026-09-07T12:00:18+00:00,0.21
0x08b8d90fd8b3980c09994c043526d611ed8843ba70397df563dbf85d5b9dc8e9,San Francisco,Will the lowest temperature in San Francisco be between 64-65°F on September 8?,31593441796040812663819493443793126613720639022221376539047353708647453973816,Yes,2026-09-07T12:31:13+00:00,0.21
0x08b8d90fd8b3980c09994c043526d611ed8843ba70397df563dbf85d5b9dc8e9,San Francisco,Will the lowest temperature in San Francisco be between 64-65°F on September 8?,104441823937797191017931531837754750062164387009096797237659367025122610529471,No,2026-09-07T05:00:20+00:00,0.755
0x08b8d90fd8b3980c09994c043526d611ed8843ba70397df563dbf85d5b9dc8e9,San Francisco,Will the lowest temperature in San Francisco be between 64-65°F on September 8?,104441823937797191017931531837754750062164387009096797237659367025122610529471,No,2026-09-07T06:00:16+00:00,0.76
0x08b8d90fd8b3980c09994c043526d611ed8843ba70397df563dbf85d5b9dc8e9,San Francisco,Will the lowest temperature in San Francisco be between 64-65°F on September 8?,104441823937797191017931531837754750062164387009096797237659367025122610529471,No,2026-09-07T07:00:17+00:00,0.755
0x08b8d90fd8b3980c09994c043526d611ed8843ba70397df563dbf85d5b9dc8e9,San Francisco,Will the lowest temperature in San Francisco be between 64-65°F on September 8?,104441823937797191017931531837754750062164387009096797237659367025122610529471,No,2026-09-07T08:00:17+00:00,0.76
0x08b8d90fd8b3980c09994c043526d611ed8843ba70397df563dbf85d5b9dc8e9,San Francisco,Will the lowest temperature in San Francisco be between 64-65°F on September 8?,104441823937797191017931531837754750062164387009096797237659367025122610529471,No,2026-09-07T09:00:34+00:00,0.79
0x08b8d90fd8b3980c09994c043526d611ed8843ba70397df563dbf85d5b9dc8e9,San Francisco,Will the lowest temperature in San Francisco be between 64-65°F on September 8?,104441823937797191017931531837754750062164387009096797237659367025122610529471,No,2026-09-07T10:00:16+00:00,0.8
0x08b8d90fd8b3980c09994c043526d611ed8843ba70397df563dbf85d5b9dc8e9,San Francisco,Will the lowest temperature in San Francisco be between 64-65°F on September 8?,104441823937797191017931531837754750062164387009096797237659367025122610529471,No,2026-09-07T11:00:16+00:00,0.79
0x08b8d90fd8b3980c09994c043526d611ed8843ba70397df563dbf85d5b9dc8e9,San Francisco,Will the lowest temperature in San Francisco be between 64-65°F on September 8?,104441823937797191017931531837754750062164387009096797237659367025122610529471,No,2026-09-07T12:00:20+00:00,0.79
0x08b8d90fd8b3980c09994c043526d611ed8843ba70397df563dbf85d5b9dc8e9,San Francisco,Will the lowest temperature in San Francisco be between 64-65°F on September 8?,104441823937797191017931531837754750062164387009096797237659367025122610529471,No,2026-09-07T12:31:14+00:00,0.79
0x79e67fc6b54d3c61cc61cfd4af650fd2ff1867f97439021b4ad38be1bf08349c,San Francisco,Will the lowest temperature in San Francisco be between 66-67°F on September 8?,10558683771747815438616727875457307293994288424571075404473677069651319744601,Yes,2026-09-07T05:00:21+00:00,0.245
0x79e67fc6b54d3c61cc61cfd4af650fd2ff1867f97439021b4ad38be1bf08349c,San Francisco,Will the lowest temperature in San Francisco be between 66-67°F on September 8?,10558683771747815438616727875457307293994288424571075404473677069651319744601,Yes,2026-09-07T06:00:17+00:00,0.24
0x79e67fc6b54d3c61cc61cfd4af650fd2ff1867f97439021b4ad38be1bf08349c,San Francisco,Will the lowest temperature in San Francisco be between 66-67°F on September 8?,10558683771747815438616727875457307293994288424571075404473677069651319744601,Yes,2026-09-07T07:00:19+00:00,0.245
0x79e67fc6b54d3c61cc61cfd4af650fd2ff1867f97439021b4ad38be1bf08349c,San Francisco,Will the lowest temperature in San Francisco be between 66-67°F on September 8?,10558683771747815438616727875457307293994288424571075404473677069651319744601,Yes,2026-09-07T08:00:18+00:00,0.235
0x79e67fc6b54d3c61cc61cfd4af650fd2ff1867f97439021b4ad38be1bf08349c,San Francisco,Will the lowest temperature in San Francisco be between 66-67°F on September 8?,10558683771747815438616727875457307293994288424571075404473677069651319744601,Yes,2026-09-07T09:00:36+00:00,0.21
0x79e67fc6b54d3c61cc61cfd4af650fd2ff1867f97439021b4ad38be1bf08349c,San Francisco,Will the lowest temperature in San Francisco be between 66-67°F on September 8?,10558683771747815438616727875457307293994288424571075404473677069651319744601,Yes,2026-09-07T10:00:17+00:00,0.245
0x79e67fc6b54d3c61cc61cfd4af650fd2ff1867f97439021b4ad38be1bf08349c,San Francisco,Will the lowest temperature in San Francisco be between 66-67°F on September 8?,10558683771747815438616727875457307293994288424571075404473677069651319744601,Yes,2026-09-07T11:00:17+00:00,0.22
0x79e67fc6b54d3c61cc61cfd4af650fd2ff1867f97439021b4ad38be1bf08349c,San Francisco,Will the lowest temperature in San Francisco be between 66-67°F on September 8?,10558683771747815438616727875457307293994288424571075404473677069651319744601,Yes,2026-09-07T12:00:22+00:00,0.155
0x79e67fc6b54d3c61cc61cfd4af650fd2ff1867f97439021b4ad38be1bf08349c,San Francisco,Will the lowest temperature in San Francisco be between 66-67°F on September 8?,10558683771747815438616727875457307293994288424571075404473677069651319744601,Yes,2026-09-07T12:31:14+00:00,0.095
0x79e67fc6b54d3c61cc61cfd4af650fd2ff1867f97439021b4ad38be1bf08349c,San Francisco,Will the lowest temperature in San Francisco be between 66-67°F on September 8?,10997228919473318917444530726192529579969865616566166286722274225306150625382,No,2026-09-07T05:00:18+00:00,0.755
0x79e67fc6b54d3c61cc61cfd4af650fd2ff1867f97439021b4ad38be1bf08349c,San Francisco,Will the lowest temperature in San Francisco be between 66-67°F on September 8?,10997228919473318917444530726192529579969865616566166286722274225306150625382,No,2026-09-07T06:00:14+00:00,0.76
0x79e67fc6b54d3c61cc61cfd4af650fd2ff1867f97439021b4ad38be1bf08349c,San Francisco,Will the lowest temperature in San Francisco be between 66-67°F on September 8?,10997228919473318917444530726192529579969865616566166286722274225306150625382,No,2026-09-07T07:00:14+00:00,0.755
0x79e67fc6b54d3c61cc61cfd4af650fd2ff1867f97439021b4ad38be1bf08349c,San Francisco,Will the lowest temperature in San Francisco be between 66-67°F on September 8?,10997228919473318917444530726192529579969865616566166286722274225306150625382,No,2026-09-07T08:00:16+00:00,0.765
0x79e67fc6b54d3c61cc61cfd4af650fd2ff1867f97439021b4ad38be1bf08349c,San Francisco,Will the lowest temperature in San Francisco be between 66-67°F on September 8?,10997228919473318917444530726192529579969865616566166286722274225306150625382,No,2026-09-07T09:00:31+00:00,0.79
0x79e67fc6b54d3c61cc61cfd4af650fd2ff1867f97439021b4ad38be1bf08349c,San Francisco,Will the lowest temperature in San Francisco be between 66-67°F on September 8?,10997228919473318917444530726192529579969865616566166286722274225306150625382,No,2026-09-07T10:00:14+00:00,0.755
0x79e67fc6b54d3c61cc61cfd4af650fd2ff1867f97439021b4ad38be1bf08349c,San Francisco,Will the lowest temperature in San Francisco be between 66-67°F on September 8?,10997228919473318917444530726192529579969865616566166286722274225306150625382,No,2026-09-07T11:00:14+00:00,0.78
0x79e67fc6b54d3c61cc61cfd4af650fd2ff1867f97439021b4ad38be1bf08349c,San Francisco,Will the lowest temperature in San Francisco be between 66-67°F on September 8?,10997228919473318917444530726192529579969865616566166286722274225306150625382,No,2026-09-07T12:00:18+00:00,0.845
0x79e67fc6b54d3c61cc61cfd4af650fd2ff1867f97439021b4ad38be1bf08349c,San Francisco,Will the lowest temperature in San Francisco be between 66-67°F on September 8?,10997228919473318917444530726192529579969865616566166286722274225306150625382,No,2026-09-07T12:31:13+00:00,0.905
0x3e5e3579a311dfc58b768c2522ae80969509ac52e66ed4c575ecdf055172f180,San Francisco,Will the lowest temperature in San Francisco be 68°F or higher on September 8?,30344865959456481335288454969825811415198508282295980891754038248948295884574,Yes,2026-09-07T05:00:19+00:00,0.345
0x3e5e3579a311dfc58b768c2522ae80969509ac52e66ed4c575ecdf055172f180,San Francisco,Will the lowest temperature in San Francisco be 68°F or higher on September 8?,30344865959456481335288454969825811415198508282295980891754038248948295884574,Yes,2026-09-07T06:00:15+00:00,0.43
0x3e5e3579a311dfc58b768c2522ae80969509ac52e66ed4c575ecdf055172f180,San Francisco,Will the lowest temperature in San Francisco be 68°F or higher on September 8?,30344865959456481335288454969825811415198508282295980891754038248948295884574,Yes,2026-09-07T07:00:15+00:00,0.33
0x3e5e3579a311dfc58b768c2522ae80969509ac52e66ed4c575ecdf055172f180,San Francisco,Will the lowest temperature in San Francisco be 68°F or higher on September 8?,30344865959456481335288454969825811415198508282295980891754038248948295884574,Yes,2026-09-07T08:00:17+00:00,0.26
0x3e5e3579a311dfc58b768c2522ae80969509ac52e66ed4c575ecdf055172f180,San Francisco,Will the lowest temperature in San Francisco be 68°F or higher on September 8?,30344865959456481335288454969825811415198508282295980891754038248948295884574,Yes,2026-09-07T09:00:32+00:00,0.225
0x3e5e3579a311dfc58b768c2522ae80969509ac52e66ed4c575ecdf055172f180,San Francisco,Will the lowest temperature in San Francisco be 68°F or higher on September 8?,30344865959456481335288454969825811415198508282295980891754038248948295884574,Yes,2026-09-07T10:00:15+00:00,0.39
0x3e5e3579a311dfc58b768c2522ae80969509ac52e66ed4c575ecdf055172f180,San Francisco,Will the lowest temperature in San Francisco be 68°F or higher on September 8?,30344865959456481335288454969825811415198508282295980891754038248948295884574,Yes,2026-09-07T11:00:14+00:00,0.23
0x3e5e3579a311dfc58b768c2522ae80969509ac52e66ed4c575ecdf055172f180,San Francisco,Will the lowest temperature in San Francisco be 68°F or higher on September 8?,30344865959456481335288454969825811415198508282295980891754038248948295884574,Yes,2026-09-07T12:00:18+00:00,0.235
0x3e5e3579a311dfc58b768c2522ae80969509ac52e66ed4c575ecdf055172f180,San Francisco,Will the lowest temperature in San Francisco be 68°F or higher on September 8?,30344865959456481335288454969825811415198508282295980891754038248948295884574,Yes,2026-09-07T12:31:14+00:00,0.235
0x3e5e3579a311dfc58b768c2522ae80969509ac52e66ed4c575ecdf055172f180,San Francisco,Will the lowest temperature in San Francisco be 68°F or higher on September 8?,16150467002754472667351368881297905278566902153117856875317061220804954147765,No,2026-09-07T05:00:17+00:00,0.655
0x3e5e3579a311dfc58b768c2522ae80969509ac52e66ed4c575ecdf055172f180,San Francisco,Will the lowest temperature in San Francisco be 68°F or higher on September 8?,16150467002754472667351368881297905278566902153117856875317061220804954147765,No,2026-09-07T06:00:12+00:00,0.57
0x3e5e3579a311dfc58b768c2522ae80969509ac52e66ed4c575ecdf055172f180,San Francisco,Will the lowest temperature in San Francisco be 68°F or higher on September 8?,16150467002754472667351368881297905278566902153117856875317061220804954147765,No,2026-09-07T07:00:13+00:00,0.67
0x3e5e3579a311dfc58b768c2522ae80969509ac52e66ed4c575ecdf055172f180,San Francisco,Will the lowest temperature in San Francisco be 68°F or higher on September 8?,16150467002754472667351368881297905278566902153117856875317061220804954147765,No,2026-09-07T08:00:15+00:00,0.74
0x3e5e3579a311dfc58b768c2522ae80969509ac52e66ed4c575ecdf055172f180,San Francisco,Will the lowest temperature in San Francisco be 68°F or higher on September 8?,16150467002754472667351368881297905278566902153117856875317061220804954147765,No,2026-09-07T09:00:30+00:00,0.775
0x3e5e3579a311dfc58b768c2522ae80969509ac52e66ed4c575ecdf055172f180,San Francisco,Will the lowest temperature in San Francisco be 68°F or higher on September 8?,16150467002754472667351368881297905278566902153117856875317061220804954147765,No,2026-09-07T10:00:13+00:00,0.61
0x3e5e3579a311dfc58b768c2522ae80969509ac52e66ed4c575ecdf055172f180,San Francisco,Will the lowest temperature in San Francisco be 68°F or higher on September 8?,16150467002754472667351368881297905278566902153117856875317061220804954147765,No,2026-09-07T11:00:12+00:00,0.77
0x3e5e3579a311dfc58b768c2522ae80969509ac52e66ed4c575ecdf055172f180,San Francisco,Will the lowest temperature in San Francisco be 68°F or higher on September 8?,16150467002754472667351368881297905278566902153117856875317061220804954147765,No,2026-09-07T12:00:15+00:00,0.765
0x3e5e3579a311dfc58b768c2522ae80969509ac52e66ed4c575ecdf055172f180,San Francisco,Will the lowest temperature in San Francisco be 68°F or higher on September 8?,16150467002754472667351368881297905278566902153117856875317061220804954147765,No,2026-09-07T12:31:13+00:00,0.765
0x2dd275986cdb6bef1bcab4c040b368b4e91e2e4e38b483e7898aee8069308398,San Francisco,Will the highest temperature in San Francisco be 71°F or below on September 8?,92781419344912065904673118176309767176770619140750649721183645268054658786625,Yes,2026-09-07T05:00:19+00:00,0.0275
0x2dd275986cdb6bef1bcab4c040b368b4e91e2e4e38b483e7898aee8069308398,San Francisco,Will the highest temperature in San Francisco be 71°F or below on September 8?,92781419344912065904673118176309767176770619140750649721183645268054658786625,Yes,2026-09-07T06:00:15+00:00,0.0205
0x2dd275986cdb6bef1bcab4c040b368b4e91e2e4e38b483e7898aee8069308398,San Francisco,Will the highest temperature in San Francisco be 71°F or below on September 8?,92781419344912065904673118176309767176770619140750649721183645268054658786625,Yes,2026-09-07T07:00:16+00:00,0.0155
0x2dd275986cdb6bef1bcab4c040b368b4e91e2e4e38b483e7898aee8069308398,San Francisco,Will the highest temperature in San Francisco be 71°F or below on September 8?,92781419344912065904673118176309767176770619140750649721183645268054658786625,Yes,2026-09-07T08:00:17+00:00,0.0145
0x2dd275986cdb6bef1bcab4c040b368b4e91e2e4e38b483e7898aee8069308398,San Francisco,Will the highest temperature in San Francisco be 71°F or below on September 8?,92781419344912065904673118176309767176770619140750649721183645268054658786625,Yes,2026-09-07T09:00:33+00:00,0.006
0x2dd275986cdb6bef1bcab4c040b368b4e91e2e4e38b483e7898aee8069308398,San Francisco,Will the highest temperature in San Francisco be 71°F or below on September 8?,92781419344912065904673118176309767176770619140750649721183645268054658786625,Yes,2026-09-07T10:00:15+00:00,0.0055
0x2dd275986cdb6bef1bcab4c040b368b4e91e2e4e38b483e7898aee8069308398,San Francisco,Will the highest temperature in San Francisco be 71°F or below on September 8?,92781419344912065904673118176309767176770619140750649721183645268054658786625,Yes,2026-09-07T11:00:15+00:00,0.0055
0x2dd275986cdb6bef1bcab4c040b368b4e91e2e4e38b483e7898aee8069308398,San Francisco,Will the highest temperature in San Francisco be 71°F or below on September 8?,92781419344912065904673118176309767176770619140750649721183645268054658786625,Yes,2026-09-07T12:00:19+00:00,0.0055
0x2dd275986cdb6bef1bcab4c040b368b4e91e2e4e38b483e7898aee8069308398,San Francisco,Will the highest temperature in San Francisco be 71°F or below on September 8?,92781419344912065904673118176309767176770619140750649721183645268054658786625,Yes,2026-09-07T12:31:14+00:00,0.0055
0x2dd275986cdb6bef1bcab4c040b368b4e91e2e4e38b483e7898aee8069308398,San Francisco,Will the highest temperature in San Francisco be 71°F or below on September 8?,96418646705567376883410345858983403316377715113381360761598444453604833995141,No,2026-09-07T05:00:22+00:00,0.9725
0x2dd275986cdb6bef1bcab4c040b368b4e91e2e4e38b483e7898aee8069308398,San Francisco,Will the highest temperature in San Francisco be 71°F or below on September 8?,96418646705567376883410345858983403316377715113381360761598444453604833995141,No,2026-09-07T06:00:19+00:00,0.9795
0x2dd275986cdb6bef1bcab4c040b368b4e91e2e4e38b483e7898aee8069308398,San Francisco,Will the highest temperature in San Francisco be 71°F or below on September 8?,96418646705567376883410345858983403316377715113381360761598444453604833995141,No,2026-09-07T07:00:22+00:00,0.9845
0x2dd275986cdb6bef1bcab4c040b368b4e91e2e4e38b483e7898aee8069308398,San Francisco,Will the highest temperature in San Francisco be 71°F or below on September 8?,96418646705567376883410345858983403316377715113381360761598444453604833995141,No,2026-09-07T08:00:20+00:00,0.9855
0x2dd275986cdb6bef1bcab4c040b368b4e91e2e4e38b483e7898aee8069308398,San Francisco,Will the highest temperature in San Francisco be 71°F or below on September 8?,96418646705567376883410345858983403316377715113381360761598444453604833995141,No,2026-09-07T09:00:39+00:00,0.994
0x2dd275986cdb6bef1bcab4c040b368b4e91e2e4e38b483e7898aee8069308398,San Francisco,Will the highest temperature in San Francisco be 71°F or below on September 8?,96418646705567376883410345858983403316377715113381360761598444453604833995141,No,2026-09-07T10:00:18+00:00,0.9945
0x2dd275986cdb6bef1bcab4c040b368b4e91e2e4e38b483e7898aee8069308398,San Francisco,Will the highest temperature in San Francisco be 71°F or below on September 8?,96418646705567376883410345858983403316377715113381360761598444453604833995141,No,2026-09-07T11:00:20+00:00,0.9945
0x2dd275986cdb6bef1bcab4c040b368b4e91e2e4e38b483e7898aee8069308398,San Francisco,Will the highest temperature in San Francisco be 71°F or below on September 8?,96418646705567376883410345858983403316377715113381360761598444453604833995141,No,2026-09-07T12:00:25+00:00,0.9945
0x2dd275986cdb6bef1bcab4c040b368b4e91e2e4e38b483e7898aee8069308398,San Francisco,Will the highest temperature in San Francisco be 71°F or below on September 8?,96418646705567376883410345858983403316377715113381360761598444453604833995141,No,2026-09-07T12:31:15+00:00,0.9945
0x2382b6fd7abd9b19c7d2383ad146d1db9ef2502f5403fafe2418e96804cceaec,San Francisco,Will the highest temperature in San Francisco be between 72-73°F on September 8?,84971592231488510046862656611019603556100778943786946681970263448553568219924,Yes,2026-09-07T05:00:18+00:00,0.02
0x2382b6fd7abd9b19c7d2383ad146d1db9ef2502f5403fafe2418e96804cceaec,San Francisco,Will the highest temperature in San Francisco be between 72-73°F on September 8?,84971592231488510046862656611019603556100778943786946681970263448553568219924,Yes,2026-09-07T06:00:14+00:00,0.02
0x2382b6fd7abd9b19c7d2383ad146d1db9ef2502f5403fafe2418e96804cceaec,San Francisco,Will the highest temperature in San Francisco be between 72-73°F on September 8?,84971592231488510046862656611019603556100778943786946681970263448553568219924,Yes,2026-09-07T07:00:14+00:00,0.01
0x2382b6fd7abd9b19c7d2383ad146d1db9ef2502f5403fafe2418e96804cceaec,San Francisco,Will the highest temperature in San Francisco be between 72-73°F on September 8?,84971592231488510046862656611019603556100778943786946681970263448553568219924,Yes,2026-09-07T08:00:16+00:00,0.01
0x2382b6fd7abd9b19c7d2383ad146d1db9ef2502f5403fafe2418e96804cceaec,San Francisco,Will the highest temperature in San Francisco be between 72-73°F on September 8?,84971592231488510046862656611019603556100778943786946681970263448553568219924,Yes,2026-09-07T09:00:31+00:00,0.01
0x2382b6fd7abd9b19c7d2383ad146d1db9ef2502f5403fafe2418e96804cceaec,San Francisco,Will the highest temperature in San Francisco be between 72-73°F on September 8?,84971592231488510046862656611019603556100778943786946681970263448553568219924,Yes,2026-09-07T10:00:14+00:00,0.01
0x2382b6fd7abd9b19c7d2383ad146d1db9ef2502f5403fafe2418e96804cceaec,San Francisco,Will the highest temperature in San Francisco be between 72-73°F on September 8?,84971592231488510046862656611019603556100778943786946681970263448553568219924,Yes,2026-09-07T11:00:13+00:00,0.01
0x2382b6fd7abd9b19c7d2383ad146d1db9ef2502f5403fafe2418e96804cceaec,San Francisco,Will the highest temperature in San Francisco be between 72-73°F on September 8?,84971592231488510046862656611019603556100778943786946681970263448553568219924,Yes,2026-09-07T12:00:17+00:00,0.01
0x2382b6fd7abd9b19c7d2383ad146d1db9ef2502f5403fafe2418e96804cceaec,San Francisco,Will the highest temperature in San Francisco be between 72-73°F on September 8?,84971592231488510046862656611019603556100778943786946681970263448553568219924,Yes,2026-09-07T12:31:13+00:00,0.01
0x2382b6fd7abd9b19c7d2383ad146d1db9ef2502f5403fafe2418e96804cceaec,San Francisco,Will the highest temperature in San Francisco be between 72-73°F on September 8?,51841976434290752486296063195800109384334041130228410340631771916495557388579,No,2026-09-07T05:00:17+00:00,0.98
0x2382b6fd7abd9b19c7d2383ad146d1db9ef2502f5403fafe2418e96804cceaec,San Francisco,Will the highest temperature in San Francisco be between 72-73°F on September 8?,51841976434290752486296063195800109384334041130228410340631771916495557388579,No,2026-09-07T06:00:13+00:00,0.98
0x2382b6fd7abd9b19c7d2383ad146d1db9ef2502f5403fafe2418e96804cceaec,San Francisco,Will the highest temperature in San Francisco be between 72-73°F on September 8?,51841976434290752486296063195800109384334041130228410340631771916495557388579,No,2026-09-07T07:00:13+00:00,0.99
0x2382b6fd7abd9b19c7d2383ad146d1db9ef2502f5403fafe2418e96804cceaec,San Francisco,Will the highest temperature in San Francisco be between 72-73°F on September 8?,51841976434290752486296063195800109384334041130228410340631771916495557388579,No,2026-09-07T08:00:15+00:00,0.99
0x2382b6fd7abd9b19c7d2383ad146d1db9ef2502f5403fafe2418e96804cceaec,San Francisco,Will the highest temperature in San Francisco be between 72-73°F on September 8?,51841976434290752486296063195800109384334041130228410340631771916495557388579,No,2026-09-07T09:00:31+00:00,0.99
0x2382b6fd7abd9b19c7d2383ad146d1db9ef2502f5403fafe2418e96804cceaec,San Francisco,Will the highest temperature in San Francisco be between 72-73°F on September 8?,51841976434290752486296063195800109384334041130228410340631771916495557388579,No,2026-09-07T10:00:14+00:00,0.99
0x2382b6fd7abd9b19c7d2383ad146d1db9ef2502f5403fafe2418e96804cceaec,San Francisco,Will the highest temperature in San Francisco be between 72-73°F on September 8?,51841976434290752486296063195800109384334041130228410340631771916495557388579,No,2026-09-07T11:00:13+00:00,0.99
0x2382b6fd7abd9b19c7d2383ad146d1db9ef2502f5403fafe2418e96804cceaec,San Francisco,Will the highest temperature in San Francisco be between 72-73°F on September 8?,51841976434290752486296063195800109384334041130228410340631771916495557388579,No,2026-09-07T12:00:16+00:00,0.99
0x2382b6fd7abd9b19c7d2383ad146d1db9ef2502f5403fafe2418e96804cceaec,San Francisco,Will the highest temperature in San Francisco be between 72-73°F on September 8?,51841976434290752486296063195800109384334041130228410340631771916495557388579,No,2026-09-07T12:31:13+00:00,0.99
0xbd75061a202a3229338fb6bfa37be35e54c43704974ee2f85aea1a122b3f70e8,San Francisco,Will the highest temperature in San Francisco be between 74-75°F on September 8?,98465219815479198087064251833615866796513702105406523601851228470248410107126,Yes,2026-09-07T05:00:18+00:00,0.035
0xbd75061a202a3229338fb6bfa37be35e54c43704974ee2f85aea1a122b3f70e8,San Francisco,Will the highest temperature in San Francisco be between 74-75°F on September 8?,98465219815479198087064251833615866796513702105406523601851228470248410107126,Yes,2026-09-07T06:00:14+00:00,0.04
0xbd75061a202a3229338fb6bfa37be35e54c43704974ee2f85aea1a122b3f70e8,San Francisco,Will the highest temperature in San Francisco be between 74-75°F on September 8?,98465219815479198087064251833615866796513702105406523601851228470248410107126,Yes,2026-09-07T07:00:14+00:00,0.035
0xbd75061a202a3229338fb6bfa37be35e54c43704974ee2f85aea1a122b3f70e8,San Francisco,Will the highest temperature in San Francisco be between 74-75°F on September 8?,98465219815479198087064251833615866796513702105406523601851228470248410107126,Yes,2026-09-07T08:00:16+00:00,0.035
0xbd75061a202a3229338fb6bfa37be35e54c43704974ee2f85aea1a122b3f70e8,San Francisco,Will the highest temperature in San Francisco be between 74-75°F on September 8?,98465219815479198087064251833615866796513702105406523601851228470248410107126,Yes,2026-09-07T09:00:31+00:00,0.035
0xbd75061a202a3229338fb6bfa37be35e54c43704974ee2f85aea1a122b3f70e8,San Francisco,Will the highest temperature in San Francisco be between 74-75°F on September 8?,98465219815479198087064251833615866796513702105406523601851228470248410107126,Yes,2026-09-07T10:00:14+00:00,0.035
0xbd75061a202a3229338fb6bfa37be35e54c43704974ee2f85aea1a122b3f70e8,San Francisco,Will the highest temperature in San Francisco be between 74-75°F on September 8?,98465219815479198087064251833615866796513702105406523601851228470248410107126,Yes,2026-09-07T11:00:14+00:00,0.035
0xbd75061a202a3229338fb6bfa37be35e54c43704974ee2f85aea1a122b3f70e8,San Francisco,Will the highest temperature in San Francisco be between 74-75°F on September 8?,98465219815479198087064251833615866796513702105406523601851228470248410107126,Yes,2026-09-07T12:00:18+00:00,0.035
0xbd75061a202a3229338fb6bfa37be35e54c43704974ee2f85aea1a122b3f70e8,San Francisco,Will the highest temperature in San Francisco be between 74-75°F on September 8?,98465219815479198087064251833615866796513702105406523601851228470248410107126,Yes,2026-09-07T12:31:13+00:00,0.02
0xbd75061a202a3229338fb6bfa37be35e54c43704974ee2f85aea1a122b3f70e8,San Francisco,Will the highest temperature in San Francisco be between 74-75°F on September 8?,81978195176919628404421180504924028012788800378879964458468987361773567424037,No,2026-09-07T05:00:17+00:00,0.965
0xbd75061a202a3229338fb6bfa37be35e54c43704974ee2f85aea1a122b3f70e8,San Francisco,Will the highest temperature in San Francisco be between 74-75°F on September 8?,81978195176919628404421180504924028012788800378879964458468987361773567424037,No,2026-09-07T06:00:13+00:00,0.96
0xbd75061a202a3229338fb6bfa37be35e54c43704974ee2f85aea1a122b3f70e8,San Francisco,Will the highest temperature in San Francisco be between 74-75°F on September 8?,81978195176919628404421180504924028012788800378879964458468987361773567424037,No,2026-09-07T07:00:13+00:00,0.965
0xbd75061a202a3229338fb6bfa37be35e54c43704974ee2f85aea1a122b3f70e8,San Francisco,Will the highest temperature in San Francisco be between 74-75°F on September 8?,81978195176919628404421180504924028012788800378879964458468987361773567424037,No,2026-09-07T08:00:15+00:00,0.965
0xbd75061a202a3229338fb6bfa37be35e54c43704974ee2f85aea1a122b3f70e8,San Francisco,Will the highest temperature in San Francisco be between 74-75°F on September 8?,81978195176919628404421180504924028012788800378879964458468987361773567424037,No,2026-09-07T09:00:30+00:00,0.965
0xbd75061a202a3229338fb6bfa37be35e54c43704974ee2f85aea1a122b3f70e8,San Francisco,Will the highest temperature in San Francisco be between 74-75°F on September 8?,81978195176919628404421180504924028012788800378879964458468987361773567424037,No,2026-09-07T10:00:13+00:00,0.965
0xbd75061a202a3229338fb6bfa37be35e54c43704974ee2f85aea1a122b3f70e8,San Francisco,Will the highest temperature in San Francisco be between 74-75°F on September 8?,81978195176919628404421180504924028012788800378879964458468987361773567424037,No,2026-09-07T11:00:12+00:00,0.965
0xbd75061a202a3229338fb6bfa37be35e54c43704974ee2f85aea1a122b3f70e8,San Francisco,Will the highest temperature in San Francisco be between 74-75°F on September 8?,81978195176919628404421180504924028012788800378879964458468987361773567424037,No,2026-09-07T12:00:16+00:00,0.965
0xbd75061a202a3229338fb6bfa37be35e54c43704974ee2f85aea1a122b3f70e8,San Francisco,Will the highest temperature in San Francisco be between 74-75°F on September 8?,81978195176919628404421180504924028012788800378879964458468987361773567424037,No,2026-09-07T12:31:13+00:00,0.98
0xb26720454b323c9b118423b01b522099ae7f369d247404897e63866373ed8512,San Francisco,Will the highest temperature in San Francisco be between 76-77°F on September 8?,3316944338801449751890120050187487023322651093251581699342362126840312392117,Yes,2026-09-07T05:00:21+00:00,0.06
0xb26720454b323c9b118423b01b522099ae7f369d247404897e63866373ed8512,San Francisco,Will the highest temperature in San Francisco be between 76-77°F on September 8?,3316944338801449751890120050187487023322651093251581699342362126840312392117,Yes,2026-09-07T06:00:17+00:00,0.06
0xb26720454b323c9b118423b01b522099ae7f369d247404897e63866373ed8512,San Francisco,Will the highest temperature in San Francisco be between 76-77°F on September 8?,3316944338801449751890120050187487023322651093251581699342362126840312392117,Yes,2026-09-07T07:00:19+00:00,0.05
0xb26720454b323c9b118423b01b522099ae7f369d247404897e63866373ed8512,San Francisco,Will the highest temperature in San Francisco be between 76-77°F on September 8?,3316944338801449751890120050187487023322651093251581699342362126840312392117,Yes,2026-09-07T08:00:19+00:00,0.055
0xb26720454b323c9b118423b01b522099ae7f369d247404897e63866373ed8512,San Francisco,Will the highest temperature in San Francisco be between 76-77°F on September 8?,3316944338801449751890120050187487023322651093251581699342362126840312392117,Yes,2026-09-07T09:00:36+00:00,0.05
0xb26720454b323c9b118423b01b522099ae7f369d247404897e63866373ed8512,San Francisco,Will the highest temperature in San Francisco be between 76-77°F on September 8?,3316944338801449751890120050187487023322651093251581699342362126840312392117,Yes,2026-09-07T10:00:17+00:00,0.045
0xb26720454b323c9b118423b01b522099ae7f369d247404897e63866373ed8512,San Francisco,Will the highest temperature in San Francisco be between 76-77°F on September 8?,3316944338801449751890120050187487023322651093251581699342362126840312392117,Yes,2026-09-07T11:00:18+00:00,0.04
0xb26720454b323c9b118423b01b522099ae7f369d247404897e63866373ed8512,San Francisco,Will the highest temperature in San Francisco be between 76-77°F on September 8?,3316944338801449751890120050187487023322651093251581699342362126840312392117,Yes,2026-09-07T12:00:23+00:00,0.04
0xb26720454b323c9b118423b01b522099ae7f369d247404897e63866373ed8512,San Francisco,Will the highest temperature in San Francisco be between 76-77°F on September 8?,3316944338801449751890120050187487023322651093251581699342362126840312392117,Yes,2026-09-07T12:31:15+00:00,0.04
0xb26720454b323c9b118423b01b522099ae7f369d247404897e63866373ed8512,San Francisco,Will the highest temperature in San Francisco be between 76-77°F on September 8?,73096176772435126581055128143586731988077032637490294956469155669730891052007,No,2026-09-07T05:00:19+00:00,0.94
0xb26720454b323c9b118423b01b522099ae7f369d247404897e63866373ed8512,San Francisco,Will the highest temperature in San Francisco be between 76-77°F on September 8?,73096176772435126581055128143586731988077032637490294956469155669730891052007,No,2026-09-07T06:00:14+00:00,0.94
0xb26720454b323c9b118423b01b522099ae7f369d247404897e63866373ed8512,San Francisco,Will the highest temperature in San Francisco be between 76-77°F on September 8?,73096176772435126581055128143586731988077032637490294956469155669730891052007,No,2026-09-07T07:00:14+00:00,0.95
0xb26720454b323c9b118423b01b522099ae7f369d247404897e63866373ed8512,San Francisco,Will the highest temperature in San Francisco be between 76-77°F on September 8?,73096176772435126581055128143586731988077032637490294956469155669730891052007,No,2026-09-07T08:00:16+00:00,0.945
0xb26720454b323c9b118423b01b522099ae7f369d247404897e63866373ed8512,San Francisco,Will the highest temperature in San Francisco be between 76-77°F on September 8?,73096176772435126581055128143586731988077032637490294956469155669730891052007,No,2026-09-07T09:00:32+00:00,0.95
0xb26720454b323c9b118423b01b522099ae7f369d247404897e63866373ed8512,San Francisco,Will the highest temperature in San Francisco be between 76-77°F on September 8?,73096176772435126581055128143586731988077032637490294956469155669730891052007,No,2026-09-07T10:00:14+00:00,0.955
0xb26720454b323c9b118423b01b522099ae7f369d247404897e63866373ed8512,San Francisco,Will the highest temperature in San Francisco be between 76-77°F on September 8?,73096176772435126581055128143586731988077032637490294956469155669730891052007,No,2026-09-07T11:00:14+00:00,0.96
0xb26720454b323c9b118423b01b522099ae7f369d247404897e63866373ed8512,San Francisco,Will the highest temperature in San Francisco be between 76-77°F on September 8?,73096176772435126581055128143586731988077032637490294956469155669730891052007,No,2026-09-07T12:00:18+00:00,0.96
0xb26720454b323c9b118423b01b522099ae7f369d247404897e63866373ed8512,San Francisco,Will the highest temperature in San Francisco be between 76-77°F on September 8?,73096176772435126581055128143586731988077032637490294956469155669730891052007,No,2026-09-07T12:31:13+00:00,0.96
0x667a379b91dd87bbf2564ee384a8381e03f42e7dfc7e88d634e58d643a0b164c,San Francisco,Will the highest temperature in San Francisco be between 78-79°F on September 8?,96493657191088136525206524492996990454504201848756087567537105032687700083412,Yes,2026-09-07T05:00:21+00:00,0.13
0x667a379b91dd87bbf2564ee384a8381e03f42e7dfc7e88d634e58d643a0b164c,San Francisco,Will the highest temperature in San Francisco be between 78-79°F on September 8?,96493657191088136525206524492996990454504201848756087567537105032687700083412,Yes,2026-09-07T06:00:17+00:00,0.12
0x667a379b91dd87bbf2564ee384a8381e03f42e7dfc7e88d634e58d643a0b164c,San Francisco,Will the highest temperature in San Francisco be between 78-79°F on September 8?,96493657191088136525206524492996990454504201848756087567537105032687700083412,Yes,2026-09-07T07:00:19+00:00,0.105
0x667a379b91dd87bbf2564ee384a8381e03f42e7dfc7e88d634e58d643a0b164c,San Francisco,Will the highest temperature in San Francisco be between 78-79°F on September 8?,96493657191088136525206524492996990454504201848756087567537105032687700083412,Yes,2026-09-07T08:00:19+00:00,0.07
0x667a379b91dd87bbf2564ee384a8381e03f42e7dfc7e88d634e58d643a0b164c,San Francisco,Will the highest temperature in San Francisco be between 78-79°F on September 8?,96493657191088136525206524492996990454504201848756087567537105032687700083412,Yes,2026-09-07T09:00:36+00:00,0.075
0x667a379b91dd87bbf2564ee384a8381e03f42e7dfc7e88d634e58d643a0b164c,San Francisco,Will the highest temperature in San Francisco be between 78-79°F on September 8?,96493657191088136525206524492996990454504201848756087567537105032687700083412,Yes,2026-09-07T10:00:17+00:00,0.07
0x667a379b91dd87bbf2564ee384a8381e03f42e7dfc7e88d634e58d643a0b164c,San Francisco,Will the highest temperature in San Francisco be between 78-79°F on September 8?,96493657191088136525206524492996990454504201848756087567537105032687700083412,Yes,2026-09-07T11:00:17+00:00,0.065
0x667a379b91dd87bbf2564ee384a8381e03f42e7dfc7e88d634e58d643a0b164c,San Francisco,Will the highest temperature in San Francisco be between 78-79°F on September 8?,96493657191088136525206524492996990454504201848756087567537105032687700083412,Yes,2026-09-07T12:00:23+00:00,0.065
0x667a379b91dd87bbf2564ee384a8381e03f42e7dfc7e88d634e58d643a0b164c,San Francisco,Will the highest temperature in San Francisco be between 78-79°F on September 8?,96493657191088136525206524492996990454504201848756087567537105032687700083412,Yes,2026-09-07T12:31:15+00:00,0.06
0x667a379b91dd87bbf2564ee384a8381e03f42e7dfc7e88d634e58d643a0b164c,San Francisco,Will the highest temperature in San Francisco be between 78-79°F on September 8?,115537996819595697861884486636148676899833034563716253052865176315817906426193,No,2026-09-07T05:00:21+00:00,0.87
0x667a379b91dd87bbf2564ee384a8381e03f42e7dfc7e88d634e58d643a0b164c,San Francisco,Will the highest temperature in San Francisco be between 78-79°F on September 8?,115537996819595697861884486636148676899833034563716253052865176315817906426193,No,2026-09-07T06:00:17+00:00,0.88
0x667a379b91dd87bbf2564ee384a8381e03f42e7dfc7e88d634e58d643a0b164c,San Francisco,Will the highest temperature in San Francisco be between 78-79°F on September 8?,115537996819595697861884486636148676899833034563716253052865176315817906426193,No,2026-09-07T07:00:18+00:00,0.895
0x667a379b91dd87bbf2564ee384a8381e03f42e7dfc7e88d634e58d643a0b164c,San Francisco,Will the highest temperature in San Francisco be between 78-79°F on September 8?,115537996819595697861884486636148676899833034563716253052865176315817906426193,No,2026-09-07T08:00:18+00:00,0.93
0x667a379b91dd87bbf2564ee384a8381e03f42e7dfc7e88d634e58d643a0b164c,San Francisco,Will the highest temperature in San Francisco be between 78-79°F on September 8?,115537996819595697861884486636148676899833034563716253052865176315817906426193,No,2026-09-07T09:00:35+00:00,0.925
0x667a379b91dd87bbf2564ee384a8381e03f42e7dfc7e88d634e58d643a0b164c,San Francisco,Will the highest temperature in San Francisco be between 78-79°F on September 8?,115537996819595697861884486636148676899833034563716253052865176315817906426193,No,2026-09-07T10:00:17+00:00,0.93
0x667a379b91dd87bbf2564ee384a8381e03f42e7dfc7e88d634e58d643a0b164c,San Francisco,Will the highest temperature in San Francisco be between 78-79°F on September 8?,115537996819595697861884486636148676899833034563716253052865176315817906426193,No,2026-09-07T11:00:17+00:00,0.935
0x667a379b91dd87bbf2564ee384a8381e03f42e7dfc7e88d634e58d643a0b164c,San Francisco,Will the highest temperature in San Francisco be between 78-79°F on September 8?,115537996819595697861884486636148676899833034563716253052865176315817906426193,No,2026-09-07T12:00:22+00:00,0.935
0x667a379b91dd87bbf2564ee384a8381e03f42e7dfc7e88d634e58d643a0b164c,San Francisco,Will the highest temperature in San Francisco be between 78-79°F on September 8?,115537996819595697861884486636148676899833034563716253052865176315817906426193,No,2026-09-07T12:31:14+00:00,0.94
0xc57990d4d7d2adae8820927f1ead9679bcc912703b54eaced51f49db092d749f,San Francisco,Will the highest temperature in San Francisco be between 80-81°F on September 8?,63474474311725449849779389887691059421012643308662971370801384998041468895988,Yes,2026-09-07T05:00:17+00:00,0.25
0xc57990d4d7d2adae8820927f1ead9679bcc912703b54eaced51f49db092d749f,San Francisco,Will the highest temperature in San Francisco be between 80-81°F on September 8?,63474474311725449849779389887691059421012643308662971370801384998041468895988,Yes,2026-09-07T06:00:13+00:00,0.25
0xc57990d4d7d2adae8820927f1ead9679bcc912703b54eaced51f49db092d749f,San Francisco,Will the highest temperature in San Francisco be between 80-81°F on September 8?,63474474311725449849779389887691059421012643308662971370801384998041468895988,Yes,2026-09-07T07:00:13+00:00,0.185
0xc57990d4d7d2adae8820927f1ead9679bcc912703b54eaced51f49db092d749f,San Francisco,Will the highest temperature in San Francisco be between 80-81°F on September 8?,63474474311725449849779389887691059421012643308662971370801384998041468895988,Yes,2026-09-07T08:00:15+00:00,0.185
0xc57990d4d7d2adae8820927f1ead9679bcc912703b54eaced51f49db092d749f,San Francisco,Will the highest temperature in San Francisco be between 80-81°F on September 8?,63474474311725449849779389887691059421012643308662971370801384998041468895988,Yes,2026-09-07T09:00:30+00:00,0.185
0xc57990d4d7d2adae8820927f1ead9679bcc912703b54eaced51f49db092d749f,San Francisco,Will the highest temperature in San Francisco be between 80-81°F on September 8?,63474474311725449849779389887691059421012643308662971370801384998041468895988,Yes,2026-09-07T10:00:13+00:00,0.19
0xc57990d4d7d2adae8820927f1ead9679bcc912703b54eaced51f49db092d749f,San Francisco,Will the highest temperature in San Francisco be between 80-81°F on September 8?,63474474311725449849779389887691059421012643308662971370801384998041468895988,Yes,2026-09-07T11:00:12+00:00,0.185
0xc57990d4d7d2adae8820927f1ead9679bcc912703b54eaced51f49db092d749f,San Francisco,Will the highest temperature in San Francisco be between 80-81°F on September 8?,63474474311725449849779389887691059421012643308662971370801384998041468895988,Yes,2026-09-07T12:00:16+00:00,0.185
0xc57990d4d7d2adae8820927f1ead9679bcc912703b54eaced51f49db092d749f,San Francisco,Will the highest temperature in San Francisco be between 80-81°F on September 8?,63474474311725449849779389887691059421012643308662971370801384998041468895988,Yes,2026-09-07T12:31:13+00:00,0.185
0xc57990d4d7d2adae8820927f1ead9679bcc912703b54eaced51f49db092d749f,San Francisco,Will the highest temperature in San Francisco be between 80-81°F on September 8?,90285546082998494602568013863468615245350317695697994112308266765318901058957,No,2026-09-07T05:00:20+00:00,0.75
0xc57990d4d7d2adae8820927f1ead9679bcc912703b54eaced51f49db092d749f,San Francisco,Will the highest temperature in San Francisco be between 80-81°F on September 8?,90285546082998494602568013863468615245350317695697994112308266765318901058957,No,2026-09-07T06:00:16+00:00,0.75
0xc57990d4d7d2adae8820927f1ead9679bcc912703b54eaced51f49db092d749f,San Francisco,Will the highest temperature in San Francisco be between 80-81°F on September 8?,90285546082998494602568013863468615245350317695697994112308266765318901058957,No,2026-09-07T07:00:18+00:00,0.815
0xc57990d4d7d2adae8820927f1ead9679bcc912703b54eaced51f49db092d749f,San Francisco,Will the highest temperature in San Francisco be between 80-81°F on September 8?,90285546082998494602568013863468615245350317695697994112308266765318901058957,No,2026-09-07T08:00:18+00:00,0.815
0xc57990d4d7d2adae8820927f1ead9679bcc912703b54eaced51f49db092d749f,San Francisco,Will the highest temperature in San Francisco be between 80-81°F on September 8?,90285546082998494602568013863468615245350317695697994112308266765318901058957,No,2026-09-07T09:00:35+00:00,0.815
0xc57990d4d7d2adae8820927f1ead9679bcc912703b54eaced51f49db092d749f,San Francisco,Will the highest temperature in San Francisco be between 80-81°F on September 8?,90285546082998494602568013863468615245350317695697994112308266765318901058957,No,2026-09-07T10:00:16+00:00,0.81
0xc57990d4d7d2adae8820927f1ead9679bcc912703b54eaced51f49db092d749f,San Francisco,Will the highest temperature in San Francisco be between 80-81°F on September 8?,90285546082998494602568013863468615245350317695697994112308266765318901058957,No,2026-09-07T11:00:17+00:00,0.815
0xc57990d4d7d2adae8820927f1ead9679bcc912703b54eaced51f49db092d749f,San Francisco,Will the highest temperature in San Francisco be between 80-81°F on September 8?,90285546082998494602568013863468615245350317695697994112308266765318901058957,No,2026-09-07T12:00:21+00:00,0.815
0xc57990d4d7d2adae8820927f1ead9679bcc912703b54eaced51f49db092d749f,San Francisco,Will the highest temperature in San Francisco be between 80-81°F on September 8?,90285546082998494602568013863468615245350317695697994112308266765318901058957,No,2026-09-07T12:31:14+00:00,0.815
0x9d6efef5e071364e65754d112a4d7a33c50bba5650d86ca024dd9ee9f8033ff8,San Francisco,Will the highest temperature in San Francisco be between 82-83°F on September 8?,97476847990833753164197492229001950011408162633626850186883610684052128647022,Yes,2026-09-07T05:00:21+00:00,0.29
0x9d6efef5e071364e65754d112a4d7a33c50bba5650d86ca024dd9ee9f8033ff8,San Francisco,Will the highest temperature in San Francisco be between 82-83°F on September 8?,97476847990833753164197492229001950011408162633626850186883610684052128647022,Yes,2026-09-07T06:00:18+00:00,0.285
0x9d6efef5e071364e65754d112a4d7a33c50bba5650d86ca024dd9ee9f8033ff8,San Francisco,Will the highest temperature in San Francisco be between 82-83°F on September 8?,97476847990833753164197492229001950011408162633626850186883610684052128647022,Yes,2026-09-07T07:00:19+00:00,0.3
0x9d6efef5e071364e65754d112a4d7a33c50bba5650d86ca024dd9ee9f8033ff8,San Francisco,Will the highest temperature in San Francisco be between 82-83°F on September 8?,97476847990833753164197492229001950011408162633626850186883610684052128647022,Yes,2026-09-07T08:00:19+00:00,0.335
0x9d6efef5e071364e65754d112a4d7a33c50bba5650d86ca024dd9ee9f8033ff8,San Francisco,Will the highest temperature in San Francisco be between 82-83°F on September 8?,97476847990833753164197492229001950011408162633626850186883610684052128647022,Yes,2026-09-07T09:00:37+00:00,0.335
0x9d6efef5e071364e65754d112a4d7a33c50bba5650d86ca024dd9ee9f8033ff8,San Francisco,Will the highest temperature in San Francisco be between 82-83°F on September 8?,97476847990833753164197492229001950011408162633626850186883610684052128647022,Yes,2026-09-07T10:00:17+00:00,0.295
0x9d6efef5e071364e65754d112a4d7a33c50bba5650d86ca024dd9ee9f8033ff8,San Francisco,Will the highest temperature in San Francisco be between 82-83°F on September 8?,97476847990833753164197492229001950011408162633626850186883610684052128647022,Yes,2026-09-07T11:00:18+00:00,0.29
0x9d6efef5e071364e65754d112a4d7a33c50bba5650d86ca024dd9ee9f8033ff8,San Francisco,Will the highest temperature in San Francisco be between 82-83°F on September 8?,97476847990833753164197492229001950011408162633626850186883610684052128647022,Yes,2026-09-07T12:00:23+00:00,0.285
0x9d6efef5e071364e65754d112a4d7a33c50bba5650d86ca024dd9ee9f8033ff8,San Francisco,Will the highest temperature in San Francisco be between 82-83°F on September 8?,97476847990833753164197492229001950011408162633626850186883610684052128647022,Yes,2026-09-07T12:31:15+00:00,0.29
0x9d6efef5e071364e65754d112a4d7a33c50bba5650d86ca024dd9ee9f8033ff8,San Francisco,Will the highest temperature in San Francisco be between 82-83°F on September 8?,78059235019848597670389560680179471563729495678665997656659682369012700628144,No,2026-09-07T05:00:22+00:00,0.71
0x9d6efef5e071364e65754d112a4d7a33c50bba5650d86ca024dd9ee9f8033ff8,San Francisco,Will the highest temperature in San Francisco be between 82-83°F on September 8?,78059235019848597670389560680179471563729495678665997656659682369012700628144,No,2026-09-07T06:00:19+00:00,0.715
0x9d6efef5e071364e65754d112a4d7a33c50bba5650d86ca024dd9ee9f8033ff8,San Francisco,Will the highest temperature in San Francisco be between 82-83°F on September 8?,78059235019848597670389560680179471563729495678665997656659682369012700628144,No,2026-09-07T07:00:22+00:00,0.7
0x9d6efef5e071364e65754d112a4d7a33c50bba5650d86ca024dd9ee9f8033ff8,San Francisco,Will the highest temperature in San Francisco be between 82-83°F on September 8?,78059235019848597670389560680179471563729495678665997656659682369012700628144,No,2026-09-07T08:00:20+00:00,0.665
0x9d6efef5e071364e65754d112a4d7a33c50bba5650d86ca024dd9ee9f8033ff8,San Francisco,Will the highest temperature in San Francisco be between 82-83°F on September 8?,78059235019848597670389560680179471563729495678665997656659682369012700628144,No,2026-09-07T09:00:39+00:00,0.665
0x9d6efef5e071364e65754d112a4d7a33c50bba5650d86ca024dd9ee9f8033ff8,San Francisco,Will the highest temperature in San Francisco be between 82-83°F on September 8?,78059235019848597670389560680179471563729495678665997656659682369012700628144,No,2026-09-07T10:00:18+00:00,0.705
0x9d6efef5e071364e65754d112a4d7a33c50bba5650d86ca024dd9ee9f8033ff8,San Francisco,Will the highest temperature in San Francisco be between 82-83°F on September 8?,78059235019848597670389560680179471563729495678665997656659682369012700628144,No,2026-09-07T11:00:19+00:00,0.71
0x9d6efef5e071364e65754d112a4d7a33c50bba5650d86ca024dd9ee9f8033ff8,San Francisco,Will the highest temperature in San Francisco be between 82-83°F on September 8?,78059235019848597670389560680179471563729495678665997656659682369012700628144,No,2026-09-07T12:00:25+00:00,0.715
0x9d6efef5e071364e65754d112a4d7a33c50bba5650d86ca024dd9ee9f8033ff8,San Francisco,Will the highest temperature in San Francisco be between 82-83°F on September 8?,78059235019848597670389560680179471563729495678665997656659682369012700628144,No,2026-09-07T12:31:15+00:00,0.71
0x8d16d25f64b97e41a5a0c7d22927ea97b71aeb90ed0667444dd382eaff65c302,San Francisco,Will the highest temperature in San Francisco be between 84-85°F on September 8?,77757134491861156808534906826111424645349225582011129047424166614606153713458,Yes,2026-09-07T05:00:18+00:00,0.185
0x8d16d25f64b97e41a5a0c7d22927ea97b71aeb90ed0667444dd382eaff65c302,San Francisco,Will the highest temperature in San Francisco be between 84-85°F on September 8?,77757134491861156808534906826111424645349225582011129047424166614606153713458,Yes,2026-09-07T06:00:14+00:00,0.18
0x8d16d25f64b97e41a5a0c7d22927ea97b71aeb90ed0667444dd382eaff65c302,San Francisco,Will the highest temperature in San Francisco be between 84-85°F on September 8?,77757134491861156808534906826111424645349225582011129047424166614606153713458,Yes,2026-09-07T07:00:14+00:00,0.19
0x8d16d25f64b97e41a5a0c7d22927ea97b71aeb90ed0667444dd382eaff65c302,San Francisco,Will the highest temperature in San Francisco be between 84-85°F on September 8?,77757134491861156808534906826111424645349225582011129047424166614606153713458,Yes,2026-09-07T08:00:16+00:00,0.205
0x8d16d25f64b97e41a5a0c7d22927ea97b71aeb90ed0667444dd382eaff65c302,San Francisco,Will the highest temperature in San Francisco be between 84-85°F on September 8?,77757134491861156808534906826111424645349225582011129047424166614606153713458,Yes,2026-09-07T09:00:31+00:00,0.195
0x8d16d25f64b97e41a5a0c7d22927ea97b71aeb90ed0667444dd382eaff65c302,San Francisco,Will the highest temperature in San Francisco be between 84-85°F on September 8?,77757134491861156808534906826111424645349225582011129047424166614606153713458,Yes,2026-09-07T10:00:14+00:00,0.265
0x8d16d25f64b97e41a5a0c7d22927ea97b71aeb90ed0667444dd382eaff65c302,San Francisco,Will the highest temperature in San Francisco be between 84-85°F on September 8?,77757134491861156808534906826111424645349225582011129047424166614606153713458,Yes,2026-09-07T11:00:13+00:00,0.3
0x8d16d25f64b97e41a5a0c7d22927ea97b71aeb90ed0667444dd382eaff65c302,San Francisco,Will the highest temperature in San Francisco be between 84-85°F on September 8?,77757134491861156808534906826111424645349225582011129047424166614606153713458,Yes,2026-09-07T12:00:17+00:00,0.295
0x8d16d25f64b97e41a5a0c7d22927ea97b71aeb90ed0667444dd382eaff65c302,San Francisco,Will the highest temperature in San Francisco be between 84-85°F on September 8?,77757134491861156808534906826111424645349225582011129047424166614606153713458,Yes,2026-09-07T12:26:09+00:00,0.275
0x8d16d25f64b97e41a5a0c7d22927ea97b71aeb90ed0667444dd382eaff65c302,San Francisco,Will the highest temperature in San Francisco be between 84-85°F on September 8?,53894077154686500393713085350296329720662466105931694415222623175087345695966,No,2026-09-07T05:00:21+00:00,0.815
0x8d16d25f64b97e41a5a0c7d22927ea97b71aeb90ed0667444dd382eaff65c302,San Francisco,Will the highest temperature in San Francisco be between 84-85°F on September 8?,53894077154686500393713085350296329720662466105931694415222623175087345695966,No,2026-09-07T06:00:17+00:00,0.82
0x8d16d25f64b97e41a5a0c7d22927ea97b71aeb90ed0667444dd382eaff65c302,San Francisco,Will the highest temperature in San Francisco be between 84-85°F on September 8?,53894077154686500393713085350296329720662466105931694415222623175087345695966,No,2026-09-07T07:00:19+00:00,0.81
0x8d16d25f64b97e41a5a0c7d22927ea97b71aeb90ed0667444dd382eaff65c302,San Francisco,Will the highest temperature in San Francisco be between 84-85°F on September 8?,53894077154686500393713085350296329720662466105931694415222623175087345695966,No,2026-09-07T08:00:19+00:00,0.795
0x8d16d25f64b97e41a5a0c7d22927ea97b71aeb90ed0667444dd382eaff65c302,San Francisco,Will the highest temperature in San Francisco be between 84-85°F on September 8?,53894077154686500393713085350296329720662466105931694415222623175087345695966,No,2026-09-07T09:00:37+00:00,0.805
0x8d16d25f64b97e41a5a0c7d22927ea97b71aeb90ed0667444dd382eaff65c302,San Francisco,Will the highest temperature in San Francisco be between 84-85°F on September 8?,53894077154686500393713085350296329720662466105931694415222623175087345695966,No,2026-09-07T10:00:17+00:00,0.735
0x8d16d25f64b97e41a5a0c7d22927ea97b71aeb90ed0667444dd382eaff65c302,San Francisco,Will the highest temperature in San Francisco be between 84-85°F on September 8?,53894077154686500393713085350296329720662466105931694415222623175087345695966,No,2026-09-07T11:00:18+00:00,0.7
0x8d16d25f64b97e41a5a0c7d22927ea97b71aeb90ed0667444dd382eaff65c302,San Francisco,Will the highest temperature in San Francisco be between 84-85°F on September 8?,53894077154686500393713085350296329720662466105931694415222623175087345695966,No,2026-09-07T12:00:23+00:00,0.705
0x8d16d25f64b97e41a5a0c7d22927ea97b71aeb90ed0667444dd382eaff65c302,San Francisco,Will the highest temperature in San Francisco be between 84-85°F on September 8?,53894077154686500393713085350296329720662466105931694415222623175087345695966,No,2026-09-07T12:31:15+00:00,0.725
0x6b1804baa658cdd95a433b9bd6f861cae08a7acc99e12d98a8d9523b45e02a19,San Francisco,Will the highest temperature in San Francisco be between 86-87°F on September 8?,79169672211306983077700974847224152233736395918067977387433951647901948439581,Yes,2026-09-07T05:00:19+00:00,0.09
0x6b1804baa658cdd95a433b9bd6f861cae08a7acc99e12d98a8d9523b45e02a19,San Francisco,Will the highest temperature in San Francisco be between 86-87°F on September 8?,79169672211306983077700974847224152233736395918067977387433951647901948439581,Yes,2026-09-07T06:00:15+00:00,0.095
0x6b1804baa658cdd95a433b9bd6f861cae08a7acc99e12d98a8d9523b45e02a19,San Francisco,Will the highest temperature in San Francisco be between 86-87°F on September 8?,79169672211306983077700974847224152233736395918067977387433951647901948439581,Yes,2026-09-07T07:00:16+00:00,0.06
0x6b1804baa658cdd95a433b9bd6f861cae08a7acc99e12d98a8d9523b45e02a19,San Francisco,Will the highest temperature in San Francisco be between 86-87°F on September 8?,79169672211306983077700974847224152233736395918067977387433951647901948439581,Yes,2026-09-07T08:00:17+00:00,0.06
0x6b1804baa658cdd95a433b9bd6f861cae08a7acc99e12d98a8d9523b45e02a19,San Francisco,Will the highest temperature in San Francisco be between 86-87°F on September 8?,79169672211306983077700974847224152233736395918067977387433951647901948439581,Yes,2026-09-07T09:00:33+00:00,0.065
0x6b1804baa658cdd95a433b9bd6f861cae08a7acc99e12d98a8d9523b45e02a19,San Francisco,Will the highest temperature in San Francisco be between 86-87°F on September 8?,79169672211306983077700974847224152233736395918067977387433951647901948439581,Yes,2026-09-07T10:00:15+00:00,0.065
0x6b1804baa658cdd95a433b9bd6f861cae08a7acc99e12d98a8d9523b45e02a19,San Francisco,Will the highest temperature in San Francisco be between 86-87°F on September 8?,79169672211306983077700974847224152233736395918067977387433951647901948439581,Yes,2026-09-07T11:00:15+00:00,0.065
0x6b1804baa658cdd95a433b9bd6f861cae08a7acc99e12d98a8d9523b45e02a19,San Francisco,Will the highest temperature in San Francisco be between 86-87°F on September 8?,79169672211306983077700974847224152233736395918067977387433951647901948439581,Yes,2026-09-07T12:00:19+00:00,0.065
0x6b1804baa658cdd95a433b9bd6f861cae08a7acc99e12d98a8d9523b45e02a19,San Francisco,Will the highest temperature in San Francisco be between 86-87°F on September 8?,79169672211306983077700974847224152233736395918067977387433951647901948439581,Yes,2026-09-07T12:31:14+00:00,0.07
0x6b1804baa658cdd95a433b9bd6f861cae08a7acc99e12d98a8d9523b45e02a19,San Francisco,Will the highest temperature in San Francisco be between 86-87°F on September 8?,31210513208566496552650343382131111898089295109837002116988507349829146571634,No,2026-09-07T05:00:17+00:00,0.91
0x6b1804baa658cdd95a433b9bd6f861cae08a7acc99e12d98a8d9523b45e02a19,San Francisco,Will the highest temperature in San Francisco be between 86-87°F on September 8?,31210513208566496552650343382131111898089295109837002116988507349829146571634,No,2026-09-07T06:00:13+00:00,0.905
0x6b1804baa658cdd95a433b9bd6f861cae08a7acc99e12d98a8d9523b45e02a19,San Francisco,Will the highest temperature in San Francisco be between 86-87°F on September 8?,31210513208566496552650343382131111898089295109837002116988507349829146571634,No,2026-09-07T07:00:13+00:00,0.94
0x6b1804baa658cdd95a433b9bd6f861cae08a7acc99e12d98a8d9523b45e02a19,San Francisco,Will the highest temperature in San Francisco be between 86-87°F on September 8?,31210513208566496552650343382131111898089295109837002116988507349829146571634,No,2026-09-07T08:00:15+00:00,0.94
0x6b1804baa658cdd95a433b9bd6f861cae08a7acc99e12d98a8d9523b45e02a19,San Francisco,Will the highest temperature in San Francisco be between 86-87°F on September 8?,31210513208566496552650343382131111898089295109837002116988507349829146571634,No,2026-09-07T09:00:30+00:00,0.935
0x6b1804baa658cdd95a433b9bd6f861cae08a7acc99e12d98a8d9523b45e02a19,San Francisco,Will the highest temperature in San Francisco be between 86-87°F on September 8?,31210513208566496552650343382131111898089295109837002116988507349829146571634,No,2026-09-07T10:00:13+00:00,0.935
0x6b1804baa658cdd95a433b9bd6f861cae08a7acc99e12d98a8d9523b45e02a19,San Francisco,Will the highest temperature in San Francisco be between 86-87°F on September 8?,31210513208566496552650343382131111898089295109837002116988507349829146571634,No,2026-09-07T11:00:12+00:00,0.935
0x6b1804baa658cdd95a433b9bd6f861cae08a7acc99e12d98a8d9523b45e02a19,San Francisco,Will the highest temperature in San Francisco be between 86-87°F on September 8?,31210513208566496552650343382131111898089295109837002116988507349829146571634,No,2026-09-07T12:00:16+00:00,0.935
0x6b1804baa658cdd95a433b9bd6f861cae08a7acc99e12d98a8d9523b45e02a19,San Francisco,Will the highest temperature in San Francisco be between 86-87°F on September 8?,31210513208566496552650343382131111898089295109837002116988507349829146571634,No,2026-09-07T12:31:13+00:00,0.93
0x31cb1b3cb440765f8abec4daf3c5d625e19351bc72fe4c6a3d50298c72d5bd7a,San Francisco,Will the highest temperature in San Francisco be between 88-89°F on September 8?,31334685708158183288261268974827288995801630740448538377714042412117529693047,Yes,2026-09-07T05:00:19+00:00,0.0075
0x31cb1b3cb440765f8abec4daf3c5d625e19351bc72fe4c6a3d50298c72d5bd7a,San Francisco,Will the highest temperature in San Francisco be between 88-89°F on September 8?,31334685708158183288261268974827288995801630740448538377714042412117529693047,Yes,2026-09-07T06:00:15+00:00,0.0075
0x31cb1b3cb440765f8abec4daf3c5d625e19351bc72fe4c6a3d50298c72d5bd7a,San Francisco,Will the highest temperature in San Francisco be between 88-89°F on September 8?,31334685708158183288261268974827288995801630740448538377714042412117529693047,Yes,2026-09-07T07:00:16+00:00,0.0075
0x31cb1b3cb440765f8abec4daf3c5d625e19351bc72fe4c6a3d50298c72d5bd7a,San Francisco,Will the highest temperature in San Francisco be between 88-89°F on September 8?,31334685708158183288261268974827288995801630740448538377714042412117529693047,Yes,2026-09-07T08:00:17+00:00,0.0075
0x31cb1b3cb440765f8abec4daf3c5d625e19351bc72fe4c6a3d50298c72d5bd7a,San Francisco,Will the highest temperature in San Francisco be between 88-89°F on September 8?,31334685708158183288261268974827288995801630740448538377714042412117529693047,Yes,2026-09-07T09:00:33+00:00,0.036
0x31cb1b3cb440765f8abec4daf3c5d625e19351bc72fe4c6a3d50298c72d5bd7a,San Francisco,Will the highest temperature in San Francisco be between 88-89°F on September 8?,31334685708158183288261268974827288995801630740448538377714042412117529693047,Yes,2026-09-07T10:00:15+00:00,0.039
0x31cb1b3cb440765f8abec4daf3c5d625e19351bc72fe4c6a3d50298c72d5bd7a,San Francisco,Will the highest temperature in San Francisco be between 88-89°F on September 8?,31334685708158183288261268974827288995801630740448538377714042412117529693047,Yes,2026-09-07T11:00:15+00:00,0.036
0x31cb1b3cb440765f8abec4daf3c5d625e19351bc72fe4c6a3d50298c72d5bd7a,San Francisco,Will the highest temperature in San Francisco be between 88-89°F on September 8?,31334685708158183288261268974827288995801630740448538377714042412117529693047,Yes,2026-09-07T12:00:19+00:00,0.037
0x31cb1b3cb440765f8abec4daf3c5d625e19351bc72fe4c6a3d50298c72d5bd7a,San Francisco,Will the highest temperature in San Francisco be between 88-89°F on September 8?,31334685708158183288261268974827288995801630740448538377714042412117529693047,Yes,2026-09-07T12:31:14+00:00,0.04
0x31cb1b3cb440765f8abec4daf3c5d625e19351bc72fe4c6a3d50298c72d5bd7a,San Francisco,Will the highest temperature in San Francisco be between 88-89°F on September 8?,93758313010448056470692966090638074440215855878671147917017147342263442509135,No,2026-09-07T05:00:18+00:00,0.9925
0x31cb1b3cb440765f8abec4daf3c5d625e19351bc72fe4c6a3d50298c72d5bd7a,San Francisco,Will the highest temperature in San Francisco be between 88-89°F on September 8?,93758313010448056470692966090638074440215855878671147917017147342263442509135,No,2026-09-07T06:00:14+00:00,0.9925
0x31cb1b3cb440765f8abec4daf3c5d625e19351bc72fe4c6a3d50298c72d5bd7a,San Francisco,Will the highest temperature in San Francisco be between 88-89°F on September 8?,93758313010448056470692966090638074440215855878671147917017147342263442509135,No,2026-09-07T07:00:14+00:00,0.9925
0x31cb1b3cb440765f8abec4daf3c5d625e19351bc72fe4c6a3d50298c72d5bd7a,San Francisco,Will the highest temperature in San Francisco be between 88-89°F on September 8?,93758313010448056470692966090638074440215855878671147917017147342263442509135,No,2026-09-07T08:00:16+00:00,0.9925
0x31cb1b3cb440765f8abec4daf3c5d625e19351bc72fe4c6a3d50298c72d5bd7a,San Francisco,Will the highest temperature in San Francisco be between 88-89°F on September 8?,93758313010448056470692966090638074440215855878671147917017147342263442509135,No,2026-09-07T09:00:31+00:00,0.964
0x31cb1b3cb440765f8abec4daf3c5d625e19351bc72fe4c6a3d50298c72d5bd7a,San Francisco,Will the highest temperature in San Francisco be between 88-89°F on September 8?,93758313010448056470692966090638074440215855878671147917017147342263442509135,No,2026-09-07T10:00:14+00:00,0.961
0x31cb1b3cb440765f8abec4daf3c5d625e19351bc72fe4c6a3d50298c72d5bd7a,San Francisco,Will the highest temperature in San Francisco be between 88-89°F on September 8?,93758313010448056470692966090638074440215855878671147917017147342263442509135,No,2026-09-07T11:00:13+00:00,0.964
0x31cb1b3cb440765f8abec4daf3c5d625e19351bc72fe4c6a3d50298c72d5bd7a,San Francisco,Will the highest temperature in San Francisco be between 88-89°F on September 8?,93758313010448056470692966090638074440215855878671147917017147342263442509135,No,2026-09-07T12:00:17+00:00,0.963
0x31cb1b3cb440765f8abec4daf3c5d625e19351bc72fe4c6a3d50298c72d5bd7a,San Francisco,Will the highest temperature in San Francisco be between 88-89°F on September 8?,93758313010448056470692966090638074440215855878671147917017147342263442509135,No,2026-09-07T12:31:13+00:00,0.96
0x53bdbcf77eac9c65c103c14fb8b7092f0c697427a45a50250a33ef8dce16646d,San Francisco,Will the highest temperature in San Francisco be 90°F or higher on September 8?,8272287655037988518300724482382846029566573896409982440119873841329893741607,Yes,2026-09-07T05:00:22+00:00,0.01
0x53bdbcf77eac9c65c103c14fb8b7092f0c697427a45a50250a33ef8dce16646d,San Francisco,Will the highest temperature in San Francisco be 90°F or higher on September 8?,8272287655037988518300724482382846029566573896409982440119873841329893741607,Yes,2026-09-07T06:00:18+00:00,0.01
0x53bdbcf77eac9c65c103c14fb8b7092f0c697427a45a50250a33ef8dce16646d,San Francisco,Will the highest temperature in San Francisco be 90°F or higher on September 8?,8272287655037988518300724482382846029566573896409982440119873841329893741607,Yes,2026-09-07T07:00:20+00:00,0.0065
0x53bdbcf77eac9c65c103c14fb8b7092f0c697427a45a50250a33ef8dce16646d,San Francisco,Will the highest temperature in San Francisco be 90°F or higher on September 8?,8272287655037988518300724482382846029566573896409982440119873841329893741607,Yes,2026-09-07T08:00:19+00:00,0.0065
0x53bdbcf77eac9c65c103c14fb8b7092f0c697427a45a50250a33ef8dce16646d,San Francisco,Will the highest temperature in San Francisco be 90°F or higher on September 8?,8272287655037988518300724482382846029566573896409982440119873841329893741607,Yes,2026-09-07T09:00:37+00:00,0.0025
0x53bdbcf77eac9c65c103c14fb8b7092f0c697427a45a50250a33ef8dce16646d,San Francisco,Will the highest temperature in San Francisco be 90°F or higher on September 8?,8272287655037988518300724482382846029566573896409982440119873841329893741607,Yes,2026-09-07T10:00:18+00:00,0.0025
0x53bdbcf77eac9c65c103c14fb8b7092f0c697427a45a50250a33ef8dce16646d,San Francisco,Will the highest temperature in San Francisco be 90°F or higher on September 8?,8272287655037988518300724482382846029566573896409982440119873841329893741607,Yes,2026-09-07T11:00:18+00:00,0.0025
0x53bdbcf77eac9c65c103c14fb8b7092f0c697427a45a50250a33ef8dce16646d,San Francisco,Will the highest temperature in San Francisco be 90°F or higher on September 8?,8272287655037988518300724482382846029566573896409982440119873841329893741607,Yes,2026-09-07T12:00:24+00:00,0.0025
0x53bdbcf77eac9c65c103c14fb8b7092f0c697427a45a50250a33ef8dce16646d,San Francisco,Will the highest temperature in San Francisco be 90°F or higher on September 8?,8272287655037988518300724482382846029566573896409982440119873841329893741607,Yes,2026-09-07T12:31:15+00:00,0.0025
0x53bdbcf77eac9c65c103c14fb8b7092f0c697427a45a50250a33ef8dce16646d,San Francisco,Will the highest temperature in San Francisco be 90°F or higher on September 8?,83949216981620771022441668157035552187721149011476891593128677886049870675532,No,2026-09-07T05:00:17+00:00,0.99
0x53bdbcf77eac9c65c103c14fb8b7092f0c697427a45a50250a33ef8dce16646d,San Francisco,Will the highest temperature in San Francisco be 90°F or higher on September 8?,83949216981620771022441668157035552187721149011476891593128677886049870675532,No,2026-09-07T06:00:12+00:00,0.99
0x53bdbcf77eac9c65c103c14fb8b7092f0c697427a45a50250a33ef8dce16646d,San Francisco,Will the highest temperature in San Francisco be 90°F or higher on September 8?,83949216981620771022441668157035552187721149011476891593128677886049870675532,No,2026-09-07T07:00:12+00:00,0.9935
0x53bdbcf77eac9c65c103c14fb8b7092f0c697427a45a50250a33ef8dce16646d,San Francisco,Will the highest temperature in San Francisco be 90°F or higher on September 8?,83949216981620771022441668157035552187721149011476891593128677886049870675532,No,2026-09-07T08:00:15+00:00,0.9935
0x53bdbcf77eac9c65c103c14fb8b7092f0c697427a45a50250a33ef8dce16646d,San Francisco,Will the highest temperature in San Francisco be 90°F or higher on September 8?,83949216981620771022441668157035552187721149011476891593128677886049870675532,No,2026-09-07T09:00:29+00:00,0.9975
0x53bdbcf77eac9c65c103c14fb8b7092f0c697427a45a50250a33ef8dce16646d,San Francisco,Will the highest temperature in San Francisco be 90°F or higher on September 8?,83949216981620771022441668157035552187721149011476891593128677886049870675532,No,2026-09-07T10:00:13+00:00,0.9975
0x53bdbcf77eac9c65c103c14fb8b7092f0c697427a45a50250a33ef8dce16646d,San Francisco,Will the highest temperature in San Francisco be 90°F or higher on September 8?,83949216981620771022441668157035552187721149011476891593128677886049870675532,No,2026-09-07T11:00:12+00:00,0.9975
0x53bdbcf77eac9c65c103c14fb8b7092f0c697427a45a50250a33ef8dce16646d,San Francisco,Will the highest temperature in San Francisco be 90°F or higher on September 8?,83949216981620771022441668157035552187721149011476891593128677886049870675532,No,2026-09-07T12:00:12+00:00,0.9975
0x53bdbcf77eac9c65c103c14fb8b7092f0c697427a45a50250a33ef8dce16646d,San Francisco,Will the highest temperature in San Francisco be 90°F or higher on September 8?,83949216981620771022441668157035552187721149011476891593128677886049870675532,No,2026-09-07T12:31:13+00:00,0.9975
0x672ca7f4363d0dcb6e251fcf05fbf13e8c69bd715ee08edd9276caa6ae7d54ab,San Francisco,Will the lowest temperature in San Francisco be 55°F or below on September 9?,28439178122539522821453090967237497914814676201234631025534682128311583676416,Yes,2026-09-07T12:00:21+00:00,0.495
0x672ca7f4363d0dcb6e251fcf05fbf13e8c69bd715ee08edd9276caa6ae7d54ab,San Francisco,Will the lowest temperature in San Francisco be 55°F or below on September 9?,28439178122539522821453090967237497914814676201234631025534682128311583676416,Yes,2026-09-07T12:31:14+00:00,0.495
0x672ca7f4363d0dcb6e251fcf05fbf13e8c69bd715ee08edd9276caa6ae7d54ab,San Francisco,Will the lowest temperature in San Francisco be 55°F or below on September 9?,61174930831575830300491473069097347964025750868159311387543767504700247140987,No,2026-09-07T12:00:16+00:00,0.505
0x672ca7f4363d0dcb6e251fcf05fbf13e8c69bd715ee08edd9276caa6ae7d54ab,San Francisco,Will the lowest temperature in San Francisco be 55°F or below on September 9?,61174930831575830300491473069097347964025750868159311387543767504700247140987,No,2026-09-07T12:31:13+00:00,0.505
0xfb9a8c3eee5def907446269ff62b1ecf57fb06bfae958f6834351c3364cadecc,San Francisco,Will the lowest temperature in San Francisco be between 56-57°F on September 9?,51248031895003255725447398416262034701004702822624856297132244419168445263287,Yes,2026-09-07T12:00:19+00:00,0.245
0xfb9a8c3eee5def907446269ff62b1ecf57fb06bfae958f6834351c3364cadecc,San Francisco,Will the lowest temperature in San Francisco be between 56-57°F on September 9?,51248031895003255725447398416262034701004702822624856297132244419168445263287,Yes,2026-09-07T12:31:14+00:00,0.245
0xfb9a8c3eee5def907446269ff62b1ecf57fb06bfae958f6834351c3364cadecc,San Francisco,Will the lowest temperature in San Francisco be between 56-57°F on September 9?,41875610203900175444030629401457629489591819329058619497078632847751427158993,No,2026-09-07T12:00:21+00:00,0.755
0xfb9a8c3eee5def907446269ff62b1ecf57fb06bfae958f6834351c3364cadecc,San Francisco,Will the lowest temperature in San Francisco be between 56-57°F on September 9?,41875610203900175444030629401457629489591819329058619497078632847751427158993,No,2026-09-07T12:31:14+00:00,0.755
0x4cc5a0d2584bfcd1bf0303bac2efe93a12c09ff4b36ead355b2a5fc3ed852cca,San Francisco,Will the lowest temperature in San Francisco be between 58-59°F on September 9?,44870149359089206312583039887859359513527411592990261865845965913588598677984,Yes,2026-09-07T12:00:20+00:00,0.245
0x4cc5a0d2584bfcd1bf0303bac2efe93a12c09ff4b36ead355b2a5fc3ed852cca,San Francisco,Will the lowest temperature in San Francisco be between 58-59°F on September 9?,44870149359089206312583039887859359513527411592990261865845965913588598677984,Yes,2026-09-07T12:31:14+00:00,0.245
0x4cc5a0d2584bfcd1bf0303bac2efe93a12c09ff4b36ead355b2a5fc3ed852cca,San Francisco,Will the lowest temperature in San Francisco be between 58-59°F on September 9?,102461419866616135458687266946124939836707812691410879075133652274259962880048,No,2026-09-07T12:00:22+00:00,0.755
0x4cc5a0d2584bfcd1bf0303bac2efe93a12c09ff4b36ead355b2a5fc3ed852cca,San Francisco,Will the lowest temperature in San Francisco be between 58-59°F on September 9?,102461419866616135458687266946124939836707812691410879075133652274259962880048,No,2026-09-07T12:31:15+00:00,0.755
0xf5837bff0e721421ba9adb2144a4aa5c1fecf372a2dc056243fcc491c2dcbff6,San Francisco,Will the lowest temperature in San Francisco be between 60-61°F on September 9?,64277742954442631224074901171661448789811856634625975903613999703735752939695,Yes,2026-09-07T12:00:22+00:00,0.245
0xf5837bff0e721421ba9adb2144a4aa5c1fecf372a2dc056243fcc491c2dcbff6,San Francisco,Will the lowest temperature in San Francisco be between 60-61°F on September 9?,64277742954442631224074901171661448789811856634625975903613999703735752939695,Yes,2026-09-07T12:31:15+00:00,0.245
0xf5837bff0e721421ba9adb2144a4aa5c1fecf372a2dc056243fcc491c2dcbff6,San Francisco,Will the lowest temperature in San Francisco be between 60-61°F on September 9?,104821400553700260567506150260438353569776832710990913596582471154444480323722,No,2026-09-07T12:00:23+00:00,0.755
0xf5837bff0e721421ba9adb2144a4aa5c1fecf372a2dc056243fcc491c2dcbff6,San Francisco,Will the lowest temperature in San Francisco be between 60-61°F on September 9?,104821400553700260567506150260438353569776832710990913596582471154444480323722,No,2026-09-07T12:31:15+00:00,0.755
0xf432eebb9fa24c7038118a1cb40162e4d937a4037da55ff060cff19da79e7a59,San Francisco,Will the lowest temperature in San Francisco be between 62-63°F on September 9?,57660154514955575295419726534983110468420760183155178532708661900704549137349,Yes,2026-09-07T12:00:20+00:00,0.245
0xf432eebb9fa24c7038118a1cb40162e4d937a4037da55ff060cff19da79e7a59,San Francisco,Will the lowest temperature in San Francisco be between 62-63°F on September 9?,57660154514955575295419726534983110468420760183155178532708661900704549137349,Yes,2026-09-07T12:31:14+00:00,0.245
0xf432eebb9fa24c7038118a1cb40162e4d937a4037da55ff060cff19da79e7a59,San Francisco,Will the lowest temperature in San Francisco be between 62-63°F on September 9?,101681245591530624016523630211220161100263900069722817033527428692787460757980,No,2026-09-07T12:00:24+00:00,0.755
0xf432eebb9fa24c7038118a1cb40162e4d937a4037da55ff060cff19da79e7a59,San Francisco,Will the lowest temperature in San Francisco be between 62-63°F on September 9?,101681245591530624016523630211220161100263900069722817033527428692787460757980,No,2026-09-07T12:31:15+00:00,0.755
0x61f8b146294683b122e96aec068448d4a0fe5ce914fd9fd67656d35533225485,San Francisco,Will the lowest temperature in San Francisco be between 64-65°F on September 9?,111856548275042682257164821591730659600651672833978779153004011580172448124985,Yes,2026-09-07T12:00:21+00:00,0.245
0x61f8b146294683b122e96aec068448d4a0fe5ce914fd9fd67656d35533225485,San Francisco,Will the lowest temperature in San Francisco be between 64-65°F on September 9?,111856548275042682257164821591730659600651672833978779153004011580172448124985,Yes,2026-09-07T12:31:14+00:00,0.245
0x61f8b146294683b122e96aec068448d4a0fe5ce914fd9fd67656d35533225485,San Francisco,Will the lowest temperature in San Francisco be between 64-65°F on September 9?,48394617622102754299216632934101910426570858047397092816836370232644701399650,No,2026-09-07T12:00:23+00:00,0.755
0x61f8b146294683b122e96aec068448d4a0fe5ce914fd9fd67656d35533225485,San Francisco,Will the lowest temperature in San Francisco be between 64-65°F on September 9?,48394617622102754299216632934101910426570858047397092816836370232644701399650,No,2026-09-07T12:31:15+00:00,0.755
0x37d986a612f90055e4cec23e8f2b34d3faa7fbb45f504dff83a6a17cda9dbff4,San Francisco,Will the lowest temperature in San Francisco be between 66-67°F on September 9?,88014725389131307359239923304896219384371713293021379960087109131611006308125,Yes,2026-09-07T12:00:20+00:00,0.245
0x37d986a612f90055e4cec23e8f2b34d3faa7fbb45f504dff83a6a17cda9dbff4,San Francisco,Will the lowest temperature in San Francisco be between 66-67°F on September 9?,88014725389131307359239923304896219384371713293021379960087109131611006308125,Yes,2026-09-07T12:31:14+00:00,0.25
0x37d986a612f90055e4cec23e8f2b34d3faa7fbb45f504dff83a6a17cda9dbff4,San Francisco,Will the lowest temperature in San Francisco be between 66-67°F on September 9?,88550774157503813329693880719454219435141574045427729098107665420379515835254,No,2026-09-07T12:00:16+00:00,0.755
0x37d986a612f90055e4cec23e8f2b34d3faa7fbb45f504dff83a6a17cda9dbff4,San Francisco,Will the lowest temperature in San Francisco be between 66-67°F on September 9?,88550774157503813329693880719454219435141574045427729098107665420379515835254,No,2026-09-07T12:31:13+00:00,0.75
0xea20843dd183cab42ea19e771ca238b4fcb0b1ff61a0ad2cb816926d5e7024a2,San Francisco,Will the lowest temperature in San Francisco be between 68-69°F on September 9?,91527486185061298662326062904302371311290633679477649911093301307900947560719,Yes,2026-09-07T12:00:24+00:00,0.25
0xea20843dd183cab42ea19e771ca238b4fcb0b1ff61a0ad2cb816926d5e7024a2,San Francisco,Will the lowest temperature in San Francisco be between 68-69°F on September 9?,91527486185061298662326062904302371311290633679477649911093301307900947560719,Yes,2026-09-07T12:31:15+00:00,0.245
0xea20843dd183cab42ea19e771ca238b4fcb0b1ff61a0ad2cb816926d5e7024a2,San Francisco,Will the lowest temperature in San Francisco be between 68-69°F on September 9?,65826850842446551362223522940435270160235928308798676845236471523512226560175,No,2026-09-07T12:00:16+00:00,0.75
0xea20843dd183cab42ea19e771ca238b4fcb0b1ff61a0ad2cb816926d5e7024a2,San Francisco,Will the lowest temperature in San Francisco be between 68-69°F on September 9?,65826850842446551362223522940435270160235928308798676845236471523512226560175,No,2026-09-07T12:32:12+00:00,0.755
0x64585804f54e45f173b0798452c0c6539c0ade73d3c7c0e920c5e747d16c60f3,San Francisco,Will the lowest temperature in San Francisco be between 70-71°F on September 9?,1823239172863144184412985004699178569474625272951111519938460043953165310206,Yes,2026-09-07T12:00:25+00:00,0.245
0x64585804f54e45f173b0798452c0c6539c0ade73d3c7c0e920c5e747d16c60f3,San Francisco,Will the lowest temperature in San Francisco be between 70-71°F on September 9?,1823239172863144184412985004699178569474625272951111519938460043953165310206,Yes,2026-09-07T12:31:15+00:00,0.245
0x64585804f54e45f173b0798452c0c6539c0ade73d3c7c0e920c5e747d16c60f3,San Francisco,Will the lowest temperature in San Francisco be between 70-71°F on September 9?,48402193107307280163811522345408068050503089292500414544539975636005676046974,No,2026-09-07T12:00:23+00:00,0.755
0x64585804f54e45f173b0798452c0c6539c0ade73d3c7c0e920c5e747d16c60f3,San Francisco,Will the lowest temperature in San Francisco be between 70-71°F on September 9?,48402193107307280163811522345408068050503089292500414544539975636005676046974,No,2026-09-07T12:31:15+00:00,0.755
0xa7f633e66211ba07e53712c1b32a386493118f290e7edeaee9f8ff8f1c6abf0e,San Francisco,Will the lowest temperature in San Francisco be between 72-73°F on September 9?,57554491089747666227174695749197359770721414592323464215337421727866242794137,Yes,2026-09-07T12:00:16+00:00,0.245
0xa7f633e66211ba07e53712c1b32a386493118f290e7edeaee9f8ff8f1c6abf0e,San Francisco,Will the lowest temperature in San Francisco be between 72-73°F on September 9?,57554491089747666227174695749197359770721414592323464215337421727866242794137,Yes,2026-09-07T12:32:12+00:00,0.245
0xa7f633e66211ba07e53712c1b32a386493118f290e7edeaee9f8ff8f1c6abf0e,San Francisco,Will the lowest temperature in San Francisco be between 72-73°F on September 9?,82554138742382685943531254519176608926787861828483117826862118368536223764104,No,2026-09-07T12:00:25+00:00,0.755
0xa7f633e66211ba07e53712c1b32a386493118f290e7edeaee9f8ff8f1c6abf0e,San Francisco,Will the lowest temperature in San Francisco be between 72-73°F on September 9?,82554138742382685943531254519176608926787861828483117826862118368536223764104,No,2026-09-07T12:31:15+00:00,0.755
0xec54d24d05b23802b9c24a88d804a6889410a11cafd6880e0028856b4b8a2aba,San Francisco,Will the lowest temperature in San Francisco be 74°F or higher on September 9?,69051442347087322407504449715978946477741326887173441460777033091768494551501,Yes,2026-09-07T12:00:17+00:00,0.49
0xec54d24d05b23802b9c24a88d804a6889410a11cafd6880e0028856b4b8a2aba,San Francisco,Will the lowest temperature in San Francisco be 74°F or higher on September 9?,69051442347087322407504449715978946477741326887173441460777033091768494551501,Yes,2026-09-07T12:32:12+00:00,0.49
0xec54d24d05b23802b9c24a88d804a6889410a11cafd6880e0028856b4b8a2aba,San Francisco,Will the lowest temperature in San Francisco be 74°F or higher on September 9?,105202052293616291320260361682918762134325880452801221149018076850453800260664,No,2026-09-07T12:00:16+00:00,0.51
0xec54d24d05b23802b9c24a88d804a6889410a11cafd6880e0028856b4b8a2aba,San Francisco,Will the lowest temperature in San Francisco be 74°F or higher on September 9?,105202052293616291320260361682918762134325880452801221149018076850453800260664,No,2026-09-07T12:32:12+00:00,0.51
0x2a0dc6ff3fd366583d4698c3f33f668aa4f75723079e058ebdf47b5311b1a8ff,San Francisco,Will the highest temperature in San Francisco be 77°F or below on September 9?,41472624508797811735383351425298246164159561646694622934779082556341485885713,Yes,2026-09-07T12:00:18+00:00,0.005
0x2a0dc6ff3fd366583d4698c3f33f668aa4f75723079e058ebdf47b5311b1a8ff,San Francisco,Will the highest temperature in San Francisco be 77°F or below on September 9?,41472624508797811735383351425298246164159561646694622934779082556341485885713,Yes,2026-09-07T12:32:13+00:00,0.0055
0x2a0dc6ff3fd366583d4698c3f33f668aa4f75723079e058ebdf47b5311b1a8ff,San Francisco,Will the highest temperature in San Francisco be 77°F or below on September 9?,78435436099850833562374538296597816052421217049248783731182470540689666294740,No,2026-09-07T12:00:20+00:00,0.995
0x2a0dc6ff3fd366583d4698c3f33f668aa4f75723079e058ebdf47b5311b1a8ff,San Francisco,Will the highest temperature in San Francisco be 77°F or below on September 9?,78435436099850833562374538296597816052421217049248783731182470540689666294740,No,2026-09-07T12:32:13+00:00,0.9945
0xe6096b77378cb03f17a4a34c7a1e3e3cdd716516ed4c0000e1f66249bce1b4db,San Francisco,Will the highest temperature in San Francisco be between 78-79°F on September 9?,39540335589426686318702818401273449586210279099877536235221229313215957621467,Yes,2026-09-07T12:00:24+00:00,0.035
0xe6096b77378cb03f17a4a34c7a1e3e3cdd716516ed4c0000e1f66249bce1b4db,San Francisco,Will the highest temperature in San Francisco be between 78-79°F on September 9?,39540335589426686318702818401273449586210279099877536235221229313215957621467,Yes,2026-09-07T12:32:15+00:00,0.035
0xe6096b77378cb03f17a4a34c7a1e3e3cdd716516ed4c0000e1f66249bce1b4db,San Francisco,Will the highest temperature in San Francisco be between 78-79°F on September 9?,108566000363120578529044396971737496660834629678319517508116161499966951719991,No,2026-09-07T12:00:22+00:00,0.965
0xe6096b77378cb03f17a4a34c7a1e3e3cdd716516ed4c0000e1f66249bce1b4db,San Francisco,Will the highest temperature in San Francisco be between 78-79°F on September 9?,108566000363120578529044396971737496660834629678319517508116161499966951719991,No,2026-09-07T12:32:14+00:00,0.965
0x95eac401a6a96e58be588f0f61b70586c7b7bf364e602c4077d299318fc276e2,San Francisco,Will the highest temperature in San Francisco be between 80-81°F on September 9?,58439129455518678414894346702011067786538460756691337200103716443580715669760,Yes,2026-09-07T12:00:15+00:00,0.03
0x95eac401a6a96e58be588f0f61b70586c7b7bf364e602c4077d299318fc276e2,San Francisco,Will the highest temperature in San Francisco be between 80-81°F on September 9?,58439129455518678414894346702011067786538460756691337200103716443580715669760,Yes,2026-09-07T12:32:12+00:00,0.03
0x95eac401a6a96e58be588f0f61b70586c7b7bf364e602c4077d299318fc276e2,San Francisco,Will the highest temperature in San Francisco be between 80-81°F on September 9?,82686451558994290010963186494650719325451894054180548841620824313868508397051,No,2026-09-07T12:00:20+00:00,0.97
0x95eac401a6a96e58be588f0f61b70586c7b7bf364e602c4077d299318fc276e2,San Francisco,Will the highest temperature in San Francisco be between 80-81°F on September 9?,82686451558994290010963186494650719325451894054180548841620824313868508397051,No,2026-09-07T12:32:13+00:00,0.97
0x73ca45a748af05fdc00d45a4a3c577d0ed479bae653ccc4a56f0e21f38a9035b,San Francisco,Will the highest temperature in San Francisco be between 82-83°F on September 9?,40615996339435492442148796415112421128405223822114848036965636222686784305223,Yes,2026-09-07T12:00:25+00:00,0.045
0x73ca45a748af05fdc00d45a4a3c577d0ed479bae653ccc4a56f0e21f38a9035b,San Francisco,Will the highest temperature in San Francisco be between 82-83°F on September 9?,40615996339435492442148796415112421128405223822114848036965636222686784305223,Yes,2026-09-07T12:32:15+00:00,0.045
0x73ca45a748af05fdc00d45a4a3c577d0ed479bae653ccc4a56f0e21f38a9035b,San Francisco,Will the highest temperature in San Francisco be between 82-83°F on September 9?,83754405041344428078751023396813230507993554413294184912559358506586728639866,No,2026-09-07T12:00:24+00:00,0.955
0x73ca45a748af05fdc00d45a4a3c577d0ed479bae653ccc4a56f0e21f38a9035b,San Francisco,Will the highest temperature in San Francisco be between 82-83°F on September 9?,83754405041344428078751023396813230507993554413294184912559358506586728639866,No,2026-09-07T12:32:15+00:00,0.955
0xa88ad5db3985962b2e10d02c01354c0b456fabcc1e0c9738969fc33807531093,San Francisco,Will the highest temperature in San Francisco be between 84-85°F on September 9?,10237708640580657129355809562738575310118818913158724708812951334212725620661,Yes,2026-09-07T12:32:15+00:00,0.135
0xa88ad5db3985962b2e10d02c01354c0b456fabcc1e0c9738969fc33807531093,San Francisco,Will the highest temperature in San Francisco be between 84-85°F on September 9?,55661276372921796432631165793029824457592382565009059852535400255389773988970,No,2026-09-07T12:32:14+00:00,0.865
0x42dd84a37f536f8ee22b47e9e98e7faf90f721b73c2ce4b270b4d82962874c53,San Francisco,Will the highest temperature in San Francisco be between 86-87°F on September 9?,5913347093227368758621703798367619139517904662084883943004808990297208379940,Yes,2026-09-07T12:32:13+00:00,0.225
0x42dd84a37f536f8ee22b47e9e98e7faf90f721b73c2ce4b270b4d82962874c53,San Francisco,Will the highest temperature in San Francisco be between 86-87°F on September 9?,35988975076192116349176012658894597067756069481493751377244266337249794718586,No,2026-09-07T12:32:12+00:00,0.775
0x40aba679f42232e94450042493ef5ef695c45b35a484fa6aa1a531ef27869461,San Francisco,Will the highest temperature in San Francisco be between 88-89°F on September 9?,81219559881428243511127005116245597795227103632537336727937469416416649907948,Yes,2026-09-07T12:32:12+00:00,0.225
0x40aba679f42232e94450042493ef5ef695c45b35a484fa6aa1a531ef27869461,San Francisco,Will the highest temperature in San Francisco be between 88-89°F on September 9?,79125381068778857517436514872352464575053787794437320615255540546738276912316,No,2026-09-07T12:32:15+00:00,0.775
0x36d6d60c4a0504d8ebc4bbd50426d0afd5820c13961cbf2929ff3ecdea950f4c,San Francisco,Will the highest temperature in San Francisco be between 90-91°F on September 9?,108258744515824016594253818633665928350606386705124521600852057066886743926018,Yes,2026-09-07T12:32:12+00:00,0.225
0x36d6d60c4a0504d8ebc4bbd50426d0afd5820c13961cbf2929ff3ecdea950f4c,San Francisco,Will the highest temperature in San Francisco be between 90-91°F on September 9?,43469557496831652179274714078033437074522485442692113260250653400173799269380,No,2026-09-07T12:32:15+00:00,0.775
0x2b08f4ede2b9198ddb874455cf0c477822ed36e3533092e36d857d6927230182,San Francisco,Will the highest temperature in San Francisco be between 92-93°F on September 9?,79509768646681824207575452452162611144091645106795217680414849043950586122375,Yes,2026-09-07T12:32:12+00:00,0.105
0x2b08f4ede2b9198ddb874455cf0c477822ed36e3533092e36d857d6927230182,San Francisco,Will the highest temperature in San Francisco be between 92-93°F on September 9?,69942216492760425338758752353154205242483612282546244583066686653036137640281,No,2026-09-07T12:32:15+00:00,0.895
0x01fa61c643d0430abf5eb604eab02365a6d7d37a264623c1c58757e85fe4d4e4,San Francisco,Will the highest temperature in San Francisco be between 94-95°F on September 9?,9992531178384612594474348498453301050555629912284247657423447880470899547793,Yes,2026-09-07T12:32:14+00:00,0.095
0x01fa61c643d0430abf5eb604eab02365a6d7d37a264623c1c58757e85fe4d4e4,San Francisco,Will the highest temperature in San Francisco be between 94-95°F on September 9?,74331784568087915543874078586207387945658535023841278394903334923104887495759,No,2026-09-07T12:32:13+00:00,0.905
0xa0593d3ac444e35e22e904c09d51035fccbe5c8216b908c6ac070903abb05dba,San Francisco,Will the highest temperature in San Francisco be 96°F or higher on September 9?,42612221590489471972028308237341051968079487145062267445276376994775050628318,Yes,2026-09-07T12:32:15+00:00,0.095
0xa0593d3ac444e35e22e904c09d51035fccbe5c8216b908c6ac070903abb05dba,San Francisco,Will the highest temperature in San Francisco be 96°F or higher on September 9?,87474760346801936833134320377425403032757604166291372934627593705578046878679,No,2026-09-07T12:32:15+00:00,0.905
