condition_id,city,question,token_id,outcome,timestamp_utc,price
0xd0792b6076e258109925b8595baad804d38b164a7c9fce6aaaefebb8bb90cedc,Seoul,Will the highest temperature in Seoul (Incheon) be 25°C or below on August 1?,8533513988379458304575689613537263288949907889068024019720646676047011683556,Yes,2026-08-01T00:00:13+00:00,0.0005
0xd0792b6076e258109925b8595baad804d38b164a7c9fce6aaaefebb8bb90cedc,Seoul,Will the highest temperature in Seoul (Incheon) be 25°C or below on August 1?,8533513988379458304575689613537263288949907889068024019720646676047011683556,Yes,2026-08-01T01:00:09+00:00,0.0005
0xd0792b6076e258109925b8595baad804d38b164a7c9fce6aaaefebb8bb90cedc,Seoul,Will the highest temperature in Seoul (Incheon) be 25°C or below on August 1?,8533513988379458304575689613537263288949907889068024019720646676047011683556,Yes,2026-08-01T02:00:08+00:00,0.0005
0xd0792b6076e258109925b8595baad804d38b164a7c9fce6aaaefebb8bb90cedc,Seoul,Will the highest temperature in Seoul (Incheon) be 25°C or below on August 1?,8533513988379458304575689613537263288949907889068024019720646676047011683556,Yes,2026-08-01T03:00:10+00:00,0.0005
0xd0792b6076e258109925b8595baad804d38b164a7c9fce6aaaefebb8bb90cedc,Seoul,Will the highest temperature in Seoul (Incheon) be 25°C or below on August 1?,8533513988379458304575689613537263288949907889068024019720646676047011683556,Yes,2026-08-01T03:49:10+00:00,0.0005
0xd0792b6076e258109925b8595baad804d38b164a7c9fce6aaaefebb8bb90cedc,Seoul,Will the highest temperature in Seoul (Incheon) be 25°C or below on August 1?,40141462596326812876981122055285583695762688446597470286873702862511265005754,No,2026-08-01T00:00:12+00:00,0.9995
0xd0792b6076e258109925b8595baad804d38b164a7c9fce6aaaefebb8bb90cedc,Seoul,Will the highest temperature in Seoul (Incheon) be 25°C or below on August 1?,40141462596326812876981122055285583695762688446597470286873702862511265005754,No,2026-08-01T01:00:09+00:00,0.9995
0xd0792b6076e258109925b8595baad804d38b164a7c9fce6aaaefebb8bb90cedc,Seoul,Will the highest temperature in Seoul (Incheon) be 25°C or below on August 1?,40141462596326812876981122055285583695762688446597470286873702862511265005754,No,2026-08-01T02:00:07+00:00,0.9995
0xd0792b6076e258109925b8595baad804d38b164a7c9fce6aaaefebb8bb90cedc,Seoul,Will the highest temperature in Seoul (Incheon) be 25°C or below on August 1?,40141462596326812876981122055285583695762688446597470286873702862511265005754,No,2026-08-01T03:00:09+00:00,0.9995
0xd0792b6076e258109925b8595baad804d38b164a7c9fce6aaaefebb8bb90cedc,Seoul,Will the highest temperature in Seoul (Incheon) be 25°C or below on August 1?,40141462596326812876981122055285583695762688446597470286873702862511265005754,No,2026-08-01T03:49:09+00:00,0.9995
0x6d1769262759f663f720262dc699a9109aea418aa51ec5714865c5c40d7abf05,Seoul,Will the highest temperature in Seoul (Incheon) be 26°C on August 1?,40773380466185274040488650627985431643261389478651800315521110188416831855294,Yes,2026-08-01T00:00:13+00:00,0.0005
0x6d1769262759f663f720262dc699a9109aea418aa51ec5714865c5c40d7abf05,Seoul,Will the highest temperature in Seoul (Incheon) be 26°C on August 1?,40773380466185274040488650627985431643261389478651800315521110188416831855294,Yes,2026-08-01T01:00:09+00:00,0.0005
0x6d1769262759f663f720262dc699a9109aea418aa51ec5714865c5c40d7abf05,Seoul,Will the highest temperature in Seoul (Incheon) be 26°C on August 1?,40773380466185274040488650627985431643261389478651800315521110188416831855294,Yes,2026-08-01T02:00:08+00:00,0.0005
0x6d1769262759f663f720262dc699a9109aea418aa51ec5714865c5c40d7abf05,Seoul,Will the highest temperature in Seoul (Incheon) be 26°C on August 1?,40773380466185274040488650627985431643261389478651800315521110188416831855294,Yes,2026-08-01T03:00:10+00:00,0.0005
0x6d1769262759f663f720262dc699a9109aea418aa51ec5714865c5c40d7abf05,Seoul,Will the highest temperature in Seoul (Incheon) be 26°C on August 1?,40773380466185274040488650627985431643261389478651800315521110188416831855294,Yes,2026-08-01T03:49:10+00:00,0.0005
0x6d1769262759f663f720262dc699a9109aea418aa51ec5714865c5c40d7abf05,Seoul,Will the highest temperature in Seoul (Incheon) be 26°C on August 1?,63300169007768027742551060794006148851254999899415456659157857114037813444966,No,2026-08-01T00:00:10+00:00,0.9995
0x6d1769262759f663f720262dc699a9109aea418aa51ec5714865c5c40d7abf05,Seoul,Will the highest temperature in Seoul (Incheon) be 26°C on August 1?,63300169007768027742551060794006148851254999899415456659157857114037813444966,No,2026-08-01T01:00:08+00:00,0.9995
0x6d1769262759f663f720262dc699a9109aea418aa51ec5714865c5c40d7abf05,Seoul,Will the highest temperature in Seoul (Incheon) be 26°C on August 1?,63300169007768027742551060794006148851254999899415456659157857114037813444966,No,2026-08-01T02:00:07+00:00,0.9995
0x6d1769262759f663f720262dc699a9109aea418aa51ec5714865c5c40d7abf05,Seoul,Will the highest temperature in Seoul (Incheon) be 26°C on August 1?,63300169007768027742551060794006148851254999899415456659157857114037813444966,No,2026-08-01T03:00:08+00:00,0.9995
0x6d1769262759f663f720262dc699a9109aea418aa51ec5714865c5c40d7abf05,Seoul,Will the highest temperature in Seoul (Incheon) be 26°C on August 1?,63300169007768027742551060794006148851254999899415456659157857114037813444966,No,2026-08-01T03:49:09+00:00,0.9995
0xc859ae3b9499d5c065b1034b95b6082cd48aad72939ba19a84b38ae5603a1909,Seoul,Will the highest temperature in Seoul (Incheon) be 27°C on August 1?,29500608877145635144000099316674912017060278725088172611494049606460410509496,Yes,2026-08-01T00:00:14+00:00,0.0005
0xc859ae3b9499d5c065b1034b95b6082cd48aad72939ba19a84b38ae5603a1909,Seoul,Will the highest temperature in Seoul (Incheon) be 27°C on August 1?,29500608877145635144000099316674912017060278725088172611494049606460410509496,Yes,2026-08-01T01:00:10+00:00,0.0005
0xc859ae3b9499d5c065b1034b95b6082cd48aad72939ba19a84b38ae5603a1909,Seoul,Will the highest temperature in Seoul (Incheon) be 27°C on August 1?,29500608877145635144000099316674912017060278725088172611494049606460410509496,Yes,2026-08-01T02:00:09+00:00,0.0005
0xc859ae3b9499d5c065b1034b95b6082cd48aad72939ba19a84b38ae5603a1909,Seoul,Will the highest temperature in Seoul (Incheon) be 27°C on August 1?,29500608877145635144000099316674912017060278725088172611494049606460410509496,Yes,2026-08-01T03:00:12+00:00,0.0005
0xc859ae3b9499d5c065b1034b95b6082cd48aad72939ba19a84b38ae5603a1909,Seoul,Will the highest temperature in Seoul (Incheon) be 27°C on August 1?,29500608877145635144000099316674912017060278725088172611494049606460410509496,Yes,2026-08-01T03:49:10+00:00,0.0005
0xc859ae3b9499d5c065b1034b95b6082cd48aad72939ba19a84b38ae5603a1909,Seoul,Will the highest temperature in Seoul (Incheon) be 27°C on August 1?,64534888529907866610333319324324410447003598898239836749570226069757198591483,No,2026-08-01T00:00:13+00:00,0.9995
0xc859ae3b9499d5c065b1034b95b6082cd48aad72939ba19a84b38ae5603a1909,Seoul,Will the highest temperature in Seoul (Incheon) be 27°C on August 1?,64534888529907866610333319324324410447003598898239836749570226069757198591483,No,2026-08-01T01:00:09+00:00,0.9995
0xc859ae3b9499d5c065b1034b95b6082cd48aad72939ba19a84b38ae5603a1909,Seoul,Will the highest temperature in Seoul (Incheon) be 27°C on August 1?,64534888529907866610333319324324410447003598898239836749570226069757198591483,No,2026-08-01T02:00:08+00:00,0.9995
0xc859ae3b9499d5c065b1034b95b6082cd48aad72939ba19a84b38ae5603a1909,Seoul,Will the highest temperature in Seoul (Incheon) be 27°C on August 1?,64534888529907866610333319324324410447003598898239836749570226069757198591483,No,2026-08-01T03:00:10+00:00,0.9995
0xc859ae3b9499d5c065b1034b95b6082cd48aad72939ba19a84b38ae5603a1909,Seoul,Will the highest temperature in Seoul (Incheon) be 27°C on August 1?,64534888529907866610333319324324410447003598898239836749570226069757198591483,No,2026-08-01T03:49:10+00:00,0.9995
0xbefd56446b19d8129204c790e8ba972d625e3cdb896f5b504a00c0eef7cb7a5a,Seoul,Will the highest temperature in Seoul (Incheon) be 28°C on August 1?,95491326652391348198102129894012133755800815037604206355360757598119588147796,Yes,2026-08-01T00:00:10+00:00,0.0005
0xbefd56446b19d8129204c790e8ba972d625e3cdb896f5b504a00c0eef7cb7a5a,Seoul,Will the highest temperature in Seoul (Incheon) be 28°C on August 1?,95491326652391348198102129894012133755800815037604206355360757598119588147796,Yes,2026-08-01T01:00:08+00:00,0.0005
0xbefd56446b19d8129204c790e8ba972d625e3cdb896f5b504a00c0eef7cb7a5a,Seoul,Will the highest temperature in Seoul (Incheon) be 28°C on August 1?,95491326652391348198102129894012133755800815037604206355360757598119588147796,Yes,2026-08-01T02:00:07+00:00,0.0005
0xbefd56446b19d8129204c790e8ba972d625e3cdb896f5b504a00c0eef7cb7a5a,Seoul,Will the highest temperature in Seoul (Incheon) be 28°C on August 1?,95491326652391348198102129894012133755800815037604206355360757598119588147796,Yes,2026-08-01T03:00:08+00:00,0.0005
0xbefd56446b19d8129204c790e8ba972d625e3cdb896f5b504a00c0eef7cb7a5a,Seoul,Will the highest temperature in Seoul (Incheon) be 28°C on August 1?,95491326652391348198102129894012133755800815037604206355360757598119588147796,Yes,2026-08-01T03:49:09+00:00,0.0005
0xbefd56446b19d8129204c790e8ba972d625e3cdb896f5b504a00c0eef7cb7a5a,Seoul,Will the highest temperature in Seoul (Incheon) be 28°C on August 1?,22773979698173811567739283235626140492992846365983239158896600088598442064650,No,2026-08-01T00:00:15+00:00,0.9995
0xbefd56446b19d8129204c790e8ba972d625e3cdb896f5b504a00c0eef7cb7a5a,Seoul,Will the highest temperature in Seoul (Incheon) be 28°C on August 1?,22773979698173811567739283235626140492992846365983239158896600088598442064650,No,2026-08-01T01:00:10+00:00,0.9995
0xbefd56446b19d8129204c790e8ba972d625e3cdb896f5b504a00c0eef7cb7a5a,Seoul,Will the highest temperature in Seoul (Incheon) be 28°C on August 1?,22773979698173811567739283235626140492992846365983239158896600088598442064650,No,2026-08-01T02:00:09+00:00,0.9995
0xbefd56446b19d8129204c790e8ba972d625e3cdb896f5b504a00c0eef7cb7a5a,Seoul,Will the highest temperature in Seoul (Incheon) be 28°C on August 1?,22773979698173811567739283235626140492992846365983239158896600088598442064650,No,2026-08-01T03:00:12+00:00,0.9995
0xbefd56446b19d8129204c790e8ba972d625e3cdb896f5b504a00c0eef7cb7a5a,Seoul,Will the highest temperature in Seoul (Incheon) be 28°C on August 1?,22773979698173811567739283235626140492992846365983239158896600088598442064650,No,2026-08-01T03:49:11+00:00,0.9995
0x49cac9d3cc4520a14eb943b20bea4b2d0d9501fe982c442145ffd3ddea12e96f,Seoul,Will the highest temperature in Seoul (Incheon) be 29°C on August 1?,37156468587405578120900474337241560104248614027879457931306468206574828474534,Yes,2026-08-01T00:00:14+00:00,0.0325
0x49cac9d3cc4520a14eb943b20bea4b2d0d9501fe982c442145ffd3ddea12e96f,Seoul,Will the highest temperature in Seoul (Incheon) be 29°C on August 1?,37156468587405578120900474337241560104248614027879457931306468206574828474534,Yes,2026-08-01T01:00:10+00:00,0.011
0x49cac9d3cc4520a14eb943b20bea4b2d0d9501fe982c442145ffd3ddea12e96f,Seoul,Will the highest temperature in Seoul (Incheon) be 29°C on August 1?,37156468587405578120900474337241560104248614027879457931306468206574828474534,Yes,2026-08-01T02:00:09+00:00,0.0005
0x49cac9d3cc4520a14eb943b20bea4b2d0d9501fe982c442145ffd3ddea12e96f,Seoul,Will the highest temperature in Seoul (Incheon) be 29°C on August 1?,37156468587405578120900474337241560104248614027879457931306468206574828474534,Yes,2026-08-01T03:00:12+00:00,0.0005
0x49cac9d3cc4520a14eb943b20bea4b2d0d9501fe982c442145ffd3ddea12e96f,Seoul,Will the highest temperature in Seoul (Incheon) be 29°C on August 1?,37156468587405578120900474337241560104248614027879457931306468206574828474534,Yes,2026-08-01T03:49:11+00:00,0.0005
0x49cac9d3cc4520a14eb943b20bea4b2d0d9501fe982c442145ffd3ddea12e96f,Seoul,Will the highest temperature in Seoul (Incheon) be 29°C on August 1?,110627128635086003645011491607916997250267739390309436413868394297440625306638,No,2026-08-01T00:00:12+00:00,0.9675
0x49cac9d3cc4520a14eb943b20bea4b2d0d9501fe982c442145ffd3ddea12e96f,Seoul,Will the highest temperature in Seoul (Incheon) be 29°C on August 1?,110627128635086003645011491607916997250267739390309436413868394297440625306638,No,2026-08-01T01:00:09+00:00,0.989
0x49cac9d3cc4520a14eb943b20bea4b2d0d9501fe982c442145ffd3ddea12e96f,Seoul,Will the highest temperature in Seoul (Incheon) be 29°C on August 1?,110627128635086003645011491607916997250267739390309436413868394297440625306638,No,2026-08-01T02:00:07+00:00,0.9995
0x49cac9d3cc4520a14eb943b20bea4b2d0d9501fe982c442145ffd3ddea12e96f,Seoul,Will the highest temperature in Seoul (Incheon) be 29°C on August 1?,110627128635086003645011491607916997250267739390309436413868394297440625306638,No,2026-08-01T03:00:09+00:00,0.9995
0x49cac9d3cc4520a14eb943b20bea4b2d0d9501fe982c442145ffd3ddea12e96f,Seoul,Will the highest temperature in Seoul (Incheon) be 29°C on August 1?,110627128635086003645011491607916997250267739390309436413868394297440625306638,No,2026-08-01T03:49:09+00:00,0.9995
0xe4af99a6a904c2b336fa8dc837490bfe0c990946eacf237bc1db3e05479e726d,Seoul,Will the highest temperature in Seoul (Incheon) be 30°C on August 1?,104465833727310267148579613947552680177886367458332348306679345416256231461960,Yes,2026-08-01T00:00:14+00:00,0.175
0xe4af99a6a904c2b336fa8dc837490bfe0c990946eacf237bc1db3e05479e726d,Seoul,Will the highest temperature in Seoul (Incheon) be 30°C on August 1?,104465833727310267148579613947552680177886367458332348306679345416256231461960,Yes,2026-08-01T01:00:10+00:00,0.045
0xe4af99a6a904c2b336fa8dc837490bfe0c990946eacf237bc1db3e05479e726d,Seoul,Will the highest temperature in Seoul (Incheon) be 30°C on August 1?,104465833727310267148579613947552680177886367458332348306679345416256231461960,Yes,2026-08-01T02:00:09+00:00,0.0005
0xe4af99a6a904c2b336fa8dc837490bfe0c990946eacf237bc1db3e05479e726d,Seoul,Will the highest temperature in Seoul (Incheon) be 30°C on August 1?,104465833727310267148579613947552680177886367458332348306679345416256231461960,Yes,2026-08-01T03:00:11+00:00,0.0005
0xe4af99a6a904c2b336fa8dc837490bfe0c990946eacf237bc1db3e05479e726d,Seoul,Will the highest temperature in Seoul (Incheon) be 30°C on August 1?,104465833727310267148579613947552680177886367458332348306679345416256231461960,Yes,2026-08-01T03:49:10+00:00,0.0005
0xe4af99a6a904c2b336fa8dc837490bfe0c990946eacf237bc1db3e05479e726d,Seoul,Will the highest temperature in Seoul (Incheon) be 30°C on August 1?,27531249748542524065076683460540792303657394581249893357889916694760828829561,No,2026-08-01T00:00:13+00:00,0.825
0xe4af99a6a904c2b336fa8dc837490bfe0c990946eacf237bc1db3e05479e726d,Seoul,Will the highest temperature in Seoul (Incheon) be 30°C on August 1?,27531249748542524065076683460540792303657394581249893357889916694760828829561,No,2026-08-01T01:00:09+00:00,0.955
0xe4af99a6a904c2b336fa8dc837490bfe0c990946eacf237bc1db3e05479e726d,Seoul,Will the highest temperature in Seoul (Incheon) be 30°C on August 1?,27531249748542524065076683460540792303657394581249893357889916694760828829561,No,2026-08-01T02:00:08+00:00,0.9995
0xe4af99a6a904c2b336fa8dc837490bfe0c990946eacf237bc1db3e05479e726d,Seoul,Will the highest temperature in Seoul (Incheon) be 30°C on August 1?,27531249748542524065076683460540792303657394581249893357889916694760828829561,No,2026-08-01T03:00:10+00:00,0.9995
0xe4af99a6a904c2b336fa8dc837490bfe0c990946eacf237bc1db3e05479e726d,Seoul,Will the highest temperature in Seoul (Incheon) be 30°C on August 1?,27531249748542524065076683460540792303657394581249893357889916694760828829561,No,2026-08-01T03:49:10+00:00,0.9995
0x2307f667cdc9676e6fe39e3ef7f8ddf47011aa687370d936c53c8b384570a373,Seoul,Will the highest temperature in Seoul (Incheon) be 31°C on August 1?,26027981725202669683092735515125986719677475912574642988426038977841685573778,Yes,2026-08-01T00:00:13+00:00,0.33
0x2307f667cdc9676e6fe39e3ef7f8ddf47011aa687370d936c53c8b384570a373,Seoul,Will the highest temperature in Seoul (Incheon) be 31°C on August 1?,26027981725202669683092735515125986719677475912574642988426038977841685573778,Yes,2026-08-01T01:00:09+00:00,0.305
0x2307f667cdc9676e6fe39e3ef7f8ddf47011aa687370d936c53c8b384570a373,Seoul,Will the highest temperature in Seoul (Incheon) be 31°C on August 1?,26027981725202669683092735515125986719677475912574642988426038977841685573778,Yes,2026-08-01T02:00:08+00:00,0.22
0x2307f667cdc9676e6fe39e3ef7f8ddf47011aa687370d936c53c8b384570a373,Seoul,Will the highest temperature in Seoul (Incheon) be 31°C on August 1?,26027981725202669683092735515125986719677475912574642988426038977841685573778,Yes,2026-08-01T03:00:10+00:00,0.195
0x2307f667cdc9676e6fe39e3ef7f8ddf47011aa687370d936c53c8b384570a373,Seoul,Will the highest temperature in Seoul (Incheon) be 31°C on August 1?,26027981725202669683092735515125986719677475912574642988426038977841685573778,Yes,2026-08-01T03:45:09+00:00,0.0005
0x2307f667cdc9676e6fe39e3ef7f8ddf47011aa687370d936c53c8b384570a373,Seoul,Will the highest temperature in Seoul (Incheon) be 31°C on August 1?,3981252166472897860965121401607009032442514490027258676595154528432581305725,No,2026-08-01T00:00:14+00:00,0.67
0x2307f667cdc9676e6fe39e3ef7f8ddf47011aa687370d936c53c8b384570a373,Seoul,Will the highest temperature in Seoul (Incheon) be 31°C on August 1?,3981252166472897860965121401607009032442514490027258676595154528432581305725,No,2026-08-01T01:00:10+00:00,0.695
0x2307f667cdc9676e6fe39e3ef7f8ddf47011aa687370d936c53c8b384570a373,Seoul,Will the highest temperature in Seoul (Incheon) be 31°C on August 1?,3981252166472897860965121401607009032442514490027258676595154528432581305725,No,2026-08-01T02:00:09+00:00,0.78
0x2307f667cdc9676e6fe39e3ef7f8ddf47011aa687370d936c53c8b384570a373,Seoul,Will the highest temperature in Seoul (Incheon) be 31°C on August 1?,3981252166472897860965121401607009032442514490027258676595154528432581305725,No,2026-08-01T03:00:11+00:00,0.805
0x2307f667cdc9676e6fe39e3ef7f8ddf47011aa687370d936c53c8b384570a373,Seoul,Will the highest temperature in Seoul (Incheon) be 31°C on August 1?,3981252166472897860965121401607009032442514490027258676595154528432581305725,No,2026-08-01T03:49:10+00:00,0.9995
0x3948c667d3ad9646304d8a743b2864c7e062ee61e146ff27a899b405cf1409bb,Seoul,Will the highest temperature in Seoul (Incheon) be 32°C on August 1?,23011742652504098548061026531298879196713278678339044408424419439899777767317,Yes,2026-08-01T00:00:13+00:00,0.36
0x3948c667d3ad9646304d8a743b2864c7e062ee61e146ff27a899b405cf1409bb,Seoul,Will the highest temperature in Seoul (Incheon) be 32°C on August 1?,23011742652504098548061026531298879196713278678339044408424419439899777767317,Yes,2026-08-01T01:00:09+00:00,0.42
0x3948c667d3ad9646304d8a743b2864c7e062ee61e146ff27a899b405cf1409bb,Seoul,Will the highest temperature in Seoul (Incheon) be 32°C on August 1?,23011742652504098548061026531298879196713278678339044408424419439899777767317,Yes,2026-08-01T02:00:08+00:00,0.46
0x3948c667d3ad9646304d8a743b2864c7e062ee61e146ff27a899b405cf1409bb,Seoul,Will the highest temperature in Seoul (Incheon) be 32°C on August 1?,23011742652504098548061026531298879196713278678339044408424419439899777767317,Yes,2026-08-01T03:00:10+00:00,0.52
0x3948c667d3ad9646304d8a743b2864c7e062ee61e146ff27a899b405cf1409bb,Seoul,Will the highest temperature in Seoul (Incheon) be 32°C on August 1?,23011742652504098548061026531298879196713278678339044408424419439899777767317,Yes,2026-08-01T03:49:10+00:00,0.78
0x3948c667d3ad9646304d8a743b2864c7e062ee61e146ff27a899b405cf1409bb,Seoul,Will the highest temperature in Seoul (Incheon) be 32°C on August 1?,7571232515099222470118374567734263942756772821269087153748631275382097350030,No,2026-08-01T00:00:12+00:00,0.64
0x3948c667d3ad9646304d8a743b2864c7e062ee61e146ff27a899b405cf1409bb,Seoul,Will the highest temperature in Seoul (Incheon) be 32°C on August 1?,7571232515099222470118374567734263942756772821269087153748631275382097350030,No,2026-08-01T01:00:09+00:00,0.58
0x3948c667d3ad9646304d8a743b2864c7e062ee61e146ff27a899b405cf1409bb,Seoul,Will the highest temperature in Seoul (Incheon) be 32°C on August 1?,7571232515099222470118374567734263942756772821269087153748631275382097350030,No,2026-08-01T02:00:08+00:00,0.54
0x3948c667d3ad9646304d8a743b2864c7e062ee61e146ff27a899b405cf1409bb,Seoul,Will the highest temperature in Seoul (Incheon) be 32°C on August 1?,7571232515099222470118374567734263942756772821269087153748631275382097350030,No,2026-08-01T03:00:09+00:00,0.48
0x3948c667d3ad9646304d8a743b2864c7e062ee61e146ff27a899b405cf1409bb,Seoul,Will the highest temperature in Seoul (Incheon) be 32°C on August 1?,7571232515099222470118374567734263942756772821269087153748631275382097350030,No,2026-08-01T03:49:09+00:00,0.225
0x6ae2e275987b23b5af12fe75b37acba3fb37823e3397f1718627ffb1c902e885,Seoul,Will the highest temperature in Seoul (Incheon) be 33°C on August 1?,32011339035171813608552875017108567331032866759749474003573559495523654119470,Yes,2026-08-01T00:00:13+00:00,0.13
0x6ae2e275987b23b5af12fe75b37acba3fb37823e3397f1718627ffb1c902e885,Seoul,Will the highest temperature in Seoul (Incheon) be 33°C on August 1?,32011339035171813608552875017108567331032866759749474003573559495523654119470,Yes,2026-08-01T01:00:09+00:00,0.175
0x6ae2e275987b23b5af12fe75b37acba3fb37823e3397f1718627ffb1c902e885,Seoul,Will the highest temperature in Seoul (Incheon) be 33°C on August 1?,32011339035171813608552875017108567331032866759749474003573559495523654119470,Yes,2026-08-01T02:00:08+00:00,0.195
0x6ae2e275987b23b5af12fe75b37acba3fb37823e3397f1718627ffb1c902e885,Seoul,Will the highest temperature in Seoul (Incheon) be 33°C on August 1?,32011339035171813608552875017108567331032866759749474003573559495523654119470,Yes,2026-08-01T03:00:10+00:00,0.275
0x6ae2e275987b23b5af12fe75b37acba3fb37823e3397f1718627ffb1c902e885,Seoul,Will the highest temperature in Seoul (Incheon) be 33°C on August 1?,32011339035171813608552875017108567331032866759749474003573559495523654119470,Yes,2026-08-01T03:49:10+00:00,0.21
0x6ae2e275987b23b5af12fe75b37acba3fb37823e3397f1718627ffb1c902e885,Seoul,Will the highest temperature in Seoul (Incheon) be 33°C on August 1?,54925701434236354544723068437696624750260532872940631503324597904085826895294,No,2026-08-01T00:00:15+00:00,0.87
0x6ae2e275987b23b5af12fe75b37acba3fb37823e3397f1718627ffb1c902e885,Seoul,Will the highest temperature in Seoul (Incheon) be 33°C on August 1?,54925701434236354544723068437696624750260532872940631503324597904085826895294,No,2026-08-01T01:00:10+00:00,0.825
0x6ae2e275987b23b5af12fe75b37acba3fb37823e3397f1718627ffb1c902e885,Seoul,Will the highest temperature in Seoul (Incheon) be 33°C on August 1?,54925701434236354544723068437696624750260532872940631503324597904085826895294,No,2026-08-01T02:00:09+00:00,0.805
0x6ae2e275987b23b5af12fe75b37acba3fb37823e3397f1718627ffb1c902e885,Seoul,Will the highest temperature in Seoul (Incheon) be 33°C on August 1?,54925701434236354544723068437696624750260532872940631503324597904085826895294,No,2026-08-01T03:00:12+00:00,0.72
0x6ae2e275987b23b5af12fe75b37acba3fb37823e3397f1718627ffb1c902e885,Seoul,Will the highest temperature in Seoul (Incheon) be 33°C on August 1?,54925701434236354544723068437696624750260532872940631503324597904085826895294,No,2026-08-01T03:49:11+00:00,0.79
0x28c2673470b401c40df1c4b6434a077ba95959fdf94178abefd7c7d9b5a9a88c,Seoul,Will the highest temperature in Seoul (Incheon) be 34°C on August 1?,106424811315411714302502324902619838626389066355380234655712299464870896724411,Yes,2026-08-01T00:00:12+00:00,0.0055
0x28c2673470b401c40df1c4b6434a077ba95959fdf94178abefd7c7d9b5a9a88c,Seoul,Will the highest temperature in Seoul (Incheon) be 34°C on August 1?,106424811315411714302502324902619838626389066355380234655712299464870896724411,Yes,2026-08-01T01:00:09+00:00,0.0455
0x28c2673470b401c40df1c4b6434a077ba95959fdf94178abefd7c7d9b5a9a88c,Seoul,Will the highest temperature in Seoul (Incheon) be 34°C on August 1?,106424811315411714302502324902619838626389066355380234655712299464870896724411,Yes,2026-08-01T02:00:08+00:00,0.058
0x28c2673470b401c40df1c4b6434a077ba95959fdf94178abefd7c7d9b5a9a88c,Seoul,Will the highest temperature in Seoul (Incheon) be 34°C on August 1?,106424811315411714302502324902619838626389066355380234655712299464870896724411,Yes,2026-08-01T03:00:09+00:00,0.023
0x28c2673470b401c40df1c4b6434a077ba95959fdf94178abefd7c7d9b5a9a88c,Seoul,Will the highest temperature in Seoul (Incheon) be 34°C on August 1?,106424811315411714302502324902619838626389066355380234655712299464870896724411,Yes,2026-08-01T03:49:09+00:00,0.0235
0x28c2673470b401c40df1c4b6434a077ba95959fdf94178abefd7c7d9b5a9a88c,Seoul,Will the highest temperature in Seoul (Incheon) be 34°C on August 1?,91286016663869440106579321441517791119758623399650093413182256285268638497895,No,2026-08-01T00:00:13+00:00,0.9945
0x28c2673470b401c40df1c4b6434a077ba95959fdf94178abefd7c7d9b5a9a88c,Seoul,Will the highest temperature in Seoul (Incheon) be 34°C on August 1?,91286016663869440106579321441517791119758623399650093413182256285268638497895,No,2026-08-01T01:00:09+00:00,0.9545
0x28c2673470b401c40df1c4b6434a077ba95959fdf94178abefd7c7d9b5a9a88c,Seoul,Will the highest temperature in Seoul (Incheon) be 34°C on August 1?,91286016663869440106579321441517791119758623399650093413182256285268638497895,No,2026-08-01T02:00:08+00:00,0.942
0x28c2673470b401c40df1c4b6434a077ba95959fdf94178abefd7c7d9b5a9a88c,Seoul,Will the highest temperature in Seoul (Incheon) be 34°C on August 1?,91286016663869440106579321441517791119758623399650093413182256285268638497895,No,2026-08-01T03:00:10+00:00,0.977
0x28c2673470b401c40df1c4b6434a077ba95959fdf94178abefd7c7d9b5a9a88c,Seoul,Will the highest temperature in Seoul (Incheon) be 34°C on August 1?,91286016663869440106579321441517791119758623399650093413182256285268638497895,No,2026-08-01T03:49:10+00:00,0.9765
0xc529fb69070947b2704fcb3e5baef47ac8a989a8908929372003ce23ea3aa37a,Seoul,Will the highest temperature in Seoul (Incheon) be 35°C or higher on August 1?,37678255753096523077195428428890663563927301273344278644355946679134032687671,Yes,2026-08-01T00:00:12+00:00,0.0025
0xc529fb69070947b2704fcb3e5baef47ac8a989a8908929372003ce23ea3aa37a,Seoul,Will the highest temperature in Seoul (Incheon) be 35°C or higher on August 1?,37678255753096523077195428428890663563927301273344278644355946679134032687671,Yes,2026-08-01T01:00:09+00:00,0.009
0xc529fb69070947b2704fcb3e5baef47ac8a989a8908929372003ce23ea3aa37a,Seoul,Will the highest temperature in Seoul (Incheon) be 35°C or higher on August 1?,37678255753096523077195428428890663563927301273344278644355946679134032687671,Yes,2026-08-01T02:00:08+00:00,0.0115
0xc529fb69070947b2704fcb3e5baef47ac8a989a8908929372003ce23ea3aa37a,Seoul,Will the highest temperature in Seoul (Incheon) be 35°C or higher on August 1?,37678255753096523077195428428890663563927301273344278644355946679134032687671,Yes,2026-08-01T03:00:09+00:00,0.0085
0xc529fb69070947b2704fcb3e5baef47ac8a989a8908929372003ce23ea3aa37a,Seoul,Will the highest temperature in Seoul (Incheon) be 35°C or higher on August 1?,37678255753096523077195428428890663563927301273344278644355946679134032687671,Yes,2026-08-01T03:49:09+00:00,0.0055
0xc529fb69070947b2704fcb3e5baef47ac8a989a8908929372003ce23ea3aa37a,Seoul,Will the highest temperature in Seoul (Incheon) be 35°C or higher on August 1?,79859422423492323098220565105554084495840007687068404845421799507243117731981,No,2026-08-01T00:00:12+00:00,0.9975
0xc529fb69070947b2704fcb3e5baef47ac8a989a8908929372003ce23ea3aa37a,Seoul,Will the highest temperature in Seoul (Incheon) be 35°C or higher on August 1?,79859422423492323098220565105554084495840007687068404845421799507243117731981,No,2026-08-01T01:00:09+00:00,0.991
0xc529fb69070947b2704fcb3e5baef47ac8a989a8908929372003ce23ea3aa37a,Seoul,Will the highest temperature in Seoul (Incheon) be 35°C or higher on August 1?,79859422423492323098220565105554084495840007687068404845421799507243117731981,No,2026-08-01T02:00:08+00:00,0.9885
0xc529fb69070947b2704fcb3e5baef47ac8a989a8908929372003ce23ea3aa37a,Seoul,Will the highest temperature in Seoul (Incheon) be 35°C or higher on August 1?,79859422423492323098220565105554084495840007687068404845421799507243117731981,No,2026-08-01T03:00:09+00:00,0.9915
0xc529fb69070947b2704fcb3e5baef47ac8a989a8908929372003ce23ea3aa37a,Seoul,Will the highest temperature in Seoul (Incheon) be 35°C or higher on August 1?,79859422423492323098220565105554084495840007687068404845421799507243117731981,No,2026-08-01T03:49:09+00:00,0.9945
0x0823987c3e682a59b0689691c5c49f6fb5097dd30bfebaddca8080506ff5f167,Seoul,Will the lowest temperature in Seoul (Incheon) be 22°C or below on August 1?,115522439040962885739395246092651457967987447921074837961888152943446673568768,Yes,2026-08-01T00:00:13+00:00,0.001
0x0823987c3e682a59b0689691c5c49f6fb5097dd30bfebaddca8080506ff5f167,Seoul,Will the lowest temperature in Seoul (Incheon) be 22°C or below on August 1?,115522439040962885739395246092651457967987447921074837961888152943446673568768,Yes,2026-08-01T01:00:09+00:00,0.001
0x0823987c3e682a59b0689691c5c49f6fb5097dd30bfebaddca8080506ff5f167,Seoul,Will the lowest temperature in Seoul (Incheon) be 22°C or below on August 1?,115522439040962885739395246092651457967987447921074837961888152943446673568768,Yes,2026-08-01T02:00:08+00:00,0.001
0x0823987c3e682a59b0689691c5c49f6fb5097dd30bfebaddca8080506ff5f167,Seoul,Will the lowest temperature in Seoul (Incheon) be 22°C or below on August 1?,115522439040962885739395246092651457967987447921074837961888152943446673568768,Yes,2026-08-01T03:00:10+00:00,0.001
0x0823987c3e682a59b0689691c5c49f6fb5097dd30bfebaddca8080506ff5f167,Seoul,Will the lowest temperature in Seoul (Incheon) be 22°C or below on August 1?,115522439040962885739395246092651457967987447921074837961888152943446673568768,Yes,2026-08-01T03:49:10+00:00,0.0005
0x0823987c3e682a59b0689691c5c49f6fb5097dd30bfebaddca8080506ff5f167,Seoul,Will the lowest temperature in Seoul (Incheon) be 22°C or below on August 1?,87552249633618477863707875185894348714050988462599562852072132010832126159829,No,2026-08-01T00:00:12+00:00,0.999
0x0823987c3e682a59b0689691c5c49f6fb5097dd30bfebaddca8080506ff5f167,Seoul,Will the lowest temperature in Seoul (Incheon) be 22°C or below on August 1?,87552249633618477863707875185894348714050988462599562852072132010832126159829,No,2026-08-01T01:00:08+00:00,0.999
0x0823987c3e682a59b0689691c5c49f6fb5097dd30bfebaddca8080506ff5f167,Seoul,Will the lowest temperature in Seoul (Incheon) be 22°C or below on August 1?,87552249633618477863707875185894348714050988462599562852072132010832126159829,No,2026-08-01T02:00:07+00:00,0.999
0x0823987c3e682a59b0689691c5c49f6fb5097dd30bfebaddca8080506ff5f167,Seoul,Will the lowest temperature in Seoul (Incheon) be 22°C or below on August 1?,87552249633618477863707875185894348714050988462599562852072132010832126159829,No,2026-08-01T03:00:08+00:00,0.999
0x0823987c3e682a59b0689691c5c49f6fb5097dd30bfebaddca8080506ff5f167,Seoul,Will the lowest temperature in Seoul (Incheon) be 22°C or below on August 1?,87552249633618477863707875185894348714050988462599562852072132010832126159829,No,2026-08-01T03:49:09+00:00,0.9995
0x4de546104719af95cfe6b25654dbf8b7bf7f9bc2c1acbed0c2322fffe87d2384,Seoul,Will the lowest temperature in Seoul (Incheon) be 23°C on August 1?,88532792779642173247160359430410427451612051190999663752140242554041439913550,Yes,2026-08-01T00:00:13+00:00,0.0005
0x4de546104719af95cfe6b25654dbf8b7bf7f9bc2c1acbed0c2322fffe87d2384,Seoul,Will the lowest temperature in Seoul (Incheon) be 23°C on August 1?,88532792779642173247160359430410427451612051190999663752140242554041439913550,Yes,2026-08-01T01:00:10+00:00,0.0005
0x4de546104719af95cfe6b25654dbf8b7bf7f9bc2c1acbed0c2322fffe87d2384,Seoul,Will the lowest temperature in Seoul (Incheon) be 23°C on August 1?,88532792779642173247160359430410427451612051190999663752140242554041439913550,Yes,2026-08-01T02:00:08+00:00,0.0005
0x4de546104719af95cfe6b25654dbf8b7bf7f9bc2c1acbed0c2322fffe87d2384,Seoul,Will the lowest temperature in Seoul (Incheon) be 23°C on August 1?,88532792779642173247160359430410427451612051190999663752140242554041439913550,Yes,2026-08-01T03:00:11+00:00,0.0005
0x4de546104719af95cfe6b25654dbf8b7bf7f9bc2c1acbed0c2322fffe87d2384,Seoul,Will the lowest temperature in Seoul (Incheon) be 23°C on August 1?,88532792779642173247160359430410427451612051190999663752140242554041439913550,Yes,2026-08-01T03:49:10+00:00,0.0005
0x4de546104719af95cfe6b25654dbf8b7bf7f9bc2c1acbed0c2322fffe87d2384,Seoul,Will the lowest temperature in Seoul (Incheon) be 23°C on August 1?,113031101527207574855272117507870678187937030225515689624088589501185277463705,No,2026-08-01T00:00:13+00:00,0.9995
0x4de546104719af95cfe6b25654dbf8b7bf7f9bc2c1acbed0c2322fffe87d2384,Seoul,Will the lowest temperature in Seoul (Incheon) be 23°C on August 1?,113031101527207574855272117507870678187937030225515689624088589501185277463705,No,2026-08-01T01:00:09+00:00,0.9995
0x4de546104719af95cfe6b25654dbf8b7bf7f9bc2c1acbed0c2322fffe87d2384,Seoul,Will the lowest temperature in Seoul (Incheon) be 23°C on August 1?,113031101527207574855272117507870678187937030225515689624088589501185277463705,No,2026-08-01T02:00:08+00:00,0.9995
0x4de546104719af95cfe6b25654dbf8b7bf7f9bc2c1acbed0c2322fffe87d2384,Seoul,Will the lowest temperature in Seoul (Incheon) be 23°C on August 1?,113031101527207574855272117507870678187937030225515689624088589501185277463705,No,2026-08-01T03:00:10+00:00,0.9995
0x4de546104719af95cfe6b25654dbf8b7bf7f9bc2c1acbed0c2322fffe87d2384,Seoul,Will the lowest temperature in Seoul (Incheon) be 23°C on August 1?,113031101527207574855272117507870678187937030225515689624088589501185277463705,No,2026-08-01T03:49:10+00:00,0.9995
0x06db4da938e5c0d234cfec1d8865eabeaed92aadecbb001ef03fa6d3d357ba7e,Seoul,Will the lowest temperature in Seoul (Incheon) be 24°C on August 1?,51050193329669517790992391641810861558990837568533590638759538100702321195012,Yes,2026-08-01T00:00:14+00:00,0.0015
0x06db4da938e5c0d234cfec1d8865eabeaed92aadecbb001ef03fa6d3d357ba7e,Seoul,Will the lowest temperature in Seoul (Incheon) be 24°C on August 1?,51050193329669517790992391641810861558990837568533590638759538100702321195012,Yes,2026-08-01T01:00:10+00:00,0.0015
0x06db4da938e5c0d234cfec1d8865eabeaed92aadecbb001ef03fa6d3d357ba7e,Seoul,Will the lowest temperature in Seoul (Incheon) be 24°C on August 1?,51050193329669517790992391641810861558990837568533590638759538100702321195012,Yes,2026-08-01T02:00:09+00:00,0.0015
0x06db4da938e5c0d234cfec1d8865eabeaed92aadecbb001ef03fa6d3d357ba7e,Seoul,Will the lowest temperature in Seoul (Incheon) be 24°C on August 1?,51050193329669517790992391641810861558990837568533590638759538100702321195012,Yes,2026-08-01T03:00:11+00:00,0.0015
0x06db4da938e5c0d234cfec1d8865eabeaed92aadecbb001ef03fa6d3d357ba7e,Seoul,Will the lowest temperature in Seoul (Incheon) be 24°C on August 1?,51050193329669517790992391641810861558990837568533590638759538100702321195012,Yes,2026-08-01T03:49:10+00:00,0.0015
0x06db4da938e5c0d234cfec1d8865eabeaed92aadecbb001ef03fa6d3d357ba7e,Seoul,Will the lowest temperature in Seoul (Incheon) be 24°C on August 1?,49948002326355732779454110442694490331965482400095519617165982554934148299946,No,2026-08-01T00:00:14+00:00,0.9985
0x06db4da938e5c0d234cfec1d8865eabeaed92aadecbb001ef03fa6d3d357ba7e,Seoul,Will the lowest temperature in Seoul (Incheon) be 24°C on August 1?,49948002326355732779454110442694490331965482400095519617165982554934148299946,No,2026-08-01T01:00:10+00:00,0.9985
0x06db4da938e5c0d234cfec1d8865eabeaed92aadecbb001ef03fa6d3d357ba7e,Seoul,Will the lowest temperature in Seoul (Incheon) be 24°C on August 1?,49948002326355732779454110442694490331965482400095519617165982554934148299946,No,2026-08-01T02:00:09+00:00,0.9985
0x06db4da938e5c0d234cfec1d8865eabeaed92aadecbb001ef03fa6d3d357ba7e,Seoul,Will the lowest temperature in Seoul (Incheon) be 24°C on August 1?,49948002326355732779454110442694490331965482400095519617165982554934148299946,No,2026-08-01T03:00:11+00:00,0.9985
0x06db4da938e5c0d234cfec1d8865eabeaed92aadecbb001ef03fa6d3d357ba7e,Seoul,Will the lowest temperature in Seoul (Incheon) be 24°C on August 1?,49948002326355732779454110442694490331965482400095519617165982554934148299946,No,2026-08-01T03:49:10+00:00,0.9985
0x35f7a442d8356a33bebc1396bc76b8edca028f899796bec43f09443f1a7c87da,Seoul,Will the lowest temperature in Seoul (Incheon) be 25°C on August 1?,35235895000458516965826137721191759320795944653432088079812736035497458566053,Yes,2026-08-01T00:00:14+00:00,0.055
0x35f7a442d8356a33bebc1396bc76b8edca028f899796bec43f09443f1a7c87da,Seoul,Will the lowest temperature in Seoul (Incheon) be 25°C on August 1?,35235895000458516965826137721191759320795944653432088079812736035497458566053,Yes,2026-08-01T01:00:10+00:00,0.025
0x35f7a442d8356a33bebc1396bc76b8edca028f899796bec43f09443f1a7c87da,Seoul,Will the lowest temperature in Seoul (Incheon) be 25°C on August 1?,35235895000458516965826137721191759320795944653432088079812736035497458566053,Yes,2026-08-01T02:00:09+00:00,0.01
0x35f7a442d8356a33bebc1396bc76b8edca028f899796bec43f09443f1a7c87da,Seoul,Will the lowest temperature in Seoul (Incheon) be 25°C on August 1?,35235895000458516965826137721191759320795944653432088079812736035497458566053,Yes,2026-08-01T03:00:11+00:00,0.035
0x35f7a442d8356a33bebc1396bc76b8edca028f899796bec43f09443f1a7c87da,Seoul,Will the lowest temperature in Seoul (Incheon) be 25°C on August 1?,35235895000458516965826137721191759320795944653432088079812736035497458566053,Yes,2026-08-01T03:49:10+00:00,0.05
0x35f7a442d8356a33bebc1396bc76b8edca028f899796bec43f09443f1a7c87da,Seoul,Will the lowest temperature in Seoul (Incheon) be 25°C on August 1?,68514957237065661930972658621748402294422702973836860162005450675879996807290,No,2026-08-01T00:00:14+00:00,0.945
0x35f7a442d8356a33bebc1396bc76b8edca028f899796bec43f09443f1a7c87da,Seoul,Will the lowest temperature in Seoul (Incheon) be 25°C on August 1?,68514957237065661930972658621748402294422702973836860162005450675879996807290,No,2026-08-01T01:00:10+00:00,0.975
0x35f7a442d8356a33bebc1396bc76b8edca028f899796bec43f09443f1a7c87da,Seoul,Will the lowest temperature in Seoul (Incheon) be 25°C on August 1?,68514957237065661930972658621748402294422702973836860162005450675879996807290,No,2026-08-01T02:00:09+00:00,0.99
0x35f7a442d8356a33bebc1396bc76b8edca028f899796bec43f09443f1a7c87da,Seoul,Will the lowest temperature in Seoul (Incheon) be 25°C on August 1?,68514957237065661930972658621748402294422702973836860162005450675879996807290,No,2026-08-01T03:00:11+00:00,0.965
0x35f7a442d8356a33bebc1396bc76b8edca028f899796bec43f09443f1a7c87da,Seoul,Will the lowest temperature in Seoul (Incheon) be 25°C on August 1?,68514957237065661930972658621748402294422702973836860162005450675879996807290,No,2026-08-01T03:49:10+00:00,0.95
0x8928aadc76c7187452de9f96a1ff5d38c6974831be26ccdd4d28e220dcacc3ae,Seoul,Will the lowest temperature in Seoul (Incheon) be 26°C on August 1?,97323326723576609720748442661486746228840533830034866894756505274267081213403,Yes,2026-08-01T00:00:13+00:00,0.95
0x8928aadc76c7187452de9f96a1ff5d38c6974831be26ccdd4d28e220dcacc3ae,Seoul,Will the lowest temperature in Seoul (Incheon) be 26°C on August 1?,97323326723576609720748442661486746228840533830034866894756505274267081213403,Yes,2026-08-01T01:00:09+00:00,0.975
0x8928aadc76c7187452de9f96a1ff5d38c6974831be26ccdd4d28e220dcacc3ae,Seoul,Will the lowest temperature in Seoul (Incheon) be 26°C on August 1?,97323326723576609720748442661486746228840533830034866894756505274267081213403,Yes,2026-08-01T02:00:08+00:00,0.99
0x8928aadc76c7187452de9f96a1ff5d38c6974831be26ccdd4d28e220dcacc3ae,Seoul,Will the lowest temperature in Seoul (Incheon) be 26°C on August 1?,97323326723576609720748442661486746228840533830034866894756505274267081213403,Yes,2026-08-01T03:00:10+00:00,0.99
0x8928aadc76c7187452de9f96a1ff5d38c6974831be26ccdd4d28e220dcacc3ae,Seoul,Will the lowest temperature in Seoul (Incheon) be 26°C on August 1?,97323326723576609720748442661486746228840533830034866894756505274267081213403,Yes,2026-08-01T03:49:10+00:00,0.975
0x8928aadc76c7187452de9f96a1ff5d38c6974831be26ccdd4d28e220dcacc3ae,Seoul,Will the lowest temperature in Seoul (Incheon) be 26°C on August 1?,1851413710827862409894812327004843553621645653312126535704664927554417764527,No,2026-08-01T00:00:13+00:00,0.05
0x8928aadc76c7187452de9f96a1ff5d38c6974831be26ccdd4d28e220dcacc3ae,Seoul,Will the lowest temperature in Seoul (Incheon) be 26°C on August 1?,1851413710827862409894812327004843553621645653312126535704664927554417764527,No,2026-08-01T01:00:09+00:00,0.025
0x8928aadc76c7187452de9f96a1ff5d38c6974831be26ccdd4d28e220dcacc3ae,Seoul,Will the lowest temperature in Seoul (Incheon) be 26°C on August 1?,1851413710827862409894812327004843553621645653312126535704664927554417764527,No,2026-08-01T02:00:08+00:00,0.01
0x8928aadc76c7187452de9f96a1ff5d38c6974831be26ccdd4d28e220dcacc3ae,Seoul,Will the lowest temperature in Seoul (Incheon) be 26°C on August 1?,1851413710827862409894812327004843553621645653312126535704664927554417764527,No,2026-08-01T03:00:10+00:00,0.01
0x8928aadc76c7187452de9f96a1ff5d38c6974831be26ccdd4d28e220dcacc3ae,Seoul,Will the lowest temperature in Seoul (Incheon) be 26°C on August 1?,1851413710827862409894812327004843553621645653312126535704664927554417764527,No,2026-08-01T03:49:10+00:00,0.025
0xb080a8ad211f8f410d2897235f0ffa9e623bc245e0666f57a04ccc0fa4f54a74,Seoul,Will the lowest temperature in Seoul (Incheon) be 27°C on August 1?,40265105346755331271273644297518986113028452852936180392172640994908265512353,Yes,2026-08-01T00:00:13+00:00,0.001
0xb080a8ad211f8f410d2897235f0ffa9e623bc245e0666f57a04ccc0fa4f54a74,Seoul,Will the lowest temperature in Seoul (Incheon) be 27°C on August 1?,40265105346755331271273644297518986113028452852936180392172640994908265512353,Yes,2026-08-01T01:00:10+00:00,0.0035
0xb080a8ad211f8f410d2897235f0ffa9e623bc245e0666f57a04ccc0fa4f54a74,Seoul,Will the lowest temperature in Seoul (Incheon) be 27°C on August 1?,40265105346755331271273644297518986113028452852936180392172640994908265512353,Yes,2026-08-01T02:00:08+00:00,0.0035
0xb080a8ad211f8f410d2897235f0ffa9e623bc245e0666f57a04ccc0fa4f54a74,Seoul,Will the lowest temperature in Seoul (Incheon) be 27°C on August 1?,40265105346755331271273644297518986113028452852936180392172640994908265512353,Yes,2026-08-01T03:00:10+00:00,0.0035
0xb080a8ad211f8f410d2897235f0ffa9e623bc245e0666f57a04ccc0fa4f54a74,Seoul,Will the lowest temperature in Seoul (Incheon) be 27°C on August 1?,40265105346755331271273644297518986113028452852936180392172640994908265512353,Yes,2026-08-01T03:49:10+00:00,0.0005
0xb080a8ad211f8f410d2897235f0ffa9e623bc245e0666f57a04ccc0fa4f54a74,Seoul,Will the lowest temperature in Seoul (Incheon) be 27°C on August 1?,74499595780167200827431137324118895000538842337147595074093109494097665880796,No,2026-08-01T00:00:12+00:00,0.999
0xb080a8ad211f8f410d2897235f0ffa9e623bc245e0666f57a04ccc0fa4f54a74,Seoul,Will the lowest temperature in Seoul (Incheon) be 27°C on August 1?,74499595780167200827431137324118895000538842337147595074093109494097665880796,No,2026-08-01T01:00:09+00:00,0.9965
0xb080a8ad211f8f410d2897235f0ffa9e623bc245e0666f57a04ccc0fa4f54a74,Seoul,Will the lowest temperature in Seoul (Incheon) be 27°C on August 1?,74499595780167200827431137324118895000538842337147595074093109494097665880796,No,2026-08-01T02:00:07+00:00,0.9965
0xb080a8ad211f8f410d2897235f0ffa9e623bc245e0666f57a04ccc0fa4f54a74,Seoul,Will the lowest temperature in Seoul (Incheon) be 27°C on August 1?,74499595780167200827431137324118895000538842337147595074093109494097665880796,No,2026-08-01T03:00:09+00:00,0.9965
0xb080a8ad211f8f410d2897235f0ffa9e623bc245e0666f57a04ccc0fa4f54a74,Seoul,Will the lowest temperature in Seoul (Incheon) be 27°C on August 1?,74499595780167200827431137324118895000538842337147595074093109494097665880796,No,2026-08-01T03:49:09+00:00,0.9995
0x348a59aa6b3bae696d466839a2e7b641e64bd6a303da6ec9cda5882594570b8c,Seoul,Will the lowest temperature in Seoul (Incheon) be 28°C on August 1?,77634721969246490024485222801085128535433035557780869373649638440960182924580,Yes,2026-08-01T00:00:12+00:00,0.001
0x348a59aa6b3bae696d466839a2e7b641e64bd6a303da6ec9cda5882594570b8c,Seoul,Will the lowest temperature in Seoul (Incheon) be 28°C on August 1?,77634721969246490024485222801085128535433035557780869373649638440960182924580,Yes,2026-08-01T01:00:09+00:00,0.001
0x348a59aa6b3bae696d466839a2e7b641e64bd6a303da6ec9cda5882594570b8c,Seoul,Will the lowest temperature in Seoul (Incheon) be 28°C on August 1?,77634721969246490024485222801085128535433035557780869373649638440960182924580,Yes,2026-08-01T02:00:07+00:00,0.001
0x348a59aa6b3bae696d466839a2e7b641e64bd6a303da6ec9cda5882594570b8c,Seoul,Will the lowest temperature in Seoul (Incheon) be 28°C on August 1?,77634721969246490024485222801085128535433035557780869373649638440960182924580,Yes,2026-08-01T03:00:09+00:00,0.001
0x348a59aa6b3bae696d466839a2e7b641e64bd6a303da6ec9cda5882594570b8c,Seoul,Will the lowest temperature in Seoul (Incheon) be 28°C on August 1?,77634721969246490024485222801085128535433035557780869373649638440960182924580,Yes,2026-08-01T03:49:09+00:00,0.0005
0x348a59aa6b3bae696d466839a2e7b641e64bd6a303da6ec9cda5882594570b8c,Seoul,Will the lowest temperature in Seoul (Incheon) be 28°C on August 1?,113775806978425023418247280979409498933060406110995404752600053832664374503703,No,2026-08-01T00:00:13+00:00,0.999
0x348a59aa6b3bae696d466839a2e7b641e64bd6a303da6ec9cda5882594570b8c,Seoul,Will the lowest temperature in Seoul (Incheon) be 28°C on August 1?,113775806978425023418247280979409498933060406110995404752600053832664374503703,No,2026-08-01T01:00:09+00:00,0.999
0x348a59aa6b3bae696d466839a2e7b641e64bd6a303da6ec9cda5882594570b8c,Seoul,Will the lowest temperature in Seoul (Incheon) be 28°C on August 1?,113775806978425023418247280979409498933060406110995404752600053832664374503703,No,2026-08-01T02:00:08+00:00,0.999
0x348a59aa6b3bae696d466839a2e7b641e64bd6a303da6ec9cda5882594570b8c,Seoul,Will the lowest temperature in Seoul (Incheon) be 28°C on August 1?,113775806978425023418247280979409498933060406110995404752600053832664374503703,No,2026-08-01T03:00:10+00:00,0.999
0x348a59aa6b3bae696d466839a2e7b641e64bd6a303da6ec9cda5882594570b8c,Seoul,Will the lowest temperature in Seoul (Incheon) be 28°C on August 1?,113775806978425023418247280979409498933060406110995404752600053832664374503703,No,2026-08-01T03:49:10+00:00,0.9995
0xf1285344a09844fae972f315d75a6ac9a9eee56986261ff1043697af1c93b680,Seoul,Will the lowest temperature in Seoul (Incheon) be 29°C on August 1?,93872973583861486619415690971445894360050096430642639099514474602007100203473,Yes,2026-08-01T00:00:13+00:00,0.0005
0xf1285344a09844fae972f315d75a6ac9a9eee56986261ff1043697af1c93b680,Seoul,Will the lowest temperature in Seoul (Incheon) be 29°C on August 1?,93872973583861486619415690971445894360050096430642639099514474602007100203473,Yes,2026-08-01T01:00:09+00:00,0.0005
0xf1285344a09844fae972f315d75a6ac9a9eee56986261ff1043697af1c93b680,Seoul,Will the lowest temperature in Seoul (Incheon) be 29°C on August 1?,93872973583861486619415690971445894360050096430642639099514474602007100203473,Yes,2026-08-01T02:00:08+00:00,0.0005
0xf1285344a09844fae972f315d75a6ac9a9eee56986261ff1043697af1c93b680,Seoul,Will the lowest temperature in Seoul (Incheon) be 29°C on August 1?,93872973583861486619415690971445894360050096430642639099514474602007100203473,Yes,2026-08-01T03:00:10+00:00,0.0005
0xf1285344a09844fae972f315d75a6ac9a9eee56986261ff1043697af1c93b680,Seoul,Will the lowest temperature in Seoul (Incheon) be 29°C on August 1?,93872973583861486619415690971445894360050096430642639099514474602007100203473,Yes,2026-08-01T03:49:10+00:00,0.0005
0xf1285344a09844fae972f315d75a6ac9a9eee56986261ff1043697af1c93b680,Seoul,Will the lowest temperature in Seoul (Incheon) be 29°C on August 1?,59080374115249938551948943063968712429947898676952476639746229585854554331945,No,2026-08-01T00:00:12+00:00,0.9995
0xf1285344a09844fae972f315d75a6ac9a9eee56986261ff1043697af1c93b680,Seoul,Will the lowest temperature in Seoul (Incheon) be 29°C on August 1?,59080374115249938551948943063968712429947898676952476639746229585854554331945,No,2026-08-01T01:00:09+00:00,0.9995
0xf1285344a09844fae972f315d75a6ac9a9eee56986261ff1043697af1c93b680,Seoul,Will the lowest temperature in Seoul (Incheon) be 29°C on August 1?,59080374115249938551948943063968712429947898676952476639746229585854554331945,No,2026-08-01T02:00:08+00:00,0.9995
0xf1285344a09844fae972f315d75a6ac9a9eee56986261ff1043697af1c93b680,Seoul,Will the lowest temperature in Seoul (Incheon) be 29°C on August 1?,59080374115249938551948943063968712429947898676952476639746229585854554331945,No,2026-08-01T03:00:09+00:00,0.9995
0xf1285344a09844fae972f315d75a6ac9a9eee56986261ff1043697af1c93b680,Seoul,Will the lowest temperature in Seoul (Incheon) be 29°C on August 1?,59080374115249938551948943063968712429947898676952476639746229585854554331945,No,2026-08-01T03:49:09+00:00,0.9995
0xb1b382f92f657b0cfee524d74de6797b5a3af5cac4e8dc1872e35ae528b5af01,Seoul,Will the lowest temperature in Seoul (Incheon) be 30°C on August 1?,32203698952635040383130029186187654391197221132014889480954886774683053876266,Yes,2026-08-01T00:00:12+00:00,0.0005
0xb1b382f92f657b0cfee524d74de6797b5a3af5cac4e8dc1872e35ae528b5af01,Seoul,Will the lowest temperature in Seoul (Incheon) be 30°C on August 1?,32203698952635040383130029186187654391197221132014889480954886774683053876266,Yes,2026-08-01T01:00:09+00:00,0.0005
0xb1b382f92f657b0cfee524d74de6797b5a3af5cac4e8dc1872e35ae528b5af01,Seoul,Will the lowest temperature in Seoul (Incheon) be 30°C on August 1?,32203698952635040383130029186187654391197221132014889480954886774683053876266,Yes,2026-08-01T02:00:07+00:00,0.0005
0xb1b382f92f657b0cfee524d74de6797b5a3af5cac4e8dc1872e35ae528b5af01,Seoul,Will the lowest temperature in Seoul (Incheon) be 30°C on August 1?,32203698952635040383130029186187654391197221132014889480954886774683053876266,Yes,2026-08-01T03:00:09+00:00,0.0005
0xb1b382f92f657b0cfee524d74de6797b5a3af5cac4e8dc1872e35ae528b5af01,Seoul,Will the lowest temperature in Seoul (Incheon) be 30°C on August 1?,32203698952635040383130029186187654391197221132014889480954886774683053876266,Yes,2026-08-01T03:49:09+00:00,0.0005
0xb1b382f92f657b0cfee524d74de6797b5a3af5cac4e8dc1872e35ae528b5af01,Seoul,Will the lowest temperature in Seoul (Incheon) be 30°C on August 1?,110361970022019961347046895118467290402309853033303405900843774321280217780824,No,2026-08-01T00:00:14+00:00,0.9995
0xb1b382f92f657b0cfee524d74de6797b5a3af5cac4e8dc1872e35ae528b5af01,Seoul,Will the lowest temperature in Seoul (Incheon) be 30°C on August 1?,110361970022019961347046895118467290402309853033303405900843774321280217780824,No,2026-08-01T01:00:10+00:00,0.9995
0xb1b382f92f657b0cfee524d74de6797b5a3af5cac4e8dc1872e35ae528b5af01,Seoul,Will the lowest temperature in Seoul (Incheon) be 30°C on August 1?,110361970022019961347046895118467290402309853033303405900843774321280217780824,No,2026-08-01T02:00:09+00:00,0.9995
0xb1b382f92f657b0cfee524d74de6797b5a3af5cac4e8dc1872e35ae528b5af01,Seoul,Will the lowest temperature in Seoul (Incheon) be 30°C on August 1?,110361970022019961347046895118467290402309853033303405900843774321280217780824,No,2026-08-01T03:00:11+00:00,0.9995
0xb1b382f92f657b0cfee524d74de6797b5a3af5cac4e8dc1872e35ae528b5af01,Seoul,Will the lowest temperature in Seoul (Incheon) be 30°C on August 1?,110361970022019961347046895118467290402309853033303405900843774321280217780824,No,2026-08-01T03:49:10+00:00,0.9995
0x6beee29aa99c8e81bed93d861adc76af80b506c0cbd589b759b63c6d2ebd05f7,Seoul,Will the lowest temperature in Seoul (Incheon) be 31°C on August 1?,69944737276738460714809354496276602902559850144983055356130261738212183146854,Yes,2026-08-01T00:00:12+00:00,0.0005
0x6beee29aa99c8e81bed93d861adc76af80b506c0cbd589b759b63c6d2ebd05f7,Seoul,Will the lowest temperature in Seoul (Incheon) be 31°C on August 1?,69944737276738460714809354496276602902559850144983055356130261738212183146854,Yes,2026-08-01T01:00:09+00:00,0.0005
0x6beee29aa99c8e81bed93d861adc76af80b506c0cbd589b759b63c6d2ebd05f7,Seoul,Will the lowest temperature in Seoul (Incheon) be 31°C on August 1?,69944737276738460714809354496276602902559850144983055356130261738212183146854,Yes,2026-08-01T02:00:08+00:00,0.0005
0x6beee29aa99c8e81bed93d861adc76af80b506c0cbd589b759b63c6d2ebd05f7,Seoul,Will the lowest temperature in Seoul (Incheon) be 31°C on August 1?,69944737276738460714809354496276602902559850144983055356130261738212183146854,Yes,2026-08-01T03:00:09+00:00,0.0005
0x6beee29aa99c8e81bed93d861adc76af80b506c0cbd589b759b63c6d2ebd05f7,Seoul,Will the lowest temperature in Seoul (Incheon) be 31°C on August 1?,69944737276738460714809354496276602902559850144983055356130261738212183146854,Yes,2026-08-01T03:49:09+00:00,0.0005
0x6beee29aa99c8e81bed93d861adc76af80b506c0cbd589b759b63c6d2ebd05f7,Seoul,Will the lowest temperature in Seoul (Incheon) be 31°C on August 1?,107502626787628720120653297918271312257326254623031611806117721005085655880757,No,2026-08-01T00:00:15+00:00,0.9995
0x6beee29aa99c8e81bed93d861adc76af80b506c0cbd589b759b63c6d2ebd05f7,Seoul,Will the lowest temperature in Seoul (Incheon) be 31°C on August 1?,107502626787628720120653297918271312257326254623031611806117721005085655880757,No,2026-08-01T01:00:10+00:00,0.9995
0x6beee29aa99c8e81bed93d861adc76af80b506c0cbd589b759b63c6d2ebd05f7,Seoul,Will the lowest temperature in Seoul (Incheon) be 31°C on August 1?,107502626787628720120653297918271312257326254623031611806117721005085655880757,No,2026-08-01T02:00:09+00:00,0.9995
0x6beee29aa99c8e81bed93d861adc76af80b506c0cbd589b759b63c6d2ebd05f7,Seoul,Will the lowest temperature in Seoul (Incheon) be 31°C on August 1?,107502626787628720120653297918271312257326254623031611806117721005085655880757,No,2026-08-01T03:00:12+00:00,0.9995
0x6beee29aa99c8e81bed93d861adc76af80b506c0cbd589b759b63c6d2ebd05f7,Seoul,Will the lowest temperature in Seoul (Incheon) be 31°C on August 1?,107502626787628720120653297918271312257326254623031611806117721005085655880757,No,2026-08-01T03:49:11+00:00,0.9995
0xd44d81bcb66538d7d0e613549983a4da6a05161f7d6c0925b39ef41c443c2948,Seoul,Will the lowest temperature in Seoul (Incheon) be 32°C or higher on August 1?,5212430577027452582187714210181130256539114942008666985602980227241497605856,Yes,2026-08-01T00:00:12+00:00,0.0005
0xd44d81bcb66538d7d0e613549983a4da6a05161f7d6c0925b39ef41c443c2948,Seoul,Will the lowest temperature in Seoul (Incheon) be 32°C or higher on August 1?,5212430577027452582187714210181130256539114942008666985602980227241497605856,Yes,2026-08-01T01:00:08+00:00,0.0005
0xd44d81bcb66538d7d0e613549983a4da6a05161f7d6c0925b39ef41c443c2948,Seoul,Will the lowest temperature in Seoul (Incheon) be 32°C or higher on August 1?,5212430577027452582187714210181130256539114942008666985602980227241497605856,Yes,2026-08-01T02:00:07+00:00,0.0005
0xd44d81bcb66538d7d0e613549983a4da6a05161f7d6c0925b39ef41c443c2948,Seoul,Will the lowest temperature in Seoul (Incheon) be 32°C or higher on August 1?,5212430577027452582187714210181130256539114942008666985602980227241497605856,Yes,2026-08-01T03:00:08+00:00,0.0005
0xd44d81bcb66538d7d0e613549983a4da6a05161f7d6c0925b39ef41c443c2948,Seoul,Will the lowest temperature in Seoul (Incheon) be 32°C or higher on August 1?,5212430577027452582187714210181130256539114942008666985602980227241497605856,Yes,2026-08-01T03:49:09+00:00,0.0005
0xd44d81bcb66538d7d0e613549983a4da6a05161f7d6c0925b39ef41c443c2948,Seoul,Will the lowest temperature in Seoul (Incheon) be 32°C or higher on August 1?,86507058172429976455065385856599288647791994965319423546288345627601150691672,No,2026-08-01T00:00:12+00:00,0.9995
0xd44d81bcb66538d7d0e613549983a4da6a05161f7d6c0925b39ef41c443c2948,Seoul,Will the lowest temperature in Seoul (Incheon) be 32°C or higher on August 1?,86507058172429976455065385856599288647791994965319423546288345627601150691672,No,2026-08-01T01:00:09+00:00,0.9995
0xd44d81bcb66538d7d0e613549983a4da6a05161f7d6c0925b39ef41c443c2948,Seoul,Will the lowest temperature in Seoul (Incheon) be 32°C or higher on August 1?,86507058172429976455065385856599288647791994965319423546288345627601150691672,No,2026-08-01T02:00:07+00:00,0.9995
0xd44d81bcb66538d7d0e613549983a4da6a05161f7d6c0925b39ef41c443c2948,Seoul,Will the lowest temperature in Seoul (Incheon) be 32°C or higher on August 1?,86507058172429976455065385856599288647791994965319423546288345627601150691672,No,2026-08-01T03:00:09+00:00,0.9995
0xd44d81bcb66538d7d0e613549983a4da6a05161f7d6c0925b39ef41c443c2948,Seoul,Will the lowest temperature in Seoul (Incheon) be 32°C or higher on August 1?,86507058172429976455065385856599288647791994965319423546288345627601150691672,No,2026-08-01T03:49:09+00:00,0.9995
0x8f4406d40b378090cdd8a9970139902e9bdbb61551d8ce0c23f17c3ce2dad43d,Seoul,Will the highest temperature in Seoul (Incheon) be 25°C or below on August 2?,66591222604066173930886596094423873354352691380395447631434150156295673886229,Yes,2026-08-01T00:00:10+00:00,0.003
0x8f4406d40b378090cdd8a9970139902e9bdbb61551d8ce0c23f17c3ce2dad43d,Seoul,Will the highest temperature in Seoul (Incheon) be 25°C or below on August 2?,66591222604066173930886596094423873354352691380395447631434150156295673886229,Yes,2026-08-01T01:00:08+00:00,0.003
0x8f4406d40b378090cdd8a9970139902e9bdbb61551d8ce0c23f17c3ce2dad43d,Seoul,Will the highest temperature in Seoul (Incheon) be 25°C or below on August 2?,66591222604066173930886596094423873354352691380395447631434150156295673886229,Yes,2026-08-01T02:00:07+00:00,0.003
0x8f4406d40b378090cdd8a9970139902e9bdbb61551d8ce0c23f17c3ce2dad43d,Seoul,Will the highest temperature in Seoul (Incheon) be 25°C or below on August 2?,66591222604066173930886596094423873354352691380395447631434150156295673886229,Yes,2026-08-01T03:00:08+00:00,0.003
0x8f4406d40b378090cdd8a9970139902e9bdbb61551d8ce0c23f17c3ce2dad43d,Seoul,Will the highest temperature in Seoul (Incheon) be 25°C or below on August 2?,66591222604066173930886596094423873354352691380395447631434150156295673886229,Yes,2026-08-01T03:49:09+00:00,0.003
0x8f4406d40b378090cdd8a9970139902e9bdbb61551d8ce0c23f17c3ce2dad43d,Seoul,Will the highest temperature in Seoul (Incheon) be 25°C or below on August 2?,93405891591771185256775226005347019850765450472511385041529194842194427845773,No,2026-08-01T00:00:13+00:00,0.997
0x8f4406d40b378090cdd8a9970139902e9bdbb61551d8ce0c23f17c3ce2dad43d,Seoul,Will the highest temperature in Seoul (Incheon) be 25°C or below on August 2?,93405891591771185256775226005347019850765450472511385041529194842194427845773,No,2026-08-01T01:00:09+00:00,0.997
0x8f4406d40b378090cdd8a9970139902e9bdbb61551d8ce0c23f17c3ce2dad43d,Seoul,Will the highest temperature in Seoul (Incheon) be 25°C or below on August 2?,93405891591771185256775226005347019850765450472511385041529194842194427845773,No,2026-08-01T02:00:08+00:00,0.997
0x8f4406d40b378090cdd8a9970139902e9bdbb61551d8ce0c23f17c3ce2dad43d,Seoul,Will the highest temperature in Seoul (Incheon) be 25°C or below on August 2?,93405891591771185256775226005347019850765450472511385041529194842194427845773,No,2026-08-01T03:00:10+00:00,0.997
0x8f4406d40b378090cdd8a9970139902e9bdbb61551d8ce0c23f17c3ce2dad43d,Seoul,Will the highest temperature in Seoul (Incheon) be 25°C or below on August 2?,93405891591771185256775226005347019850765450472511385041529194842194427845773,No,2026-08-01T03:49:10+00:00,0.997
0xcae18aa5d40e7b3403b29a51220f6b17d6e1322ffc9956fe858e2b53e130635f,Seoul,Will the highest temperature in Seoul (Incheon) be 26°C on August 2?,81481110514278542626930507844811703448404965274860694710496995680553432251247,Yes,2026-08-01T00:00:10+00:00,0.0025
0xcae18aa5d40e7b3403b29a51220f6b17d6e1322ffc9956fe858e2b53e130635f,Seoul,Will the highest temperature in Seoul (Incheon) be 26°C on August 2?,81481110514278542626930507844811703448404965274860694710496995680553432251247,Yes,2026-08-01T01:00:08+00:00,0.0015
0xcae18aa5d40e7b3403b29a51220f6b17d6e1322ffc9956fe858e2b53e130635f,Seoul,Will the highest temperature in Seoul (Incheon) be 26°C on August 2?,81481110514278542626930507844811703448404965274860694710496995680553432251247,Yes,2026-08-01T02:00:07+00:00,0.0015
0xcae18aa5d40e7b3403b29a51220f6b17d6e1322ffc9956fe858e2b53e130635f,Seoul,Will the highest temperature in Seoul (Incheon) be 26°C on August 2?,81481110514278542626930507844811703448404965274860694710496995680553432251247,Yes,2026-08-01T03:00:08+00:00,0.001
0xcae18aa5d40e7b3403b29a51220f6b17d6e1322ffc9956fe858e2b53e130635f,Seoul,Will the highest temperature in Seoul (Incheon) be 26°C on August 2?,81481110514278542626930507844811703448404965274860694710496995680553432251247,Yes,2026-08-01T03:49:09+00:00,0.001
0xcae18aa5d40e7b3403b29a51220f6b17d6e1322ffc9956fe858e2b53e130635f,Seoul,Will the highest temperature in Seoul (Incheon) be 26°C on August 2?,77288735134001822348300792724220724146081130234033681707214130486481563994507,No,2026-08-01T00:00:14+00:00,0.9975
0xcae18aa5d40e7b3403b29a51220f6b17d6e1322ffc9956fe858e2b53e130635f,Seoul,Will the highest temperature in Seoul (Incheon) be 26°C on August 2?,77288735134001822348300792724220724146081130234033681707214130486481563994507,No,2026-08-01T01:00:10+00:00,0.9985
0xcae18aa5d40e7b3403b29a51220f6b17d6e1322ffc9956fe858e2b53e130635f,Seoul,Will the highest temperature in Seoul (Incheon) be 26°C on August 2?,77288735134001822348300792724220724146081130234033681707214130486481563994507,No,2026-08-01T02:00:09+00:00,0.9985
0xcae18aa5d40e7b3403b29a51220f6b17d6e1322ffc9956fe858e2b53e130635f,Seoul,Will the highest temperature in Seoul (Incheon) be 26°C on August 2?,77288735134001822348300792724220724146081130234033681707214130486481563994507,No,2026-08-01T03:00:11+00:00,0.999
0xcae18aa5d40e7b3403b29a51220f6b17d6e1322ffc9956fe858e2b53e130635f,Seoul,Will the highest temperature in Seoul (Incheon) be 26°C on August 2?,77288735134001822348300792724220724146081130234033681707214130486481563994507,No,2026-08-01T03:49:10+00:00,0.999
0xbcdb3b84d1bcdb26bd926edcbc0a97843473895ab32b0f93026e8c5b5440edcc,Seoul,Will the highest temperature in Seoul (Incheon) be 27°C on August 2?,52071578477397742358270108169412729454608105443989825083153315204367919533539,Yes,2026-08-01T00:00:14+00:00,0.002
0xbcdb3b84d1bcdb26bd926edcbc0a97843473895ab32b0f93026e8c5b5440edcc,Seoul,Will the highest temperature in Seoul (Incheon) be 27°C on August 2?,52071578477397742358270108169412729454608105443989825083153315204367919533539,Yes,2026-08-01T01:00:10+00:00,0.002
0xbcdb3b84d1bcdb26bd926edcbc0a97843473895ab32b0f93026e8c5b5440edcc,Seoul,Will the highest temperature in Seoul (Incheon) be 27°C on August 2?,52071578477397742358270108169412729454608105443989825083153315204367919533539,Yes,2026-08-01T02:00:09+00:00,0.002
0xbcdb3b84d1bcdb26bd926edcbc0a97843473895ab32b0f93026e8c5b5440edcc,Seoul,Will the highest temperature in Seoul (Incheon) be 27°C on August 2?,52071578477397742358270108169412729454608105443989825083153315204367919533539,Yes,2026-08-01T03:00:11+00:00,0.0015
0xbcdb3b84d1bcdb26bd926edcbc0a97843473895ab32b0f93026e8c5b5440edcc,Seoul,Will the highest temperature in Seoul (Incheon) be 27°C on August 2?,52071578477397742358270108169412729454608105443989825083153315204367919533539,Yes,2026-08-01T03:49:10+00:00,0.0015
0xbcdb3b84d1bcdb26bd926edcbc0a97843473895ab32b0f93026e8c5b5440edcc,Seoul,Will the highest temperature in Seoul (Incheon) be 27°C on August 2?,83591289135596541564475690443763462449720930757118372521971893083114166498987,No,2026-08-01T00:00:14+00:00,0.998
0xbcdb3b84d1bcdb26bd926edcbc0a97843473895ab32b0f93026e8c5b5440edcc,Seoul,Will the highest temperature in Seoul (Incheon) be 27°C on August 2?,83591289135596541564475690443763462449720930757118372521971893083114166498987,No,2026-08-01T01:00:10+00:00,0.998
0xbcdb3b84d1bcdb26bd926edcbc0a97843473895ab32b0f93026e8c5b5440edcc,Seoul,Will the highest temperature in Seoul (Incheon) be 27°C on August 2?,83591289135596541564475690443763462449720930757118372521971893083114166498987,No,2026-08-01T02:00:09+00:00,0.998
0xbcdb3b84d1bcdb26bd926edcbc0a97843473895ab32b0f93026e8c5b5440edcc,Seoul,Will the highest temperature in Seoul (Incheon) be 27°C on August 2?,83591289135596541564475690443763462449720930757118372521971893083114166498987,No,2026-08-01T03:00:11+00:00,0.9985
0xbcdb3b84d1bcdb26bd926edcbc0a97843473895ab32b0f93026e8c5b5440edcc,Seoul,Will the highest temperature in Seoul (Incheon) be 27°C on August 2?,83591289135596541564475690443763462449720930757118372521971893083114166498987,No,2026-08-01T03:49:10+00:00,0.9985
0x53c5e8c9174d92d924c2491d0d7948a3b55be3b6dc8873c3028dbe67ca94e0b5,Seoul,Will the highest temperature in Seoul (Incheon) be 28°C on August 2?,43044295978222182011879510432422381823165143999313027721743140069122703134751,Yes,2026-08-01T00:00:14+00:00,0.0065
0x53c5e8c9174d92d924c2491d0d7948a3b55be3b6dc8873c3028dbe67ca94e0b5,Seoul,Will the highest temperature in Seoul (Incheon) be 28°C on August 2?,43044295978222182011879510432422381823165143999313027721743140069122703134751,Yes,2026-08-01T01:00:10+00:00,0.0055
0x53c5e8c9174d92d924c2491d0d7948a3b55be3b6dc8873c3028dbe67ca94e0b5,Seoul,Will the highest temperature in Seoul (Incheon) be 28°C on August 2?,43044295978222182011879510432422381823165143999313027721743140069122703134751,Yes,2026-08-01T02:00:09+00:00,0.0055
0x53c5e8c9174d92d924c2491d0d7948a3b55be3b6dc8873c3028dbe67ca94e0b5,Seoul,Will the highest temperature in Seoul (Incheon) be 28°C on August 2?,43044295978222182011879510432422381823165143999313027721743140069122703134751,Yes,2026-08-01T03:00:11+00:00,0.0065
0x53c5e8c9174d92d924c2491d0d7948a3b55be3b6dc8873c3028dbe67ca94e0b5,Seoul,Will the highest temperature in Seoul (Incheon) be 28°C on August 2?,43044295978222182011879510432422381823165143999313027721743140069122703134751,Yes,2026-08-01T03:49:10+00:00,0.005
0x53c5e8c9174d92d924c2491d0d7948a3b55be3b6dc8873c3028dbe67ca94e0b5,Seoul,Will the highest temperature in Seoul (Incheon) be 28°C on August 2?,110481543834093466495769889817048072781271615100080699131528943062304188633780,No,2026-08-01T00:00:14+00:00,0.9935
0x53c5e8c9174d92d924c2491d0d7948a3b55be3b6dc8873c3028dbe67ca94e0b5,Seoul,Will the highest temperature in Seoul (Incheon) be 28°C on August 2?,110481543834093466495769889817048072781271615100080699131528943062304188633780,No,2026-08-01T01:00:10+00:00,0.9945
0x53c5e8c9174d92d924c2491d0d7948a3b55be3b6dc8873c3028dbe67ca94e0b5,Seoul,Will the highest temperature in Seoul (Incheon) be 28°C on August 2?,110481543834093466495769889817048072781271615100080699131528943062304188633780,No,2026-08-01T02:00:09+00:00,0.9945
0x53c5e8c9174d92d924c2491d0d7948a3b55be3b6dc8873c3028dbe67ca94e0b5,Seoul,Will the highest temperature in Seoul (Incheon) be 28°C on August 2?,110481543834093466495769889817048072781271615100080699131528943062304188633780,No,2026-08-01T03:00:12+00:00,0.9935
0x53c5e8c9174d92d924c2491d0d7948a3b55be3b6dc8873c3028dbe67ca94e0b5,Seoul,Will the highest temperature in Seoul (Incheon) be 28°C on August 2?,110481543834093466495769889817048072781271615100080699131528943062304188633780,No,2026-08-01T03:49:10+00:00,0.995
0x037d7c0a086965735f9c6a394933c0ee0cc2a5500b138429dd7e8e9550aa1058,Seoul,Will the highest temperature in Seoul (Incheon) be 29°C on August 2?,71681723775256219499297835992107963815141981243112474277021631906406235771427,Yes,2026-08-01T00:00:15+00:00,0.02
0x037d7c0a086965735f9c6a394933c0ee0cc2a5500b138429dd7e8e9550aa1058,Seoul,Will the highest temperature in Seoul (Incheon) be 29°C on August 2?,71681723775256219499297835992107963815141981243112474277021631906406235771427,Yes,2026-08-01T01:00:10+00:00,0.015
0x037d7c0a086965735f9c6a394933c0ee0cc2a5500b138429dd7e8e9550aa1058,Seoul,Will the highest temperature in Seoul (Incheon) be 29°C on August 2?,71681723775256219499297835992107963815141981243112474277021631906406235771427,Yes,2026-08-01T02:00:09+00:00,0.015
0x037d7c0a086965735f9c6a394933c0ee0cc2a5500b138429dd7e8e9550aa1058,Seoul,Will the highest temperature in Seoul (Incheon) be 29°C on August 2?,71681723775256219499297835992107963815141981243112474277021631906406235771427,Yes,2026-08-01T03:00:12+00:00,0.015
0x037d7c0a086965735f9c6a394933c0ee0cc2a5500b138429dd7e8e9550aa1058,Seoul,Will the highest temperature in Seoul (Incheon) be 29°C on August 2?,71681723775256219499297835992107963815141981243112474277021631906406235771427,Yes,2026-08-01T03:49:11+00:00,0.0095
0x037d7c0a086965735f9c6a394933c0ee0cc2a5500b138429dd7e8e9550aa1058,Seoul,Will the highest temperature in Seoul (Incheon) be 29°C on August 2?,27539645705331745296781738391459692602200928960699436958546793601011806194379,No,2026-08-01T00:00:12+00:00,0.98
0x037d7c0a086965735f9c6a394933c0ee0cc2a5500b138429dd7e8e9550aa1058,Seoul,Will the highest temperature in Seoul (Incheon) be 29°C on August 2?,27539645705331745296781738391459692602200928960699436958546793601011806194379,No,2026-08-01T01:00:09+00:00,0.985
0x037d7c0a086965735f9c6a394933c0ee0cc2a5500b138429dd7e8e9550aa1058,Seoul,Will the highest temperature in Seoul (Incheon) be 29°C on August 2?,27539645705331745296781738391459692602200928960699436958546793601011806194379,No,2026-08-01T02:00:08+00:00,0.985
0x037d7c0a086965735f9c6a394933c0ee0cc2a5500b138429dd7e8e9550aa1058,Seoul,Will the highest temperature in Seoul (Incheon) be 29°C on August 2?,27539645705331745296781738391459692602200928960699436958546793601011806194379,No,2026-08-01T03:00:09+00:00,0.985
0x037d7c0a086965735f9c6a394933c0ee0cc2a5500b138429dd7e8e9550aa1058,Seoul,Will the highest temperature in Seoul (Incheon) be 29°C on August 2?,27539645705331745296781738391459692602200928960699436958546793601011806194379,No,2026-08-01T03:49:09+00:00,0.9905
0x1816582f5b156591cc0b6fb53c14f2db5f407b727b1d4b504f1f670a21936896,Seoul,Will the highest temperature in Seoul (Incheon) be 30°C on August 2?,70648478783912744186273943880836846795149460969403616902910007761529959614009,Yes,2026-08-01T00:00:12+00:00,0.04
0x1816582f5b156591cc0b6fb53c14f2db5f407b727b1d4b504f1f670a21936896,Seoul,Will the highest temperature in Seoul (Incheon) be 30°C on August 2?,70648478783912744186273943880836846795149460969403616902910007761529959614009,Yes,2026-08-01T01:00:09+00:00,0.04
0x1816582f5b156591cc0b6fb53c14f2db5f407b727b1d4b504f1f670a21936896,Seoul,Will the highest temperature in Seoul (Incheon) be 30°C on August 2?,70648478783912744186273943880836846795149460969403616902910007761529959614009,Yes,2026-08-01T02:00:08+00:00,0.04
0x1816582f5b156591cc0b6fb53c14f2db5f407b727b1d4b504f1f670a21936896,Seoul,Will the highest temperature in Seoul (Incheon) be 30°C on August 2?,70648478783912744186273943880836846795149460969403616902910007761529959614009,Yes,2026-08-01T03:00:09+00:00,0.03
0x1816582f5b156591cc0b6fb53c14f2db5f407b727b1d4b504f1f670a21936896,Seoul,Will the highest temperature in Seoul (Incheon) be 30°C on August 2?,70648478783912744186273943880836846795149460969403616902910007761529959614009,Yes,2026-08-01T03:49:09+00:00,0.04
0x1816582f5b156591cc0b6fb53c14f2db5f407b727b1d4b504f1f670a21936896,Seoul,Will the highest temperature in Seoul (Incheon) be 30°C on August 2?,67221079191086699567013885351143564705876631397186001184348791550292030782300,No,2026-08-01T00:00:14+00:00,0.96
0x1816582f5b156591cc0b6fb53c14f2db5f407b727b1d4b504f1f670a21936896,Seoul,Will the highest temperature in Seoul (Incheon) be 30°C on August 2?,67221079191086699567013885351143564705876631397186001184348791550292030782300,No,2026-08-01T01:00:10+00:00,0.96
0x1816582f5b156591cc0b6fb53c14f2db5f407b727b1d4b504f1f670a21936896,Seoul,Will the highest temperature in Seoul (Incheon) be 30°C on August 2?,67221079191086699567013885351143564705876631397186001184348791550292030782300,No,2026-08-01T02:00:09+00:00,0.96
0x1816582f5b156591cc0b6fb53c14f2db5f407b727b1d4b504f1f670a21936896,Seoul,Will the highest temperature in Seoul (Incheon) be 30°C on August 2?,67221079191086699567013885351143564705876631397186001184348791550292030782300,No,2026-08-01T03:00:11+00:00,0.97
0x1816582f5b156591cc0b6fb53c14f2db5f407b727b1d4b504f1f670a21936896,Seoul,Will the highest temperature in Seoul (Incheon) be 30°C on August 2?,67221079191086699567013885351143564705876631397186001184348791550292030782300,No,2026-08-01T03:49:10+00:00,0.96
0xfbdda32f781dc6577e9fa7cfe3eb99302b0f058b11aa23cda2d6e4b98c6c23f0,Seoul,Will the highest temperature in Seoul (Incheon) be 31°C on August 2?,106164195963322539237600867004010571681833413116457277735386195213485645273154,Yes,2026-08-01T00:00:12+00:00,0.26
0xfbdda32f781dc6577e9fa7cfe3eb99302b0f058b11aa23cda2d6e4b98c6c23f0,Seoul,Will the highest temperature in Seoul (Incheon) be 31°C on August 2?,106164195963322539237600867004010571681833413116457277735386195213485645273154,Yes,2026-08-01T01:00:09+00:00,0.275
0xfbdda32f781dc6577e9fa7cfe3eb99302b0f058b11aa23cda2d6e4b98c6c23f0,Seoul,Will the highest temperature in Seoul (Incheon) be 31°C on August 2?,106164195963322539237600867004010571681833413116457277735386195213485645273154,Yes,2026-08-01T02:00:08+00:00,0.275
0xfbdda32f781dc6577e9fa7cfe3eb99302b0f058b11aa23cda2d6e4b98c6c23f0,Seoul,Will the highest temperature in Seoul (Incheon) be 31°C on August 2?,106164195963322539237600867004010571681833413116457277735386195213485645273154,Yes,2026-08-01T03:00:09+00:00,0.245
0xfbdda32f781dc6577e9fa7cfe3eb99302b0f058b11aa23cda2d6e4b98c6c23f0,Seoul,Will the highest temperature in Seoul (Incheon) be 31°C on August 2?,106164195963322539237600867004010571681833413116457277735386195213485645273154,Yes,2026-08-01T03:49:09+00:00,0.255
0xfbdda32f781dc6577e9fa7cfe3eb99302b0f058b11aa23cda2d6e4b98c6c23f0,Seoul,Will the highest temperature in Seoul (Incheon) be 31°C on August 2?,19080726419775090995774552719309189099605108646416762776042932669141431077792,No,2026-08-01T00:00:13+00:00,0.74
0xfbdda32f781dc6577e9fa7cfe3eb99302b0f058b11aa23cda2d6e4b98c6c23f0,Seoul,Will the highest temperature in Seoul (Incheon) be 31°C on August 2?,19080726419775090995774552719309189099605108646416762776042932669141431077792,No,2026-08-01T01:00:09+00:00,0.725
0xfbdda32f781dc6577e9fa7cfe3eb99302b0f058b11aa23cda2d6e4b98c6c23f0,Seoul,Will the highest temperature in Seoul (Incheon) be 31°C on August 2?,19080726419775090995774552719309189099605108646416762776042932669141431077792,No,2026-08-01T02:00:08+00:00,0.725
0xfbdda32f781dc6577e9fa7cfe3eb99302b0f058b11aa23cda2d6e4b98c6c23f0,Seoul,Will the highest temperature in Seoul (Incheon) be 31°C on August 2?,19080726419775090995774552719309189099605108646416762776042932669141431077792,No,2026-08-01T03:00:10+00:00,0.755
0xfbdda32f781dc6577e9fa7cfe3eb99302b0f058b11aa23cda2d6e4b98c6c23f0,Seoul,Will the highest temperature in Seoul (Incheon) be 31°C on August 2?,19080726419775090995774552719309189099605108646416762776042932669141431077792,No,2026-08-01T03:49:10+00:00,0.745
0x6de471316b2b2e13ca7523d7b6502318a44df17efabc05fa749257ecbc775918,Seoul,Will the highest temperature in Seoul (Incheon) be 32°C on August 2?,74726348295018315903000947656994195116142219970397544460284135519691024583171,Yes,2026-08-01T00:00:14+00:00,0.45
0x6de471316b2b2e13ca7523d7b6502318a44df17efabc05fa749257ecbc775918,Seoul,Will the highest temperature in Seoul (Incheon) be 32°C on August 2?,74726348295018315903000947656994195116142219970397544460284135519691024583171,Yes,2026-08-01T01:00:10+00:00,0.445
0x6de471316b2b2e13ca7523d7b6502318a44df17efabc05fa749257ecbc775918,Seoul,Will the highest temperature in Seoul (Incheon) be 32°C on August 2?,74726348295018315903000947656994195116142219970397544460284135519691024583171,Yes,2026-08-01T02:00:09+00:00,0.445
0x6de471316b2b2e13ca7523d7b6502318a44df17efabc05fa749257ecbc775918,Seoul,Will the highest temperature in Seoul (Incheon) be 32°C on August 2?,74726348295018315903000947656994195116142219970397544460284135519691024583171,Yes,2026-08-01T03:00:11+00:00,0.425
0x6de471316b2b2e13ca7523d7b6502318a44df17efabc05fa749257ecbc775918,Seoul,Will the highest temperature in Seoul (Incheon) be 32°C on August 2?,74726348295018315903000947656994195116142219970397544460284135519691024583171,Yes,2026-08-01T03:49:10+00:00,0.435
0x6de471316b2b2e13ca7523d7b6502318a44df17efabc05fa749257ecbc775918,Seoul,Will the highest temperature in Seoul (Incheon) be 32°C on August 2?,44678106903686385973066516921024786470531296063310778938154206637111437592430,No,2026-08-01T00:00:14+00:00,0.55
0x6de471316b2b2e13ca7523d7b6502318a44df17efabc05fa749257ecbc775918,Seoul,Will the highest temperature in Seoul (Incheon) be 32°C on August 2?,44678106903686385973066516921024786470531296063310778938154206637111437592430,No,2026-08-01T01:00:10+00:00,0.555
0x6de471316b2b2e13ca7523d7b6502318a44df17efabc05fa749257ecbc775918,Seoul,Will the highest temperature in Seoul (Incheon) be 32°C on August 2?,44678106903686385973066516921024786470531296063310778938154206637111437592430,No,2026-08-01T02:00:09+00:00,0.555
0x6de471316b2b2e13ca7523d7b6502318a44df17efabc05fa749257ecbc775918,Seoul,Will the highest temperature in Seoul (Incheon) be 32°C on August 2?,44678106903686385973066516921024786470531296063310778938154206637111437592430,No,2026-08-01T03:00:11+00:00,0.575
0x6de471316b2b2e13ca7523d7b6502318a44df17efabc05fa749257ecbc775918,Seoul,Will the highest temperature in Seoul (Incheon) be 32°C on August 2?,44678106903686385973066516921024786470531296063310778938154206637111437592430,No,2026-08-01T03:49:10+00:00,0.565
0xd4bbc787b84a7b2691bdea4d3342113f6f2f56612874ab1a55a610de38adf7f4,Seoul,Will the highest temperature in Seoul (Incheon) be 33°C on August 2?,115626287630871567564999197285022189562919775071226954908808204444889660373563,Yes,2026-08-01T00:00:13+00:00,0.225
0xd4bbc787b84a7b2691bdea4d3342113f6f2f56612874ab1a55a610de38adf7f4,Seoul,Will the highest temperature in Seoul (Incheon) be 33°C on August 2?,115626287630871567564999197285022189562919775071226954908808204444889660373563,Yes,2026-08-01T01:00:10+00:00,0.225
0xd4bbc787b84a7b2691bdea4d3342113f6f2f56612874ab1a55a610de38adf7f4,Seoul,Will the highest temperature in Seoul (Incheon) be 33°C on August 2?,115626287630871567564999197285022189562919775071226954908808204444889660373563,Yes,2026-08-01T02:00:09+00:00,0.225
0xd4bbc787b84a7b2691bdea4d3342113f6f2f56612874ab1a55a610de38adf7f4,Seoul,Will the highest temperature in Seoul (Incheon) be 33°C on August 2?,115626287630871567564999197285022189562919775071226954908808204444889660373563,Yes,2026-08-01T03:00:11+00:00,0.25
0xd4bbc787b84a7b2691bdea4d3342113f6f2f56612874ab1a55a610de38adf7f4,Seoul,Will the highest temperature in Seoul (Incheon) be 33°C on August 2?,115626287630871567564999197285022189562919775071226954908808204444889660373563,Yes,2026-08-01T03:49:10+00:00,0.26
0xd4bbc787b84a7b2691bdea4d3342113f6f2f56612874ab1a55a610de38adf7f4,Seoul,Will the highest temperature in Seoul (Incheon) be 33°C on August 2?,22480372213996193167953416279209498495429127108874111596485542091610426173913,No,2026-08-01T00:00:10+00:00,0.775
0xd4bbc787b84a7b2691bdea4d3342113f6f2f56612874ab1a55a610de38adf7f4,Seoul,Will the highest temperature in Seoul (Incheon) be 33°C on August 2?,22480372213996193167953416279209498495429127108874111596485542091610426173913,No,2026-08-01T01:00:08+00:00,0.775
0xd4bbc787b84a7b2691bdea4d3342113f6f2f56612874ab1a55a610de38adf7f4,Seoul,Will the highest temperature in Seoul (Incheon) be 33°C on August 2?,22480372213996193167953416279209498495429127108874111596485542091610426173913,No,2026-08-01T02:00:07+00:00,0.775
0xd4bbc787b84a7b2691bdea4d3342113f6f2f56612874ab1a55a610de38adf7f4,Seoul,Will the highest temperature in Seoul (Incheon) be 33°C on August 2?,22480372213996193167953416279209498495429127108874111596485542091610426173913,No,2026-08-01T03:00:08+00:00,0.75
0xd4bbc787b84a7b2691bdea4d3342113f6f2f56612874ab1a55a610de38adf7f4,Seoul,Will the highest temperature in Seoul (Incheon) be 33°C on August 2?,22480372213996193167953416279209498495429127108874111596485542091610426173913,No,2026-08-01T03:49:09+00:00,0.74
0xd9becfec66c3181649e0612818f6e42d483aa51af23ad84ce8564118ecd858d6,Seoul,Will the highest temperature in Seoul (Incheon) be 34°C on August 2?,107876850448483719708555188347639794949505190656708025785576223466627497209386,Yes,2026-08-01T00:00:14+00:00,0.035
0xd9becfec66c3181649e0612818f6e42d483aa51af23ad84ce8564118ecd858d6,Seoul,Will the highest temperature in Seoul (Incheon) be 34°C on August 2?,107876850448483719708555188347639794949505190656708025785576223466627497209386,Yes,2026-08-01T01:00:10+00:00,0.035
0xd9becfec66c3181649e0612818f6e42d483aa51af23ad84ce8564118ecd858d6,Seoul,Will the highest temperature in Seoul (Incheon) be 34°C on August 2?,107876850448483719708555188347639794949505190656708025785576223466627497209386,Yes,2026-08-01T02:00:09+00:00,0.035
0xd9becfec66c3181649e0612818f6e42d483aa51af23ad84ce8564118ecd858d6,Seoul,Will the highest temperature in Seoul (Incheon) be 34°C on August 2?,107876850448483719708555188347639794949505190656708025785576223466627497209386,Yes,2026-08-01T03:00:11+00:00,0.035
0xd9becfec66c3181649e0612818f6e42d483aa51af23ad84ce8564118ecd858d6,Seoul,Will the highest temperature in Seoul (Incheon) be 34°C on August 2?,107876850448483719708555188347639794949505190656708025785576223466627497209386,Yes,2026-08-01T03:49:10+00:00,0.035
0xd9becfec66c3181649e0612818f6e42d483aa51af23ad84ce8564118ecd858d6,Seoul,Will the highest temperature in Seoul (Incheon) be 34°C on August 2?,3952571701804725222106174106305870655525807574089789055184986059272487951377,No,2026-08-01T00:00:12+00:00,0.965
0xd9becfec66c3181649e0612818f6e42d483aa51af23ad84ce8564118ecd858d6,Seoul,Will the highest temperature in Seoul (Incheon) be 34°C on August 2?,3952571701804725222106174106305870655525807574089789055184986059272487951377,No,2026-08-01T01:00:09+00:00,0.965
0xd9becfec66c3181649e0612818f6e42d483aa51af23ad84ce8564118ecd858d6,Seoul,Will the highest temperature in Seoul (Incheon) be 34°C on August 2?,3952571701804725222106174106305870655525807574089789055184986059272487951377,No,2026-08-01T02:00:08+00:00,0.965
0xd9becfec66c3181649e0612818f6e42d483aa51af23ad84ce8564118ecd858d6,Seoul,Will the highest temperature in Seoul (Incheon) be 34°C on August 2?,3952571701804725222106174106305870655525807574089789055184986059272487951377,No,2026-08-01T03:00:09+00:00,0.965
0xd9becfec66c3181649e0612818f6e42d483aa51af23ad84ce8564118ecd858d6,Seoul,Will the highest temperature in Seoul (Incheon) be 34°C on August 2?,3952571701804725222106174106305870655525807574089789055184986059272487951377,No,2026-08-01T03:49:09+00:00,0.965
0x0155c0dd906bcb1b5fd3fb8673a54b70973ad9d4865438b410eec1a5f24d576d,Seoul,Will the highest temperature in Seoul (Incheon) be 35°C or higher on August 2?,59604589291894658609447211929535156814738724975861670094035227485370658205565,Yes,2026-08-01T00:00:12+00:00,0.025
0x0155c0dd906bcb1b5fd3fb8673a54b70973ad9d4865438b410eec1a5f24d576d,Seoul,Will the highest temperature in Seoul (Incheon) be 35°C or higher on August 2?,59604589291894658609447211929535156814738724975861670094035227485370658205565,Yes,2026-08-01T01:00:09+00:00,0.02
0x0155c0dd906bcb1b5fd3fb8673a54b70973ad9d4865438b410eec1a5f24d576d,Seoul,Will the highest temperature in Seoul (Incheon) be 35°C or higher on August 2?,59604589291894658609447211929535156814738724975861670094035227485370658205565,Yes,2026-08-01T02:00:08+00:00,0.02
0x0155c0dd906bcb1b5fd3fb8673a54b70973ad9d4865438b410eec1a5f24d576d,Seoul,Will the highest temperature in Seoul (Incheon) be 35°C or higher on August 2?,59604589291894658609447211929535156814738724975861670094035227485370658205565,Yes,2026-08-01T03:00:09+00:00,0.03
0x0155c0dd906bcb1b5fd3fb8673a54b70973ad9d4865438b410eec1a5f24d576d,Seoul,Will the highest temperature in Seoul (Incheon) be 35°C or higher on August 2?,59604589291894658609447211929535156814738724975861670094035227485370658205565,Yes,2026-08-01T03:49:09+00:00,0.015
0x0155c0dd906bcb1b5fd3fb8673a54b70973ad9d4865438b410eec1a5f24d576d,Seoul,Will the highest temperature in Seoul (Incheon) be 35°C or higher on August 2?,25613889125737923557243960688368541919118413674820123896619160087054458849880,No,2026-08-01T00:00:13+00:00,0.975
0x0155c0dd906bcb1b5fd3fb8673a54b70973ad9d4865438b410eec1a5f24d576d,Seoul,Will the highest temperature in Seoul (Incheon) be 35°C or higher on August 2?,25613889125737923557243960688368541919118413674820123896619160087054458849880,No,2026-08-01T01:00:10+00:00,0.98
0x0155c0dd906bcb1b5fd3fb8673a54b70973ad9d4865438b410eec1a5f24d576d,Seoul,Will the highest temperature in Seoul (Incheon) be 35°C or higher on August 2?,25613889125737923557243960688368541919118413674820123896619160087054458849880,No,2026-08-01T02:00:08+00:00,0.98
0x0155c0dd906bcb1b5fd3fb8673a54b70973ad9d4865438b410eec1a5f24d576d,Seoul,Will the highest temperature in Seoul (Incheon) be 35°C or higher on August 2?,25613889125737923557243960688368541919118413674820123896619160087054458849880,No,2026-08-01T03:00:11+00:00,0.97
0x0155c0dd906bcb1b5fd3fb8673a54b70973ad9d4865438b410eec1a5f24d576d,Seoul,Will the highest temperature in Seoul (Incheon) be 35°C or higher on August 2?,25613889125737923557243960688368541919118413674820123896619160087054458849880,No,2026-08-01T03:49:10+00:00,0.985
0x99b6a2d2fd56b202337b210ca0042191e7c52d063713149141866df8efe00c0b,Seoul,Will the lowest temperature in Seoul (Incheon) be 22°C or below on August 2?,32086589326295922812945226397892233452125516547137932400641554731205404271134,Yes,2026-08-01T00:00:12+00:00,0.0055
0x99b6a2d2fd56b202337b210ca0042191e7c52d063713149141866df8efe00c0b,Seoul,Will the lowest temperature in Seoul (Incheon) be 22°C or below on August 2?,32086589326295922812945226397892233452125516547137932400641554731205404271134,Yes,2026-08-01T01:00:09+00:00,0.0055
0x99b6a2d2fd56b202337b210ca0042191e7c52d063713149141866df8efe00c0b,Seoul,Will the lowest temperature in Seoul (Incheon) be 22°C or below on August 2?,32086589326295922812945226397892233452125516547137932400641554731205404271134,Yes,2026-08-01T02:00:08+00:00,0.0055
0x99b6a2d2fd56b202337b210ca0042191e7c52d063713149141866df8efe00c0b,Seoul,Will the lowest temperature in Seoul (Incheon) be 22°C or below on August 2?,32086589326295922812945226397892233452125516547137932400641554731205404271134,Yes,2026-08-01T03:00:09+00:00,0.0055
0x99b6a2d2fd56b202337b210ca0042191e7c52d063713149141866df8efe00c0b,Seoul,Will the lowest temperature in Seoul (Incheon) be 22°C or below on August 2?,32086589326295922812945226397892233452125516547137932400641554731205404271134,Yes,2026-08-01T03:49:09+00:00,0.0055
0x99b6a2d2fd56b202337b210ca0042191e7c52d063713149141866df8efe00c0b,Seoul,Will the lowest temperature in Seoul (Incheon) be 22°C or below on August 2?,20549732338262514944971869238923177022206302651899668736183077413124966948048,No,2026-08-01T00:00:13+00:00,0.9945
0x99b6a2d2fd56b202337b210ca0042191e7c52d063713149141866df8efe00c0b,Seoul,Will the lowest temperature in Seoul (Incheon) be 22°C or below on August 2?,20549732338262514944971869238923177022206302651899668736183077413124966948048,No,2026-08-01T01:00:09+00:00,0.9945
0x99b6a2d2fd56b202337b210ca0042191e7c52d063713149141866df8efe00c0b,Seoul,Will the lowest temperature in Seoul (Incheon) be 22°C or below on August 2?,20549732338262514944971869238923177022206302651899668736183077413124966948048,No,2026-08-01T02:00:08+00:00,0.9945
0x99b6a2d2fd56b202337b210ca0042191e7c52d063713149141866df8efe00c0b,Seoul,Will the lowest temperature in Seoul (Incheon) be 22°C or below on August 2?,20549732338262514944971869238923177022206302651899668736183077413124966948048,No,2026-08-01T03:00:10+00:00,0.9945
0x99b6a2d2fd56b202337b210ca0042191e7c52d063713149141866df8efe00c0b,Seoul,Will the lowest temperature in Seoul (Incheon) be 22°C or below on August 2?,20549732338262514944971869238923177022206302651899668736183077413124966948048,No,2026-08-01T03:49:10+00:00,0.9945
0x7a9ba158411e657c361af63c83da8a98be8108d2cf485d8201f97138ff0c4381,Seoul,Will the lowest temperature in Seoul (Incheon) be 23°C on August 2?,19661085223192458304692828038097321745168161382613501944948638613504867667424,Yes,2026-08-01T00:00:15+00:00,0.0055
0x7a9ba158411e657c361af63c83da8a98be8108d2cf485d8201f97138ff0c4381,Seoul,Will the lowest temperature in Seoul (Incheon) be 23°C on August 2?,19661085223192458304692828038097321745168161382613501944948638613504867667424,Yes,2026-08-01T01:00:11+00:00,0.0055
0x7a9ba158411e657c361af63c83da8a98be8108d2cf485d8201f97138ff0c4381,Seoul,Will the lowest temperature in Seoul (Incheon) be 23°C on August 2?,19661085223192458304692828038097321745168161382613501944948638613504867667424,Yes,2026-08-01T02:00:09+00:00,0.0055
0x7a9ba158411e657c361af63c83da8a98be8108d2cf485d8201f97138ff0c4381,Seoul,Will the lowest temperature in Seoul (Incheon) be 23°C on August 2?,19661085223192458304692828038097321745168161382613501944948638613504867667424,Yes,2026-08-01T03:00:12+00:00,0.0055
0x7a9ba158411e657c361af63c83da8a98be8108d2cf485d8201f97138ff0c4381,Seoul,Will the lowest temperature in Seoul (Incheon) be 23°C on August 2?,19661085223192458304692828038097321745168161382613501944948638613504867667424,Yes,2026-08-01T03:49:11+00:00,0.0055
0x7a9ba158411e657c361af63c83da8a98be8108d2cf485d8201f97138ff0c4381,Seoul,Will the lowest temperature in Seoul (Incheon) be 23°C on August 2?,8328514249599522178096918297429218437168427241709249707354698263723471643030,No,2026-08-01T00:00:10+00:00,0.9945
0x7a9ba158411e657c361af63c83da8a98be8108d2cf485d8201f97138ff0c4381,Seoul,Will the lowest temperature in Seoul (Incheon) be 23°C on August 2?,8328514249599522178096918297429218437168427241709249707354698263723471643030,No,2026-08-01T01:00:08+00:00,0.9945
0x7a9ba158411e657c361af63c83da8a98be8108d2cf485d8201f97138ff0c4381,Seoul,Will the lowest temperature in Seoul (Incheon) be 23°C on August 2?,8328514249599522178096918297429218437168427241709249707354698263723471643030,No,2026-08-01T02:00:07+00:00,0.9945
0x7a9ba158411e657c361af63c83da8a98be8108d2cf485d8201f97138ff0c4381,Seoul,Will the lowest temperature in Seoul (Incheon) be 23°C on August 2?,8328514249599522178096918297429218437168427241709249707354698263723471643030,No,2026-08-01T03:00:08+00:00,0.9945
0x7a9ba158411e657c361af63c83da8a98be8108d2cf485d8201f97138ff0c4381,Seoul,Will the lowest temperature in Seoul (Incheon) be 23°C on August 2?,8328514249599522178096918297429218437168427241709249707354698263723471643030,No,2026-08-01T03:49:09+00:00,0.9945
0x65c3b452e7f70a2f38d204c00c4cd25378e1e2d1f7195cd576e3617f37ad07ef,Seoul,Will the lowest temperature in Seoul (Incheon) be 24°C on August 2?,53388676400618047283806831984927227381993774787270054910331744960587712738059,Yes,2026-08-01T00:00:10+00:00,0.025
0x65c3b452e7f70a2f38d204c00c4cd25378e1e2d1f7195cd576e3617f37ad07ef,Seoul,Will the lowest temperature in Seoul (Incheon) be 24°C on August 2?,53388676400618047283806831984927227381993774787270054910331744960587712738059,Yes,2026-08-01T01:00:08+00:00,0.015
0x65c3b452e7f70a2f38d204c00c4cd25378e1e2d1f7195cd576e3617f37ad07ef,Seoul,Will the lowest temperature in Seoul (Incheon) be 24°C on August 2?,53388676400618047283806831984927227381993774787270054910331744960587712738059,Yes,2026-08-01T02:00:07+00:00,0.02
0x65c3b452e7f70a2f38d204c00c4cd25378e1e2d1f7195cd576e3617f37ad07ef,Seoul,Will the lowest temperature in Seoul (Incheon) be 24°C on August 2?,53388676400618047283806831984927227381993774787270054910331744960587712738059,Yes,2026-08-01T03:00:08+00:00,0.015
0x65c3b452e7f70a2f38d204c00c4cd25378e1e2d1f7195cd576e3617f37ad07ef,Seoul,Will the lowest temperature in Seoul (Incheon) be 24°C on August 2?,53388676400618047283806831984927227381993774787270054910331744960587712738059,Yes,2026-08-01T03:49:09+00:00,0.015
0x65c3b452e7f70a2f38d204c00c4cd25378e1e2d1f7195cd576e3617f37ad07ef,Seoul,Will the lowest temperature in Seoul (Incheon) be 24°C on August 2?,29290337112977534161755325275556575348646726680771017211353175010422934770795,No,2026-08-01T00:00:12+00:00,0.975
0x65c3b452e7f70a2f38d204c00c4cd25378e1e2d1f7195cd576e3617f37ad07ef,Seoul,Will the lowest temperature in Seoul (Incheon) be 24°C on August 2?,29290337112977534161755325275556575348646726680771017211353175010422934770795,No,2026-08-01T01:00:09+00:00,0.985
0x65c3b452e7f70a2f38d204c00c4cd25378e1e2d1f7195cd576e3617f37ad07ef,Seoul,Will the lowest temperature in Seoul (Incheon) be 24°C on August 2?,29290337112977534161755325275556575348646726680771017211353175010422934770795,No,2026-08-01T02:00:07+00:00,0.98
0x65c3b452e7f70a2f38d204c00c4cd25378e1e2d1f7195cd576e3617f37ad07ef,Seoul,Will the lowest temperature in Seoul (Incheon) be 24°C on August 2?,29290337112977534161755325275556575348646726680771017211353175010422934770795,No,2026-08-01T03:00:09+00:00,0.985
0x65c3b452e7f70a2f38d204c00c4cd25378e1e2d1f7195cd576e3617f37ad07ef,Seoul,Will the lowest temperature in Seoul (Incheon) be 24°C on August 2?,29290337112977534161755325275556575348646726680771017211353175010422934770795,No,2026-08-01T03:49:09+00:00,0.985
0x52f513ce450283a9d96cd2621314260c20e86f3c95e3aad52b8eba7e7e93580d,Seoul,Will the lowest temperature in Seoul (Incheon) be 25°C on August 2?,99293531477611937554618064290984847735394200470457772593685205323497483466794,Yes,2026-08-01T00:00:15+00:00,0.105
0x52f513ce450283a9d96cd2621314260c20e86f3c95e3aad52b8eba7e7e93580d,Seoul,Will the lowest temperature in Seoul (Incheon) be 25°C on August 2?,99293531477611937554618064290984847735394200470457772593685205323497483466794,Yes,2026-08-01T01:00:10+00:00,0.105
0x52f513ce450283a9d96cd2621314260c20e86f3c95e3aad52b8eba7e7e93580d,Seoul,Will the lowest temperature in Seoul (Incheon) be 25°C on August 2?,99293531477611937554618064290984847735394200470457772593685205323497483466794,Yes,2026-08-01T02:00:09+00:00,0.205
0x52f513ce450283a9d96cd2621314260c20e86f3c95e3aad52b8eba7e7e93580d,Seoul,Will the lowest temperature in Seoul (Incheon) be 25°C on August 2?,99293531477611937554618064290984847735394200470457772593685205323497483466794,Yes,2026-08-01T03:00:12+00:00,0.205
0x52f513ce450283a9d96cd2621314260c20e86f3c95e3aad52b8eba7e7e93580d,Seoul,Will the lowest temperature in Seoul (Incheon) be 25°C on August 2?,99293531477611937554618064290984847735394200470457772593685205323497483466794,Yes,2026-08-01T03:49:11+00:00,0.205
0x52f513ce450283a9d96cd2621314260c20e86f3c95e3aad52b8eba7e7e93580d,Seoul,Will the lowest temperature in Seoul (Incheon) be 25°C on August 2?,93863809335877655361574018550390358957805615973014291278437717165081279939479,No,2026-08-01T00:00:10+00:00,0.895
0x52f513ce450283a9d96cd2621314260c20e86f3c95e3aad52b8eba7e7e93580d,Seoul,Will the lowest temperature in Seoul (Incheon) be 25°C on August 2?,93863809335877655361574018550390358957805615973014291278437717165081279939479,No,2026-08-01T01:00:08+00:00,0.895
0x52f513ce450283a9d96cd2621314260c20e86f3c95e3aad52b8eba7e7e93580d,Seoul,Will the lowest temperature in Seoul (Incheon) be 25°C on August 2?,93863809335877655361574018550390358957805615973014291278437717165081279939479,No,2026-08-01T02:00:07+00:00,0.795
0x52f513ce450283a9d96cd2621314260c20e86f3c95e3aad52b8eba7e7e93580d,Seoul,Will the lowest temperature in Seoul (Incheon) be 25°C on August 2?,93863809335877655361574018550390358957805615973014291278437717165081279939479,No,2026-08-01T03:00:08+00:00,0.795
0x52f513ce450283a9d96cd2621314260c20e86f3c95e3aad52b8eba7e7e93580d,Seoul,Will the lowest temperature in Seoul (Incheon) be 25°C on August 2?,93863809335877655361574018550390358957805615973014291278437717165081279939479,No,2026-08-01T03:49:09+00:00,0.795
0xad865a991ed23049ff8a9f73175335e78c06499ce47cf6295a9043956bc2744e,Seoul,Will the lowest temperature in Seoul (Incheon) be 26°C on August 2?,55406766889916708736508872335887761858017890793354588280479341906145411657538,Yes,2026-08-01T00:00:12+00:00,0.525
0xad865a991ed23049ff8a9f73175335e78c06499ce47cf6295a9043956bc2744e,Seoul,Will the lowest temperature in Seoul (Incheon) be 26°C on August 2?,55406766889916708736508872335887761858017890793354588280479341906145411657538,Yes,2026-08-01T01:00:09+00:00,0.525
0xad865a991ed23049ff8a9f73175335e78c06499ce47cf6295a9043956bc2744e,Seoul,Will the lowest temperature in Seoul (Incheon) be 26°C on August 2?,55406766889916708736508872335887761858017890793354588280479341906145411657538,Yes,2026-08-01T02:00:07+00:00,0.515
0xad865a991ed23049ff8a9f73175335e78c06499ce47cf6295a9043956bc2744e,Seoul,Will the lowest temperature in Seoul (Incheon) be 26°C on August 2?,55406766889916708736508872335887761858017890793354588280479341906145411657538,Yes,2026-08-01T03:00:09+00:00,0.515
0xad865a991ed23049ff8a9f73175335e78c06499ce47cf6295a9043956bc2744e,Seoul,Will the lowest temperature in Seoul (Incheon) be 26°C on August 2?,55406766889916708736508872335887761858017890793354588280479341906145411657538,Yes,2026-08-01T03:49:09+00:00,0.515
0xad865a991ed23049ff8a9f73175335e78c06499ce47cf6295a9043956bc2744e,Seoul,Will the lowest temperature in Seoul (Incheon) be 26°C on August 2?,33906879690735312915797602178330062529267396436102044709518654311404878413632,No,2026-08-01T00:00:12+00:00,0.475
0xad865a991ed23049ff8a9f73175335e78c06499ce47cf6295a9043956bc2744e,Seoul,Will the lowest temperature in Seoul (Incheon) be 26°C on August 2?,33906879690735312915797602178330062529267396436102044709518654311404878413632,No,2026-08-01T01:00:08+00:00,0.475
0xad865a991ed23049ff8a9f73175335e78c06499ce47cf6295a9043956bc2744e,Seoul,Will the lowest temperature in Seoul (Incheon) be 26°C on August 2?,33906879690735312915797602178330062529267396436102044709518654311404878413632,No,2026-08-01T02:00:07+00:00,0.485
0xad865a991ed23049ff8a9f73175335e78c06499ce47cf6295a9043956bc2744e,Seoul,Will the lowest temperature in Seoul (Incheon) be 26°C on August 2?,33906879690735312915797602178330062529267396436102044709518654311404878413632,No,2026-08-01T03:00:08+00:00,0.485
0xad865a991ed23049ff8a9f73175335e78c06499ce47cf6295a9043956bc2744e,Seoul,Will the lowest temperature in Seoul (Incheon) be 26°C on August 2?,33906879690735312915797602178330062529267396436102044709518654311404878413632,No,2026-08-01T03:49:09+00:00,0.485
0x17357867978f6f333e03ff4075744a83324835b922efc07640200574d555d507,Seoul,Will the lowest temperature in Seoul (Incheon) be 27°C on August 2?,103270084214336426316313599841004814479063965338598824048322564869168251898064,Yes,2026-08-01T00:00:12+00:00,0.355
0x17357867978f6f333e03ff4075744a83324835b922efc07640200574d555d507,Seoul,Will the lowest temperature in Seoul (Incheon) be 27°C on August 2?,103270084214336426316313599841004814479063965338598824048322564869168251898064,Yes,2026-08-01T01:00:09+00:00,0.29
0x17357867978f6f333e03ff4075744a83324835b922efc07640200574d555d507,Seoul,Will the lowest temperature in Seoul (Incheon) be 27°C on August 2?,103270084214336426316313599841004814479063965338598824048322564869168251898064,Yes,2026-08-01T02:00:08+00:00,0.285
0x17357867978f6f333e03ff4075744a83324835b922efc07640200574d555d507,Seoul,Will the lowest temperature in Seoul (Incheon) be 27°C on August 2?,103270084214336426316313599841004814479063965338598824048322564869168251898064,Yes,2026-08-01T03:00:10+00:00,0.285
0x17357867978f6f333e03ff4075744a83324835b922efc07640200574d555d507,Seoul,Will the lowest temperature in Seoul (Incheon) be 27°C on August 2?,103270084214336426316313599841004814479063965338598824048322564869168251898064,Yes,2026-08-01T03:49:10+00:00,0.285
0x17357867978f6f333e03ff4075744a83324835b922efc07640200574d555d507,Seoul,Will the lowest temperature in Seoul (Incheon) be 27°C on August 2?,48633960370269540040105950802709725855097489138331361067761713585827335484662,No,2026-08-01T00:00:13+00:00,0.645
0x17357867978f6f333e03ff4075744a83324835b922efc07640200574d555d507,Seoul,Will the lowest temperature in Seoul (Incheon) be 27°C on August 2?,48633960370269540040105950802709725855097489138331361067761713585827335484662,No,2026-08-01T01:00:10+00:00,0.71
0x17357867978f6f333e03ff4075744a83324835b922efc07640200574d555d507,Seoul,Will the lowest temperature in Seoul (Incheon) be 27°C on August 2?,48633960370269540040105950802709725855097489138331361067761713585827335484662,No,2026-08-01T02:00:09+00:00,0.715
0x17357867978f6f333e03ff4075744a83324835b922efc07640200574d555d507,Seoul,Will the lowest temperature in Seoul (Incheon) be 27°C on August 2?,48633960370269540040105950802709725855097489138331361067761713585827335484662,No,2026-08-01T03:00:11+00:00,0.715
0x17357867978f6f333e03ff4075744a83324835b922efc07640200574d555d507,Seoul,Will the lowest temperature in Seoul (Incheon) be 27°C on August 2?,48633960370269540040105950802709725855097489138331361067761713585827335484662,No,2026-08-01T03:49:10+00:00,0.715
0xfa3817f91b09562475ceb5c5db864aa564fe809eeb85fe1a4a5853eea4ea21ec,Seoul,Will the lowest temperature in Seoul (Incheon) be 28°C on August 2?,57232593022187790465577088208849339503057148464937128411504488702218250455540,Yes,2026-08-01T00:00:12+00:00,0.035
0xfa3817f91b09562475ceb5c5db864aa564fe809eeb85fe1a4a5853eea4ea21ec,Seoul,Will the lowest temperature in Seoul (Incheon) be 28°C on August 2?,57232593022187790465577088208849339503057148464937128411504488702218250455540,Yes,2026-08-01T01:00:09+00:00,0.015
0xfa3817f91b09562475ceb5c5db864aa564fe809eeb85fe1a4a5853eea4ea21ec,Seoul,Will the lowest temperature in Seoul (Incheon) be 28°C on August 2?,57232593022187790465577088208849339503057148464937128411504488702218250455540,Yes,2026-08-01T02:00:08+00:00,0.015
0xfa3817f91b09562475ceb5c5db864aa564fe809eeb85fe1a4a5853eea4ea21ec,Seoul,Will the lowest temperature in Seoul (Incheon) be 28°C on August 2?,57232593022187790465577088208849339503057148464937128411504488702218250455540,Yes,2026-08-01T03:00:09+00:00,0.015
0xfa3817f91b09562475ceb5c5db864aa564fe809eeb85fe1a4a5853eea4ea21ec,Seoul,Will the lowest temperature in Seoul (Incheon) be 28°C on August 2?,57232593022187790465577088208849339503057148464937128411504488702218250455540,Yes,2026-08-01T03:49:09+00:00,0.015
0xfa3817f91b09562475ceb5c5db864aa564fe809eeb85fe1a4a5853eea4ea21ec,Seoul,Will the lowest temperature in Seoul (Incheon) be 28°C on August 2?,79715474401106128378366279818347250510287980891176749896761788248011538156470,No,2026-08-01T00:00:14+00:00,0.965
0xfa3817f91b09562475ceb5c5db864aa564fe809eeb85fe1a4a5853eea4ea21ec,Seoul,Will the lowest temperature in Seoul (Incheon) be 28°C on August 2?,79715474401106128378366279818347250510287980891176749896761788248011538156470,No,2026-08-01T01:00:10+00:00,0.985
0xfa3817f91b09562475ceb5c5db864aa564fe809eeb85fe1a4a5853eea4ea21ec,Seoul,Will the lowest temperature in Seoul (Incheon) be 28°C on August 2?,79715474401106128378366279818347250510287980891176749896761788248011538156470,No,2026-08-01T02:00:09+00:00,0.985
0xfa3817f91b09562475ceb5c5db864aa564fe809eeb85fe1a4a5853eea4ea21ec,Seoul,Will the lowest temperature in Seoul (Incheon) be 28°C on August 2?,79715474401106128378366279818347250510287980891176749896761788248011538156470,No,2026-08-01T03:00:11+00:00,0.985
0xfa3817f91b09562475ceb5c5db864aa564fe809eeb85fe1a4a5853eea4ea21ec,Seoul,Will the lowest temperature in Seoul (Incheon) be 28°C on August 2?,79715474401106128378366279818347250510287980891176749896761788248011538156470,No,2026-08-01T03:49:10+00:00,0.985
0xce117988f36a9b2217657c6425e7f681b6ff6c05e5d498497532a3fc27f2f072,Seoul,Will the lowest temperature in Seoul (Incheon) be 29°C on August 2?,41558358134164618301497201068390057664377185102829989012592190731772869357421,Yes,2026-08-01T00:00:10+00:00,0.006
0xce117988f36a9b2217657c6425e7f681b6ff6c05e5d498497532a3fc27f2f072,Seoul,Will the lowest temperature in Seoul (Incheon) be 29°C on August 2?,41558358134164618301497201068390057664377185102829989012592190731772869357421,Yes,2026-08-01T01:00:08+00:00,0.005
0xce117988f36a9b2217657c6425e7f681b6ff6c05e5d498497532a3fc27f2f072,Seoul,Will the lowest temperature in Seoul (Incheon) be 29°C on August 2?,41558358134164618301497201068390057664377185102829989012592190731772869357421,Yes,2026-08-01T02:00:07+00:00,0.005
0xce117988f36a9b2217657c6425e7f681b6ff6c05e5d498497532a3fc27f2f072,Seoul,Will the lowest temperature in Seoul (Incheon) be 29°C on August 2?,41558358134164618301497201068390057664377185102829989012592190731772869357421,Yes,2026-08-01T03:00:08+00:00,0.005
0xce117988f36a9b2217657c6425e7f681b6ff6c05e5d498497532a3fc27f2f072,Seoul,Will the lowest temperature in Seoul (Incheon) be 29°C on August 2?,41558358134164618301497201068390057664377185102829989012592190731772869357421,Yes,2026-08-01T03:49:09+00:00,0.005
0xce117988f36a9b2217657c6425e7f681b6ff6c05e5d498497532a3fc27f2f072,Seoul,Will the lowest temperature in Seoul (Incheon) be 29°C on August 2?,56945602289316687914232188133423193665925540577705653410006990725503163393041,No,2026-08-01T00:00:12+00:00,0.994
0xce117988f36a9b2217657c6425e7f681b6ff6c05e5d498497532a3fc27f2f072,Seoul,Will the lowest temperature in Seoul (Incheon) be 29°C on August 2?,56945602289316687914232188133423193665925540577705653410006990725503163393041,No,2026-08-01T01:00:08+00:00,0.995
0xce117988f36a9b2217657c6425e7f681b6ff6c05e5d498497532a3fc27f2f072,Seoul,Will the lowest temperature in Seoul (Incheon) be 29°C on August 2?,56945602289316687914232188133423193665925540577705653410006990725503163393041,No,2026-08-01T02:00:07+00:00,0.995
0xce117988f36a9b2217657c6425e7f681b6ff6c05e5d498497532a3fc27f2f072,Seoul,Will the lowest temperature in Seoul (Incheon) be 29°C on August 2?,56945602289316687914232188133423193665925540577705653410006990725503163393041,No,2026-08-01T03:00:08+00:00,0.995
0xce117988f36a9b2217657c6425e7f681b6ff6c05e5d498497532a3fc27f2f072,Seoul,Will the lowest temperature in Seoul (Incheon) be 29°C on August 2?,56945602289316687914232188133423193665925540577705653410006990725503163393041,No,2026-08-01T03:49:09+00:00,0.995
0x188633794f144380e0c2773fb78140b0016574eccb4c72d36394280018e680ce,Seoul,Will the lowest temperature in Seoul (Incheon) be 30°C on August 2?,8091099450966113210747505103544797438897575439825698845935863688120872775883,Yes,2026-08-01T00:00:12+00:00,0.004
0x188633794f144380e0c2773fb78140b0016574eccb4c72d36394280018e680ce,Seoul,Will the lowest temperature in Seoul (Incheon) be 30°C on August 2?,8091099450966113210747505103544797438897575439825698845935863688120872775883,Yes,2026-08-01T01:00:09+00:00,0.0045
0x188633794f144380e0c2773fb78140b0016574eccb4c72d36394280018e680ce,Seoul,Will the lowest temperature in Seoul (Incheon) be 30°C on August 2?,8091099450966113210747505103544797438897575439825698845935863688120872775883,Yes,2026-08-01T02:00:07+00:00,0.0045
0x188633794f144380e0c2773fb78140b0016574eccb4c72d36394280018e680ce,Seoul,Will the lowest temperature in Seoul (Incheon) be 30°C on August 2?,8091099450966113210747505103544797438897575439825698845935863688120872775883,Yes,2026-08-01T03:00:09+00:00,0.0045
0x188633794f144380e0c2773fb78140b0016574eccb4c72d36394280018e680ce,Seoul,Will the lowest temperature in Seoul (Incheon) be 30°C on August 2?,8091099450966113210747505103544797438897575439825698845935863688120872775883,Yes,2026-08-01T03:49:09+00:00,0.0045
0x188633794f144380e0c2773fb78140b0016574eccb4c72d36394280018e680ce,Seoul,Will the lowest temperature in Seoul (Incheon) be 30°C on August 2?,77583263506305762032028596408939301039342011080128111583883748779789161418913,No,2026-08-01T00:00:14+00:00,0.996
0x188633794f144380e0c2773fb78140b0016574eccb4c72d36394280018e680ce,Seoul,Will the lowest temperature in Seoul (Incheon) be 30°C on August 2?,77583263506305762032028596408939301039342011080128111583883748779789161418913,No,2026-08-01T01:00:10+00:00,0.9955
0x188633794f144380e0c2773fb78140b0016574eccb4c72d36394280018e680ce,Seoul,Will the lowest temperature in Seoul (Incheon) be 30°C on August 2?,77583263506305762032028596408939301039342011080128111583883748779789161418913,No,2026-08-01T02:00:09+00:00,0.9955
0x188633794f144380e0c2773fb78140b0016574eccb4c72d36394280018e680ce,Seoul,Will the lowest temperature in Seoul (Incheon) be 30°C on August 2?,77583263506305762032028596408939301039342011080128111583883748779789161418913,No,2026-08-01T03:00:11+00:00,0.9955
0x188633794f144380e0c2773fb78140b0016574eccb4c72d36394280018e680ce,Seoul,Will the lowest temperature in Seoul (Incheon) be 30°C on August 2?,77583263506305762032028596408939301039342011080128111583883748779789161418913,No,2026-08-01T03:49:10+00:00,0.9955
0x0455e51903f52b3280437b2b0ad37a2d28e4f32164fdb5788900bd6eb28f230e,Seoul,Will the lowest temperature in Seoul (Incheon) be 31°C on August 2?,114743770927178202887513140766295181165791095884743041523460403856844947837188,Yes,2026-08-01T00:00:14+00:00,0.0015
0x0455e51903f52b3280437b2b0ad37a2d28e4f32164fdb5788900bd6eb28f230e,Seoul,Will the lowest temperature in Seoul (Incheon) be 31°C on August 2?,114743770927178202887513140766295181165791095884743041523460403856844947837188,Yes,2026-08-01T01:00:10+00:00,0.0015
0x0455e51903f52b3280437b2b0ad37a2d28e4f32164fdb5788900bd6eb28f230e,Seoul,Will the lowest temperature in Seoul (Incheon) be 31°C on August 2?,114743770927178202887513140766295181165791095884743041523460403856844947837188,Yes,2026-08-01T02:00:09+00:00,0.0015
0x0455e51903f52b3280437b2b0ad37a2d28e4f32164fdb5788900bd6eb28f230e,Seoul,Will the lowest temperature in Seoul (Incheon) be 31°C on August 2?,114743770927178202887513140766295181165791095884743041523460403856844947837188,Yes,2026-08-01T03:00:11+00:00,0.002
0x0455e51903f52b3280437b2b0ad37a2d28e4f32164fdb5788900bd6eb28f230e,Seoul,Will the lowest temperature in Seoul (Incheon) be 31°C on August 2?,114743770927178202887513140766295181165791095884743041523460403856844947837188,Yes,2026-08-01T03:49:10+00:00,0.002
0x0455e51903f52b3280437b2b0ad37a2d28e4f32164fdb5788900bd6eb28f230e,Seoul,Will the lowest temperature in Seoul (Incheon) be 31°C on August 2?,95879564636949719955786910429515632159690183109462758699632086869187808522640,No,2026-08-01T00:00:12+00:00,0.9985
0x0455e51903f52b3280437b2b0ad37a2d28e4f32164fdb5788900bd6eb28f230e,Seoul,Will the lowest temperature in Seoul (Incheon) be 31°C on August 2?,95879564636949719955786910429515632159690183109462758699632086869187808522640,No,2026-08-01T01:00:09+00:00,0.9985
0x0455e51903f52b3280437b2b0ad37a2d28e4f32164fdb5788900bd6eb28f230e,Seoul,Will the lowest temperature in Seoul (Incheon) be 31°C on August 2?,95879564636949719955786910429515632159690183109462758699632086869187808522640,No,2026-08-01T02:00:07+00:00,0.9985
0x0455e51903f52b3280437b2b0ad37a2d28e4f32164fdb5788900bd6eb28f230e,Seoul,Will the lowest temperature in Seoul (Incheon) be 31°C on August 2?,95879564636949719955786910429515632159690183109462758699632086869187808522640,No,2026-08-01T03:00:09+00:00,0.998
0x0455e51903f52b3280437b2b0ad37a2d28e4f32164fdb5788900bd6eb28f230e,Seoul,Will the lowest temperature in Seoul (Incheon) be 31°C on August 2?,95879564636949719955786910429515632159690183109462758699632086869187808522640,No,2026-08-01T03:49:09+00:00,0.998
0x39afc47f19ede8ec31b84f24f39cc0412a885ebfac6b741ec3f1230bc8a6c7e1,Seoul,Will the lowest temperature in Seoul (Incheon) be 32°C or higher on August 2?,87707409115176679165424013707960564573227881037455295135543035383952462382917,Yes,2026-08-01T00:00:13+00:00,0.0015
0x39afc47f19ede8ec31b84f24f39cc0412a885ebfac6b741ec3f1230bc8a6c7e1,Seoul,Will the lowest temperature in Seoul (Incheon) be 32°C or higher on August 2?,87707409115176679165424013707960564573227881037455295135543035383952462382917,Yes,2026-08-01T01:00:09+00:00,0.0015
0x39afc47f19ede8ec31b84f24f39cc0412a885ebfac6b741ec3f1230bc8a6c7e1,Seoul,Will the lowest temperature in Seoul (Incheon) be 32°C or higher on August 2?,87707409115176679165424013707960564573227881037455295135543035383952462382917,Yes,2026-08-01T02:00:08+00:00,0.0015
0x39afc47f19ede8ec31b84f24f39cc0412a885ebfac6b741ec3f1230bc8a6c7e1,Seoul,Will the lowest temperature in Seoul (Incheon) be 32°C or higher on August 2?,87707409115176679165424013707960564573227881037455295135543035383952462382917,Yes,2026-08-01T03:00:10+00:00,0.0015
0x39afc47f19ede8ec31b84f24f39cc0412a885ebfac6b741ec3f1230bc8a6c7e1,Seoul,Will the lowest temperature in Seoul (Incheon) be 32°C or higher on August 2?,87707409115176679165424013707960564573227881037455295135543035383952462382917,Yes,2026-08-01T03:49:10+00:00,0.0015
0x39afc47f19ede8ec31b84f24f39cc0412a885ebfac6b741ec3f1230bc8a6c7e1,Seoul,Will the lowest temperature in Seoul (Incheon) be 32°C or higher on August 2?,948859234860412971759784579927644357778703327161861173719730772733956679423,No,2026-08-01T00:00:12+00:00,0.9985
0x39afc47f19ede8ec31b84f24f39cc0412a885ebfac6b741ec3f1230bc8a6c7e1,Seoul,Will the lowest temperature in Seoul (Incheon) be 32°C or higher on August 2?,948859234860412971759784579927644357778703327161861173719730772733956679423,No,2026-08-01T01:00:09+00:00,0.9985
0x39afc47f19ede8ec31b84f24f39cc0412a885ebfac6b741ec3f1230bc8a6c7e1,Seoul,Will the lowest temperature in Seoul (Incheon) be 32°C or higher on August 2?,948859234860412971759784579927644357778703327161861173719730772733956679423,No,2026-08-01T02:00:07+00:00,0.9985
0x39afc47f19ede8ec31b84f24f39cc0412a885ebfac6b741ec3f1230bc8a6c7e1,Seoul,Will the lowest temperature in Seoul (Incheon) be 32°C or higher on August 2?,948859234860412971759784579927644357778703327161861173719730772733956679423,No,2026-08-01T03:00:09+00:00,0.9985
0x39afc47f19ede8ec31b84f24f39cc0412a885ebfac6b741ec3f1230bc8a6c7e1,Seoul,Will the lowest temperature in Seoul (Incheon) be 32°C or higher on August 2?,948859234860412971759784579927644357778703327161861173719730772733956679423,No,2026-08-01T03:49:09+00:00,0.9985
0xd0792b6076e258109925b8595baad804d38b164a7c9fce6aaaefebb8bb90cedc,Seoul,Will the highest temperature in Seoul (Incheon) be 25°C or below on August 1?,8533513988379458304575689613537263288949907889068024019720646676047011683556,Yes,2026-08-01T04:00:10+00:00,0.0005
0xd0792b6076e258109925b8595baad804d38b164a7c9fce6aaaefebb8bb90cedc,Seoul,Will the highest temperature in Seoul (Incheon) be 25°C or below on August 1?,8533513988379458304575689613537263288949907889068024019720646676047011683556,Yes,2026-08-01T05:00:14+00:00,0.0005
0xd0792b6076e258109925b8595baad804d38b164a7c9fce6aaaefebb8bb90cedc,Seoul,Will the highest temperature in Seoul (Incheon) be 25°C or below on August 1?,8533513988379458304575689613537263288949907889068024019720646676047011683556,Yes,2026-08-01T06:00:26+00:00,0.0005
0xd0792b6076e258109925b8595baad804d38b164a7c9fce6aaaefebb8bb90cedc,Seoul,Will the highest temperature in Seoul (Incheon) be 25°C or below on August 1?,8533513988379458304575689613537263288949907889068024019720646676047011683556,Yes,2026-08-01T06:42:07+00:00,0.0005
0xd0792b6076e258109925b8595baad804d38b164a7c9fce6aaaefebb8bb90cedc,Seoul,Will the highest temperature in Seoul (Incheon) be 25°C or below on August 1?,40141462596326812876981122055285583695762688446597470286873702862511265005754,No,2026-08-01T04:00:10+00:00,0.9995
0xd0792b6076e258109925b8595baad804d38b164a7c9fce6aaaefebb8bb90cedc,Seoul,Will the highest temperature in Seoul (Incheon) be 25°C or below on August 1?,40141462596326812876981122055285583695762688446597470286873702862511265005754,No,2026-08-01T05:00:13+00:00,0.9995
0xd0792b6076e258109925b8595baad804d38b164a7c9fce6aaaefebb8bb90cedc,Seoul,Will the highest temperature in Seoul (Incheon) be 25°C or below on August 1?,40141462596326812876981122055285583695762688446597470286873702862511265005754,No,2026-08-01T06:00:25+00:00,0.9995
0xd0792b6076e258109925b8595baad804d38b164a7c9fce6aaaefebb8bb90cedc,Seoul,Will the highest temperature in Seoul (Incheon) be 25°C or below on August 1?,40141462596326812876981122055285583695762688446597470286873702862511265005754,No,2026-08-01T06:42:06+00:00,0.9995
0x6d1769262759f663f720262dc699a9109aea418aa51ec5714865c5c40d7abf05,Seoul,Will the highest temperature in Seoul (Incheon) be 26°C on August 1?,40773380466185274040488650627985431643261389478651800315521110188416831855294,Yes,2026-08-01T04:00:11+00:00,0.0005
0x6d1769262759f663f720262dc699a9109aea418aa51ec5714865c5c40d7abf05,Seoul,Will the highest temperature in Seoul (Incheon) be 26°C on August 1?,40773380466185274040488650627985431643261389478651800315521110188416831855294,Yes,2026-08-01T05:00:14+00:00,0.0005
0x6d1769262759f663f720262dc699a9109aea418aa51ec5714865c5c40d7abf05,Seoul,Will the highest temperature in Seoul (Incheon) be 26°C on August 1?,40773380466185274040488650627985431643261389478651800315521110188416831855294,Yes,2026-08-01T06:00:27+00:00,0.0005
0x6d1769262759f663f720262dc699a9109aea418aa51ec5714865c5c40d7abf05,Seoul,Will the highest temperature in Seoul (Incheon) be 26°C on August 1?,40773380466185274040488650627985431643261389478651800315521110188416831855294,Yes,2026-08-01T06:42:07+00:00,0.0005
0x6d1769262759f663f720262dc699a9109aea418aa51ec5714865c5c40d7abf05,Seoul,Will the highest temperature in Seoul (Incheon) be 26°C on August 1?,63300169007768027742551060794006148851254999899415456659157857114037813444966,No,2026-08-01T04:00:09+00:00,0.9995
0x6d1769262759f663f720262dc699a9109aea418aa51ec5714865c5c40d7abf05,Seoul,Will the highest temperature in Seoul (Incheon) be 26°C on August 1?,63300169007768027742551060794006148851254999899415456659157857114037813444966,No,2026-08-01T05:00:12+00:00,0.9995
0x6d1769262759f663f720262dc699a9109aea418aa51ec5714865c5c40d7abf05,Seoul,Will the highest temperature in Seoul (Incheon) be 26°C on August 1?,63300169007768027742551060794006148851254999899415456659157857114037813444966,No,2026-08-01T06:00:24+00:00,0.9995
0x6d1769262759f663f720262dc699a9109aea418aa51ec5714865c5c40d7abf05,Seoul,Will the highest temperature in Seoul (Incheon) be 26°C on August 1?,63300169007768027742551060794006148851254999899415456659157857114037813444966,No,2026-08-01T06:42:06+00:00,0.9995
0xc859ae3b9499d5c065b1034b95b6082cd48aad72939ba19a84b38ae5603a1909,Seoul,Will the highest temperature in Seoul (Incheon) be 27°C on August 1?,29500608877145635144000099316674912017060278725088172611494049606460410509496,Yes,2026-08-01T04:00:12+00:00,0.0005
0xc859ae3b9499d5c065b1034b95b6082cd48aad72939ba19a84b38ae5603a1909,Seoul,Will the highest temperature in Seoul (Incheon) be 27°C on August 1?,29500608877145635144000099316674912017060278725088172611494049606460410509496,Yes,2026-08-01T05:00:15+00:00,0.0005
0xc859ae3b9499d5c065b1034b95b6082cd48aad72939ba19a84b38ae5603a1909,Seoul,Will the highest temperature in Seoul (Incheon) be 27°C on August 1?,29500608877145635144000099316674912017060278725088172611494049606460410509496,Yes,2026-08-01T06:00:28+00:00,0.0005
0xc859ae3b9499d5c065b1034b95b6082cd48aad72939ba19a84b38ae5603a1909,Seoul,Will the highest temperature in Seoul (Incheon) be 27°C on August 1?,29500608877145635144000099316674912017060278725088172611494049606460410509496,Yes,2026-08-01T06:42:07+00:00,0.0005
0xc859ae3b9499d5c065b1034b95b6082cd48aad72939ba19a84b38ae5603a1909,Seoul,Will the highest temperature in Seoul (Incheon) be 27°C on August 1?,64534888529907866610333319324324410447003598898239836749570226069757198591483,No,2026-08-01T04:00:11+00:00,0.9995
0xc859ae3b9499d5c065b1034b95b6082cd48aad72939ba19a84b38ae5603a1909,Seoul,Will the highest temperature in Seoul (Incheon) be 27°C on August 1?,64534888529907866610333319324324410447003598898239836749570226069757198591483,No,2026-08-01T05:00:14+00:00,0.9995
0xc859ae3b9499d5c065b1034b95b6082cd48aad72939ba19a84b38ae5603a1909,Seoul,Will the highest temperature in Seoul (Incheon) be 27°C on August 1?,64534888529907866610333319324324410447003598898239836749570226069757198591483,No,2026-08-01T06:00:26+00:00,0.9995
0xc859ae3b9499d5c065b1034b95b6082cd48aad72939ba19a84b38ae5603a1909,Seoul,Will the highest temperature in Seoul (Incheon) be 27°C on August 1?,64534888529907866610333319324324410447003598898239836749570226069757198591483,No,2026-08-01T06:42:07+00:00,0.9995
0xbefd56446b19d8129204c790e8ba972d625e3cdb896f5b504a00c0eef7cb7a5a,Seoul,Will the highest temperature in Seoul (Incheon) be 28°C on August 1?,95491326652391348198102129894012133755800815037604206355360757598119588147796,Yes,2026-08-01T04:00:09+00:00,0.0005
0xbefd56446b19d8129204c790e8ba972d625e3cdb896f5b504a00c0eef7cb7a5a,Seoul,Will the highest temperature in Seoul (Incheon) be 28°C on August 1?,95491326652391348198102129894012133755800815037604206355360757598119588147796,Yes,2026-08-01T05:00:12+00:00,0.0005
0xbefd56446b19d8129204c790e8ba972d625e3cdb896f5b504a00c0eef7cb7a5a,Seoul,Will the highest temperature in Seoul (Incheon) be 28°C on August 1?,95491326652391348198102129894012133755800815037604206355360757598119588147796,Yes,2026-08-01T06:00:24+00:00,0.0005
0xbefd56446b19d8129204c790e8ba972d625e3cdb896f5b504a00c0eef7cb7a5a,Seoul,Will the highest temperature in Seoul (Incheon) be 28°C on August 1?,95491326652391348198102129894012133755800815037604206355360757598119588147796,Yes,2026-08-01T06:42:06+00:00,0.0005
0xbefd56446b19d8129204c790e8ba972d625e3cdb896f5b504a00c0eef7cb7a5a,Seoul,Will the highest temperature in Seoul (Incheon) be 28°C on August 1?,22773979698173811567739283235626140492992846365983239158896600088598442064650,No,2026-08-01T04:00:12+00:00,0.9995
0xbefd56446b19d8129204c790e8ba972d625e3cdb896f5b504a00c0eef7cb7a5a,Seoul,Will the highest temperature in Seoul (Incheon) be 28°C on August 1?,22773979698173811567739283235626140492992846365983239158896600088598442064650,No,2026-08-01T05:00:15+00:00,0.9995
0xbefd56446b19d8129204c790e8ba972d625e3cdb896f5b504a00c0eef7cb7a5a,Seoul,Will the highest temperature in Seoul (Incheon) be 28°C on August 1?,22773979698173811567739283235626140492992846365983239158896600088598442064650,No,2026-08-01T06:00:28+00:00,0.9995
0xbefd56446b19d8129204c790e8ba972d625e3cdb896f5b504a00c0eef7cb7a5a,Seoul,Will the highest temperature in Seoul (Incheon) be 28°C on August 1?,22773979698173811567739283235626140492992846365983239158896600088598442064650,No,2026-08-01T06:42:08+00:00,0.9995
0x49cac9d3cc4520a14eb943b20bea4b2d0d9501fe982c442145ffd3ddea12e96f,Seoul,Will the highest temperature in Seoul (Incheon) be 29°C on August 1?,37156468587405578120900474337241560104248614027879457931306468206574828474534,Yes,2026-08-01T04:00:12+00:00,0.0005
0x49cac9d3cc4520a14eb943b20bea4b2d0d9501fe982c442145ffd3ddea12e96f,Seoul,Will the highest temperature in Seoul (Incheon) be 29°C on August 1?,37156468587405578120900474337241560104248614027879457931306468206574828474534,Yes,2026-08-01T05:00:15+00:00,0.0005
0x49cac9d3cc4520a14eb943b20bea4b2d0d9501fe982c442145ffd3ddea12e96f,Seoul,Will the highest temperature in Seoul (Incheon) be 29°C on August 1?,37156468587405578120900474337241560104248614027879457931306468206574828474534,Yes,2026-08-01T06:00:28+00:00,0.0005
0x49cac9d3cc4520a14eb943b20bea4b2d0d9501fe982c442145ffd3ddea12e96f,Seoul,Will the highest temperature in Seoul (Incheon) be 29°C on August 1?,37156468587405578120900474337241560104248614027879457931306468206574828474534,Yes,2026-08-01T06:42:08+00:00,0.0005
0x49cac9d3cc4520a14eb943b20bea4b2d0d9501fe982c442145ffd3ddea12e96f,Seoul,Will the highest temperature in Seoul (Incheon) be 29°C on August 1?,110627128635086003645011491607916997250267739390309436413868394297440625306638,No,2026-08-01T04:00:10+00:00,0.9995
0x49cac9d3cc4520a14eb943b20bea4b2d0d9501fe982c442145ffd3ddea12e96f,Seoul,Will the highest temperature in Seoul (Incheon) be 29°C on August 1?,110627128635086003645011491607916997250267739390309436413868394297440625306638,No,2026-08-01T05:00:13+00:00,0.9995
0x49cac9d3cc4520a14eb943b20bea4b2d0d9501fe982c442145ffd3ddea12e96f,Seoul,Will the highest temperature in Seoul (Incheon) be 29°C on August 1?,110627128635086003645011491607916997250267739390309436413868394297440625306638,No,2026-08-01T06:00:25+00:00,0.9995
0x49cac9d3cc4520a14eb943b20bea4b2d0d9501fe982c442145ffd3ddea12e96f,Seoul,Will the highest temperature in Seoul (Incheon) be 29°C on August 1?,110627128635086003645011491607916997250267739390309436413868394297440625306638,No,2026-08-01T06:42:06+00:00,0.9995
0xe4af99a6a904c2b336fa8dc837490bfe0c990946eacf237bc1db3e05479e726d,Seoul,Will the highest temperature in Seoul (Incheon) be 30°C on August 1?,104465833727310267148579613947552680177886367458332348306679345416256231461960,Yes,2026-08-01T04:00:11+00:00,0.0005
0xe4af99a6a904c2b336fa8dc837490bfe0c990946eacf237bc1db3e05479e726d,Seoul,Will the highest temperature in Seoul (Incheon) be 30°C on August 1?,104465833727310267148579613947552680177886367458332348306679345416256231461960,Yes,2026-08-01T05:00:15+00:00,0.0005
0xe4af99a6a904c2b336fa8dc837490bfe0c990946eacf237bc1db3e05479e726d,Seoul,Will the highest temperature in Seoul (Incheon) be 30°C on August 1?,104465833727310267148579613947552680177886367458332348306679345416256231461960,Yes,2026-08-01T06:00:27+00:00,0.0005
0xe4af99a6a904c2b336fa8dc837490bfe0c990946eacf237bc1db3e05479e726d,Seoul,Will the highest temperature in Seoul (Incheon) be 30°C on August 1?,104465833727310267148579613947552680177886367458332348306679345416256231461960,Yes,2026-08-01T06:40:08+00:00,0.0005
0xe4af99a6a904c2b336fa8dc837490bfe0c990946eacf237bc1db3e05479e726d,Seoul,Will the highest temperature in Seoul (Incheon) be 30°C on August 1?,27531249748542524065076683460540792303657394581249893357889916694760828829561,No,2026-08-01T04:00:10+00:00,0.9995
0xe4af99a6a904c2b336fa8dc837490bfe0c990946eacf237bc1db3e05479e726d,Seoul,Will the highest temperature in Seoul (Incheon) be 30°C on August 1?,27531249748542524065076683460540792303657394581249893357889916694760828829561,No,2026-08-01T05:00:14+00:00,0.9995
0xe4af99a6a904c2b336fa8dc837490bfe0c990946eacf237bc1db3e05479e726d,Seoul,Will the highest temperature in Seoul (Incheon) be 30°C on August 1?,27531249748542524065076683460540792303657394581249893357889916694760828829561,No,2026-08-01T06:00:26+00:00,0.9995
0xe4af99a6a904c2b336fa8dc837490bfe0c990946eacf237bc1db3e05479e726d,Seoul,Will the highest temperature in Seoul (Incheon) be 30°C on August 1?,27531249748542524065076683460540792303657394581249893357889916694760828829561,No,2026-08-01T06:42:07+00:00,0.9995
0x2307f667cdc9676e6fe39e3ef7f8ddf47011aa687370d936c53c8b384570a373,Seoul,Will the highest temperature in Seoul (Incheon) be 31°C on August 1?,26027981725202669683092735515125986719677475912574642988426038977841685573778,Yes,2026-08-01T04:00:10+00:00,0.0005
0x2307f667cdc9676e6fe39e3ef7f8ddf47011aa687370d936c53c8b384570a373,Seoul,Will the highest temperature in Seoul (Incheon) be 31°C on August 1?,26027981725202669683092735515125986719677475912574642988426038977841685573778,Yes,2026-08-01T05:00:14+00:00,0.0005
0x2307f667cdc9676e6fe39e3ef7f8ddf47011aa687370d936c53c8b384570a373,Seoul,Will the highest temperature in Seoul (Incheon) be 31°C on August 1?,26027981725202669683092735515125986719677475912574642988426038977841685573778,Yes,2026-08-01T06:00:26+00:00,0.0005
0x2307f667cdc9676e6fe39e3ef7f8ddf47011aa687370d936c53c8b384570a373,Seoul,Will the highest temperature in Seoul (Incheon) be 31°C on August 1?,26027981725202669683092735515125986719677475912574642988426038977841685573778,Yes,2026-08-01T06:40:07+00:00,0.0005
0x2307f667cdc9676e6fe39e3ef7f8ddf47011aa687370d936c53c8b384570a373,Seoul,Will the highest temperature in Seoul (Incheon) be 31°C on August 1?,3981252166472897860965121401607009032442514490027258676595154528432581305725,No,2026-08-01T04:00:11+00:00,0.9995
0x2307f667cdc9676e6fe39e3ef7f8ddf47011aa687370d936c53c8b384570a373,Seoul,Will the highest temperature in Seoul (Incheon) be 31°C on August 1?,3981252166472897860965121401607009032442514490027258676595154528432581305725,No,2026-08-01T05:00:15+00:00,0.9995
0x2307f667cdc9676e6fe39e3ef7f8ddf47011aa687370d936c53c8b384570a373,Seoul,Will the highest temperature in Seoul (Incheon) be 31°C on August 1?,3981252166472897860965121401607009032442514490027258676595154528432581305725,No,2026-08-01T06:00:27+00:00,0.9995
0x2307f667cdc9676e6fe39e3ef7f8ddf47011aa687370d936c53c8b384570a373,Seoul,Will the highest temperature in Seoul (Incheon) be 31°C on August 1?,3981252166472897860965121401607009032442514490027258676595154528432581305725,No,2026-08-01T06:42:07+00:00,0.9995
0x3948c667d3ad9646304d8a743b2864c7e062ee61e146ff27a899b405cf1409bb,Seoul,Will the highest temperature in Seoul (Incheon) be 32°C on August 1?,23011742652504098548061026531298879196713278678339044408424419439899777767317,Yes,2026-08-01T04:00:11+00:00,0.71
0x3948c667d3ad9646304d8a743b2864c7e062ee61e146ff27a899b405cf1409bb,Seoul,Will the highest temperature in Seoul (Incheon) be 32°C on August 1?,23011742652504098548061026531298879196713278678339044408424419439899777767317,Yes,2026-08-01T05:00:14+00:00,0.8
0x3948c667d3ad9646304d8a743b2864c7e062ee61e146ff27a899b405cf1409bb,Seoul,Will the highest temperature in Seoul (Incheon) be 32°C on August 1?,23011742652504098548061026531298879196713278678339044408424419439899777767317,Yes,2026-08-01T06:00:27+00:00,0.9
0x3948c667d3ad9646304d8a743b2864c7e062ee61e146ff27a899b405cf1409bb,Seoul,Will the highest temperature in Seoul (Incheon) be 32°C on August 1?,23011742652504098548061026531298879196713278678339044408424419439899777767317,Yes,2026-08-01T06:42:07+00:00,0.935
0x3948c667d3ad9646304d8a743b2864c7e062ee61e146ff27a899b405cf1409bb,Seoul,Will the highest temperature in Seoul (Incheon) be 32°C on August 1?,7571232515099222470118374567734263942756772821269087153748631275382097350030,No,2026-08-01T04:00:10+00:00,0.29
0x3948c667d3ad9646304d8a743b2864c7e062ee61e146ff27a899b405cf1409bb,Seoul,Will the highest temperature in Seoul (Incheon) be 32°C on August 1?,7571232515099222470118374567734263942756772821269087153748631275382097350030,No,2026-08-01T05:00:13+00:00,0.2
0x3948c667d3ad9646304d8a743b2864c7e062ee61e146ff27a899b405cf1409bb,Seoul,Will the highest temperature in Seoul (Incheon) be 32°C on August 1?,7571232515099222470118374567734263942756772821269087153748631275382097350030,No,2026-08-01T06:00:26+00:00,0.1
0x3948c667d3ad9646304d8a743b2864c7e062ee61e146ff27a899b405cf1409bb,Seoul,Will the highest temperature in Seoul (Incheon) be 32°C on August 1?,7571232515099222470118374567734263942756772821269087153748631275382097350030,No,2026-08-01T06:42:07+00:00,0.065
0x6ae2e275987b23b5af12fe75b37acba3fb37823e3397f1718627ffb1c902e885,Seoul,Will the highest temperature in Seoul (Incheon) be 33°C on August 1?,32011339035171813608552875017108567331032866759749474003573559495523654119470,Yes,2026-08-01T04:00:10+00:00,0.215
0x6ae2e275987b23b5af12fe75b37acba3fb37823e3397f1718627ffb1c902e885,Seoul,Will the highest temperature in Seoul (Incheon) be 33°C on August 1?,32011339035171813608552875017108567331032866759749474003573559495523654119470,Yes,2026-08-01T05:00:14+00:00,0.165
0x6ae2e275987b23b5af12fe75b37acba3fb37823e3397f1718627ffb1c902e885,Seoul,Will the highest temperature in Seoul (Incheon) be 33°C on August 1?,32011339035171813608552875017108567331032866759749474003573559495523654119470,Yes,2026-08-01T06:00:26+00:00,0.09
0x6ae2e275987b23b5af12fe75b37acba3fb37823e3397f1718627ffb1c902e885,Seoul,Will the highest temperature in Seoul (Incheon) be 33°C on August 1?,32011339035171813608552875017108567331032866759749474003573559495523654119470,Yes,2026-08-01T06:42:07+00:00,0.065
0x6ae2e275987b23b5af12fe75b37acba3fb37823e3397f1718627ffb1c902e885,Seoul,Will the highest temperature in Seoul (Incheon) be 33°C on August 1?,54925701434236354544723068437696624750260532872940631503324597904085826895294,No,2026-08-01T04:00:12+00:00,0.785
0x6ae2e275987b23b5af12fe75b37acba3fb37823e3397f1718627ffb1c902e885,Seoul,Will the highest temperature in Seoul (Incheon) be 33°C on August 1?,54925701434236354544723068437696624750260532872940631503324597904085826895294,No,2026-08-01T05:00:16+00:00,0.835
0x6ae2e275987b23b5af12fe75b37acba3fb37823e3397f1718627ffb1c902e885,Seoul,Will the highest temperature in Seoul (Incheon) be 33°C on August 1?,54925701434236354544723068437696624750260532872940631503324597904085826895294,No,2026-08-01T06:00:28+00:00,0.91
0x6ae2e275987b23b5af12fe75b37acba3fb37823e3397f1718627ffb1c902e885,Seoul,Will the highest temperature in Seoul (Incheon) be 33°C on August 1?,54925701434236354544723068437696624750260532872940631503324597904085826895294,No,2026-08-01T06:42:08+00:00,0.935
0x28c2673470b401c40df1c4b6434a077ba95959fdf94178abefd7c7d9b5a9a88c,Seoul,Will the highest temperature in Seoul (Incheon) be 34°C on August 1?,106424811315411714302502324902619838626389066355380234655712299464870896724411,Yes,2026-08-01T04:00:10+00:00,0.0265
0x28c2673470b401c40df1c4b6434a077ba95959fdf94178abefd7c7d9b5a9a88c,Seoul,Will the highest temperature in Seoul (Incheon) be 34°C on August 1?,106424811315411714302502324902619838626389066355380234655712299464870896724411,Yes,2026-08-01T05:00:13+00:00,0.013
0x28c2673470b401c40df1c4b6434a077ba95959fdf94178abefd7c7d9b5a9a88c,Seoul,Will the highest temperature in Seoul (Incheon) be 34°C on August 1?,106424811315411714302502324902619838626389066355380234655712299464870896724411,Yes,2026-08-01T06:00:26+00:00,0.006
0x28c2673470b401c40df1c4b6434a077ba95959fdf94178abefd7c7d9b5a9a88c,Seoul,Will the highest temperature in Seoul (Incheon) be 34°C on August 1?,106424811315411714302502324902619838626389066355380234655712299464870896724411,Yes,2026-08-01T06:42:07+00:00,0.002
0x28c2673470b401c40df1c4b6434a077ba95959fdf94178abefd7c7d9b5a9a88c,Seoul,Will the highest temperature in Seoul (Incheon) be 34°C on August 1?,91286016663869440106579321441517791119758623399650093413182256285268638497895,No,2026-08-01T04:00:11+00:00,0.9735
0x28c2673470b401c40df1c4b6434a077ba95959fdf94178abefd7c7d9b5a9a88c,Seoul,Will the highest temperature in Seoul (Incheon) be 34°C on August 1?,91286016663869440106579321441517791119758623399650093413182256285268638497895,No,2026-08-01T05:00:14+00:00,0.987
0x28c2673470b401c40df1c4b6434a077ba95959fdf94178abefd7c7d9b5a9a88c,Seoul,Will the highest temperature in Seoul (Incheon) be 34°C on August 1?,91286016663869440106579321441517791119758623399650093413182256285268638497895,No,2026-08-01T06:00:26+00:00,0.994
0x28c2673470b401c40df1c4b6434a077ba95959fdf94178abefd7c7d9b5a9a88c,Seoul,Will the highest temperature in Seoul (Incheon) be 34°C on August 1?,91286016663869440106579321441517791119758623399650093413182256285268638497895,No,2026-08-01T06:42:07+00:00,0.998
0xc529fb69070947b2704fcb3e5baef47ac8a989a8908929372003ce23ea3aa37a,Seoul,Will the highest temperature in Seoul (Incheon) be 35°C or higher on August 1?,37678255753096523077195428428890663563927301273344278644355946679134032687671,Yes,2026-08-01T04:00:10+00:00,0.01
0xc529fb69070947b2704fcb3e5baef47ac8a989a8908929372003ce23ea3aa37a,Seoul,Will the highest temperature in Seoul (Incheon) be 35°C or higher on August 1?,37678255753096523077195428428890663563927301273344278644355946679134032687671,Yes,2026-08-01T05:00:13+00:00,0.008
0xc529fb69070947b2704fcb3e5baef47ac8a989a8908929372003ce23ea3aa37a,Seoul,Will the highest temperature in Seoul (Incheon) be 35°C or higher on August 1?,37678255753096523077195428428890663563927301273344278644355946679134032687671,Yes,2026-08-01T06:00:26+00:00,0.0035
0xc529fb69070947b2704fcb3e5baef47ac8a989a8908929372003ce23ea3aa37a,Seoul,Will the highest temperature in Seoul (Incheon) be 35°C or higher on August 1?,37678255753096523077195428428890663563927301273344278644355946679134032687671,Yes,2026-08-01T06:42:07+00:00,0.0005
0xc529fb69070947b2704fcb3e5baef47ac8a989a8908929372003ce23ea3aa37a,Seoul,Will the highest temperature in Seoul (Incheon) be 35°C or higher on August 1?,79859422423492323098220565105554084495840007687068404845421799507243117731981,No,2026-08-01T04:00:10+00:00,0.99
0xc529fb69070947b2704fcb3e5baef47ac8a989a8908929372003ce23ea3aa37a,Seoul,Will the highest temperature in Seoul (Incheon) be 35°C or higher on August 1?,79859422423492323098220565105554084495840007687068404845421799507243117731981,No,2026-08-01T05:00:13+00:00,0.992
0xc529fb69070947b2704fcb3e5baef47ac8a989a8908929372003ce23ea3aa37a,Seoul,Will the highest temperature in Seoul (Incheon) be 35°C or higher on August 1?,79859422423492323098220565105554084495840007687068404845421799507243117731981,No,2026-08-01T06:00:26+00:00,0.9965
0xc529fb69070947b2704fcb3e5baef47ac8a989a8908929372003ce23ea3aa37a,Seoul,Will the highest temperature in Seoul (Incheon) be 35°C or higher on August 1?,79859422423492323098220565105554084495840007687068404845421799507243117731981,No,2026-08-01T06:42:07+00:00,0.9995
0x0823987c3e682a59b0689691c5c49f6fb5097dd30bfebaddca8080506ff5f167,Seoul,Will the lowest temperature in Seoul (Incheon) be 22°C or below on August 1?,115522439040962885739395246092651457967987447921074837961888152943446673568768,Yes,2026-08-01T04:00:10+00:00,0.0005
0x0823987c3e682a59b0689691c5c49f6fb5097dd30bfebaddca8080506ff5f167,Seoul,Will the lowest temperature in Seoul (Incheon) be 22°C or below on August 1?,115522439040962885739395246092651457967987447921074837961888152943446673568768,Yes,2026-08-01T05:00:14+00:00,0.0005
0x0823987c3e682a59b0689691c5c49f6fb5097dd30bfebaddca8080506ff5f167,Seoul,Will the lowest temperature in Seoul (Incheon) be 22°C or below on August 1?,115522439040962885739395246092651457967987447921074837961888152943446673568768,Yes,2026-08-01T06:00:26+00:00,0.0005
0x0823987c3e682a59b0689691c5c49f6fb5097dd30bfebaddca8080506ff5f167,Seoul,Will the lowest temperature in Seoul (Incheon) be 22°C or below on August 1?,115522439040962885739395246092651457967987447921074837961888152943446673568768,Yes,2026-08-01T06:42:07+00:00,0.0005
0x0823987c3e682a59b0689691c5c49f6fb5097dd30bfebaddca8080506ff5f167,Seoul,Will the lowest temperature in Seoul (Incheon) be 22°C or below on August 1?,87552249633618477863707875185894348714050988462599562852072132010832126159829,No,2026-08-01T04:00:09+00:00,0.9995
0x0823987c3e682a59b0689691c5c49f6fb5097dd30bfebaddca8080506ff5f167,Seoul,Will the lowest temperature in Seoul (Incheon) be 22°C or below on August 1?,87552249633618477863707875185894348714050988462599562852072132010832126159829,No,2026-08-01T05:00:12+00:00,0.9995
0x0823987c3e682a59b0689691c5c49f6fb5097dd30bfebaddca8080506ff5f167,Seoul,Will the lowest temperature in Seoul (Incheon) be 22°C or below on August 1?,87552249633618477863707875185894348714050988462599562852072132010832126159829,No,2026-08-01T06:00:25+00:00,0.9995
0x0823987c3e682a59b0689691c5c49f6fb5097dd30bfebaddca8080506ff5f167,Seoul,Will the lowest temperature in Seoul (Incheon) be 22°C or below on August 1?,87552249633618477863707875185894348714050988462599562852072132010832126159829,No,2026-08-01T06:42:06+00:00,0.9995
0x4de546104719af95cfe6b25654dbf8b7bf7f9bc2c1acbed0c2322fffe87d2384,Seoul,Will the lowest temperature in Seoul (Incheon) be 23°C on August 1?,88532792779642173247160359430410427451612051190999663752140242554041439913550,Yes,2026-08-01T04:00:11+00:00,0.0005
0x4de546104719af95cfe6b25654dbf8b7bf7f9bc2c1acbed0c2322fffe87d2384,Seoul,Will the lowest temperature in Seoul (Incheon) be 23°C on August 1?,88532792779642173247160359430410427451612051190999663752140242554041439913550,Yes,2026-08-01T05:00:14+00:00,0.0005
0x4de546104719af95cfe6b25654dbf8b7bf7f9bc2c1acbed0c2322fffe87d2384,Seoul,Will the lowest temperature in Seoul (Incheon) be 23°C on August 1?,88532792779642173247160359430410427451612051190999663752140242554041439913550,Yes,2026-08-01T06:00:27+00:00,0.0005
0x4de546104719af95cfe6b25654dbf8b7bf7f9bc2c1acbed0c2322fffe87d2384,Seoul,Will the lowest temperature in Seoul (Incheon) be 23°C on August 1?,88532792779642173247160359430410427451612051190999663752140242554041439913550,Yes,2026-08-01T06:42:07+00:00,0.0005
0x4de546104719af95cfe6b25654dbf8b7bf7f9bc2c1acbed0c2322fffe87d2384,Seoul,Will the lowest temperature in Seoul (Incheon) be 23°C on August 1?,113031101527207574855272117507870678187937030225515689624088589501185277463705,No,2026-08-01T04:00:11+00:00,0.9995
0x4de546104719af95cfe6b25654dbf8b7bf7f9bc2c1acbed0c2322fffe87d2384,Seoul,Will the lowest temperature in Seoul (Incheon) be 23°C on August 1?,113031101527207574855272117507870678187937030225515689624088589501185277463705,No,2026-08-01T05:00:14+00:00,0.9995
0x4de546104719af95cfe6b25654dbf8b7bf7f9bc2c1acbed0c2322fffe87d2384,Seoul,Will the lowest temperature in Seoul (Incheon) be 23°C on August 1?,113031101527207574855272117507870678187937030225515689624088589501185277463705,No,2026-08-01T06:00:26+00:00,0.9995
0x4de546104719af95cfe6b25654dbf8b7bf7f9bc2c1acbed0c2322fffe87d2384,Seoul,Will the lowest temperature in Seoul (Incheon) be 23°C on August 1?,113031101527207574855272117507870678187937030225515689624088589501185277463705,No,2026-08-01T06:42:07+00:00,0.9995
0x06db4da938e5c0d234cfec1d8865eabeaed92aadecbb001ef03fa6d3d357ba7e,Seoul,Will the lowest temperature in Seoul (Incheon) be 24°C on August 1?,51050193329669517790992391641810861558990837568533590638759538100702321195012,Yes,2026-08-01T04:00:11+00:00,0.0015
0x06db4da938e5c0d234cfec1d8865eabeaed92aadecbb001ef03fa6d3d357ba7e,Seoul,Will the lowest temperature in Seoul (Incheon) be 24°C on August 1?,51050193329669517790992391641810861558990837568533590638759538100702321195012,Yes,2026-08-01T05:00:15+00:00,0.0015
0x06db4da938e5c0d234cfec1d8865eabeaed92aadecbb001ef03fa6d3d357ba7e,Seoul,Will the lowest temperature in Seoul (Incheon) be 24°C on August 1?,51050193329669517790992391641810861558990837568533590638759538100702321195012,Yes,2026-08-01T06:00:27+00:00,0.0015
0x06db4da938e5c0d234cfec1d8865eabeaed92aadecbb001ef03fa6d3d357ba7e,Seoul,Will the lowest temperature in Seoul (Incheon) be 24°C on August 1?,51050193329669517790992391641810861558990837568533590638759538100702321195012,Yes,2026-08-01T06:42:07+00:00,0.0015
0x06db4da938e5c0d234cfec1d8865eabeaed92aadecbb001ef03fa6d3d357ba7e,Seoul,Will the lowest temperature in Seoul (Incheon) be 24°C on August 1?,49948002326355732779454110442694490331965482400095519617165982554934148299946,No,2026-08-01T04:00:11+00:00,0.9985
0x06db4da938e5c0d234cfec1d8865eabeaed92aadecbb001ef03fa6d3d357ba7e,Seoul,Will the lowest temperature in Seoul (Incheon) be 24°C on August 1?,49948002326355732779454110442694490331965482400095519617165982554934148299946,No,2026-08-01T05:00:15+00:00,0.9985
0x06db4da938e5c0d234cfec1d8865eabeaed92aadecbb001ef03fa6d3d357ba7e,Seoul,Will the lowest temperature in Seoul (Incheon) be 24°C on August 1?,49948002326355732779454110442694490331965482400095519617165982554934148299946,No,2026-08-01T06:00:27+00:00,0.9985
0x06db4da938e5c0d234cfec1d8865eabeaed92aadecbb001ef03fa6d3d357ba7e,Seoul,Will the lowest temperature in Seoul (Incheon) be 24°C on August 1?,49948002326355732779454110442694490331965482400095519617165982554934148299946,No,2026-08-01T06:42:07+00:00,0.9985
0x35f7a442d8356a33bebc1396bc76b8edca028f899796bec43f09443f1a7c87da,Seoul,Will the lowest temperature in Seoul (Incheon) be 25°C on August 1?,35235895000458516965826137721191759320795944653432088079812736035497458566053,Yes,2026-08-01T04:00:11+00:00,0.045
0x35f7a442d8356a33bebc1396bc76b8edca028f899796bec43f09443f1a7c87da,Seoul,Will the lowest temperature in Seoul (Incheon) be 25°C on August 1?,35235895000458516965826137721191759320795944653432088079812736035497458566053,Yes,2026-08-01T05:00:15+00:00,0.06
0x35f7a442d8356a33bebc1396bc76b8edca028f899796bec43f09443f1a7c87da,Seoul,Will the lowest temperature in Seoul (Incheon) be 25°C on August 1?,35235895000458516965826137721191759320795944653432088079812736035497458566053,Yes,2026-08-01T06:00:27+00:00,0.015
0x35f7a442d8356a33bebc1396bc76b8edca028f899796bec43f09443f1a7c87da,Seoul,Will the lowest temperature in Seoul (Incheon) be 25°C on August 1?,35235895000458516965826137721191759320795944653432088079812736035497458566053,Yes,2026-08-01T06:42:07+00:00,0.015
0x35f7a442d8356a33bebc1396bc76b8edca028f899796bec43f09443f1a7c87da,Seoul,Will the lowest temperature in Seoul (Incheon) be 25°C on August 1?,68514957237065661930972658621748402294422702973836860162005450675879996807290,No,2026-08-01T04:00:11+00:00,0.955
0x35f7a442d8356a33bebc1396bc76b8edca028f899796bec43f09443f1a7c87da,Seoul,Will the lowest temperature in Seoul (Incheon) be 25°C on August 1?,68514957237065661930972658621748402294422702973836860162005450675879996807290,No,2026-08-01T05:00:15+00:00,0.94
0x35f7a442d8356a33bebc1396bc76b8edca028f899796bec43f09443f1a7c87da,Seoul,Will the lowest temperature in Seoul (Incheon) be 25°C on August 1?,68514957237065661930972658621748402294422702973836860162005450675879996807290,No,2026-08-01T06:00:27+00:00,0.985
0x35f7a442d8356a33bebc1396bc76b8edca028f899796bec43f09443f1a7c87da,Seoul,Will the lowest temperature in Seoul (Incheon) be 25°C on August 1?,68514957237065661930972658621748402294422702973836860162005450675879996807290,No,2026-08-01T06:42:07+00:00,0.985
0x8928aadc76c7187452de9f96a1ff5d38c6974831be26ccdd4d28e220dcacc3ae,Seoul,Will the lowest temperature in Seoul (Incheon) be 26°C on August 1?,97323326723576609720748442661486746228840533830034866894756505274267081213403,Yes,2026-08-01T04:00:11+00:00,0.98
0x8928aadc76c7187452de9f96a1ff5d38c6974831be26ccdd4d28e220dcacc3ae,Seoul,Will the lowest temperature in Seoul (Incheon) be 26°C on August 1?,97323326723576609720748442661486746228840533830034866894756505274267081213403,Yes,2026-08-01T05:00:14+00:00,0.98
0x8928aadc76c7187452de9f96a1ff5d38c6974831be26ccdd4d28e220dcacc3ae,Seoul,Will the lowest temperature in Seoul (Incheon) be 26°C on August 1?,97323326723576609720748442661486746228840533830034866894756505274267081213403,Yes,2026-08-01T06:00:26+00:00,0.98
0x8928aadc76c7187452de9f96a1ff5d38c6974831be26ccdd4d28e220dcacc3ae,Seoul,Will the lowest temperature in Seoul (Incheon) be 26°C on August 1?,97323326723576609720748442661486746228840533830034866894756505274267081213403,Yes,2026-08-01T06:42:07+00:00,0.98
0x8928aadc76c7187452de9f96a1ff5d38c6974831be26ccdd4d28e220dcacc3ae,Seoul,Will the lowest temperature in Seoul (Incheon) be 26°C on August 1?,1851413710827862409894812327004843553621645653312126535704664927554417764527,No,2026-08-01T04:00:10+00:00,0.02
0x8928aadc76c7187452de9f96a1ff5d38c6974831be26ccdd4d28e220dcacc3ae,Seoul,Will the lowest temperature in Seoul (Incheon) be 26°C on August 1?,1851413710827862409894812327004843553621645653312126535704664927554417764527,No,2026-08-01T05:00:14+00:00,0.02
0x8928aadc76c7187452de9f96a1ff5d38c6974831be26ccdd4d28e220dcacc3ae,Seoul,Will the lowest temperature in Seoul (Incheon) be 26°C on August 1?,1851413710827862409894812327004843553621645653312126535704664927554417764527,No,2026-08-01T06:00:26+00:00,0.02
0x8928aadc76c7187452de9f96a1ff5d38c6974831be26ccdd4d28e220dcacc3ae,Seoul,Will the lowest temperature in Seoul (Incheon) be 26°C on August 1?,1851413710827862409894812327004843553621645653312126535704664927554417764527,No,2026-08-01T06:42:07+00:00,0.02
0xb080a8ad211f8f410d2897235f0ffa9e623bc245e0666f57a04ccc0fa4f54a74,Seoul,Will the lowest temperature in Seoul (Incheon) be 27°C on August 1?,40265105346755331271273644297518986113028452852936180392172640994908265512353,Yes,2026-08-01T04:00:11+00:00,0.0005
0xb080a8ad211f8f410d2897235f0ffa9e623bc245e0666f57a04ccc0fa4f54a74,Seoul,Will the lowest temperature in Seoul (Incheon) be 27°C on August 1?,40265105346755331271273644297518986113028452852936180392172640994908265512353,Yes,2026-08-01T05:00:14+00:00,0.003
0xb080a8ad211f8f410d2897235f0ffa9e623bc245e0666f57a04ccc0fa4f54a74,Seoul,Will the lowest temperature in Seoul (Incheon) be 27°C on August 1?,40265105346755331271273644297518986113028452852936180392172640994908265512353,Yes,2026-08-01T06:00:27+00:00,0.003
0xb080a8ad211f8f410d2897235f0ffa9e623bc245e0666f57a04ccc0fa4f54a74,Seoul,Will the lowest temperature in Seoul (Incheon) be 27°C on August 1?,40265105346755331271273644297518986113028452852936180392172640994908265512353,Yes,2026-08-01T06:42:07+00:00,0.003
0xb080a8ad211f8f410d2897235f0ffa9e623bc245e0666f57a04ccc0fa4f54a74,Seoul,Will the lowest temperature in Seoul (Incheon) be 27°C on August 1?,74499595780167200827431137324118895000538842337147595074093109494097665880796,No,2026-08-01T04:00:10+00:00,0.9995
0xb080a8ad211f8f410d2897235f0ffa9e623bc245e0666f57a04ccc0fa4f54a74,Seoul,Will the lowest temperature in Seoul (Incheon) be 27°C on August 1?,74499595780167200827431137324118895000538842337147595074093109494097665880796,No,2026-08-01T05:00:13+00:00,0.997
0xb080a8ad211f8f410d2897235f0ffa9e623bc245e0666f57a04ccc0fa4f54a74,Seoul,Will the lowest temperature in Seoul (Incheon) be 27°C on August 1?,74499595780167200827431137324118895000538842337147595074093109494097665880796,No,2026-08-01T06:00:25+00:00,0.997
0xb080a8ad211f8f410d2897235f0ffa9e623bc245e0666f57a04ccc0fa4f54a74,Seoul,Will the lowest temperature in Seoul (Incheon) be 27°C on August 1?,74499595780167200827431137324118895000538842337147595074093109494097665880796,No,2026-08-01T06:42:06+00:00,0.997
0x348a59aa6b3bae696d466839a2e7b641e64bd6a303da6ec9cda5882594570b8c,Seoul,Will the lowest temperature in Seoul (Incheon) be 28°C on August 1?,77634721969246490024485222801085128535433035557780869373649638440960182924580,Yes,2026-08-01T04:00:10+00:00,0.0005
0x348a59aa6b3bae696d466839a2e7b641e64bd6a303da6ec9cda5882594570b8c,Seoul,Will the lowest temperature in Seoul (Incheon) be 28°C on August 1?,77634721969246490024485222801085128535433035557780869373649638440960182924580,Yes,2026-08-01T05:00:13+00:00,0.0005
0x348a59aa6b3bae696d466839a2e7b641e64bd6a303da6ec9cda5882594570b8c,Seoul,Will the lowest temperature in Seoul (Incheon) be 28°C on August 1?,77634721969246490024485222801085128535433035557780869373649638440960182924580,Yes,2026-08-01T06:00:25+00:00,0.0005
0x348a59aa6b3bae696d466839a2e7b641e64bd6a303da6ec9cda5882594570b8c,Seoul,Will the lowest temperature in Seoul (Incheon) be 28°C on August 1?,77634721969246490024485222801085128535433035557780869373649638440960182924580,Yes,2026-08-01T06:42:06+00:00,0.0005
0x348a59aa6b3bae696d466839a2e7b641e64bd6a303da6ec9cda5882594570b8c,Seoul,Will the lowest temperature in Seoul (Incheon) be 28°C on August 1?,113775806978425023418247280979409498933060406110995404752600053832664374503703,No,2026-08-01T04:00:11+00:00,0.9995
0x348a59aa6b3bae696d466839a2e7b641e64bd6a303da6ec9cda5882594570b8c,Seoul,Will the lowest temperature in Seoul (Incheon) be 28°C on August 1?,113775806978425023418247280979409498933060406110995404752600053832664374503703,No,2026-08-01T05:00:14+00:00,0.9995
0x348a59aa6b3bae696d466839a2e7b641e64bd6a303da6ec9cda5882594570b8c,Seoul,Will the lowest temperature in Seoul (Incheon) be 28°C on August 1?,113775806978425023418247280979409498933060406110995404752600053832664374503703,No,2026-08-01T06:00:26+00:00,0.9995
0x348a59aa6b3bae696d466839a2e7b641e64bd6a303da6ec9cda5882594570b8c,Seoul,Will the lowest temperature in Seoul (Incheon) be 28°C on August 1?,113775806978425023418247280979409498933060406110995404752600053832664374503703,No,2026-08-01T06:42:07+00:00,0.9995
0xf1285344a09844fae972f315d75a6ac9a9eee56986261ff1043697af1c93b680,Seoul,Will the lowest temperature in Seoul (Incheon) be 29°C on August 1?,93872973583861486619415690971445894360050096430642639099514474602007100203473,Yes,2026-08-01T04:00:10+00:00,0.0005
0xf1285344a09844fae972f315d75a6ac9a9eee56986261ff1043697af1c93b680,Seoul,Will the lowest temperature in Seoul (Incheon) be 29°C on August 1?,93872973583861486619415690971445894360050096430642639099514474602007100203473,Yes,2026-08-01T05:00:14+00:00,0.0005
0xf1285344a09844fae972f315d75a6ac9a9eee56986261ff1043697af1c93b680,Seoul,Will the lowest temperature in Seoul (Incheon) be 29°C on August 1?,93872973583861486619415690971445894360050096430642639099514474602007100203473,Yes,2026-08-01T06:00:26+00:00,0.0005
0xf1285344a09844fae972f315d75a6ac9a9eee56986261ff1043697af1c93b680,Seoul,Will the lowest temperature in Seoul (Incheon) be 29°C on August 1?,93872973583861486619415690971445894360050096430642639099514474602007100203473,Yes,2026-08-01T06:42:07+00:00,0.0005
0xf1285344a09844fae972f315d75a6ac9a9eee56986261ff1043697af1c93b680,Seoul,Will the lowest temperature in Seoul (Incheon) be 29°C on August 1?,59080374115249938551948943063968712429947898676952476639746229585854554331945,No,2026-08-01T04:00:10+00:00,0.9995
0xf1285344a09844fae972f315d75a6ac9a9eee56986261ff1043697af1c93b680,Seoul,Will the lowest temperature in Seoul (Incheon) be 29°C on August 1?,59080374115249938551948943063968712429947898676952476639746229585854554331945,No,2026-08-01T05:00:13+00:00,0.9995
0xf1285344a09844fae972f315d75a6ac9a9eee56986261ff1043697af1c93b680,Seoul,Will the lowest temperature in Seoul (Incheon) be 29°C on August 1?,59080374115249938551948943063968712429947898676952476639746229585854554331945,No,2026-08-01T06:00:25+00:00,0.9995
0xf1285344a09844fae972f315d75a6ac9a9eee56986261ff1043697af1c93b680,Seoul,Will the lowest temperature in Seoul (Incheon) be 29°C on August 1?,59080374115249938551948943063968712429947898676952476639746229585854554331945,No,2026-08-01T06:42:07+00:00,0.9995
0xb1b382f92f657b0cfee524d74de6797b5a3af5cac4e8dc1872e35ae528b5af01,Seoul,Will the lowest temperature in Seoul (Incheon) be 30°C on August 1?,32203698952635040383130029186187654391197221132014889480954886774683053876266,Yes,2026-08-01T04:00:10+00:00,0.0005
0xb1b382f92f657b0cfee524d74de6797b5a3af5cac4e8dc1872e35ae528b5af01,Seoul,Will the lowest temperature in Seoul (Incheon) be 30°C on August 1?,32203698952635040383130029186187654391197221132014889480954886774683053876266,Yes,2026-08-01T05:00:13+00:00,0.0005
0xb1b382f92f657b0cfee524d74de6797b5a3af5cac4e8dc1872e35ae528b5af01,Seoul,Will the lowest temperature in Seoul (Incheon) be 30°C on August 1?,32203698952635040383130029186187654391197221132014889480954886774683053876266,Yes,2026-08-01T06:00:25+00:00,0.0005
0xb1b382f92f657b0cfee524d74de6797b5a3af5cac4e8dc1872e35ae528b5af01,Seoul,Will the lowest temperature in Seoul (Incheon) be 30°C on August 1?,32203698952635040383130029186187654391197221132014889480954886774683053876266,Yes,2026-08-01T06:42:06+00:00,0.0005
0xb1b382f92f657b0cfee524d74de6797b5a3af5cac4e8dc1872e35ae528b5af01,Seoul,Will the lowest temperature in Seoul (Incheon) be 30°C on August 1?,110361970022019961347046895118467290402309853033303405900843774321280217780824,No,2026-08-01T04:00:11+00:00,0.9995
0xb1b382f92f657b0cfee524d74de6797b5a3af5cac4e8dc1872e35ae528b5af01,Seoul,Will the lowest temperature in Seoul (Incheon) be 30°C on August 1?,110361970022019961347046895118467290402309853033303405900843774321280217780824,No,2026-08-01T05:00:15+00:00,0.9995
0xb1b382f92f657b0cfee524d74de6797b5a3af5cac4e8dc1872e35ae528b5af01,Seoul,Will the lowest temperature in Seoul (Incheon) be 30°C on August 1?,110361970022019961347046895118467290402309853033303405900843774321280217780824,No,2026-08-01T06:00:27+00:00,0.9995
0xb1b382f92f657b0cfee524d74de6797b5a3af5cac4e8dc1872e35ae528b5af01,Seoul,Will the lowest temperature in Seoul (Incheon) be 30°C on August 1?,110361970022019961347046895118467290402309853033303405900843774321280217780824,No,2026-08-01T06:42:07+00:00,0.9995
0x6beee29aa99c8e81bed93d861adc76af80b506c0cbd589b759b63c6d2ebd05f7,Seoul,Will the lowest temperature in Seoul (Incheon) be 31°C on August 1?,69944737276738460714809354496276602902559850144983055356130261738212183146854,Yes,2026-08-01T04:00:10+00:00,0.0005
0x6beee29aa99c8e81bed93d861adc76af80b506c0cbd589b759b63c6d2ebd05f7,Seoul,Will the lowest temperature in Seoul (Incheon) be 31°C on August 1?,69944737276738460714809354496276602902559850144983055356130261738212183146854,Yes,2026-08-01T05:00:13+00:00,0.0005
0x6beee29aa99c8e81bed93d861adc76af80b506c0cbd589b759b63c6d2ebd05f7,Seoul,Will the lowest temperature in Seoul (Incheon) be 31°C on August 1?,69944737276738460714809354496276602902559850144983055356130261738212183146854,Yes,2026-08-01T06:00:25+00:00,0.0005
0x6beee29aa99c8e81bed93d861adc76af80b506c0cbd589b759b63c6d2ebd05f7,Seoul,Will the lowest temperature in Seoul (Incheon) be 31°C on August 1?,69944737276738460714809354496276602902559850144983055356130261738212183146854,Yes,2026-08-01T06:42:07+00:00,0.0005
0x6beee29aa99c8e81bed93d861adc76af80b506c0cbd589b759b63c6d2ebd05f7,Seoul,Will the lowest temperature in Seoul (Incheon) be 31°C on August 1?,107502626787628720120653297918271312257326254623031611806117721005085655880757,No,2026-08-01T04:00:12+00:00,0.9995
0x6beee29aa99c8e81bed93d861adc76af80b506c0cbd589b759b63c6d2ebd05f7,Seoul,Will the lowest temperature in Seoul (Incheon) be 31°C on August 1?,107502626787628720120653297918271312257326254623031611806117721005085655880757,No,2026-08-01T05:00:16+00:00,0.9995
0x6beee29aa99c8e81bed93d861adc76af80b506c0cbd589b759b63c6d2ebd05f7,Seoul,Will the lowest temperature in Seoul (Incheon) be 31°C on August 1?,107502626787628720120653297918271312257326254623031611806117721005085655880757,No,2026-08-01T06:00:28+00:00,0.9995
0x6beee29aa99c8e81bed93d861adc76af80b506c0cbd589b759b63c6d2ebd05f7,Seoul,Will the lowest temperature in Seoul (Incheon) be 31°C on August 1?,107502626787628720120653297918271312257326254623031611806117721005085655880757,No,2026-08-01T06:42:08+00:00,0.9995
0xd44d81bcb66538d7d0e613549983a4da6a05161f7d6c0925b39ef41c443c2948,Seoul,Will the lowest temperature in Seoul (Incheon) be 32°C or higher on August 1?,5212430577027452582187714210181130256539114942008666985602980227241497605856,Yes,2026-08-01T04:00:09+00:00,0.0005
0xd44d81bcb66538d7d0e613549983a4da6a05161f7d6c0925b39ef41c443c2948,Seoul,Will the lowest temperature in Seoul (Incheon) be 32°C or higher on August 1?,5212430577027452582187714210181130256539114942008666985602980227241497605856,Yes,2026-08-01T05:00:12+00:00,0.0005
0xd44d81bcb66538d7d0e613549983a4da6a05161f7d6c0925b39ef41c443c2948,Seoul,Will the lowest temperature in Seoul (Incheon) be 32°C or higher on August 1?,5212430577027452582187714210181130256539114942008666985602980227241497605856,Yes,2026-08-01T06:00:25+00:00,0.0005
0xd44d81bcb66538d7d0e613549983a4da6a05161f7d6c0925b39ef41c443c2948,Seoul,Will the lowest temperature in Seoul (Incheon) be 32°C or higher on August 1?,5212430577027452582187714210181130256539114942008666985602980227241497605856,Yes,2026-08-01T06:42:06+00:00,0.0005
0xd44d81bcb66538d7d0e613549983a4da6a05161f7d6c0925b39ef41c443c2948,Seoul,Will the lowest temperature in Seoul (Incheon) be 32°C or higher on August 1?,86507058172429976455065385856599288647791994965319423546288345627601150691672,No,2026-08-01T04:00:10+00:00,0.9995
0xd44d81bcb66538d7d0e613549983a4da6a05161f7d6c0925b39ef41c443c2948,Seoul,Will the lowest temperature in Seoul (Incheon) be 32°C or higher on August 1?,86507058172429976455065385856599288647791994965319423546288345627601150691672,No,2026-08-01T05:00:13+00:00,0.9995
0xd44d81bcb66538d7d0e613549983a4da6a05161f7d6c0925b39ef41c443c2948,Seoul,Will the lowest temperature in Seoul (Incheon) be 32°C or higher on August 1?,86507058172429976455065385856599288647791994965319423546288345627601150691672,No,2026-08-01T06:00:25+00:00,0.9995
0xd44d81bcb66538d7d0e613549983a4da6a05161f7d6c0925b39ef41c443c2948,Seoul,Will the lowest temperature in Seoul (Incheon) be 32°C or higher on August 1?,86507058172429976455065385856599288647791994965319423546288345627601150691672,No,2026-08-01T06:42:06+00:00,0.9995
0x8f4406d40b378090cdd8a9970139902e9bdbb61551d8ce0c23f17c3ce2dad43d,Seoul,Will the highest temperature in Seoul (Incheon) be 25°C or below on August 2?,66591222604066173930886596094423873354352691380395447631434150156295673886229,Yes,2026-08-01T04:00:09+00:00,0.003
0x8f4406d40b378090cdd8a9970139902e9bdbb61551d8ce0c23f17c3ce2dad43d,Seoul,Will the highest temperature in Seoul (Incheon) be 25°C or below on August 2?,66591222604066173930886596094423873354352691380395447631434150156295673886229,Yes,2026-08-01T05:00:12+00:00,0.0015
0x8f4406d40b378090cdd8a9970139902e9bdbb61551d8ce0c23f17c3ce2dad43d,Seoul,Will the highest temperature in Seoul (Incheon) be 25°C or below on August 2?,66591222604066173930886596094423873354352691380395447631434150156295673886229,Yes,2026-08-01T06:00:24+00:00,0.0025
0x8f4406d40b378090cdd8a9970139902e9bdbb61551d8ce0c23f17c3ce2dad43d,Seoul,Will the highest temperature in Seoul (Incheon) be 25°C or below on August 2?,66591222604066173930886596094423873354352691380395447631434150156295673886229,Yes,2026-08-01T06:42:06+00:00,0.0025
0x8f4406d40b378090cdd8a9970139902e9bdbb61551d8ce0c23f17c3ce2dad43d,Seoul,Will the highest temperature in Seoul (Incheon) be 25°C or below on August 2?,93405891591771185256775226005347019850765450472511385041529194842194427845773,No,2026-08-01T04:00:11+00:00,0.997
0x8f4406d40b378090cdd8a9970139902e9bdbb61551d8ce0c23f17c3ce2dad43d,Seoul,Will the highest temperature in Seoul (Incheon) be 25°C or below on August 2?,93405891591771185256775226005347019850765450472511385041529194842194427845773,No,2026-08-01T05:00:14+00:00,0.9985
0x8f4406d40b378090cdd8a9970139902e9bdbb61551d8ce0c23f17c3ce2dad43d,Seoul,Will the highest temperature in Seoul (Incheon) be 25°C or below on August 2?,93405891591771185256775226005347019850765450472511385041529194842194427845773,No,2026-08-01T06:00:26+00:00,0.9975
0x8f4406d40b378090cdd8a9970139902e9bdbb61551d8ce0c23f17c3ce2dad43d,Seoul,Will the highest temperature in Seoul (Incheon) be 25°C or below on August 2?,93405891591771185256775226005347019850765450472511385041529194842194427845773,No,2026-08-01T06:42:07+00:00,0.9975
0xcae18aa5d40e7b3403b29a51220f6b17d6e1322ffc9956fe858e2b53e130635f,Seoul,Will the highest temperature in Seoul (Incheon) be 26°C on August 2?,81481110514278542626930507844811703448404965274860694710496995680553432251247,Yes,2026-08-01T04:00:09+00:00,0.0005
0xcae18aa5d40e7b3403b29a51220f6b17d6e1322ffc9956fe858e2b53e130635f,Seoul,Will the highest temperature in Seoul (Incheon) be 26°C on August 2?,81481110514278542626930507844811703448404965274860694710496995680553432251247,Yes,2026-08-01T05:00:12+00:00,0.0015
0xcae18aa5d40e7b3403b29a51220f6b17d6e1322ffc9956fe858e2b53e130635f,Seoul,Will the highest temperature in Seoul (Incheon) be 26°C on August 2?,81481110514278542626930507844811703448404965274860694710496995680553432251247,Yes,2026-08-01T06:00:24+00:00,0.0015
0xcae18aa5d40e7b3403b29a51220f6b17d6e1322ffc9956fe858e2b53e130635f,Seoul,Will the highest temperature in Seoul (Incheon) be 26°C on August 2?,81481110514278542626930507844811703448404965274860694710496995680553432251247,Yes,2026-08-01T06:42:06+00:00,0.0015
0xcae18aa5d40e7b3403b29a51220f6b17d6e1322ffc9956fe858e2b53e130635f,Seoul,Will the highest temperature in Seoul (Incheon) be 26°C on August 2?,77288735134001822348300792724220724146081130234033681707214130486481563994507,No,2026-08-01T04:00:11+00:00,0.9995
0xcae18aa5d40e7b3403b29a51220f6b17d6e1322ffc9956fe858e2b53e130635f,Seoul,Will the highest temperature in Seoul (Incheon) be 26°C on August 2?,77288735134001822348300792724220724146081130234033681707214130486481563994507,No,2026-08-01T05:00:15+00:00,0.9985
0xcae18aa5d40e7b3403b29a51220f6b17d6e1322ffc9956fe858e2b53e130635f,Seoul,Will the highest temperature in Seoul (Incheon) be 26°C on August 2?,77288735134001822348300792724220724146081130234033681707214130486481563994507,No,2026-08-01T06:00:27+00:00,0.9985
0xcae18aa5d40e7b3403b29a51220f6b17d6e1322ffc9956fe858e2b53e130635f,Seoul,Will the highest temperature in Seoul (Incheon) be 26°C on August 2?,77288735134001822348300792724220724146081130234033681707214130486481563994507,No,2026-08-01T06:37:07+00:00,0.9985
0xbcdb3b84d1bcdb26bd926edcbc0a97843473895ab32b0f93026e8c5b5440edcc,Seoul,Will the highest temperature in Seoul (Incheon) be 27°C on August 2?,52071578477397742358270108169412729454608105443989825083153315204367919533539,Yes,2026-08-01T04:00:11+00:00,0.0005
0xbcdb3b84d1bcdb26bd926edcbc0a97843473895ab32b0f93026e8c5b5440edcc,Seoul,Will the highest temperature in Seoul (Incheon) be 27°C on August 2?,52071578477397742358270108169412729454608105443989825083153315204367919533539,Yes,2026-08-01T05:00:15+00:00,0.0005
0xbcdb3b84d1bcdb26bd926edcbc0a97843473895ab32b0f93026e8c5b5440edcc,Seoul,Will the highest temperature in Seoul (Incheon) be 27°C on August 2?,52071578477397742358270108169412729454608105443989825083153315204367919533539,Yes,2026-08-01T06:00:27+00:00,0.0005
0xbcdb3b84d1bcdb26bd926edcbc0a97843473895ab32b0f93026e8c5b5440edcc,Seoul,Will the highest temperature in Seoul (Incheon) be 27°C on August 2?,52071578477397742358270108169412729454608105443989825083153315204367919533539,Yes,2026-08-01T06:42:07+00:00,0.0005
0xbcdb3b84d1bcdb26bd926edcbc0a97843473895ab32b0f93026e8c5b5440edcc,Seoul,Will the highest temperature in Seoul (Incheon) be 27°C on August 2?,83591289135596541564475690443763462449720930757118372521971893083114166498987,No,2026-08-01T04:00:11+00:00,0.9995
0xbcdb3b84d1bcdb26bd926edcbc0a97843473895ab32b0f93026e8c5b5440edcc,Seoul,Will the highest temperature in Seoul (Incheon) be 27°C on August 2?,83591289135596541564475690443763462449720930757118372521971893083114166498987,No,2026-08-01T05:00:15+00:00,0.9995
0xbcdb3b84d1bcdb26bd926edcbc0a97843473895ab32b0f93026e8c5b5440edcc,Seoul,Will the highest temperature in Seoul (Incheon) be 27°C on August 2?,83591289135596541564475690443763462449720930757118372521971893083114166498987,No,2026-08-01T06:00:27+00:00,0.9995
0xbcdb3b84d1bcdb26bd926edcbc0a97843473895ab32b0f93026e8c5b5440edcc,Seoul,Will the highest temperature in Seoul (Incheon) be 27°C on August 2?,83591289135596541564475690443763462449720930757118372521971893083114166498987,No,2026-08-01T06:42:07+00:00,0.9995
0x53c5e8c9174d92d924c2491d0d7948a3b55be3b6dc8873c3028dbe67ca94e0b5,Seoul,Will the highest temperature in Seoul (Incheon) be 28°C on August 2?,43044295978222182011879510432422381823165143999313027721743140069122703134751,Yes,2026-08-01T04:00:11+00:00,0.005
0x53c5e8c9174d92d924c2491d0d7948a3b55be3b6dc8873c3028dbe67ca94e0b5,Seoul,Will the highest temperature in Seoul (Incheon) be 28°C on August 2?,43044295978222182011879510432422381823165143999313027721743140069122703134751,Yes,2026-08-01T05:00:15+00:00,0.004
0x53c5e8c9174d92d924c2491d0d7948a3b55be3b6dc8873c3028dbe67ca94e0b5,Seoul,Will the highest temperature in Seoul (Incheon) be 28°C on August 2?,43044295978222182011879510432422381823165143999313027721743140069122703134751,Yes,2026-08-01T06:00:27+00:00,0.0035
0x53c5e8c9174d92d924c2491d0d7948a3b55be3b6dc8873c3028dbe67ca94e0b5,Seoul,Will the highest temperature in Seoul (Incheon) be 28°C on August 2?,43044295978222182011879510432422381823165143999313027721743140069122703134751,Yes,2026-08-01T06:42:07+00:00,0.0035
0x53c5e8c9174d92d924c2491d0d7948a3b55be3b6dc8873c3028dbe67ca94e0b5,Seoul,Will the highest temperature in Seoul (Incheon) be 28°C on August 2?,110481543834093466495769889817048072781271615100080699131528943062304188633780,No,2026-08-01T04:00:12+00:00,0.995
0x53c5e8c9174d92d924c2491d0d7948a3b55be3b6dc8873c3028dbe67ca94e0b5,Seoul,Will the highest temperature in Seoul (Incheon) be 28°C on August 2?,110481543834093466495769889817048072781271615100080699131528943062304188633780,No,2026-08-01T05:00:15+00:00,0.996
0x53c5e8c9174d92d924c2491d0d7948a3b55be3b6dc8873c3028dbe67ca94e0b5,Seoul,Will the highest temperature in Seoul (Incheon) be 28°C on August 2?,110481543834093466495769889817048072781271615100080699131528943062304188633780,No,2026-08-01T06:00:28+00:00,0.9965
0x53c5e8c9174d92d924c2491d0d7948a3b55be3b6dc8873c3028dbe67ca94e0b5,Seoul,Will the highest temperature in Seoul (Incheon) be 28°C on August 2?,110481543834093466495769889817048072781271615100080699131528943062304188633780,No,2026-08-01T06:42:07+00:00,0.9965
0x037d7c0a086965735f9c6a394933c0ee0cc2a5500b138429dd7e8e9550aa1058,Seoul,Will the highest temperature in Seoul (Incheon) be 29°C on August 2?,71681723775256219499297835992107963815141981243112474277021631906406235771427,Yes,2026-08-01T04:00:12+00:00,0.009
0x037d7c0a086965735f9c6a394933c0ee0cc2a5500b138429dd7e8e9550aa1058,Seoul,Will the highest temperature in Seoul (Incheon) be 29°C on August 2?,71681723775256219499297835992107963815141981243112474277021631906406235771427,Yes,2026-08-01T05:00:15+00:00,0.006
0x037d7c0a086965735f9c6a394933c0ee0cc2a5500b138429dd7e8e9550aa1058,Seoul,Will the highest temperature in Seoul (Incheon) be 29°C on August 2?,71681723775256219499297835992107963815141981243112474277021631906406235771427,Yes,2026-08-01T06:00:28+00:00,0.0055
0x037d7c0a086965735f9c6a394933c0ee0cc2a5500b138429dd7e8e9550aa1058,Seoul,Will the highest temperature in Seoul (Incheon) be 29°C on August 2?,71681723775256219499297835992107963815141981243112474277021631906406235771427,Yes,2026-08-01T06:42:08+00:00,0.006
0x037d7c0a086965735f9c6a394933c0ee0cc2a5500b138429dd7e8e9550aa1058,Seoul,Will the highest temperature in Seoul (Incheon) be 29°C on August 2?,27539645705331745296781738391459692602200928960699436958546793601011806194379,No,2026-08-01T04:00:10+00:00,0.991
0x037d7c0a086965735f9c6a394933c0ee0cc2a5500b138429dd7e8e9550aa1058,Seoul,Will the highest temperature in Seoul (Incheon) be 29°C on August 2?,27539645705331745296781738391459692602200928960699436958546793601011806194379,No,2026-08-01T05:00:13+00:00,0.994
0x037d7c0a086965735f9c6a394933c0ee0cc2a5500b138429dd7e8e9550aa1058,Seoul,Will the highest temperature in Seoul (Incheon) be 29°C on August 2?,27539645705331745296781738391459692602200928960699436958546793601011806194379,No,2026-08-01T06:00:26+00:00,0.9945
0x037d7c0a086965735f9c6a394933c0ee0cc2a5500b138429dd7e8e9550aa1058,Seoul,Will the highest temperature in Seoul (Incheon) be 29°C on August 2?,27539645705331745296781738391459692602200928960699436958546793601011806194379,No,2026-08-01T06:42:07+00:00,0.994
0x1816582f5b156591cc0b6fb53c14f2db5f407b727b1d4b504f1f670a21936896,Seoul,Will the highest temperature in Seoul (Incheon) be 30°C on August 2?,70648478783912744186273943880836846795149460969403616902910007761529959614009,Yes,2026-08-01T04:00:10+00:00,0.03
0x1816582f5b156591cc0b6fb53c14f2db5f407b727b1d4b504f1f670a21936896,Seoul,Will the highest temperature in Seoul (Incheon) be 30°C on August 2?,70648478783912744186273943880836846795149460969403616902910007761529959614009,Yes,2026-08-01T05:00:13+00:00,0.025
0x1816582f5b156591cc0b6fb53c14f2db5f407b727b1d4b504f1f670a21936896,Seoul,Will the highest temperature in Seoul (Incheon) be 30°C on August 2?,70648478783912744186273943880836846795149460969403616902910007761529959614009,Yes,2026-08-01T06:00:26+00:00,0.025
0x1816582f5b156591cc0b6fb53c14f2db5f407b727b1d4b504f1f670a21936896,Seoul,Will the highest temperature in Seoul (Incheon) be 30°C on August 2?,70648478783912744186273943880836846795149460969403616902910007761529959614009,Yes,2026-08-01T06:42:07+00:00,0.025
0x1816582f5b156591cc0b6fb53c14f2db5f407b727b1d4b504f1f670a21936896,Seoul,Will the highest temperature in Seoul (Incheon) be 30°C on August 2?,67221079191086699567013885351143564705876631397186001184348791550292030782300,No,2026-08-01T04:00:11+00:00,0.97
0x1816582f5b156591cc0b6fb53c14f2db5f407b727b1d4b504f1f670a21936896,Seoul,Will the highest temperature in Seoul (Incheon) be 30°C on August 2?,67221079191086699567013885351143564705876631397186001184348791550292030782300,No,2026-08-01T05:00:15+00:00,0.975
0x1816582f5b156591cc0b6fb53c14f2db5f407b727b1d4b504f1f670a21936896,Seoul,Will the highest temperature in Seoul (Incheon) be 30°C on August 2?,67221079191086699567013885351143564705876631397186001184348791550292030782300,No,2026-08-01T06:00:27+00:00,0.975
0x1816582f5b156591cc0b6fb53c14f2db5f407b727b1d4b504f1f670a21936896,Seoul,Will the highest temperature in Seoul (Incheon) be 30°C on August 2?,67221079191086699567013885351143564705876631397186001184348791550292030782300,No,2026-08-01T06:42:07+00:00,0.975
0xfbdda32f781dc6577e9fa7cfe3eb99302b0f058b11aa23cda2d6e4b98c6c23f0,Seoul,Will the highest temperature in Seoul (Incheon) be 31°C on August 2?,106164195963322539237600867004010571681833413116457277735386195213485645273154,Yes,2026-08-01T04:00:10+00:00,0.225
0xfbdda32f781dc6577e9fa7cfe3eb99302b0f058b11aa23cda2d6e4b98c6c23f0,Seoul,Will the highest temperature in Seoul (Incheon) be 31°C on August 2?,106164195963322539237600867004010571681833413116457277735386195213485645273154,Yes,2026-08-01T05:00:13+00:00,0.215
0xfbdda32f781dc6577e9fa7cfe3eb99302b0f058b11aa23cda2d6e4b98c6c23f0,Seoul,Will the highest temperature in Seoul (Incheon) be 31°C on August 2?,106164195963322539237600867004010571681833413116457277735386195213485645273154,Yes,2026-08-01T06:00:26+00:00,0.215
0xfbdda32f781dc6577e9fa7cfe3eb99302b0f058b11aa23cda2d6e4b98c6c23f0,Seoul,Will the highest temperature in Seoul (Incheon) be 31°C on August 2?,106164195963322539237600867004010571681833413116457277735386195213485645273154,Yes,2026-08-01T06:41:09+00:00,0.215
0xfbdda32f781dc6577e9fa7cfe3eb99302b0f058b11aa23cda2d6e4b98c6c23f0,Seoul,Will the highest temperature in Seoul (Incheon) be 31°C on August 2?,19080726419775090995774552719309189099605108646416762776042932669141431077792,No,2026-08-01T04:00:11+00:00,0.775
0xfbdda32f781dc6577e9fa7cfe3eb99302b0f058b11aa23cda2d6e4b98c6c23f0,Seoul,Will the highest temperature in Seoul (Incheon) be 31°C on August 2?,19080726419775090995774552719309189099605108646416762776042932669141431077792,No,2026-08-01T05:00:14+00:00,0.785
0xfbdda32f781dc6577e9fa7cfe3eb99302b0f058b11aa23cda2d6e4b98c6c23f0,Seoul,Will the highest temperature in Seoul (Incheon) be 31°C on August 2?,19080726419775090995774552719309189099605108646416762776042932669141431077792,No,2026-08-01T06:00:27+00:00,0.785
0xfbdda32f781dc6577e9fa7cfe3eb99302b0f058b11aa23cda2d6e4b98c6c23f0,Seoul,Will the highest temperature in Seoul (Incheon) be 31°C on August 2?,19080726419775090995774552719309189099605108646416762776042932669141431077792,No,2026-08-01T06:42:07+00:00,0.785
0x6de471316b2b2e13ca7523d7b6502318a44df17efabc05fa749257ecbc775918,Seoul,Will the highest temperature in Seoul (Incheon) be 32°C on August 2?,74726348295018315903000947656994195116142219970397544460284135519691024583171,Yes,2026-08-01T04:00:11+00:00,0.415
0x6de471316b2b2e13ca7523d7b6502318a44df17efabc05fa749257ecbc775918,Seoul,Will the highest temperature in Seoul (Incheon) be 32°C on August 2?,74726348295018315903000947656994195116142219970397544460284135519691024583171,Yes,2026-08-01T05:00:15+00:00,0.415
0x6de471316b2b2e13ca7523d7b6502318a44df17efabc05fa749257ecbc775918,Seoul,Will the highest temperature in Seoul (Incheon) be 32°C on August 2?,74726348295018315903000947656994195116142219970397544460284135519691024583171,Yes,2026-08-01T06:00:27+00:00,0.415
0x6de471316b2b2e13ca7523d7b6502318a44df17efabc05fa749257ecbc775918,Seoul,Will the highest temperature in Seoul (Incheon) be 32°C on August 2?,74726348295018315903000947656994195116142219970397544460284135519691024583171,Yes,2026-08-01T06:42:07+00:00,0.435
0x6de471316b2b2e13ca7523d7b6502318a44df17efabc05fa749257ecbc775918,Seoul,Will the highest temperature in Seoul (Incheon) be 32°C on August 2?,44678106903686385973066516921024786470531296063310778938154206637111437592430,No,2026-08-01T04:00:12+00:00,0.585
0x6de471316b2b2e13ca7523d7b6502318a44df17efabc05fa749257ecbc775918,Seoul,Will the highest temperature in Seoul (Incheon) be 32°C on August 2?,44678106903686385973066516921024786470531296063310778938154206637111437592430,No,2026-08-01T05:00:15+00:00,0.585
0x6de471316b2b2e13ca7523d7b6502318a44df17efabc05fa749257ecbc775918,Seoul,Will the highest temperature in Seoul (Incheon) be 32°C on August 2?,44678106903686385973066516921024786470531296063310778938154206637111437592430,No,2026-08-01T06:00:27+00:00,0.585
0x6de471316b2b2e13ca7523d7b6502318a44df17efabc05fa749257ecbc775918,Seoul,Will the highest temperature in Seoul (Incheon) be 32°C on August 2?,44678106903686385973066516921024786470531296063310778938154206637111437592430,No,2026-08-01T06:42:07+00:00,0.565
0xd4bbc787b84a7b2691bdea4d3342113f6f2f56612874ab1a55a610de38adf7f4,Seoul,Will the highest temperature in Seoul (Incheon) be 33°C on August 2?,115626287630871567564999197285022189562919775071226954908808204444889660373563,Yes,2026-08-01T04:00:11+00:00,0.3
0xd4bbc787b84a7b2691bdea4d3342113f6f2f56612874ab1a55a610de38adf7f4,Seoul,Will the highest temperature in Seoul (Incheon) be 33°C on August 2?,115626287630871567564999197285022189562919775071226954908808204444889660373563,Yes,2026-08-01T05:00:15+00:00,0.285
0xd4bbc787b84a7b2691bdea4d3342113f6f2f56612874ab1a55a610de38adf7f4,Seoul,Will the highest temperature in Seoul (Incheon) be 33°C on August 2?,115626287630871567564999197285022189562919775071226954908808204444889660373563,Yes,2026-08-01T06:00:27+00:00,0.3
0xd4bbc787b84a7b2691bdea4d3342113f6f2f56612874ab1a55a610de38adf7f4,Seoul,Will the highest temperature in Seoul (Incheon) be 33°C on August 2?,115626287630871567564999197285022189562919775071226954908808204444889660373563,Yes,2026-08-01T06:42:07+00:00,0.3
0xd4bbc787b84a7b2691bdea4d3342113f6f2f56612874ab1a55a610de38adf7f4,Seoul,Will the highest temperature in Seoul (Incheon) be 33°C on August 2?,22480372213996193167953416279209498495429127108874111596485542091610426173913,No,2026-08-01T04:00:09+00:00,0.7
0xd4bbc787b84a7b2691bdea4d3342113f6f2f56612874ab1a55a610de38adf7f4,Seoul,Will the highest temperature in Seoul (Incheon) be 33°C on August 2?,22480372213996193167953416279209498495429127108874111596485542091610426173913,No,2026-08-01T05:00:12+00:00,0.715
0xd4bbc787b84a7b2691bdea4d3342113f6f2f56612874ab1a55a610de38adf7f4,Seoul,Will the highest temperature in Seoul (Incheon) be 33°C on August 2?,22480372213996193167953416279209498495429127108874111596485542091610426173913,No,2026-08-01T06:00:24+00:00,0.7
0xd4bbc787b84a7b2691bdea4d3342113f6f2f56612874ab1a55a610de38adf7f4,Seoul,Will the highest temperature in Seoul (Incheon) be 33°C on August 2?,22480372213996193167953416279209498495429127108874111596485542091610426173913,No,2026-08-01T06:42:06+00:00,0.7
0xd9becfec66c3181649e0612818f6e42d483aa51af23ad84ce8564118ecd858d6,Seoul,Will the highest temperature in Seoul (Incheon) be 34°C on August 2?,107876850448483719708555188347639794949505190656708025785576223466627497209386,Yes,2026-08-01T04:00:11+00:00,0.045
0xd9becfec66c3181649e0612818f6e42d483aa51af23ad84ce8564118ecd858d6,Seoul,Will the highest temperature in Seoul (Incheon) be 34°C on August 2?,107876850448483719708555188347639794949505190656708025785576223466627497209386,Yes,2026-08-01T05:00:15+00:00,0.045
0xd9becfec66c3181649e0612818f6e42d483aa51af23ad84ce8564118ecd858d6,Seoul,Will the highest temperature in Seoul (Incheon) be 34°C on August 2?,107876850448483719708555188347639794949505190656708025785576223466627497209386,Yes,2026-08-01T06:00:27+00:00,0.045
0xd9becfec66c3181649e0612818f6e42d483aa51af23ad84ce8564118ecd858d6,Seoul,Will the highest temperature in Seoul (Incheon) be 34°C on August 2?,107876850448483719708555188347639794949505190656708025785576223466627497209386,Yes,2026-08-01T06:42:07+00:00,0.045
0xd9becfec66c3181649e0612818f6e42d483aa51af23ad84ce8564118ecd858d6,Seoul,Will the highest temperature in Seoul (Incheon) be 34°C on August 2?,3952571701804725222106174106305870655525807574089789055184986059272487951377,No,2026-08-01T04:00:10+00:00,0.955
0xd9becfec66c3181649e0612818f6e42d483aa51af23ad84ce8564118ecd858d6,Seoul,Will the highest temperature in Seoul (Incheon) be 34°C on August 2?,3952571701804725222106174106305870655525807574089789055184986059272487951377,No,2026-08-01T05:00:13+00:00,0.955
0xd9becfec66c3181649e0612818f6e42d483aa51af23ad84ce8564118ecd858d6,Seoul,Will the highest temperature in Seoul (Incheon) be 34°C on August 2?,3952571701804725222106174106305870655525807574089789055184986059272487951377,No,2026-08-01T06:00:26+00:00,0.955
0xd9becfec66c3181649e0612818f6e42d483aa51af23ad84ce8564118ecd858d6,Seoul,Will the highest temperature in Seoul (Incheon) be 34°C on August 2?,3952571701804725222106174106305870655525807574089789055184986059272487951377,No,2026-08-01T06:42:07+00:00,0.955
0x0155c0dd906bcb1b5fd3fb8673a54b70973ad9d4865438b410eec1a5f24d576d,Seoul,Will the highest temperature in Seoul (Incheon) be 35°C or higher on August 2?,59604589291894658609447211929535156814738724975861670094035227485370658205565,Yes,2026-08-01T04:00:10+00:00,0.02
0x0155c0dd906bcb1b5fd3fb8673a54b70973ad9d4865438b410eec1a5f24d576d,Seoul,Will the highest temperature in Seoul (Incheon) be 35°C or higher on August 2?,59604589291894658609447211929535156814738724975861670094035227485370658205565,Yes,2026-08-01T05:00:13+00:00,0.02
0x0155c0dd906bcb1b5fd3fb8673a54b70973ad9d4865438b410eec1a5f24d576d,Seoul,Will the highest temperature in Seoul (Incheon) be 35°C or higher on August 2?,59604589291894658609447211929535156814738724975861670094035227485370658205565,Yes,2026-08-01T06:00:26+00:00,0.025
0x0155c0dd906bcb1b5fd3fb8673a54b70973ad9d4865438b410eec1a5f24d576d,Seoul,Will the highest temperature in Seoul (Incheon) be 35°C or higher on August 2?,59604589291894658609447211929535156814738724975861670094035227485370658205565,Yes,2026-08-01T06:42:07+00:00,0.025
0x0155c0dd906bcb1b5fd3fb8673a54b70973ad9d4865438b410eec1a5f24d576d,Seoul,Will the highest temperature in Seoul (Incheon) be 35°C or higher on August 2?,25613889125737923557243960688368541919118413674820123896619160087054458849880,No,2026-08-01T04:00:11+00:00,0.98
0x0155c0dd906bcb1b5fd3fb8673a54b70973ad9d4865438b410eec1a5f24d576d,Seoul,Will the highest temperature in Seoul (Incheon) be 35°C or higher on August 2?,25613889125737923557243960688368541919118413674820123896619160087054458849880,No,2026-08-01T05:00:14+00:00,0.98
0x0155c0dd906bcb1b5fd3fb8673a54b70973ad9d4865438b410eec1a5f24d576d,Seoul,Will the highest temperature in Seoul (Incheon) be 35°C or higher on August 2?,25613889125737923557243960688368541919118413674820123896619160087054458849880,No,2026-08-01T06:00:27+00:00,0.975
0x0155c0dd906bcb1b5fd3fb8673a54b70973ad9d4865438b410eec1a5f24d576d,Seoul,Will the highest temperature in Seoul (Incheon) be 35°C or higher on August 2?,25613889125737923557243960688368541919118413674820123896619160087054458849880,No,2026-08-01T06:42:07+00:00,0.975
0x99b6a2d2fd56b202337b210ca0042191e7c52d063713149141866df8efe00c0b,Seoul,Will the lowest temperature in Seoul (Incheon) be 22°C or below on August 2?,32086589326295922812945226397892233452125516547137932400641554731205404271134,Yes,2026-08-01T04:00:10+00:00,0.0055
0x99b6a2d2fd56b202337b210ca0042191e7c52d063713149141866df8efe00c0b,Seoul,Will the lowest temperature in Seoul (Incheon) be 22°C or below on August 2?,32086589326295922812945226397892233452125516547137932400641554731205404271134,Yes,2026-08-01T05:00:13+00:00,0.0055
0x99b6a2d2fd56b202337b210ca0042191e7c52d063713149141866df8efe00c0b,Seoul,Will the lowest temperature in Seoul (Incheon) be 22°C or below on August 2?,32086589326295922812945226397892233452125516547137932400641554731205404271134,Yes,2026-08-01T06:00:26+00:00,0.0055
0x99b6a2d2fd56b202337b210ca0042191e7c52d063713149141866df8efe00c0b,Seoul,Will the lowest temperature in Seoul (Incheon) be 22°C or below on August 2?,32086589326295922812945226397892233452125516547137932400641554731205404271134,Yes,2026-08-01T06:42:07+00:00,0.0055
0x99b6a2d2fd56b202337b210ca0042191e7c52d063713149141866df8efe00c0b,Seoul,Will the lowest temperature in Seoul (Incheon) be 22°C or below on August 2?,20549732338262514944971869238923177022206302651899668736183077413124966948048,No,2026-08-01T04:00:11+00:00,0.9945
0x99b6a2d2fd56b202337b210ca0042191e7c52d063713149141866df8efe00c0b,Seoul,Will the lowest temperature in Seoul (Incheon) be 22°C or below on August 2?,20549732338262514944971869238923177022206302651899668736183077413124966948048,No,2026-08-01T05:00:14+00:00,0.9945
0x99b6a2d2fd56b202337b210ca0042191e7c52d063713149141866df8efe00c0b,Seoul,Will the lowest temperature in Seoul (Incheon) be 22°C or below on August 2?,20549732338262514944971869238923177022206302651899668736183077413124966948048,No,2026-08-01T06:00:27+00:00,0.9945
0x99b6a2d2fd56b202337b210ca0042191e7c52d063713149141866df8efe00c0b,Seoul,Will the lowest temperature in Seoul (Incheon) be 22°C or below on August 2?,20549732338262514944971869238923177022206302651899668736183077413124966948048,No,2026-08-01T06:42:07+00:00,0.9945
0x7a9ba158411e657c361af63c83da8a98be8108d2cf485d8201f97138ff0c4381,Seoul,Will the lowest temperature in Seoul (Incheon) be 23°C on August 2?,19661085223192458304692828038097321745168161382613501944948638613504867667424,Yes,2026-08-01T04:00:12+00:00,0.0055
0x7a9ba158411e657c361af63c83da8a98be8108d2cf485d8201f97138ff0c4381,Seoul,Will the lowest temperature in Seoul (Incheon) be 23°C on August 2?,19661085223192458304692828038097321745168161382613501944948638613504867667424,Yes,2026-08-01T05:00:16+00:00,0.0055
0x7a9ba158411e657c361af63c83da8a98be8108d2cf485d8201f97138ff0c4381,Seoul,Will the lowest temperature in Seoul (Incheon) be 23°C on August 2?,19661085223192458304692828038097321745168161382613501944948638613504867667424,Yes,2026-08-01T06:00:28+00:00,0.0055
0x7a9ba158411e657c361af63c83da8a98be8108d2cf485d8201f97138ff0c4381,Seoul,Will the lowest temperature in Seoul (Incheon) be 23°C on August 2?,19661085223192458304692828038097321745168161382613501944948638613504867667424,Yes,2026-08-01T06:42:08+00:00,0.0055
0x7a9ba158411e657c361af63c83da8a98be8108d2cf485d8201f97138ff0c4381,Seoul,Will the lowest temperature in Seoul (Incheon) be 23°C on August 2?,8328514249599522178096918297429218437168427241709249707354698263723471643030,No,2026-08-01T04:00:09+00:00,0.9945
0x7a9ba158411e657c361af63c83da8a98be8108d2cf485d8201f97138ff0c4381,Seoul,Will the lowest temperature in Seoul (Incheon) be 23°C on August 2?,8328514249599522178096918297429218437168427241709249707354698263723471643030,No,2026-08-01T05:00:12+00:00,0.9945
0x7a9ba158411e657c361af63c83da8a98be8108d2cf485d8201f97138ff0c4381,Seoul,Will the lowest temperature in Seoul (Incheon) be 23°C on August 2?,8328514249599522178096918297429218437168427241709249707354698263723471643030,No,2026-08-01T06:00:24+00:00,0.9945
0x7a9ba158411e657c361af63c83da8a98be8108d2cf485d8201f97138ff0c4381,Seoul,Will the lowest temperature in Seoul (Incheon) be 23°C on August 2?,8328514249599522178096918297429218437168427241709249707354698263723471643030,No,2026-08-01T06:42:06+00:00,0.9945
0x65c3b452e7f70a2f38d204c00c4cd25378e1e2d1f7195cd576e3617f37ad07ef,Seoul,Will the lowest temperature in Seoul (Incheon) be 24°C on August 2?,53388676400618047283806831984927227381993774787270054910331744960587712738059,Yes,2026-08-01T04:00:09+00:00,0.015
0x65c3b452e7f70a2f38d204c00c4cd25378e1e2d1f7195cd576e3617f37ad07ef,Seoul,Will the lowest temperature in Seoul (Incheon) be 24°C on August 2?,53388676400618047283806831984927227381993774787270054910331744960587712738059,Yes,2026-08-01T05:00:12+00:00,0.015
0x65c3b452e7f70a2f38d204c00c4cd25378e1e2d1f7195cd576e3617f37ad07ef,Seoul,Will the lowest temperature in Seoul (Incheon) be 24°C on August 2?,53388676400618047283806831984927227381993774787270054910331744960587712738059,Yes,2026-08-01T06:00:24+00:00,0.015
0x65c3b452e7f70a2f38d204c00c4cd25378e1e2d1f7195cd576e3617f37ad07ef,Seoul,Will the lowest temperature in Seoul (Incheon) be 24°C on August 2?,53388676400618047283806831984927227381993774787270054910331744960587712738059,Yes,2026-08-01T06:42:06+00:00,0.015
0x65c3b452e7f70a2f38d204c00c4cd25378e1e2d1f7195cd576e3617f37ad07ef,Seoul,Will the lowest temperature in Seoul (Incheon) be 24°C on August 2?,29290337112977534161755325275556575348646726680771017211353175010422934770795,No,2026-08-01T04:00:10+00:00,0.985
0x65c3b452e7f70a2f38d204c00c4cd25378e1e2d1f7195cd576e3617f37ad07ef,Seoul,Will the lowest temperature in Seoul (Incheon) be 24°C on August 2?,29290337112977534161755325275556575348646726680771017211353175010422934770795,No,2026-08-01T05:00:13+00:00,0.985
0x65c3b452e7f70a2f38d204c00c4cd25378e1e2d1f7195cd576e3617f37ad07ef,Seoul,Will the lowest temperature in Seoul (Incheon) be 24°C on August 2?,29290337112977534161755325275556575348646726680771017211353175010422934770795,No,2026-08-01T06:00:25+00:00,0.985
0x65c3b452e7f70a2f38d204c00c4cd25378e1e2d1f7195cd576e3617f37ad07ef,Seoul,Will the lowest temperature in Seoul (Incheon) be 24°C on August 2?,29290337112977534161755325275556575348646726680771017211353175010422934770795,No,2026-08-01T06:42:06+00:00,0.985
0x52f513ce450283a9d96cd2621314260c20e86f3c95e3aad52b8eba7e7e93580d,Seoul,Will the lowest temperature in Seoul (Incheon) be 25°C on August 2?,99293531477611937554618064290984847735394200470457772593685205323497483466794,Yes,2026-08-01T04:00:12+00:00,0.205
0x52f513ce450283a9d96cd2621314260c20e86f3c95e3aad52b8eba7e7e93580d,Seoul,Will the lowest temperature in Seoul (Incheon) be 25°C on August 2?,99293531477611937554618064290984847735394200470457772593685205323497483466794,Yes,2026-08-01T05:00:15+00:00,0.205
0x52f513ce450283a9d96cd2621314260c20e86f3c95e3aad52b8eba7e7e93580d,Seoul,Will the lowest temperature in Seoul (Incheon) be 25°C on August 2?,99293531477611937554618064290984847735394200470457772593685205323497483466794,Yes,2026-08-01T06:00:28+00:00,0.19
0x52f513ce450283a9d96cd2621314260c20e86f3c95e3aad52b8eba7e7e93580d,Seoul,Will the lowest temperature in Seoul (Incheon) be 25°C on August 2?,99293531477611937554618064290984847735394200470457772593685205323497483466794,Yes,2026-08-01T06:42:08+00:00,0.195
0x52f513ce450283a9d96cd2621314260c20e86f3c95e3aad52b8eba7e7e93580d,Seoul,Will the lowest temperature in Seoul (Incheon) be 25°C on August 2?,93863809335877655361574018550390358957805615973014291278437717165081279939479,No,2026-08-01T04:00:09+00:00,0.795
0x52f513ce450283a9d96cd2621314260c20e86f3c95e3aad52b8eba7e7e93580d,Seoul,Will the lowest temperature in Seoul (Incheon) be 25°C on August 2?,93863809335877655361574018550390358957805615973014291278437717165081279939479,No,2026-08-01T05:00:12+00:00,0.795
0x52f513ce450283a9d96cd2621314260c20e86f3c95e3aad52b8eba7e7e93580d,Seoul,Will the lowest temperature in Seoul (Incheon) be 25°C on August 2?,93863809335877655361574018550390358957805615973014291278437717165081279939479,No,2026-08-01T06:00:24+00:00,0.81
0x52f513ce450283a9d96cd2621314260c20e86f3c95e3aad52b8eba7e7e93580d,Seoul,Will the lowest temperature in Seoul (Incheon) be 25°C on August 2?,93863809335877655361574018550390358957805615973014291278437717165081279939479,No,2026-08-01T06:42:06+00:00,0.805
0xad865a991ed23049ff8a9f73175335e78c06499ce47cf6295a9043956bc2744e,Seoul,Will the lowest temperature in Seoul (Incheon) be 26°C on August 2?,55406766889916708736508872335887761858017890793354588280479341906145411657538,Yes,2026-08-01T04:00:10+00:00,0.515
0xad865a991ed23049ff8a9f73175335e78c06499ce47cf6295a9043956bc2744e,Seoul,Will the lowest temperature in Seoul (Incheon) be 26°C on August 2?,55406766889916708736508872335887761858017890793354588280479341906145411657538,Yes,2026-08-01T05:00:13+00:00,0.515
0xad865a991ed23049ff8a9f73175335e78c06499ce47cf6295a9043956bc2744e,Seoul,Will the lowest temperature in Seoul (Incheon) be 26°C on August 2?,55406766889916708736508872335887761858017890793354588280479341906145411657538,Yes,2026-08-01T06:00:25+00:00,0.535
0xad865a991ed23049ff8a9f73175335e78c06499ce47cf6295a9043956bc2744e,Seoul,Will the lowest temperature in Seoul (Incheon) be 26°C on August 2?,55406766889916708736508872335887761858017890793354588280479341906145411657538,Yes,2026-08-01T06:42:06+00:00,0.545
0xad865a991ed23049ff8a9f73175335e78c06499ce47cf6295a9043956bc2744e,Seoul,Will the lowest temperature in Seoul (Incheon) be 26°C on August 2?,33906879690735312915797602178330062529267396436102044709518654311404878413632,No,2026-08-01T04:00:09+00:00,0.485
0xad865a991ed23049ff8a9f73175335e78c06499ce47cf6295a9043956bc2744e,Seoul,Will the lowest temperature in Seoul (Incheon) be 26°C on August 2?,33906879690735312915797602178330062529267396436102044709518654311404878413632,No,2026-08-01T05:00:12+00:00,0.485
0xad865a991ed23049ff8a9f73175335e78c06499ce47cf6295a9043956bc2744e,Seoul,Will the lowest temperature in Seoul (Incheon) be 26°C on August 2?,33906879690735312915797602178330062529267396436102044709518654311404878413632,No,2026-08-01T06:00:25+00:00,0.465
0xad865a991ed23049ff8a9f73175335e78c06499ce47cf6295a9043956bc2744e,Seoul,Will the lowest temperature in Seoul (Incheon) be 26°C on August 2?,33906879690735312915797602178330062529267396436102044709518654311404878413632,No,2026-08-01T06:42:06+00:00,0.455
0x17357867978f6f333e03ff4075744a83324835b922efc07640200574d555d507,Seoul,Will the lowest temperature in Seoul (Incheon) be 27°C on August 2?,103270084214336426316313599841004814479063965338598824048322564869168251898064,Yes,2026-08-01T04:00:10+00:00,0.285
0x17357867978f6f333e03ff4075744a83324835b922efc07640200574d555d507,Seoul,Will the lowest temperature in Seoul (Incheon) be 27°C on August 2?,103270084214336426316313599841004814479063965338598824048322564869168251898064,Yes,2026-08-01T05:00:14+00:00,0.285
0x17357867978f6f333e03ff4075744a83324835b922efc07640200574d555d507,Seoul,Will the lowest temperature in Seoul (Incheon) be 27°C on August 2?,103270084214336426316313599841004814479063965338598824048322564869168251898064,Yes,2026-08-01T06:00:26+00:00,0.275
0x17357867978f6f333e03ff4075744a83324835b922efc07640200574d555d507,Seoul,Will the lowest temperature in Seoul (Incheon) be 27°C on August 2?,103270084214336426316313599841004814479063965338598824048322564869168251898064,Yes,2026-08-01T06:42:07+00:00,0.265
0x17357867978f6f333e03ff4075744a83324835b922efc07640200574d555d507,Seoul,Will the lowest temperature in Seoul (Incheon) be 27°C on August 2?,48633960370269540040105950802709725855097489138331361067761713585827335484662,No,2026-08-01T04:00:11+00:00,0.715
0x17357867978f6f333e03ff4075744a83324835b922efc07640200574d555d507,Seoul,Will the lowest temperature in Seoul (Incheon) be 27°C on August 2?,48633960370269540040105950802709725855097489138331361067761713585827335484662,No,2026-08-01T05:00:15+00:00,0.715
0x17357867978f6f333e03ff4075744a83324835b922efc07640200574d555d507,Seoul,Will the lowest temperature in Seoul (Incheon) be 27°C on August 2?,48633960370269540040105950802709725855097489138331361067761713585827335484662,No,2026-08-01T06:00:27+00:00,0.725
0x17357867978f6f333e03ff4075744a83324835b922efc07640200574d555d507,Seoul,Will the lowest temperature in Seoul (Incheon) be 27°C on August 2?,48633960370269540040105950802709725855097489138331361067761713585827335484662,No,2026-08-01T06:42:07+00:00,0.735
0xfa3817f91b09562475ceb5c5db864aa564fe809eeb85fe1a4a5853eea4ea21ec,Seoul,Will the lowest temperature in Seoul (Incheon) be 28°C on August 2?,57232593022187790465577088208849339503057148464937128411504488702218250455540,Yes,2026-08-01T04:00:10+00:00,0.015
0xfa3817f91b09562475ceb5c5db864aa564fe809eeb85fe1a4a5853eea4ea21ec,Seoul,Will the lowest temperature in Seoul (Incheon) be 28°C on August 2?,57232593022187790465577088208849339503057148464937128411504488702218250455540,Yes,2026-08-01T05:00:13+00:00,0.015
0xfa3817f91b09562475ceb5c5db864aa564fe809eeb85fe1a4a5853eea4ea21ec,Seoul,Will the lowest temperature in Seoul (Incheon) be 28°C on August 2?,57232593022187790465577088208849339503057148464937128411504488702218250455540,Yes,2026-08-01T06:00:26+00:00,0.015
0xfa3817f91b09562475ceb5c5db864aa564fe809eeb85fe1a4a5853eea4ea21ec,Seoul,Will the lowest temperature in Seoul (Incheon) be 28°C on August 2?,57232593022187790465577088208849339503057148464937128411504488702218250455540,Yes,2026-08-01T06:42:07+00:00,0.015
0xfa3817f91b09562475ceb5c5db864aa564fe809eeb85fe1a4a5853eea4ea21ec,Seoul,Will the lowest temperature in Seoul (Incheon) be 28°C on August 2?,79715474401106128378366279818347250510287980891176749896761788248011538156470,No,2026-08-01T04:00:11+00:00,0.985
0xfa3817f91b09562475ceb5c5db864aa564fe809eeb85fe1a4a5853eea4ea21ec,Seoul,Will the lowest temperature in Seoul (Incheon) be 28°C on August 2?,79715474401106128378366279818347250510287980891176749896761788248011538156470,No,2026-08-01T05:00:15+00:00,0.985
0xfa3817f91b09562475ceb5c5db864aa564fe809eeb85fe1a4a5853eea4ea21ec,Seoul,Will the lowest temperature in Seoul (Incheon) be 28°C on August 2?,79715474401106128378366279818347250510287980891176749896761788248011538156470,No,2026-08-01T06:00:27+00:00,0.985
0xfa3817f91b09562475ceb5c5db864aa564fe809eeb85fe1a4a5853eea4ea21ec,Seoul,Will the lowest temperature in Seoul (Incheon) be 28°C on August 2?,79715474401106128378366279818347250510287980891176749896761788248011538156470,No,2026-08-01T06:42:07+00:00,0.985
0xce117988f36a9b2217657c6425e7f681b6ff6c05e5d498497532a3fc27f2f072,Seoul,Will the lowest temperature in Seoul (Incheon) be 29°C on August 2?,41558358134164618301497201068390057664377185102829989012592190731772869357421,Yes,2026-08-01T04:00:09+00:00,0.005
0xce117988f36a9b2217657c6425e7f681b6ff6c05e5d498497532a3fc27f2f072,Seoul,Will the lowest temperature in Seoul (Incheon) be 29°C on August 2?,41558358134164618301497201068390057664377185102829989012592190731772869357421,Yes,2026-08-01T05:00:12+00:00,0.005
0xce117988f36a9b2217657c6425e7f681b6ff6c05e5d498497532a3fc27f2f072,Seoul,Will the lowest temperature in Seoul (Incheon) be 29°C on August 2?,41558358134164618301497201068390057664377185102829989012592190731772869357421,Yes,2026-08-01T06:00:24+00:00,0.005
0xce117988f36a9b2217657c6425e7f681b6ff6c05e5d498497532a3fc27f2f072,Seoul,Will the lowest temperature in Seoul (Incheon) be 29°C on August 2?,41558358134164618301497201068390057664377185102829989012592190731772869357421,Yes,2026-08-01T06:43:08+00:00,0.005
0xce117988f36a9b2217657c6425e7f681b6ff6c05e5d498497532a3fc27f2f072,Seoul,Will the lowest temperature in Seoul (Incheon) be 29°C on August 2?,56945602289316687914232188133423193665925540577705653410006990725503163393041,No,2026-08-01T04:00:09+00:00,0.995
0xce117988f36a9b2217657c6425e7f681b6ff6c05e5d498497532a3fc27f2f072,Seoul,Will the lowest temperature in Seoul (Incheon) be 29°C on August 2?,56945602289316687914232188133423193665925540577705653410006990725503163393041,No,2026-08-01T05:00:12+00:00,0.995
0xce117988f36a9b2217657c6425e7f681b6ff6c05e5d498497532a3fc27f2f072,Seoul,Will the lowest temperature in Seoul (Incheon) be 29°C on August 2?,56945602289316687914232188133423193665925540577705653410006990725503163393041,No,2026-08-01T06:00:25+00:00,0.995
0xce117988f36a9b2217657c6425e7f681b6ff6c05e5d498497532a3fc27f2f072,Seoul,Will the lowest temperature in Seoul (Incheon) be 29°C on August 2?,56945602289316687914232188133423193665925540577705653410006990725503163393041,No,2026-08-01T06:43:08+00:00,0.995
0x188633794f144380e0c2773fb78140b0016574eccb4c72d36394280018e680ce,Seoul,Will the lowest temperature in Seoul (Incheon) be 30°C on August 2?,8091099450966113210747505103544797438897575439825698845935863688120872775883,Yes,2026-08-01T04:00:10+00:00,0.0045
0x188633794f144380e0c2773fb78140b0016574eccb4c72d36394280018e680ce,Seoul,Will the lowest temperature in Seoul (Incheon) be 30°C on August 2?,8091099450966113210747505103544797438897575439825698845935863688120872775883,Yes,2026-08-01T05:00:13+00:00,0.0045
0x188633794f144380e0c2773fb78140b0016574eccb4c72d36394280018e680ce,Seoul,Will the lowest temperature in Seoul (Incheon) be 30°C on August 2?,8091099450966113210747505103544797438897575439825698845935863688120872775883,Yes,2026-08-01T06:00:25+00:00,0.0045
0x188633794f144380e0c2773fb78140b0016574eccb4c72d36394280018e680ce,Seoul,Will the lowest temperature in Seoul (Incheon) be 30°C on August 2?,8091099450966113210747505103544797438897575439825698845935863688120872775883,Yes,2026-08-01T06:43:08+00:00,0.0045
0x188633794f144380e0c2773fb78140b0016574eccb4c72d36394280018e680ce,Seoul,Will the lowest temperature in Seoul (Incheon) be 30°C on August 2?,77583263506305762032028596408939301039342011080128111583883748779789161418913,No,2026-08-01T04:00:11+00:00,0.9955
0x188633794f144380e0c2773fb78140b0016574eccb4c72d36394280018e680ce,Seoul,Will the lowest temperature in Seoul (Incheon) be 30°C on August 2?,77583263506305762032028596408939301039342011080128111583883748779789161418913,No,2026-08-01T05:00:15+00:00,0.9955
0x188633794f144380e0c2773fb78140b0016574eccb4c72d36394280018e680ce,Seoul,Will the lowest temperature in Seoul (Incheon) be 30°C on August 2?,77583263506305762032028596408939301039342011080128111583883748779789161418913,No,2026-08-01T06:00:27+00:00,0.9955
0x188633794f144380e0c2773fb78140b0016574eccb4c72d36394280018e680ce,Seoul,Will the lowest temperature in Seoul (Incheon) be 30°C on August 2?,77583263506305762032028596408939301039342011080128111583883748779789161418913,No,2026-08-01T06:43:09+00:00,0.9955
0x0455e51903f52b3280437b2b0ad37a2d28e4f32164fdb5788900bd6eb28f230e,Seoul,Will the lowest temperature in Seoul (Incheon) be 31°C on August 2?,114743770927178202887513140766295181165791095884743041523460403856844947837188,Yes,2026-08-01T04:00:11+00:00,0.002
0x0455e51903f52b3280437b2b0ad37a2d28e4f32164fdb5788900bd6eb28f230e,Seoul,Will the lowest temperature in Seoul (Incheon) be 31°C on August 2?,114743770927178202887513140766295181165791095884743041523460403856844947837188,Yes,2026-08-01T05:00:15+00:00,0.002
0x0455e51903f52b3280437b2b0ad37a2d28e4f32164fdb5788900bd6eb28f230e,Seoul,Will the lowest temperature in Seoul (Incheon) be 31°C on August 2?,114743770927178202887513140766295181165791095884743041523460403856844947837188,Yes,2026-08-01T06:00:27+00:00,0.002
0x0455e51903f52b3280437b2b0ad37a2d28e4f32164fdb5788900bd6eb28f230e,Seoul,Will the lowest temperature in Seoul (Incheon) be 31°C on August 2?,114743770927178202887513140766295181165791095884743041523460403856844947837188,Yes,2026-08-01T06:43:09+00:00,0.0015
0x0455e51903f52b3280437b2b0ad37a2d28e4f32164fdb5788900bd6eb28f230e,Seoul,Will the lowest temperature in Seoul (Incheon) be 31°C on August 2?,95879564636949719955786910429515632159690183109462758699632086869187808522640,No,2026-08-01T04:00:10+00:00,0.998
0x0455e51903f52b3280437b2b0ad37a2d28e4f32164fdb5788900bd6eb28f230e,Seoul,Will the lowest temperature in Seoul (Incheon) be 31°C on August 2?,95879564636949719955786910429515632159690183109462758699632086869187808522640,No,2026-08-01T05:00:13+00:00,0.998
0x0455e51903f52b3280437b2b0ad37a2d28e4f32164fdb5788900bd6eb28f230e,Seoul,Will the lowest temperature in Seoul (Incheon) be 31°C on August 2?,95879564636949719955786910429515632159690183109462758699632086869187808522640,No,2026-08-01T06:00:25+00:00,0.998
0x0455e51903f52b3280437b2b0ad37a2d28e4f32164fdb5788900bd6eb28f230e,Seoul,Will the lowest temperature in Seoul (Incheon) be 31°C on August 2?,95879564636949719955786910429515632159690183109462758699632086869187808522640,No,2026-08-01T06:43:08+00:00,0.9985
0x39afc47f19ede8ec31b84f24f39cc0412a885ebfac6b741ec3f1230bc8a6c7e1,Seoul,Will the lowest temperature in Seoul (Incheon) be 32°C or higher on August 2?,87707409115176679165424013707960564573227881037455295135543035383952462382917,Yes,2026-08-01T04:00:10+00:00,0.0015
0x39afc47f19ede8ec31b84f24f39cc0412a885ebfac6b741ec3f1230bc8a6c7e1,Seoul,Will the lowest temperature in Seoul (Incheon) be 32°C or higher on August 2?,87707409115176679165424013707960564573227881037455295135543035383952462382917,Yes,2026-08-01T05:00:14+00:00,0.0015
0x39afc47f19ede8ec31b84f24f39cc0412a885ebfac6b741ec3f1230bc8a6c7e1,Seoul,Will the lowest temperature in Seoul (Incheon) be 32°C or higher on August 2?,87707409115176679165424013707960564573227881037455295135543035383952462382917,Yes,2026-08-01T06:00:26+00:00,0.0015
0x39afc47f19ede8ec31b84f24f39cc0412a885ebfac6b741ec3f1230bc8a6c7e1,Seoul,Will the lowest temperature in Seoul (Incheon) be 32°C or higher on August 2?,87707409115176679165424013707960564573227881037455295135543035383952462382917,Yes,2026-08-01T06:43:09+00:00,0.001
0x39afc47f19ede8ec31b84f24f39cc0412a885ebfac6b741ec3f1230bc8a6c7e1,Seoul,Will the lowest temperature in Seoul (Incheon) be 32°C or higher on August 2?,948859234860412971759784579927644357778703327161861173719730772733956679423,No,2026-08-01T04:00:10+00:00,0.9985
0x39afc47f19ede8ec31b84f24f39cc0412a885ebfac6b741ec3f1230bc8a6c7e1,Seoul,Will the lowest temperature in Seoul (Incheon) be 32°C or higher on August 2?,948859234860412971759784579927644357778703327161861173719730772733956679423,No,2026-08-01T05:00:13+00:00,0.9985
0x39afc47f19ede8ec31b84f24f39cc0412a885ebfac6b741ec3f1230bc8a6c7e1,Seoul,Will the lowest temperature in Seoul (Incheon) be 32°C or higher on August 2?,948859234860412971759784579927644357778703327161861173719730772733956679423,No,2026-08-01T06:00:25+00:00,0.9985
0x39afc47f19ede8ec31b84f24f39cc0412a885ebfac6b741ec3f1230bc8a6c7e1,Seoul,Will the lowest temperature in Seoul (Incheon) be 32°C or higher on August 2?,948859234860412971759784579927644357778703327161861173719730772733956679423,No,2026-08-01T06:43:08+00:00,0.999
0x1c8074574af0d3eff133fe19cc21a01128c6808a49f9a00f5135fde6003a11a1,Seoul,Will the highest temperature in Seoul (Incheon) be 26°C or below on August 3?,98856875915475575871005401992156797444316260878401049608185240279459791451033,Yes,2026-08-01T05:00:12+00:00,0.0055
0x1c8074574af0d3eff133fe19cc21a01128c6808a49f9a00f5135fde6003a11a1,Seoul,Will the highest temperature in Seoul (Incheon) be 26°C or below on August 3?,98856875915475575871005401992156797444316260878401049608185240279459791451033,Yes,2026-08-01T06:00:25+00:00,0.005
0x1c8074574af0d3eff133fe19cc21a01128c6808a49f9a00f5135fde6003a11a1,Seoul,Will the highest temperature in Seoul (Incheon) be 26°C or below on August 3?,98856875915475575871005401992156797444316260878401049608185240279459791451033,Yes,2026-08-01T06:43:08+00:00,0.0045
0x1c8074574af0d3eff133fe19cc21a01128c6808a49f9a00f5135fde6003a11a1,Seoul,Will the highest temperature in Seoul (Incheon) be 26°C or below on August 3?,96438679057270648015000670011685095102321669443226722826094926360739641626199,No,2026-08-01T05:00:14+00:00,0.9945
0x1c8074574af0d3eff133fe19cc21a01128c6808a49f9a00f5135fde6003a11a1,Seoul,Will the highest temperature in Seoul (Incheon) be 26°C or below on August 3?,96438679057270648015000670011685095102321669443226722826094926360739641626199,No,2026-08-01T06:00:26+00:00,0.995
0x1c8074574af0d3eff133fe19cc21a01128c6808a49f9a00f5135fde6003a11a1,Seoul,Will the highest temperature in Seoul (Incheon) be 26°C or below on August 3?,96438679057270648015000670011685095102321669443226722826094926360739641626199,No,2026-08-01T06:43:09+00:00,0.9955
0x0109dda471296066abbba8d66ddd4e50cb46b11a581e2050b1991eeb24104b5f,Seoul,Will the highest temperature in Seoul (Incheon) be 27°C on August 3?,5052519687640169320419932905852957426557493898277819060801213881507132054201,Yes,2026-08-01T05:00:14+00:00,0.0055
0x0109dda471296066abbba8d66ddd4e50cb46b11a581e2050b1991eeb24104b5f,Seoul,Will the highest temperature in Seoul (Incheon) be 27°C on August 3?,5052519687640169320419932905852957426557493898277819060801213881507132054201,Yes,2026-08-01T06:00:27+00:00,0.005
0x0109dda471296066abbba8d66ddd4e50cb46b11a581e2050b1991eeb24104b5f,Seoul,Will the highest temperature in Seoul (Incheon) be 27°C on August 3?,5052519687640169320419932905852957426557493898277819060801213881507132054201,Yes,2026-08-01T06:43:09+00:00,0.005
0x0109dda471296066abbba8d66ddd4e50cb46b11a581e2050b1991eeb24104b5f,Seoul,Will the highest temperature in Seoul (Incheon) be 27°C on August 3?,42754278097618930228331705863847600036834598072716452882024082235219197306781,No,2026-08-01T05:00:12+00:00,0.9945
0x0109dda471296066abbba8d66ddd4e50cb46b11a581e2050b1991eeb24104b5f,Seoul,Will the highest temperature in Seoul (Incheon) be 27°C on August 3?,42754278097618930228331705863847600036834598072716452882024082235219197306781,No,2026-08-01T06:00:24+00:00,0.995
0x0109dda471296066abbba8d66ddd4e50cb46b11a581e2050b1991eeb24104b5f,Seoul,Will the highest temperature in Seoul (Incheon) be 27°C on August 3?,42754278097618930228331705863847600036834598072716452882024082235219197306781,No,2026-08-01T06:43:08+00:00,0.995
0x24e4f733f2727dde6df2b699e0396a61dbb96e5e3a166c55edae41fa6d7ee7a5,Seoul,Will the highest temperature in Seoul (Incheon) be 28°C on August 3?,23280721490072525801639545777671483577678513072128325442699808277808154457158,Yes,2026-08-01T05:00:15+00:00,0.01
0x24e4f733f2727dde6df2b699e0396a61dbb96e5e3a166c55edae41fa6d7ee7a5,Seoul,Will the highest temperature in Seoul (Incheon) be 28°C on August 3?,23280721490072525801639545777671483577678513072128325442699808277808154457158,Yes,2026-08-01T06:00:27+00:00,0.008
0x24e4f733f2727dde6df2b699e0396a61dbb96e5e3a166c55edae41fa6d7ee7a5,Seoul,Will the highest temperature in Seoul (Incheon) be 28°C on August 3?,23280721490072525801639545777671483577678513072128325442699808277808154457158,Yes,2026-08-01T06:43:09+00:00,0.008
0x24e4f733f2727dde6df2b699e0396a61dbb96e5e3a166c55edae41fa6d7ee7a5,Seoul,Will the highest temperature in Seoul (Incheon) be 28°C on August 3?,107514253692307665401685143554556837258282771703704249393084475193834510883920,No,2026-08-01T05:00:15+00:00,0.99
0x24e4f733f2727dde6df2b699e0396a61dbb96e5e3a166c55edae41fa6d7ee7a5,Seoul,Will the highest temperature in Seoul (Incheon) be 28°C on August 3?,107514253692307665401685143554556837258282771703704249393084475193834510883920,No,2026-08-01T06:00:27+00:00,0.992
0x24e4f733f2727dde6df2b699e0396a61dbb96e5e3a166c55edae41fa6d7ee7a5,Seoul,Will the highest temperature in Seoul (Incheon) be 28°C on August 3?,107514253692307665401685143554556837258282771703704249393084475193834510883920,No,2026-08-01T06:43:09+00:00,0.992
0xbb9cb850655226361435bf4270425265be3a83d15addc582176350de303dcc38,Seoul,Will the highest temperature in Seoul (Incheon) be 29°C on August 3?,60579218658432742143716587197651926177890114660133115129218558591047123914545,Yes,2026-08-01T05:00:15+00:00,0.045
0xbb9cb850655226361435bf4270425265be3a83d15addc582176350de303dcc38,Seoul,Will the highest temperature in Seoul (Incheon) be 29°C on August 3?,60579218658432742143716587197651926177890114660133115129218558591047123914545,Yes,2026-08-01T06:00:27+00:00,0.015
0xbb9cb850655226361435bf4270425265be3a83d15addc582176350de303dcc38,Seoul,Will the highest temperature in Seoul (Incheon) be 29°C on August 3?,60579218658432742143716587197651926177890114660133115129218558591047123914545,Yes,2026-08-01T06:43:09+00:00,0.015
0xbb9cb850655226361435bf4270425265be3a83d15addc582176350de303dcc38,Seoul,Will the highest temperature in Seoul (Incheon) be 29°C on August 3?,30824629458504355964136770649025447838450067018192750008150007786993616614363,No,2026-08-01T05:00:12+00:00,0.955
0xbb9cb850655226361435bf4270425265be3a83d15addc582176350de303dcc38,Seoul,Will the highest temperature in Seoul (Incheon) be 29°C on August 3?,30824629458504355964136770649025447838450067018192750008150007786993616614363,No,2026-08-01T06:00:24+00:00,0.985
0xbb9cb850655226361435bf4270425265be3a83d15addc582176350de303dcc38,Seoul,Will the highest temperature in Seoul (Incheon) be 29°C on August 3?,30824629458504355964136770649025447838450067018192750008150007786993616614363,No,2026-08-01T06:43:08+00:00,0.985
0x5077d4db7784a743a6f107556b842c6cb6217e7f466364b1e9ce22356c08bfeb,Seoul,Will the highest temperature in Seoul (Incheon) be 30°C on August 3?,101238530637815554499260516830619521395195599639783540482576819608199690422402,Yes,2026-08-01T05:00:14+00:00,0.105
0x5077d4db7784a743a6f107556b842c6cb6217e7f466364b1e9ce22356c08bfeb,Seoul,Will the highest temperature in Seoul (Incheon) be 30°C on August 3?,101238530637815554499260516830619521395195599639783540482576819608199690422402,Yes,2026-08-01T06:00:27+00:00,0.04
0x5077d4db7784a743a6f107556b842c6cb6217e7f466364b1e9ce22356c08bfeb,Seoul,Will the highest temperature in Seoul (Incheon) be 30°C on August 3?,101238530637815554499260516830619521395195599639783540482576819608199690422402,Yes,2026-08-01T06:43:09+00:00,0.04
0x5077d4db7784a743a6f107556b842c6cb6217e7f466364b1e9ce22356c08bfeb,Seoul,Will the highest temperature in Seoul (Incheon) be 30°C on August 3?,80260422533433067961451941766857874928213550962929425751745855867236219151288,No,2026-08-01T05:00:15+00:00,0.895
0x5077d4db7784a743a6f107556b842c6cb6217e7f466364b1e9ce22356c08bfeb,Seoul,Will the highest temperature in Seoul (Incheon) be 30°C on August 3?,80260422533433067961451941766857874928213550962929425751745855867236219151288,No,2026-08-01T06:00:28+00:00,0.96
0x5077d4db7784a743a6f107556b842c6cb6217e7f466364b1e9ce22356c08bfeb,Seoul,Will the highest temperature in Seoul (Incheon) be 30°C on August 3?,80260422533433067961451941766857874928213550962929425751745855867236219151288,No,2026-08-01T06:43:09+00:00,0.96
0xd9ffdb78e3ee0c13bda0d67c0265440f81d5950e8fbd47b4392a7c3c6c617434,Seoul,Will the highest temperature in Seoul (Incheon) be 31°C on August 3?,38080124324411207974918650319270791156581357621674078857083981687507486205727,Yes,2026-08-01T05:00:15+00:00,0.13
0xd9ffdb78e3ee0c13bda0d67c0265440f81d5950e8fbd47b4392a7c3c6c617434,Seoul,Will the highest temperature in Seoul (Incheon) be 31°C on August 3?,38080124324411207974918650319270791156581357621674078857083981687507486205727,Yes,2026-08-01T06:00:28+00:00,0.115
0xd9ffdb78e3ee0c13bda0d67c0265440f81d5950e8fbd47b4392a7c3c6c617434,Seoul,Will the highest temperature in Seoul (Incheon) be 31°C on August 3?,38080124324411207974918650319270791156581357621674078857083981687507486205727,Yes,2026-08-01T06:43:09+00:00,0.08
0xd9ffdb78e3ee0c13bda0d67c0265440f81d5950e8fbd47b4392a7c3c6c617434,Seoul,Will the highest temperature in Seoul (Incheon) be 31°C on August 3?,79923990922594974702631673106801180363047144418222480062725033493639851560970,No,2026-08-01T05:00:12+00:00,0.87
0xd9ffdb78e3ee0c13bda0d67c0265440f81d5950e8fbd47b4392a7c3c6c617434,Seoul,Will the highest temperature in Seoul (Incheon) be 31°C on August 3?,79923990922594974702631673106801180363047144418222480062725033493639851560970,No,2026-08-01T06:00:24+00:00,0.885
0xd9ffdb78e3ee0c13bda0d67c0265440f81d5950e8fbd47b4392a7c3c6c617434,Seoul,Will the highest temperature in Seoul (Incheon) be 31°C on August 3?,79923990922594974702631673106801180363047144418222480062725033493639851560970,No,2026-08-01T06:43:08+00:00,0.92
0x5648393f16ef0b29af4de0afae9cfda80cfdbb9d571757f2cd99afda5c12f7d2,Seoul,Will the highest temperature in Seoul (Incheon) be 32°C on August 3?,52221535427624441795577955719131289894453350380977129063393266688619643884337,Yes,2026-08-01T05:00:15+00:00,0.24
0x5648393f16ef0b29af4de0afae9cfda80cfdbb9d571757f2cd99afda5c12f7d2,Seoul,Will the highest temperature in Seoul (Incheon) be 32°C on August 3?,52221535427624441795577955719131289894453350380977129063393266688619643884337,Yes,2026-08-01T06:00:28+00:00,0.23
0x5648393f16ef0b29af4de0afae9cfda80cfdbb9d571757f2cd99afda5c12f7d2,Seoul,Will the highest temperature in Seoul (Incheon) be 32°C on August 3?,52221535427624441795577955719131289894453350380977129063393266688619643884337,Yes,2026-08-01T06:43:09+00:00,0.195
0x5648393f16ef0b29af4de0afae9cfda80cfdbb9d571757f2cd99afda5c12f7d2,Seoul,Will the highest temperature in Seoul (Incheon) be 32°C on August 3?,7951586462178082004409670482717787206192791814071903740125359630039668494027,No,2026-08-01T05:00:16+00:00,0.76
0x5648393f16ef0b29af4de0afae9cfda80cfdbb9d571757f2cd99afda5c12f7d2,Seoul,Will the highest temperature in Seoul (Incheon) be 32°C on August 3?,7951586462178082004409670482717787206192791814071903740125359630039668494027,No,2026-08-01T06:00:28+00:00,0.77
0x5648393f16ef0b29af4de0afae9cfda80cfdbb9d571757f2cd99afda5c12f7d2,Seoul,Will the highest temperature in Seoul (Incheon) be 32°C on August 3?,7951586462178082004409670482717787206192791814071903740125359630039668494027,No,2026-08-01T06:43:10+00:00,0.805
0x1bef035225cbb35b0edc5e491c928538f4b3511e74028bf086c9a8c93f2814b2,Seoul,Will the highest temperature in Seoul (Incheon) be 33°C on August 3?,29316291793843816974676779523628139041618991999576608532044158893921990323902,Yes,2026-08-01T05:00:16+00:00,0.325
0x1bef035225cbb35b0edc5e491c928538f4b3511e74028bf086c9a8c93f2814b2,Seoul,Will the highest temperature in Seoul (Incheon) be 33°C on August 3?,29316291793843816974676779523628139041618991999576608532044158893921990323902,Yes,2026-08-01T06:00:28+00:00,0.31
0x1bef035225cbb35b0edc5e491c928538f4b3511e74028bf086c9a8c93f2814b2,Seoul,Will the highest temperature in Seoul (Incheon) be 33°C on August 3?,29316291793843816974676779523628139041618991999576608532044158893921990323902,Yes,2026-08-01T06:43:10+00:00,0.31
0x1bef035225cbb35b0edc5e491c928538f4b3511e74028bf086c9a8c93f2814b2,Seoul,Will the highest temperature in Seoul (Incheon) be 33°C on August 3?,26092071645795977749473603126522887419087341706335746667308146468841573096368,No,2026-08-01T05:00:13+00:00,0.675
0x1bef035225cbb35b0edc5e491c928538f4b3511e74028bf086c9a8c93f2814b2,Seoul,Will the highest temperature in Seoul (Incheon) be 33°C on August 3?,26092071645795977749473603126522887419087341706335746667308146468841573096368,No,2026-08-01T06:00:26+00:00,0.69
0x1bef035225cbb35b0edc5e491c928538f4b3511e74028bf086c9a8c93f2814b2,Seoul,Will the highest temperature in Seoul (Incheon) be 33°C on August 3?,26092071645795977749473603126522887419087341706335746667308146468841573096368,No,2026-08-01T06:43:09+00:00,0.69
0x89e641d6d147f825b02bdf6b73956edf76998478b024598eb946361002678efb,Seoul,Will the highest temperature in Seoul (Incheon) be 34°C on August 3?,113134915936500517708215876201526228950667361363664880560772784709322764324754,Yes,2026-08-01T05:00:14+00:00,0.325
0x89e641d6d147f825b02bdf6b73956edf76998478b024598eb946361002678efb,Seoul,Will the highest temperature in Seoul (Incheon) be 34°C on August 3?,113134915936500517708215876201526228950667361363664880560772784709322764324754,Yes,2026-08-01T06:00:27+00:00,0.31
0x89e641d6d147f825b02bdf6b73956edf76998478b024598eb946361002678efb,Seoul,Will the highest temperature in Seoul (Incheon) be 34°C on August 3?,113134915936500517708215876201526228950667361363664880560772784709322764324754,Yes,2026-08-01T06:43:09+00:00,0.305
0x89e641d6d147f825b02bdf6b73956edf76998478b024598eb946361002678efb,Seoul,Will the highest temperature in Seoul (Incheon) be 34°C on August 3?,40237527169828490377186825662194589595506883989836002699199330755343885645908,No,2026-08-01T05:00:13+00:00,0.675
0x89e641d6d147f825b02bdf6b73956edf76998478b024598eb946361002678efb,Seoul,Will the highest temperature in Seoul (Incheon) be 34°C on August 3?,40237527169828490377186825662194589595506883989836002699199330755343885645908,No,2026-08-01T06:00:25+00:00,0.69
0x89e641d6d147f825b02bdf6b73956edf76998478b024598eb946361002678efb,Seoul,Will the highest temperature in Seoul (Incheon) be 34°C on August 3?,40237527169828490377186825662194589595506883989836002699199330755343885645908,No,2026-08-01T06:43:08+00:00,0.695
0x479df6862bda02f3bacc019dfe6f54d7420fb9d1e93f519e722bb251be660133,Seoul,Will the highest temperature in Seoul (Incheon) be 35°C on August 3?,40687768382475545255917692444169416057132137777732189019326267614171862871712,Yes,2026-08-01T05:00:15+00:00,0.16
0x479df6862bda02f3bacc019dfe6f54d7420fb9d1e93f519e722bb251be660133,Seoul,Will the highest temperature in Seoul (Incheon) be 35°C on August 3?,40687768382475545255917692444169416057132137777732189019326267614171862871712,Yes,2026-08-01T06:00:27+00:00,0.105
0x479df6862bda02f3bacc019dfe6f54d7420fb9d1e93f519e722bb251be660133,Seoul,Will the highest temperature in Seoul (Incheon) be 35°C on August 3?,40687768382475545255917692444169416057132137777732189019326267614171862871712,Yes,2026-08-01T06:43:09+00:00,0.1
0x479df6862bda02f3bacc019dfe6f54d7420fb9d1e93f519e722bb251be660133,Seoul,Will the highest temperature in Seoul (Incheon) be 35°C on August 3?,25727882130139248025497726534491192112164659525740650970194088763337662417426,No,2026-08-01T05:00:13+00:00,0.84
0x479df6862bda02f3bacc019dfe6f54d7420fb9d1e93f519e722bb251be660133,Seoul,Will the highest temperature in Seoul (Incheon) be 35°C on August 3?,25727882130139248025497726534491192112164659525740650970194088763337662417426,No,2026-08-01T06:00:25+00:00,0.895
0x479df6862bda02f3bacc019dfe6f54d7420fb9d1e93f519e722bb251be660133,Seoul,Will the highest temperature in Seoul (Incheon) be 35°C on August 3?,25727882130139248025497726534491192112164659525740650970194088763337662417426,No,2026-08-01T06:43:08+00:00,0.9
0x744b721e3e7518a947f639d05e843b1bce72fd849091addc83e132a4d3cf8d55,Seoul,Will the highest temperature in Seoul (Incheon) be 36°C or higher on August 3?,29312688799977404103899493175419211384402874775949612084288080453312250919767,Yes,2026-08-01T05:00:15+00:00,0.155
0x744b721e3e7518a947f639d05e843b1bce72fd849091addc83e132a4d3cf8d55,Seoul,Will the highest temperature in Seoul (Incheon) be 36°C or higher on August 3?,29312688799977404103899493175419211384402874775949612084288080453312250919767,Yes,2026-08-01T06:00:28+00:00,0.05
0x744b721e3e7518a947f639d05e843b1bce72fd849091addc83e132a4d3cf8d55,Seoul,Will the highest temperature in Seoul (Incheon) be 36°C or higher on August 3?,29312688799977404103899493175419211384402874775949612084288080453312250919767,Yes,2026-08-01T06:43:09+00:00,0.05
0x744b721e3e7518a947f639d05e843b1bce72fd849091addc83e132a4d3cf8d55,Seoul,Will the highest temperature in Seoul (Incheon) be 36°C or higher on August 3?,27337769490236350062193524621635349743426691022198152506765190344632434502175,No,2026-08-01T05:00:14+00:00,0.845
0x744b721e3e7518a947f639d05e843b1bce72fd849091addc83e132a4d3cf8d55,Seoul,Will the highest temperature in Seoul (Incheon) be 36°C or higher on August 3?,27337769490236350062193524621635349743426691022198152506765190344632434502175,No,2026-08-01T06:00:26+00:00,0.95
0x744b721e3e7518a947f639d05e843b1bce72fd849091addc83e132a4d3cf8d55,Seoul,Will the highest temperature in Seoul (Incheon) be 36°C or higher on August 3?,27337769490236350062193524621635349743426691022198152506765190344632434502175,No,2026-08-01T06:43:09+00:00,0.95
0x4f5706dacb730e106b7192349f8cd891f513f1adb3312a42241c7ad401cf7208,Seoul,Will the lowest temperature in Seoul (Incheon) be 22°C or below on August 3?,19304768798545970323388392819805344181532470584848703446649577941578728367053,Yes,2026-08-01T05:00:15+00:00,0.145
0x4f5706dacb730e106b7192349f8cd891f513f1adb3312a42241c7ad401cf7208,Seoul,Will the lowest temperature in Seoul (Incheon) be 22°C or below on August 3?,19304768798545970323388392819805344181532470584848703446649577941578728367053,Yes,2026-08-01T06:00:27+00:00,0.015
0x4f5706dacb730e106b7192349f8cd891f513f1adb3312a42241c7ad401cf7208,Seoul,Will the lowest temperature in Seoul (Incheon) be 22°C or below on August 3?,19304768798545970323388392819805344181532470584848703446649577941578728367053,Yes,2026-08-01T06:43:09+00:00,0.015
0x4f5706dacb730e106b7192349f8cd891f513f1adb3312a42241c7ad401cf7208,Seoul,Will the lowest temperature in Seoul (Incheon) be 22°C or below on August 3?,2549519625435199462095075168376197040900055468762196100994814370870136659412,No,2026-08-01T05:00:14+00:00,0.855
0x4f5706dacb730e106b7192349f8cd891f513f1adb3312a42241c7ad401cf7208,Seoul,Will the lowest temperature in Seoul (Incheon) be 22°C or below on August 3?,2549519625435199462095075168376197040900055468762196100994814370870136659412,No,2026-08-01T06:00:26+00:00,0.985
0x4f5706dacb730e106b7192349f8cd891f513f1adb3312a42241c7ad401cf7208,Seoul,Will the lowest temperature in Seoul (Incheon) be 22°C or below on August 3?,2549519625435199462095075168376197040900055468762196100994814370870136659412,No,2026-08-01T06:43:09+00:00,0.985
0x76e1ad50967cb80ed51f0b2bd6740642361a9d551e52f5666efc6bf898acc776,Seoul,Will the lowest temperature in Seoul (Incheon) be 23°C on August 3?,33762730700423962634100711253653079415581429473486598073691388967795084166914,Yes,2026-08-01T05:00:13+00:00,0.135
0x76e1ad50967cb80ed51f0b2bd6740642361a9d551e52f5666efc6bf898acc776,Seoul,Will the lowest temperature in Seoul (Incheon) be 23°C on August 3?,33762730700423962634100711253653079415581429473486598073691388967795084166914,Yes,2026-08-01T06:00:26+00:00,0.015
0x76e1ad50967cb80ed51f0b2bd6740642361a9d551e52f5666efc6bf898acc776,Seoul,Will the lowest temperature in Seoul (Incheon) be 23°C on August 3?,33762730700423962634100711253653079415581429473486598073691388967795084166914,Yes,2026-08-01T06:43:09+00:00,0.015
0x76e1ad50967cb80ed51f0b2bd6740642361a9d551e52f5666efc6bf898acc776,Seoul,Will the lowest temperature in Seoul (Incheon) be 23°C on August 3?,71458282688989725220721216435770009591927019743211464492012586676963514863868,No,2026-08-01T05:00:14+00:00,0.865
0x76e1ad50967cb80ed51f0b2bd6740642361a9d551e52f5666efc6bf898acc776,Seoul,Will the lowest temperature in Seoul (Incheon) be 23°C on August 3?,71458282688989725220721216435770009591927019743211464492012586676963514863868,No,2026-08-01T06:00:27+00:00,0.985
0x76e1ad50967cb80ed51f0b2bd6740642361a9d551e52f5666efc6bf898acc776,Seoul,Will the lowest temperature in Seoul (Incheon) be 23°C on August 3?,71458282688989725220721216435770009591927019743211464492012586676963514863868,No,2026-08-01T06:43:09+00:00,0.985
0xd6e7129d4c48369c5b8aed99c886033083450f1520381b433e5bdf9839005d15,Seoul,Will the lowest temperature in Seoul (Incheon) be 24°C on August 3?,12050031863920233952761815860497443658712595658104329672305985681351338797769,Yes,2026-08-01T05:00:16+00:00,0.18
0xd6e7129d4c48369c5b8aed99c886033083450f1520381b433e5bdf9839005d15,Seoul,Will the lowest temperature in Seoul (Incheon) be 24°C on August 3?,12050031863920233952761815860497443658712595658104329672305985681351338797769,Yes,2026-08-01T06:00:28+00:00,0.11
0xd6e7129d4c48369c5b8aed99c886033083450f1520381b433e5bdf9839005d15,Seoul,Will the lowest temperature in Seoul (Incheon) be 24°C on August 3?,12050031863920233952761815860497443658712595658104329672305985681351338797769,Yes,2026-08-01T06:43:10+00:00,0.125
0xd6e7129d4c48369c5b8aed99c886033083450f1520381b433e5bdf9839005d15,Seoul,Will the lowest temperature in Seoul (Incheon) be 24°C on August 3?,6812143188890971088265509733880795065671836502052354445853508499246570943180,No,2026-08-01T05:00:12+00:00,0.82
0xd6e7129d4c48369c5b8aed99c886033083450f1520381b433e5bdf9839005d15,Seoul,Will the lowest temperature in Seoul (Incheon) be 24°C on August 3?,6812143188890971088265509733880795065671836502052354445853508499246570943180,No,2026-08-01T06:00:25+00:00,0.89
0xd6e7129d4c48369c5b8aed99c886033083450f1520381b433e5bdf9839005d15,Seoul,Will the lowest temperature in Seoul (Incheon) be 24°C on August 3?,6812143188890971088265509733880795065671836502052354445853508499246570943180,No,2026-08-01T06:43:08+00:00,0.875
0x0110f6484cb9dd66fa105cc7f355a898967f3b39b2b0f35542da37b8d280a5ba,Seoul,Will the lowest temperature in Seoul (Incheon) be 25°C on August 3?,14940986401759379066183663876784902965066229537177409143188821633707190594869,Yes,2026-08-01T05:00:13+00:00,0.2
0x0110f6484cb9dd66fa105cc7f355a898967f3b39b2b0f35542da37b8d280a5ba,Seoul,Will the lowest temperature in Seoul (Incheon) be 25°C on August 3?,14940986401759379066183663876784902965066229537177409143188821633707190594869,Yes,2026-08-01T06:00:25+00:00,0.2
0x0110f6484cb9dd66fa105cc7f355a898967f3b39b2b0f35542da37b8d280a5ba,Seoul,Will the lowest temperature in Seoul (Incheon) be 25°C on August 3?,14940986401759379066183663876784902965066229537177409143188821633707190594869,Yes,2026-08-01T06:43:08+00:00,0.25
0x0110f6484cb9dd66fa105cc7f355a898967f3b39b2b0f35542da37b8d280a5ba,Seoul,Will the lowest temperature in Seoul (Incheon) be 25°C on August 3?,93177652207995115954663462066929883206426346018195387073887169479421255477939,No,2026-08-01T05:00:15+00:00,0.8
0x0110f6484cb9dd66fa105cc7f355a898967f3b39b2b0f35542da37b8d280a5ba,Seoul,Will the lowest temperature in Seoul (Incheon) be 25°C on August 3?,93177652207995115954663462066929883206426346018195387073887169479421255477939,No,2026-08-01T06:00:27+00:00,0.8
0x0110f6484cb9dd66fa105cc7f355a898967f3b39b2b0f35542da37b8d280a5ba,Seoul,Will the lowest temperature in Seoul (Incheon) be 25°C on August 3?,93177652207995115954663462066929883206426346018195387073887169479421255477939,No,2026-08-01T06:43:09+00:00,0.75
0x72f29c6f0120fb5ad17accc3a3ec0aba1e887190131cf1296e59711b022dab17,Seoul,Will the lowest temperature in Seoul (Incheon) be 26°C on August 3?,62364278266431607359182771879072765682020182640428463200206328581375319223112,Yes,2026-08-01T05:00:15+00:00,0.245
0x72f29c6f0120fb5ad17accc3a3ec0aba1e887190131cf1296e59711b022dab17,Seoul,Will the lowest temperature in Seoul (Incheon) be 26°C on August 3?,62364278266431607359182771879072765682020182640428463200206328581375319223112,Yes,2026-08-01T06:00:28+00:00,0.525
0x72f29c6f0120fb5ad17accc3a3ec0aba1e887190131cf1296e59711b022dab17,Seoul,Will the lowest temperature in Seoul (Incheon) be 26°C on August 3?,62364278266431607359182771879072765682020182640428463200206328581375319223112,Yes,2026-08-01T06:43:09+00:00,0.525
0x72f29c6f0120fb5ad17accc3a3ec0aba1e887190131cf1296e59711b022dab17,Seoul,Will the lowest temperature in Seoul (Incheon) be 26°C on August 3?,87642799481232844162723317477329349328480016322521221340186945586821334731707,No,2026-08-01T05:00:16+00:00,0.755
0x72f29c6f0120fb5ad17accc3a3ec0aba1e887190131cf1296e59711b022dab17,Seoul,Will the lowest temperature in Seoul (Incheon) be 26°C on August 3?,87642799481232844162723317477329349328480016322521221340186945586821334731707,No,2026-08-01T06:00:28+00:00,0.475
0x72f29c6f0120fb5ad17accc3a3ec0aba1e887190131cf1296e59711b022dab17,Seoul,Will the lowest temperature in Seoul (Incheon) be 26°C on August 3?,87642799481232844162723317477329349328480016322521221340186945586821334731707,No,2026-08-01T06:43:10+00:00,0.475
0x1c440b52c8c0eaae7c813a600cf3c77f25bc7d356b524235209dd03093f38107,Seoul,Will the lowest temperature in Seoul (Incheon) be 27°C on August 3?,91489842049040640579323134499676901052489838338593971699374348817276260789623,Yes,2026-08-01T05:00:14+00:00,0.195
0x1c440b52c8c0eaae7c813a600cf3c77f25bc7d356b524235209dd03093f38107,Seoul,Will the lowest temperature in Seoul (Incheon) be 27°C on August 3?,91489842049040640579323134499676901052489838338593971699374348817276260789623,Yes,2026-08-01T06:00:26+00:00,0.2
0x1c440b52c8c0eaae7c813a600cf3c77f25bc7d356b524235209dd03093f38107,Seoul,Will the lowest temperature in Seoul (Incheon) be 27°C on August 3?,91489842049040640579323134499676901052489838338593971699374348817276260789623,Yes,2026-08-01T06:43:09+00:00,0.24
0x1c440b52c8c0eaae7c813a600cf3c77f25bc7d356b524235209dd03093f38107,Seoul,Will the lowest temperature in Seoul (Incheon) be 27°C on August 3?,54123283524315491731840654494306130826187267681991947221777095424730801123962,No,2026-08-01T05:00:13+00:00,0.805
0x1c440b52c8c0eaae7c813a600cf3c77f25bc7d356b524235209dd03093f38107,Seoul,Will the lowest temperature in Seoul (Incheon) be 27°C on August 3?,54123283524315491731840654494306130826187267681991947221777095424730801123962,No,2026-08-01T06:00:25+00:00,0.8
0x1c440b52c8c0eaae7c813a600cf3c77f25bc7d356b524235209dd03093f38107,Seoul,Will the lowest temperature in Seoul (Incheon) be 27°C on August 3?,54123283524315491731840654494306130826187267681991947221777095424730801123962,No,2026-08-01T06:43:08+00:00,0.76
0x1a1af152fd0b9651ba06cd8f3856591ce07c246967e287df59b2e77bf4b99f41,Seoul,Will the lowest temperature in Seoul (Incheon) be 28°C on August 3?,29231842697368448416281492408753948117416951986521778286192321259525714337815,Yes,2026-08-01T05:00:13+00:00,0.155
0x1a1af152fd0b9651ba06cd8f3856591ce07c246967e287df59b2e77bf4b99f41,Seoul,Will the lowest temperature in Seoul (Incheon) be 28°C on August 3?,29231842697368448416281492408753948117416951986521778286192321259525714337815,Yes,2026-08-01T06:00:26+00:00,0.1
0x1a1af152fd0b9651ba06cd8f3856591ce07c246967e287df59b2e77bf4b99f41,Seoul,Will the lowest temperature in Seoul (Incheon) be 28°C on August 3?,29231842697368448416281492408753948117416951986521778286192321259525714337815,Yes,2026-08-01T06:43:09+00:00,0.11
0x1a1af152fd0b9651ba06cd8f3856591ce07c246967e287df59b2e77bf4b99f41,Seoul,Will the lowest temperature in Seoul (Incheon) be 28°C on August 3?,101061933609098622073989890234533727076238229485732838958660398682246689860907,No,2026-08-01T05:00:15+00:00,0.845
0x1a1af152fd0b9651ba06cd8f3856591ce07c246967e287df59b2e77bf4b99f41,Seoul,Will the lowest temperature in Seoul (Incheon) be 28°C on August 3?,101061933609098622073989890234533727076238229485732838958660398682246689860907,No,2026-08-01T06:00:27+00:00,0.9
0x1a1af152fd0b9651ba06cd8f3856591ce07c246967e287df59b2e77bf4b99f41,Seoul,Will the lowest temperature in Seoul (Incheon) be 28°C on August 3?,101061933609098622073989890234533727076238229485732838958660398682246689860907,No,2026-08-01T06:43:09+00:00,0.89
0xfdaefbadcd40a368da5f154f844119d7218e768c9d2eed817d29c9316b45e158,Seoul,Will the lowest temperature in Seoul (Incheon) be 29°C on August 3?,24994189840418237110694694995813177265239363488806984251331728721929958201718,Yes,2026-08-01T05:00:13+00:00,0.085
0xfdaefbadcd40a368da5f154f844119d7218e768c9d2eed817d29c9316b45e158,Seoul,Will the lowest temperature in Seoul (Incheon) be 29°C on August 3?,24994189840418237110694694995813177265239363488806984251331728721929958201718,Yes,2026-08-01T06:00:26+00:00,0.07
0xfdaefbadcd40a368da5f154f844119d7218e768c9d2eed817d29c9316b45e158,Seoul,Will the lowest temperature in Seoul (Incheon) be 29°C on August 3?,24994189840418237110694694995813177265239363488806984251331728721929958201718,Yes,2026-08-01T06:43:09+00:00,0.07
0xfdaefbadcd40a368da5f154f844119d7218e768c9d2eed817d29c9316b45e158,Seoul,Will the lowest temperature in Seoul (Incheon) be 29°C on August 3?,26557972669761113788718743838780715808772883338400271448434320069914928827886,No,2026-08-01T05:00:13+00:00,0.915
0xfdaefbadcd40a368da5f154f844119d7218e768c9d2eed817d29c9316b45e158,Seoul,Will the lowest temperature in Seoul (Incheon) be 29°C on August 3?,26557972669761113788718743838780715808772883338400271448434320069914928827886,No,2026-08-01T06:00:25+00:00,0.93
0xfdaefbadcd40a368da5f154f844119d7218e768c9d2eed817d29c9316b45e158,Seoul,Will the lowest temperature in Seoul (Incheon) be 29°C on August 3?,26557972669761113788718743838780715808772883338400271448434320069914928827886,No,2026-08-01T06:43:08+00:00,0.93
0x0a73c5db7ec757435fd75bbfc4d2b70c8f6f4f25651f5fa969012cf6e4b9f51e,Seoul,Will the lowest temperature in Seoul (Incheon) be 30°C on August 3?,17638729551843754336270293222930968045561392552860310884771035912080283919009,Yes,2026-08-01T05:00:14+00:00,0.08
0x0a73c5db7ec757435fd75bbfc4d2b70c8f6f4f25651f5fa969012cf6e4b9f51e,Seoul,Will the lowest temperature in Seoul (Incheon) be 30°C on August 3?,17638729551843754336270293222930968045561392552860310884771035912080283919009,Yes,2026-08-01T06:00:26+00:00,0.01
0x0a73c5db7ec757435fd75bbfc4d2b70c8f6f4f25651f5fa969012cf6e4b9f51e,Seoul,Will the lowest temperature in Seoul (Incheon) be 30°C on August 3?,17638729551843754336270293222930968045561392552860310884771035912080283919009,Yes,2026-08-01T06:43:09+00:00,0.01
0x0a73c5db7ec757435fd75bbfc4d2b70c8f6f4f25651f5fa969012cf6e4b9f51e,Seoul,Will the lowest temperature in Seoul (Incheon) be 30°C on August 3?,77848974197965927375596086290185410105163641052717592185054087992385557194544,No,2026-08-01T05:00:13+00:00,0.92
0x0a73c5db7ec757435fd75bbfc4d2b70c8f6f4f25651f5fa969012cf6e4b9f51e,Seoul,Will the lowest temperature in Seoul (Incheon) be 30°C on August 3?,77848974197965927375596086290185410105163641052717592185054087992385557194544,No,2026-08-01T06:00:26+00:00,0.99
0x0a73c5db7ec757435fd75bbfc4d2b70c8f6f4f25651f5fa969012cf6e4b9f51e,Seoul,Will the lowest temperature in Seoul (Incheon) be 30°C on August 3?,77848974197965927375596086290185410105163641052717592185054087992385557194544,No,2026-08-01T06:43:09+00:00,0.99
0xa53d45465b762af74ff2fc574e10f3706874b51392a8815a97a7b61e4569d112,Seoul,Will the lowest temperature in Seoul (Incheon) be 31°C on August 3?,40784935173192007211844364582585870824585925291905233520131158591403675175354,Yes,2026-08-01T05:00:13+00:00,0.075
0xa53d45465b762af74ff2fc574e10f3706874b51392a8815a97a7b61e4569d112,Seoul,Will the lowest temperature in Seoul (Incheon) be 31°C on August 3?,40784935173192007211844364582585870824585925291905233520131158591403675175354,Yes,2026-08-01T06:00:25+00:00,0.01
0xa53d45465b762af74ff2fc574e10f3706874b51392a8815a97a7b61e4569d112,Seoul,Will the lowest temperature in Seoul (Incheon) be 31°C on August 3?,40784935173192007211844364582585870824585925291905233520131158591403675175354,Yes,2026-08-01T06:43:08+00:00,0.0055
0xa53d45465b762af74ff2fc574e10f3706874b51392a8815a97a7b61e4569d112,Seoul,Will the lowest temperature in Seoul (Incheon) be 31°C on August 3?,76829747605007687361713253796770755384392365088780364813662325646482500969097,No,2026-08-01T05:00:15+00:00,0.925
0xa53d45465b762af74ff2fc574e10f3706874b51392a8815a97a7b61e4569d112,Seoul,Will the lowest temperature in Seoul (Incheon) be 31°C on August 3?,76829747605007687361713253796770755384392365088780364813662325646482500969097,No,2026-08-01T06:00:27+00:00,0.99
0xa53d45465b762af74ff2fc574e10f3706874b51392a8815a97a7b61e4569d112,Seoul,Will the lowest temperature in Seoul (Incheon) be 31°C on August 3?,76829747605007687361713253796770755384392365088780364813662325646482500969097,No,2026-08-01T06:43:09+00:00,0.9945
0x88f565493dab4cd5d968442e560be54d061fafbfc21a4088bc64db0ab9cd5cbe,Seoul,Will the lowest temperature in Seoul (Incheon) be 32°C or higher on August 3?,94856981787231930545697220797260030950686079648822350093735514339549987394485,Yes,2026-08-01T05:00:13+00:00,0.135
0x88f565493dab4cd5d968442e560be54d061fafbfc21a4088bc64db0ab9cd5cbe,Seoul,Will the lowest temperature in Seoul (Incheon) be 32°C or higher on August 3?,94856981787231930545697220797260030950686079648822350093735514339549987394485,Yes,2026-08-01T06:00:26+00:00,0.0055
0x88f565493dab4cd5d968442e560be54d061fafbfc21a4088bc64db0ab9cd5cbe,Seoul,Will the lowest temperature in Seoul (Incheon) be 32°C or higher on August 3?,94856981787231930545697220797260030950686079648822350093735514339549987394485,Yes,2026-08-01T06:43:09+00:00,0.0055
0x88f565493dab4cd5d968442e560be54d061fafbfc21a4088bc64db0ab9cd5cbe,Seoul,Will the lowest temperature in Seoul (Incheon) be 32°C or higher on August 3?,80525245882727147218680440284841179950544928458391908761742448715224446019190,No,2026-08-01T05:00:15+00:00,0.865
0x88f565493dab4cd5d968442e560be54d061fafbfc21a4088bc64db0ab9cd5cbe,Seoul,Will the lowest temperature in Seoul (Incheon) be 32°C or higher on August 3?,80525245882727147218680440284841179950544928458391908761742448715224446019190,No,2026-08-01T06:00:27+00:00,0.9945
0x88f565493dab4cd5d968442e560be54d061fafbfc21a4088bc64db0ab9cd5cbe,Seoul,Will the lowest temperature in Seoul (Incheon) be 32°C or higher on August 3?,80525245882727147218680440284841179950544928458391908761742448715224446019190,No,2026-08-01T06:43:09+00:00,0.9945
0xd0792b6076e258109925b8595baad804d38b164a7c9fce6aaaefebb8bb90cedc,Seoul,Will the highest temperature in Seoul (Incheon) be 25°C or below on August 1?,8533513988379458304575689613537263288949907889068024019720646676047011683556,Yes,2026-08-01T07:00:10+00:00,0.0005
0xd0792b6076e258109925b8595baad804d38b164a7c9fce6aaaefebb8bb90cedc,Seoul,Will the highest temperature in Seoul (Incheon) be 25°C or below on August 1?,8533513988379458304575689613537263288949907889068024019720646676047011683556,Yes,2026-08-01T08:00:10+00:00,0.0005
0xd0792b6076e258109925b8595baad804d38b164a7c9fce6aaaefebb8bb90cedc,Seoul,Will the highest temperature in Seoul (Incheon) be 25°C or below on August 1?,8533513988379458304575689613537263288949907889068024019720646676047011683556,Yes,2026-08-01T09:00:13+00:00,0.0005
0xd0792b6076e258109925b8595baad804d38b164a7c9fce6aaaefebb8bb90cedc,Seoul,Will the highest temperature in Seoul (Incheon) be 25°C or below on August 1?,8533513988379458304575689613537263288949907889068024019720646676047011683556,Yes,2026-08-01T09:20:07+00:00,0.0005
0xd0792b6076e258109925b8595baad804d38b164a7c9fce6aaaefebb8bb90cedc,Seoul,Will the highest temperature in Seoul (Incheon) be 25°C or below on August 1?,40141462596326812876981122055285583695762688446597470286873702862511265005754,No,2026-08-01T07:00:09+00:00,0.9995
0xd0792b6076e258109925b8595baad804d38b164a7c9fce6aaaefebb8bb90cedc,Seoul,Will the highest temperature in Seoul (Incheon) be 25°C or below on August 1?,40141462596326812876981122055285583695762688446597470286873702862511265005754,No,2026-08-01T08:00:09+00:00,0.9995
0xd0792b6076e258109925b8595baad804d38b164a7c9fce6aaaefebb8bb90cedc,Seoul,Will the highest temperature in Seoul (Incheon) be 25°C or below on August 1?,40141462596326812876981122055285583695762688446597470286873702862511265005754,No,2026-08-01T09:00:12+00:00,0.9995
0xd0792b6076e258109925b8595baad804d38b164a7c9fce6aaaefebb8bb90cedc,Seoul,Will the highest temperature in Seoul (Incheon) be 25°C or below on August 1?,40141462596326812876981122055285583695762688446597470286873702862511265005754,No,2026-08-01T09:20:06+00:00,0.9995
0x6d1769262759f663f720262dc699a9109aea418aa51ec5714865c5c40d7abf05,Seoul,Will the highest temperature in Seoul (Incheon) be 26°C on August 1?,40773380466185274040488650627985431643261389478651800315521110188416831855294,Yes,2026-08-01T07:00:10+00:00,0.0005
0x6d1769262759f663f720262dc699a9109aea418aa51ec5714865c5c40d7abf05,Seoul,Will the highest temperature in Seoul (Incheon) be 26°C on August 1?,40773380466185274040488650627985431643261389478651800315521110188416831855294,Yes,2026-08-01T08:00:11+00:00,0.0005
0x6d1769262759f663f720262dc699a9109aea418aa51ec5714865c5c40d7abf05,Seoul,Will the highest temperature in Seoul (Incheon) be 26°C on August 1?,40773380466185274040488650627985431643261389478651800315521110188416831855294,Yes,2026-08-01T09:00:14+00:00,0.0005
0x6d1769262759f663f720262dc699a9109aea418aa51ec5714865c5c40d7abf05,Seoul,Will the highest temperature in Seoul (Incheon) be 26°C on August 1?,40773380466185274040488650627985431643261389478651800315521110188416831855294,Yes,2026-08-01T09:20:07+00:00,0.0005
0x6d1769262759f663f720262dc699a9109aea418aa51ec5714865c5c40d7abf05,Seoul,Will the highest temperature in Seoul (Incheon) be 26°C on August 1?,63300169007768027742551060794006148851254999899415456659157857114037813444966,No,2026-08-01T07:00:08+00:00,0.9995
0x6d1769262759f663f720262dc699a9109aea418aa51ec5714865c5c40d7abf05,Seoul,Will the highest temperature in Seoul (Incheon) be 26°C on August 1?,63300169007768027742551060794006148851254999899415456659157857114037813444966,No,2026-08-01T08:00:09+00:00,0.9995
0x6d1769262759f663f720262dc699a9109aea418aa51ec5714865c5c40d7abf05,Seoul,Will the highest temperature in Seoul (Incheon) be 26°C on August 1?,63300169007768027742551060794006148851254999899415456659157857114037813444966,No,2026-08-01T09:00:11+00:00,0.9995
0x6d1769262759f663f720262dc699a9109aea418aa51ec5714865c5c40d7abf05,Seoul,Will the highest temperature in Seoul (Incheon) be 26°C on August 1?,63300169007768027742551060794006148851254999899415456659157857114037813444966,No,2026-08-01T09:20:06+00:00,0.9995
0xc859ae3b9499d5c065b1034b95b6082cd48aad72939ba19a84b38ae5603a1909,Seoul,Will the highest temperature in Seoul (Incheon) be 27°C on August 1?,29500608877145635144000099316674912017060278725088172611494049606460410509496,Yes,2026-08-01T07:00:11+00:00,0.0005
0xc859ae3b9499d5c065b1034b95b6082cd48aad72939ba19a84b38ae5603a1909,Seoul,Will the highest temperature in Seoul (Incheon) be 27°C on August 1?,29500608877145635144000099316674912017060278725088172611494049606460410509496,Yes,2026-08-01T08:00:12+00:00,0.0005
0xc859ae3b9499d5c065b1034b95b6082cd48aad72939ba19a84b38ae5603a1909,Seoul,Will the highest temperature in Seoul (Incheon) be 27°C on August 1?,29500608877145635144000099316674912017060278725088172611494049606460410509496,Yes,2026-08-01T09:00:15+00:00,0.0005
0xc859ae3b9499d5c065b1034b95b6082cd48aad72939ba19a84b38ae5603a1909,Seoul,Will the highest temperature in Seoul (Incheon) be 27°C on August 1?,29500608877145635144000099316674912017060278725088172611494049606460410509496,Yes,2026-08-01T09:20:08+00:00,0.0005
0xc859ae3b9499d5c065b1034b95b6082cd48aad72939ba19a84b38ae5603a1909,Seoul,Will the highest temperature in Seoul (Incheon) be 27°C on August 1?,64534888529907866610333319324324410447003598898239836749570226069757198591483,No,2026-08-01T07:00:10+00:00,0.9995
0xc859ae3b9499d5c065b1034b95b6082cd48aad72939ba19a84b38ae5603a1909,Seoul,Will the highest temperature in Seoul (Incheon) be 27°C on August 1?,64534888529907866610333319324324410447003598898239836749570226069757198591483,No,2026-08-01T08:00:11+00:00,0.9995
0xc859ae3b9499d5c065b1034b95b6082cd48aad72939ba19a84b38ae5603a1909,Seoul,Will the highest temperature in Seoul (Incheon) be 27°C on August 1?,64534888529907866610333319324324410447003598898239836749570226069757198591483,No,2026-08-01T09:00:13+00:00,0.9995
0xc859ae3b9499d5c065b1034b95b6082cd48aad72939ba19a84b38ae5603a1909,Seoul,Will the highest temperature in Seoul (Incheon) be 27°C on August 1?,64534888529907866610333319324324410447003598898239836749570226069757198591483,No,2026-08-01T09:20:07+00:00,0.9995
0xbefd56446b19d8129204c790e8ba972d625e3cdb896f5b504a00c0eef7cb7a5a,Seoul,Will the highest temperature in Seoul (Incheon) be 28°C on August 1?,95491326652391348198102129894012133755800815037604206355360757598119588147796,Yes,2026-08-01T07:00:08+00:00,0.0005
0xbefd56446b19d8129204c790e8ba972d625e3cdb896f5b504a00c0eef7cb7a5a,Seoul,Will the highest temperature in Seoul (Incheon) be 28°C on August 1?,95491326652391348198102129894012133755800815037604206355360757598119588147796,Yes,2026-08-01T08:00:09+00:00,0.0005
0xbefd56446b19d8129204c790e8ba972d625e3cdb896f5b504a00c0eef7cb7a5a,Seoul,Will the highest temperature in Seoul (Incheon) be 28°C on August 1?,95491326652391348198102129894012133755800815037604206355360757598119588147796,Yes,2026-08-01T09:00:11+00:00,0.0005
0xbefd56446b19d8129204c790e8ba972d625e3cdb896f5b504a00c0eef7cb7a5a,Seoul,Will the highest temperature in Seoul (Incheon) be 28°C on August 1?,95491326652391348198102129894012133755800815037604206355360757598119588147796,Yes,2026-08-01T09:20:06+00:00,0.0005
0xbefd56446b19d8129204c790e8ba972d625e3cdb896f5b504a00c0eef7cb7a5a,Seoul,Will the highest temperature in Seoul (Incheon) be 28°C on August 1?,22773979698173811567739283235626140492992846365983239158896600088598442064650,No,2026-08-01T07:00:11+00:00,0.9995
0xbefd56446b19d8129204c790e8ba972d625e3cdb896f5b504a00c0eef7cb7a5a,Seoul,Will the highest temperature in Seoul (Incheon) be 28°C on August 1?,22773979698173811567739283235626140492992846365983239158896600088598442064650,No,2026-08-01T08:00:12+00:00,0.9995
0xbefd56446b19d8129204c790e8ba972d625e3cdb896f5b504a00c0eef7cb7a5a,Seoul,Will the highest temperature in Seoul (Incheon) be 28°C on August 1?,22773979698173811567739283235626140492992846365983239158896600088598442064650,No,2026-08-01T09:00:15+00:00,0.9995
0xbefd56446b19d8129204c790e8ba972d625e3cdb896f5b504a00c0eef7cb7a5a,Seoul,Will the highest temperature in Seoul (Incheon) be 28°C on August 1?,22773979698173811567739283235626140492992846365983239158896600088598442064650,No,2026-08-01T09:20:08+00:00,0.9995
0x49cac9d3cc4520a14eb943b20bea4b2d0d9501fe982c442145ffd3ddea12e96f,Seoul,Will the highest temperature in Seoul (Incheon) be 29°C on August 1?,37156468587405578120900474337241560104248614027879457931306468206574828474534,Yes,2026-08-01T07:00:11+00:00,0.0005
0x49cac9d3cc4520a14eb943b20bea4b2d0d9501fe982c442145ffd3ddea12e96f,Seoul,Will the highest temperature in Seoul (Incheon) be 29°C on August 1?,37156468587405578120900474337241560104248614027879457931306468206574828474534,Yes,2026-08-01T08:00:12+00:00,0.0005
0x49cac9d3cc4520a14eb943b20bea4b2d0d9501fe982c442145ffd3ddea12e96f,Seoul,Will the highest temperature in Seoul (Incheon) be 29°C on August 1?,37156468587405578120900474337241560104248614027879457931306468206574828474534,Yes,2026-08-01T09:00:15+00:00,0.0005
0x49cac9d3cc4520a14eb943b20bea4b2d0d9501fe982c442145ffd3ddea12e96f,Seoul,Will the highest temperature in Seoul (Incheon) be 29°C on August 1?,37156468587405578120900474337241560104248614027879457931306468206574828474534,Yes,2026-08-01T09:20:08+00:00,0.0005
0x49cac9d3cc4520a14eb943b20bea4b2d0d9501fe982c442145ffd3ddea12e96f,Seoul,Will the highest temperature in Seoul (Incheon) be 29°C on August 1?,110627128635086003645011491607916997250267739390309436413868394297440625306638,No,2026-08-01T07:00:09+00:00,0.9995
0x49cac9d3cc4520a14eb943b20bea4b2d0d9501fe982c442145ffd3ddea12e96f,Seoul,Will the highest temperature in Seoul (Incheon) be 29°C on August 1?,110627128635086003645011491607916997250267739390309436413868394297440625306638,No,2026-08-01T08:00:09+00:00,0.9995
0x49cac9d3cc4520a14eb943b20bea4b2d0d9501fe982c442145ffd3ddea12e96f,Seoul,Will the highest temperature in Seoul (Incheon) be 29°C on August 1?,110627128635086003645011491607916997250267739390309436413868394297440625306638,No,2026-08-01T09:00:12+00:00,0.9995
0x49cac9d3cc4520a14eb943b20bea4b2d0d9501fe982c442145ffd3ddea12e96f,Seoul,Will the highest temperature in Seoul (Incheon) be 29°C on August 1?,110627128635086003645011491607916997250267739390309436413868394297440625306638,No,2026-08-01T09:20:06+00:00,0.9995
0xe4af99a6a904c2b336fa8dc837490bfe0c990946eacf237bc1db3e05479e726d,Seoul,Will the highest temperature in Seoul (Incheon) be 30°C on August 1?,104465833727310267148579613947552680177886367458332348306679345416256231461960,Yes,2026-08-01T07:00:10+00:00,0.0005
0xe4af99a6a904c2b336fa8dc837490bfe0c990946eacf237bc1db3e05479e726d,Seoul,Will the highest temperature in Seoul (Incheon) be 30°C on August 1?,104465833727310267148579613947552680177886367458332348306679345416256231461960,Yes,2026-08-01T08:00:11+00:00,0.0005
0xe4af99a6a904c2b336fa8dc837490bfe0c990946eacf237bc1db3e05479e726d,Seoul,Will the highest temperature in Seoul (Incheon) be 30°C on August 1?,104465833727310267148579613947552680177886367458332348306679345416256231461960,Yes,2026-08-01T09:00:14+00:00,0.0005
0xe4af99a6a904c2b336fa8dc837490bfe0c990946eacf237bc1db3e05479e726d,Seoul,Will the highest temperature in Seoul (Incheon) be 30°C on August 1?,104465833727310267148579613947552680177886367458332348306679345416256231461960,Yes,2026-08-01T09:20:08+00:00,0.0005
0xe4af99a6a904c2b336fa8dc837490bfe0c990946eacf237bc1db3e05479e726d,Seoul,Will the highest temperature in Seoul (Incheon) be 30°C on August 1?,27531249748542524065076683460540792303657394581249893357889916694760828829561,No,2026-08-01T07:00:10+00:00,0.9995
0xe4af99a6a904c2b336fa8dc837490bfe0c990946eacf237bc1db3e05479e726d,Seoul,Will the highest temperature in Seoul (Incheon) be 30°C on August 1?,27531249748542524065076683460540792303657394581249893357889916694760828829561,No,2026-08-01T08:00:10+00:00,0.9995
0xe4af99a6a904c2b336fa8dc837490bfe0c990946eacf237bc1db3e05479e726d,Seoul,Will the highest temperature in Seoul (Incheon) be 30°C on August 1?,27531249748542524065076683460540792303657394581249893357889916694760828829561,No,2026-08-01T09:00:13+00:00,0.9995
0xe4af99a6a904c2b336fa8dc837490bfe0c990946eacf237bc1db3e05479e726d,Seoul,Will the highest temperature in Seoul (Incheon) be 30°C on August 1?,27531249748542524065076683460540792303657394581249893357889916694760828829561,No,2026-08-01T09:20:07+00:00,0.9995
0x2307f667cdc9676e6fe39e3ef7f8ddf47011aa687370d936c53c8b384570a373,Seoul,Will the highest temperature in Seoul (Incheon) be 31°C on August 1?,26027981725202669683092735515125986719677475912574642988426038977841685573778,Yes,2026-08-01T07:00:10+00:00,0.0005
0x2307f667cdc9676e6fe39e3ef7f8ddf47011aa687370d936c53c8b384570a373,Seoul,Will the highest temperature in Seoul (Incheon) be 31°C on August 1?,26027981725202669683092735515125986719677475912574642988426038977841685573778,Yes,2026-08-01T08:00:10+00:00,0.0005
0x2307f667cdc9676e6fe39e3ef7f8ddf47011aa687370d936c53c8b384570a373,Seoul,Will the highest temperature in Seoul (Incheon) be 31°C on August 1?,26027981725202669683092735515125986719677475912574642988426038977841685573778,Yes,2026-08-01T09:00:13+00:00,0.0005
0x2307f667cdc9676e6fe39e3ef7f8ddf47011aa687370d936c53c8b384570a373,Seoul,Will the highest temperature in Seoul (Incheon) be 31°C on August 1?,26027981725202669683092735515125986719677475912574642988426038977841685573778,Yes,2026-08-01T09:20:07+00:00,0.0005
0x2307f667cdc9676e6fe39e3ef7f8ddf47011aa687370d936c53c8b384570a373,Seoul,Will the highest temperature in Seoul (Incheon) be 31°C on August 1?,3981252166472897860965121401607009032442514490027258676595154528432581305725,No,2026-08-01T07:00:10+00:00,0.9995
0x2307f667cdc9676e6fe39e3ef7f8ddf47011aa687370d936c53c8b384570a373,Seoul,Will the highest temperature in Seoul (Incheon) be 31°C on August 1?,3981252166472897860965121401607009032442514490027258676595154528432581305725,No,2026-08-01T08:00:11+00:00,0.9995
0x2307f667cdc9676e6fe39e3ef7f8ddf47011aa687370d936c53c8b384570a373,Seoul,Will the highest temperature in Seoul (Incheon) be 31°C on August 1?,3981252166472897860965121401607009032442514490027258676595154528432581305725,No,2026-08-01T09:00:14+00:00,0.9995
0x2307f667cdc9676e6fe39e3ef7f8ddf47011aa687370d936c53c8b384570a373,Seoul,Will the highest temperature in Seoul (Incheon) be 31°C on August 1?,3981252166472897860965121401607009032442514490027258676595154528432581305725,No,2026-08-01T09:20:08+00:00,0.9995
0x3948c667d3ad9646304d8a743b2864c7e062ee61e146ff27a899b405cf1409bb,Seoul,Will the highest temperature in Seoul (Incheon) be 32°C on August 1?,23011742652504098548061026531298879196713278678339044408424419439899777767317,Yes,2026-08-01T07:00:10+00:00,0.97
0x3948c667d3ad9646304d8a743b2864c7e062ee61e146ff27a899b405cf1409bb,Seoul,Will the highest temperature in Seoul (Incheon) be 32°C on August 1?,23011742652504098548061026531298879196713278678339044408424419439899777767317,Yes,2026-08-01T08:00:11+00:00,0.985
0x3948c667d3ad9646304d8a743b2864c7e062ee61e146ff27a899b405cf1409bb,Seoul,Will the highest temperature in Seoul (Incheon) be 32°C on August 1?,23011742652504098548061026531298879196713278678339044408424419439899777767317,Yes,2026-08-01T09:00:14+00:00,0.998
0x3948c667d3ad9646304d8a743b2864c7e062ee61e146ff27a899b405cf1409bb,Seoul,Will the highest temperature in Seoul (Incheon) be 32°C on August 1?,23011742652504098548061026531298879196713278678339044408424419439899777767317,Yes,2026-08-01T09:20:07+00:00,0.9985
0x3948c667d3ad9646304d8a743b2864c7e062ee61e146ff27a899b405cf1409bb,Seoul,Will the highest temperature in Seoul (Incheon) be 32°C on August 1?,7571232515099222470118374567734263942756772821269087153748631275382097350030,No,2026-08-01T07:00:09+00:00,0.03
0x3948c667d3ad9646304d8a743b2864c7e062ee61e146ff27a899b405cf1409bb,Seoul,Will the highest temperature in Seoul (Incheon) be 32°C on August 1?,7571232515099222470118374567734263942756772821269087153748631275382097350030,No,2026-08-01T08:00:10+00:00,0.015
0x3948c667d3ad9646304d8a743b2864c7e062ee61e146ff27a899b405cf1409bb,Seoul,Will the highest temperature in Seoul (Incheon) be 32°C on August 1?,7571232515099222470118374567734263942756772821269087153748631275382097350030,No,2026-08-01T09:00:13+00:00,0.002
0x3948c667d3ad9646304d8a743b2864c7e062ee61e146ff27a899b405cf1409bb,Seoul,Will the highest temperature in Seoul (Incheon) be 32°C on August 1?,7571232515099222470118374567734263942756772821269087153748631275382097350030,No,2026-08-01T09:20:07+00:00,0.0015
0x6ae2e275987b23b5af12fe75b37acba3fb37823e3397f1718627ffb1c902e885,Seoul,Will the highest temperature in Seoul (Incheon) be 33°C on August 1?,32011339035171813608552875017108567331032866759749474003573559495523654119470,Yes,2026-08-01T07:00:10+00:00,0.035
0x6ae2e275987b23b5af12fe75b37acba3fb37823e3397f1718627ffb1c902e885,Seoul,Will the highest temperature in Seoul (Incheon) be 33°C on August 1?,32011339035171813608552875017108567331032866759749474003573559495523654119470,Yes,2026-08-01T08:00:10+00:00,0.0115
0x6ae2e275987b23b5af12fe75b37acba3fb37823e3397f1718627ffb1c902e885,Seoul,Will the highest temperature in Seoul (Incheon) be 33°C on August 1?,32011339035171813608552875017108567331032866759749474003573559495523654119470,Yes,2026-08-01T09:00:13+00:00,0.0015
0x6ae2e275987b23b5af12fe75b37acba3fb37823e3397f1718627ffb1c902e885,Seoul,Will the highest temperature in Seoul (Incheon) be 33°C on August 1?,32011339035171813608552875017108567331032866759749474003573559495523654119470,Yes,2026-08-01T09:20:07+00:00,0.0015
0x6ae2e275987b23b5af12fe75b37acba3fb37823e3397f1718627ffb1c902e885,Seoul,Will the highest temperature in Seoul (Incheon) be 33°C on August 1?,54925701434236354544723068437696624750260532872940631503324597904085826895294,No,2026-08-01T07:00:11+00:00,0.965
0x6ae2e275987b23b5af12fe75b37acba3fb37823e3397f1718627ffb1c902e885,Seoul,Will the highest temperature in Seoul (Incheon) be 33°C on August 1?,54925701434236354544723068437696624750260532872940631503324597904085826895294,No,2026-08-01T08:00:12+00:00,0.9885
0x6ae2e275987b23b5af12fe75b37acba3fb37823e3397f1718627ffb1c902e885,Seoul,Will the highest temperature in Seoul (Incheon) be 33°C on August 1?,54925701434236354544723068437696624750260532872940631503324597904085826895294,No,2026-08-01T09:00:15+00:00,0.9985
0x6ae2e275987b23b5af12fe75b37acba3fb37823e3397f1718627ffb1c902e885,Seoul,Will the highest temperature in Seoul (Incheon) be 33°C on August 1?,54925701434236354544723068437696624750260532872940631503324597904085826895294,No,2026-08-01T09:20:08+00:00,0.9985
0x28c2673470b401c40df1c4b6434a077ba95959fdf94178abefd7c7d9b5a9a88c,Seoul,Will the highest temperature in Seoul (Incheon) be 34°C on August 1?,106424811315411714302502324902619838626389066355380234655712299464870896724411,Yes,2026-08-01T07:00:09+00:00,0.005
0x28c2673470b401c40df1c4b6434a077ba95959fdf94178abefd7c7d9b5a9a88c,Seoul,Will the highest temperature in Seoul (Incheon) be 34°C on August 1?,106424811315411714302502324902619838626389066355380234655712299464870896724411,Yes,2026-08-01T08:00:10+00:00,0.0035
0x28c2673470b401c40df1c4b6434a077ba95959fdf94178abefd7c7d9b5a9a88c,Seoul,Will the highest temperature in Seoul (Incheon) be 34°C on August 1?,106424811315411714302502324902619838626389066355380234655712299464870896724411,Yes,2026-08-01T09:00:13+00:00,0.0005
0x28c2673470b401c40df1c4b6434a077ba95959fdf94178abefd7c7d9b5a9a88c,Seoul,Will the highest temperature in Seoul (Incheon) be 34°C on August 1?,106424811315411714302502324902619838626389066355380234655712299464870896724411,Yes,2026-08-01T09:20:07+00:00,0.0005
0x28c2673470b401c40df1c4b6434a077ba95959fdf94178abefd7c7d9b5a9a88c,Seoul,Will the highest temperature in Seoul (Incheon) be 34°C on August 1?,91286016663869440106579321441517791119758623399650093413182256285268638497895,No,2026-08-01T07:00:10+00:00,0.995
0x28c2673470b401c40df1c4b6434a077ba95959fdf94178abefd7c7d9b5a9a88c,Seoul,Will the highest temperature in Seoul (Incheon) be 34°C on August 1?,91286016663869440106579321441517791119758623399650093413182256285268638497895,No,2026-08-01T08:00:11+00:00,0.9965
0x28c2673470b401c40df1c4b6434a077ba95959fdf94178abefd7c7d9b5a9a88c,Seoul,Will the highest temperature in Seoul (Incheon) be 34°C on August 1?,91286016663869440106579321441517791119758623399650093413182256285268638497895,No,2026-08-01T09:00:14+00:00,0.9995
0x28c2673470b401c40df1c4b6434a077ba95959fdf94178abefd7c7d9b5a9a88c,Seoul,Will the highest temperature in Seoul (Incheon) be 34°C on August 1?,91286016663869440106579321441517791119758623399650093413182256285268638497895,No,2026-08-01T09:20:07+00:00,0.9995
0xc529fb69070947b2704fcb3e5baef47ac8a989a8908929372003ce23ea3aa37a,Seoul,Will the highest temperature in Seoul (Incheon) be 35°C or higher on August 1?,37678255753096523077195428428890663563927301273344278644355946679134032687671,Yes,2026-08-01T07:00:09+00:00,0.0045
0xc529fb69070947b2704fcb3e5baef47ac8a989a8908929372003ce23ea3aa37a,Seoul,Will the highest temperature in Seoul (Incheon) be 35°C or higher on August 1?,37678255753096523077195428428890663563927301273344278644355946679134032687671,Yes,2026-08-01T08:00:10+00:00,0.0005
0xc529fb69070947b2704fcb3e5baef47ac8a989a8908929372003ce23ea3aa37a,Seoul,Will the highest temperature in Seoul (Incheon) be 35°C or higher on August 1?,37678255753096523077195428428890663563927301273344278644355946679134032687671,Yes,2026-08-01T09:00:13+00:00,0.0005
0xc529fb69070947b2704fcb3e5baef47ac8a989a8908929372003ce23ea3aa37a,Seoul,Will the highest temperature in Seoul (Incheon) be 35°C or higher on August 1?,37678255753096523077195428428890663563927301273344278644355946679134032687671,Yes,2026-08-01T09:20:07+00:00,0.0005
0xc529fb69070947b2704fcb3e5baef47ac8a989a8908929372003ce23ea3aa37a,Seoul,Will the highest temperature in Seoul (Incheon) be 35°C or higher on August 1?,79859422423492323098220565105554084495840007687068404845421799507243117731981,No,2026-08-01T07:00:09+00:00,0.9955
0xc529fb69070947b2704fcb3e5baef47ac8a989a8908929372003ce23ea3aa37a,Seoul,Will the highest temperature in Seoul (Incheon) be 35°C or higher on August 1?,79859422423492323098220565105554084495840007687068404845421799507243117731981,No,2026-08-01T08:00:10+00:00,0.9995
0xc529fb69070947b2704fcb3e5baef47ac8a989a8908929372003ce23ea3aa37a,Seoul,Will the highest temperature in Seoul (Incheon) be 35°C or higher on August 1?,79859422423492323098220565105554084495840007687068404845421799507243117731981,No,2026-08-01T09:00:13+00:00,0.9995
0xc529fb69070947b2704fcb3e5baef47ac8a989a8908929372003ce23ea3aa37a,Seoul,Will the highest temperature in Seoul (Incheon) be 35°C or higher on August 1?,79859422423492323098220565105554084495840007687068404845421799507243117731981,No,2026-08-01T09:20:07+00:00,0.9995
0x0823987c3e682a59b0689691c5c49f6fb5097dd30bfebaddca8080506ff5f167,Seoul,Will the lowest temperature in Seoul (Incheon) be 22°C or below on August 1?,115522439040962885739395246092651457967987447921074837961888152943446673568768,Yes,2026-08-01T07:00:10+00:00,0.0005
0x0823987c3e682a59b0689691c5c49f6fb5097dd30bfebaddca8080506ff5f167,Seoul,Will the lowest temperature in Seoul (Incheon) be 22°C or below on August 1?,115522439040962885739395246092651457967987447921074837961888152943446673568768,Yes,2026-08-01T08:00:10+00:00,0.0005
0x0823987c3e682a59b0689691c5c49f6fb5097dd30bfebaddca8080506ff5f167,Seoul,Will the lowest temperature in Seoul (Incheon) be 22°C or below on August 1?,115522439040962885739395246092651457967987447921074837961888152943446673568768,Yes,2026-08-01T09:00:13+00:00,0.0005
0x0823987c3e682a59b0689691c5c49f6fb5097dd30bfebaddca8080506ff5f167,Seoul,Will the lowest temperature in Seoul (Incheon) be 22°C or below on August 1?,115522439040962885739395246092651457967987447921074837961888152943446673568768,Yes,2026-08-01T09:20:07+00:00,0.0005
0x0823987c3e682a59b0689691c5c49f6fb5097dd30bfebaddca8080506ff5f167,Seoul,Will the lowest temperature in Seoul (Incheon) be 22°C or below on August 1?,87552249633618477863707875185894348714050988462599562852072132010832126159829,No,2026-08-01T07:00:09+00:00,0.9995
0x0823987c3e682a59b0689691c5c49f6fb5097dd30bfebaddca8080506ff5f167,Seoul,Will the lowest temperature in Seoul (Incheon) be 22°C or below on August 1?,87552249633618477863707875185894348714050988462599562852072132010832126159829,No,2026-08-01T08:00:09+00:00,0.9995
0x0823987c3e682a59b0689691c5c49f6fb5097dd30bfebaddca8080506ff5f167,Seoul,Will the lowest temperature in Seoul (Incheon) be 22°C or below on August 1?,87552249633618477863707875185894348714050988462599562852072132010832126159829,No,2026-08-01T09:00:12+00:00,0.9995
0x0823987c3e682a59b0689691c5c49f6fb5097dd30bfebaddca8080506ff5f167,Seoul,Will the lowest temperature in Seoul (Incheon) be 22°C or below on August 1?,87552249633618477863707875185894348714050988462599562852072132010832126159829,No,2026-08-01T09:20:06+00:00,0.9995
0x4de546104719af95cfe6b25654dbf8b7bf7f9bc2c1acbed0c2322fffe87d2384,Seoul,Will the lowest temperature in Seoul (Incheon) be 23°C on August 1?,88532792779642173247160359430410427451612051190999663752140242554041439913550,Yes,2026-08-01T07:00:10+00:00,0.0005
0x4de546104719af95cfe6b25654dbf8b7bf7f9bc2c1acbed0c2322fffe87d2384,Seoul,Will the lowest temperature in Seoul (Incheon) be 23°C on August 1?,88532792779642173247160359430410427451612051190999663752140242554041439913550,Yes,2026-08-01T08:00:11+00:00,0.0005
0x4de546104719af95cfe6b25654dbf8b7bf7f9bc2c1acbed0c2322fffe87d2384,Seoul,Will the lowest temperature in Seoul (Incheon) be 23°C on August 1?,88532792779642173247160359430410427451612051190999663752140242554041439913550,Yes,2026-08-01T09:00:14+00:00,0.0005
0x4de546104719af95cfe6b25654dbf8b7bf7f9bc2c1acbed0c2322fffe87d2384,Seoul,Will the lowest temperature in Seoul (Incheon) be 23°C on August 1?,88532792779642173247160359430410427451612051190999663752140242554041439913550,Yes,2026-08-01T09:20:07+00:00,0.0005
0x4de546104719af95cfe6b25654dbf8b7bf7f9bc2c1acbed0c2322fffe87d2384,Seoul,Will the lowest temperature in Seoul (Incheon) be 23°C on August 1?,113031101527207574855272117507870678187937030225515689624088589501185277463705,No,2026-08-01T07:00:10+00:00,0.9995
0x4de546104719af95cfe6b25654dbf8b7bf7f9bc2c1acbed0c2322fffe87d2384,Seoul,Will the lowest temperature in Seoul (Incheon) be 23°C on August 1?,113031101527207574855272117507870678187937030225515689624088589501185277463705,No,2026-08-01T08:00:11+00:00,0.9995
0x4de546104719af95cfe6b25654dbf8b7bf7f9bc2c1acbed0c2322fffe87d2384,Seoul,Will the lowest temperature in Seoul (Incheon) be 23°C on August 1?,113031101527207574855272117507870678187937030225515689624088589501185277463705,No,2026-08-01T09:00:14+00:00,0.9995
0x4de546104719af95cfe6b25654dbf8b7bf7f9bc2c1acbed0c2322fffe87d2384,Seoul,Will the lowest temperature in Seoul (Incheon) be 23°C on August 1?,113031101527207574855272117507870678187937030225515689624088589501185277463705,No,2026-08-01T09:20:07+00:00,0.9995
0x06db4da938e5c0d234cfec1d8865eabeaed92aadecbb001ef03fa6d3d357ba7e,Seoul,Will the lowest temperature in Seoul (Incheon) be 24°C on August 1?,51050193329669517790992391641810861558990837568533590638759538100702321195012,Yes,2026-08-01T07:00:10+00:00,0.0015
0x06db4da938e5c0d234cfec1d8865eabeaed92aadecbb001ef03fa6d3d357ba7e,Seoul,Will the lowest temperature in Seoul (Incheon) be 24°C on August 1?,51050193329669517790992391641810861558990837568533590638759538100702321195012,Yes,2026-08-01T08:00:11+00:00,0.0015
0x06db4da938e5c0d234cfec1d8865eabeaed92aadecbb001ef03fa6d3d357ba7e,Seoul,Will the lowest temperature in Seoul (Incheon) be 24°C on August 1?,51050193329669517790992391641810861558990837568533590638759538100702321195012,Yes,2026-08-01T09:00:14+00:00,0.0015
0x06db4da938e5c0d234cfec1d8865eabeaed92aadecbb001ef03fa6d3d357ba7e,Seoul,Will the lowest temperature in Seoul (Incheon) be 24°C on August 1?,51050193329669517790992391641810861558990837568533590638759538100702321195012,Yes,2026-08-01T09:20:08+00:00,0.0015
0x06db4da938e5c0d234cfec1d8865eabeaed92aadecbb001ef03fa6d3d357ba7e,Seoul,Will the lowest temperature in Seoul (Incheon) be 24°C on August 1?,49948002326355732779454110442694490331965482400095519617165982554934148299946,No,2026-08-01T07:00:10+00:00,0.9985
0x06db4da938e5c0d234cfec1d8865eabeaed92aadecbb001ef03fa6d3d357ba7e,Seoul,Will the lowest temperature in Seoul (Incheon) be 24°C on August 1?,49948002326355732779454110442694490331965482400095519617165982554934148299946,No,2026-08-01T08:00:11+00:00,0.9985
0x06db4da938e5c0d234cfec1d8865eabeaed92aadecbb001ef03fa6d3d357ba7e,Seoul,Will the lowest temperature in Seoul (Incheon) be 24°C on August 1?,49948002326355732779454110442694490331965482400095519617165982554934148299946,No,2026-08-01T09:00:14+00:00,0.9985
0x06db4da938e5c0d234cfec1d8865eabeaed92aadecbb001ef03fa6d3d357ba7e,Seoul,Will the lowest temperature in Seoul (Incheon) be 24°C on August 1?,49948002326355732779454110442694490331965482400095519617165982554934148299946,No,2026-08-01T09:20:08+00:00,0.9985
0x35f7a442d8356a33bebc1396bc76b8edca028f899796bec43f09443f1a7c87da,Seoul,Will the lowest temperature in Seoul (Incheon) be 25°C on August 1?,35235895000458516965826137721191759320795944653432088079812736035497458566053,Yes,2026-08-01T07:00:11+00:00,0.015
0x35f7a442d8356a33bebc1396bc76b8edca028f899796bec43f09443f1a7c87da,Seoul,Will the lowest temperature in Seoul (Incheon) be 25°C on August 1?,35235895000458516965826137721191759320795944653432088079812736035497458566053,Yes,2026-08-01T08:00:11+00:00,0.015
0x35f7a442d8356a33bebc1396bc76b8edca028f899796bec43f09443f1a7c87da,Seoul,Will the lowest temperature in Seoul (Incheon) be 25°C on August 1?,35235895000458516965826137721191759320795944653432088079812736035497458566053,Yes,2026-08-01T09:00:14+00:00,0.015
0x35f7a442d8356a33bebc1396bc76b8edca028f899796bec43f09443f1a7c87da,Seoul,Will the lowest temperature in Seoul (Incheon) be 25°C on August 1?,35235895000458516965826137721191759320795944653432088079812736035497458566053,Yes,2026-08-01T09:20:08+00:00,0.015
0x35f7a442d8356a33bebc1396bc76b8edca028f899796bec43f09443f1a7c87da,Seoul,Will the lowest temperature in Seoul (Incheon) be 25°C on August 1?,68514957237065661930972658621748402294422702973836860162005450675879996807290,No,2026-08-01T07:00:10+00:00,0.985
0x35f7a442d8356a33bebc1396bc76b8edca028f899796bec43f09443f1a7c87da,Seoul,Will the lowest temperature in Seoul (Incheon) be 25°C on August 1?,68514957237065661930972658621748402294422702973836860162005450675879996807290,No,2026-08-01T08:00:11+00:00,0.985
0x35f7a442d8356a33bebc1396bc76b8edca028f899796bec43f09443f1a7c87da,Seoul,Will the lowest temperature in Seoul (Incheon) be 25°C on August 1?,68514957237065661930972658621748402294422702973836860162005450675879996807290,No,2026-08-01T09:00:14+00:00,0.985
0x35f7a442d8356a33bebc1396bc76b8edca028f899796bec43f09443f1a7c87da,Seoul,Will the lowest temperature in Seoul (Incheon) be 25°C on August 1?,68514957237065661930972658621748402294422702973836860162005450675879996807290,No,2026-08-01T09:20:08+00:00,0.985
0x8928aadc76c7187452de9f96a1ff5d38c6974831be26ccdd4d28e220dcacc3ae,Seoul,Will the lowest temperature in Seoul (Incheon) be 26°C on August 1?,97323326723576609720748442661486746228840533830034866894756505274267081213403,Yes,2026-08-01T07:00:10+00:00,0.98
0x8928aadc76c7187452de9f96a1ff5d38c6974831be26ccdd4d28e220dcacc3ae,Seoul,Will the lowest temperature in Seoul (Incheon) be 26°C on August 1?,97323326723576609720748442661486746228840533830034866894756505274267081213403,Yes,2026-08-01T08:00:11+00:00,0.98
0x8928aadc76c7187452de9f96a1ff5d38c6974831be26ccdd4d28e220dcacc3ae,Seoul,Will the lowest temperature in Seoul (Incheon) be 26°C on August 1?,97323326723576609720748442661486746228840533830034866894756505274267081213403,Yes,2026-08-01T09:00:14+00:00,0.98
0x8928aadc76c7187452de9f96a1ff5d38c6974831be26ccdd4d28e220dcacc3ae,Seoul,Will the lowest temperature in Seoul (Incheon) be 26°C on August 1?,97323326723576609720748442661486746228840533830034866894756505274267081213403,Yes,2026-08-01T09:20:07+00:00,0.98
0x8928aadc76c7187452de9f96a1ff5d38c6974831be26ccdd4d28e220dcacc3ae,Seoul,Will the lowest temperature in Seoul (Incheon) be 26°C on August 1?,1851413710827862409894812327004843553621645653312126535704664927554417764527,No,2026-08-01T07:00:10+00:00,0.02
0x8928aadc76c7187452de9f96a1ff5d38c6974831be26ccdd4d28e220dcacc3ae,Seoul,Will the lowest temperature in Seoul (Incheon) be 26°C on August 1?,1851413710827862409894812327004843553621645653312126535704664927554417764527,No,2026-08-01T08:00:11+00:00,0.02
0x8928aadc76c7187452de9f96a1ff5d38c6974831be26ccdd4d28e220dcacc3ae,Seoul,Will the lowest temperature in Seoul (Incheon) be 26°C on August 1?,1851413710827862409894812327004843553621645653312126535704664927554417764527,No,2026-08-01T09:00:13+00:00,0.02
0x8928aadc76c7187452de9f96a1ff5d38c6974831be26ccdd4d28e220dcacc3ae,Seoul,Will the lowest temperature in Seoul (Incheon) be 26°C on August 1?,1851413710827862409894812327004843553621645653312126535704664927554417764527,No,2026-08-01T09:21:07+00:00,0.02
0xb080a8ad211f8f410d2897235f0ffa9e623bc245e0666f57a04ccc0fa4f54a74,Seoul,Will the lowest temperature in Seoul (Incheon) be 27°C on August 1?,40265105346755331271273644297518986113028452852936180392172640994908265512353,Yes,2026-08-01T07:00:10+00:00,0.003
0xb080a8ad211f8f410d2897235f0ffa9e623bc245e0666f57a04ccc0fa4f54a74,Seoul,Will the lowest temperature in Seoul (Incheon) be 27°C on August 1?,40265105346755331271273644297518986113028452852936180392172640994908265512353,Yes,2026-08-01T08:00:11+00:00,0.003
0xb080a8ad211f8f410d2897235f0ffa9e623bc245e0666f57a04ccc0fa4f54a74,Seoul,Will the lowest temperature in Seoul (Incheon) be 27°C on August 1?,40265105346755331271273644297518986113028452852936180392172640994908265512353,Yes,2026-08-01T09:00:14+00:00,0.0005
0xb080a8ad211f8f410d2897235f0ffa9e623bc245e0666f57a04ccc0fa4f54a74,Seoul,Will the lowest temperature in Seoul (Incheon) be 27°C on August 1?,40265105346755331271273644297518986113028452852936180392172640994908265512353,Yes,2026-08-01T09:21:07+00:00,0.0005
0xb080a8ad211f8f410d2897235f0ffa9e623bc245e0666f57a04ccc0fa4f54a74,Seoul,Will the lowest temperature in Seoul (Incheon) be 27°C on August 1?,74499595780167200827431137324118895000538842337147595074093109494097665880796,No,2026-08-01T07:00:09+00:00,0.997
0xb080a8ad211f8f410d2897235f0ffa9e623bc245e0666f57a04ccc0fa4f54a74,Seoul,Will the lowest temperature in Seoul (Incheon) be 27°C on August 1?,74499595780167200827431137324118895000538842337147595074093109494097665880796,No,2026-08-01T08:00:09+00:00,0.997
0xb080a8ad211f8f410d2897235f0ffa9e623bc245e0666f57a04ccc0fa4f54a74,Seoul,Will the lowest temperature in Seoul (Incheon) be 27°C on August 1?,74499595780167200827431137324118895000538842337147595074093109494097665880796,No,2026-08-01T09:00:12+00:00,0.9995
0xb080a8ad211f8f410d2897235f0ffa9e623bc245e0666f57a04ccc0fa4f54a74,Seoul,Will the lowest temperature in Seoul (Incheon) be 27°C on August 1?,74499595780167200827431137324118895000538842337147595074093109494097665880796,No,2026-08-01T09:21:06+00:00,0.9995
0x348a59aa6b3bae696d466839a2e7b641e64bd6a303da6ec9cda5882594570b8c,Seoul,Will the lowest temperature in Seoul (Incheon) be 28°C on August 1?,77634721969246490024485222801085128535433035557780869373649638440960182924580,Yes,2026-08-01T07:00:09+00:00,0.0005
0x348a59aa6b3bae696d466839a2e7b641e64bd6a303da6ec9cda5882594570b8c,Seoul,Will the lowest temperature in Seoul (Incheon) be 28°C on August 1?,77634721969246490024485222801085128535433035557780869373649638440960182924580,Yes,2026-08-01T08:00:10+00:00,0.0005
0x348a59aa6b3bae696d466839a2e7b641e64bd6a303da6ec9cda5882594570b8c,Seoul,Will the lowest temperature in Seoul (Incheon) be 28°C on August 1?,77634721969246490024485222801085128535433035557780869373649638440960182924580,Yes,2026-08-01T09:00:12+00:00,0.0005
0x348a59aa6b3bae696d466839a2e7b641e64bd6a303da6ec9cda5882594570b8c,Seoul,Will the lowest temperature in Seoul (Incheon) be 28°C on August 1?,77634721969246490024485222801085128535433035557780869373649638440960182924580,Yes,2026-08-01T09:21:06+00:00,0.0005
0x348a59aa6b3bae696d466839a2e7b641e64bd6a303da6ec9cda5882594570b8c,Seoul,Will the lowest temperature in Seoul (Incheon) be 28°C on August 1?,113775806978425023418247280979409498933060406110995404752600053832664374503703,No,2026-08-01T07:00:10+00:00,0.9995
0x348a59aa6b3bae696d466839a2e7b641e64bd6a303da6ec9cda5882594570b8c,Seoul,Will the lowest temperature in Seoul (Incheon) be 28°C on August 1?,113775806978425023418247280979409498933060406110995404752600053832664374503703,No,2026-08-01T08:00:11+00:00,0.9995
0x348a59aa6b3bae696d466839a2e7b641e64bd6a303da6ec9cda5882594570b8c,Seoul,Will the lowest temperature in Seoul (Incheon) be 28°C on August 1?,113775806978425023418247280979409498933060406110995404752600053832664374503703,No,2026-08-01T09:00:13+00:00,0.9995
0x348a59aa6b3bae696d466839a2e7b641e64bd6a303da6ec9cda5882594570b8c,Seoul,Will the lowest temperature in Seoul (Incheon) be 28°C on August 1?,113775806978425023418247280979409498933060406110995404752600053832664374503703,No,2026-08-01T09:21:07+00:00,0.9995
0xf1285344a09844fae972f315d75a6ac9a9eee56986261ff1043697af1c93b680,Seoul,Will the lowest temperature in Seoul (Incheon) be 29°C on August 1?,93872973583861486619415690971445894360050096430642639099514474602007100203473,Yes,2026-08-01T07:00:10+00:00,0.0005
0xf1285344a09844fae972f315d75a6ac9a9eee56986261ff1043697af1c93b680,Seoul,Will the lowest temperature in Seoul (Incheon) be 29°C on August 1?,93872973583861486619415690971445894360050096430642639099514474602007100203473,Yes,2026-08-01T08:00:10+00:00,0.0005
0xf1285344a09844fae972f315d75a6ac9a9eee56986261ff1043697af1c93b680,Seoul,Will the lowest temperature in Seoul (Incheon) be 29°C on August 1?,93872973583861486619415690971445894360050096430642639099514474602007100203473,Yes,2026-08-01T09:00:13+00:00,0.0005
0xf1285344a09844fae972f315d75a6ac9a9eee56986261ff1043697af1c93b680,Seoul,Will the lowest temperature in Seoul (Incheon) be 29°C on August 1?,93872973583861486619415690971445894360050096430642639099514474602007100203473,Yes,2026-08-01T09:21:07+00:00,0.0005
0xf1285344a09844fae972f315d75a6ac9a9eee56986261ff1043697af1c93b680,Seoul,Will the lowest temperature in Seoul (Incheon) be 29°C on August 1?,59080374115249938551948943063968712429947898676952476639746229585854554331945,No,2026-08-01T07:00:09+00:00,0.9995
0xf1285344a09844fae972f315d75a6ac9a9eee56986261ff1043697af1c93b680,Seoul,Will the lowest temperature in Seoul (Incheon) be 29°C on August 1?,59080374115249938551948943063968712429947898676952476639746229585854554331945,No,2026-08-01T08:00:10+00:00,0.9995
0xf1285344a09844fae972f315d75a6ac9a9eee56986261ff1043697af1c93b680,Seoul,Will the lowest temperature in Seoul (Incheon) be 29°C on August 1?,59080374115249938551948943063968712429947898676952476639746229585854554331945,No,2026-08-01T09:00:13+00:00,0.9995
0xf1285344a09844fae972f315d75a6ac9a9eee56986261ff1043697af1c93b680,Seoul,Will the lowest temperature in Seoul (Incheon) be 29°C on August 1?,59080374115249938551948943063968712429947898676952476639746229585854554331945,No,2026-08-01T09:21:06+00:00,0.9995
0xb1b382f92f657b0cfee524d74de6797b5a3af5cac4e8dc1872e35ae528b5af01,Seoul,Will the lowest temperature in Seoul (Incheon) be 30°C on August 1?,32203698952635040383130029186187654391197221132014889480954886774683053876266,Yes,2026-08-01T07:00:09+00:00,0.0005
0xb1b382f92f657b0cfee524d74de6797b5a3af5cac4e8dc1872e35ae528b5af01,Seoul,Will the lowest temperature in Seoul (Incheon) be 30°C on August 1?,32203698952635040383130029186187654391197221132014889480954886774683053876266,Yes,2026-08-01T08:00:10+00:00,0.0005
0xb1b382f92f657b0cfee524d74de6797b5a3af5cac4e8dc1872e35ae528b5af01,Seoul,Will the lowest temperature in Seoul (Incheon) be 30°C on August 1?,32203698952635040383130029186187654391197221132014889480954886774683053876266,Yes,2026-08-01T09:00:12+00:00,0.0005
0xb1b382f92f657b0cfee524d74de6797b5a3af5cac4e8dc1872e35ae528b5af01,Seoul,Will the lowest temperature in Seoul (Incheon) be 30°C on August 1?,32203698952635040383130029186187654391197221132014889480954886774683053876266,Yes,2026-08-01T09:21:06+00:00,0.0005
0xb1b382f92f657b0cfee524d74de6797b5a3af5cac4e8dc1872e35ae528b5af01,Seoul,Will the lowest temperature in Seoul (Incheon) be 30°C on August 1?,110361970022019961347046895118467290402309853033303405900843774321280217780824,No,2026-08-01T07:00:11+00:00,0.9995
0xb1b382f92f657b0cfee524d74de6797b5a3af5cac4e8dc1872e35ae528b5af01,Seoul,Will the lowest temperature in Seoul (Incheon) be 30°C on August 1?,110361970022019961347046895118467290402309853033303405900843774321280217780824,No,2026-08-01T08:00:11+00:00,0.9995
0xb1b382f92f657b0cfee524d74de6797b5a3af5cac4e8dc1872e35ae528b5af01,Seoul,Will the lowest temperature in Seoul (Incheon) be 30°C on August 1?,110361970022019961347046895118467290402309853033303405900843774321280217780824,No,2026-08-01T09:00:14+00:00,0.9995
0xb1b382f92f657b0cfee524d74de6797b5a3af5cac4e8dc1872e35ae528b5af01,Seoul,Will the lowest temperature in Seoul (Incheon) be 30°C on August 1?,110361970022019961347046895118467290402309853033303405900843774321280217780824,No,2026-08-01T09:21:07+00:00,0.9995
0x6beee29aa99c8e81bed93d861adc76af80b506c0cbd589b759b63c6d2ebd05f7,Seoul,Will the lowest temperature in Seoul (Incheon) be 31°C on August 1?,69944737276738460714809354496276602902559850144983055356130261738212183146854,Yes,2026-08-01T07:00:09+00:00,0.0005
0x6beee29aa99c8e81bed93d861adc76af80b506c0cbd589b759b63c6d2ebd05f7,Seoul,Will the lowest temperature in Seoul (Incheon) be 31°C on August 1?,69944737276738460714809354496276602902559850144983055356130261738212183146854,Yes,2026-08-01T08:00:10+00:00,0.0005
0x6beee29aa99c8e81bed93d861adc76af80b506c0cbd589b759b63c6d2ebd05f7,Seoul,Will the lowest temperature in Seoul (Incheon) be 31°C on August 1?,69944737276738460714809354496276602902559850144983055356130261738212183146854,Yes,2026-08-01T09:00:13+00:00,0.0005
0x6beee29aa99c8e81bed93d861adc76af80b506c0cbd589b759b63c6d2ebd05f7,Seoul,Will the lowest temperature in Seoul (Incheon) be 31°C on August 1?,69944737276738460714809354496276602902559850144983055356130261738212183146854,Yes,2026-08-01T09:21:06+00:00,0.0005
0x6beee29aa99c8e81bed93d861adc76af80b506c0cbd589b759b63c6d2ebd05f7,Seoul,Will the lowest temperature in Seoul (Incheon) be 31°C on August 1?,107502626787628720120653297918271312257326254623031611806117721005085655880757,No,2026-08-01T07:00:11+00:00,0.9995
0x6beee29aa99c8e81bed93d861adc76af80b506c0cbd589b759b63c6d2ebd05f7,Seoul,Will the lowest temperature in Seoul (Incheon) be 31°C on August 1?,107502626787628720120653297918271312257326254623031611806117721005085655880757,No,2026-08-01T08:00:12+00:00,0.9995
0x6beee29aa99c8e81bed93d861adc76af80b506c0cbd589b759b63c6d2ebd05f7,Seoul,Will the lowest temperature in Seoul (Incheon) be 31°C on August 1?,107502626787628720120653297918271312257326254623031611806117721005085655880757,No,2026-08-01T09:00:15+00:00,0.9995
0x6beee29aa99c8e81bed93d861adc76af80b506c0cbd589b759b63c6d2ebd05f7,Seoul,Will the lowest temperature in Seoul (Incheon) be 31°C on August 1?,107502626787628720120653297918271312257326254623031611806117721005085655880757,No,2026-08-01T09:21:08+00:00,0.9995
0xd44d81bcb66538d7d0e613549983a4da6a05161f7d6c0925b39ef41c443c2948,Seoul,Will the lowest temperature in Seoul (Incheon) be 32°C or higher on August 1?,5212430577027452582187714210181130256539114942008666985602980227241497605856,Yes,2026-08-01T07:00:09+00:00,0.0005
0xd44d81bcb66538d7d0e613549983a4da6a05161f7d6c0925b39ef41c443c2948,Seoul,Will the lowest temperature in Seoul (Incheon) be 32°C or higher on August 1?,5212430577027452582187714210181130256539114942008666985602980227241497605856,Yes,2026-08-01T08:00:09+00:00,0.0005
0xd44d81bcb66538d7d0e613549983a4da6a05161f7d6c0925b39ef41c443c2948,Seoul,Will the lowest temperature in Seoul (Incheon) be 32°C or higher on August 1?,5212430577027452582187714210181130256539114942008666985602980227241497605856,Yes,2026-08-01T09:00:12+00:00,0.0005
0xd44d81bcb66538d7d0e613549983a4da6a05161f7d6c0925b39ef41c443c2948,Seoul,Will the lowest temperature in Seoul (Incheon) be 32°C or higher on August 1?,5212430577027452582187714210181130256539114942008666985602980227241497605856,Yes,2026-08-01T09:21:06+00:00,0.0005
0xd44d81bcb66538d7d0e613549983a4da6a05161f7d6c0925b39ef41c443c2948,Seoul,Will the lowest temperature in Seoul (Incheon) be 32°C or higher on August 1?,86507058172429976455065385856599288647791994965319423546288345627601150691672,No,2026-08-01T07:00:09+00:00,0.9995
0xd44d81bcb66538d7d0e613549983a4da6a05161f7d6c0925b39ef41c443c2948,Seoul,Will the lowest temperature in Seoul (Incheon) be 32°C or higher on August 1?,86507058172429976455065385856599288647791994965319423546288345627601150691672,No,2026-08-01T08:00:10+00:00,0.9995
0xd44d81bcb66538d7d0e613549983a4da6a05161f7d6c0925b39ef41c443c2948,Seoul,Will the lowest temperature in Seoul (Incheon) be 32°C or higher on August 1?,86507058172429976455065385856599288647791994965319423546288345627601150691672,No,2026-08-01T09:00:12+00:00,0.9995
0xd44d81bcb66538d7d0e613549983a4da6a05161f7d6c0925b39ef41c443c2948,Seoul,Will the lowest temperature in Seoul (Incheon) be 32°C or higher on August 1?,86507058172429976455065385856599288647791994965319423546288345627601150691672,No,2026-08-01T09:21:06+00:00,0.9995
0x8f4406d40b378090cdd8a9970139902e9bdbb61551d8ce0c23f17c3ce2dad43d,Seoul,Will the highest temperature in Seoul (Incheon) be 25°C or below on August 2?,66591222604066173930886596094423873354352691380395447631434150156295673886229,Yes,2026-08-01T07:00:08+00:00,0.0025
0x8f4406d40b378090cdd8a9970139902e9bdbb61551d8ce0c23f17c3ce2dad43d,Seoul,Will the highest temperature in Seoul (Incheon) be 25°C or below on August 2?,66591222604066173930886596094423873354352691380395447631434150156295673886229,Yes,2026-08-01T08:00:09+00:00,0.0025
0x8f4406d40b378090cdd8a9970139902e9bdbb61551d8ce0c23f17c3ce2dad43d,Seoul,Will the highest temperature in Seoul (Incheon) be 25°C or below on August 2?,66591222604066173930886596094423873354352691380395447631434150156295673886229,Yes,2026-08-01T09:00:11+00:00,0.002
0x8f4406d40b378090cdd8a9970139902e9bdbb61551d8ce0c23f17c3ce2dad43d,Seoul,Will the highest temperature in Seoul (Incheon) be 25°C or below on August 2?,66591222604066173930886596094423873354352691380395447631434150156295673886229,Yes,2026-08-01T09:21:06+00:00,0.002
0x8f4406d40b378090cdd8a9970139902e9bdbb61551d8ce0c23f17c3ce2dad43d,Seoul,Will the highest temperature in Seoul (Incheon) be 25°C or below on August 2?,93405891591771185256775226005347019850765450472511385041529194842194427845773,No,2026-08-01T07:00:10+00:00,0.9975
0x8f4406d40b378090cdd8a9970139902e9bdbb61551d8ce0c23f17c3ce2dad43d,Seoul,Will the highest temperature in Seoul (Incheon) be 25°C or below on August 2?,93405891591771185256775226005347019850765450472511385041529194842194427845773,No,2026-08-01T08:00:11+00:00,0.9975
0x8f4406d40b378090cdd8a9970139902e9bdbb61551d8ce0c23f17c3ce2dad43d,Seoul,Will the highest temperature in Seoul (Incheon) be 25°C or below on August 2?,93405891591771185256775226005347019850765450472511385041529194842194427845773,No,2026-08-01T09:00:13+00:00,0.998
0x8f4406d40b378090cdd8a9970139902e9bdbb61551d8ce0c23f17c3ce2dad43d,Seoul,Will the highest temperature in Seoul (Incheon) be 25°C or below on August 2?,93405891591771185256775226005347019850765450472511385041529194842194427845773,No,2026-08-01T09:21:07+00:00,0.998
0xcae18aa5d40e7b3403b29a51220f6b17d6e1322ffc9956fe858e2b53e130635f,Seoul,Will the highest temperature in Seoul (Incheon) be 26°C on August 2?,81481110514278542626930507844811703448404965274860694710496995680553432251247,Yes,2026-08-01T07:00:08+00:00,0.0015
0xcae18aa5d40e7b3403b29a51220f6b17d6e1322ffc9956fe858e2b53e130635f,Seoul,Will the highest temperature in Seoul (Incheon) be 26°C on August 2?,81481110514278542626930507844811703448404965274860694710496995680553432251247,Yes,2026-08-01T08:00:09+00:00,0.0015
0xcae18aa5d40e7b3403b29a51220f6b17d6e1322ffc9956fe858e2b53e130635f,Seoul,Will the highest temperature in Seoul (Incheon) be 26°C on August 2?,81481110514278542626930507844811703448404965274860694710496995680553432251247,Yes,2026-08-01T09:00:11+00:00,0.0015
0xcae18aa5d40e7b3403b29a51220f6b17d6e1322ffc9956fe858e2b53e130635f,Seoul,Will the highest temperature in Seoul (Incheon) be 26°C on August 2?,81481110514278542626930507844811703448404965274860694710496995680553432251247,Yes,2026-08-01T09:21:06+00:00,0.0015
0xcae18aa5d40e7b3403b29a51220f6b17d6e1322ffc9956fe858e2b53e130635f,Seoul,Will the highest temperature in Seoul (Incheon) be 26°C on August 2?,77288735134001822348300792724220724146081130234033681707214130486481563994507,No,2026-08-01T07:00:11+00:00,0.9985
0xcae18aa5d40e7b3403b29a51220f6b17d6e1322ffc9956fe858e2b53e130635f,Seoul,Will the highest temperature in Seoul (Incheon) be 26°C on August 2?,77288735134001822348300792724220724146081130234033681707214130486481563994507,No,2026-08-01T08:00:11+00:00,0.9985
0xcae18aa5d40e7b3403b29a51220f6b17d6e1322ffc9956fe858e2b53e130635f,Seoul,Will the highest temperature in Seoul (Incheon) be 26°C on August 2?,77288735134001822348300792724220724146081130234033681707214130486481563994507,No,2026-08-01T09:00:15+00:00,0.9985
0xcae18aa5d40e7b3403b29a51220f6b17d6e1322ffc9956fe858e2b53e130635f,Seoul,Will the highest temperature in Seoul (Incheon) be 26°C on August 2?,77288735134001822348300792724220724146081130234033681707214130486481563994507,No,2026-08-01T09:21:07+00:00,0.9985
0xbcdb3b84d1bcdb26bd926edcbc0a97843473895ab32b0f93026e8c5b5440edcc,Seoul,Will the highest temperature in Seoul (Incheon) be 27°C on August 2?,52071578477397742358270108169412729454608105443989825083153315204367919533539,Yes,2026-08-01T07:00:10+00:00,0.0005
0xbcdb3b84d1bcdb26bd926edcbc0a97843473895ab32b0f93026e8c5b5440edcc,Seoul,Will the highest temperature in Seoul (Incheon) be 27°C on August 2?,52071578477397742358270108169412729454608105443989825083153315204367919533539,Yes,2026-08-01T08:00:11+00:00,0.0005
0xbcdb3b84d1bcdb26bd926edcbc0a97843473895ab32b0f93026e8c5b5440edcc,Seoul,Will the highest temperature in Seoul (Incheon) be 27°C on August 2?,52071578477397742358270108169412729454608105443989825083153315204367919533539,Yes,2026-08-01T09:00:14+00:00,0.0005
0xbcdb3b84d1bcdb26bd926edcbc0a97843473895ab32b0f93026e8c5b5440edcc,Seoul,Will the highest temperature in Seoul (Incheon) be 27°C on August 2?,52071578477397742358270108169412729454608105443989825083153315204367919533539,Yes,2026-08-01T09:21:07+00:00,0.0005
0xbcdb3b84d1bcdb26bd926edcbc0a97843473895ab32b0f93026e8c5b5440edcc,Seoul,Will the highest temperature in Seoul (Incheon) be 27°C on August 2?,83591289135596541564475690443763462449720930757118372521971893083114166498987,No,2026-08-01T07:00:10+00:00,0.9995
0xbcdb3b84d1bcdb26bd926edcbc0a97843473895ab32b0f93026e8c5b5440edcc,Seoul,Will the highest temperature in Seoul (Incheon) be 27°C on August 2?,83591289135596541564475690443763462449720930757118372521971893083114166498987,No,2026-08-01T08:00:11+00:00,0.9995
0xbcdb3b84d1bcdb26bd926edcbc0a97843473895ab32b0f93026e8c5b5440edcc,Seoul,Will the highest temperature in Seoul (Incheon) be 27°C on August 2?,83591289135596541564475690443763462449720930757118372521971893083114166498987,No,2026-08-01T09:00:14+00:00,0.9995
0xbcdb3b84d1bcdb26bd926edcbc0a97843473895ab32b0f93026e8c5b5440edcc,Seoul,Will the highest temperature in Seoul (Incheon) be 27°C on August 2?,83591289135596541564475690443763462449720930757118372521971893083114166498987,No,2026-08-01T09:21:07+00:00,0.9995
0x53c5e8c9174d92d924c2491d0d7948a3b55be3b6dc8873c3028dbe67ca94e0b5,Seoul,Will the highest temperature in Seoul (Incheon) be 28°C on August 2?,43044295978222182011879510432422381823165143999313027721743140069122703134751,Yes,2026-08-01T07:00:10+00:00,0.0035
0x53c5e8c9174d92d924c2491d0d7948a3b55be3b6dc8873c3028dbe67ca94e0b5,Seoul,Will the highest temperature in Seoul (Incheon) be 28°C on August 2?,43044295978222182011879510432422381823165143999313027721743140069122703134751,Yes,2026-08-01T08:00:11+00:00,0.0035
0x53c5e8c9174d92d924c2491d0d7948a3b55be3b6dc8873c3028dbe67ca94e0b5,Seoul,Will the highest temperature in Seoul (Incheon) be 28°C on August 2?,43044295978222182011879510432422381823165143999313027721743140069122703134751,Yes,2026-08-01T09:00:14+00:00,0.0035
0x53c5e8c9174d92d924c2491d0d7948a3b55be3b6dc8873c3028dbe67ca94e0b5,Seoul,Will the highest temperature in Seoul (Incheon) be 28°C on August 2?,43044295978222182011879510432422381823165143999313027721743140069122703134751,Yes,2026-08-01T09:21:07+00:00,0.0035
0x53c5e8c9174d92d924c2491d0d7948a3b55be3b6dc8873c3028dbe67ca94e0b5,Seoul,Will the highest temperature in Seoul (Incheon) be 28°C on August 2?,110481543834093466495769889817048072781271615100080699131528943062304188633780,No,2026-08-01T07:00:11+00:00,0.9965
0x53c5e8c9174d92d924c2491d0d7948a3b55be3b6dc8873c3028dbe67ca94e0b5,Seoul,Will the highest temperature in Seoul (Incheon) be 28°C on August 2?,110481543834093466495769889817048072781271615100080699131528943062304188633780,No,2026-08-01T08:00:12+00:00,0.9965
0x53c5e8c9174d92d924c2491d0d7948a3b55be3b6dc8873c3028dbe67ca94e0b5,Seoul,Will the highest temperature in Seoul (Incheon) be 28°C on August 2?,110481543834093466495769889817048072781271615100080699131528943062304188633780,No,2026-08-01T09:00:15+00:00,0.9965
0x53c5e8c9174d92d924c2491d0d7948a3b55be3b6dc8873c3028dbe67ca94e0b5,Seoul,Will the highest temperature in Seoul (Incheon) be 28°C on August 2?,110481543834093466495769889817048072781271615100080699131528943062304188633780,No,2026-08-01T09:21:08+00:00,0.9965
0x037d7c0a086965735f9c6a394933c0ee0cc2a5500b138429dd7e8e9550aa1058,Seoul,Will the highest temperature in Seoul (Incheon) be 29°C on August 2?,71681723775256219499297835992107963815141981243112474277021631906406235771427,Yes,2026-08-01T07:00:11+00:00,0.006
0x037d7c0a086965735f9c6a394933c0ee0cc2a5500b138429dd7e8e9550aa1058,Seoul,Will the highest temperature in Seoul (Incheon) be 29°C on August 2?,71681723775256219499297835992107963815141981243112474277021631906406235771427,Yes,2026-08-01T08:00:12+00:00,0.006
0x037d7c0a086965735f9c6a394933c0ee0cc2a5500b138429dd7e8e9550aa1058,Seoul,Will the highest temperature in Seoul (Incheon) be 29°C on August 2?,71681723775256219499297835992107963815141981243112474277021631906406235771427,Yes,2026-08-01T09:00:15+00:00,0.006
0x037d7c0a086965735f9c6a394933c0ee0cc2a5500b138429dd7e8e9550aa1058,Seoul,Will the highest temperature in Seoul (Incheon) be 29°C on August 2?,71681723775256219499297835992107963815141981243112474277021631906406235771427,Yes,2026-08-01T09:21:08+00:00,0.006
0x037d7c0a086965735f9c6a394933c0ee0cc2a5500b138429dd7e8e9550aa1058,Seoul,Will the highest temperature in Seoul (Incheon) be 29°C on August 2?,27539645705331745296781738391459692602200928960699436958546793601011806194379,No,2026-08-01T07:00:09+00:00,0.994
0x037d7c0a086965735f9c6a394933c0ee0cc2a5500b138429dd7e8e9550aa1058,Seoul,Will the highest temperature in Seoul (Incheon) be 29°C on August 2?,27539645705331745296781738391459692602200928960699436958546793601011806194379,No,2026-08-01T08:00:10+00:00,0.994
0x037d7c0a086965735f9c6a394933c0ee0cc2a5500b138429dd7e8e9550aa1058,Seoul,Will the highest temperature in Seoul (Incheon) be 29°C on August 2?,27539645705331745296781738391459692602200928960699436958546793601011806194379,No,2026-08-01T09:00:13+00:00,0.994
0x037d7c0a086965735f9c6a394933c0ee0cc2a5500b138429dd7e8e9550aa1058,Seoul,Will the highest temperature in Seoul (Incheon) be 29°C on August 2?,27539645705331745296781738391459692602200928960699436958546793601011806194379,No,2026-08-01T09:21:07+00:00,0.994
0x1816582f5b156591cc0b6fb53c14f2db5f407b727b1d4b504f1f670a21936896,Seoul,Will the highest temperature in Seoul (Incheon) be 30°C on August 2?,70648478783912744186273943880836846795149460969403616902910007761529959614009,Yes,2026-08-01T07:00:10+00:00,0.025
0x1816582f5b156591cc0b6fb53c14f2db5f407b727b1d4b504f1f670a21936896,Seoul,Will the highest temperature in Seoul (Incheon) be 30°C on August 2?,70648478783912744186273943880836846795149460969403616902910007761529959614009,Yes,2026-08-01T08:00:10+00:00,0.025
0x1816582f5b156591cc0b6fb53c14f2db5f407b727b1d4b504f1f670a21936896,Seoul,Will the highest temperature in Seoul (Incheon) be 30°C on August 2?,70648478783912744186273943880836846795149460969403616902910007761529959614009,Yes,2026-08-01T09:00:13+00:00,0.025
0x1816582f5b156591cc0b6fb53c14f2db5f407b727b1d4b504f1f670a21936896,Seoul,Will the highest temperature in Seoul (Incheon) be 30°C on August 2?,70648478783912744186273943880836846795149460969403616902910007761529959614009,Yes,2026-08-01T09:21:07+00:00,0.025
0x1816582f5b156591cc0b6fb53c14f2db5f407b727b1d4b504f1f670a21936896,Seoul,Will the highest temperature in Seoul (Incheon) be 30°C on August 2?,67221079191086699567013885351143564705876631397186001184348791550292030782300,No,2026-08-01T07:00:10+00:00,0.975
0x1816582f5b156591cc0b6fb53c14f2db5f407b727b1d4b504f1f670a21936896,Seoul,Will the highest temperature in Seoul (Incheon) be 30°C on August 2?,67221079191086699567013885351143564705876631397186001184348791550292030782300,No,2026-08-01T08:00:11+00:00,0.975
0x1816582f5b156591cc0b6fb53c14f2db5f407b727b1d4b504f1f670a21936896,Seoul,Will the highest temperature in Seoul (Incheon) be 30°C on August 2?,67221079191086699567013885351143564705876631397186001184348791550292030782300,No,2026-08-01T09:00:14+00:00,0.975
0x1816582f5b156591cc0b6fb53c14f2db5f407b727b1d4b504f1f670a21936896,Seoul,Will the highest temperature in Seoul (Incheon) be 30°C on August 2?,67221079191086699567013885351143564705876631397186001184348791550292030782300,No,2026-08-01T09:21:07+00:00,0.975
0xfbdda32f781dc6577e9fa7cfe3eb99302b0f058b11aa23cda2d6e4b98c6c23f0,Seoul,Will the highest temperature in Seoul (Incheon) be 31°C on August 2?,106164195963322539237600867004010571681833413116457277735386195213485645273154,Yes,2026-08-01T07:00:09+00:00,0.215
0xfbdda32f781dc6577e9fa7cfe3eb99302b0f058b11aa23cda2d6e4b98c6c23f0,Seoul,Will the highest temperature in Seoul (Incheon) be 31°C on August 2?,106164195963322539237600867004010571681833413116457277735386195213485645273154,Yes,2026-08-01T08:00:10+00:00,0.215
0xfbdda32f781dc6577e9fa7cfe3eb99302b0f058b11aa23cda2d6e4b98c6c23f0,Seoul,Will the highest temperature in Seoul (Incheon) be 31°C on August 2?,106164195963322539237600867004010571681833413116457277735386195213485645273154,Yes,2026-08-01T09:00:13+00:00,0.215
0xfbdda32f781dc6577e9fa7cfe3eb99302b0f058b11aa23cda2d6e4b98c6c23f0,Seoul,Will the highest temperature in Seoul (Incheon) be 31°C on August 2?,106164195963322539237600867004010571681833413116457277735386195213485645273154,Yes,2026-08-01T09:21:07+00:00,0.215
0xfbdda32f781dc6577e9fa7cfe3eb99302b0f058b11aa23cda2d6e4b98c6c23f0,Seoul,Will the highest temperature in Seoul (Incheon) be 31°C on August 2?,19080726419775090995774552719309189099605108646416762776042932669141431077792,No,2026-08-01T07:00:10+00:00,0.785
0xfbdda32f781dc6577e9fa7cfe3eb99302b0f058b11aa23cda2d6e4b98c6c23f0,Seoul,Will the highest temperature in Seoul (Incheon) be 31°C on August 2?,19080726419775090995774552719309189099605108646416762776042932669141431077792,No,2026-08-01T08:00:11+00:00,0.785
0xfbdda32f781dc6577e9fa7cfe3eb99302b0f058b11aa23cda2d6e4b98c6c23f0,Seoul,Will the highest temperature in Seoul (Incheon) be 31°C on August 2?,19080726419775090995774552719309189099605108646416762776042932669141431077792,No,2026-08-01T09:00:14+00:00,0.785
0xfbdda32f781dc6577e9fa7cfe3eb99302b0f058b11aa23cda2d6e4b98c6c23f0,Seoul,Will the highest temperature in Seoul (Incheon) be 31°C on August 2?,19080726419775090995774552719309189099605108646416762776042932669141431077792,No,2026-08-01T09:21:07+00:00,0.785
0x6de471316b2b2e13ca7523d7b6502318a44df17efabc05fa749257ecbc775918,Seoul,Will the highest temperature in Seoul (Incheon) be 32°C on August 2?,74726348295018315903000947656994195116142219970397544460284135519691024583171,Yes,2026-08-01T07:00:11+00:00,0.43
0x6de471316b2b2e13ca7523d7b6502318a44df17efabc05fa749257ecbc775918,Seoul,Will the highest temperature in Seoul (Incheon) be 32°C on August 2?,74726348295018315903000947656994195116142219970397544460284135519691024583171,Yes,2026-08-01T08:00:11+00:00,0.44
0x6de471316b2b2e13ca7523d7b6502318a44df17efabc05fa749257ecbc775918,Seoul,Will the highest temperature in Seoul (Incheon) be 32°C on August 2?,74726348295018315903000947656994195116142219970397544460284135519691024583171,Yes,2026-08-01T09:00:14+00:00,0.445
0x6de471316b2b2e13ca7523d7b6502318a44df17efabc05fa749257ecbc775918,Seoul,Will the highest temperature in Seoul (Incheon) be 32°C on August 2?,74726348295018315903000947656994195116142219970397544460284135519691024583171,Yes,2026-08-01T09:21:07+00:00,0.445
0x6de471316b2b2e13ca7523d7b6502318a44df17efabc05fa749257ecbc775918,Seoul,Will the highest temperature in Seoul (Incheon) be 32°C on August 2?,44678106903686385973066516921024786470531296063310778938154206637111437592430,No,2026-08-01T07:00:11+00:00,0.57
0x6de471316b2b2e13ca7523d7b6502318a44df17efabc05fa749257ecbc775918,Seoul,Will the highest temperature in Seoul (Incheon) be 32°C on August 2?,44678106903686385973066516921024786470531296063310778938154206637111437592430,No,2026-08-01T08:00:11+00:00,0.56
0x6de471316b2b2e13ca7523d7b6502318a44df17efabc05fa749257ecbc775918,Seoul,Will the highest temperature in Seoul (Incheon) be 32°C on August 2?,44678106903686385973066516921024786470531296063310778938154206637111437592430,No,2026-08-01T09:00:15+00:00,0.555
0x6de471316b2b2e13ca7523d7b6502318a44df17efabc05fa749257ecbc775918,Seoul,Will the highest temperature in Seoul (Incheon) be 32°C on August 2?,44678106903686385973066516921024786470531296063310778938154206637111437592430,No,2026-08-01T09:21:07+00:00,0.555
0xd4bbc787b84a7b2691bdea4d3342113f6f2f56612874ab1a55a610de38adf7f4,Seoul,Will the highest temperature in Seoul (Incheon) be 33°C on August 2?,115626287630871567564999197285022189562919775071226954908808204444889660373563,Yes,2026-08-01T07:00:10+00:00,0.3
0xd4bbc787b84a7b2691bdea4d3342113f6f2f56612874ab1a55a610de38adf7f4,Seoul,Will the highest temperature in Seoul (Incheon) be 33°C on August 2?,115626287630871567564999197285022189562919775071226954908808204444889660373563,Yes,2026-08-01T08:00:11+00:00,0.31
0xd4bbc787b84a7b2691bdea4d3342113f6f2f56612874ab1a55a610de38adf7f4,Seoul,Will the highest temperature in Seoul (Incheon) be 33°C on August 2?,115626287630871567564999197285022189562919775071226954908808204444889660373563,Yes,2026-08-01T09:00:14+00:00,0.305
0xd4bbc787b84a7b2691bdea4d3342113f6f2f56612874ab1a55a610de38adf7f4,Seoul,Will the highest temperature in Seoul (Incheon) be 33°C on August 2?,115626287630871567564999197285022189562919775071226954908808204444889660373563,Yes,2026-08-01T09:21:07+00:00,0.305
0xd4bbc787b84a7b2691bdea4d3342113f6f2f56612874ab1a55a610de38adf7f4,Seoul,Will the highest temperature in Seoul (Incheon) be 33°C on August 2?,22480372213996193167953416279209498495429127108874111596485542091610426173913,No,2026-08-01T07:00:08+00:00,0.7
0xd4bbc787b84a7b2691bdea4d3342113f6f2f56612874ab1a55a610de38adf7f4,Seoul,Will the highest temperature in Seoul (Incheon) be 33°C on August 2?,22480372213996193167953416279209498495429127108874111596485542091610426173913,No,2026-08-01T08:00:09+00:00,0.69
0xd4bbc787b84a7b2691bdea4d3342113f6f2f56612874ab1a55a610de38adf7f4,Seoul,Will the highest temperature in Seoul (Incheon) be 33°C on August 2?,22480372213996193167953416279209498495429127108874111596485542091610426173913,No,2026-08-01T09:00:11+00:00,0.695
0xd4bbc787b84a7b2691bdea4d3342113f6f2f56612874ab1a55a610de38adf7f4,Seoul,Will the highest temperature in Seoul (Incheon) be 33°C on August 2?,22480372213996193167953416279209498495429127108874111596485542091610426173913,No,2026-08-01T09:21:06+00:00,0.695
0xd9becfec66c3181649e0612818f6e42d483aa51af23ad84ce8564118ecd858d6,Seoul,Will the highest temperature in Seoul (Incheon) be 34°C on August 2?,107876850448483719708555188347639794949505190656708025785576223466627497209386,Yes,2026-08-01T07:00:11+00:00,0.055
0xd9becfec66c3181649e0612818f6e42d483aa51af23ad84ce8564118ecd858d6,Seoul,Will the highest temperature in Seoul (Incheon) be 34°C on August 2?,107876850448483719708555188347639794949505190656708025785576223466627497209386,Yes,2026-08-01T08:00:11+00:00,0.035
0xd9becfec66c3181649e0612818f6e42d483aa51af23ad84ce8564118ecd858d6,Seoul,Will the highest temperature in Seoul (Incheon) be 34°C on August 2?,107876850448483719708555188347639794949505190656708025785576223466627497209386,Yes,2026-08-01T09:00:14+00:00,0.035
0xd9becfec66c3181649e0612818f6e42d483aa51af23ad84ce8564118ecd858d6,Seoul,Will the highest temperature in Seoul (Incheon) be 34°C on August 2?,107876850448483719708555188347639794949505190656708025785576223466627497209386,Yes,2026-08-01T09:21:07+00:00,0.035
0xd9becfec66c3181649e0612818f6e42d483aa51af23ad84ce8564118ecd858d6,Seoul,Will the highest temperature in Seoul (Incheon) be 34°C on August 2?,3952571701804725222106174106305870655525807574089789055184986059272487951377,No,2026-08-01T07:00:09+00:00,0.945
0xd9becfec66c3181649e0612818f6e42d483aa51af23ad84ce8564118ecd858d6,Seoul,Will the highest temperature in Seoul (Incheon) be 34°C on August 2?,3952571701804725222106174106305870655525807574089789055184986059272487951377,No,2026-08-01T08:00:10+00:00,0.965
0xd9becfec66c3181649e0612818f6e42d483aa51af23ad84ce8564118ecd858d6,Seoul,Will the highest temperature in Seoul (Incheon) be 34°C on August 2?,3952571701804725222106174106305870655525807574089789055184986059272487951377,No,2026-08-01T09:00:13+00:00,0.965
0xd9becfec66c3181649e0612818f6e42d483aa51af23ad84ce8564118ecd858d6,Seoul,Will the highest temperature in Seoul (Incheon) be 34°C on August 2?,3952571701804725222106174106305870655525807574089789055184986059272487951377,No,2026-08-01T09:21:07+00:00,0.965
0x0155c0dd906bcb1b5fd3fb8673a54b70973ad9d4865438b410eec1a5f24d576d,Seoul,Will the highest temperature in Seoul (Incheon) be 35°C or higher on August 2?,59604589291894658609447211929535156814738724975861670094035227485370658205565,Yes,2026-08-01T07:00:09+00:00,0.03
0x0155c0dd906bcb1b5fd3fb8673a54b70973ad9d4865438b410eec1a5f24d576d,Seoul,Will the highest temperature in Seoul (Incheon) be 35°C or higher on August 2?,59604589291894658609447211929535156814738724975861670094035227485370658205565,Yes,2026-08-01T08:00:10+00:00,0.02
0x0155c0dd906bcb1b5fd3fb8673a54b70973ad9d4865438b410eec1a5f24d576d,Seoul,Will the highest temperature in Seoul (Incheon) be 35°C or higher on August 2?,59604589291894658609447211929535156814738724975861670094035227485370658205565,Yes,2026-08-01T09:00:13+00:00,0.015
0x0155c0dd906bcb1b5fd3fb8673a54b70973ad9d4865438b410eec1a5f24d576d,Seoul,Will the highest temperature in Seoul (Incheon) be 35°C or higher on August 2?,59604589291894658609447211929535156814738724975861670094035227485370658205565,Yes,2026-08-01T09:21:07+00:00,0.015
0x0155c0dd906bcb1b5fd3fb8673a54b70973ad9d4865438b410eec1a5f24d576d,Seoul,Will the highest temperature in Seoul (Incheon) be 35°C or higher on August 2?,25613889125737923557243960688368541919118413674820123896619160087054458849880,No,2026-08-01T07:00:10+00:00,0.97
0x0155c0dd906bcb1b5fd3fb8673a54b70973ad9d4865438b410eec1a5f24d576d,Seoul,Will the highest temperature in Seoul (Incheon) be 35°C or higher on August 2?,25613889125737923557243960688368541919118413674820123896619160087054458849880,No,2026-08-01T08:00:11+00:00,0.98
0x0155c0dd906bcb1b5fd3fb8673a54b70973ad9d4865438b410eec1a5f24d576d,Seoul,Will the highest temperature in Seoul (Incheon) be 35°C or higher on August 2?,25613889125737923557243960688368541919118413674820123896619160087054458849880,No,2026-08-01T09:00:14+00:00,0.985
0x0155c0dd906bcb1b5fd3fb8673a54b70973ad9d4865438b410eec1a5f24d576d,Seoul,Will the highest temperature in Seoul (Incheon) be 35°C or higher on August 2?,25613889125737923557243960688368541919118413674820123896619160087054458849880,No,2026-08-01T09:21:07+00:00,0.985
0x99b6a2d2fd56b202337b210ca0042191e7c52d063713149141866df8efe00c0b,Seoul,Will the lowest temperature in Seoul (Incheon) be 22°C or below on August 2?,32086589326295922812945226397892233452125516547137932400641554731205404271134,Yes,2026-08-01T07:00:09+00:00,0.0055
0x99b6a2d2fd56b202337b210ca0042191e7c52d063713149141866df8efe00c0b,Seoul,Will the lowest temperature in Seoul (Incheon) be 22°C or below on August 2?,32086589326295922812945226397892233452125516547137932400641554731205404271134,Yes,2026-08-01T08:00:10+00:00,0.0055
0x99b6a2d2fd56b202337b210ca0042191e7c52d063713149141866df8efe00c0b,Seoul,Will the lowest temperature in Seoul (Incheon) be 22°C or below on August 2?,32086589326295922812945226397892233452125516547137932400641554731205404271134,Yes,2026-08-01T09:00:13+00:00,0.0015
0x99b6a2d2fd56b202337b210ca0042191e7c52d063713149141866df8efe00c0b,Seoul,Will the lowest temperature in Seoul (Incheon) be 22°C or below on August 2?,32086589326295922812945226397892233452125516547137932400641554731205404271134,Yes,2026-08-01T09:21:07+00:00,0.0015
0x99b6a2d2fd56b202337b210ca0042191e7c52d063713149141866df8efe00c0b,Seoul,Will the lowest temperature in Seoul (Incheon) be 22°C or below on August 2?,20549732338262514944971869238923177022206302651899668736183077413124966948048,No,2026-08-01T07:00:10+00:00,0.9945
0x99b6a2d2fd56b202337b210ca0042191e7c52d063713149141866df8efe00c0b,Seoul,Will the lowest temperature in Seoul (Incheon) be 22°C or below on August 2?,20549732338262514944971869238923177022206302651899668736183077413124966948048,No,2026-08-01T08:00:11+00:00,0.9945
0x99b6a2d2fd56b202337b210ca0042191e7c52d063713149141866df8efe00c0b,Seoul,Will the lowest temperature in Seoul (Incheon) be 22°C or below on August 2?,20549732338262514944971869238923177022206302651899668736183077413124966948048,No,2026-08-01T09:00:14+00:00,0.9985
0x99b6a2d2fd56b202337b210ca0042191e7c52d063713149141866df8efe00c0b,Seoul,Will the lowest temperature in Seoul (Incheon) be 22°C or below on August 2?,20549732338262514944971869238923177022206302651899668736183077413124966948048,No,2026-08-01T09:21:07+00:00,0.9985
0x7a9ba158411e657c361af63c83da8a98be8108d2cf485d8201f97138ff0c4381,Seoul,Will the lowest temperature in Seoul (Incheon) be 23°C on August 2?,19661085223192458304692828038097321745168161382613501944948638613504867667424,Yes,2026-08-01T07:00:11+00:00,0.0055
0x7a9ba158411e657c361af63c83da8a98be8108d2cf485d8201f97138ff0c4381,Seoul,Will the lowest temperature in Seoul (Incheon) be 23°C on August 2?,19661085223192458304692828038097321745168161382613501944948638613504867667424,Yes,2026-08-01T08:00:12+00:00,0.0055
0x7a9ba158411e657c361af63c83da8a98be8108d2cf485d8201f97138ff0c4381,Seoul,Will the lowest temperature in Seoul (Incheon) be 23°C on August 2?,19661085223192458304692828038097321745168161382613501944948638613504867667424,Yes,2026-08-01T09:00:15+00:00,0.0015
0x7a9ba158411e657c361af63c83da8a98be8108d2cf485d8201f97138ff0c4381,Seoul,Will the lowest temperature in Seoul (Incheon) be 23°C on August 2?,19661085223192458304692828038097321745168161382613501944948638613504867667424,Yes,2026-08-01T09:21:08+00:00,0.0015
0x7a9ba158411e657c361af63c83da8a98be8108d2cf485d8201f97138ff0c4381,Seoul,Will the lowest temperature in Seoul (Incheon) be 23°C on August 2?,8328514249599522178096918297429218437168427241709249707354698263723471643030,No,2026-08-01T07:00:08+00:00,0.9945
0x7a9ba158411e657c361af63c83da8a98be8108d2cf485d8201f97138ff0c4381,Seoul,Will the lowest temperature in Seoul (Incheon) be 23°C on August 2?,8328514249599522178096918297429218437168427241709249707354698263723471643030,No,2026-08-01T08:00:09+00:00,0.9945
0x7a9ba158411e657c361af63c83da8a98be8108d2cf485d8201f97138ff0c4381,Seoul,Will the lowest temperature in Seoul (Incheon) be 23°C on August 2?,8328514249599522178096918297429218437168427241709249707354698263723471643030,No,2026-08-01T09:00:11+00:00,0.9985
0x7a9ba158411e657c361af63c83da8a98be8108d2cf485d8201f97138ff0c4381,Seoul,Will the lowest temperature in Seoul (Incheon) be 23°C on August 2?,8328514249599522178096918297429218437168427241709249707354698263723471643030,No,2026-08-01T09:21:06+00:00,0.9985
0x65c3b452e7f70a2f38d204c00c4cd25378e1e2d1f7195cd576e3617f37ad07ef,Seoul,Will the lowest temperature in Seoul (Incheon) be 24°C on August 2?,53388676400618047283806831984927227381993774787270054910331744960587712738059,Yes,2026-08-01T07:00:08+00:00,0.015
0x65c3b452e7f70a2f38d204c00c4cd25378e1e2d1f7195cd576e3617f37ad07ef,Seoul,Will the lowest temperature in Seoul (Incheon) be 24°C on August 2?,53388676400618047283806831984927227381993774787270054910331744960587712738059,Yes,2026-08-01T08:00:09+00:00,0.015
0x65c3b452e7f70a2f38d204c00c4cd25378e1e2d1f7195cd576e3617f37ad07ef,Seoul,Will the lowest temperature in Seoul (Incheon) be 24°C on August 2?,53388676400618047283806831984927227381993774787270054910331744960587712738059,Yes,2026-08-01T09:00:11+00:00,0.015
0x65c3b452e7f70a2f38d204c00c4cd25378e1e2d1f7195cd576e3617f37ad07ef,Seoul,Will the lowest temperature in Seoul (Incheon) be 24°C on August 2?,53388676400618047283806831984927227381993774787270054910331744960587712738059,Yes,2026-08-01T09:21:06+00:00,0.015
0x65c3b452e7f70a2f38d204c00c4cd25378e1e2d1f7195cd576e3617f37ad07ef,Seoul,Will the lowest temperature in Seoul (Incheon) be 24°C on August 2?,29290337112977534161755325275556575348646726680771017211353175010422934770795,No,2026-08-01T07:00:09+00:00,0.985
0x65c3b452e7f70a2f38d204c00c4cd25378e1e2d1f7195cd576e3617f37ad07ef,Seoul,Will the lowest temperature in Seoul (Incheon) be 24°C on August 2?,29290337112977534161755325275556575348646726680771017211353175010422934770795,No,2026-08-01T08:00:09+00:00,0.985
0x65c3b452e7f70a2f38d204c00c4cd25378e1e2d1f7195cd576e3617f37ad07ef,Seoul,Will the lowest temperature in Seoul (Incheon) be 24°C on August 2?,29290337112977534161755325275556575348646726680771017211353175010422934770795,No,2026-08-01T09:00:12+00:00,0.985
0x65c3b452e7f70a2f38d204c00c4cd25378e1e2d1f7195cd576e3617f37ad07ef,Seoul,Will the lowest temperature in Seoul (Incheon) be 24°C on August 2?,29290337112977534161755325275556575348646726680771017211353175010422934770795,No,2026-08-01T09:21:06+00:00,0.985
0x52f513ce450283a9d96cd2621314260c20e86f3c95e3aad52b8eba7e7e93580d,Seoul,Will the lowest temperature in Seoul (Incheon) be 25°C on August 2?,99293531477611937554618064290984847735394200470457772593685205323497483466794,Yes,2026-08-01T07:00:11+00:00,0.2
0x52f513ce450283a9d96cd2621314260c20e86f3c95e3aad52b8eba7e7e93580d,Seoul,Will the lowest temperature in Seoul (Incheon) be 25°C on August 2?,99293531477611937554618064290984847735394200470457772593685205323497483466794,Yes,2026-08-01T08:00:12+00:00,0.2
0x52f513ce450283a9d96cd2621314260c20e86f3c95e3aad52b8eba7e7e93580d,Seoul,Will the lowest temperature in Seoul (Incheon) be 25°C on August 2?,99293531477611937554618064290984847735394200470457772593685205323497483466794,Yes,2026-08-01T09:00:15+00:00,0.2
0x52f513ce450283a9d96cd2621314260c20e86f3c95e3aad52b8eba7e7e93580d,Seoul,Will the lowest temperature in Seoul (Incheon) be 25°C on August 2?,99293531477611937554618064290984847735394200470457772593685205323497483466794,Yes,2026-08-01T09:21:08+00:00,0.2
0x52f513ce450283a9d96cd2621314260c20e86f3c95e3aad52b8eba7e7e93580d,Seoul,Will the lowest temperature in Seoul (Incheon) be 25°C on August 2?,93863809335877655361574018550390358957805615973014291278437717165081279939479,No,2026-08-01T07:00:08+00:00,0.8
0x52f513ce450283a9d96cd2621314260c20e86f3c95e3aad52b8eba7e7e93580d,Seoul,Will the lowest temperature in Seoul (Incheon) be 25°C on August 2?,93863809335877655361574018550390358957805615973014291278437717165081279939479,No,2026-08-01T08:00:09+00:00,0.8
0x52f513ce450283a9d96cd2621314260c20e86f3c95e3aad52b8eba7e7e93580d,Seoul,Will the lowest temperature in Seoul (Incheon) be 25°C on August 2?,93863809335877655361574018550390358957805615973014291278437717165081279939479,No,2026-08-01T09:00:11+00:00,0.8
0x52f513ce450283a9d96cd2621314260c20e86f3c95e3aad52b8eba7e7e93580d,Seoul,Will the lowest temperature in Seoul (Incheon) be 25°C on August 2?,93863809335877655361574018550390358957805615973014291278437717165081279939479,No,2026-08-01T09:21:06+00:00,0.8
0xad865a991ed23049ff8a9f73175335e78c06499ce47cf6295a9043956bc2744e,Seoul,Will the lowest temperature in Seoul (Incheon) be 26°C on August 2?,55406766889916708736508872335887761858017890793354588280479341906145411657538,Yes,2026-08-01T07:00:09+00:00,0.545
0xad865a991ed23049ff8a9f73175335e78c06499ce47cf6295a9043956bc2744e,Seoul,Will the lowest temperature in Seoul (Incheon) be 26°C on August 2?,55406766889916708736508872335887761858017890793354588280479341906145411657538,Yes,2026-08-01T08:00:09+00:00,0.54
0xad865a991ed23049ff8a9f73175335e78c06499ce47cf6295a9043956bc2744e,Seoul,Will the lowest temperature in Seoul (Incheon) be 26°C on August 2?,55406766889916708736508872335887761858017890793354588280479341906145411657538,Yes,2026-08-01T09:00:12+00:00,0.54
0xad865a991ed23049ff8a9f73175335e78c06499ce47cf6295a9043956bc2744e,Seoul,Will the lowest temperature in Seoul (Incheon) be 26°C on August 2?,55406766889916708736508872335887761858017890793354588280479341906145411657538,Yes,2026-08-01T09:20:06+00:00,0.545
0xad865a991ed23049ff8a9f73175335e78c06499ce47cf6295a9043956bc2744e,Seoul,Will the lowest temperature in Seoul (Incheon) be 26°C on August 2?,33906879690735312915797602178330062529267396436102044709518654311404878413632,No,2026-08-01T07:00:09+00:00,0.455
0xad865a991ed23049ff8a9f73175335e78c06499ce47cf6295a9043956bc2744e,Seoul,Will the lowest temperature in Seoul (Incheon) be 26°C on August 2?,33906879690735312915797602178330062529267396436102044709518654311404878413632,No,2026-08-01T08:00:09+00:00,0.46
0xad865a991ed23049ff8a9f73175335e78c06499ce47cf6295a9043956bc2744e,Seoul,Will the lowest temperature in Seoul (Incheon) be 26°C on August 2?,33906879690735312915797602178330062529267396436102044709518654311404878413632,No,2026-08-01T09:00:12+00:00,0.46
0xad865a991ed23049ff8a9f73175335e78c06499ce47cf6295a9043956bc2744e,Seoul,Will the lowest temperature in Seoul (Incheon) be 26°C on August 2?,33906879690735312915797602178330062529267396436102044709518654311404878413632,No,2026-08-01T09:21:06+00:00,0.455
0x17357867978f6f333e03ff4075744a83324835b922efc07640200574d555d507,Seoul,Will the lowest temperature in Seoul (Incheon) be 27°C on August 2?,103270084214336426316313599841004814479063965338598824048322564869168251898064,Yes,2026-08-01T07:00:10+00:00,0.265
0x17357867978f6f333e03ff4075744a83324835b922efc07640200574d555d507,Seoul,Will the lowest temperature in Seoul (Incheon) be 27°C on August 2?,103270084214336426316313599841004814479063965338598824048322564869168251898064,Yes,2026-08-01T08:00:10+00:00,0.26
0x17357867978f6f333e03ff4075744a83324835b922efc07640200574d555d507,Seoul,Will the lowest temperature in Seoul (Incheon) be 27°C on August 2?,103270084214336426316313599841004814479063965338598824048322564869168251898064,Yes,2026-08-01T09:00:13+00:00,0.26
0x17357867978f6f333e03ff4075744a83324835b922efc07640200574d555d507,Seoul,Will the lowest temperature in Seoul (Incheon) be 27°C on August 2?,103270084214336426316313599841004814479063965338598824048322564869168251898064,Yes,2026-08-01T09:18:07+00:00,0.26
0x17357867978f6f333e03ff4075744a83324835b922efc07640200574d555d507,Seoul,Will the lowest temperature in Seoul (Incheon) be 27°C on August 2?,48633960370269540040105950802709725855097489138331361067761713585827335484662,No,2026-08-01T07:00:10+00:00,0.735
0x17357867978f6f333e03ff4075744a83324835b922efc07640200574d555d507,Seoul,Will the lowest temperature in Seoul (Incheon) be 27°C on August 2?,48633960370269540040105950802709725855097489138331361067761713585827335484662,No,2026-08-01T08:00:11+00:00,0.74
0x17357867978f6f333e03ff4075744a83324835b922efc07640200574d555d507,Seoul,Will the lowest temperature in Seoul (Incheon) be 27°C on August 2?,48633960370269540040105950802709725855097489138331361067761713585827335484662,No,2026-08-01T09:00:14+00:00,0.74
0x17357867978f6f333e03ff4075744a83324835b922efc07640200574d555d507,Seoul,Will the lowest temperature in Seoul (Incheon) be 27°C on August 2?,48633960370269540040105950802709725855097489138331361067761713585827335484662,No,2026-08-01T09:21:07+00:00,0.74
0xfa3817f91b09562475ceb5c5db864aa564fe809eeb85fe1a4a5853eea4ea21ec,Seoul,Will the lowest temperature in Seoul (Incheon) be 28°C on August 2?,57232593022187790465577088208849339503057148464937128411504488702218250455540,Yes,2026-08-01T07:00:09+00:00,0.015
0xfa3817f91b09562475ceb5c5db864aa564fe809eeb85fe1a4a5853eea4ea21ec,Seoul,Will the lowest temperature in Seoul (Incheon) be 28°C on August 2?,57232593022187790465577088208849339503057148464937128411504488702218250455540,Yes,2026-08-01T08:00:10+00:00,0.015
0xfa3817f91b09562475ceb5c5db864aa564fe809eeb85fe1a4a5853eea4ea21ec,Seoul,Will the lowest temperature in Seoul (Incheon) be 28°C on August 2?,57232593022187790465577088208849339503057148464937128411504488702218250455540,Yes,2026-08-01T09:00:13+00:00,0.015
0xfa3817f91b09562475ceb5c5db864aa564fe809eeb85fe1a4a5853eea4ea21ec,Seoul,Will the lowest temperature in Seoul (Incheon) be 28°C on August 2?,57232593022187790465577088208849339503057148464937128411504488702218250455540,Yes,2026-08-01T09:21:07+00:00,0.015
0xfa3817f91b09562475ceb5c5db864aa564fe809eeb85fe1a4a5853eea4ea21ec,Seoul,Will the lowest temperature in Seoul (Incheon) be 28°C on August 2?,79715474401106128378366279818347250510287980891176749896761788248011538156470,No,2026-08-01T07:00:11+00:00,0.985
0xfa3817f91b09562475ceb5c5db864aa564fe809eeb85fe1a4a5853eea4ea21ec,Seoul,Will the lowest temperature in Seoul (Incheon) be 28°C on August 2?,79715474401106128378366279818347250510287980891176749896761788248011538156470,No,2026-08-01T08:00:11+00:00,0.985
0xfa3817f91b09562475ceb5c5db864aa564fe809eeb85fe1a4a5853eea4ea21ec,Seoul,Will the lowest temperature in Seoul (Incheon) be 28°C on August 2?,79715474401106128378366279818347250510287980891176749896761788248011538156470,No,2026-08-01T09:00:14+00:00,0.985
0xfa3817f91b09562475ceb5c5db864aa564fe809eeb85fe1a4a5853eea4ea21ec,Seoul,Will the lowest temperature in Seoul (Incheon) be 28°C on August 2?,79715474401106128378366279818347250510287980891176749896761788248011538156470,No,2026-08-01T09:21:07+00:00,0.985
0xce117988f36a9b2217657c6425e7f681b6ff6c05e5d498497532a3fc27f2f072,Seoul,Will the lowest temperature in Seoul (Incheon) be 29°C on August 2?,41558358134164618301497201068390057664377185102829989012592190731772869357421,Yes,2026-08-01T07:00:08+00:00,0.005
0xce117988f36a9b2217657c6425e7f681b6ff6c05e5d498497532a3fc27f2f072,Seoul,Will the lowest temperature in Seoul (Incheon) be 29°C on August 2?,41558358134164618301497201068390057664377185102829989012592190731772869357421,Yes,2026-08-01T08:00:09+00:00,0.005
0xce117988f36a9b2217657c6425e7f681b6ff6c05e5d498497532a3fc27f2f072,Seoul,Will the lowest temperature in Seoul (Incheon) be 29°C on August 2?,41558358134164618301497201068390057664377185102829989012592190731772869357421,Yes,2026-08-01T09:00:11+00:00,0.0015
0xce117988f36a9b2217657c6425e7f681b6ff6c05e5d498497532a3fc27f2f072,Seoul,Will the lowest temperature in Seoul (Incheon) be 29°C on August 2?,41558358134164618301497201068390057664377185102829989012592190731772869357421,Yes,2026-08-01T09:21:06+00:00,0.0015
0xce117988f36a9b2217657c6425e7f681b6ff6c05e5d498497532a3fc27f2f072,Seoul,Will the lowest temperature in Seoul (Incheon) be 29°C on August 2?,56945602289316687914232188133423193665925540577705653410006990725503163393041,No,2026-08-01T07:00:09+00:00,0.995
0xce117988f36a9b2217657c6425e7f681b6ff6c05e5d498497532a3fc27f2f072,Seoul,Will the lowest temperature in Seoul (Incheon) be 29°C on August 2?,56945602289316687914232188133423193665925540577705653410006990725503163393041,No,2026-08-01T08:00:09+00:00,0.995
0xce117988f36a9b2217657c6425e7f681b6ff6c05e5d498497532a3fc27f2f072,Seoul,Will the lowest temperature in Seoul (Incheon) be 29°C on August 2?,56945602289316687914232188133423193665925540577705653410006990725503163393041,No,2026-08-01T09:00:12+00:00,0.9985
0xce117988f36a9b2217657c6425e7f681b6ff6c05e5d498497532a3fc27f2f072,Seoul,Will the lowest temperature in Seoul (Incheon) be 29°C on August 2?,56945602289316687914232188133423193665925540577705653410006990725503163393041,No,2026-08-01T09:21:06+00:00,0.9985
0x188633794f144380e0c2773fb78140b0016574eccb4c72d36394280018e680ce,Seoul,Will the lowest temperature in Seoul (Incheon) be 30°C on August 2?,8091099450966113210747505103544797438897575439825698845935863688120872775883,Yes,2026-08-01T07:00:09+00:00,0.0045
0x188633794f144380e0c2773fb78140b0016574eccb4c72d36394280018e680ce,Seoul,Will the lowest temperature in Seoul (Incheon) be 30°C on August 2?,8091099450966113210747505103544797438897575439825698845935863688120872775883,Yes,2026-08-01T08:00:09+00:00,0.0045
0x188633794f144380e0c2773fb78140b0016574eccb4c72d36394280018e680ce,Seoul,Will the lowest temperature in Seoul (Incheon) be 30°C on August 2?,8091099450966113210747505103544797438897575439825698845935863688120872775883,Yes,2026-08-01T09:00:12+00:00,0.0045
0x188633794f144380e0c2773fb78140b0016574eccb4c72d36394280018e680ce,Seoul,Will the lowest temperature in Seoul (Incheon) be 30°C on August 2?,8091099450966113210747505103544797438897575439825698845935863688120872775883,Yes,2026-08-01T09:21:06+00:00,0.0045
0x188633794f144380e0c2773fb78140b0016574eccb4c72d36394280018e680ce,Seoul,Will the lowest temperature in Seoul (Incheon) be 30°C on August 2?,77583263506305762032028596408939301039342011080128111583883748779789161418913,No,2026-08-01T07:00:10+00:00,0.9955
0x188633794f144380e0c2773fb78140b0016574eccb4c72d36394280018e680ce,Seoul,Will the lowest temperature in Seoul (Incheon) be 30°C on August 2?,77583263506305762032028596408939301039342011080128111583883748779789161418913,No,2026-08-01T08:00:11+00:00,0.9955
0x188633794f144380e0c2773fb78140b0016574eccb4c72d36394280018e680ce,Seoul,Will the lowest temperature in Seoul (Incheon) be 30°C on August 2?,77583263506305762032028596408939301039342011080128111583883748779789161418913,No,2026-08-01T09:00:14+00:00,0.9955
0x188633794f144380e0c2773fb78140b0016574eccb4c72d36394280018e680ce,Seoul,Will the lowest temperature in Seoul (Incheon) be 30°C on August 2?,77583263506305762032028596408939301039342011080128111583883748779789161418913,No,2026-08-01T09:21:07+00:00,0.9955
0x0455e51903f52b3280437b2b0ad37a2d28e4f32164fdb5788900bd6eb28f230e,Seoul,Will the lowest temperature in Seoul (Incheon) be 31°C on August 2?,114743770927178202887513140766295181165791095884743041523460403856844947837188,Yes,2026-08-01T07:00:11+00:00,0.0015
0x0455e51903f52b3280437b2b0ad37a2d28e4f32164fdb5788900bd6eb28f230e,Seoul,Will the lowest temperature in Seoul (Incheon) be 31°C on August 2?,114743770927178202887513140766295181165791095884743041523460403856844947837188,Yes,2026-08-01T08:00:11+00:00,0.0015
0x0455e51903f52b3280437b2b0ad37a2d28e4f32164fdb5788900bd6eb28f230e,Seoul,Will the lowest temperature in Seoul (Incheon) be 31°C on August 2?,114743770927178202887513140766295181165791095884743041523460403856844947837188,Yes,2026-08-01T09:00:14+00:00,0.0015
0x0455e51903f52b3280437b2b0ad37a2d28e4f32164fdb5788900bd6eb28f230e,Seoul,Will the lowest temperature in Seoul (Incheon) be 31°C on August 2?,114743770927178202887513140766295181165791095884743041523460403856844947837188,Yes,2026-08-01T09:21:07+00:00,0.0015
0x0455e51903f52b3280437b2b0ad37a2d28e4f32164fdb5788900bd6eb28f230e,Seoul,Will the lowest temperature in Seoul (Incheon) be 31°C on August 2?,95879564636949719955786910429515632159690183109462758699632086869187808522640,No,2026-08-01T07:00:09+00:00,0.9985
0x0455e51903f52b3280437b2b0ad37a2d28e4f32164fdb5788900bd6eb28f230e,Seoul,Will the lowest temperature in Seoul (Incheon) be 31°C on August 2?,95879564636949719955786910429515632159690183109462758699632086869187808522640,No,2026-08-01T08:00:09+00:00,0.9985
0x0455e51903f52b3280437b2b0ad37a2d28e4f32164fdb5788900bd6eb28f230e,Seoul,Will the lowest temperature in Seoul (Incheon) be 31°C on August 2?,95879564636949719955786910429515632159690183109462758699632086869187808522640,No,2026-08-01T09:00:12+00:00,0.9985
0x0455e51903f52b3280437b2b0ad37a2d28e4f32164fdb5788900bd6eb28f230e,Seoul,Will the lowest temperature in Seoul (Incheon) be 31°C on August 2?,95879564636949719955786910429515632159690183109462758699632086869187808522640,No,2026-08-01T09:21:06+00:00,0.9985
0x39afc47f19ede8ec31b84f24f39cc0412a885ebfac6b741ec3f1230bc8a6c7e1,Seoul,Will the lowest temperature in Seoul (Incheon) be 32°C or higher on August 2?,87707409115176679165424013707960564573227881037455295135543035383952462382917,Yes,2026-08-01T07:00:10+00:00,0.001
0x39afc47f19ede8ec31b84f24f39cc0412a885ebfac6b741ec3f1230bc8a6c7e1,Seoul,Will the lowest temperature in Seoul (Incheon) be 32°C or higher on August 2?,87707409115176679165424013707960564573227881037455295135543035383952462382917,Yes,2026-08-01T08:00:10+00:00,0.001
0x39afc47f19ede8ec31b84f24f39cc0412a885ebfac6b741ec3f1230bc8a6c7e1,Seoul,Will the lowest temperature in Seoul (Incheon) be 32°C or higher on August 2?,87707409115176679165424013707960564573227881037455295135543035383952462382917,Yes,2026-08-01T09:00:13+00:00,0.0005
0x39afc47f19ede8ec31b84f24f39cc0412a885ebfac6b741ec3f1230bc8a6c7e1,Seoul,Will the lowest temperature in Seoul (Incheon) be 32°C or higher on August 2?,87707409115176679165424013707960564573227881037455295135543035383952462382917,Yes,2026-08-01T09:21:07+00:00,0.0005
0x39afc47f19ede8ec31b84f24f39cc0412a885ebfac6b741ec3f1230bc8a6c7e1,Seoul,Will the lowest temperature in Seoul (Incheon) be 32°C or higher on August 2?,948859234860412971759784579927644357778703327161861173719730772733956679423,No,2026-08-01T07:00:09+00:00,0.999
0x39afc47f19ede8ec31b84f24f39cc0412a885ebfac6b741ec3f1230bc8a6c7e1,Seoul,Will the lowest temperature in Seoul (Incheon) be 32°C or higher on August 2?,948859234860412971759784579927644357778703327161861173719730772733956679423,No,2026-08-01T08:00:09+00:00,0.999
0x39afc47f19ede8ec31b84f24f39cc0412a885ebfac6b741ec3f1230bc8a6c7e1,Seoul,Will the lowest temperature in Seoul (Incheon) be 32°C or higher on August 2?,948859234860412971759784579927644357778703327161861173719730772733956679423,No,2026-08-01T09:00:12+00:00,0.9995
0x39afc47f19ede8ec31b84f24f39cc0412a885ebfac6b741ec3f1230bc8a6c7e1,Seoul,Will the lowest temperature in Seoul (Incheon) be 32°C or higher on August 2?,948859234860412971759784579927644357778703327161861173719730772733956679423,No,2026-08-01T09:21:06+00:00,0.9995
0x1c8074574af0d3eff133fe19cc21a01128c6808a49f9a00f5135fde6003a11a1,Seoul,Will the highest temperature in Seoul (Incheon) be 26°C or below on August 3?,98856875915475575871005401992156797444316260878401049608185240279459791451033,Yes,2026-08-01T07:00:09+00:00,0.0045
0x1c8074574af0d3eff133fe19cc21a01128c6808a49f9a00f5135fde6003a11a1,Seoul,Will the highest temperature in Seoul (Incheon) be 26°C or below on August 3?,98856875915475575871005401992156797444316260878401049608185240279459791451033,Yes,2026-08-01T08:00:09+00:00,0.002
0x1c8074574af0d3eff133fe19cc21a01128c6808a49f9a00f5135fde6003a11a1,Seoul,Will the highest temperature in Seoul (Incheon) be 26°C or below on August 3?,98856875915475575871005401992156797444316260878401049608185240279459791451033,Yes,2026-08-01T09:00:12+00:00,0.002
0x1c8074574af0d3eff133fe19cc21a01128c6808a49f9a00f5135fde6003a11a1,Seoul,Will the highest temperature in Seoul (Incheon) be 26°C or below on August 3?,98856875915475575871005401992156797444316260878401049608185240279459791451033,Yes,2026-08-01T09:21:06+00:00,0.002
0x1c8074574af0d3eff133fe19cc21a01128c6808a49f9a00f5135fde6003a11a1,Seoul,Will the highest temperature in Seoul (Incheon) be 26°C or below on August 3?,96438679057270648015000670011685095102321669443226722826094926360739641626199,No,2026-08-01T07:00:10+00:00,0.9955
0x1c8074574af0d3eff133fe19cc21a01128c6808a49f9a00f5135fde6003a11a1,Seoul,Will the highest temperature in Seoul (Incheon) be 26°C or below on August 3?,96438679057270648015000670011685095102321669443226722826094926360739641626199,No,2026-08-01T08:00:10+00:00,0.998
0x1c8074574af0d3eff133fe19cc21a01128c6808a49f9a00f5135fde6003a11a1,Seoul,Will the highest temperature in Seoul (Incheon) be 26°C or below on August 3?,96438679057270648015000670011685095102321669443226722826094926360739641626199,No,2026-08-01T09:00:13+00:00,0.998
0x1c8074574af0d3eff133fe19cc21a01128c6808a49f9a00f5135fde6003a11a1,Seoul,Will the highest temperature in Seoul (Incheon) be 26°C or below on August 3?,96438679057270648015000670011685095102321669443226722826094926360739641626199,No,2026-08-01T09:21:07+00:00,0.998
0x0109dda471296066abbba8d66ddd4e50cb46b11a581e2050b1991eeb24104b5f,Seoul,Will the highest temperature in Seoul (Incheon) be 27°C on August 3?,5052519687640169320419932905852957426557493898277819060801213881507132054201,Yes,2026-08-01T07:00:10+00:00,0.005
0x0109dda471296066abbba8d66ddd4e50cb46b11a581e2050b1991eeb24104b5f,Seoul,Will the highest temperature in Seoul (Incheon) be 27°C on August 3?,5052519687640169320419932905852957426557493898277819060801213881507132054201,Yes,2026-08-01T08:00:11+00:00,0.0025
0x0109dda471296066abbba8d66ddd4e50cb46b11a581e2050b1991eeb24104b5f,Seoul,Will the highest temperature in Seoul (Incheon) be 27°C on August 3?,5052519687640169320419932905852957426557493898277819060801213881507132054201,Yes,2026-08-01T09:00:14+00:00,0.0025
0x0109dda471296066abbba8d66ddd4e50cb46b11a581e2050b1991eeb24104b5f,Seoul,Will the highest temperature in Seoul (Incheon) be 27°C on August 3?,5052519687640169320419932905852957426557493898277819060801213881507132054201,Yes,2026-08-01T09:21:07+00:00,0.0025
0x0109dda471296066abbba8d66ddd4e50cb46b11a581e2050b1991eeb24104b5f,Seoul,Will the highest temperature in Seoul (Incheon) be 27°C on August 3?,42754278097618930228331705863847600036834598072716452882024082235219197306781,No,2026-08-01T07:00:08+00:00,0.995
0x0109dda471296066abbba8d66ddd4e50cb46b11a581e2050b1991eeb24104b5f,Seoul,Will the highest temperature in Seoul (Incheon) be 27°C on August 3?,42754278097618930228331705863847600036834598072716452882024082235219197306781,No,2026-08-01T08:00:09+00:00,0.9975
0x0109dda471296066abbba8d66ddd4e50cb46b11a581e2050b1991eeb24104b5f,Seoul,Will the highest temperature in Seoul (Incheon) be 27°C on August 3?,42754278097618930228331705863847600036834598072716452882024082235219197306781,No,2026-08-01T09:00:11+00:00,0.9975
0x0109dda471296066abbba8d66ddd4e50cb46b11a581e2050b1991eeb24104b5f,Seoul,Will the highest temperature in Seoul (Incheon) be 27°C on August 3?,42754278097618930228331705863847600036834598072716452882024082235219197306781,No,2026-08-01T09:21:06+00:00,0.9975
0x24e4f733f2727dde6df2b699e0396a61dbb96e5e3a166c55edae41fa6d7ee7a5,Seoul,Will the highest temperature in Seoul (Incheon) be 28°C on August 3?,23280721490072525801639545777671483577678513072128325442699808277808154457158,Yes,2026-08-01T07:00:11+00:00,0.008
0x24e4f733f2727dde6df2b699e0396a61dbb96e5e3a166c55edae41fa6d7ee7a5,Seoul,Will the highest temperature in Seoul (Incheon) be 28°C on August 3?,23280721490072525801639545777671483577678513072128325442699808277808154457158,Yes,2026-08-01T08:00:11+00:00,0.008
0x24e4f733f2727dde6df2b699e0396a61dbb96e5e3a166c55edae41fa6d7ee7a5,Seoul,Will the highest temperature in Seoul (Incheon) be 28°C on August 3?,23280721490072525801639545777671483577678513072128325442699808277808154457158,Yes,2026-08-01T09:00:14+00:00,0.008
0x24e4f733f2727dde6df2b699e0396a61dbb96e5e3a166c55edae41fa6d7ee7a5,Seoul,Will the highest temperature in Seoul (Incheon) be 28°C on August 3?,23280721490072525801639545777671483577678513072128325442699808277808154457158,Yes,2026-08-01T09:21:07+00:00,0.008
0x24e4f733f2727dde6df2b699e0396a61dbb96e5e3a166c55edae41fa6d7ee7a5,Seoul,Will the highest temperature in Seoul (Incheon) be 28°C on August 3?,107514253692307665401685143554556837258282771703704249393084475193834510883920,No,2026-08-01T07:00:11+00:00,0.992
0x24e4f733f2727dde6df2b699e0396a61dbb96e5e3a166c55edae41fa6d7ee7a5,Seoul,Will the highest temperature in Seoul (Incheon) be 28°C on August 3?,107514253692307665401685143554556837258282771703704249393084475193834510883920,No,2026-08-01T08:00:11+00:00,0.992
0x24e4f733f2727dde6df2b699e0396a61dbb96e5e3a166c55edae41fa6d7ee7a5,Seoul,Will the highest temperature in Seoul (Incheon) be 28°C on August 3?,107514253692307665401685143554556837258282771703704249393084475193834510883920,No,2026-08-01T09:00:14+00:00,0.992
0x24e4f733f2727dde6df2b699e0396a61dbb96e5e3a166c55edae41fa6d7ee7a5,Seoul,Will the highest temperature in Seoul (Incheon) be 28°C on August 3?,107514253692307665401685143554556837258282771703704249393084475193834510883920,No,2026-08-01T09:21:07+00:00,0.992
0xbb9cb850655226361435bf4270425265be3a83d15addc582176350de303dcc38,Seoul,Will the highest temperature in Seoul (Incheon) be 29°C on August 3?,60579218658432742143716587197651926177890114660133115129218558591047123914545,Yes,2026-08-01T07:00:10+00:00,0.015
0xbb9cb850655226361435bf4270425265be3a83d15addc582176350de303dcc38,Seoul,Will the highest temperature in Seoul (Incheon) be 29°C on August 3?,60579218658432742143716587197651926177890114660133115129218558591047123914545,Yes,2026-08-01T08:00:11+00:00,0.015
0xbb9cb850655226361435bf4270425265be3a83d15addc582176350de303dcc38,Seoul,Will the highest temperature in Seoul (Incheon) be 29°C on August 3?,60579218658432742143716587197651926177890114660133115129218558591047123914545,Yes,2026-08-01T09:00:14+00:00,0.015
0xbb9cb850655226361435bf4270425265be3a83d15addc582176350de303dcc38,Seoul,Will the highest temperature in Seoul (Incheon) be 29°C on August 3?,60579218658432742143716587197651926177890114660133115129218558591047123914545,Yes,2026-08-01T09:21:07+00:00,0.01
0xbb9cb850655226361435bf4270425265be3a83d15addc582176350de303dcc38,Seoul,Will the highest temperature in Seoul (Incheon) be 29°C on August 3?,30824629458504355964136770649025447838450067018192750008150007786993616614363,No,2026-08-01T07:00:08+00:00,0.985
0xbb9cb850655226361435bf4270425265be3a83d15addc582176350de303dcc38,Seoul,Will the highest temperature in Seoul (Incheon) be 29°C on August 3?,30824629458504355964136770649025447838450067018192750008150007786993616614363,No,2026-08-01T08:00:09+00:00,0.985
0xbb9cb850655226361435bf4270425265be3a83d15addc582176350de303dcc38,Seoul,Will the highest temperature in Seoul (Incheon) be 29°C on August 3?,30824629458504355964136770649025447838450067018192750008150007786993616614363,No,2026-08-01T09:00:11+00:00,0.985
0xbb9cb850655226361435bf4270425265be3a83d15addc582176350de303dcc38,Seoul,Will the highest temperature in Seoul (Incheon) be 29°C on August 3?,30824629458504355964136770649025447838450067018192750008150007786993616614363,No,2026-08-01T09:21:06+00:00,0.99
0x5077d4db7784a743a6f107556b842c6cb6217e7f466364b1e9ce22356c08bfeb,Seoul,Will the highest temperature in Seoul (Incheon) be 30°C on August 3?,101238530637815554499260516830619521395195599639783540482576819608199690422402,Yes,2026-08-01T07:00:10+00:00,0.035
0x5077d4db7784a743a6f107556b842c6cb6217e7f466364b1e9ce22356c08bfeb,Seoul,Will the highest temperature in Seoul (Incheon) be 30°C on August 3?,101238530637815554499260516830619521395195599639783540482576819608199690422402,Yes,2026-08-01T08:00:11+00:00,0.035
0x5077d4db7784a743a6f107556b842c6cb6217e7f466364b1e9ce22356c08bfeb,Seoul,Will the highest temperature in Seoul (Incheon) be 30°C on August 3?,101238530637815554499260516830619521395195599639783540482576819608199690422402,Yes,2026-08-01T09:00:14+00:00,0.035
0x5077d4db7784a743a6f107556b842c6cb6217e7f466364b1e9ce22356c08bfeb,Seoul,Will the highest temperature in Seoul (Incheon) be 30°C on August 3?,101238530637815554499260516830619521395195599639783540482576819608199690422402,Yes,2026-08-01T09:21:07+00:00,0.04
0x5077d4db7784a743a6f107556b842c6cb6217e7f466364b1e9ce22356c08bfeb,Seoul,Will the highest temperature in Seoul (Incheon) be 30°C on August 3?,80260422533433067961451941766857874928213550962929425751745855867236219151288,No,2026-08-01T07:00:11+00:00,0.965
0x5077d4db7784a743a6f107556b842c6cb6217e7f466364b1e9ce22356c08bfeb,Seoul,Will the highest temperature in Seoul (Incheon) be 30°C on August 3?,80260422533433067961451941766857874928213550962929425751745855867236219151288,No,2026-08-01T08:00:12+00:00,0.965
0x5077d4db7784a743a6f107556b842c6cb6217e7f466364b1e9ce22356c08bfeb,Seoul,Will the highest temperature in Seoul (Incheon) be 30°C on August 3?,80260422533433067961451941766857874928213550962929425751745855867236219151288,No,2026-08-01T09:00:15+00:00,0.965
0x5077d4db7784a743a6f107556b842c6cb6217e7f466364b1e9ce22356c08bfeb,Seoul,Will the highest temperature in Seoul (Incheon) be 30°C on August 3?,80260422533433067961451941766857874928213550962929425751745855867236219151288,No,2026-08-01T09:21:08+00:00,0.96
0xd9ffdb78e3ee0c13bda0d67c0265440f81d5950e8fbd47b4392a7c3c6c617434,Seoul,Will the highest temperature in Seoul (Incheon) be 31°C on August 3?,38080124324411207974918650319270791156581357621674078857083981687507486205727,Yes,2026-08-01T07:00:11+00:00,0.07
0xd9ffdb78e3ee0c13bda0d67c0265440f81d5950e8fbd47b4392a7c3c6c617434,Seoul,Will the highest temperature in Seoul (Incheon) be 31°C on August 3?,38080124324411207974918650319270791156581357621674078857083981687507486205727,Yes,2026-08-01T08:00:12+00:00,0.06
0xd9ffdb78e3ee0c13bda0d67c0265440f81d5950e8fbd47b4392a7c3c6c617434,Seoul,Will the highest temperature in Seoul (Incheon) be 31°C on August 3?,38080124324411207974918650319270791156581357621674078857083981687507486205727,Yes,2026-08-01T09:00:15+00:00,0.06
0xd9ffdb78e3ee0c13bda0d67c0265440f81d5950e8fbd47b4392a7c3c6c617434,Seoul,Will the highest temperature in Seoul (Incheon) be 31°C on August 3?,38080124324411207974918650319270791156581357621674078857083981687507486205727,Yes,2026-08-01T09:21:08+00:00,0.06
0xd9ffdb78e3ee0c13bda0d67c0265440f81d5950e8fbd47b4392a7c3c6c617434,Seoul,Will the highest temperature in Seoul (Incheon) be 31°C on August 3?,79923990922594974702631673106801180363047144418222480062725033493639851560970,No,2026-08-01T07:00:08+00:00,0.93
0xd9ffdb78e3ee0c13bda0d67c0265440f81d5950e8fbd47b4392a7c3c6c617434,Seoul,Will the highest temperature in Seoul (Incheon) be 31°C on August 3?,79923990922594974702631673106801180363047144418222480062725033493639851560970,No,2026-08-01T08:00:09+00:00,0.94
0xd9ffdb78e3ee0c13bda0d67c0265440f81d5950e8fbd47b4392a7c3c6c617434,Seoul,Will the highest temperature in Seoul (Incheon) be 31°C on August 3?,79923990922594974702631673106801180363047144418222480062725033493639851560970,No,2026-08-01T09:00:11+00:00,0.94
0xd9ffdb78e3ee0c13bda0d67c0265440f81d5950e8fbd47b4392a7c3c6c617434,Seoul,Will the highest temperature in Seoul (Incheon) be 31°C on August 3?,79923990922594974702631673106801180363047144418222480062725033493639851560970,No,2026-08-01T09:21:06+00:00,0.94
0x5648393f16ef0b29af4de0afae9cfda80cfdbb9d571757f2cd99afda5c12f7d2,Seoul,Will the highest temperature in Seoul (Incheon) be 32°C on August 3?,52221535427624441795577955719131289894453350380977129063393266688619643884337,Yes,2026-08-01T07:00:11+00:00,0.2
0x5648393f16ef0b29af4de0afae9cfda80cfdbb9d571757f2cd99afda5c12f7d2,Seoul,Will the highest temperature in Seoul (Incheon) be 32°C on August 3?,52221535427624441795577955719131289894453350380977129063393266688619643884337,Yes,2026-08-01T08:00:12+00:00,0.175
0x5648393f16ef0b29af4de0afae9cfda80cfdbb9d571757f2cd99afda5c12f7d2,Seoul,Will the highest temperature in Seoul (Incheon) be 32°C on August 3?,52221535427624441795577955719131289894453350380977129063393266688619643884337,Yes,2026-08-01T09:00:15+00:00,0.175
0x5648393f16ef0b29af4de0afae9cfda80cfdbb9d571757f2cd99afda5c12f7d2,Seoul,Will the highest temperature in Seoul (Incheon) be 32°C on August 3?,52221535427624441795577955719131289894453350380977129063393266688619643884337,Yes,2026-08-01T09:19:10+00:00,0.175
0x5648393f16ef0b29af4de0afae9cfda80cfdbb9d571757f2cd99afda5c12f7d2,Seoul,Will the highest temperature in Seoul (Incheon) be 32°C on August 3?,7951586462178082004409670482717787206192791814071903740125359630039668494027,No,2026-08-01T07:00:11+00:00,0.8
0x5648393f16ef0b29af4de0afae9cfda80cfdbb9d571757f2cd99afda5c12f7d2,Seoul,Will the highest temperature in Seoul (Incheon) be 32°C on August 3?,7951586462178082004409670482717787206192791814071903740125359630039668494027,No,2026-08-01T08:00:12+00:00,0.825
0x5648393f16ef0b29af4de0afae9cfda80cfdbb9d571757f2cd99afda5c12f7d2,Seoul,Will the highest temperature in Seoul (Incheon) be 32°C on August 3?,7951586462178082004409670482717787206192791814071903740125359630039668494027,No,2026-08-01T09:00:15+00:00,0.825
0x5648393f16ef0b29af4de0afae9cfda80cfdbb9d571757f2cd99afda5c12f7d2,Seoul,Will the highest temperature in Seoul (Incheon) be 32°C on August 3?,7951586462178082004409670482717787206192791814071903740125359630039668494027,No,2026-08-01T09:21:08+00:00,0.825
0x1bef035225cbb35b0edc5e491c928538f4b3511e74028bf086c9a8c93f2814b2,Seoul,Will the highest temperature in Seoul (Incheon) be 33°C on August 3?,29316291793843816974676779523628139041618991999576608532044158893921990323902,Yes,2026-08-01T07:00:11+00:00,0.31
0x1bef035225cbb35b0edc5e491c928538f4b3511e74028bf086c9a8c93f2814b2,Seoul,Will the highest temperature in Seoul (Incheon) be 33°C on August 3?,29316291793843816974676779523628139041618991999576608532044158893921990323902,Yes,2026-08-01T08:00:12+00:00,0.325
0x1bef035225cbb35b0edc5e491c928538f4b3511e74028bf086c9a8c93f2814b2,Seoul,Will the highest temperature in Seoul (Incheon) be 33°C on August 3?,29316291793843816974676779523628139041618991999576608532044158893921990323902,Yes,2026-08-01T09:00:15+00:00,0.325
0x1bef035225cbb35b0edc5e491c928538f4b3511e74028bf086c9a8c93f2814b2,Seoul,Will the highest temperature in Seoul (Incheon) be 33°C on August 3?,29316291793843816974676779523628139041618991999576608532044158893921990323902,Yes,2026-08-01T09:21:08+00:00,0.325
0x1bef035225cbb35b0edc5e491c928538f4b3511e74028bf086c9a8c93f2814b2,Seoul,Will the highest temperature in Seoul (Incheon) be 33°C on August 3?,26092071645795977749473603126522887419087341706335746667308146468841573096368,No,2026-08-01T07:00:10+00:00,0.69
0x1bef035225cbb35b0edc5e491c928538f4b3511e74028bf086c9a8c93f2814b2,Seoul,Will the highest temperature in Seoul (Incheon) be 33°C on August 3?,26092071645795977749473603126522887419087341706335746667308146468841573096368,No,2026-08-01T08:00:10+00:00,0.675
0x1bef035225cbb35b0edc5e491c928538f4b3511e74028bf086c9a8c93f2814b2,Seoul,Will the highest temperature in Seoul (Incheon) be 33°C on August 3?,26092071645795977749473603126522887419087341706335746667308146468841573096368,No,2026-08-01T09:00:13+00:00,0.675
0x1bef035225cbb35b0edc5e491c928538f4b3511e74028bf086c9a8c93f2814b2,Seoul,Will the highest temperature in Seoul (Incheon) be 33°C on August 3?,26092071645795977749473603126522887419087341706335746667308146468841573096368,No,2026-08-01T09:21:07+00:00,0.675
0x89e641d6d147f825b02bdf6b73956edf76998478b024598eb946361002678efb,Seoul,Will the highest temperature in Seoul (Incheon) be 34°C on August 3?,113134915936500517708215876201526228950667361363664880560772784709322764324754,Yes,2026-08-01T07:00:10+00:00,0.305
0x89e641d6d147f825b02bdf6b73956edf76998478b024598eb946361002678efb,Seoul,Will the highest temperature in Seoul (Incheon) be 34°C on August 3?,113134915936500517708215876201526228950667361363664880560772784709322764324754,Yes,2026-08-01T08:00:11+00:00,0.31
0x89e641d6d147f825b02bdf6b73956edf76998478b024598eb946361002678efb,Seoul,Will the highest temperature in Seoul (Incheon) be 34°C on August 3?,113134915936500517708215876201526228950667361363664880560772784709322764324754,Yes,2026-08-01T09:00:14+00:00,0.305
0x89e641d6d147f825b02bdf6b73956edf76998478b024598eb946361002678efb,Seoul,Will the highest temperature in Seoul (Incheon) be 34°C on August 3?,113134915936500517708215876201526228950667361363664880560772784709322764324754,Yes,2026-08-01T09:21:07+00:00,0.305
0x89e641d6d147f825b02bdf6b73956edf76998478b024598eb946361002678efb,Seoul,Will the highest temperature in Seoul (Incheon) be 34°C on August 3?,40237527169828490377186825662194589595506883989836002699199330755343885645908,No,2026-08-01T07:00:09+00:00,0.695
0x89e641d6d147f825b02bdf6b73956edf76998478b024598eb946361002678efb,Seoul,Will the highest temperature in Seoul (Incheon) be 34°C on August 3?,40237527169828490377186825662194589595506883989836002699199330755343885645908,No,2026-08-01T08:00:09+00:00,0.695
0x89e641d6d147f825b02bdf6b73956edf76998478b024598eb946361002678efb,Seoul,Will the highest temperature in Seoul (Incheon) be 34°C on August 3?,40237527169828490377186825662194589595506883989836002699199330755343885645908,No,2026-08-01T09:00:12+00:00,0.695
0x89e641d6d147f825b02bdf6b73956edf76998478b024598eb946361002678efb,Seoul,Will the highest temperature in Seoul (Incheon) be 34°C on August 3?,40237527169828490377186825662194589595506883989836002699199330755343885645908,No,2026-08-01T09:21:06+00:00,0.695
0x479df6862bda02f3bacc019dfe6f54d7420fb9d1e93f519e722bb251be660133,Seoul,Will the highest temperature in Seoul (Incheon) be 35°C on August 3?,40687768382475545255917692444169416057132137777732189019326267614171862871712,Yes,2026-08-01T07:00:10+00:00,0.105
0x479df6862bda02f3bacc019dfe6f54d7420fb9d1e93f519e722bb251be660133,Seoul,Will the highest temperature in Seoul (Incheon) be 35°C on August 3?,40687768382475545255917692444169416057132137777732189019326267614171862871712,Yes,2026-08-01T08:00:11+00:00,0.115
0x479df6862bda02f3bacc019dfe6f54d7420fb9d1e93f519e722bb251be660133,Seoul,Will the highest temperature in Seoul (Incheon) be 35°C on August 3?,40687768382475545255917692444169416057132137777732189019326267614171862871712,Yes,2026-08-01T09:00:14+00:00,0.12
0x479df6862bda02f3bacc019dfe6f54d7420fb9d1e93f519e722bb251be660133,Seoul,Will the highest temperature in Seoul (Incheon) be 35°C on August 3?,40687768382475545255917692444169416057132137777732189019326267614171862871712,Yes,2026-08-01T09:21:07+00:00,0.115
0x479df6862bda02f3bacc019dfe6f54d7420fb9d1e93f519e722bb251be660133,Seoul,Will the highest temperature in Seoul (Incheon) be 35°C on August 3?,25727882130139248025497726534491192112164659525740650970194088763337662417426,No,2026-08-01T07:00:09+00:00,0.895
0x479df6862bda02f3bacc019dfe6f54d7420fb9d1e93f519e722bb251be660133,Seoul,Will the highest temperature in Seoul (Incheon) be 35°C on August 3?,25727882130139248025497726534491192112164659525740650970194088763337662417426,No,2026-08-01T08:00:10+00:00,0.885
0x479df6862bda02f3bacc019dfe6f54d7420fb9d1e93f519e722bb251be660133,Seoul,Will the highest temperature in Seoul (Incheon) be 35°C on August 3?,25727882130139248025497726534491192112164659525740650970194088763337662417426,No,2026-08-01T09:00:12+00:00,0.88
0x479df6862bda02f3bacc019dfe6f54d7420fb9d1e93f519e722bb251be660133,Seoul,Will the highest temperature in Seoul (Incheon) be 35°C on August 3?,25727882130139248025497726534491192112164659525740650970194088763337662417426,No,2026-08-01T09:21:06+00:00,0.885
0x744b721e3e7518a947f639d05e843b1bce72fd849091addc83e132a4d3cf8d55,Seoul,Will the highest temperature in Seoul (Incheon) be 36°C or higher on August 3?,29312688799977404103899493175419211384402874775949612084288080453312250919767,Yes,2026-08-01T07:00:11+00:00,0.045
0x744b721e3e7518a947f639d05e843b1bce72fd849091addc83e132a4d3cf8d55,Seoul,Will the highest temperature in Seoul (Incheon) be 36°C or higher on August 3?,29312688799977404103899493175419211384402874775949612084288080453312250919767,Yes,2026-08-01T08:00:12+00:00,0.06
0x744b721e3e7518a947f639d05e843b1bce72fd849091addc83e132a4d3cf8d55,Seoul,Will the highest temperature in Seoul (Incheon) be 36°C or higher on August 3?,29312688799977404103899493175419211384402874775949612084288080453312250919767,Yes,2026-08-01T09:00:15+00:00,0.055
0x744b721e3e7518a947f639d05e843b1bce72fd849091addc83e132a4d3cf8d55,Seoul,Will the highest temperature in Seoul (Incheon) be 36°C or higher on August 3?,29312688799977404103899493175419211384402874775949612084288080453312250919767,Yes,2026-08-01T09:21:08+00:00,0.055
0x744b721e3e7518a947f639d05e843b1bce72fd849091addc83e132a4d3cf8d55,Seoul,Will the highest temperature in Seoul (Incheon) be 36°C or higher on August 3?,27337769490236350062193524621635349743426691022198152506765190344632434502175,No,2026-08-01T07:00:10+00:00,0.955
0x744b721e3e7518a947f639d05e843b1bce72fd849091addc83e132a4d3cf8d55,Seoul,Will the highest temperature in Seoul (Incheon) be 36°C or higher on August 3?,27337769490236350062193524621635349743426691022198152506765190344632434502175,No,2026-08-01T08:00:11+00:00,0.94
0x744b721e3e7518a947f639d05e843b1bce72fd849091addc83e132a4d3cf8d55,Seoul,Will the highest temperature in Seoul (Incheon) be 36°C or higher on August 3?,27337769490236350062193524621635349743426691022198152506765190344632434502175,No,2026-08-01T09:00:13+00:00,0.945
0x744b721e3e7518a947f639d05e843b1bce72fd849091addc83e132a4d3cf8d55,Seoul,Will the highest temperature in Seoul (Incheon) be 36°C or higher on August 3?,27337769490236350062193524621635349743426691022198152506765190344632434502175,No,2026-08-01T09:21:07+00:00,0.945
0x4f5706dacb730e106b7192349f8cd891f513f1adb3312a42241c7ad401cf7208,Seoul,Will the lowest temperature in Seoul (Incheon) be 22°C or below on August 3?,19304768798545970323388392819805344181532470584848703446649577941578728367053,Yes,2026-08-01T07:00:10+00:00,0.015
0x4f5706dacb730e106b7192349f8cd891f513f1adb3312a42241c7ad401cf7208,Seoul,Will the lowest temperature in Seoul (Incheon) be 22°C or below on August 3?,19304768798545970323388392819805344181532470584848703446649577941578728367053,Yes,2026-08-01T08:00:11+00:00,0.02
0x4f5706dacb730e106b7192349f8cd891f513f1adb3312a42241c7ad401cf7208,Seoul,Will the lowest temperature in Seoul (Incheon) be 22°C or below on August 3?,19304768798545970323388392819805344181532470584848703446649577941578728367053,Yes,2026-08-01T09:00:14+00:00,0.015
0x4f5706dacb730e106b7192349f8cd891f513f1adb3312a42241c7ad401cf7208,Seoul,Will the lowest temperature in Seoul (Incheon) be 22°C or below on August 3?,19304768798545970323388392819805344181532470584848703446649577941578728367053,Yes,2026-08-01T09:21:07+00:00,0.01
0x4f5706dacb730e106b7192349f8cd891f513f1adb3312a42241c7ad401cf7208,Seoul,Will the lowest temperature in Seoul (Incheon) be 22°C or below on August 3?,2549519625435199462095075168376197040900055468762196100994814370870136659412,No,2026-08-01T07:00:10+00:00,0.985
0x4f5706dacb730e106b7192349f8cd891f513f1adb3312a42241c7ad401cf7208,Seoul,Will the lowest temperature in Seoul (Incheon) be 22°C or below on August 3?,2549519625435199462095075168376197040900055468762196100994814370870136659412,No,2026-08-01T08:00:10+00:00,0.98
0x4f5706dacb730e106b7192349f8cd891f513f1adb3312a42241c7ad401cf7208,Seoul,Will the lowest temperature in Seoul (Incheon) be 22°C or below on August 3?,2549519625435199462095075168376197040900055468762196100994814370870136659412,No,2026-08-01T09:00:13+00:00,0.985
0x4f5706dacb730e106b7192349f8cd891f513f1adb3312a42241c7ad401cf7208,Seoul,Will the lowest temperature in Seoul (Incheon) be 22°C or below on August 3?,2549519625435199462095075168376197040900055468762196100994814370870136659412,No,2026-08-01T09:21:07+00:00,0.99
0x76e1ad50967cb80ed51f0b2bd6740642361a9d551e52f5666efc6bf898acc776,Seoul,Will the lowest temperature in Seoul (Incheon) be 23°C on August 3?,33762730700423962634100711253653079415581429473486598073691388967795084166914,Yes,2026-08-01T07:00:09+00:00,0.015
0x76e1ad50967cb80ed51f0b2bd6740642361a9d551e52f5666efc6bf898acc776,Seoul,Will the lowest temperature in Seoul (Incheon) be 23°C on August 3?,33762730700423962634100711253653079415581429473486598073691388967795084166914,Yes,2026-08-01T08:00:10+00:00,0.05
0x76e1ad50967cb80ed51f0b2bd6740642361a9d551e52f5666efc6bf898acc776,Seoul,Will the lowest temperature in Seoul (Incheon) be 23°C on August 3?,33762730700423962634100711253653079415581429473486598073691388967795084166914,Yes,2026-08-01T09:00:13+00:00,0.035
0x76e1ad50967cb80ed51f0b2bd6740642361a9d551e52f5666efc6bf898acc776,Seoul,Will the lowest temperature in Seoul (Incheon) be 23°C on August 3?,33762730700423962634100711253653079415581429473486598073691388967795084166914,Yes,2026-08-01T09:21:07+00:00,0.035
0x76e1ad50967cb80ed51f0b2bd6740642361a9d551e52f5666efc6bf898acc776,Seoul,Will the lowest temperature in Seoul (Incheon) be 23°C on August 3?,71458282688989725220721216435770009591927019743211464492012586676963514863868,No,2026-08-01T07:00:10+00:00,0.985
0x76e1ad50967cb80ed51f0b2bd6740642361a9d551e52f5666efc6bf898acc776,Seoul,Will the lowest temperature in Seoul (Incheon) be 23°C on August 3?,71458282688989725220721216435770009591927019743211464492012586676963514863868,No,2026-08-01T08:00:11+00:00,0.95
0x76e1ad50967cb80ed51f0b2bd6740642361a9d551e52f5666efc6bf898acc776,Seoul,Will the lowest temperature in Seoul (Incheon) be 23°C on August 3?,71458282688989725220721216435770009591927019743211464492012586676963514863868,No,2026-08-01T09:00:14+00:00,0.965
0x76e1ad50967cb80ed51f0b2bd6740642361a9d551e52f5666efc6bf898acc776,Seoul,Will the lowest temperature in Seoul (Incheon) be 23°C on August 3?,71458282688989725220721216435770009591927019743211464492012586676963514863868,No,2026-08-01T09:21:07+00:00,0.965
0xd6e7129d4c48369c5b8aed99c886033083450f1520381b433e5bdf9839005d15,Seoul,Will the lowest temperature in Seoul (Incheon) be 24°C on August 3?,12050031863920233952761815860497443658712595658104329672305985681351338797769,Yes,2026-08-01T07:00:11+00:00,0.1
0xd6e7129d4c48369c5b8aed99c886033083450f1520381b433e5bdf9839005d15,Seoul,Will the lowest temperature in Seoul (Incheon) be 24°C on August 3?,12050031863920233952761815860497443658712595658104329672305985681351338797769,Yes,2026-08-01T08:00:12+00:00,0.07
0xd6e7129d4c48369c5b8aed99c886033083450f1520381b433e5bdf9839005d15,Seoul,Will the lowest temperature in Seoul (Incheon) be 24°C on August 3?,12050031863920233952761815860497443658712595658104329672305985681351338797769,Yes,2026-08-01T09:00:15+00:00,0.055
0xd6e7129d4c48369c5b8aed99c886033083450f1520381b433e5bdf9839005d15,Seoul,Will the lowest temperature in Seoul (Incheon) be 24°C on August 3?,12050031863920233952761815860497443658712595658104329672305985681351338797769,Yes,2026-08-01T09:21:08+00:00,0.055
0xd6e7129d4c48369c5b8aed99c886033083450f1520381b433e5bdf9839005d15,Seoul,Will the lowest temperature in Seoul (Incheon) be 24°C on August 3?,6812143188890971088265509733880795065671836502052354445853508499246570943180,No,2026-08-01T07:00:09+00:00,0.9
0xd6e7129d4c48369c5b8aed99c886033083450f1520381b433e5bdf9839005d15,Seoul,Will the lowest temperature in Seoul (Incheon) be 24°C on August 3?,6812143188890971088265509733880795065671836502052354445853508499246570943180,No,2026-08-01T08:00:09+00:00,0.93
0xd6e7129d4c48369c5b8aed99c886033083450f1520381b433e5bdf9839005d15,Seoul,Will the lowest temperature in Seoul (Incheon) be 24°C on August 3?,6812143188890971088265509733880795065671836502052354445853508499246570943180,No,2026-08-01T09:00:12+00:00,0.945
0xd6e7129d4c48369c5b8aed99c886033083450f1520381b433e5bdf9839005d15,Seoul,Will the lowest temperature in Seoul (Incheon) be 24°C on August 3?,6812143188890971088265509733880795065671836502052354445853508499246570943180,No,2026-08-01T09:21:06+00:00,0.945
0x0110f6484cb9dd66fa105cc7f355a898967f3b39b2b0f35542da37b8d280a5ba,Seoul,Will the lowest temperature in Seoul (Incheon) be 25°C on August 3?,14940986401759379066183663876784902965066229537177409143188821633707190594869,Yes,2026-08-01T07:00:09+00:00,0.225
0x0110f6484cb9dd66fa105cc7f355a898967f3b39b2b0f35542da37b8d280a5ba,Seoul,Will the lowest temperature in Seoul (Incheon) be 25°C on August 3?,14940986401759379066183663876784902965066229537177409143188821633707190594869,Yes,2026-08-01T08:00:09+00:00,0.195
0x0110f6484cb9dd66fa105cc7f355a898967f3b39b2b0f35542da37b8d280a5ba,Seoul,Will the lowest temperature in Seoul (Incheon) be 25°C on August 3?,14940986401759379066183663876784902965066229537177409143188821633707190594869,Yes,2026-08-01T09:00:12+00:00,0.225
0x0110f6484cb9dd66fa105cc7f355a898967f3b39b2b0f35542da37b8d280a5ba,Seoul,Will the lowest temperature in Seoul (Incheon) be 25°C on August 3?,14940986401759379066183663876784902965066229537177409143188821633707190594869,Yes,2026-08-01T09:21:06+00:00,0.19
0x0110f6484cb9dd66fa105cc7f355a898967f3b39b2b0f35542da37b8d280a5ba,Seoul,Will the lowest temperature in Seoul (Incheon) be 25°C on August 3?,93177652207995115954663462066929883206426346018195387073887169479421255477939,No,2026-08-01T07:00:10+00:00,0.775
0x0110f6484cb9dd66fa105cc7f355a898967f3b39b2b0f35542da37b8d280a5ba,Seoul,Will the lowest temperature in Seoul (Incheon) be 25°C on August 3?,93177652207995115954663462066929883206426346018195387073887169479421255477939,No,2026-08-01T08:00:11+00:00,0.805
0x0110f6484cb9dd66fa105cc7f355a898967f3b39b2b0f35542da37b8d280a5ba,Seoul,Will the lowest temperature in Seoul (Incheon) be 25°C on August 3?,93177652207995115954663462066929883206426346018195387073887169479421255477939,No,2026-08-01T09:00:14+00:00,0.775
0x0110f6484cb9dd66fa105cc7f355a898967f3b39b2b0f35542da37b8d280a5ba,Seoul,Will the lowest temperature in Seoul (Incheon) be 25°C on August 3?,93177652207995115954663462066929883206426346018195387073887169479421255477939,No,2026-08-01T09:21:07+00:00,0.81
0x72f29c6f0120fb5ad17accc3a3ec0aba1e887190131cf1296e59711b022dab17,Seoul,Will the lowest temperature in Seoul (Incheon) be 26°C on August 3?,62364278266431607359182771879072765682020182640428463200206328581375319223112,Yes,2026-08-01T07:00:11+00:00,0.525
0x72f29c6f0120fb5ad17accc3a3ec0aba1e887190131cf1296e59711b022dab17,Seoul,Will the lowest temperature in Seoul (Incheon) be 26°C on August 3?,62364278266431607359182771879072765682020182640428463200206328581375319223112,Yes,2026-08-01T08:00:12+00:00,0.525
0x72f29c6f0120fb5ad17accc3a3ec0aba1e887190131cf1296e59711b022dab17,Seoul,Will the lowest temperature in Seoul (Incheon) be 26°C on August 3?,62364278266431607359182771879072765682020182640428463200206328581375319223112,Yes,2026-08-01T09:00:15+00:00,0.445
0x72f29c6f0120fb5ad17accc3a3ec0aba1e887190131cf1296e59711b022dab17,Seoul,Will the lowest temperature in Seoul (Incheon) be 26°C on August 3?,62364278266431607359182771879072765682020182640428463200206328581375319223112,Yes,2026-08-01T09:21:08+00:00,0.445
0x72f29c6f0120fb5ad17accc3a3ec0aba1e887190131cf1296e59711b022dab17,Seoul,Will the lowest temperature in Seoul (Incheon) be 26°C on August 3?,87642799481232844162723317477329349328480016322521221340186945586821334731707,No,2026-08-01T07:00:11+00:00,0.475
0x72f29c6f0120fb5ad17accc3a3ec0aba1e887190131cf1296e59711b022dab17,Seoul,Will the lowest temperature in Seoul (Incheon) be 26°C on August 3?,87642799481232844162723317477329349328480016322521221340186945586821334731707,No,2026-08-01T08:00:12+00:00,0.475
0x72f29c6f0120fb5ad17accc3a3ec0aba1e887190131cf1296e59711b022dab17,Seoul,Will the lowest temperature in Seoul (Incheon) be 26°C on August 3?,87642799481232844162723317477329349328480016322521221340186945586821334731707,No,2026-08-01T09:00:15+00:00,0.555
0x72f29c6f0120fb5ad17accc3a3ec0aba1e887190131cf1296e59711b022dab17,Seoul,Will the lowest temperature in Seoul (Incheon) be 26°C on August 3?,87642799481232844162723317477329349328480016322521221340186945586821334731707,No,2026-08-01T09:21:08+00:00,0.555
0x1c440b52c8c0eaae7c813a600cf3c77f25bc7d356b524235209dd03093f38107,Seoul,Will the lowest temperature in Seoul (Incheon) be 27°C on August 3?,91489842049040640579323134499676901052489838338593971699374348817276260789623,Yes,2026-08-01T07:00:10+00:00,0.2
0x1c440b52c8c0eaae7c813a600cf3c77f25bc7d356b524235209dd03093f38107,Seoul,Will the lowest temperature in Seoul (Incheon) be 27°C on August 3?,91489842049040640579323134499676901052489838338593971699374348817276260789623,Yes,2026-08-01T08:00:10+00:00,0.215
0x1c440b52c8c0eaae7c813a600cf3c77f25bc7d356b524235209dd03093f38107,Seoul,Will the lowest temperature in Seoul (Incheon) be 27°C on August 3?,91489842049040640579323134499676901052489838338593971699374348817276260789623,Yes,2026-08-01T09:00:13+00:00,0.225
0x1c440b52c8c0eaae7c813a600cf3c77f25bc7d356b524235209dd03093f38107,Seoul,Will the lowest temperature in Seoul (Incheon) be 27°C on August 3?,91489842049040640579323134499676901052489838338593971699374348817276260789623,Yes,2026-08-01T09:19:09+00:00,0.235
0x1c440b52c8c0eaae7c813a600cf3c77f25bc7d356b524235209dd03093f38107,Seoul,Will the lowest temperature in Seoul (Incheon) be 27°C on August 3?,54123283524315491731840654494306130826187267681991947221777095424730801123962,No,2026-08-01T07:00:09+00:00,0.8
0x1c440b52c8c0eaae7c813a600cf3c77f25bc7d356b524235209dd03093f38107,Seoul,Will the lowest temperature in Seoul (Incheon) be 27°C on August 3?,54123283524315491731840654494306130826187267681991947221777095424730801123962,No,2026-08-01T08:00:09+00:00,0.785
0x1c440b52c8c0eaae7c813a600cf3c77f25bc7d356b524235209dd03093f38107,Seoul,Will the lowest temperature in Seoul (Incheon) be 27°C on August 3?,54123283524315491731840654494306130826187267681991947221777095424730801123962,No,2026-08-01T09:00:12+00:00,0.775
0x1c440b52c8c0eaae7c813a600cf3c77f25bc7d356b524235209dd03093f38107,Seoul,Will the lowest temperature in Seoul (Incheon) be 27°C on August 3?,54123283524315491731840654494306130826187267681991947221777095424730801123962,No,2026-08-01T09:21:06+00:00,0.77
0x1a1af152fd0b9651ba06cd8f3856591ce07c246967e287df59b2e77bf4b99f41,Seoul,Will the lowest temperature in Seoul (Incheon) be 28°C on August 3?,29231842697368448416281492408753948117416951986521778286192321259525714337815,Yes,2026-08-01T07:00:09+00:00,0.11
0x1a1af152fd0b9651ba06cd8f3856591ce07c246967e287df59b2e77bf4b99f41,Seoul,Will the lowest temperature in Seoul (Incheon) be 28°C on August 3?,29231842697368448416281492408753948117416951986521778286192321259525714337815,Yes,2026-08-01T08:00:10+00:00,0.11
0x1a1af152fd0b9651ba06cd8f3856591ce07c246967e287df59b2e77bf4b99f41,Seoul,Will the lowest temperature in Seoul (Incheon) be 28°C on August 3?,29231842697368448416281492408753948117416951986521778286192321259525714337815,Yes,2026-08-01T09:00:13+00:00,0.105
0x1a1af152fd0b9651ba06cd8f3856591ce07c246967e287df59b2e77bf4b99f41,Seoul,Will the lowest temperature in Seoul (Incheon) be 28°C on August 3?,29231842697368448416281492408753948117416951986521778286192321259525714337815,Yes,2026-08-01T09:21:07+00:00,0.105
0x1a1af152fd0b9651ba06cd8f3856591ce07c246967e287df59b2e77bf4b99f41,Seoul,Will the lowest temperature in Seoul (Incheon) be 28°C on August 3?,101061933609098622073989890234533727076238229485732838958660398682246689860907,No,2026-08-01T07:00:10+00:00,0.89
0x1a1af152fd0b9651ba06cd8f3856591ce07c246967e287df59b2e77bf4b99f41,Seoul,Will the lowest temperature in Seoul (Incheon) be 28°C on August 3?,101061933609098622073989890234533727076238229485732838958660398682246689860907,No,2026-08-01T08:00:11+00:00,0.89
0x1a1af152fd0b9651ba06cd8f3856591ce07c246967e287df59b2e77bf4b99f41,Seoul,Will the lowest temperature in Seoul (Incheon) be 28°C on August 3?,101061933609098622073989890234533727076238229485732838958660398682246689860907,No,2026-08-01T09:00:14+00:00,0.895
0x1a1af152fd0b9651ba06cd8f3856591ce07c246967e287df59b2e77bf4b99f41,Seoul,Will the lowest temperature in Seoul (Incheon) be 28°C on August 3?,101061933609098622073989890234533727076238229485732838958660398682246689860907,No,2026-08-01T09:21:07+00:00,0.895
0xfdaefbadcd40a368da5f154f844119d7218e768c9d2eed817d29c9316b45e158,Seoul,Will the lowest temperature in Seoul (Incheon) be 29°C on August 3?,24994189840418237110694694995813177265239363488806984251331728721929958201718,Yes,2026-08-01T07:00:09+00:00,0.07
0xfdaefbadcd40a368da5f154f844119d7218e768c9d2eed817d29c9316b45e158,Seoul,Will the lowest temperature in Seoul (Incheon) be 29°C on August 3?,24994189840418237110694694995813177265239363488806984251331728721929958201718,Yes,2026-08-01T08:00:10+00:00,0.015
0xfdaefbadcd40a368da5f154f844119d7218e768c9d2eed817d29c9316b45e158,Seoul,Will the lowest temperature in Seoul (Incheon) be 29°C on August 3?,24994189840418237110694694995813177265239363488806984251331728721929958201718,Yes,2026-08-01T09:00:13+00:00,0.015
0xfdaefbadcd40a368da5f154f844119d7218e768c9d2eed817d29c9316b45e158,Seoul,Will the lowest temperature in Seoul (Incheon) be 29°C on August 3?,24994189840418237110694694995813177265239363488806984251331728721929958201718,Yes,2026-08-01T09:21:07+00:00,0.025
0xfdaefbadcd40a368da5f154f844119d7218e768c9d2eed817d29c9316b45e158,Seoul,Will the lowest temperature in Seoul (Incheon) be 29°C on August 3?,26557972669761113788718743838780715808772883338400271448434320069914928827886,No,2026-08-01T07:00:09+00:00,0.93
0xfdaefbadcd40a368da5f154f844119d7218e768c9d2eed817d29c9316b45e158,Seoul,Will the lowest temperature in Seoul (Incheon) be 29°C on August 3?,26557972669761113788718743838780715808772883338400271448434320069914928827886,No,2026-08-01T08:00:10+00:00,0.985
0xfdaefbadcd40a368da5f154f844119d7218e768c9d2eed817d29c9316b45e158,Seoul,Will the lowest temperature in Seoul (Incheon) be 29°C on August 3?,26557972669761113788718743838780715808772883338400271448434320069914928827886,No,2026-08-01T09:00:13+00:00,0.985
0xfdaefbadcd40a368da5f154f844119d7218e768c9d2eed817d29c9316b45e158,Seoul,Will the lowest temperature in Seoul (Incheon) be 29°C on August 3?,26557972669761113788718743838780715808772883338400271448434320069914928827886,No,2026-08-01T09:21:06+00:00,0.975
0x0a73c5db7ec757435fd75bbfc4d2b70c8f6f4f25651f5fa969012cf6e4b9f51e,Seoul,Will the lowest temperature in Seoul (Incheon) be 30°C on August 3?,17638729551843754336270293222930968045561392552860310884771035912080283919009,Yes,2026-08-01T07:00:10+00:00,0.01
0x0a73c5db7ec757435fd75bbfc4d2b70c8f6f4f25651f5fa969012cf6e4b9f51e,Seoul,Will the lowest temperature in Seoul (Incheon) be 30°C on August 3?,17638729551843754336270293222930968045561392552860310884771035912080283919009,Yes,2026-08-01T08:00:11+00:00,0.01
0x0a73c5db7ec757435fd75bbfc4d2b70c8f6f4f25651f5fa969012cf6e4b9f51e,Seoul,Will the lowest temperature in Seoul (Incheon) be 30°C on August 3?,17638729551843754336270293222930968045561392552860310884771035912080283919009,Yes,2026-08-01T09:00:13+00:00,0.01
0x0a73c5db7ec757435fd75bbfc4d2b70c8f6f4f25651f5fa969012cf6e4b9f51e,Seoul,Will the lowest temperature in Seoul (Incheon) be 30°C on August 3?,17638729551843754336270293222930968045561392552860310884771035912080283919009,Yes,2026-08-01T09:21:07+00:00,0.005
0x0a73c5db7ec757435fd75bbfc4d2b70c8f6f4f25651f5fa969012cf6e4b9f51e,Seoul,Will the lowest temperature in Seoul (Incheon) be 30°C on August 3?,77848974197965927375596086290185410105163641052717592185054087992385557194544,No,2026-08-01T07:00:09+00:00,0.99
0x0a73c5db7ec757435fd75bbfc4d2b70c8f6f4f25651f5fa969012cf6e4b9f51e,Seoul,Will the lowest temperature in Seoul (Incheon) be 30°C on August 3?,77848974197965927375596086290185410105163641052717592185054087992385557194544,No,2026-08-01T08:00:10+00:00,0.99
0x0a73c5db7ec757435fd75bbfc4d2b70c8f6f4f25651f5fa969012cf6e4b9f51e,Seoul,Will the lowest temperature in Seoul (Incheon) be 30°C on August 3?,77848974197965927375596086290185410105163641052717592185054087992385557194544,No,2026-08-01T09:00:13+00:00,0.99
0x0a73c5db7ec757435fd75bbfc4d2b70c8f6f4f25651f5fa969012cf6e4b9f51e,Seoul,Will the lowest temperature in Seoul (Incheon) be 30°C on August 3?,77848974197965927375596086290185410105163641052717592185054087992385557194544,No,2026-08-01T09:21:07+00:00,0.995
0xa53d45465b762af74ff2fc574e10f3706874b51392a8815a97a7b61e4569d112,Seoul,Will the lowest temperature in Seoul (Incheon) be 31°C on August 3?,40784935173192007211844364582585870824585925291905233520131158591403675175354,Yes,2026-08-01T07:00:09+00:00,0.0055
0xa53d45465b762af74ff2fc574e10f3706874b51392a8815a97a7b61e4569d112,Seoul,Will the lowest temperature in Seoul (Incheon) be 31°C on August 3?,40784935173192007211844364582585870824585925291905233520131158591403675175354,Yes,2026-08-01T08:00:09+00:00,0.0025
0xa53d45465b762af74ff2fc574e10f3706874b51392a8815a97a7b61e4569d112,Seoul,Will the lowest temperature in Seoul (Incheon) be 31°C on August 3?,40784935173192007211844364582585870824585925291905233520131158591403675175354,Yes,2026-08-01T09:00:12+00:00,0.0025
0xa53d45465b762af74ff2fc574e10f3706874b51392a8815a97a7b61e4569d112,Seoul,Will the lowest temperature in Seoul (Incheon) be 31°C on August 3?,40784935173192007211844364582585870824585925291905233520131158591403675175354,Yes,2026-08-01T09:21:06+00:00,0.0025
0xa53d45465b762af74ff2fc574e10f3706874b51392a8815a97a7b61e4569d112,Seoul,Will the lowest temperature in Seoul (Incheon) be 31°C on August 3?,76829747605007687361713253796770755384392365088780364813662325646482500969097,No,2026-08-01T07:00:10+00:00,0.9945
0xa53d45465b762af74ff2fc574e10f3706874b51392a8815a97a7b61e4569d112,Seoul,Will the lowest temperature in Seoul (Incheon) be 31°C on August 3?,76829747605007687361713253796770755384392365088780364813662325646482500969097,No,2026-08-01T08:00:11+00:00,0.9975
0xa53d45465b762af74ff2fc574e10f3706874b51392a8815a97a7b61e4569d112,Seoul,Will the lowest temperature in Seoul (Incheon) be 31°C on August 3?,76829747605007687361713253796770755384392365088780364813662325646482500969097,No,2026-08-01T09:00:14+00:00,0.9975
0xa53d45465b762af74ff2fc574e10f3706874b51392a8815a97a7b61e4569d112,Seoul,Will the lowest temperature in Seoul (Incheon) be 31°C on August 3?,76829747605007687361713253796770755384392365088780364813662325646482500969097,No,2026-08-01T09:21:07+00:00,0.9975
0x88f565493dab4cd5d968442e560be54d061fafbfc21a4088bc64db0ab9cd5cbe,Seoul,Will the lowest temperature in Seoul (Incheon) be 32°C or higher on August 3?,94856981787231930545697220797260030950686079648822350093735514339549987394485,Yes,2026-08-01T07:00:09+00:00,0.0055
0x88f565493dab4cd5d968442e560be54d061fafbfc21a4088bc64db0ab9cd5cbe,Seoul,Will the lowest temperature in Seoul (Incheon) be 32°C or higher on August 3?,94856981787231930545697220797260030950686079648822350093735514339549987394485,Yes,2026-08-01T08:00:10+00:00,0.0025
0x88f565493dab4cd5d968442e560be54d061fafbfc21a4088bc64db0ab9cd5cbe,Seoul,Will the lowest temperature in Seoul (Incheon) be 32°C or higher on August 3?,94856981787231930545697220797260030950686079648822350093735514339549987394485,Yes,2026-08-01T09:00:13+00:00,0.0025
0x88f565493dab4cd5d968442e560be54d061fafbfc21a4088bc64db0ab9cd5cbe,Seoul,Will the lowest temperature in Seoul (Incheon) be 32°C or higher on August 3?,94856981787231930545697220797260030950686079648822350093735514339549987394485,Yes,2026-08-01T09:21:06+00:00,0.0025
0x88f565493dab4cd5d968442e560be54d061fafbfc21a4088bc64db0ab9cd5cbe,Seoul,Will the lowest temperature in Seoul (Incheon) be 32°C or higher on August 3?,80525245882727147218680440284841179950544928458391908761742448715224446019190,No,2026-08-01T07:00:10+00:00,0.9945
0x88f565493dab4cd5d968442e560be54d061fafbfc21a4088bc64db0ab9cd5cbe,Seoul,Will the lowest temperature in Seoul (Incheon) be 32°C or higher on August 3?,80525245882727147218680440284841179950544928458391908761742448715224446019190,No,2026-08-01T08:00:11+00:00,0.9975
0x88f565493dab4cd5d968442e560be54d061fafbfc21a4088bc64db0ab9cd5cbe,Seoul,Will the lowest temperature in Seoul (Incheon) be 32°C or higher on August 3?,80525245882727147218680440284841179950544928458391908761742448715224446019190,No,2026-08-01T09:00:14+00:00,0.9975
0x88f565493dab4cd5d968442e560be54d061fafbfc21a4088bc64db0ab9cd5cbe,Seoul,Will the lowest temperature in Seoul (Incheon) be 32°C or higher on August 3?,80525245882727147218680440284841179950544928458391908761742448715224446019190,No,2026-08-01T09:21:07+00:00,0.9975
0xd0792b6076e258109925b8595baad804d38b164a7c9fce6aaaefebb8bb90cedc,Seoul,Will the highest temperature in Seoul (Incheon) be 25°C or below on August 1?,8533513988379458304575689613537263288949907889068024019720646676047011683556,Yes,2026-08-01T10:00:11+00:00,0.0005
0xd0792b6076e258109925b8595baad804d38b164a7c9fce6aaaefebb8bb90cedc,Seoul,Will the highest temperature in Seoul (Incheon) be 25°C or below on August 1?,8533513988379458304575689613537263288949907889068024019720646676047011683556,Yes,2026-08-01T11:00:41+00:00,0.0005
0xd0792b6076e258109925b8595baad804d38b164a7c9fce6aaaefebb8bb90cedc,Seoul,Will the highest temperature in Seoul (Incheon) be 25°C or below on August 1?,8533513988379458304575689613537263288949907889068024019720646676047011683556,Yes,2026-08-01T11:37:07+00:00,0.0005
0xd0792b6076e258109925b8595baad804d38b164a7c9fce6aaaefebb8bb90cedc,Seoul,Will the highest temperature in Seoul (Incheon) be 25°C or below on August 1?,40141462596326812876981122055285583695762688446597470286873702862511265005754,No,2026-08-01T10:00:10+00:00,0.9995
0xd0792b6076e258109925b8595baad804d38b164a7c9fce6aaaefebb8bb90cedc,Seoul,Will the highest temperature in Seoul (Incheon) be 25°C or below on August 1?,40141462596326812876981122055285583695762688446597470286873702862511265005754,No,2026-08-01T11:00:40+00:00,0.9995
0xd0792b6076e258109925b8595baad804d38b164a7c9fce6aaaefebb8bb90cedc,Seoul,Will the highest temperature in Seoul (Incheon) be 25°C or below on August 1?,40141462596326812876981122055285583695762688446597470286873702862511265005754,No,2026-08-01T11:37:07+00:00,0.9995
0x6d1769262759f663f720262dc699a9109aea418aa51ec5714865c5c40d7abf05,Seoul,Will the highest temperature in Seoul (Incheon) be 26°C on August 1?,40773380466185274040488650627985431643261389478651800315521110188416831855294,Yes,2026-08-01T10:00:11+00:00,0.0005
0x6d1769262759f663f720262dc699a9109aea418aa51ec5714865c5c40d7abf05,Seoul,Will the highest temperature in Seoul (Incheon) be 26°C on August 1?,40773380466185274040488650627985431643261389478651800315521110188416831855294,Yes,2026-08-01T11:00:41+00:00,0.0005
0x6d1769262759f663f720262dc699a9109aea418aa51ec5714865c5c40d7abf05,Seoul,Will the highest temperature in Seoul (Incheon) be 26°C on August 1?,40773380466185274040488650627985431643261389478651800315521110188416831855294,Yes,2026-08-01T11:37:07+00:00,0.0005
0x6d1769262759f663f720262dc699a9109aea418aa51ec5714865c5c40d7abf05,Seoul,Will the highest temperature in Seoul (Incheon) be 26°C on August 1?,63300169007768027742551060794006148851254999899415456659157857114037813444966,No,2026-08-01T10:00:09+00:00,0.9995
0x6d1769262759f663f720262dc699a9109aea418aa51ec5714865c5c40d7abf05,Seoul,Will the highest temperature in Seoul (Incheon) be 26°C on August 1?,63300169007768027742551060794006148851254999899415456659157857114037813444966,No,2026-08-01T11:00:39+00:00,0.9995
0x6d1769262759f663f720262dc699a9109aea418aa51ec5714865c5c40d7abf05,Seoul,Will the highest temperature in Seoul (Incheon) be 26°C on August 1?,63300169007768027742551060794006148851254999899415456659157857114037813444966,No,2026-08-01T11:37:06+00:00,0.9995
0xc859ae3b9499d5c065b1034b95b6082cd48aad72939ba19a84b38ae5603a1909,Seoul,Will the highest temperature in Seoul (Incheon) be 27°C on August 1?,29500608877145635144000099316674912017060278725088172611494049606460410509496,Yes,2026-08-01T10:00:12+00:00,0.0005
0xc859ae3b9499d5c065b1034b95b6082cd48aad72939ba19a84b38ae5603a1909,Seoul,Will the highest temperature in Seoul (Incheon) be 27°C on August 1?,29500608877145635144000099316674912017060278725088172611494049606460410509496,Yes,2026-08-01T11:00:42+00:00,0.0005
0xc859ae3b9499d5c065b1034b95b6082cd48aad72939ba19a84b38ae5603a1909,Seoul,Will the highest temperature in Seoul (Incheon) be 27°C on August 1?,29500608877145635144000099316674912017060278725088172611494049606460410509496,Yes,2026-08-01T11:37:08+00:00,0.0005
0xc859ae3b9499d5c065b1034b95b6082cd48aad72939ba19a84b38ae5603a1909,Seoul,Will the highest temperature in Seoul (Incheon) be 27°C on August 1?,64534888529907866610333319324324410447003598898239836749570226069757198591483,No,2026-08-01T10:00:11+00:00,0.9995
0xc859ae3b9499d5c065b1034b95b6082cd48aad72939ba19a84b38ae5603a1909,Seoul,Will the highest temperature in Seoul (Incheon) be 27°C on August 1?,64534888529907866610333319324324410447003598898239836749570226069757198591483,No,2026-08-01T11:00:41+00:00,0.9995
0xc859ae3b9499d5c065b1034b95b6082cd48aad72939ba19a84b38ae5603a1909,Seoul,Will the highest temperature in Seoul (Incheon) be 27°C on August 1?,64534888529907866610333319324324410447003598898239836749570226069757198591483,No,2026-08-01T11:37:07+00:00,0.9995
0xbefd56446b19d8129204c790e8ba972d625e3cdb896f5b504a00c0eef7cb7a5a,Seoul,Will the highest temperature in Seoul (Incheon) be 28°C on August 1?,95491326652391348198102129894012133755800815037604206355360757598119588147796,Yes,2026-08-01T10:00:09+00:00,0.0005
0xbefd56446b19d8129204c790e8ba972d625e3cdb896f5b504a00c0eef7cb7a5a,Seoul,Will the highest temperature in Seoul (Incheon) be 28°C on August 1?,95491326652391348198102129894012133755800815037604206355360757598119588147796,Yes,2026-08-01T11:00:39+00:00,0.0005
0xbefd56446b19d8129204c790e8ba972d625e3cdb896f5b504a00c0eef7cb7a5a,Seoul,Will the highest temperature in Seoul (Incheon) be 28°C on August 1?,95491326652391348198102129894012133755800815037604206355360757598119588147796,Yes,2026-08-01T11:37:06+00:00,0.0005
0xbefd56446b19d8129204c790e8ba972d625e3cdb896f5b504a00c0eef7cb7a5a,Seoul,Will the highest temperature in Seoul (Incheon) be 28°C on August 1?,22773979698173811567739283235626140492992846365983239158896600088598442064650,No,2026-08-01T10:00:12+00:00,0.9995
0xbefd56446b19d8129204c790e8ba972d625e3cdb896f5b504a00c0eef7cb7a5a,Seoul,Will the highest temperature in Seoul (Incheon) be 28°C on August 1?,22773979698173811567739283235626140492992846365983239158896600088598442064650,No,2026-08-01T11:00:42+00:00,0.9995
0xbefd56446b19d8129204c790e8ba972d625e3cdb896f5b504a00c0eef7cb7a5a,Seoul,Will the highest temperature in Seoul (Incheon) be 28°C on August 1?,22773979698173811567739283235626140492992846365983239158896600088598442064650,No,2026-08-01T11:37:08+00:00,0.9995
0x49cac9d3cc4520a14eb943b20bea4b2d0d9501fe982c442145ffd3ddea12e96f,Seoul,Will the highest temperature in Seoul (Incheon) be 29°C on August 1?,37156468587405578120900474337241560104248614027879457931306468206574828474534,Yes,2026-08-01T10:00:12+00:00,0.0005
0x49cac9d3cc4520a14eb943b20bea4b2d0d9501fe982c442145ffd3ddea12e96f,Seoul,Will the highest temperature in Seoul (Incheon) be 29°C on August 1?,37156468587405578120900474337241560104248614027879457931306468206574828474534,Yes,2026-08-01T11:00:42+00:00,0.0005
0x49cac9d3cc4520a14eb943b20bea4b2d0d9501fe982c442145ffd3ddea12e96f,Seoul,Will the highest temperature in Seoul (Incheon) be 29°C on August 1?,37156468587405578120900474337241560104248614027879457931306468206574828474534,Yes,2026-08-01T11:37:08+00:00,0.0005
0x49cac9d3cc4520a14eb943b20bea4b2d0d9501fe982c442145ffd3ddea12e96f,Seoul,Will the highest temperature in Seoul (Incheon) be 29°C on August 1?,110627128635086003645011491607916997250267739390309436413868394297440625306638,No,2026-08-01T10:00:10+00:00,0.9995
0x49cac9d3cc4520a14eb943b20bea4b2d0d9501fe982c442145ffd3ddea12e96f,Seoul,Will the highest temperature in Seoul (Incheon) be 29°C on August 1?,110627128635086003645011491607916997250267739390309436413868394297440625306638,No,2026-08-01T11:00:40+00:00,0.9995
0x49cac9d3cc4520a14eb943b20bea4b2d0d9501fe982c442145ffd3ddea12e96f,Seoul,Will the highest temperature in Seoul (Incheon) be 29°C on August 1?,110627128635086003645011491607916997250267739390309436413868394297440625306638,No,2026-08-01T11:37:07+00:00,0.9995
0xe4af99a6a904c2b336fa8dc837490bfe0c990946eacf237bc1db3e05479e726d,Seoul,Will the highest temperature in Seoul (Incheon) be 30°C on August 1?,104465833727310267148579613947552680177886367458332348306679345416256231461960,Yes,2026-08-01T10:00:11+00:00,0.0005
0xe4af99a6a904c2b336fa8dc837490bfe0c990946eacf237bc1db3e05479e726d,Seoul,Will the highest temperature in Seoul (Incheon) be 30°C on August 1?,104465833727310267148579613947552680177886367458332348306679345416256231461960,Yes,2026-08-01T11:00:42+00:00,0.0005
0xe4af99a6a904c2b336fa8dc837490bfe0c990946eacf237bc1db3e05479e726d,Seoul,Will the highest temperature in Seoul (Incheon) be 30°C on August 1?,104465833727310267148579613947552680177886367458332348306679345416256231461960,Yes,2026-08-01T11:37:08+00:00,0.0005
0xe4af99a6a904c2b336fa8dc837490bfe0c990946eacf237bc1db3e05479e726d,Seoul,Will the highest temperature in Seoul (Incheon) be 30°C on August 1?,27531249748542524065076683460540792303657394581249893357889916694760828829561,No,2026-08-01T10:00:11+00:00,0.9995
0xe4af99a6a904c2b336fa8dc837490bfe0c990946eacf237bc1db3e05479e726d,Seoul,Will the highest temperature in Seoul (Incheon) be 30°C on August 1?,27531249748542524065076683460540792303657394581249893357889916694760828829561,No,2026-08-01T11:00:41+00:00,0.9995
0xe4af99a6a904c2b336fa8dc837490bfe0c990946eacf237bc1db3e05479e726d,Seoul,Will the highest temperature in Seoul (Incheon) be 30°C on August 1?,27531249748542524065076683460540792303657394581249893357889916694760828829561,No,2026-08-01T11:37:07+00:00,0.9995
0x2307f667cdc9676e6fe39e3ef7f8ddf47011aa687370d936c53c8b384570a373,Seoul,Will the highest temperature in Seoul (Incheon) be 31°C on August 1?,26027981725202669683092735515125986719677475912574642988426038977841685573778,Yes,2026-08-01T10:00:11+00:00,0.0005
0x2307f667cdc9676e6fe39e3ef7f8ddf47011aa687370d936c53c8b384570a373,Seoul,Will the highest temperature in Seoul (Incheon) be 31°C on August 1?,26027981725202669683092735515125986719677475912574642988426038977841685573778,Yes,2026-08-01T11:00:41+00:00,0.0005
0x2307f667cdc9676e6fe39e3ef7f8ddf47011aa687370d936c53c8b384570a373,Seoul,Will the highest temperature in Seoul (Incheon) be 31°C on August 1?,26027981725202669683092735515125986719677475912574642988426038977841685573778,Yes,2026-08-01T11:35:10+00:00,0.0005
0x2307f667cdc9676e6fe39e3ef7f8ddf47011aa687370d936c53c8b384570a373,Seoul,Will the highest temperature in Seoul (Incheon) be 31°C on August 1?,3981252166472897860965121401607009032442514490027258676595154528432581305725,No,2026-08-01T10:00:11+00:00,0.9995
0x2307f667cdc9676e6fe39e3ef7f8ddf47011aa687370d936c53c8b384570a373,Seoul,Will the highest temperature in Seoul (Incheon) be 31°C on August 1?,3981252166472897860965121401607009032442514490027258676595154528432581305725,No,2026-08-01T11:00:42+00:00,0.9995
0x2307f667cdc9676e6fe39e3ef7f8ddf47011aa687370d936c53c8b384570a373,Seoul,Will the highest temperature in Seoul (Incheon) be 31°C on August 1?,3981252166472897860965121401607009032442514490027258676595154528432581305725,No,2026-08-01T11:37:08+00:00,0.9995
0x3948c667d3ad9646304d8a743b2864c7e062ee61e146ff27a899b405cf1409bb,Seoul,Will the highest temperature in Seoul (Incheon) be 32°C on August 1?,23011742652504098548061026531298879196713278678339044408424419439899777767317,Yes,2026-08-01T10:00:11+00:00,0.9995
0x3948c667d3ad9646304d8a743b2864c7e062ee61e146ff27a899b405cf1409bb,Seoul,Will the highest temperature in Seoul (Incheon) be 32°C on August 1?,23011742652504098548061026531298879196713278678339044408424419439899777767317,Yes,2026-08-01T11:00:41+00:00,0.9995
0x3948c667d3ad9646304d8a743b2864c7e062ee61e146ff27a899b405cf1409bb,Seoul,Will the highest temperature in Seoul (Incheon) be 32°C on August 1?,23011742652504098548061026531298879196713278678339044408424419439899777767317,Yes,2026-08-01T11:37:07+00:00,0.9995
0x3948c667d3ad9646304d8a743b2864c7e062ee61e146ff27a899b405cf1409bb,Seoul,Will the highest temperature in Seoul (Incheon) be 32°C on August 1?,7571232515099222470118374567734263942756772821269087153748631275382097350030,No,2026-08-01T10:00:10+00:00,0.0005
0x3948c667d3ad9646304d8a743b2864c7e062ee61e146ff27a899b405cf1409bb,Seoul,Will the highest temperature in Seoul (Incheon) be 32°C on August 1?,7571232515099222470118374567734263942756772821269087153748631275382097350030,No,2026-08-01T11:00:40+00:00,0.0005
0x3948c667d3ad9646304d8a743b2864c7e062ee61e146ff27a899b405cf1409bb,Seoul,Will the highest temperature in Seoul (Incheon) be 32°C on August 1?,7571232515099222470118374567734263942756772821269087153748631275382097350030,No,2026-08-01T11:37:07+00:00,0.0005
0x6ae2e275987b23b5af12fe75b37acba3fb37823e3397f1718627ffb1c902e885,Seoul,Will the highest temperature in Seoul (Incheon) be 33°C on August 1?,32011339035171813608552875017108567331032866759749474003573559495523654119470,Yes,2026-08-01T10:00:11+00:00,0.0025
0x6ae2e275987b23b5af12fe75b37acba3fb37823e3397f1718627ffb1c902e885,Seoul,Will the highest temperature in Seoul (Incheon) be 33°C on August 1?,32011339035171813608552875017108567331032866759749474003573559495523654119470,Yes,2026-08-01T11:00:41+00:00,0.0005
0x6ae2e275987b23b5af12fe75b37acba3fb37823e3397f1718627ffb1c902e885,Seoul,Will the highest temperature in Seoul (Incheon) be 33°C on August 1?,32011339035171813608552875017108567331032866759749474003573559495523654119470,Yes,2026-08-01T11:37:07+00:00,0.0005
0x6ae2e275987b23b5af12fe75b37acba3fb37823e3397f1718627ffb1c902e885,Seoul,Will the highest temperature in Seoul (Incheon) be 33°C on August 1?,54925701434236354544723068437696624750260532872940631503324597904085826895294,No,2026-08-01T10:00:12+00:00,0.9975
0x6ae2e275987b23b5af12fe75b37acba3fb37823e3397f1718627ffb1c902e885,Seoul,Will the highest temperature in Seoul (Incheon) be 33°C on August 1?,54925701434236354544723068437696624750260532872940631503324597904085826895294,No,2026-08-01T11:00:42+00:00,0.9995
0x6ae2e275987b23b5af12fe75b37acba3fb37823e3397f1718627ffb1c902e885,Seoul,Will the highest temperature in Seoul (Incheon) be 33°C on August 1?,54925701434236354544723068437696624750260532872940631503324597904085826895294,No,2026-08-01T11:37:08+00:00,0.9995
0x28c2673470b401c40df1c4b6434a077ba95959fdf94178abefd7c7d9b5a9a88c,Seoul,Will the highest temperature in Seoul (Incheon) be 34°C on August 1?,106424811315411714302502324902619838626389066355380234655712299464870896724411,Yes,2026-08-01T10:00:10+00:00,0.0005
0x28c2673470b401c40df1c4b6434a077ba95959fdf94178abefd7c7d9b5a9a88c,Seoul,Will the highest temperature in Seoul (Incheon) be 34°C on August 1?,106424811315411714302502324902619838626389066355380234655712299464870896724411,Yes,2026-08-01T11:00:40+00:00,0.0005
0x28c2673470b401c40df1c4b6434a077ba95959fdf94178abefd7c7d9b5a9a88c,Seoul,Will the highest temperature in Seoul (Incheon) be 34°C on August 1?,106424811315411714302502324902619838626389066355380234655712299464870896724411,Yes,2026-08-01T11:37:07+00:00,0.0005
0x28c2673470b401c40df1c4b6434a077ba95959fdf94178abefd7c7d9b5a9a88c,Seoul,Will the highest temperature in Seoul (Incheon) be 34°C on August 1?,91286016663869440106579321441517791119758623399650093413182256285268638497895,No,2026-08-01T10:00:11+00:00,0.9995
0x28c2673470b401c40df1c4b6434a077ba95959fdf94178abefd7c7d9b5a9a88c,Seoul,Will the highest temperature in Seoul (Incheon) be 34°C on August 1?,91286016663869440106579321441517791119758623399650093413182256285268638497895,No,2026-08-01T11:00:41+00:00,0.9995
0x28c2673470b401c40df1c4b6434a077ba95959fdf94178abefd7c7d9b5a9a88c,Seoul,Will the highest temperature in Seoul (Incheon) be 34°C on August 1?,91286016663869440106579321441517791119758623399650093413182256285268638497895,No,2026-08-01T11:37:07+00:00,0.9995
0xc529fb69070947b2704fcb3e5baef47ac8a989a8908929372003ce23ea3aa37a,Seoul,Will the highest temperature in Seoul (Incheon) be 35°C or higher on August 1?,37678255753096523077195428428890663563927301273344278644355946679134032687671,Yes,2026-08-01T10:00:10+00:00,0.0005
0xc529fb69070947b2704fcb3e5baef47ac8a989a8908929372003ce23ea3aa37a,Seoul,Will the highest temperature in Seoul (Incheon) be 35°C or higher on August 1?,37678255753096523077195428428890663563927301273344278644355946679134032687671,Yes,2026-08-01T11:00:40+00:00,0.0005
0xc529fb69070947b2704fcb3e5baef47ac8a989a8908929372003ce23ea3aa37a,Seoul,Will the highest temperature in Seoul (Incheon) be 35°C or higher on August 1?,37678255753096523077195428428890663563927301273344278644355946679134032687671,Yes,2026-08-01T11:37:07+00:00,0.0005
0xc529fb69070947b2704fcb3e5baef47ac8a989a8908929372003ce23ea3aa37a,Seoul,Will the highest temperature in Seoul (Incheon) be 35°C or higher on August 1?,79859422423492323098220565105554084495840007687068404845421799507243117731981,No,2026-08-01T10:00:10+00:00,0.9995
0xc529fb69070947b2704fcb3e5baef47ac8a989a8908929372003ce23ea3aa37a,Seoul,Will the highest temperature in Seoul (Incheon) be 35°C or higher on August 1?,79859422423492323098220565105554084495840007687068404845421799507243117731981,No,2026-08-01T11:00:40+00:00,0.9995
0xc529fb69070947b2704fcb3e5baef47ac8a989a8908929372003ce23ea3aa37a,Seoul,Will the highest temperature in Seoul (Incheon) be 35°C or higher on August 1?,79859422423492323098220565105554084495840007687068404845421799507243117731981,No,2026-08-01T11:37:07+00:00,0.9995
0x0823987c3e682a59b0689691c5c49f6fb5097dd30bfebaddca8080506ff5f167,Seoul,Will the lowest temperature in Seoul (Incheon) be 22°C or below on August 1?,115522439040962885739395246092651457967987447921074837961888152943446673568768,Yes,2026-08-01T10:00:11+00:00,0.0005
0x0823987c3e682a59b0689691c5c49f6fb5097dd30bfebaddca8080506ff5f167,Seoul,Will the lowest temperature in Seoul (Incheon) be 22°C or below on August 1?,115522439040962885739395246092651457967987447921074837961888152943446673568768,Yes,2026-08-01T11:00:41+00:00,0.0005
0x0823987c3e682a59b0689691c5c49f6fb5097dd30bfebaddca8080506ff5f167,Seoul,Will the lowest temperature in Seoul (Incheon) be 22°C or below on August 1?,115522439040962885739395246092651457967987447921074837961888152943446673568768,Yes,2026-08-01T11:37:07+00:00,0.0005
0x0823987c3e682a59b0689691c5c49f6fb5097dd30bfebaddca8080506ff5f167,Seoul,Will the lowest temperature in Seoul (Incheon) be 22°C or below on August 1?,87552249633618477863707875185894348714050988462599562852072132010832126159829,No,2026-08-01T10:00:09+00:00,0.9995
0x0823987c3e682a59b0689691c5c49f6fb5097dd30bfebaddca8080506ff5f167,Seoul,Will the lowest temperature in Seoul (Incheon) be 22°C or below on August 1?,87552249633618477863707875185894348714050988462599562852072132010832126159829,No,2026-08-01T11:00:40+00:00,0.9995
0x0823987c3e682a59b0689691c5c49f6fb5097dd30bfebaddca8080506ff5f167,Seoul,Will the lowest temperature in Seoul (Incheon) be 22°C or below on August 1?,87552249633618477863707875185894348714050988462599562852072132010832126159829,No,2026-08-01T11:37:06+00:00,0.9995
0x4de546104719af95cfe6b25654dbf8b7bf7f9bc2c1acbed0c2322fffe87d2384,Seoul,Will the lowest temperature in Seoul (Incheon) be 23°C on August 1?,88532792779642173247160359430410427451612051190999663752140242554041439913550,Yes,2026-08-01T10:00:11+00:00,0.0005
0x4de546104719af95cfe6b25654dbf8b7bf7f9bc2c1acbed0c2322fffe87d2384,Seoul,Will the lowest temperature in Seoul (Incheon) be 23°C on August 1?,88532792779642173247160359430410427451612051190999663752140242554041439913550,Yes,2026-08-01T11:00:41+00:00,0.0005
0x4de546104719af95cfe6b25654dbf8b7bf7f9bc2c1acbed0c2322fffe87d2384,Seoul,Will the lowest temperature in Seoul (Incheon) be 23°C on August 1?,88532792779642173247160359430410427451612051190999663752140242554041439913550,Yes,2026-08-01T11:37:08+00:00,0.0005
0x4de546104719af95cfe6b25654dbf8b7bf7f9bc2c1acbed0c2322fffe87d2384,Seoul,Will the lowest temperature in Seoul (Incheon) be 23°C on August 1?,113031101527207574855272117507870678187937030225515689624088589501185277463705,No,2026-08-01T10:00:11+00:00,0.9995
0x4de546104719af95cfe6b25654dbf8b7bf7f9bc2c1acbed0c2322fffe87d2384,Seoul,Will the lowest temperature in Seoul (Incheon) be 23°C on August 1?,113031101527207574855272117507870678187937030225515689624088589501185277463705,No,2026-08-01T11:00:41+00:00,0.9995
0x4de546104719af95cfe6b25654dbf8b7bf7f9bc2c1acbed0c2322fffe87d2384,Seoul,Will the lowest temperature in Seoul (Incheon) be 23°C on August 1?,113031101527207574855272117507870678187937030225515689624088589501185277463705,No,2026-08-01T11:37:07+00:00,0.9995
0x06db4da938e5c0d234cfec1d8865eabeaed92aadecbb001ef03fa6d3d357ba7e,Seoul,Will the lowest temperature in Seoul (Incheon) be 24°C on August 1?,51050193329669517790992391641810861558990837568533590638759538100702321195012,Yes,2026-08-01T10:00:11+00:00,0.0005
0x06db4da938e5c0d234cfec1d8865eabeaed92aadecbb001ef03fa6d3d357ba7e,Seoul,Will the lowest temperature in Seoul (Incheon) be 24°C on August 1?,51050193329669517790992391641810861558990837568533590638759538100702321195012,Yes,2026-08-01T11:00:42+00:00,0.0055
0x06db4da938e5c0d234cfec1d8865eabeaed92aadecbb001ef03fa6d3d357ba7e,Seoul,Will the lowest temperature in Seoul (Incheon) be 24°C on August 1?,51050193329669517790992391641810861558990837568533590638759538100702321195012,Yes,2026-08-01T11:37:08+00:00,0.018
0x06db4da938e5c0d234cfec1d8865eabeaed92aadecbb001ef03fa6d3d357ba7e,Seoul,Will the lowest temperature in Seoul (Incheon) be 24°C on August 1?,49948002326355732779454110442694490331965482400095519617165982554934148299946,No,2026-08-01T10:00:11+00:00,0.9995
0x06db4da938e5c0d234cfec1d8865eabeaed92aadecbb001ef03fa6d3d357ba7e,Seoul,Will the lowest temperature in Seoul (Incheon) be 24°C on August 1?,49948002326355732779454110442694490331965482400095519617165982554934148299946,No,2026-08-01T11:00:42+00:00,0.9945
0x06db4da938e5c0d234cfec1d8865eabeaed92aadecbb001ef03fa6d3d357ba7e,Seoul,Will the lowest temperature in Seoul (Incheon) be 24°C on August 1?,49948002326355732779454110442694490331965482400095519617165982554934148299946,No,2026-08-01T11:37:08+00:00,0.982
0x35f7a442d8356a33bebc1396bc76b8edca028f899796bec43f09443f1a7c87da,Seoul,Will the lowest temperature in Seoul (Incheon) be 25°C on August 1?,35235895000458516965826137721191759320795944653432088079812736035497458566053,Yes,2026-08-01T10:00:12+00:00,0.015
0x35f7a442d8356a33bebc1396bc76b8edca028f899796bec43f09443f1a7c87da,Seoul,Will the lowest temperature in Seoul (Incheon) be 25°C on August 1?,35235895000458516965826137721191759320795944653432088079812736035497458566053,Yes,2026-08-01T11:00:42+00:00,0.015
0x35f7a442d8356a33bebc1396bc76b8edca028f899796bec43f09443f1a7c87da,Seoul,Will the lowest temperature in Seoul (Incheon) be 25°C on August 1?,35235895000458516965826137721191759320795944653432088079812736035497458566053,Yes,2026-08-01T11:37:08+00:00,0.015
0x35f7a442d8356a33bebc1396bc76b8edca028f899796bec43f09443f1a7c87da,Seoul,Will the lowest temperature in Seoul (Incheon) be 25°C on August 1?,68514957237065661930972658621748402294422702973836860162005450675879996807290,No,2026-08-01T10:00:11+00:00,0.985
0x35f7a442d8356a33bebc1396bc76b8edca028f899796bec43f09443f1a7c87da,Seoul,Will the lowest temperature in Seoul (Incheon) be 25°C on August 1?,68514957237065661930972658621748402294422702973836860162005450675879996807290,No,2026-08-01T11:00:42+00:00,0.985
0x35f7a442d8356a33bebc1396bc76b8edca028f899796bec43f09443f1a7c87da,Seoul,Will the lowest temperature in Seoul (Incheon) be 25°C on August 1?,68514957237065661930972658621748402294422702973836860162005450675879996807290,No,2026-08-01T11:37:08+00:00,0.985
0x8928aadc76c7187452de9f96a1ff5d38c6974831be26ccdd4d28e220dcacc3ae,Seoul,Will the lowest temperature in Seoul (Incheon) be 26°C on August 1?,97323326723576609720748442661486746228840533830034866894756505274267081213403,Yes,2026-08-01T10:00:11+00:00,0.98
0x8928aadc76c7187452de9f96a1ff5d38c6974831be26ccdd4d28e220dcacc3ae,Seoul,Will the lowest temperature in Seoul (Incheon) be 26°C on August 1?,97323326723576609720748442661486746228840533830034866894756505274267081213403,Yes,2026-08-01T11:00:41+00:00,0.98
0x8928aadc76c7187452de9f96a1ff5d38c6974831be26ccdd4d28e220dcacc3ae,Seoul,Will the lowest temperature in Seoul (Incheon) be 26°C on August 1?,97323326723576609720748442661486746228840533830034866894756505274267081213403,Yes,2026-08-01T11:37:07+00:00,0.98
0x8928aadc76c7187452de9f96a1ff5d38c6974831be26ccdd4d28e220dcacc3ae,Seoul,Will the lowest temperature in Seoul (Incheon) be 26°C on August 1?,1851413710827862409894812327004843553621645653312126535704664927554417764527,No,2026-08-01T10:00:11+00:00,0.02
0x8928aadc76c7187452de9f96a1ff5d38c6974831be26ccdd4d28e220dcacc3ae,Seoul,Will the lowest temperature in Seoul (Incheon) be 26°C on August 1?,1851413710827862409894812327004843553621645653312126535704664927554417764527,No,2026-08-01T11:00:41+00:00,0.02
0x8928aadc76c7187452de9f96a1ff5d38c6974831be26ccdd4d28e220dcacc3ae,Seoul,Will the lowest temperature in Seoul (Incheon) be 26°C on August 1?,1851413710827862409894812327004843553621645653312126535704664927554417764527,No,2026-08-01T11:37:07+00:00,0.02
0xb080a8ad211f8f410d2897235f0ffa9e623bc245e0666f57a04ccc0fa4f54a74,Seoul,Will the lowest temperature in Seoul (Incheon) be 27°C on August 1?,40265105346755331271273644297518986113028452852936180392172640994908265512353,Yes,2026-08-01T10:00:11+00:00,0.0005
0xb080a8ad211f8f410d2897235f0ffa9e623bc245e0666f57a04ccc0fa4f54a74,Seoul,Will the lowest temperature in Seoul (Incheon) be 27°C on August 1?,40265105346755331271273644297518986113028452852936180392172640994908265512353,Yes,2026-08-01T11:00:41+00:00,0.0005
0xb080a8ad211f8f410d2897235f0ffa9e623bc245e0666f57a04ccc0fa4f54a74,Seoul,Will the lowest temperature in Seoul (Incheon) be 27°C on August 1?,40265105346755331271273644297518986113028452852936180392172640994908265512353,Yes,2026-08-01T11:37:07+00:00,0.0005
0xb080a8ad211f8f410d2897235f0ffa9e623bc245e0666f57a04ccc0fa4f54a74,Seoul,Will the lowest temperature in Seoul (Incheon) be 27°C on August 1?,74499595780167200827431137324118895000538842337147595074093109494097665880796,No,2026-08-01T10:00:10+00:00,0.9995
0xb080a8ad211f8f410d2897235f0ffa9e623bc245e0666f57a04ccc0fa4f54a74,Seoul,Will the lowest temperature in Seoul (Incheon) be 27°C on August 1?,74499595780167200827431137324118895000538842337147595074093109494097665880796,No,2026-08-01T11:00:40+00:00,0.9995
0xb080a8ad211f8f410d2897235f0ffa9e623bc245e0666f57a04ccc0fa4f54a74,Seoul,Will the lowest temperature in Seoul (Incheon) be 27°C on August 1?,74499595780167200827431137324118895000538842337147595074093109494097665880796,No,2026-08-01T11:37:07+00:00,0.9995
0x348a59aa6b3bae696d466839a2e7b641e64bd6a303da6ec9cda5882594570b8c,Seoul,Will the lowest temperature in Seoul (Incheon) be 28°C on August 1?,77634721969246490024485222801085128535433035557780869373649638440960182924580,Yes,2026-08-01T10:00:10+00:00,0.0005
0x348a59aa6b3bae696d466839a2e7b641e64bd6a303da6ec9cda5882594570b8c,Seoul,Will the lowest temperature in Seoul (Incheon) be 28°C on August 1?,77634721969246490024485222801085128535433035557780869373649638440960182924580,Yes,2026-08-01T11:00:40+00:00,0.0005
0x348a59aa6b3bae696d466839a2e7b641e64bd6a303da6ec9cda5882594570b8c,Seoul,Will the lowest temperature in Seoul (Incheon) be 28°C on August 1?,77634721969246490024485222801085128535433035557780869373649638440960182924580,Yes,2026-08-01T11:37:07+00:00,0.0005
0x348a59aa6b3bae696d466839a2e7b641e64bd6a303da6ec9cda5882594570b8c,Seoul,Will the lowest temperature in Seoul (Incheon) be 28°C on August 1?,113775806978425023418247280979409498933060406110995404752600053832664374503703,No,2026-08-01T10:00:11+00:00,0.9995
0x348a59aa6b3bae696d466839a2e7b641e64bd6a303da6ec9cda5882594570b8c,Seoul,Will the lowest temperature in Seoul (Incheon) be 28°C on August 1?,113775806978425023418247280979409498933060406110995404752600053832664374503703,No,2026-08-01T11:00:41+00:00,0.9995
0x348a59aa6b3bae696d466839a2e7b641e64bd6a303da6ec9cda5882594570b8c,Seoul,Will the lowest temperature in Seoul (Incheon) be 28°C on August 1?,113775806978425023418247280979409498933060406110995404752600053832664374503703,No,2026-08-01T11:37:07+00:00,0.9995
0xf1285344a09844fae972f315d75a6ac9a9eee56986261ff1043697af1c93b680,Seoul,Will the lowest temperature in Seoul (Incheon) be 29°C on August 1?,93872973583861486619415690971445894360050096430642639099514474602007100203473,Yes,2026-08-01T10:00:11+00:00,0.0005
0xf1285344a09844fae972f315d75a6ac9a9eee56986261ff1043697af1c93b680,Seoul,Will the lowest temperature in Seoul (Incheon) be 29°C on August 1?,93872973583861486619415690971445894360050096430642639099514474602007100203473,Yes,2026-08-01T11:00:41+00:00,0.0005
0xf1285344a09844fae972f315d75a6ac9a9eee56986261ff1043697af1c93b680,Seoul,Will the lowest temperature in Seoul (Incheon) be 29°C on August 1?,93872973583861486619415690971445894360050096430642639099514474602007100203473,Yes,2026-08-01T11:37:07+00:00,0.0005
0xf1285344a09844fae972f315d75a6ac9a9eee56986261ff1043697af1c93b680,Seoul,Will the lowest temperature in Seoul (Incheon) be 29°C on August 1?,59080374115249938551948943063968712429947898676952476639746229585854554331945,No,2026-08-01T10:00:10+00:00,0.9995
0xf1285344a09844fae972f315d75a6ac9a9eee56986261ff1043697af1c93b680,Seoul,Will the lowest temperature in Seoul (Incheon) be 29°C on August 1?,59080374115249938551948943063968712429947898676952476639746229585854554331945,No,2026-08-01T11:00:40+00:00,0.9995
0xf1285344a09844fae972f315d75a6ac9a9eee56986261ff1043697af1c93b680,Seoul,Will the lowest temperature in Seoul (Incheon) be 29°C on August 1?,59080374115249938551948943063968712429947898676952476639746229585854554331945,No,2026-08-01T11:37:07+00:00,0.9995
0xb1b382f92f657b0cfee524d74de6797b5a3af5cac4e8dc1872e35ae528b5af01,Seoul,Will the lowest temperature in Seoul (Incheon) be 30°C on August 1?,32203698952635040383130029186187654391197221132014889480954886774683053876266,Yes,2026-08-01T10:00:10+00:00,0.0005
0xb1b382f92f657b0cfee524d74de6797b5a3af5cac4e8dc1872e35ae528b5af01,Seoul,Will the lowest temperature in Seoul (Incheon) be 30°C on August 1?,32203698952635040383130029186187654391197221132014889480954886774683053876266,Yes,2026-08-01T11:00:40+00:00,0.0005
0xb1b382f92f657b0cfee524d74de6797b5a3af5cac4e8dc1872e35ae528b5af01,Seoul,Will the lowest temperature in Seoul (Incheon) be 30°C on August 1?,32203698952635040383130029186187654391197221132014889480954886774683053876266,Yes,2026-08-01T11:37:07+00:00,0.0005
0xb1b382f92f657b0cfee524d74de6797b5a3af5cac4e8dc1872e35ae528b5af01,Seoul,Will the lowest temperature in Seoul (Incheon) be 30°C on August 1?,110361970022019961347046895118467290402309853033303405900843774321280217780824,No,2026-08-01T10:00:12+00:00,0.9995
0xb1b382f92f657b0cfee524d74de6797b5a3af5cac4e8dc1872e35ae528b5af01,Seoul,Will the lowest temperature in Seoul (Incheon) be 30°C on August 1?,110361970022019961347046895118467290402309853033303405900843774321280217780824,No,2026-08-01T11:00:42+00:00,0.9995
0xb1b382f92f657b0cfee524d74de6797b5a3af5cac4e8dc1872e35ae528b5af01,Seoul,Will the lowest temperature in Seoul (Incheon) be 30°C on August 1?,110361970022019961347046895118467290402309853033303405900843774321280217780824,No,2026-08-01T11:37:08+00:00,0.9995
0x6beee29aa99c8e81bed93d861adc76af80b506c0cbd589b759b63c6d2ebd05f7,Seoul,Will the lowest temperature in Seoul (Incheon) be 31°C on August 1?,69944737276738460714809354496276602902559850144983055356130261738212183146854,Yes,2026-08-01T10:00:10+00:00,0.0005
0x6beee29aa99c8e81bed93d861adc76af80b506c0cbd589b759b63c6d2ebd05f7,Seoul,Will the lowest temperature in Seoul (Incheon) be 31°C on August 1?,69944737276738460714809354496276602902559850144983055356130261738212183146854,Yes,2026-08-01T11:00:40+00:00,0.0005
0x6beee29aa99c8e81bed93d861adc76af80b506c0cbd589b759b63c6d2ebd05f7,Seoul,Will the lowest temperature in Seoul (Incheon) be 31°C on August 1?,69944737276738460714809354496276602902559850144983055356130261738212183146854,Yes,2026-08-01T11:37:07+00:00,0.0005
0x6beee29aa99c8e81bed93d861adc76af80b506c0cbd589b759b63c6d2ebd05f7,Seoul,Will the lowest temperature in Seoul (Incheon) be 31°C on August 1?,107502626787628720120653297918271312257326254623031611806117721005085655880757,No,2026-08-01T10:00:12+00:00,0.9995
0x6beee29aa99c8e81bed93d861adc76af80b506c0cbd589b759b63c6d2ebd05f7,Seoul,Will the lowest temperature in Seoul (Incheon) be 31°C on August 1?,107502626787628720120653297918271312257326254623031611806117721005085655880757,No,2026-08-01T11:00:42+00:00,0.9995
0x6beee29aa99c8e81bed93d861adc76af80b506c0cbd589b759b63c6d2ebd05f7,Seoul,Will the lowest temperature in Seoul (Incheon) be 31°C on August 1?,107502626787628720120653297918271312257326254623031611806117721005085655880757,No,2026-08-01T11:37:08+00:00,0.9995
0xd44d81bcb66538d7d0e613549983a4da6a05161f7d6c0925b39ef41c443c2948,Seoul,Will the lowest temperature in Seoul (Incheon) be 32°C or higher on August 1?,5212430577027452582187714210181130256539114942008666985602980227241497605856,Yes,2026-08-01T10:00:09+00:00,0.0005
0xd44d81bcb66538d7d0e613549983a4da6a05161f7d6c0925b39ef41c443c2948,Seoul,Will the lowest temperature in Seoul (Incheon) be 32°C or higher on August 1?,5212430577027452582187714210181130256539114942008666985602980227241497605856,Yes,2026-08-01T11:00:40+00:00,0.0005
0xd44d81bcb66538d7d0e613549983a4da6a05161f7d6c0925b39ef41c443c2948,Seoul,Will the lowest temperature in Seoul (Incheon) be 32°C or higher on August 1?,5212430577027452582187714210181130256539114942008666985602980227241497605856,Yes,2026-08-01T11:37:06+00:00,0.0005
0xd44d81bcb66538d7d0e613549983a4da6a05161f7d6c0925b39ef41c443c2948,Seoul,Will the lowest temperature in Seoul (Incheon) be 32°C or higher on August 1?,86507058172429976455065385856599288647791994965319423546288345627601150691672,No,2026-08-01T10:00:10+00:00,0.9995
0xd44d81bcb66538d7d0e613549983a4da6a05161f7d6c0925b39ef41c443c2948,Seoul,Will the lowest temperature in Seoul (Incheon) be 32°C or higher on August 1?,86507058172429976455065385856599288647791994965319423546288345627601150691672,No,2026-08-01T11:00:40+00:00,0.9995
0xd44d81bcb66538d7d0e613549983a4da6a05161f7d6c0925b39ef41c443c2948,Seoul,Will the lowest temperature in Seoul (Incheon) be 32°C or higher on August 1?,86507058172429976455065385856599288647791994965319423546288345627601150691672,No,2026-08-01T11:37:07+00:00,0.9995
0x8f4406d40b378090cdd8a9970139902e9bdbb61551d8ce0c23f17c3ce2dad43d,Seoul,Will the highest temperature in Seoul (Incheon) be 25°C or below on August 2?,66591222604066173930886596094423873354352691380395447631434150156295673886229,Yes,2026-08-01T10:00:09+00:00,0.002
0x8f4406d40b378090cdd8a9970139902e9bdbb61551d8ce0c23f17c3ce2dad43d,Seoul,Will the highest temperature in Seoul (Incheon) be 25°C or below on August 2?,66591222604066173930886596094423873354352691380395447631434150156295673886229,Yes,2026-08-01T11:00:39+00:00,0.002
0x8f4406d40b378090cdd8a9970139902e9bdbb61551d8ce0c23f17c3ce2dad43d,Seoul,Will the highest temperature in Seoul (Incheon) be 25°C or below on August 2?,66591222604066173930886596094423873354352691380395447631434150156295673886229,Yes,2026-08-01T11:32:08+00:00,0.002
0x8f4406d40b378090cdd8a9970139902e9bdbb61551d8ce0c23f17c3ce2dad43d,Seoul,Will the highest temperature in Seoul (Incheon) be 25°C or below on August 2?,93405891591771185256775226005347019850765450472511385041529194842194427845773,No,2026-08-01T10:00:11+00:00,0.998
0x8f4406d40b378090cdd8a9970139902e9bdbb61551d8ce0c23f17c3ce2dad43d,Seoul,Will the highest temperature in Seoul (Incheon) be 25°C or below on August 2?,93405891591771185256775226005347019850765450472511385041529194842194427845773,No,2026-08-01T11:00:41+00:00,0.998
0x8f4406d40b378090cdd8a9970139902e9bdbb61551d8ce0c23f17c3ce2dad43d,Seoul,Will the highest temperature in Seoul (Incheon) be 25°C or below on August 2?,93405891591771185256775226005347019850765450472511385041529194842194427845773,No,2026-08-01T11:33:10+00:00,0.998
0xcae18aa5d40e7b3403b29a51220f6b17d6e1322ffc9956fe858e2b53e130635f,Seoul,Will the highest temperature in Seoul (Incheon) be 26°C on August 2?,81481110514278542626930507844811703448404965274860694710496995680553432251247,Yes,2026-08-01T10:00:09+00:00,0.0015
0xcae18aa5d40e7b3403b29a51220f6b17d6e1322ffc9956fe858e2b53e130635f,Seoul,Will the highest temperature in Seoul (Incheon) be 26°C on August 2?,81481110514278542626930507844811703448404965274860694710496995680553432251247,Yes,2026-08-01T11:00:39+00:00,0.0015
0xcae18aa5d40e7b3403b29a51220f6b17d6e1322ffc9956fe858e2b53e130635f,Seoul,Will the highest temperature in Seoul (Incheon) be 26°C on August 2?,81481110514278542626930507844811703448404965274860694710496995680553432251247,Yes,2026-08-01T11:37:06+00:00,0.0015
0xcae18aa5d40e7b3403b29a51220f6b17d6e1322ffc9956fe858e2b53e130635f,Seoul,Will the highest temperature in Seoul (Incheon) be 26°C on August 2?,77288735134001822348300792724220724146081130234033681707214130486481563994507,No,2026-08-01T10:00:12+00:00,0.9985
0xcae18aa5d40e7b3403b29a51220f6b17d6e1322ffc9956fe858e2b53e130635f,Seoul,Will the highest temperature in Seoul (Incheon) be 26°C on August 2?,77288735134001822348300792724220724146081130234033681707214130486481563994507,No,2026-08-01T11:00:42+00:00,0.9985
0xcae18aa5d40e7b3403b29a51220f6b17d6e1322ffc9956fe858e2b53e130635f,Seoul,Will the highest temperature in Seoul (Incheon) be 26°C on August 2?,77288735134001822348300792724220724146081130234033681707214130486481563994507,No,2026-08-01T11:33:10+00:00,0.9985
0xbcdb3b84d1bcdb26bd926edcbc0a97843473895ab32b0f93026e8c5b5440edcc,Seoul,Will the highest temperature in Seoul (Incheon) be 27°C on August 2?,52071578477397742358270108169412729454608105443989825083153315204367919533539,Yes,2026-08-01T10:00:11+00:00,0.0005
0xbcdb3b84d1bcdb26bd926edcbc0a97843473895ab32b0f93026e8c5b5440edcc,Seoul,Will the highest temperature in Seoul (Incheon) be 27°C on August 2?,52071578477397742358270108169412729454608105443989825083153315204367919533539,Yes,2026-08-01T11:00:42+00:00,0.0005
0xbcdb3b84d1bcdb26bd926edcbc0a97843473895ab32b0f93026e8c5b5440edcc,Seoul,Will the highest temperature in Seoul (Incheon) be 27°C on August 2?,52071578477397742358270108169412729454608105443989825083153315204367919533539,Yes,2026-08-01T11:37:08+00:00,0.0005
0xbcdb3b84d1bcdb26bd926edcbc0a97843473895ab32b0f93026e8c5b5440edcc,Seoul,Will the highest temperature in Seoul (Incheon) be 27°C on August 2?,83591289135596541564475690443763462449720930757118372521971893083114166498987,No,2026-08-01T10:00:11+00:00,0.9995
0xbcdb3b84d1bcdb26bd926edcbc0a97843473895ab32b0f93026e8c5b5440edcc,Seoul,Will the highest temperature in Seoul (Incheon) be 27°C on August 2?,83591289135596541564475690443763462449720930757118372521971893083114166498987,No,2026-08-01T11:00:42+00:00,0.9995
0xbcdb3b84d1bcdb26bd926edcbc0a97843473895ab32b0f93026e8c5b5440edcc,Seoul,Will the highest temperature in Seoul (Incheon) be 27°C on August 2?,83591289135596541564475690443763462449720930757118372521971893083114166498987,No,2026-08-01T11:33:10+00:00,0.9995
0x53c5e8c9174d92d924c2491d0d7948a3b55be3b6dc8873c3028dbe67ca94e0b5,Seoul,Will the highest temperature in Seoul (Incheon) be 28°C on August 2?,43044295978222182011879510432422381823165143999313027721743140069122703134751,Yes,2026-08-01T10:00:11+00:00,0.0035
0x53c5e8c9174d92d924c2491d0d7948a3b55be3b6dc8873c3028dbe67ca94e0b5,Seoul,Will the highest temperature in Seoul (Incheon) be 28°C on August 2?,43044295978222182011879510432422381823165143999313027721743140069122703134751,Yes,2026-08-01T11:00:42+00:00,0.0035
0x53c5e8c9174d92d924c2491d0d7948a3b55be3b6dc8873c3028dbe67ca94e0b5,Seoul,Will the highest temperature in Seoul (Incheon) be 28°C on August 2?,43044295978222182011879510432422381823165143999313027721743140069122703134751,Yes,2026-08-01T11:33:10+00:00,0.0015
0x53c5e8c9174d92d924c2491d0d7948a3b55be3b6dc8873c3028dbe67ca94e0b5,Seoul,Will the highest temperature in Seoul (Incheon) be 28°C on August 2?,110481543834093466495769889817048072781271615100080699131528943062304188633780,No,2026-08-01T10:00:12+00:00,0.9965
0x53c5e8c9174d92d924c2491d0d7948a3b55be3b6dc8873c3028dbe67ca94e0b5,Seoul,Will the highest temperature in Seoul (Incheon) be 28°C on August 2?,110481543834093466495769889817048072781271615100080699131528943062304188633780,No,2026-08-01T11:00:42+00:00,0.9965
0x53c5e8c9174d92d924c2491d0d7948a3b55be3b6dc8873c3028dbe67ca94e0b5,Seoul,Will the highest temperature in Seoul (Incheon) be 28°C on August 2?,110481543834093466495769889817048072781271615100080699131528943062304188633780,No,2026-08-01T11:33:11+00:00,0.9985
0x037d7c0a086965735f9c6a394933c0ee0cc2a5500b138429dd7e8e9550aa1058,Seoul,Will the highest temperature in Seoul (Incheon) be 29°C on August 2?,71681723775256219499297835992107963815141981243112474277021631906406235771427,Yes,2026-08-01T10:00:12+00:00,0.0055
0x037d7c0a086965735f9c6a394933c0ee0cc2a5500b138429dd7e8e9550aa1058,Seoul,Will the highest temperature in Seoul (Incheon) be 29°C on August 2?,71681723775256219499297835992107963815141981243112474277021631906406235771427,Yes,2026-08-01T11:00:42+00:00,0.0055
0x037d7c0a086965735f9c6a394933c0ee0cc2a5500b138429dd7e8e9550aa1058,Seoul,Will the highest temperature in Seoul (Incheon) be 29°C on August 2?,71681723775256219499297835992107963815141981243112474277021631906406235771427,Yes,2026-08-01T11:37:08+00:00,0.0055
0x037d7c0a086965735f9c6a394933c0ee0cc2a5500b138429dd7e8e9550aa1058,Seoul,Will the highest temperature in Seoul (Incheon) be 29°C on August 2?,27539645705331745296781738391459692602200928960699436958546793601011806194379,No,2026-08-01T10:00:10+00:00,0.9945
0x037d7c0a086965735f9c6a394933c0ee0cc2a5500b138429dd7e8e9550aa1058,Seoul,Will the highest temperature in Seoul (Incheon) be 29°C on August 2?,27539645705331745296781738391459692602200928960699436958546793601011806194379,No,2026-08-01T11:00:40+00:00,0.9945
0x037d7c0a086965735f9c6a394933c0ee0cc2a5500b138429dd7e8e9550aa1058,Seoul,Will the highest temperature in Seoul (Incheon) be 29°C on August 2?,27539645705331745296781738391459692602200928960699436958546793601011806194379,No,2026-08-01T11:33:09+00:00,0.9945
0x1816582f5b156591cc0b6fb53c14f2db5f407b727b1d4b504f1f670a21936896,Seoul,Will the highest temperature in Seoul (Incheon) be 30°C on August 2?,70648478783912744186273943880836846795149460969403616902910007761529959614009,Yes,2026-08-01T10:00:10+00:00,0.025
0x1816582f5b156591cc0b6fb53c14f2db5f407b727b1d4b504f1f670a21936896,Seoul,Will the highest temperature in Seoul (Incheon) be 30°C on August 2?,70648478783912744186273943880836846795149460969403616902910007761529959614009,Yes,2026-08-01T11:00:41+00:00,0.025
0x1816582f5b156591cc0b6fb53c14f2db5f407b727b1d4b504f1f670a21936896,Seoul,Will the highest temperature in Seoul (Incheon) be 30°C on August 2?,70648478783912744186273943880836846795149460969403616902910007761529959614009,Yes,2026-08-01T11:37:07+00:00,0.025
0x1816582f5b156591cc0b6fb53c14f2db5f407b727b1d4b504f1f670a21936896,Seoul,Will the highest temperature in Seoul (Incheon) be 30°C on August 2?,67221079191086699567013885351143564705876631397186001184348791550292030782300,No,2026-08-01T10:00:11+00:00,0.975
0x1816582f5b156591cc0b6fb53c14f2db5f407b727b1d4b504f1f670a21936896,Seoul,Will the highest temperature in Seoul (Incheon) be 30°C on August 2?,67221079191086699567013885351143564705876631397186001184348791550292030782300,No,2026-08-01T11:00:42+00:00,0.975
0x1816582f5b156591cc0b6fb53c14f2db5f407b727b1d4b504f1f670a21936896,Seoul,Will the highest temperature in Seoul (Incheon) be 30°C on August 2?,67221079191086699567013885351143564705876631397186001184348791550292030782300,No,2026-08-01T11:37:08+00:00,0.975
0xfbdda32f781dc6577e9fa7cfe3eb99302b0f058b11aa23cda2d6e4b98c6c23f0,Seoul,Will the highest temperature in Seoul (Incheon) be 31°C on August 2?,106164195963322539237600867004010571681833413116457277735386195213485645273154,Yes,2026-08-01T10:00:10+00:00,0.215
0xfbdda32f781dc6577e9fa7cfe3eb99302b0f058b11aa23cda2d6e4b98c6c23f0,Seoul,Will the highest temperature in Seoul (Incheon) be 31°C on August 2?,106164195963322539237600867004010571681833413116457277735386195213485645273154,Yes,2026-08-01T11:00:40+00:00,0.215
0xfbdda32f781dc6577e9fa7cfe3eb99302b0f058b11aa23cda2d6e4b98c6c23f0,Seoul,Will the highest temperature in Seoul (Incheon) be 31°C on August 2?,106164195963322539237600867004010571681833413116457277735386195213485645273154,Yes,2026-08-01T11:37:07+00:00,0.215
0xfbdda32f781dc6577e9fa7cfe3eb99302b0f058b11aa23cda2d6e4b98c6c23f0,Seoul,Will the highest temperature in Seoul (Incheon) be 31°C on August 2?,19080726419775090995774552719309189099605108646416762776042932669141431077792,No,2026-08-01T10:00:11+00:00,0.785
0xfbdda32f781dc6577e9fa7cfe3eb99302b0f058b11aa23cda2d6e4b98c6c23f0,Seoul,Will the highest temperature in Seoul (Incheon) be 31°C on August 2?,19080726419775090995774552719309189099605108646416762776042932669141431077792,No,2026-08-01T11:00:41+00:00,0.785
0xfbdda32f781dc6577e9fa7cfe3eb99302b0f058b11aa23cda2d6e4b98c6c23f0,Seoul,Will the highest temperature in Seoul (Incheon) be 31°C on August 2?,19080726419775090995774552719309189099605108646416762776042932669141431077792,No,2026-08-01T11:37:07+00:00,0.785
0x6de471316b2b2e13ca7523d7b6502318a44df17efabc05fa749257ecbc775918,Seoul,Will the highest temperature in Seoul (Incheon) be 32°C on August 2?,74726348295018315903000947656994195116142219970397544460284135519691024583171,Yes,2026-08-01T10:00:12+00:00,0.445
0x6de471316b2b2e13ca7523d7b6502318a44df17efabc05fa749257ecbc775918,Seoul,Will the highest temperature in Seoul (Incheon) be 32°C on August 2?,74726348295018315903000947656994195116142219970397544460284135519691024583171,Yes,2026-08-01T11:00:42+00:00,0.445
0x6de471316b2b2e13ca7523d7b6502318a44df17efabc05fa749257ecbc775918,Seoul,Will the highest temperature in Seoul (Incheon) be 32°C on August 2?,74726348295018315903000947656994195116142219970397544460284135519691024583171,Yes,2026-08-01T11:37:08+00:00,0.445
0x6de471316b2b2e13ca7523d7b6502318a44df17efabc05fa749257ecbc775918,Seoul,Will the highest temperature in Seoul (Incheon) be 32°C on August 2?,44678106903686385973066516921024786470531296063310778938154206637111437592430,No,2026-08-01T10:00:12+00:00,0.555
0x6de471316b2b2e13ca7523d7b6502318a44df17efabc05fa749257ecbc775918,Seoul,Will the highest temperature in Seoul (Incheon) be 32°C on August 2?,44678106903686385973066516921024786470531296063310778938154206637111437592430,No,2026-08-01T11:00:42+00:00,0.555
0x6de471316b2b2e13ca7523d7b6502318a44df17efabc05fa749257ecbc775918,Seoul,Will the highest temperature in Seoul (Incheon) be 32°C on August 2?,44678106903686385973066516921024786470531296063310778938154206637111437592430,No,2026-08-01T11:33:10+00:00,0.555
0xd4bbc787b84a7b2691bdea4d3342113f6f2f56612874ab1a55a610de38adf7f4,Seoul,Will the highest temperature in Seoul (Incheon) be 33°C on August 2?,115626287630871567564999197285022189562919775071226954908808204444889660373563,Yes,2026-08-01T10:00:11+00:00,0.305
0xd4bbc787b84a7b2691bdea4d3342113f6f2f56612874ab1a55a610de38adf7f4,Seoul,Will the highest temperature in Seoul (Incheon) be 33°C on August 2?,115626287630871567564999197285022189562919775071226954908808204444889660373563,Yes,2026-08-01T11:00:41+00:00,0.305
0xd4bbc787b84a7b2691bdea4d3342113f6f2f56612874ab1a55a610de38adf7f4,Seoul,Will the highest temperature in Seoul (Incheon) be 33°C on August 2?,115626287630871567564999197285022189562919775071226954908808204444889660373563,Yes,2026-08-01T11:33:10+00:00,0.305
0xd4bbc787b84a7b2691bdea4d3342113f6f2f56612874ab1a55a610de38adf7f4,Seoul,Will the highest temperature in Seoul (Incheon) be 33°C on August 2?,22480372213996193167953416279209498495429127108874111596485542091610426173913,No,2026-08-01T10:00:09+00:00,0.695
0xd4bbc787b84a7b2691bdea4d3342113f6f2f56612874ab1a55a610de38adf7f4,Seoul,Will the highest temperature in Seoul (Incheon) be 33°C on August 2?,22480372213996193167953416279209498495429127108874111596485542091610426173913,No,2026-08-01T11:00:39+00:00,0.695
0xd4bbc787b84a7b2691bdea4d3342113f6f2f56612874ab1a55a610de38adf7f4,Seoul,Will the highest temperature in Seoul (Incheon) be 33°C on August 2?,22480372213996193167953416279209498495429127108874111596485542091610426173913,No,2026-08-01T11:33:09+00:00,0.695
0xd9becfec66c3181649e0612818f6e42d483aa51af23ad84ce8564118ecd858d6,Seoul,Will the highest temperature in Seoul (Incheon) be 34°C on August 2?,107876850448483719708555188347639794949505190656708025785576223466627497209386,Yes,2026-08-01T10:00:12+00:00,0.035
0xd9becfec66c3181649e0612818f6e42d483aa51af23ad84ce8564118ecd858d6,Seoul,Will the highest temperature in Seoul (Incheon) be 34°C on August 2?,107876850448483719708555188347639794949505190656708025785576223466627497209386,Yes,2026-08-01T11:00:42+00:00,0.035
0xd9becfec66c3181649e0612818f6e42d483aa51af23ad84ce8564118ecd858d6,Seoul,Will the highest temperature in Seoul (Incheon) be 34°C on August 2?,107876850448483719708555188347639794949505190656708025785576223466627497209386,Yes,2026-08-01T11:33:10+00:00,0.035
0xd9becfec66c3181649e0612818f6e42d483aa51af23ad84ce8564118ecd858d6,Seoul,Will the highest temperature in Seoul (Incheon) be 34°C on August 2?,3952571701804725222106174106305870655525807574089789055184986059272487951377,No,2026-08-01T10:00:10+00:00,0.965
0xd9becfec66c3181649e0612818f6e42d483aa51af23ad84ce8564118ecd858d6,Seoul,Will the highest temperature in Seoul (Incheon) be 34°C on August 2?,3952571701804725222106174106305870655525807574089789055184986059272487951377,No,2026-08-01T11:00:40+00:00,0.965
0xd9becfec66c3181649e0612818f6e42d483aa51af23ad84ce8564118ecd858d6,Seoul,Will the highest temperature in Seoul (Incheon) be 34°C on August 2?,3952571701804725222106174106305870655525807574089789055184986059272487951377,No,2026-08-01T11:33:09+00:00,0.965
0x0155c0dd906bcb1b5fd3fb8673a54b70973ad9d4865438b410eec1a5f24d576d,Seoul,Will the highest temperature in Seoul (Incheon) be 35°C or higher on August 2?,59604589291894658609447211929535156814738724975861670094035227485370658205565,Yes,2026-08-01T10:00:10+00:00,0.015
0x0155c0dd906bcb1b5fd3fb8673a54b70973ad9d4865438b410eec1a5f24d576d,Seoul,Will the highest temperature in Seoul (Incheon) be 35°C or higher on August 2?,59604589291894658609447211929535156814738724975861670094035227485370658205565,Yes,2026-08-01T11:00:40+00:00,0.015
0x0155c0dd906bcb1b5fd3fb8673a54b70973ad9d4865438b410eec1a5f24d576d,Seoul,Will the highest temperature in Seoul (Incheon) be 35°C or higher on August 2?,59604589291894658609447211929535156814738724975861670094035227485370658205565,Yes,2026-08-01T11:33:09+00:00,0.015
0x0155c0dd906bcb1b5fd3fb8673a54b70973ad9d4865438b410eec1a5f24d576d,Seoul,Will the highest temperature in Seoul (Incheon) be 35°C or higher on August 2?,25613889125737923557243960688368541919118413674820123896619160087054458849880,No,2026-08-01T10:00:11+00:00,0.985
0x0155c0dd906bcb1b5fd3fb8673a54b70973ad9d4865438b410eec1a5f24d576d,Seoul,Will the highest temperature in Seoul (Incheon) be 35°C or higher on August 2?,25613889125737923557243960688368541919118413674820123896619160087054458849880,No,2026-08-01T11:00:41+00:00,0.985
0x0155c0dd906bcb1b5fd3fb8673a54b70973ad9d4865438b410eec1a5f24d576d,Seoul,Will the highest temperature in Seoul (Incheon) be 35°C or higher on August 2?,25613889125737923557243960688368541919118413674820123896619160087054458849880,No,2026-08-01T11:33:10+00:00,0.985
0x99b6a2d2fd56b202337b210ca0042191e7c52d063713149141866df8efe00c0b,Seoul,Will the lowest temperature in Seoul (Incheon) be 22°C or below on August 2?,32086589326295922812945226397892233452125516547137932400641554731205404271134,Yes,2026-08-01T10:00:10+00:00,0.0015
0x99b6a2d2fd56b202337b210ca0042191e7c52d063713149141866df8efe00c0b,Seoul,Will the lowest temperature in Seoul (Incheon) be 22°C or below on August 2?,32086589326295922812945226397892233452125516547137932400641554731205404271134,Yes,2026-08-01T11:00:40+00:00,0.0015
0x99b6a2d2fd56b202337b210ca0042191e7c52d063713149141866df8efe00c0b,Seoul,Will the lowest temperature in Seoul (Incheon) be 22°C or below on August 2?,32086589326295922812945226397892233452125516547137932400641554731205404271134,Yes,2026-08-01T11:37:07+00:00,0.0015
0x99b6a2d2fd56b202337b210ca0042191e7c52d063713149141866df8efe00c0b,Seoul,Will the lowest temperature in Seoul (Incheon) be 22°C or below on August 2?,20549732338262514944971869238923177022206302651899668736183077413124966948048,No,2026-08-01T10:00:11+00:00,0.9985
0x99b6a2d2fd56b202337b210ca0042191e7c52d063713149141866df8efe00c0b,Seoul,Will the lowest temperature in Seoul (Incheon) be 22°C or below on August 2?,20549732338262514944971869238923177022206302651899668736183077413124966948048,No,2026-08-01T11:00:41+00:00,0.9985
0x99b6a2d2fd56b202337b210ca0042191e7c52d063713149141866df8efe00c0b,Seoul,Will the lowest temperature in Seoul (Incheon) be 22°C or below on August 2?,20549732338262514944971869238923177022206302651899668736183077413124966948048,No,2026-08-01T11:37:07+00:00,0.9985
0x7a9ba158411e657c361af63c83da8a98be8108d2cf485d8201f97138ff0c4381,Seoul,Will the lowest temperature in Seoul (Incheon) be 23°C on August 2?,19661085223192458304692828038097321745168161382613501944948638613504867667424,Yes,2026-08-01T10:00:12+00:00,0.0015
0x7a9ba158411e657c361af63c83da8a98be8108d2cf485d8201f97138ff0c4381,Seoul,Will the lowest temperature in Seoul (Incheon) be 23°C on August 2?,19661085223192458304692828038097321745168161382613501944948638613504867667424,Yes,2026-08-01T11:00:42+00:00,0.0015
0x7a9ba158411e657c361af63c83da8a98be8108d2cf485d8201f97138ff0c4381,Seoul,Will the lowest temperature in Seoul (Incheon) be 23°C on August 2?,19661085223192458304692828038097321745168161382613501944948638613504867667424,Yes,2026-08-01T11:37:08+00:00,0.0015
0x7a9ba158411e657c361af63c83da8a98be8108d2cf485d8201f97138ff0c4381,Seoul,Will the lowest temperature in Seoul (Incheon) be 23°C on August 2?,8328514249599522178096918297429218437168427241709249707354698263723471643030,No,2026-08-01T10:00:09+00:00,0.9985
0x7a9ba158411e657c361af63c83da8a98be8108d2cf485d8201f97138ff0c4381,Seoul,Will the lowest temperature in Seoul (Incheon) be 23°C on August 2?,8328514249599522178096918297429218437168427241709249707354698263723471643030,No,2026-08-01T11:00:39+00:00,0.9985
0x7a9ba158411e657c361af63c83da8a98be8108d2cf485d8201f97138ff0c4381,Seoul,Will the lowest temperature in Seoul (Incheon) be 23°C on August 2?,8328514249599522178096918297429218437168427241709249707354698263723471643030,No,2026-08-01T11:37:06+00:00,0.9985
0x65c3b452e7f70a2f38d204c00c4cd25378e1e2d1f7195cd576e3617f37ad07ef,Seoul,Will the lowest temperature in Seoul (Incheon) be 24°C on August 2?,53388676400618047283806831984927227381993774787270054910331744960587712738059,Yes,2026-08-01T10:00:09+00:00,0.015
0x65c3b452e7f70a2f38d204c00c4cd25378e1e2d1f7195cd576e3617f37ad07ef,Seoul,Will the lowest temperature in Seoul (Incheon) be 24°C on August 2?,53388676400618047283806831984927227381993774787270054910331744960587712738059,Yes,2026-08-01T11:00:39+00:00,0.01
0x65c3b452e7f70a2f38d204c00c4cd25378e1e2d1f7195cd576e3617f37ad07ef,Seoul,Will the lowest temperature in Seoul (Incheon) be 24°C on August 2?,53388676400618047283806831984927227381993774787270054910331744960587712738059,Yes,2026-08-01T11:37:06+00:00,0.01
0x65c3b452e7f70a2f38d204c00c4cd25378e1e2d1f7195cd576e3617f37ad07ef,Seoul,Will the lowest temperature in Seoul (Incheon) be 24°C on August 2?,29290337112977534161755325275556575348646726680771017211353175010422934770795,No,2026-08-01T10:00:10+00:00,0.985
0x65c3b452e7f70a2f38d204c00c4cd25378e1e2d1f7195cd576e3617f37ad07ef,Seoul,Will the lowest temperature in Seoul (Incheon) be 24°C on August 2?,29290337112977534161755325275556575348646726680771017211353175010422934770795,No,2026-08-01T11:00:40+00:00,0.99
0x65c3b452e7f70a2f38d204c00c4cd25378e1e2d1f7195cd576e3617f37ad07ef,Seoul,Will the lowest temperature in Seoul (Incheon) be 24°C on August 2?,29290337112977534161755325275556575348646726680771017211353175010422934770795,No,2026-08-01T11:37:07+00:00,0.99
0x52f513ce450283a9d96cd2621314260c20e86f3c95e3aad52b8eba7e7e93580d,Seoul,Will the lowest temperature in Seoul (Incheon) be 25°C on August 2?,99293531477611937554618064290984847735394200470457772593685205323497483466794,Yes,2026-08-01T10:00:12+00:00,0.195
0x52f513ce450283a9d96cd2621314260c20e86f3c95e3aad52b8eba7e7e93580d,Seoul,Will the lowest temperature in Seoul (Incheon) be 25°C on August 2?,99293531477611937554618064290984847735394200470457772593685205323497483466794,Yes,2026-08-01T11:00:42+00:00,0.195
0x52f513ce450283a9d96cd2621314260c20e86f3c95e3aad52b8eba7e7e93580d,Seoul,Will the lowest temperature in Seoul (Incheon) be 25°C on August 2?,99293531477611937554618064290984847735394200470457772593685205323497483466794,Yes,2026-08-01T11:37:08+00:00,0.195
0x52f513ce450283a9d96cd2621314260c20e86f3c95e3aad52b8eba7e7e93580d,Seoul,Will the lowest temperature in Seoul (Incheon) be 25°C on August 2?,93863809335877655361574018550390358957805615973014291278437717165081279939479,No,2026-08-01T10:00:09+00:00,0.805
0x52f513ce450283a9d96cd2621314260c20e86f3c95e3aad52b8eba7e7e93580d,Seoul,Will the lowest temperature in Seoul (Incheon) be 25°C on August 2?,93863809335877655361574018550390358957805615973014291278437717165081279939479,No,2026-08-01T11:00:39+00:00,0.805
0x52f513ce450283a9d96cd2621314260c20e86f3c95e3aad52b8eba7e7e93580d,Seoul,Will the lowest temperature in Seoul (Incheon) be 25°C on August 2?,93863809335877655361574018550390358957805615973014291278437717165081279939479,No,2026-08-01T11:37:06+00:00,0.805
0xad865a991ed23049ff8a9f73175335e78c06499ce47cf6295a9043956bc2744e,Seoul,Will the lowest temperature in Seoul (Incheon) be 26°C on August 2?,55406766889916708736508872335887761858017890793354588280479341906145411657538,Yes,2026-08-01T10:00:10+00:00,0.545
0xad865a991ed23049ff8a9f73175335e78c06499ce47cf6295a9043956bc2744e,Seoul,Will the lowest temperature in Seoul (Incheon) be 26°C on August 2?,55406766889916708736508872335887761858017890793354588280479341906145411657538,Yes,2026-08-01T11:00:40+00:00,0.545
0xad865a991ed23049ff8a9f73175335e78c06499ce47cf6295a9043956bc2744e,Seoul,Will the lowest temperature in Seoul (Incheon) be 26°C on August 2?,55406766889916708736508872335887761858017890793354588280479341906145411657538,Yes,2026-08-01T11:35:09+00:00,0.545
0xad865a991ed23049ff8a9f73175335e78c06499ce47cf6295a9043956bc2744e,Seoul,Will the lowest temperature in Seoul (Incheon) be 26°C on August 2?,33906879690735312915797602178330062529267396436102044709518654311404878413632,No,2026-08-01T10:00:09+00:00,0.455
0xad865a991ed23049ff8a9f73175335e78c06499ce47cf6295a9043956bc2744e,Seoul,Will the lowest temperature in Seoul (Incheon) be 26°C on August 2?,33906879690735312915797602178330062529267396436102044709518654311404878413632,No,2026-08-01T11:00:40+00:00,0.455
0xad865a991ed23049ff8a9f73175335e78c06499ce47cf6295a9043956bc2744e,Seoul,Will the lowest temperature in Seoul (Incheon) be 26°C on August 2?,33906879690735312915797602178330062529267396436102044709518654311404878413632,No,2026-08-01T11:33:09+00:00,0.455
0x17357867978f6f333e03ff4075744a83324835b922efc07640200574d555d507,Seoul,Will the lowest temperature in Seoul (Incheon) be 27°C on August 2?,103270084214336426316313599841004814479063965338598824048322564869168251898064,Yes,2026-08-01T10:00:11+00:00,0.26
0x17357867978f6f333e03ff4075744a83324835b922efc07640200574d555d507,Seoul,Will the lowest temperature in Seoul (Incheon) be 27°C on August 2?,103270084214336426316313599841004814479063965338598824048322564869168251898064,Yes,2026-08-01T11:00:41+00:00,0.255
0x17357867978f6f333e03ff4075744a83324835b922efc07640200574d555d507,Seoul,Will the lowest temperature in Seoul (Incheon) be 27°C on August 2?,103270084214336426316313599841004814479063965338598824048322564869168251898064,Yes,2026-08-01T11:33:10+00:00,0.255
0x17357867978f6f333e03ff4075744a83324835b922efc07640200574d555d507,Seoul,Will the lowest temperature in Seoul (Incheon) be 27°C on August 2?,48633960370269540040105950802709725855097489138331361067761713585827335484662,No,2026-08-01T10:00:11+00:00,0.74
0x17357867978f6f333e03ff4075744a83324835b922efc07640200574d555d507,Seoul,Will the lowest temperature in Seoul (Incheon) be 27°C on August 2?,48633960370269540040105950802709725855097489138331361067761713585827335484662,No,2026-08-01T11:00:41+00:00,0.745
0x17357867978f6f333e03ff4075744a83324835b922efc07640200574d555d507,Seoul,Will the lowest temperature in Seoul (Incheon) be 27°C on August 2?,48633960370269540040105950802709725855097489138331361067761713585827335484662,No,2026-08-01T11:33:10+00:00,0.745
0xfa3817f91b09562475ceb5c5db864aa564fe809eeb85fe1a4a5853eea4ea21ec,Seoul,Will the lowest temperature in Seoul (Incheon) be 28°C on August 2?,57232593022187790465577088208849339503057148464937128411504488702218250455540,Yes,2026-08-01T10:00:10+00:00,0.015
0xfa3817f91b09562475ceb5c5db864aa564fe809eeb85fe1a4a5853eea4ea21ec,Seoul,Will the lowest temperature in Seoul (Incheon) be 28°C on August 2?,57232593022187790465577088208849339503057148464937128411504488702218250455540,Yes,2026-08-01T11:00:40+00:00,0.01
0xfa3817f91b09562475ceb5c5db864aa564fe809eeb85fe1a4a5853eea4ea21ec,Seoul,Will the lowest temperature in Seoul (Incheon) be 28°C on August 2?,57232593022187790465577088208849339503057148464937128411504488702218250455540,Yes,2026-08-01T11:33:09+00:00,0.01
0xfa3817f91b09562475ceb5c5db864aa564fe809eeb85fe1a4a5853eea4ea21ec,Seoul,Will the lowest temperature in Seoul (Incheon) be 28°C on August 2?,79715474401106128378366279818347250510287980891176749896761788248011538156470,No,2026-08-01T10:00:12+00:00,0.985
0xfa3817f91b09562475ceb5c5db864aa564fe809eeb85fe1a4a5853eea4ea21ec,Seoul,Will the lowest temperature in Seoul (Incheon) be 28°C on August 2?,79715474401106128378366279818347250510287980891176749896761788248011538156470,No,2026-08-01T11:00:42+00:00,0.99
0xfa3817f91b09562475ceb5c5db864aa564fe809eeb85fe1a4a5853eea4ea21ec,Seoul,Will the lowest temperature in Seoul (Incheon) be 28°C on August 2?,79715474401106128378366279818347250510287980891176749896761788248011538156470,No,2026-08-01T11:33:10+00:00,0.99
0xce117988f36a9b2217657c6425e7f681b6ff6c05e5d498497532a3fc27f2f072,Seoul,Will the lowest temperature in Seoul (Incheon) be 29°C on August 2?,41558358134164618301497201068390057664377185102829989012592190731772869357421,Yes,2026-08-01T10:00:09+00:00,0.0015
0xce117988f36a9b2217657c6425e7f681b6ff6c05e5d498497532a3fc27f2f072,Seoul,Will the lowest temperature in Seoul (Incheon) be 29°C on August 2?,41558358134164618301497201068390057664377185102829989012592190731772869357421,Yes,2026-08-01T11:00:39+00:00,0.0015
0xce117988f36a9b2217657c6425e7f681b6ff6c05e5d498497532a3fc27f2f072,Seoul,Will the lowest temperature in Seoul (Incheon) be 29°C on August 2?,41558358134164618301497201068390057664377185102829989012592190731772869357421,Yes,2026-08-01T11:37:06+00:00,0.0015
0xce117988f36a9b2217657c6425e7f681b6ff6c05e5d498497532a3fc27f2f072,Seoul,Will the lowest temperature in Seoul (Incheon) be 29°C on August 2?,56945602289316687914232188133423193665925540577705653410006990725503163393041,No,2026-08-01T10:00:09+00:00,0.9985
0xce117988f36a9b2217657c6425e7f681b6ff6c05e5d498497532a3fc27f2f072,Seoul,Will the lowest temperature in Seoul (Incheon) be 29°C on August 2?,56945602289316687914232188133423193665925540577705653410006990725503163393041,No,2026-08-01T11:00:40+00:00,0.9985
0xce117988f36a9b2217657c6425e7f681b6ff6c05e5d498497532a3fc27f2f072,Seoul,Will the lowest temperature in Seoul (Incheon) be 29°C on August 2?,56945602289316687914232188133423193665925540577705653410006990725503163393041,No,2026-08-01T11:37:06+00:00,0.9985
0x188633794f144380e0c2773fb78140b0016574eccb4c72d36394280018e680ce,Seoul,Will the lowest temperature in Seoul (Incheon) be 30°C on August 2?,8091099450966113210747505103544797438897575439825698845935863688120872775883,Yes,2026-08-01T10:00:10+00:00,0.0045
0x188633794f144380e0c2773fb78140b0016574eccb4c72d36394280018e680ce,Seoul,Will the lowest temperature in Seoul (Incheon) be 30°C on August 2?,8091099450966113210747505103544797438897575439825698845935863688120872775883,Yes,2026-08-01T11:00:40+00:00,0.0025
0x188633794f144380e0c2773fb78140b0016574eccb4c72d36394280018e680ce,Seoul,Will the lowest temperature in Seoul (Incheon) be 30°C on August 2?,8091099450966113210747505103544797438897575439825698845935863688120872775883,Yes,2026-08-01T11:33:09+00:00,0.003
0x188633794f144380e0c2773fb78140b0016574eccb4c72d36394280018e680ce,Seoul,Will the lowest temperature in Seoul (Incheon) be 30°C on August 2?,77583263506305762032028596408939301039342011080128111583883748779789161418913,No,2026-08-01T10:00:11+00:00,0.9955
0x188633794f144380e0c2773fb78140b0016574eccb4c72d36394280018e680ce,Seoul,Will the lowest temperature in Seoul (Incheon) be 30°C on August 2?,77583263506305762032028596408939301039342011080128111583883748779789161418913,No,2026-08-01T11:00:41+00:00,0.9975
0x188633794f144380e0c2773fb78140b0016574eccb4c72d36394280018e680ce,Seoul,Will the lowest temperature in Seoul (Incheon) be 30°C on August 2?,77583263506305762032028596408939301039342011080128111583883748779789161418913,No,2026-08-01T11:33:10+00:00,0.997
0x0455e51903f52b3280437b2b0ad37a2d28e4f32164fdb5788900bd6eb28f230e,Seoul,Will the lowest temperature in Seoul (Incheon) be 31°C on August 2?,114743770927178202887513140766295181165791095884743041523460403856844947837188,Yes,2026-08-01T10:00:12+00:00,0.0015
0x0455e51903f52b3280437b2b0ad37a2d28e4f32164fdb5788900bd6eb28f230e,Seoul,Will the lowest temperature in Seoul (Incheon) be 31°C on August 2?,114743770927178202887513140766295181165791095884743041523460403856844947837188,Yes,2026-08-01T11:00:42+00:00,0.0015
0x0455e51903f52b3280437b2b0ad37a2d28e4f32164fdb5788900bd6eb28f230e,Seoul,Will the lowest temperature in Seoul (Incheon) be 31°C on August 2?,114743770927178202887513140766295181165791095884743041523460403856844947837188,Yes,2026-08-01T11:37:08+00:00,0.0015
0x0455e51903f52b3280437b2b0ad37a2d28e4f32164fdb5788900bd6eb28f230e,Seoul,Will the lowest temperature in Seoul (Incheon) be 31°C on August 2?,95879564636949719955786910429515632159690183109462758699632086869187808522640,No,2026-08-01T10:00:10+00:00,0.9985
0x0455e51903f52b3280437b2b0ad37a2d28e4f32164fdb5788900bd6eb28f230e,Seoul,Will the lowest temperature in Seoul (Incheon) be 31°C on August 2?,95879564636949719955786910429515632159690183109462758699632086869187808522640,No,2026-08-01T11:00:40+00:00,0.9985
0x0455e51903f52b3280437b2b0ad37a2d28e4f32164fdb5788900bd6eb28f230e,Seoul,Will the lowest temperature in Seoul (Incheon) be 31°C on August 2?,95879564636949719955786910429515632159690183109462758699632086869187808522640,No,2026-08-01T11:37:07+00:00,0.9985
0x39afc47f19ede8ec31b84f24f39cc0412a885ebfac6b741ec3f1230bc8a6c7e1,Seoul,Will the lowest temperature in Seoul (Incheon) be 32°C or higher on August 2?,87707409115176679165424013707960564573227881037455295135543035383952462382917,Yes,2026-08-01T10:00:11+00:00,0.0005
0x39afc47f19ede8ec31b84f24f39cc0412a885ebfac6b741ec3f1230bc8a6c7e1,Seoul,Will the lowest temperature in Seoul (Incheon) be 32°C or higher on August 2?,87707409115176679165424013707960564573227881037455295135543035383952462382917,Yes,2026-08-01T11:00:41+00:00,0.0005
0x39afc47f19ede8ec31b84f24f39cc0412a885ebfac6b741ec3f1230bc8a6c7e1,Seoul,Will the lowest temperature in Seoul (Incheon) be 32°C or higher on August 2?,87707409115176679165424013707960564573227881037455295135543035383952462382917,Yes,2026-08-01T11:33:10+00:00,0.0005
0x39afc47f19ede8ec31b84f24f39cc0412a885ebfac6b741ec3f1230bc8a6c7e1,Seoul,Will the lowest temperature in Seoul (Incheon) be 32°C or higher on August 2?,948859234860412971759784579927644357778703327161861173719730772733956679423,No,2026-08-01T10:00:10+00:00,0.9995
0x39afc47f19ede8ec31b84f24f39cc0412a885ebfac6b741ec3f1230bc8a6c7e1,Seoul,Will the lowest temperature in Seoul (Incheon) be 32°C or higher on August 2?,948859234860412971759784579927644357778703327161861173719730772733956679423,No,2026-08-01T11:00:40+00:00,0.9995
0x39afc47f19ede8ec31b84f24f39cc0412a885ebfac6b741ec3f1230bc8a6c7e1,Seoul,Will the lowest temperature in Seoul (Incheon) be 32°C or higher on August 2?,948859234860412971759784579927644357778703327161861173719730772733956679423,No,2026-08-01T11:33:09+00:00,0.9995
0x1c8074574af0d3eff133fe19cc21a01128c6808a49f9a00f5135fde6003a11a1,Seoul,Will the highest temperature in Seoul (Incheon) be 26°C or below on August 3?,98856875915475575871005401992156797444316260878401049608185240279459791451033,Yes,2026-08-01T10:00:09+00:00,0.002
0x1c8074574af0d3eff133fe19cc21a01128c6808a49f9a00f5135fde6003a11a1,Seoul,Will the highest temperature in Seoul (Incheon) be 26°C or below on August 3?,98856875915475575871005401992156797444316260878401049608185240279459791451033,Yes,2026-08-01T11:00:40+00:00,0.002
0x1c8074574af0d3eff133fe19cc21a01128c6808a49f9a00f5135fde6003a11a1,Seoul,Will the highest temperature in Seoul (Incheon) be 26°C or below on August 3?,98856875915475575871005401992156797444316260878401049608185240279459791451033,Yes,2026-08-01T11:34:07+00:00,0.002
0x1c8074574af0d3eff133fe19cc21a01128c6808a49f9a00f5135fde6003a11a1,Seoul,Will the highest temperature in Seoul (Incheon) be 26°C or below on August 3?,96438679057270648015000670011685095102321669443226722826094926360739641626199,No,2026-08-01T10:00:11+00:00,0.998
0x1c8074574af0d3eff133fe19cc21a01128c6808a49f9a00f5135fde6003a11a1,Seoul,Will the highest temperature in Seoul (Incheon) be 26°C or below on August 3?,96438679057270648015000670011685095102321669443226722826094926360739641626199,No,2026-08-01T11:00:41+00:00,0.998
0x1c8074574af0d3eff133fe19cc21a01128c6808a49f9a00f5135fde6003a11a1,Seoul,Will the highest temperature in Seoul (Incheon) be 26°C or below on August 3?,96438679057270648015000670011685095102321669443226722826094926360739641626199,No,2026-08-01T11:37:07+00:00,0.998
0x0109dda471296066abbba8d66ddd4e50cb46b11a581e2050b1991eeb24104b5f,Seoul,Will the highest temperature in Seoul (Incheon) be 27°C on August 3?,5052519687640169320419932905852957426557493898277819060801213881507132054201,Yes,2026-08-01T10:00:11+00:00,0.0025
0x0109dda471296066abbba8d66ddd4e50cb46b11a581e2050b1991eeb24104b5f,Seoul,Will the highest temperature in Seoul (Incheon) be 27°C on August 3?,5052519687640169320419932905852957426557493898277819060801213881507132054201,Yes,2026-08-01T11:00:41+00:00,0.0025
0x0109dda471296066abbba8d66ddd4e50cb46b11a581e2050b1991eeb24104b5f,Seoul,Will the highest temperature in Seoul (Incheon) be 27°C on August 3?,5052519687640169320419932905852957426557493898277819060801213881507132054201,Yes,2026-08-01T11:33:10+00:00,0.0015
0x0109dda471296066abbba8d66ddd4e50cb46b11a581e2050b1991eeb24104b5f,Seoul,Will the highest temperature in Seoul (Incheon) be 27°C on August 3?,42754278097618930228331705863847600036834598072716452882024082235219197306781,No,2026-08-01T10:00:09+00:00,0.9975
0x0109dda471296066abbba8d66ddd4e50cb46b11a581e2050b1991eeb24104b5f,Seoul,Will the highest temperature in Seoul (Incheon) be 27°C on August 3?,42754278097618930228331705863847600036834598072716452882024082235219197306781,No,2026-08-01T11:00:39+00:00,0.9975
0x0109dda471296066abbba8d66ddd4e50cb46b11a581e2050b1991eeb24104b5f,Seoul,Will the highest temperature in Seoul (Incheon) be 27°C on August 3?,42754278097618930228331705863847600036834598072716452882024082235219197306781,No,2026-08-01T11:37:06+00:00,0.9985
0x24e4f733f2727dde6df2b699e0396a61dbb96e5e3a166c55edae41fa6d7ee7a5,Seoul,Will the highest temperature in Seoul (Incheon) be 28°C on August 3?,23280721490072525801639545777671483577678513072128325442699808277808154457158,Yes,2026-08-01T10:00:12+00:00,0.008
0x24e4f733f2727dde6df2b699e0396a61dbb96e5e3a166c55edae41fa6d7ee7a5,Seoul,Will the highest temperature in Seoul (Incheon) be 28°C on August 3?,23280721490072525801639545777671483577678513072128325442699808277808154457158,Yes,2026-08-01T11:00:42+00:00,0.006
0x24e4f733f2727dde6df2b699e0396a61dbb96e5e3a166c55edae41fa6d7ee7a5,Seoul,Will the highest temperature in Seoul (Incheon) be 28°C on August 3?,23280721490072525801639545777671483577678513072128325442699808277808154457158,Yes,2026-08-01T11:37:08+00:00,0.0045
0x24e4f733f2727dde6df2b699e0396a61dbb96e5e3a166c55edae41fa6d7ee7a5,Seoul,Will the highest temperature in Seoul (Incheon) be 28°C on August 3?,107514253692307665401685143554556837258282771703704249393084475193834510883920,No,2026-08-01T10:00:11+00:00,0.992
0x24e4f733f2727dde6df2b699e0396a61dbb96e5e3a166c55edae41fa6d7ee7a5,Seoul,Will the highest temperature in Seoul (Incheon) be 28°C on August 3?,107514253692307665401685143554556837258282771703704249393084475193834510883920,No,2026-08-01T11:00:42+00:00,0.994
0x24e4f733f2727dde6df2b699e0396a61dbb96e5e3a166c55edae41fa6d7ee7a5,Seoul,Will the highest temperature in Seoul (Incheon) be 28°C on August 3?,107514253692307665401685143554556837258282771703704249393084475193834510883920,No,2026-08-01T11:37:08+00:00,0.9955
0xbb9cb850655226361435bf4270425265be3a83d15addc582176350de303dcc38,Seoul,Will the highest temperature in Seoul (Incheon) be 29°C on August 3?,60579218658432742143716587197651926177890114660133115129218558591047123914545,Yes,2026-08-01T10:00:11+00:00,0.01
0xbb9cb850655226361435bf4270425265be3a83d15addc582176350de303dcc38,Seoul,Will the highest temperature in Seoul (Incheon) be 29°C on August 3?,60579218658432742143716587197651926177890114660133115129218558591047123914545,Yes,2026-08-01T11:00:41+00:00,0.01
0xbb9cb850655226361435bf4270425265be3a83d15addc582176350de303dcc38,Seoul,Will the highest temperature in Seoul (Incheon) be 29°C on August 3?,60579218658432742143716587197651926177890114660133115129218558591047123914545,Yes,2026-08-01T11:37:08+00:00,0.0055
0xbb9cb850655226361435bf4270425265be3a83d15addc582176350de303dcc38,Seoul,Will the highest temperature in Seoul (Incheon) be 29°C on August 3?,30824629458504355964136770649025447838450067018192750008150007786993616614363,No,2026-08-01T10:00:09+00:00,0.99
0xbb9cb850655226361435bf4270425265be3a83d15addc582176350de303dcc38,Seoul,Will the highest temperature in Seoul (Incheon) be 29°C on August 3?,30824629458504355964136770649025447838450067018192750008150007786993616614363,No,2026-08-01T11:00:39+00:00,0.99
0xbb9cb850655226361435bf4270425265be3a83d15addc582176350de303dcc38,Seoul,Will the highest temperature in Seoul (Incheon) be 29°C on August 3?,30824629458504355964136770649025447838450067018192750008150007786993616614363,No,2026-08-01T11:37:06+00:00,0.9945
0x5077d4db7784a743a6f107556b842c6cb6217e7f466364b1e9ce22356c08bfeb,Seoul,Will the highest temperature in Seoul (Incheon) be 30°C on August 3?,101238530637815554499260516830619521395195599639783540482576819608199690422402,Yes,2026-08-01T10:00:11+00:00,0.035
0x5077d4db7784a743a6f107556b842c6cb6217e7f466364b1e9ce22356c08bfeb,Seoul,Will the highest temperature in Seoul (Incheon) be 30°C on August 3?,101238530637815554499260516830619521395195599639783540482576819608199690422402,Yes,2026-08-01T11:00:41+00:00,0.025
0x5077d4db7784a743a6f107556b842c6cb6217e7f466364b1e9ce22356c08bfeb,Seoul,Will the highest temperature in Seoul (Incheon) be 30°C on August 3?,101238530637815554499260516830619521395195599639783540482576819608199690422402,Yes,2026-08-01T11:37:08+00:00,0.015
0x5077d4db7784a743a6f107556b842c6cb6217e7f466364b1e9ce22356c08bfeb,Seoul,Will the highest temperature in Seoul (Incheon) be 30°C on August 3?,80260422533433067961451941766857874928213550962929425751745855867236219151288,No,2026-08-01T10:00:12+00:00,0.965
0x5077d4db7784a743a6f107556b842c6cb6217e7f466364b1e9ce22356c08bfeb,Seoul,Will the highest temperature in Seoul (Incheon) be 30°C on August 3?,80260422533433067961451941766857874928213550962929425751745855867236219151288,No,2026-08-01T11:00:42+00:00,0.975
0x5077d4db7784a743a6f107556b842c6cb6217e7f466364b1e9ce22356c08bfeb,Seoul,Will the highest temperature in Seoul (Incheon) be 30°C on August 3?,80260422533433067961451941766857874928213550962929425751745855867236219151288,No,2026-08-01T11:37:08+00:00,0.985
0xd9ffdb78e3ee0c13bda0d67c0265440f81d5950e8fbd47b4392a7c3c6c617434,Seoul,Will the highest temperature in Seoul (Incheon) be 31°C on August 3?,38080124324411207974918650319270791156581357621674078857083981687507486205727,Yes,2026-08-01T10:00:12+00:00,0.06
0xd9ffdb78e3ee0c13bda0d67c0265440f81d5950e8fbd47b4392a7c3c6c617434,Seoul,Will the highest temperature in Seoul (Incheon) be 31°C on August 3?,38080124324411207974918650319270791156581357621674078857083981687507486205727,Yes,2026-08-01T11:00:42+00:00,0.06
0xd9ffdb78e3ee0c13bda0d67c0265440f81d5950e8fbd47b4392a7c3c6c617434,Seoul,Will the highest temperature in Seoul (Incheon) be 31°C on August 3?,38080124324411207974918650319270791156581357621674078857083981687507486205727,Yes,2026-08-01T11:37:08+00:00,0.04
0xd9ffdb78e3ee0c13bda0d67c0265440f81d5950e8fbd47b4392a7c3c6c617434,Seoul,Will the highest temperature in Seoul (Incheon) be 31°C on August 3?,79923990922594974702631673106801180363047144418222480062725033493639851560970,No,2026-08-01T10:00:09+00:00,0.94
0xd9ffdb78e3ee0c13bda0d67c0265440f81d5950e8fbd47b4392a7c3c6c617434,Seoul,Will the highest temperature in Seoul (Incheon) be 31°C on August 3?,79923990922594974702631673106801180363047144418222480062725033493639851560970,No,2026-08-01T11:00:39+00:00,0.94
0xd9ffdb78e3ee0c13bda0d67c0265440f81d5950e8fbd47b4392a7c3c6c617434,Seoul,Will the highest temperature in Seoul (Incheon) be 31°C on August 3?,79923990922594974702631673106801180363047144418222480062725033493639851560970,No,2026-08-01T11:37:06+00:00,0.96
0x5648393f16ef0b29af4de0afae9cfda80cfdbb9d571757f2cd99afda5c12f7d2,Seoul,Will the highest temperature in Seoul (Incheon) be 32°C on August 3?,52221535427624441795577955719131289894453350380977129063393266688619643884337,Yes,2026-08-01T10:00:12+00:00,0.175
0x5648393f16ef0b29af4de0afae9cfda80cfdbb9d571757f2cd99afda5c12f7d2,Seoul,Will the highest temperature in Seoul (Incheon) be 32°C on August 3?,52221535427624441795577955719131289894453350380977129063393266688619643884337,Yes,2026-08-01T11:00:42+00:00,0.175
0x5648393f16ef0b29af4de0afae9cfda80cfdbb9d571757f2cd99afda5c12f7d2,Seoul,Will the highest temperature in Seoul (Incheon) be 32°C on August 3?,52221535427624441795577955719131289894453350380977129063393266688619643884337,Yes,2026-08-01T11:34:09+00:00,0.175
0x5648393f16ef0b29af4de0afae9cfda80cfdbb9d571757f2cd99afda5c12f7d2,Seoul,Will the highest temperature in Seoul (Incheon) be 32°C on August 3?,7951586462178082004409670482717787206192791814071903740125359630039668494027,No,2026-08-01T10:00:12+00:00,0.825
0x5648393f16ef0b29af4de0afae9cfda80cfdbb9d571757f2cd99afda5c12f7d2,Seoul,Will the highest temperature in Seoul (Incheon) be 32°C on August 3?,7951586462178082004409670482717787206192791814071903740125359630039668494027,No,2026-08-01T11:00:42+00:00,0.825
0x5648393f16ef0b29af4de0afae9cfda80cfdbb9d571757f2cd99afda5c12f7d2,Seoul,Will the highest temperature in Seoul (Incheon) be 32°C on August 3?,7951586462178082004409670482717787206192791814071903740125359630039668494027,No,2026-08-01T11:37:08+00:00,0.825
0x1bef035225cbb35b0edc5e491c928538f4b3511e74028bf086c9a8c93f2814b2,Seoul,Will the highest temperature in Seoul (Incheon) be 33°C on August 3?,29316291793843816974676779523628139041618991999576608532044158893921990323902,Yes,2026-08-01T10:00:12+00:00,0.325
0x1bef035225cbb35b0edc5e491c928538f4b3511e74028bf086c9a8c93f2814b2,Seoul,Will the highest temperature in Seoul (Incheon) be 33°C on August 3?,29316291793843816974676779523628139041618991999576608532044158893921990323902,Yes,2026-08-01T11:00:42+00:00,0.33
0x1bef035225cbb35b0edc5e491c928538f4b3511e74028bf086c9a8c93f2814b2,Seoul,Will the highest temperature in Seoul (Incheon) be 33°C on August 3?,29316291793843816974676779523628139041618991999576608532044158893921990323902,Yes,2026-08-01T11:37:08+00:00,0.345
0x1bef035225cbb35b0edc5e491c928538f4b3511e74028bf086c9a8c93f2814b2,Seoul,Will the highest temperature in Seoul (Incheon) be 33°C on August 3?,26092071645795977749473603126522887419087341706335746667308146468841573096368,No,2026-08-01T10:00:10+00:00,0.675
0x1bef035225cbb35b0edc5e491c928538f4b3511e74028bf086c9a8c93f2814b2,Seoul,Will the highest temperature in Seoul (Incheon) be 33°C on August 3?,26092071645795977749473603126522887419087341706335746667308146468841573096368,No,2026-08-01T11:00:40+00:00,0.67
0x1bef035225cbb35b0edc5e491c928538f4b3511e74028bf086c9a8c93f2814b2,Seoul,Will the highest temperature in Seoul (Incheon) be 33°C on August 3?,26092071645795977749473603126522887419087341706335746667308146468841573096368,No,2026-08-01T11:37:07+00:00,0.655
0x89e641d6d147f825b02bdf6b73956edf76998478b024598eb946361002678efb,Seoul,Will the highest temperature in Seoul (Incheon) be 34°C on August 3?,113134915936500517708215876201526228950667361363664880560772784709322764324754,Yes,2026-08-01T10:00:11+00:00,0.305
0x89e641d6d147f825b02bdf6b73956edf76998478b024598eb946361002678efb,Seoul,Will the highest temperature in Seoul (Incheon) be 34°C on August 3?,113134915936500517708215876201526228950667361363664880560772784709322764324754,Yes,2026-08-01T11:00:41+00:00,0.305
0x89e641d6d147f825b02bdf6b73956edf76998478b024598eb946361002678efb,Seoul,Will the highest temperature in Seoul (Incheon) be 34°C on August 3?,113134915936500517708215876201526228950667361363664880560772784709322764324754,Yes,2026-08-01T11:37:07+00:00,0.31
0x89e641d6d147f825b02bdf6b73956edf76998478b024598eb946361002678efb,Seoul,Will the highest temperature in Seoul (Incheon) be 34°C on August 3?,40237527169828490377186825662194589595506883989836002699199330755343885645908,No,2026-08-01T10:00:10+00:00,0.695
0x89e641d6d147f825b02bdf6b73956edf76998478b024598eb946361002678efb,Seoul,Will the highest temperature in Seoul (Incheon) be 34°C on August 3?,40237527169828490377186825662194589595506883989836002699199330755343885645908,No,2026-08-01T11:00:40+00:00,0.695
0x89e641d6d147f825b02bdf6b73956edf76998478b024598eb946361002678efb,Seoul,Will the highest temperature in Seoul (Incheon) be 34°C on August 3?,40237527169828490377186825662194589595506883989836002699199330755343885645908,No,2026-08-01T11:37:07+00:00,0.69
0x479df6862bda02f3bacc019dfe6f54d7420fb9d1e93f519e722bb251be660133,Seoul,Will the highest temperature in Seoul (Incheon) be 35°C on August 3?,40687768382475545255917692444169416057132137777732189019326267614171862871712,Yes,2026-08-01T10:00:11+00:00,0.11
0x479df6862bda02f3bacc019dfe6f54d7420fb9d1e93f519e722bb251be660133,Seoul,Will the highest temperature in Seoul (Incheon) be 35°C on August 3?,40687768382475545255917692444169416057132137777732189019326267614171862871712,Yes,2026-08-01T11:00:42+00:00,0.13
0x479df6862bda02f3bacc019dfe6f54d7420fb9d1e93f519e722bb251be660133,Seoul,Will the highest temperature in Seoul (Incheon) be 35°C on August 3?,40687768382475545255917692444169416057132137777732189019326267614171862871712,Yes,2026-08-01T11:37:08+00:00,0.13
0x479df6862bda02f3bacc019dfe6f54d7420fb9d1e93f519e722bb251be660133,Seoul,Will the highest temperature in Seoul (Incheon) be 35°C on August 3?,25727882130139248025497726534491192112164659525740650970194088763337662417426,No,2026-08-01T10:00:10+00:00,0.89
0x479df6862bda02f3bacc019dfe6f54d7420fb9d1e93f519e722bb251be660133,Seoul,Will the highest temperature in Seoul (Incheon) be 35°C on August 3?,25727882130139248025497726534491192112164659525740650970194088763337662417426,No,2026-08-01T11:00:40+00:00,0.87
0x479df6862bda02f3bacc019dfe6f54d7420fb9d1e93f519e722bb251be660133,Seoul,Will the highest temperature in Seoul (Incheon) be 35°C on August 3?,25727882130139248025497726534491192112164659525740650970194088763337662417426,No,2026-08-01T11:37:07+00:00,0.87
0x744b721e3e7518a947f639d05e843b1bce72fd849091addc83e132a4d3cf8d55,Seoul,Will the highest temperature in Seoul (Incheon) be 36°C or higher on August 3?,29312688799977404103899493175419211384402874775949612084288080453312250919767,Yes,2026-08-01T10:00:12+00:00,0.055
0x744b721e3e7518a947f639d05e843b1bce72fd849091addc83e132a4d3cf8d55,Seoul,Will the highest temperature in Seoul (Incheon) be 36°C or higher on August 3?,29312688799977404103899493175419211384402874775949612084288080453312250919767,Yes,2026-08-01T11:00:42+00:00,0.055
0x744b721e3e7518a947f639d05e843b1bce72fd849091addc83e132a4d3cf8d55,Seoul,Will the highest temperature in Seoul (Incheon) be 36°C or higher on August 3?,29312688799977404103899493175419211384402874775949612084288080453312250919767,Yes,2026-08-01T11:37:08+00:00,0.045
0x744b721e3e7518a947f639d05e843b1bce72fd849091addc83e132a4d3cf8d55,Seoul,Will the highest temperature in Seoul (Incheon) be 36°C or higher on August 3?,27337769490236350062193524621635349743426691022198152506765190344632434502175,No,2026-08-01T10:00:11+00:00,0.945
0x744b721e3e7518a947f639d05e843b1bce72fd849091addc83e132a4d3cf8d55,Seoul,Will the highest temperature in Seoul (Incheon) be 36°C or higher on August 3?,27337769490236350062193524621635349743426691022198152506765190344632434502175,No,2026-08-01T11:00:41+00:00,0.945
0x744b721e3e7518a947f639d05e843b1bce72fd849091addc83e132a4d3cf8d55,Seoul,Will the highest temperature in Seoul (Incheon) be 36°C or higher on August 3?,27337769490236350062193524621635349743426691022198152506765190344632434502175,No,2026-08-01T11:37:07+00:00,0.955
0x4f5706dacb730e106b7192349f8cd891f513f1adb3312a42241c7ad401cf7208,Seoul,Will the lowest temperature in Seoul (Incheon) be 22°C or below on August 3?,19304768798545970323388392819805344181532470584848703446649577941578728367053,Yes,2026-08-01T10:00:11+00:00,0.01
0x4f5706dacb730e106b7192349f8cd891f513f1adb3312a42241c7ad401cf7208,Seoul,Will the lowest temperature in Seoul (Incheon) be 22°C or below on August 3?,19304768798545970323388392819805344181532470584848703446649577941578728367053,Yes,2026-08-01T11:00:41+00:00,0.015
0x4f5706dacb730e106b7192349f8cd891f513f1adb3312a42241c7ad401cf7208,Seoul,Will the lowest temperature in Seoul (Incheon) be 22°C or below on August 3?,19304768798545970323388392819805344181532470584848703446649577941578728367053,Yes,2026-08-01T11:37:08+00:00,0.01
0x4f5706dacb730e106b7192349f8cd891f513f1adb3312a42241c7ad401cf7208,Seoul,Will the lowest temperature in Seoul (Incheon) be 22°C or below on August 3?,2549519625435199462095075168376197040900055468762196100994814370870136659412,No,2026-08-01T10:00:11+00:00,0.99
0x4f5706dacb730e106b7192349f8cd891f513f1adb3312a42241c7ad401cf7208,Seoul,Will the lowest temperature in Seoul (Incheon) be 22°C or below on August 3?,2549519625435199462095075168376197040900055468762196100994814370870136659412,No,2026-08-01T11:00:41+00:00,0.985
0x4f5706dacb730e106b7192349f8cd891f513f1adb3312a42241c7ad401cf7208,Seoul,Will the lowest temperature in Seoul (Incheon) be 22°C or below on August 3?,2549519625435199462095075168376197040900055468762196100994814370870136659412,No,2026-08-01T11:37:07+00:00,0.99
0x76e1ad50967cb80ed51f0b2bd6740642361a9d551e52f5666efc6bf898acc776,Seoul,Will the lowest temperature in Seoul (Incheon) be 23°C on August 3?,33762730700423962634100711253653079415581429473486598073691388967795084166914,Yes,2026-08-01T10:00:10+00:00,0.035
0x76e1ad50967cb80ed51f0b2bd6740642361a9d551e52f5666efc6bf898acc776,Seoul,Will the lowest temperature in Seoul (Incheon) be 23°C on August 3?,33762730700423962634100711253653079415581429473486598073691388967795084166914,Yes,2026-08-01T11:00:40+00:00,0.035
0x76e1ad50967cb80ed51f0b2bd6740642361a9d551e52f5666efc6bf898acc776,Seoul,Will the lowest temperature in Seoul (Incheon) be 23°C on August 3?,33762730700423962634100711253653079415581429473486598073691388967795084166914,Yes,2026-08-01T11:37:07+00:00,0.035
0x76e1ad50967cb80ed51f0b2bd6740642361a9d551e52f5666efc6bf898acc776,Seoul,Will the lowest temperature in Seoul (Incheon) be 23°C on August 3?,71458282688989725220721216435770009591927019743211464492012586676963514863868,No,2026-08-01T10:00:11+00:00,0.965
0x76e1ad50967cb80ed51f0b2bd6740642361a9d551e52f5666efc6bf898acc776,Seoul,Will the lowest temperature in Seoul (Incheon) be 23°C on August 3?,71458282688989725220721216435770009591927019743211464492012586676963514863868,No,2026-08-01T11:00:41+00:00,0.965
0x76e1ad50967cb80ed51f0b2bd6740642361a9d551e52f5666efc6bf898acc776,Seoul,Will the lowest temperature in Seoul (Incheon) be 23°C on August 3?,71458282688989725220721216435770009591927019743211464492012586676963514863868,No,2026-08-01T11:37:07+00:00,0.965
0xd6e7129d4c48369c5b8aed99c886033083450f1520381b433e5bdf9839005d15,Seoul,Will the lowest temperature in Seoul (Incheon) be 24°C on August 3?,12050031863920233952761815860497443658712595658104329672305985681351338797769,Yes,2026-08-01T10:00:12+00:00,0.055
0xd6e7129d4c48369c5b8aed99c886033083450f1520381b433e5bdf9839005d15,Seoul,Will the lowest temperature in Seoul (Incheon) be 24°C on August 3?,12050031863920233952761815860497443658712595658104329672305985681351338797769,Yes,2026-08-01T11:00:42+00:00,0.055
0xd6e7129d4c48369c5b8aed99c886033083450f1520381b433e5bdf9839005d15,Seoul,Will the lowest temperature in Seoul (Incheon) be 24°C on August 3?,12050031863920233952761815860497443658712595658104329672305985681351338797769,Yes,2026-08-01T11:37:08+00:00,0.055
0xd6e7129d4c48369c5b8aed99c886033083450f1520381b433e5bdf9839005d15,Seoul,Will the lowest temperature in Seoul (Incheon) be 24°C on August 3?,6812143188890971088265509733880795065671836502052354445853508499246570943180,No,2026-08-01T10:00:09+00:00,0.945
0xd6e7129d4c48369c5b8aed99c886033083450f1520381b433e5bdf9839005d15,Seoul,Will the lowest temperature in Seoul (Incheon) be 24°C on August 3?,6812143188890971088265509733880795065671836502052354445853508499246570943180,No,2026-08-01T11:00:40+00:00,0.945
0xd6e7129d4c48369c5b8aed99c886033083450f1520381b433e5bdf9839005d15,Seoul,Will the lowest temperature in Seoul (Incheon) be 24°C on August 3?,6812143188890971088265509733880795065671836502052354445853508499246570943180,No,2026-08-01T11:38:09+00:00,0.945
0x0110f6484cb9dd66fa105cc7f355a898967f3b39b2b0f35542da37b8d280a5ba,Seoul,Will the lowest temperature in Seoul (Incheon) be 25°C on August 3?,14940986401759379066183663876784902965066229537177409143188821633707190594869,Yes,2026-08-01T10:00:10+00:00,0.195
0x0110f6484cb9dd66fa105cc7f355a898967f3b39b2b0f35542da37b8d280a5ba,Seoul,Will the lowest temperature in Seoul (Incheon) be 25°C on August 3?,14940986401759379066183663876784902965066229537177409143188821633707190594869,Yes,2026-08-01T11:00:40+00:00,0.225
0x0110f6484cb9dd66fa105cc7f355a898967f3b39b2b0f35542da37b8d280a5ba,Seoul,Will the lowest temperature in Seoul (Incheon) be 25°C on August 3?,14940986401759379066183663876784902965066229537177409143188821633707190594869,Yes,2026-08-01T11:38:09+00:00,0.225
0x0110f6484cb9dd66fa105cc7f355a898967f3b39b2b0f35542da37b8d280a5ba,Seoul,Will the lowest temperature in Seoul (Incheon) be 25°C on August 3?,93177652207995115954663462066929883206426346018195387073887169479421255477939,No,2026-08-01T10:00:11+00:00,0.805
0x0110f6484cb9dd66fa105cc7f355a898967f3b39b2b0f35542da37b8d280a5ba,Seoul,Will the lowest temperature in Seoul (Incheon) be 25°C on August 3?,93177652207995115954663462066929883206426346018195387073887169479421255477939,No,2026-08-01T11:00:42+00:00,0.775
0x0110f6484cb9dd66fa105cc7f355a898967f3b39b2b0f35542da37b8d280a5ba,Seoul,Will the lowest temperature in Seoul (Incheon) be 25°C on August 3?,93177652207995115954663462066929883206426346018195387073887169479421255477939,No,2026-08-01T11:38:10+00:00,0.775
0x72f29c6f0120fb5ad17accc3a3ec0aba1e887190131cf1296e59711b022dab17,Seoul,Will the lowest temperature in Seoul (Incheon) be 26°C on August 3?,62364278266431607359182771879072765682020182640428463200206328581375319223112,Yes,2026-08-01T10:00:12+00:00,0.445
0x72f29c6f0120fb5ad17accc3a3ec0aba1e887190131cf1296e59711b022dab17,Seoul,Will the lowest temperature in Seoul (Incheon) be 26°C on August 3?,62364278266431607359182771879072765682020182640428463200206328581375319223112,Yes,2026-08-01T11:00:42+00:00,0.47
0x72f29c6f0120fb5ad17accc3a3ec0aba1e887190131cf1296e59711b022dab17,Seoul,Will the lowest temperature in Seoul (Incheon) be 26°C on August 3?,62364278266431607359182771879072765682020182640428463200206328581375319223112,Yes,2026-08-01T11:38:10+00:00,0.465
0x72f29c6f0120fb5ad17accc3a3ec0aba1e887190131cf1296e59711b022dab17,Seoul,Will the lowest temperature in Seoul (Incheon) be 26°C on August 3?,87642799481232844162723317477329349328480016322521221340186945586821334731707,No,2026-08-01T10:00:12+00:00,0.555
0x72f29c6f0120fb5ad17accc3a3ec0aba1e887190131cf1296e59711b022dab17,Seoul,Will the lowest temperature in Seoul (Incheon) be 26°C on August 3?,87642799481232844162723317477329349328480016322521221340186945586821334731707,No,2026-08-01T11:00:42+00:00,0.53
0x72f29c6f0120fb5ad17accc3a3ec0aba1e887190131cf1296e59711b022dab17,Seoul,Will the lowest temperature in Seoul (Incheon) be 26°C on August 3?,87642799481232844162723317477329349328480016322521221340186945586821334731707,No,2026-08-01T11:38:11+00:00,0.535
0x1c440b52c8c0eaae7c813a600cf3c77f25bc7d356b524235209dd03093f38107,Seoul,Will the lowest temperature in Seoul (Incheon) be 27°C on August 3?,91489842049040640579323134499676901052489838338593971699374348817276260789623,Yes,2026-08-01T10:00:11+00:00,0.235
0x1c440b52c8c0eaae7c813a600cf3c77f25bc7d356b524235209dd03093f38107,Seoul,Will the lowest temperature in Seoul (Incheon) be 27°C on August 3?,91489842049040640579323134499676901052489838338593971699374348817276260789623,Yes,2026-08-01T11:00:41+00:00,0.235
0x1c440b52c8c0eaae7c813a600cf3c77f25bc7d356b524235209dd03093f38107,Seoul,Will the lowest temperature in Seoul (Incheon) be 27°C on August 3?,91489842049040640579323134499676901052489838338593971699374348817276260789623,Yes,2026-08-01T11:34:08+00:00,0.235
0x1c440b52c8c0eaae7c813a600cf3c77f25bc7d356b524235209dd03093f38107,Seoul,Will the lowest temperature in Seoul (Incheon) be 27°C on August 3?,54123283524315491731840654494306130826187267681991947221777095424730801123962,No,2026-08-01T10:00:10+00:00,0.765
0x1c440b52c8c0eaae7c813a600cf3c77f25bc7d356b524235209dd03093f38107,Seoul,Will the lowest temperature in Seoul (Incheon) be 27°C on August 3?,54123283524315491731840654494306130826187267681991947221777095424730801123962,No,2026-08-01T11:00:40+00:00,0.765
0x1c440b52c8c0eaae7c813a600cf3c77f25bc7d356b524235209dd03093f38107,Seoul,Will the lowest temperature in Seoul (Incheon) be 27°C on August 3?,54123283524315491731840654494306130826187267681991947221777095424730801123962,No,2026-08-01T11:38:09+00:00,0.765
0x1a1af152fd0b9651ba06cd8f3856591ce07c246967e287df59b2e77bf4b99f41,Seoul,Will the lowest temperature in Seoul (Incheon) be 28°C on August 3?,29231842697368448416281492408753948117416951986521778286192321259525714337815,Yes,2026-08-01T10:00:10+00:00,0.105
0x1a1af152fd0b9651ba06cd8f3856591ce07c246967e287df59b2e77bf4b99f41,Seoul,Will the lowest temperature in Seoul (Incheon) be 28°C on August 3?,29231842697368448416281492408753948117416951986521778286192321259525714337815,Yes,2026-08-01T11:00:40+00:00,0.085
0x1a1af152fd0b9651ba06cd8f3856591ce07c246967e287df59b2e77bf4b99f41,Seoul,Will the lowest temperature in Seoul (Incheon) be 28°C on August 3?,29231842697368448416281492408753948117416951986521778286192321259525714337815,Yes,2026-08-01T11:38:09+00:00,0.095
0x1a1af152fd0b9651ba06cd8f3856591ce07c246967e287df59b2e77bf4b99f41,Seoul,Will the lowest temperature in Seoul (Incheon) be 28°C on August 3?,101061933609098622073989890234533727076238229485732838958660398682246689860907,No,2026-08-01T10:00:11+00:00,0.895
0x1a1af152fd0b9651ba06cd8f3856591ce07c246967e287df59b2e77bf4b99f41,Seoul,Will the lowest temperature in Seoul (Incheon) be 28°C on August 3?,101061933609098622073989890234533727076238229485732838958660398682246689860907,No,2026-08-01T11:00:41+00:00,0.915
0x1a1af152fd0b9651ba06cd8f3856591ce07c246967e287df59b2e77bf4b99f41,Seoul,Will the lowest temperature in Seoul (Incheon) be 28°C on August 3?,101061933609098622073989890234533727076238229485732838958660398682246689860907,No,2026-08-01T11:38:10+00:00,0.905
0xfdaefbadcd40a368da5f154f844119d7218e768c9d2eed817d29c9316b45e158,Seoul,Will the lowest temperature in Seoul (Incheon) be 29°C on August 3?,24994189840418237110694694995813177265239363488806984251331728721929958201718,Yes,2026-08-01T10:00:10+00:00,0.015
0xfdaefbadcd40a368da5f154f844119d7218e768c9d2eed817d29c9316b45e158,Seoul,Will the lowest temperature in Seoul (Incheon) be 29°C on August 3?,24994189840418237110694694995813177265239363488806984251331728721929958201718,Yes,2026-08-01T11:00:40+00:00,0.015
0xfdaefbadcd40a368da5f154f844119d7218e768c9d2eed817d29c9316b45e158,Seoul,Will the lowest temperature in Seoul (Incheon) be 29°C on August 3?,24994189840418237110694694995813177265239363488806984251331728721929958201718,Yes,2026-08-01T11:34:08+00:00,0.02
0xfdaefbadcd40a368da5f154f844119d7218e768c9d2eed817d29c9316b45e158,Seoul,Will the lowest temperature in Seoul (Incheon) be 29°C on August 3?,26557972669761113788718743838780715808772883338400271448434320069914928827886,No,2026-08-01T10:00:10+00:00,0.985
0xfdaefbadcd40a368da5f154f844119d7218e768c9d2eed817d29c9316b45e158,Seoul,Will the lowest temperature in Seoul (Incheon) be 29°C on August 3?,26557972669761113788718743838780715808772883338400271448434320069914928827886,No,2026-08-01T11:00:40+00:00,0.985
0xfdaefbadcd40a368da5f154f844119d7218e768c9d2eed817d29c9316b45e158,Seoul,Will the lowest temperature in Seoul (Incheon) be 29°C on August 3?,26557972669761113788718743838780715808772883338400271448434320069914928827886,No,2026-08-01T11:38:09+00:00,0.98
0x0a73c5db7ec757435fd75bbfc4d2b70c8f6f4f25651f5fa969012cf6e4b9f51e,Seoul,Will the lowest temperature in Seoul (Incheon) be 30°C on August 3?,17638729551843754336270293222930968045561392552860310884771035912080283919009,Yes,2026-08-01T10:00:11+00:00,0.01
0x0a73c5db7ec757435fd75bbfc4d2b70c8f6f4f25651f5fa969012cf6e4b9f51e,Seoul,Will the lowest temperature in Seoul (Incheon) be 30°C on August 3?,17638729551843754336270293222930968045561392552860310884771035912080283919009,Yes,2026-08-01T11:00:41+00:00,0.01
0x0a73c5db7ec757435fd75bbfc4d2b70c8f6f4f25651f5fa969012cf6e4b9f51e,Seoul,Will the lowest temperature in Seoul (Incheon) be 30°C on August 3?,17638729551843754336270293222930968045561392552860310884771035912080283919009,Yes,2026-08-01T11:38:10+00:00,0.0505
0x0a73c5db7ec757435fd75bbfc4d2b70c8f6f4f25651f5fa969012cf6e4b9f51e,Seoul,Will the lowest temperature in Seoul (Incheon) be 30°C on August 3?,77848974197965927375596086290185410105163641052717592185054087992385557194544,No,2026-08-01T10:00:10+00:00,0.99
0x0a73c5db7ec757435fd75bbfc4d2b70c8f6f4f25651f5fa969012cf6e4b9f51e,Seoul,Will the lowest temperature in Seoul (Incheon) be 30°C on August 3?,77848974197965927375596086290185410105163641052717592185054087992385557194544,No,2026-08-01T11:00:40+00:00,0.99
0x0a73c5db7ec757435fd75bbfc4d2b70c8f6f4f25651f5fa969012cf6e4b9f51e,Seoul,Will the lowest temperature in Seoul (Incheon) be 30°C on August 3?,77848974197965927375596086290185410105163641052717592185054087992385557194544,No,2026-08-01T11:38:09+00:00,0.9495
0xa53d45465b762af74ff2fc574e10f3706874b51392a8815a97a7b61e4569d112,Seoul,Will the lowest temperature in Seoul (Incheon) be 31°C on August 3?,40784935173192007211844364582585870824585925291905233520131158591403675175354,Yes,2026-08-01T10:00:10+00:00,0.0025
0xa53d45465b762af74ff2fc574e10f3706874b51392a8815a97a7b61e4569d112,Seoul,Will the lowest temperature in Seoul (Incheon) be 31°C on August 3?,40784935173192007211844364582585870824585925291905233520131158591403675175354,Yes,2026-08-01T11:00:40+00:00,0.0025
0xa53d45465b762af74ff2fc574e10f3706874b51392a8815a97a7b61e4569d112,Seoul,Will the lowest temperature in Seoul (Incheon) be 31°C on August 3?,40784935173192007211844364582585870824585925291905233520131158591403675175354,Yes,2026-08-01T11:34:07+00:00,0.0025
0xa53d45465b762af74ff2fc574e10f3706874b51392a8815a97a7b61e4569d112,Seoul,Will the lowest temperature in Seoul (Incheon) be 31°C on August 3?,76829747605007687361713253796770755384392365088780364813662325646482500969097,No,2026-08-01T10:00:11+00:00,0.9975
0xa53d45465b762af74ff2fc574e10f3706874b51392a8815a97a7b61e4569d112,Seoul,Will the lowest temperature in Seoul (Incheon) be 31°C on August 3?,76829747605007687361713253796770755384392365088780364813662325646482500969097,No,2026-08-01T11:00:42+00:00,0.9975
0xa53d45465b762af74ff2fc574e10f3706874b51392a8815a97a7b61e4569d112,Seoul,Will the lowest temperature in Seoul (Incheon) be 31°C on August 3?,76829747605007687361713253796770755384392365088780364813662325646482500969097,No,2026-08-01T11:38:10+00:00,0.9975
0x88f565493dab4cd5d968442e560be54d061fafbfc21a4088bc64db0ab9cd5cbe,Seoul,Will the lowest temperature in Seoul (Incheon) be 32°C or higher on August 3?,94856981787231930545697220797260030950686079648822350093735514339549987394485,Yes,2026-08-01T10:00:10+00:00,0.0025
0x88f565493dab4cd5d968442e560be54d061fafbfc21a4088bc64db0ab9cd5cbe,Seoul,Will the lowest temperature in Seoul (Incheon) be 32°C or higher on August 3?,94856981787231930545697220797260030950686079648822350093735514339549987394485,Yes,2026-08-01T11:00:40+00:00,0.0025
0x88f565493dab4cd5d968442e560be54d061fafbfc21a4088bc64db0ab9cd5cbe,Seoul,Will the lowest temperature in Seoul (Incheon) be 32°C or higher on August 3?,94856981787231930545697220797260030950686079648822350093735514339549987394485,Yes,2026-08-01T11:38:09+00:00,0.0025
0x88f565493dab4cd5d968442e560be54d061fafbfc21a4088bc64db0ab9cd5cbe,Seoul,Will the lowest temperature in Seoul (Incheon) be 32°C or higher on August 3?,80525245882727147218680440284841179950544928458391908761742448715224446019190,No,2026-08-01T10:00:11+00:00,0.9975
0x88f565493dab4cd5d968442e560be54d061fafbfc21a4088bc64db0ab9cd5cbe,Seoul,Will the lowest temperature in Seoul (Incheon) be 32°C or higher on August 3?,80525245882727147218680440284841179950544928458391908761742448715224446019190,No,2026-08-01T11:00:42+00:00,0.9975
0x88f565493dab4cd5d968442e560be54d061fafbfc21a4088bc64db0ab9cd5cbe,Seoul,Will the lowest temperature in Seoul (Incheon) be 32°C or higher on August 3?,80525245882727147218680440284841179950544928458391908761742448715224446019190,No,2026-08-01T11:38:10+00:00,0.9975
0xd0792b6076e258109925b8595baad804d38b164a7c9fce6aaaefebb8bb90cedc,Seoul,Will the highest temperature in Seoul (Incheon) be 25°C or below on August 1?,8533513988379458304575689613537263288949907889068024019720646676047011683556,Yes,2026-08-01T12:00:12+00:00,0.0005
0xd0792b6076e258109925b8595baad804d38b164a7c9fce6aaaefebb8bb90cedc,Seoul,Will the highest temperature in Seoul (Incheon) be 25°C or below on August 1?,8533513988379458304575689613537263288949907889068024019720646676047011683556,Yes,2026-08-01T13:00:07+00:00,0.0005
0xd0792b6076e258109925b8595baad804d38b164a7c9fce6aaaefebb8bb90cedc,Seoul,Will the highest temperature in Seoul (Incheon) be 25°C or below on August 1?,8533513988379458304575689613537263288949907889068024019720646676047011683556,Yes,2026-08-01T13:54:11+00:00,0.0005
0xd0792b6076e258109925b8595baad804d38b164a7c9fce6aaaefebb8bb90cedc,Seoul,Will the highest temperature in Seoul (Incheon) be 25°C or below on August 1?,40141462596326812876981122055285583695762688446597470286873702862511265005754,No,2026-08-01T12:00:11+00:00,0.9995
0xd0792b6076e258109925b8595baad804d38b164a7c9fce6aaaefebb8bb90cedc,Seoul,Will the highest temperature in Seoul (Incheon) be 25°C or below on August 1?,40141462596326812876981122055285583695762688446597470286873702862511265005754,No,2026-08-01T13:00:07+00:00,0.9995
0xd0792b6076e258109925b8595baad804d38b164a7c9fce6aaaefebb8bb90cedc,Seoul,Will the highest temperature in Seoul (Incheon) be 25°C or below on August 1?,40141462596326812876981122055285583695762688446597470286873702862511265005754,No,2026-08-01T13:54:09+00:00,0.9995
0x6d1769262759f663f720262dc699a9109aea418aa51ec5714865c5c40d7abf05,Seoul,Will the highest temperature in Seoul (Incheon) be 26°C on August 1?,40773380466185274040488650627985431643261389478651800315521110188416831855294,Yes,2026-08-01T12:00:13+00:00,0.0005
0x6d1769262759f663f720262dc699a9109aea418aa51ec5714865c5c40d7abf05,Seoul,Will the highest temperature in Seoul (Incheon) be 26°C on August 1?,40773380466185274040488650627985431643261389478651800315521110188416831855294,Yes,2026-08-01T13:00:08+00:00,0.0005
0x6d1769262759f663f720262dc699a9109aea418aa51ec5714865c5c40d7abf05,Seoul,Will the highest temperature in Seoul (Incheon) be 26°C on August 1?,40773380466185274040488650627985431643261389478651800315521110188416831855294,Yes,2026-08-01T13:54:12+00:00,0.0005
0x6d1769262759f663f720262dc699a9109aea418aa51ec5714865c5c40d7abf05,Seoul,Will the highest temperature in Seoul (Incheon) be 26°C on August 1?,63300169007768027742551060794006148851254999899415456659157857114037813444966,No,2026-08-01T12:00:10+00:00,0.9995
0x6d1769262759f663f720262dc699a9109aea418aa51ec5714865c5c40d7abf05,Seoul,Will the highest temperature in Seoul (Incheon) be 26°C on August 1?,63300169007768027742551060794006148851254999899415456659157857114037813444966,No,2026-08-01T13:00:06+00:00,0.9995
0x6d1769262759f663f720262dc699a9109aea418aa51ec5714865c5c40d7abf05,Seoul,Will the highest temperature in Seoul (Incheon) be 26°C on August 1?,63300169007768027742551060794006148851254999899415456659157857114037813444966,No,2026-08-01T13:54:08+00:00,0.9995
0xc859ae3b9499d5c065b1034b95b6082cd48aad72939ba19a84b38ae5603a1909,Seoul,Will the highest temperature in Seoul (Incheon) be 27°C on August 1?,29500608877145635144000099316674912017060278725088172611494049606460410509496,Yes,2026-08-01T12:00:14+00:00,0.0005
0xc859ae3b9499d5c065b1034b95b6082cd48aad72939ba19a84b38ae5603a1909,Seoul,Will the highest temperature in Seoul (Incheon) be 27°C on August 1?,29500608877145635144000099316674912017060278725088172611494049606460410509496,Yes,2026-08-01T13:00:08+00:00,0.0005
0xc859ae3b9499d5c065b1034b95b6082cd48aad72939ba19a84b38ae5603a1909,Seoul,Will the highest temperature in Seoul (Incheon) be 27°C on August 1?,29500608877145635144000099316674912017060278725088172611494049606460410509496,Yes,2026-08-01T13:54:14+00:00,0.0005
0xc859ae3b9499d5c065b1034b95b6082cd48aad72939ba19a84b38ae5603a1909,Seoul,Will the highest temperature in Seoul (Incheon) be 27°C on August 1?,64534888529907866610333319324324410447003598898239836749570226069757198591483,No,2026-08-01T12:00:12+00:00,0.9995
0xc859ae3b9499d5c065b1034b95b6082cd48aad72939ba19a84b38ae5603a1909,Seoul,Will the highest temperature in Seoul (Incheon) be 27°C on August 1?,64534888529907866610333319324324410447003598898239836749570226069757198591483,No,2026-08-01T13:00:07+00:00,0.9995
0xc859ae3b9499d5c065b1034b95b6082cd48aad72939ba19a84b38ae5603a1909,Seoul,Will the highest temperature in Seoul (Incheon) be 27°C on August 1?,64534888529907866610333319324324410447003598898239836749570226069757198591483,No,2026-08-01T13:54:11+00:00,0.9995
0xbefd56446b19d8129204c790e8ba972d625e3cdb896f5b504a00c0eef7cb7a5a,Seoul,Will the highest temperature in Seoul (Incheon) be 28°C on August 1?,95491326652391348198102129894012133755800815037604206355360757598119588147796,Yes,2026-08-01T12:00:10+00:00,0.0005
0xbefd56446b19d8129204c790e8ba972d625e3cdb896f5b504a00c0eef7cb7a5a,Seoul,Will the highest temperature in Seoul (Incheon) be 28°C on August 1?,95491326652391348198102129894012133755800815037604206355360757598119588147796,Yes,2026-08-01T13:00:06+00:00,0.0005
0xbefd56446b19d8129204c790e8ba972d625e3cdb896f5b504a00c0eef7cb7a5a,Seoul,Will the highest temperature in Seoul (Incheon) be 28°C on August 1?,95491326652391348198102129894012133755800815037604206355360757598119588147796,Yes,2026-08-01T13:54:08+00:00,0.0005
0xbefd56446b19d8129204c790e8ba972d625e3cdb896f5b504a00c0eef7cb7a5a,Seoul,Will the highest temperature in Seoul (Incheon) be 28°C on August 1?,22773979698173811567739283235626140492992846365983239158896600088598442064650,No,2026-08-01T12:00:14+00:00,0.9995
0xbefd56446b19d8129204c790e8ba972d625e3cdb896f5b504a00c0eef7cb7a5a,Seoul,Will the highest temperature in Seoul (Incheon) be 28°C on August 1?,22773979698173811567739283235626140492992846365983239158896600088598442064650,No,2026-08-01T13:00:09+00:00,0.9995
0xbefd56446b19d8129204c790e8ba972d625e3cdb896f5b504a00c0eef7cb7a5a,Seoul,Will the highest temperature in Seoul (Incheon) be 28°C on August 1?,22773979698173811567739283235626140492992846365983239158896600088598442064650,No,2026-08-01T13:54:14+00:00,0.9995
0x49cac9d3cc4520a14eb943b20bea4b2d0d9501fe982c442145ffd3ddea12e96f,Seoul,Will the highest temperature in Seoul (Incheon) be 29°C on August 1?,37156468587405578120900474337241560104248614027879457931306468206574828474534,Yes,2026-08-01T12:00:14+00:00,0.0005
0x49cac9d3cc4520a14eb943b20bea4b2d0d9501fe982c442145ffd3ddea12e96f,Seoul,Will the highest temperature in Seoul (Incheon) be 29°C on August 1?,37156468587405578120900474337241560104248614027879457931306468206574828474534,Yes,2026-08-01T13:00:08+00:00,0.0005
0x49cac9d3cc4520a14eb943b20bea4b2d0d9501fe982c442145ffd3ddea12e96f,Seoul,Will the highest temperature in Seoul (Incheon) be 29°C on August 1?,37156468587405578120900474337241560104248614027879457931306468206574828474534,Yes,2026-08-01T13:54:14+00:00,0.0005
0x49cac9d3cc4520a14eb943b20bea4b2d0d9501fe982c442145ffd3ddea12e96f,Seoul,Will the highest temperature in Seoul (Incheon) be 29°C on August 1?,110627128635086003645011491607916997250267739390309436413868394297440625306638,No,2026-08-01T12:00:11+00:00,0.9995
0x49cac9d3cc4520a14eb943b20bea4b2d0d9501fe982c442145ffd3ddea12e96f,Seoul,Will the highest temperature in Seoul (Incheon) be 29°C on August 1?,110627128635086003645011491607916997250267739390309436413868394297440625306638,No,2026-08-01T13:00:07+00:00,0.9995
0x49cac9d3cc4520a14eb943b20bea4b2d0d9501fe982c442145ffd3ddea12e96f,Seoul,Will the highest temperature in Seoul (Incheon) be 29°C on August 1?,110627128635086003645011491607916997250267739390309436413868394297440625306638,No,2026-08-01T13:54:09+00:00,0.9995
0xe4af99a6a904c2b336fa8dc837490bfe0c990946eacf237bc1db3e05479e726d,Seoul,Will the highest temperature in Seoul (Incheon) be 30°C on August 1?,104465833727310267148579613947552680177886367458332348306679345416256231461960,Yes,2026-08-01T12:00:13+00:00,0.0005
0xe4af99a6a904c2b336fa8dc837490bfe0c990946eacf237bc1db3e05479e726d,Seoul,Will the highest temperature in Seoul (Incheon) be 30°C on August 1?,104465833727310267148579613947552680177886367458332348306679345416256231461960,Yes,2026-08-01T13:00:08+00:00,0.0005
0xe4af99a6a904c2b336fa8dc837490bfe0c990946eacf237bc1db3e05479e726d,Seoul,Will the highest temperature in Seoul (Incheon) be 30°C on August 1?,104465833727310267148579613947552680177886367458332348306679345416256231461960,Yes,2026-08-01T13:54:12+00:00,0.0005
0xe4af99a6a904c2b336fa8dc837490bfe0c990946eacf237bc1db3e05479e726d,Seoul,Will the highest temperature in Seoul (Incheon) be 30°C on August 1?,27531249748542524065076683460540792303657394581249893357889916694760828829561,No,2026-08-01T12:00:12+00:00,0.9995
0xe4af99a6a904c2b336fa8dc837490bfe0c990946eacf237bc1db3e05479e726d,Seoul,Will the highest temperature in Seoul (Incheon) be 30°C on August 1?,27531249748542524065076683460540792303657394581249893357889916694760828829561,No,2026-08-01T13:00:07+00:00,0.9995
0xe4af99a6a904c2b336fa8dc837490bfe0c990946eacf237bc1db3e05479e726d,Seoul,Will the highest temperature in Seoul (Incheon) be 30°C on August 1?,27531249748542524065076683460540792303657394581249893357889916694760828829561,No,2026-08-01T13:54:11+00:00,0.9995
0x2307f667cdc9676e6fe39e3ef7f8ddf47011aa687370d936c53c8b384570a373,Seoul,Will the highest temperature in Seoul (Incheon) be 31°C on August 1?,26027981725202669683092735515125986719677475912574642988426038977841685573778,Yes,2026-08-01T12:00:12+00:00,0.0005
0x2307f667cdc9676e6fe39e3ef7f8ddf47011aa687370d936c53c8b384570a373,Seoul,Will the highest temperature in Seoul (Incheon) be 31°C on August 1?,26027981725202669683092735515125986719677475912574642988426038977841685573778,Yes,2026-08-01T13:00:07+00:00,0.0005
0x2307f667cdc9676e6fe39e3ef7f8ddf47011aa687370d936c53c8b384570a373,Seoul,Will the highest temperature in Seoul (Incheon) be 31°C on August 1?,26027981725202669683092735515125986719677475912574642988426038977841685573778,Yes,2026-08-01T13:54:11+00:00,0.0005
0x2307f667cdc9676e6fe39e3ef7f8ddf47011aa687370d936c53c8b384570a373,Seoul,Will the highest temperature in Seoul (Incheon) be 31°C on August 1?,3981252166472897860965121401607009032442514490027258676595154528432581305725,No,2026-08-01T12:00:13+00:00,0.9995
0x2307f667cdc9676e6fe39e3ef7f8ddf47011aa687370d936c53c8b384570a373,Seoul,Will the highest temperature in Seoul (Incheon) be 31°C on August 1?,3981252166472897860965121401607009032442514490027258676595154528432581305725,No,2026-08-01T13:00:08+00:00,0.9995
0x2307f667cdc9676e6fe39e3ef7f8ddf47011aa687370d936c53c8b384570a373,Seoul,Will the highest temperature in Seoul (Incheon) be 31°C on August 1?,3981252166472897860965121401607009032442514490027258676595154528432581305725,No,2026-08-01T13:54:12+00:00,0.9995
0x3948c667d3ad9646304d8a743b2864c7e062ee61e146ff27a899b405cf1409bb,Seoul,Will the highest temperature in Seoul (Incheon) be 32°C on August 1?,23011742652504098548061026531298879196713278678339044408424419439899777767317,Yes,2026-08-01T12:00:13+00:00,0.9995
0x3948c667d3ad9646304d8a743b2864c7e062ee61e146ff27a899b405cf1409bb,Seoul,Will the highest temperature in Seoul (Incheon) be 32°C on August 1?,23011742652504098548061026531298879196713278678339044408424419439899777767317,Yes,2026-08-01T13:00:08+00:00,0.9995
0x3948c667d3ad9646304d8a743b2864c7e062ee61e146ff27a899b405cf1409bb,Seoul,Will the highest temperature in Seoul (Incheon) be 32°C on August 1?,23011742652504098548061026531298879196713278678339044408424419439899777767317,Yes,2026-08-01T13:54:12+00:00,0.9995
0x3948c667d3ad9646304d8a743b2864c7e062ee61e146ff27a899b405cf1409bb,Seoul,Will the highest temperature in Seoul (Incheon) be 32°C on August 1?,7571232515099222470118374567734263942756772821269087153748631275382097350030,No,2026-08-01T12:00:12+00:00,0.0005
0x3948c667d3ad9646304d8a743b2864c7e062ee61e146ff27a899b405cf1409bb,Seoul,Will the highest temperature in Seoul (Incheon) be 32°C on August 1?,7571232515099222470118374567734263942756772821269087153748631275382097350030,No,2026-08-01T13:00:07+00:00,0.0005
0x3948c667d3ad9646304d8a743b2864c7e062ee61e146ff27a899b405cf1409bb,Seoul,Will the highest temperature in Seoul (Incheon) be 32°C on August 1?,7571232515099222470118374567734263942756772821269087153748631275382097350030,No,2026-08-01T13:54:10+00:00,0.0005
0x6ae2e275987b23b5af12fe75b37acba3fb37823e3397f1718627ffb1c902e885,Seoul,Will the highest temperature in Seoul (Incheon) be 33°C on August 1?,32011339035171813608552875017108567331032866759749474003573559495523654119470,Yes,2026-08-01T12:00:12+00:00,0.0005
0x6ae2e275987b23b5af12fe75b37acba3fb37823e3397f1718627ffb1c902e885,Seoul,Will the highest temperature in Seoul (Incheon) be 33°C on August 1?,32011339035171813608552875017108567331032866759749474003573559495523654119470,Yes,2026-08-01T13:00:07+00:00,0.0005
0x6ae2e275987b23b5af12fe75b37acba3fb37823e3397f1718627ffb1c902e885,Seoul,Will the highest temperature in Seoul (Incheon) be 33°C on August 1?,32011339035171813608552875017108567331032866759749474003573559495523654119470,Yes,2026-08-01T13:54:11+00:00,0.0005
0x6ae2e275987b23b5af12fe75b37acba3fb37823e3397f1718627ffb1c902e885,Seoul,Will the highest temperature in Seoul (Incheon) be 33°C on August 1?,54925701434236354544723068437696624750260532872940631503324597904085826895294,No,2026-08-01T12:00:14+00:00,0.9995
0x6ae2e275987b23b5af12fe75b37acba3fb37823e3397f1718627ffb1c902e885,Seoul,Will the highest temperature in Seoul (Incheon) be 33°C on August 1?,54925701434236354544723068437696624750260532872940631503324597904085826895294,No,2026-08-01T13:00:09+00:00,0.9995
0x6ae2e275987b23b5af12fe75b37acba3fb37823e3397f1718627ffb1c902e885,Seoul,Will the highest temperature in Seoul (Incheon) be 33°C on August 1?,54925701434236354544723068437696624750260532872940631503324597904085826895294,No,2026-08-01T13:54:14+00:00,0.9995
0x28c2673470b401c40df1c4b6434a077ba95959fdf94178abefd7c7d9b5a9a88c,Seoul,Will the highest temperature in Seoul (Incheon) be 34°C on August 1?,106424811315411714302502324902619838626389066355380234655712299464870896724411,Yes,2026-08-01T12:00:12+00:00,0.0005
0x28c2673470b401c40df1c4b6434a077ba95959fdf94178abefd7c7d9b5a9a88c,Seoul,Will the highest temperature in Seoul (Incheon) be 34°C on August 1?,106424811315411714302502324902619838626389066355380234655712299464870896724411,Yes,2026-08-01T13:00:07+00:00,0.0005
0x28c2673470b401c40df1c4b6434a077ba95959fdf94178abefd7c7d9b5a9a88c,Seoul,Will the highest temperature in Seoul (Incheon) be 34°C on August 1?,106424811315411714302502324902619838626389066355380234655712299464870896724411,Yes,2026-08-01T13:54:10+00:00,0.0005
0x28c2673470b401c40df1c4b6434a077ba95959fdf94178abefd7c7d9b5a9a88c,Seoul,Will the highest temperature in Seoul (Incheon) be 34°C on August 1?,91286016663869440106579321441517791119758623399650093413182256285268638497895,No,2026-08-01T12:00:13+00:00,0.9995
0x28c2673470b401c40df1c4b6434a077ba95959fdf94178abefd7c7d9b5a9a88c,Seoul,Will the highest temperature in Seoul (Incheon) be 34°C on August 1?,91286016663869440106579321441517791119758623399650093413182256285268638497895,No,2026-08-01T13:00:08+00:00,0.9995
0x28c2673470b401c40df1c4b6434a077ba95959fdf94178abefd7c7d9b5a9a88c,Seoul,Will the highest temperature in Seoul (Incheon) be 34°C on August 1?,91286016663869440106579321441517791119758623399650093413182256285268638497895,No,2026-08-01T13:54:11+00:00,0.9995
0xc529fb69070947b2704fcb3e5baef47ac8a989a8908929372003ce23ea3aa37a,Seoul,Will the highest temperature in Seoul (Incheon) be 35°C or higher on August 1?,37678255753096523077195428428890663563927301273344278644355946679134032687671,Yes,2026-08-01T12:00:12+00:00,0.0005
0xc529fb69070947b2704fcb3e5baef47ac8a989a8908929372003ce23ea3aa37a,Seoul,Will the highest temperature in Seoul (Incheon) be 35°C or higher on August 1?,37678255753096523077195428428890663563927301273344278644355946679134032687671,Yes,2026-08-01T13:00:07+00:00,0.0005
0xc529fb69070947b2704fcb3e5baef47ac8a989a8908929372003ce23ea3aa37a,Seoul,Will the highest temperature in Seoul (Incheon) be 35°C or higher on August 1?,37678255753096523077195428428890663563927301273344278644355946679134032687671,Yes,2026-08-01T13:54:10+00:00,0.0005
0xc529fb69070947b2704fcb3e5baef47ac8a989a8908929372003ce23ea3aa37a,Seoul,Will the highest temperature in Seoul (Incheon) be 35°C or higher on August 1?,79859422423492323098220565105554084495840007687068404845421799507243117731981,No,2026-08-01T12:00:12+00:00,0.9995
0xc529fb69070947b2704fcb3e5baef47ac8a989a8908929372003ce23ea3aa37a,Seoul,Will the highest temperature in Seoul (Incheon) be 35°C or higher on August 1?,79859422423492323098220565105554084495840007687068404845421799507243117731981,No,2026-08-01T13:00:07+00:00,0.9995
0xc529fb69070947b2704fcb3e5baef47ac8a989a8908929372003ce23ea3aa37a,Seoul,Will the highest temperature in Seoul (Incheon) be 35°C or higher on August 1?,79859422423492323098220565105554084495840007687068404845421799507243117731981,No,2026-08-01T13:54:10+00:00,0.9995
0x0823987c3e682a59b0689691c5c49f6fb5097dd30bfebaddca8080506ff5f167,Seoul,Will the lowest temperature in Seoul (Incheon) be 22°C or below on August 1?,115522439040962885739395246092651457967987447921074837961888152943446673568768,Yes,2026-08-01T12:00:12+00:00,0.0005
0x0823987c3e682a59b0689691c5c49f6fb5097dd30bfebaddca8080506ff5f167,Seoul,Will the lowest temperature in Seoul (Incheon) be 22°C or below on August 1?,115522439040962885739395246092651457967987447921074837961888152943446673568768,Yes,2026-08-01T13:00:07+00:00,0.0005
0x0823987c3e682a59b0689691c5c49f6fb5097dd30bfebaddca8080506ff5f167,Seoul,Will the lowest temperature in Seoul (Incheon) be 22°C or below on August 1?,115522439040962885739395246092651457967987447921074837961888152943446673568768,Yes,2026-08-01T13:54:11+00:00,0.0005
0x0823987c3e682a59b0689691c5c49f6fb5097dd30bfebaddca8080506ff5f167,Seoul,Will the lowest temperature in Seoul (Incheon) be 22°C or below on August 1?,87552249633618477863707875185894348714050988462599562852072132010832126159829,No,2026-08-01T12:00:11+00:00,0.9995
0x0823987c3e682a59b0689691c5c49f6fb5097dd30bfebaddca8080506ff5f167,Seoul,Will the lowest temperature in Seoul (Incheon) be 22°C or below on August 1?,87552249633618477863707875185894348714050988462599562852072132010832126159829,No,2026-08-01T13:00:06+00:00,0.9995
0x0823987c3e682a59b0689691c5c49f6fb5097dd30bfebaddca8080506ff5f167,Seoul,Will the lowest temperature in Seoul (Incheon) be 22°C or below on August 1?,87552249633618477863707875185894348714050988462599562852072132010832126159829,No,2026-08-01T13:54:08+00:00,0.9995
0x4de546104719af95cfe6b25654dbf8b7bf7f9bc2c1acbed0c2322fffe87d2384,Seoul,Will the lowest temperature in Seoul (Incheon) be 23°C on August 1?,88532792779642173247160359430410427451612051190999663752140242554041439913550,Yes,2026-08-01T12:00:13+00:00,0.0005
0x4de546104719af95cfe6b25654dbf8b7bf7f9bc2c1acbed0c2322fffe87d2384,Seoul,Will the lowest temperature in Seoul (Incheon) be 23°C on August 1?,88532792779642173247160359430410427451612051190999663752140242554041439913550,Yes,2026-08-01T13:00:08+00:00,0.0005
0x4de546104719af95cfe6b25654dbf8b7bf7f9bc2c1acbed0c2322fffe87d2384,Seoul,Will the lowest temperature in Seoul (Incheon) be 23°C on August 1?,88532792779642173247160359430410427451612051190999663752140242554041439913550,Yes,2026-08-01T13:54:12+00:00,0.0005
0x4de546104719af95cfe6b25654dbf8b7bf7f9bc2c1acbed0c2322fffe87d2384,Seoul,Will the lowest temperature in Seoul (Incheon) be 23°C on August 1?,113031101527207574855272117507870678187937030225515689624088589501185277463705,No,2026-08-01T12:00:13+00:00,0.9995
0x4de546104719af95cfe6b25654dbf8b7bf7f9bc2c1acbed0c2322fffe87d2384,Seoul,Will the lowest temperature in Seoul (Incheon) be 23°C on August 1?,113031101527207574855272117507870678187937030225515689624088589501185277463705,No,2026-08-01T13:00:08+00:00,0.9995
0x4de546104719af95cfe6b25654dbf8b7bf7f9bc2c1acbed0c2322fffe87d2384,Seoul,Will the lowest temperature in Seoul (Incheon) be 23°C on August 1?,113031101527207574855272117507870678187937030225515689624088589501185277463705,No,2026-08-01T13:54:11+00:00,0.9995
0x06db4da938e5c0d234cfec1d8865eabeaed92aadecbb001ef03fa6d3d357ba7e,Seoul,Will the lowest temperature in Seoul (Incheon) be 24°C on August 1?,51050193329669517790992391641810861558990837568533590638759538100702321195012,Yes,2026-08-01T12:00:13+00:00,0.017
0x06db4da938e5c0d234cfec1d8865eabeaed92aadecbb001ef03fa6d3d357ba7e,Seoul,Will the lowest temperature in Seoul (Incheon) be 24°C on August 1?,51050193329669517790992391641810861558990837568533590638759538100702321195012,Yes,2026-08-01T13:00:08+00:00,0.017
0x06db4da938e5c0d234cfec1d8865eabeaed92aadecbb001ef03fa6d3d357ba7e,Seoul,Will the lowest temperature in Seoul (Incheon) be 24°C on August 1?,51050193329669517790992391641810861558990837568533590638759538100702321195012,Yes,2026-08-01T13:54:12+00:00,0.0045
0x06db4da938e5c0d234cfec1d8865eabeaed92aadecbb001ef03fa6d3d357ba7e,Seoul,Will the lowest temperature in Seoul (Incheon) be 24°C on August 1?,49948002326355732779454110442694490331965482400095519617165982554934148299946,No,2026-08-01T12:00:13+00:00,0.983
0x06db4da938e5c0d234cfec1d8865eabeaed92aadecbb001ef03fa6d3d357ba7e,Seoul,Will the lowest temperature in Seoul (Incheon) be 24°C on August 1?,49948002326355732779454110442694490331965482400095519617165982554934148299946,No,2026-08-01T13:00:08+00:00,0.983
0x06db4da938e5c0d234cfec1d8865eabeaed92aadecbb001ef03fa6d3d357ba7e,Seoul,Will the lowest temperature in Seoul (Incheon) be 24°C on August 1?,49948002326355732779454110442694490331965482400095519617165982554934148299946,No,2026-08-01T13:54:12+00:00,0.9955
0x35f7a442d8356a33bebc1396bc76b8edca028f899796bec43f09443f1a7c87da,Seoul,Will the lowest temperature in Seoul (Incheon) be 25°C on August 1?,35235895000458516965826137721191759320795944653432088079812736035497458566053,Yes,2026-08-01T12:00:13+00:00,0.015
0x35f7a442d8356a33bebc1396bc76b8edca028f899796bec43f09443f1a7c87da,Seoul,Will the lowest temperature in Seoul (Incheon) be 25°C on August 1?,35235895000458516965826137721191759320795944653432088079812736035497458566053,Yes,2026-08-01T13:00:08+00:00,0.015
0x35f7a442d8356a33bebc1396bc76b8edca028f899796bec43f09443f1a7c87da,Seoul,Will the lowest temperature in Seoul (Incheon) be 25°C on August 1?,35235895000458516965826137721191759320795944653432088079812736035497458566053,Yes,2026-08-01T13:54:13+00:00,0.015
0x35f7a442d8356a33bebc1396bc76b8edca028f899796bec43f09443f1a7c87da,Seoul,Will the lowest temperature in Seoul (Incheon) be 25°C on August 1?,68514957237065661930972658621748402294422702973836860162005450675879996807290,No,2026-08-01T12:00:13+00:00,0.985
0x35f7a442d8356a33bebc1396bc76b8edca028f899796bec43f09443f1a7c87da,Seoul,Will the lowest temperature in Seoul (Incheon) be 25°C on August 1?,68514957237065661930972658621748402294422702973836860162005450675879996807290,No,2026-08-01T13:00:08+00:00,0.985
0x35f7a442d8356a33bebc1396bc76b8edca028f899796bec43f09443f1a7c87da,Seoul,Will the lowest temperature in Seoul (Incheon) be 25°C on August 1?,68514957237065661930972658621748402294422702973836860162005450675879996807290,No,2026-08-01T13:54:12+00:00,0.985
0x8928aadc76c7187452de9f96a1ff5d38c6974831be26ccdd4d28e220dcacc3ae,Seoul,Will the lowest temperature in Seoul (Incheon) be 26°C on August 1?,97323326723576609720748442661486746228840533830034866894756505274267081213403,Yes,2026-08-01T12:00:13+00:00,0.98
0x8928aadc76c7187452de9f96a1ff5d38c6974831be26ccdd4d28e220dcacc3ae,Seoul,Will the lowest temperature in Seoul (Incheon) be 26°C on August 1?,97323326723576609720748442661486746228840533830034866894756505274267081213403,Yes,2026-08-01T13:00:08+00:00,0.98
0x8928aadc76c7187452de9f96a1ff5d38c6974831be26ccdd4d28e220dcacc3ae,Seoul,Will the lowest temperature in Seoul (Incheon) be 26°C on August 1?,97323326723576609720748442661486746228840533830034866894756505274267081213403,Yes,2026-08-01T13:55:10+00:00,0.985
0x8928aadc76c7187452de9f96a1ff5d38c6974831be26ccdd4d28e220dcacc3ae,Seoul,Will the lowest temperature in Seoul (Incheon) be 26°C on August 1?,1851413710827862409894812327004843553621645653312126535704664927554417764527,No,2026-08-01T12:00:12+00:00,0.02
0x8928aadc76c7187452de9f96a1ff5d38c6974831be26ccdd4d28e220dcacc3ae,Seoul,Will the lowest temperature in Seoul (Incheon) be 26°C on August 1?,1851413710827862409894812327004843553621645653312126535704664927554417764527,No,2026-08-01T13:00:07+00:00,0.02
0x8928aadc76c7187452de9f96a1ff5d38c6974831be26ccdd4d28e220dcacc3ae,Seoul,Will the lowest temperature in Seoul (Incheon) be 26°C on August 1?,1851413710827862409894812327004843553621645653312126535704664927554417764527,No,2026-08-01T13:55:10+00:00,0.015
0xb080a8ad211f8f410d2897235f0ffa9e623bc245e0666f57a04ccc0fa4f54a74,Seoul,Will the lowest temperature in Seoul (Incheon) be 27°C on August 1?,40265105346755331271273644297518986113028452852936180392172640994908265512353,Yes,2026-08-01T12:00:13+00:00,0.0005
0xb080a8ad211f8f410d2897235f0ffa9e623bc245e0666f57a04ccc0fa4f54a74,Seoul,Will the lowest temperature in Seoul (Incheon) be 27°C on August 1?,40265105346755331271273644297518986113028452852936180392172640994908265512353,Yes,2026-08-01T13:00:08+00:00,0.0005
0xb080a8ad211f8f410d2897235f0ffa9e623bc245e0666f57a04ccc0fa4f54a74,Seoul,Will the lowest temperature in Seoul (Incheon) be 27°C on August 1?,40265105346755331271273644297518986113028452852936180392172640994908265512353,Yes,2026-08-01T13:55:11+00:00,0.0005
0xb080a8ad211f8f410d2897235f0ffa9e623bc245e0666f57a04ccc0fa4f54a74,Seoul,Will the lowest temperature in Seoul (Incheon) be 27°C on August 1?,74499595780167200827431137324118895000538842337147595074093109494097665880796,No,2026-08-01T12:00:11+00:00,0.9995
0xb080a8ad211f8f410d2897235f0ffa9e623bc245e0666f57a04ccc0fa4f54a74,Seoul,Will the lowest temperature in Seoul (Incheon) be 27°C on August 1?,74499595780167200827431137324118895000538842337147595074093109494097665880796,No,2026-08-01T13:00:07+00:00,0.9995
0xb080a8ad211f8f410d2897235f0ffa9e623bc245e0666f57a04ccc0fa4f54a74,Seoul,Will the lowest temperature in Seoul (Incheon) be 27°C on August 1?,74499595780167200827431137324118895000538842337147595074093109494097665880796,No,2026-08-01T13:55:10+00:00,0.9995
0x348a59aa6b3bae696d466839a2e7b641e64bd6a303da6ec9cda5882594570b8c,Seoul,Will the lowest temperature in Seoul (Incheon) be 28°C on August 1?,77634721969246490024485222801085128535433035557780869373649638440960182924580,Yes,2026-08-01T12:00:12+00:00,0.0005
0x348a59aa6b3bae696d466839a2e7b641e64bd6a303da6ec9cda5882594570b8c,Seoul,Will the lowest temperature in Seoul (Incheon) be 28°C on August 1?,77634721969246490024485222801085128535433035557780869373649638440960182924580,Yes,2026-08-01T13:00:07+00:00,0.0005
0x348a59aa6b3bae696d466839a2e7b641e64bd6a303da6ec9cda5882594570b8c,Seoul,Will the lowest temperature in Seoul (Incheon) be 28°C on August 1?,77634721969246490024485222801085128535433035557780869373649638440960182924580,Yes,2026-08-01T13:55:10+00:00,0.0005
0x348a59aa6b3bae696d466839a2e7b641e64bd6a303da6ec9cda5882594570b8c,Seoul,Will the lowest temperature in Seoul (Incheon) be 28°C on August 1?,113775806978425023418247280979409498933060406110995404752600053832664374503703,No,2026-08-01T12:00:13+00:00,0.9995
0x348a59aa6b3bae696d466839a2e7b641e64bd6a303da6ec9cda5882594570b8c,Seoul,Will the lowest temperature in Seoul (Incheon) be 28°C on August 1?,113775806978425023418247280979409498933060406110995404752600053832664374503703,No,2026-08-01T13:00:07+00:00,0.9995
0x348a59aa6b3bae696d466839a2e7b641e64bd6a303da6ec9cda5882594570b8c,Seoul,Will the lowest temperature in Seoul (Incheon) be 28°C on August 1?,113775806978425023418247280979409498933060406110995404752600053832664374503703,No,2026-08-01T13:55:10+00:00,0.9995
0xf1285344a09844fae972f315d75a6ac9a9eee56986261ff1043697af1c93b680,Seoul,Will the lowest temperature in Seoul (Incheon) be 29°C on August 1?,93872973583861486619415690971445894360050096430642639099514474602007100203473,Yes,2026-08-01T12:00:12+00:00,0.0005
0xf1285344a09844fae972f315d75a6ac9a9eee56986261ff1043697af1c93b680,Seoul,Will the lowest temperature in Seoul (Incheon) be 29°C on August 1?,93872973583861486619415690971445894360050096430642639099514474602007100203473,Yes,2026-08-01T13:00:07+00:00,0.0005
0xf1285344a09844fae972f315d75a6ac9a9eee56986261ff1043697af1c93b680,Seoul,Will the lowest temperature in Seoul (Incheon) be 29°C on August 1?,93872973583861486619415690971445894360050096430642639099514474602007100203473,Yes,2026-08-01T13:55:10+00:00,0.0005
0xf1285344a09844fae972f315d75a6ac9a9eee56986261ff1043697af1c93b680,Seoul,Will the lowest temperature in Seoul (Incheon) be 29°C on August 1?,59080374115249938551948943063968712429947898676952476639746229585854554331945,No,2026-08-01T12:00:12+00:00,0.9995
0xf1285344a09844fae972f315d75a6ac9a9eee56986261ff1043697af1c93b680,Seoul,Will the lowest temperature in Seoul (Incheon) be 29°C on August 1?,59080374115249938551948943063968712429947898676952476639746229585854554331945,No,2026-08-01T13:00:07+00:00,0.9995
0xf1285344a09844fae972f315d75a6ac9a9eee56986261ff1043697af1c93b680,Seoul,Will the lowest temperature in Seoul (Incheon) be 29°C on August 1?,59080374115249938551948943063968712429947898676952476639746229585854554331945,No,2026-08-01T13:55:10+00:00,0.9995
0xb1b382f92f657b0cfee524d74de6797b5a3af5cac4e8dc1872e35ae528b5af01,Seoul,Will the lowest temperature in Seoul (Incheon) be 30°C on August 1?,32203698952635040383130029186187654391197221132014889480954886774683053876266,Yes,2026-08-01T12:00:12+00:00,0.0005
0xb1b382f92f657b0cfee524d74de6797b5a3af5cac4e8dc1872e35ae528b5af01,Seoul,Will the lowest temperature in Seoul (Incheon) be 30°C on August 1?,32203698952635040383130029186187654391197221132014889480954886774683053876266,Yes,2026-08-01T13:00:07+00:00,0.0005
0xb1b382f92f657b0cfee524d74de6797b5a3af5cac4e8dc1872e35ae528b5af01,Seoul,Will the lowest temperature in Seoul (Incheon) be 30°C on August 1?,32203698952635040383130029186187654391197221132014889480954886774683053876266,Yes,2026-08-01T13:55:10+00:00,0.0005
0xb1b382f92f657b0cfee524d74de6797b5a3af5cac4e8dc1872e35ae528b5af01,Seoul,Will the lowest temperature in Seoul (Incheon) be 30°C on August 1?,110361970022019961347046895118467290402309853033303405900843774321280217780824,No,2026-08-01T12:00:13+00:00,0.9995
0xb1b382f92f657b0cfee524d74de6797b5a3af5cac4e8dc1872e35ae528b5af01,Seoul,Will the lowest temperature in Seoul (Incheon) be 30°C on August 1?,110361970022019961347046895118467290402309853033303405900843774321280217780824,No,2026-08-01T13:00:08+00:00,0.9995
0xb1b382f92f657b0cfee524d74de6797b5a3af5cac4e8dc1872e35ae528b5af01,Seoul,Will the lowest temperature in Seoul (Incheon) be 30°C on August 1?,110361970022019961347046895118467290402309853033303405900843774321280217780824,No,2026-08-01T13:55:11+00:00,0.9995
0x6beee29aa99c8e81bed93d861adc76af80b506c0cbd589b759b63c6d2ebd05f7,Seoul,Will the lowest temperature in Seoul (Incheon) be 31°C on August 1?,69944737276738460714809354496276602902559850144983055356130261738212183146854,Yes,2026-08-01T12:00:12+00:00,0.0005
0x6beee29aa99c8e81bed93d861adc76af80b506c0cbd589b759b63c6d2ebd05f7,Seoul,Will the lowest temperature in Seoul (Incheon) be 31°C on August 1?,69944737276738460714809354496276602902559850144983055356130261738212183146854,Yes,2026-08-01T13:00:07+00:00,0.0005
0x6beee29aa99c8e81bed93d861adc76af80b506c0cbd589b759b63c6d2ebd05f7,Seoul,Will the lowest temperature in Seoul (Incheon) be 31°C on August 1?,69944737276738460714809354496276602902559850144983055356130261738212183146854,Yes,2026-08-01T13:55:10+00:00,0.0005
0x6beee29aa99c8e81bed93d861adc76af80b506c0cbd589b759b63c6d2ebd05f7,Seoul,Will the lowest temperature in Seoul (Incheon) be 31°C on August 1?,107502626787628720120653297918271312257326254623031611806117721005085655880757,No,2026-08-01T12:00:14+00:00,0.9995
0x6beee29aa99c8e81bed93d861adc76af80b506c0cbd589b759b63c6d2ebd05f7,Seoul,Will the lowest temperature in Seoul (Incheon) be 31°C on August 1?,107502626787628720120653297918271312257326254623031611806117721005085655880757,No,2026-08-01T13:00:09+00:00,0.9995
0x6beee29aa99c8e81bed93d861adc76af80b506c0cbd589b759b63c6d2ebd05f7,Seoul,Will the lowest temperature in Seoul (Incheon) be 31°C on August 1?,107502626787628720120653297918271312257326254623031611806117721005085655880757,No,2026-08-01T13:55:11+00:00,0.9995
0xd44d81bcb66538d7d0e613549983a4da6a05161f7d6c0925b39ef41c443c2948,Seoul,Will the lowest temperature in Seoul (Incheon) be 32°C or higher on August 1?,5212430577027452582187714210181130256539114942008666985602980227241497605856,Yes,2026-08-01T12:00:11+00:00,0.0005
0xd44d81bcb66538d7d0e613549983a4da6a05161f7d6c0925b39ef41c443c2948,Seoul,Will the lowest temperature in Seoul (Incheon) be 32°C or higher on August 1?,5212430577027452582187714210181130256539114942008666985602980227241497605856,Yes,2026-08-01T13:00:06+00:00,0.0005
0xd44d81bcb66538d7d0e613549983a4da6a05161f7d6c0925b39ef41c443c2948,Seoul,Will the lowest temperature in Seoul (Incheon) be 32°C or higher on August 1?,5212430577027452582187714210181130256539114942008666985602980227241497605856,Yes,2026-08-01T13:55:09+00:00,0.0005
0xd44d81bcb66538d7d0e613549983a4da6a05161f7d6c0925b39ef41c443c2948,Seoul,Will the lowest temperature in Seoul (Incheon) be 32°C or higher on August 1?,86507058172429976455065385856599288647791994965319423546288345627601150691672,No,2026-08-01T12:00:12+00:00,0.9995
0xd44d81bcb66538d7d0e613549983a4da6a05161f7d6c0925b39ef41c443c2948,Seoul,Will the lowest temperature in Seoul (Incheon) be 32°C or higher on August 1?,86507058172429976455065385856599288647791994965319423546288345627601150691672,No,2026-08-01T13:00:07+00:00,0.9995
0xd44d81bcb66538d7d0e613549983a4da6a05161f7d6c0925b39ef41c443c2948,Seoul,Will the lowest temperature in Seoul (Incheon) be 32°C or higher on August 1?,86507058172429976455065385856599288647791994965319423546288345627601150691672,No,2026-08-01T13:55:10+00:00,0.9995
0x8f4406d40b378090cdd8a9970139902e9bdbb61551d8ce0c23f17c3ce2dad43d,Seoul,Will the highest temperature in Seoul (Incheon) be 25°C or below on August 2?,66591222604066173930886596094423873354352691380395447631434150156295673886229,Yes,2026-08-01T12:00:10+00:00,0.002
0x8f4406d40b378090cdd8a9970139902e9bdbb61551d8ce0c23f17c3ce2dad43d,Seoul,Will the highest temperature in Seoul (Incheon) be 25°C or below on August 2?,66591222604066173930886596094423873354352691380395447631434150156295673886229,Yes,2026-08-01T13:00:06+00:00,0.0005
0x8f4406d40b378090cdd8a9970139902e9bdbb61551d8ce0c23f17c3ce2dad43d,Seoul,Will the highest temperature in Seoul (Incheon) be 25°C or below on August 2?,66591222604066173930886596094423873354352691380395447631434150156295673886229,Yes,2026-08-01T13:55:08+00:00,0.0005
0x8f4406d40b378090cdd8a9970139902e9bdbb61551d8ce0c23f17c3ce2dad43d,Seoul,Will the highest temperature in Seoul (Incheon) be 25°C or below on August 2?,93405891591771185256775226005347019850765450472511385041529194842194427845773,No,2026-08-01T12:00:13+00:00,0.998
0x8f4406d40b378090cdd8a9970139902e9bdbb61551d8ce0c23f17c3ce2dad43d,Seoul,Will the highest temperature in Seoul (Incheon) be 25°C or below on August 2?,93405891591771185256775226005347019850765450472511385041529194842194427845773,No,2026-08-01T13:00:07+00:00,0.9995
0x8f4406d40b378090cdd8a9970139902e9bdbb61551d8ce0c23f17c3ce2dad43d,Seoul,Will the highest temperature in Seoul (Incheon) be 25°C or below on August 2?,93405891591771185256775226005347019850765450472511385041529194842194427845773,No,2026-08-01T13:55:10+00:00,0.9995
0xcae18aa5d40e7b3403b29a51220f6b17d6e1322ffc9956fe858e2b53e130635f,Seoul,Will the highest temperature in Seoul (Incheon) be 26°C on August 2?,81481110514278542626930507844811703448404965274860694710496995680553432251247,Yes,2026-08-01T12:00:10+00:00,0.0015
0xcae18aa5d40e7b3403b29a51220f6b17d6e1322ffc9956fe858e2b53e130635f,Seoul,Will the highest temperature in Seoul (Incheon) be 26°C on August 2?,81481110514278542626930507844811703448404965274860694710496995680553432251247,Yes,2026-08-01T13:00:06+00:00,0.0005
0xcae18aa5d40e7b3403b29a51220f6b17d6e1322ffc9956fe858e2b53e130635f,Seoul,Will the highest temperature in Seoul (Incheon) be 26°C on August 2?,81481110514278542626930507844811703448404965274860694710496995680553432251247,Yes,2026-08-01T13:55:08+00:00,0.0005
0xcae18aa5d40e7b3403b29a51220f6b17d6e1322ffc9956fe858e2b53e130635f,Seoul,Will the highest temperature in Seoul (Incheon) be 26°C on August 2?,77288735134001822348300792724220724146081130234033681707214130486481563994507,No,2026-08-01T12:00:14+00:00,0.9985
0xcae18aa5d40e7b3403b29a51220f6b17d6e1322ffc9956fe858e2b53e130635f,Seoul,Will the highest temperature in Seoul (Incheon) be 26°C on August 2?,77288735134001822348300792724220724146081130234033681707214130486481563994507,No,2026-08-01T13:00:08+00:00,0.9995
0xcae18aa5d40e7b3403b29a51220f6b17d6e1322ffc9956fe858e2b53e130635f,Seoul,Will the highest temperature in Seoul (Incheon) be 26°C on August 2?,77288735134001822348300792724220724146081130234033681707214130486481563994507,No,2026-08-01T13:55:11+00:00,0.9995
0xbcdb3b84d1bcdb26bd926edcbc0a97843473895ab32b0f93026e8c5b5440edcc,Seoul,Will the highest temperature in Seoul (Incheon) be 27°C on August 2?,52071578477397742358270108169412729454608105443989825083153315204367919533539,Yes,2026-08-01T12:00:13+00:00,0.0005
0xbcdb3b84d1bcdb26bd926edcbc0a97843473895ab32b0f93026e8c5b5440edcc,Seoul,Will the highest temperature in Seoul (Incheon) be 27°C on August 2?,52071578477397742358270108169412729454608105443989825083153315204367919533539,Yes,2026-08-01T13:00:08+00:00,0.0005
0xbcdb3b84d1bcdb26bd926edcbc0a97843473895ab32b0f93026e8c5b5440edcc,Seoul,Will the highest temperature in Seoul (Incheon) be 27°C on August 2?,52071578477397742358270108169412729454608105443989825083153315204367919533539,Yes,2026-08-01T13:55:11+00:00,0.0005
0xbcdb3b84d1bcdb26bd926edcbc0a97843473895ab32b0f93026e8c5b5440edcc,Seoul,Will the highest temperature in Seoul (Incheon) be 27°C on August 2?,83591289135596541564475690443763462449720930757118372521971893083114166498987,No,2026-08-01T12:00:13+00:00,0.9995
0xbcdb3b84d1bcdb26bd926edcbc0a97843473895ab32b0f93026e8c5b5440edcc,Seoul,Will the highest temperature in Seoul (Incheon) be 27°C on August 2?,83591289135596541564475690443763462449720930757118372521971893083114166498987,No,2026-08-01T13:00:08+00:00,0.9995
0xbcdb3b84d1bcdb26bd926edcbc0a97843473895ab32b0f93026e8c5b5440edcc,Seoul,Will the highest temperature in Seoul (Incheon) be 27°C on August 2?,83591289135596541564475690443763462449720930757118372521971893083114166498987,No,2026-08-01T13:55:11+00:00,0.9995
0x53c5e8c9174d92d924c2491d0d7948a3b55be3b6dc8873c3028dbe67ca94e0b5,Seoul,Will the highest temperature in Seoul (Incheon) be 28°C on August 2?,43044295978222182011879510432422381823165143999313027721743140069122703134751,Yes,2026-08-01T12:00:13+00:00,0.0015
0x53c5e8c9174d92d924c2491d0d7948a3b55be3b6dc8873c3028dbe67ca94e0b5,Seoul,Will the highest temperature in Seoul (Incheon) be 28°C on August 2?,43044295978222182011879510432422381823165143999313027721743140069122703134751,Yes,2026-08-01T13:00:08+00:00,0.0005
0x53c5e8c9174d92d924c2491d0d7948a3b55be3b6dc8873c3028dbe67ca94e0b5,Seoul,Will the highest temperature in Seoul (Incheon) be 28°C on August 2?,43044295978222182011879510432422381823165143999313027721743140069122703134751,Yes,2026-08-01T13:55:11+00:00,0.0005
0x53c5e8c9174d92d924c2491d0d7948a3b55be3b6dc8873c3028dbe67ca94e0b5,Seoul,Will the highest temperature in Seoul (Incheon) be 28°C on August 2?,110481543834093466495769889817048072781271615100080699131528943062304188633780,No,2026-08-01T12:00:14+00:00,0.9985
0x53c5e8c9174d92d924c2491d0d7948a3b55be3b6dc8873c3028dbe67ca94e0b5,Seoul,Will the highest temperature in Seoul (Incheon) be 28°C on August 2?,110481543834093466495769889817048072781271615100080699131528943062304188633780,No,2026-08-01T13:00:08+00:00,0.9995
0x53c5e8c9174d92d924c2491d0d7948a3b55be3b6dc8873c3028dbe67ca94e0b5,Seoul,Will the highest temperature in Seoul (Incheon) be 28°C on August 2?,110481543834093466495769889817048072781271615100080699131528943062304188633780,No,2026-08-01T13:55:11+00:00,0.9995
0x037d7c0a086965735f9c6a394933c0ee0cc2a5500b138429dd7e8e9550aa1058,Seoul,Will the highest temperature in Seoul (Incheon) be 29°C on August 2?,71681723775256219499297835992107963815141981243112474277021631906406235771427,Yes,2026-08-01T12:00:14+00:00,0.0055
0x037d7c0a086965735f9c6a394933c0ee0cc2a5500b138429dd7e8e9550aa1058,Seoul,Will the highest temperature in Seoul (Incheon) be 29°C on August 2?,71681723775256219499297835992107963815141981243112474277021631906406235771427,Yes,2026-08-01T13:00:09+00:00,0.005
0x037d7c0a086965735f9c6a394933c0ee0cc2a5500b138429dd7e8e9550aa1058,Seoul,Will the highest temperature in Seoul (Incheon) be 29°C on August 2?,71681723775256219499297835992107963815141981243112474277021631906406235771427,Yes,2026-08-01T13:55:11+00:00,0.0045
0x037d7c0a086965735f9c6a394933c0ee0cc2a5500b138429dd7e8e9550aa1058,Seoul,Will the highest temperature in Seoul (Incheon) be 29°C on August 2?,27539645705331745296781738391459692602200928960699436958546793601011806194379,No,2026-08-01T12:00:12+00:00,0.9945
0x037d7c0a086965735f9c6a394933c0ee0cc2a5500b138429dd7e8e9550aa1058,Seoul,Will the highest temperature in Seoul (Incheon) be 29°C on August 2?,27539645705331745296781738391459692602200928960699436958546793601011806194379,No,2026-08-01T13:00:07+00:00,0.995
0x037d7c0a086965735f9c6a394933c0ee0cc2a5500b138429dd7e8e9550aa1058,Seoul,Will the highest temperature in Seoul (Incheon) be 29°C on August 2?,27539645705331745296781738391459692602200928960699436958546793601011806194379,No,2026-08-01T13:55:10+00:00,0.9955
0x1816582f5b156591cc0b6fb53c14f2db5f407b727b1d4b504f1f670a21936896,Seoul,Will the highest temperature in Seoul (Incheon) be 30°C on August 2?,70648478783912744186273943880836846795149460969403616902910007761529959614009,Yes,2026-08-01T12:00:12+00:00,0.035
0x1816582f5b156591cc0b6fb53c14f2db5f407b727b1d4b504f1f670a21936896,Seoul,Will the highest temperature in Seoul (Incheon) be 30°C on August 2?,70648478783912744186273943880836846795149460969403616902910007761529959614009,Yes,2026-08-01T13:00:07+00:00,0.015
0x1816582f5b156591cc0b6fb53c14f2db5f407b727b1d4b504f1f670a21936896,Seoul,Will the highest temperature in Seoul (Incheon) be 30°C on August 2?,70648478783912744186273943880836846795149460969403616902910007761529959614009,Yes,2026-08-01T13:55:10+00:00,0.015
0x1816582f5b156591cc0b6fb53c14f2db5f407b727b1d4b504f1f670a21936896,Seoul,Will the highest temperature in Seoul (Incheon) be 30°C on August 2?,67221079191086699567013885351143564705876631397186001184348791550292030782300,No,2026-08-01T12:00:13+00:00,0.965
0x1816582f5b156591cc0b6fb53c14f2db5f407b727b1d4b504f1f670a21936896,Seoul,Will the highest temperature in Seoul (Incheon) be 30°C on August 2?,67221079191086699567013885351143564705876631397186001184348791550292030782300,No,2026-08-01T13:00:08+00:00,0.985
0x1816582f5b156591cc0b6fb53c14f2db5f407b727b1d4b504f1f670a21936896,Seoul,Will the highest temperature in Seoul (Incheon) be 30°C on August 2?,67221079191086699567013885351143564705876631397186001184348791550292030782300,No,2026-08-01T13:55:11+00:00,0.985
0xfbdda32f781dc6577e9fa7cfe3eb99302b0f058b11aa23cda2d6e4b98c6c23f0,Seoul,Will the highest temperature in Seoul (Incheon) be 31°C on August 2?,106164195963322539237600867004010571681833413116457277735386195213485645273154,Yes,2026-08-01T12:00:12+00:00,0.215
0xfbdda32f781dc6577e9fa7cfe3eb99302b0f058b11aa23cda2d6e4b98c6c23f0,Seoul,Will the highest temperature in Seoul (Incheon) be 31°C on August 2?,106164195963322539237600867004010571681833413116457277735386195213485645273154,Yes,2026-08-01T13:00:07+00:00,0.195
0xfbdda32f781dc6577e9fa7cfe3eb99302b0f058b11aa23cda2d6e4b98c6c23f0,Seoul,Will the highest temperature in Seoul (Incheon) be 31°C on August 2?,106164195963322539237600867004010571681833413116457277735386195213485645273154,Yes,2026-08-01T13:55:10+00:00,0.195
0xfbdda32f781dc6577e9fa7cfe3eb99302b0f058b11aa23cda2d6e4b98c6c23f0,Seoul,Will the highest temperature in Seoul (Incheon) be 31°C on August 2?,19080726419775090995774552719309189099605108646416762776042932669141431077792,No,2026-08-01T12:00:13+00:00,0.785
0xfbdda32f781dc6577e9fa7cfe3eb99302b0f058b11aa23cda2d6e4b98c6c23f0,Seoul,Will the highest temperature in Seoul (Incheon) be 31°C on August 2?,19080726419775090995774552719309189099605108646416762776042932669141431077792,No,2026-08-01T13:00:08+00:00,0.805
0xfbdda32f781dc6577e9fa7cfe3eb99302b0f058b11aa23cda2d6e4b98c6c23f0,Seoul,Will the highest temperature in Seoul (Incheon) be 31°C on August 2?,19080726419775090995774552719309189099605108646416762776042932669141431077792,No,2026-08-01T13:55:11+00:00,0.805
0x6de471316b2b2e13ca7523d7b6502318a44df17efabc05fa749257ecbc775918,Seoul,Will the highest temperature in Seoul (Incheon) be 32°C on August 2?,74726348295018315903000947656994195116142219970397544460284135519691024583171,Yes,2026-08-01T12:00:14+00:00,0.435
0x6de471316b2b2e13ca7523d7b6502318a44df17efabc05fa749257ecbc775918,Seoul,Will the highest temperature in Seoul (Incheon) be 32°C on August 2?,74726348295018315903000947656994195116142219970397544460284135519691024583171,Yes,2026-08-01T13:00:08+00:00,0.47
0x6de471316b2b2e13ca7523d7b6502318a44df17efabc05fa749257ecbc775918,Seoul,Will the highest temperature in Seoul (Incheon) be 32°C on August 2?,74726348295018315903000947656994195116142219970397544460284135519691024583171,Yes,2026-08-01T13:55:11+00:00,0.47
0x6de471316b2b2e13ca7523d7b6502318a44df17efabc05fa749257ecbc775918,Seoul,Will the highest temperature in Seoul (Incheon) be 32°C on August 2?,44678106903686385973066516921024786470531296063310778938154206637111437592430,No,2026-08-01T12:00:14+00:00,0.565
0x6de471316b2b2e13ca7523d7b6502318a44df17efabc05fa749257ecbc775918,Seoul,Will the highest temperature in Seoul (Incheon) be 32°C on August 2?,44678106903686385973066516921024786470531296063310778938154206637111437592430,No,2026-08-01T13:00:08+00:00,0.53
0x6de471316b2b2e13ca7523d7b6502318a44df17efabc05fa749257ecbc775918,Seoul,Will the highest temperature in Seoul (Incheon) be 32°C on August 2?,44678106903686385973066516921024786470531296063310778938154206637111437592430,No,2026-08-01T13:55:11+00:00,0.53
0xd4bbc787b84a7b2691bdea4d3342113f6f2f56612874ab1a55a610de38adf7f4,Seoul,Will the highest temperature in Seoul (Incheon) be 33°C on August 2?,115626287630871567564999197285022189562919775071226954908808204444889660373563,Yes,2026-08-01T12:00:13+00:00,0.305
0xd4bbc787b84a7b2691bdea4d3342113f6f2f56612874ab1a55a610de38adf7f4,Seoul,Will the highest temperature in Seoul (Incheon) be 33°C on August 2?,115626287630871567564999197285022189562919775071226954908808204444889660373563,Yes,2026-08-01T13:00:08+00:00,0.285
0xd4bbc787b84a7b2691bdea4d3342113f6f2f56612874ab1a55a610de38adf7f4,Seoul,Will the highest temperature in Seoul (Incheon) be 33°C on August 2?,115626287630871567564999197285022189562919775071226954908808204444889660373563,Yes,2026-08-01T13:55:11+00:00,0.285
0xd4bbc787b84a7b2691bdea4d3342113f6f2f56612874ab1a55a610de38adf7f4,Seoul,Will the highest temperature in Seoul (Incheon) be 33°C on August 2?,22480372213996193167953416279209498495429127108874111596485542091610426173913,No,2026-08-01T12:00:10+00:00,0.695
0xd4bbc787b84a7b2691bdea4d3342113f6f2f56612874ab1a55a610de38adf7f4,Seoul,Will the highest temperature in Seoul (Incheon) be 33°C on August 2?,22480372213996193167953416279209498495429127108874111596485542091610426173913,No,2026-08-01T13:00:06+00:00,0.715
0xd4bbc787b84a7b2691bdea4d3342113f6f2f56612874ab1a55a610de38adf7f4,Seoul,Will the highest temperature in Seoul (Incheon) be 33°C on August 2?,22480372213996193167953416279209498495429127108874111596485542091610426173913,No,2026-08-01T13:55:08+00:00,0.715
0xd9becfec66c3181649e0612818f6e42d483aa51af23ad84ce8564118ecd858d6,Seoul,Will the highest temperature in Seoul (Incheon) be 34°C on August 2?,107876850448483719708555188347639794949505190656708025785576223466627497209386,Yes,2026-08-01T12:00:14+00:00,0.035
0xd9becfec66c3181649e0612818f6e42d483aa51af23ad84ce8564118ecd858d6,Seoul,Will the highest temperature in Seoul (Incheon) be 34°C on August 2?,107876850448483719708555188347639794949505190656708025785576223466627497209386,Yes,2026-08-01T13:00:08+00:00,0.03
0xd9becfec66c3181649e0612818f6e42d483aa51af23ad84ce8564118ecd858d6,Seoul,Will the highest temperature in Seoul (Incheon) be 34°C on August 2?,107876850448483719708555188347639794949505190656708025785576223466627497209386,Yes,2026-08-01T13:55:11+00:00,0.025
0xd9becfec66c3181649e0612818f6e42d483aa51af23ad84ce8564118ecd858d6,Seoul,Will the highest temperature in Seoul (Incheon) be 34°C on August 2?,3952571701804725222106174106305870655525807574089789055184986059272487951377,No,2026-08-01T12:00:12+00:00,0.965
0xd9becfec66c3181649e0612818f6e42d483aa51af23ad84ce8564118ecd858d6,Seoul,Will the highest temperature in Seoul (Incheon) be 34°C on August 2?,3952571701804725222106174106305870655525807574089789055184986059272487951377,No,2026-08-01T13:00:07+00:00,0.97
0xd9becfec66c3181649e0612818f6e42d483aa51af23ad84ce8564118ecd858d6,Seoul,Will the highest temperature in Seoul (Incheon) be 34°C on August 2?,3952571701804725222106174106305870655525807574089789055184986059272487951377,No,2026-08-01T13:55:10+00:00,0.975
0x0155c0dd906bcb1b5fd3fb8673a54b70973ad9d4865438b410eec1a5f24d576d,Seoul,Will the highest temperature in Seoul (Incheon) be 35°C or higher on August 2?,59604589291894658609447211929535156814738724975861670094035227485370658205565,Yes,2026-08-01T12:00:12+00:00,0.025
0x0155c0dd906bcb1b5fd3fb8673a54b70973ad9d4865438b410eec1a5f24d576d,Seoul,Will the highest temperature in Seoul (Incheon) be 35°C or higher on August 2?,59604589291894658609447211929535156814738724975861670094035227485370658205565,Yes,2026-08-01T13:00:07+00:00,0.025
0x0155c0dd906bcb1b5fd3fb8673a54b70973ad9d4865438b410eec1a5f24d576d,Seoul,Will the highest temperature in Seoul (Incheon) be 35°C or higher on August 2?,59604589291894658609447211929535156814738724975861670094035227485370658205565,Yes,2026-08-01T13:55:10+00:00,0.02
0x0155c0dd906bcb1b5fd3fb8673a54b70973ad9d4865438b410eec1a5f24d576d,Seoul,Will the highest temperature in Seoul (Incheon) be 35°C or higher on August 2?,25613889125737923557243960688368541919118413674820123896619160087054458849880,No,2026-08-01T12:00:13+00:00,0.975
0x0155c0dd906bcb1b5fd3fb8673a54b70973ad9d4865438b410eec1a5f24d576d,Seoul,Will the highest temperature in Seoul (Incheon) be 35°C or higher on August 2?,25613889125737923557243960688368541919118413674820123896619160087054458849880,No,2026-08-01T13:00:08+00:00,0.975
0x0155c0dd906bcb1b5fd3fb8673a54b70973ad9d4865438b410eec1a5f24d576d,Seoul,Will the highest temperature in Seoul (Incheon) be 35°C or higher on August 2?,25613889125737923557243960688368541919118413674820123896619160087054458849880,No,2026-08-01T13:55:11+00:00,0.98
0x99b6a2d2fd56b202337b210ca0042191e7c52d063713149141866df8efe00c0b,Seoul,Will the lowest temperature in Seoul (Incheon) be 22°C or below on August 2?,32086589326295922812945226397892233452125516547137932400641554731205404271134,Yes,2026-08-01T12:00:12+00:00,0.0015
0x99b6a2d2fd56b202337b210ca0042191e7c52d063713149141866df8efe00c0b,Seoul,Will the lowest temperature in Seoul (Incheon) be 22°C or below on August 2?,32086589326295922812945226397892233452125516547137932400641554731205404271134,Yes,2026-08-01T13:00:07+00:00,0.0015
0x99b6a2d2fd56b202337b210ca0042191e7c52d063713149141866df8efe00c0b,Seoul,Will the lowest temperature in Seoul (Incheon) be 22°C or below on August 2?,32086589326295922812945226397892233452125516547137932400641554731205404271134,Yes,2026-08-01T13:55:10+00:00,0.0015
0x99b6a2d2fd56b202337b210ca0042191e7c52d063713149141866df8efe00c0b,Seoul,Will the lowest temperature in Seoul (Incheon) be 22°C or below on August 2?,20549732338262514944971869238923177022206302651899668736183077413124966948048,No,2026-08-01T12:00:13+00:00,0.9985
0x99b6a2d2fd56b202337b210ca0042191e7c52d063713149141866df8efe00c0b,Seoul,Will the lowest temperature in Seoul (Incheon) be 22°C or below on August 2?,20549732338262514944971869238923177022206302651899668736183077413124966948048,No,2026-08-01T13:00:08+00:00,0.9985
0x99b6a2d2fd56b202337b210ca0042191e7c52d063713149141866df8efe00c0b,Seoul,Will the lowest temperature in Seoul (Incheon) be 22°C or below on August 2?,20549732338262514944971869238923177022206302651899668736183077413124966948048,No,2026-08-01T13:55:10+00:00,0.9985
0x7a9ba158411e657c361af63c83da8a98be8108d2cf485d8201f97138ff0c4381,Seoul,Will the lowest temperature in Seoul (Incheon) be 23°C on August 2?,19661085223192458304692828038097321745168161382613501944948638613504867667424,Yes,2026-08-01T12:00:14+00:00,0.0015
0x7a9ba158411e657c361af63c83da8a98be8108d2cf485d8201f97138ff0c4381,Seoul,Will the lowest temperature in Seoul (Incheon) be 23°C on August 2?,19661085223192458304692828038097321745168161382613501944948638613504867667424,Yes,2026-08-01T13:00:09+00:00,0.0015
0x7a9ba158411e657c361af63c83da8a98be8108d2cf485d8201f97138ff0c4381,Seoul,Will the lowest temperature in Seoul (Incheon) be 23°C on August 2?,19661085223192458304692828038097321745168161382613501944948638613504867667424,Yes,2026-08-01T13:55:11+00:00,0.0055
0x7a9ba158411e657c361af63c83da8a98be8108d2cf485d8201f97138ff0c4381,Seoul,Will the lowest temperature in Seoul (Incheon) be 23°C on August 2?,8328514249599522178096918297429218437168427241709249707354698263723471643030,No,2026-08-01T12:00:10+00:00,0.9985
0x7a9ba158411e657c361af63c83da8a98be8108d2cf485d8201f97138ff0c4381,Seoul,Will the lowest temperature in Seoul (Incheon) be 23°C on August 2?,8328514249599522178096918297429218437168427241709249707354698263723471643030,No,2026-08-01T13:00:06+00:00,0.9985
0x7a9ba158411e657c361af63c83da8a98be8108d2cf485d8201f97138ff0c4381,Seoul,Will the lowest temperature in Seoul (Incheon) be 23°C on August 2?,8328514249599522178096918297429218437168427241709249707354698263723471643030,No,2026-08-01T13:55:08+00:00,0.9945
0x65c3b452e7f70a2f38d204c00c4cd25378e1e2d1f7195cd576e3617f37ad07ef,Seoul,Will the lowest temperature in Seoul (Incheon) be 24°C on August 2?,53388676400618047283806831984927227381993774787270054910331744960587712738059,Yes,2026-08-01T12:00:10+00:00,0.01
0x65c3b452e7f70a2f38d204c00c4cd25378e1e2d1f7195cd576e3617f37ad07ef,Seoul,Will the lowest temperature in Seoul (Incheon) be 24°C on August 2?,53388676400618047283806831984927227381993774787270054910331744960587712738059,Yes,2026-08-01T13:00:06+00:00,0.01
0x65c3b452e7f70a2f38d204c00c4cd25378e1e2d1f7195cd576e3617f37ad07ef,Seoul,Will the lowest temperature in Seoul (Incheon) be 24°C on August 2?,53388676400618047283806831984927227381993774787270054910331744960587712738059,Yes,2026-08-01T13:55:08+00:00,0.01
0x65c3b452e7f70a2f38d204c00c4cd25378e1e2d1f7195cd576e3617f37ad07ef,Seoul,Will the lowest temperature in Seoul (Incheon) be 24°C on August 2?,29290337112977534161755325275556575348646726680771017211353175010422934770795,No,2026-08-01T12:00:11+00:00,0.99
0x65c3b452e7f70a2f38d204c00c4cd25378e1e2d1f7195cd576e3617f37ad07ef,Seoul,Will the lowest temperature in Seoul (Incheon) be 24°C on August 2?,29290337112977534161755325275556575348646726680771017211353175010422934770795,No,2026-08-01T13:00:07+00:00,0.99
0x65c3b452e7f70a2f38d204c00c4cd25378e1e2d1f7195cd576e3617f37ad07ef,Seoul,Will the lowest temperature in Seoul (Incheon) be 24°C on August 2?,29290337112977534161755325275556575348646726680771017211353175010422934770795,No,2026-08-01T13:55:10+00:00,0.99
0x52f513ce450283a9d96cd2621314260c20e86f3c95e3aad52b8eba7e7e93580d,Seoul,Will the lowest temperature in Seoul (Incheon) be 25°C on August 2?,99293531477611937554618064290984847735394200470457772593685205323497483466794,Yes,2026-08-01T12:00:14+00:00,0.195
0x52f513ce450283a9d96cd2621314260c20e86f3c95e3aad52b8eba7e7e93580d,Seoul,Will the lowest temperature in Seoul (Incheon) be 25°C on August 2?,99293531477611937554618064290984847735394200470457772593685205323497483466794,Yes,2026-08-01T13:00:08+00:00,0.2
0x52f513ce450283a9d96cd2621314260c20e86f3c95e3aad52b8eba7e7e93580d,Seoul,Will the lowest temperature in Seoul (Incheon) be 25°C on August 2?,99293531477611937554618064290984847735394200470457772593685205323497483466794,Yes,2026-08-01T13:55:11+00:00,0.2
0x52f513ce450283a9d96cd2621314260c20e86f3c95e3aad52b8eba7e7e93580d,Seoul,Will the lowest temperature in Seoul (Incheon) be 25°C on August 2?,93863809335877655361574018550390358957805615973014291278437717165081279939479,No,2026-08-01T12:00:10+00:00,0.805
0x52f513ce450283a9d96cd2621314260c20e86f3c95e3aad52b8eba7e7e93580d,Seoul,Will the lowest temperature in Seoul (Incheon) be 25°C on August 2?,93863809335877655361574018550390358957805615973014291278437717165081279939479,No,2026-08-01T13:00:06+00:00,0.8
0x52f513ce450283a9d96cd2621314260c20e86f3c95e3aad52b8eba7e7e93580d,Seoul,Will the lowest temperature in Seoul (Incheon) be 25°C on August 2?,93863809335877655361574018550390358957805615973014291278437717165081279939479,No,2026-08-01T13:55:08+00:00,0.8
0xad865a991ed23049ff8a9f73175335e78c06499ce47cf6295a9043956bc2744e,Seoul,Will the lowest temperature in Seoul (Incheon) be 26°C on August 2?,55406766889916708736508872335887761858017890793354588280479341906145411657538,Yes,2026-08-01T12:00:11+00:00,0.545
0xad865a991ed23049ff8a9f73175335e78c06499ce47cf6295a9043956bc2744e,Seoul,Will the lowest temperature in Seoul (Incheon) be 26°C on August 2?,55406766889916708736508872335887761858017890793354588280479341906145411657538,Yes,2026-08-01T13:00:07+00:00,0.545
0xad865a991ed23049ff8a9f73175335e78c06499ce47cf6295a9043956bc2744e,Seoul,Will the lowest temperature in Seoul (Incheon) be 26°C on August 2?,55406766889916708736508872335887761858017890793354588280479341906145411657538,Yes,2026-08-01T13:50:10+00:00,0.55
0xad865a991ed23049ff8a9f73175335e78c06499ce47cf6295a9043956bc2744e,Seoul,Will the lowest temperature in Seoul (Incheon) be 26°C on August 2?,33906879690735312915797602178330062529267396436102044709518654311404878413632,No,2026-08-01T12:00:11+00:00,0.455
0xad865a991ed23049ff8a9f73175335e78c06499ce47cf6295a9043956bc2744e,Seoul,Will the lowest temperature in Seoul (Incheon) be 26°C on August 2?,33906879690735312915797602178330062529267396436102044709518654311404878413632,No,2026-08-01T13:00:06+00:00,0.455
0xad865a991ed23049ff8a9f73175335e78c06499ce47cf6295a9043956bc2744e,Seoul,Will the lowest temperature in Seoul (Incheon) be 26°C on August 2?,33906879690735312915797602178330062529267396436102044709518654311404878413632,No,2026-08-01T13:55:09+00:00,0.45
0x17357867978f6f333e03ff4075744a83324835b922efc07640200574d555d507,Seoul,Will the lowest temperature in Seoul (Incheon) be 27°C on August 2?,103270084214336426316313599841004814479063965338598824048322564869168251898064,Yes,2026-08-01T12:00:12+00:00,0.255
0x17357867978f6f333e03ff4075744a83324835b922efc07640200574d555d507,Seoul,Will the lowest temperature in Seoul (Incheon) be 27°C on August 2?,103270084214336426316313599841004814479063965338598824048322564869168251898064,Yes,2026-08-01T13:00:07+00:00,0.255
0x17357867978f6f333e03ff4075744a83324835b922efc07640200574d555d507,Seoul,Will the lowest temperature in Seoul (Incheon) be 27°C on August 2?,103270084214336426316313599841004814479063965338598824048322564869168251898064,Yes,2026-08-01T13:55:10+00:00,0.255
0x17357867978f6f333e03ff4075744a83324835b922efc07640200574d555d507,Seoul,Will the lowest temperature in Seoul (Incheon) be 27°C on August 2?,48633960370269540040105950802709725855097489138331361067761713585827335484662,No,2026-08-01T12:00:13+00:00,0.745
0x17357867978f6f333e03ff4075744a83324835b922efc07640200574d555d507,Seoul,Will the lowest temperature in Seoul (Incheon) be 27°C on August 2?,48633960370269540040105950802709725855097489138331361067761713585827335484662,No,2026-08-01T13:00:08+00:00,0.745
0x17357867978f6f333e03ff4075744a83324835b922efc07640200574d555d507,Seoul,Will the lowest temperature in Seoul (Incheon) be 27°C on August 2?,48633960370269540040105950802709725855097489138331361067761713585827335484662,No,2026-08-01T13:55:11+00:00,0.745
0xfa3817f91b09562475ceb5c5db864aa564fe809eeb85fe1a4a5853eea4ea21ec,Seoul,Will the lowest temperature in Seoul (Incheon) be 28°C on August 2?,57232593022187790465577088208849339503057148464937128411504488702218250455540,Yes,2026-08-01T12:00:12+00:00,0.01
0xfa3817f91b09562475ceb5c5db864aa564fe809eeb85fe1a4a5853eea4ea21ec,Seoul,Will the lowest temperature in Seoul (Incheon) be 28°C on August 2?,57232593022187790465577088208849339503057148464937128411504488702218250455540,Yes,2026-08-01T13:00:07+00:00,0.01
0xfa3817f91b09562475ceb5c5db864aa564fe809eeb85fe1a4a5853eea4ea21ec,Seoul,Will the lowest temperature in Seoul (Incheon) be 28°C on August 2?,57232593022187790465577088208849339503057148464937128411504488702218250455540,Yes,2026-08-01T13:55:10+00:00,0.01
0xfa3817f91b09562475ceb5c5db864aa564fe809eeb85fe1a4a5853eea4ea21ec,Seoul,Will the lowest temperature in Seoul (Incheon) be 28°C on August 2?,79715474401106128378366279818347250510287980891176749896761788248011538156470,No,2026-08-01T12:00:13+00:00,0.99
0xfa3817f91b09562475ceb5c5db864aa564fe809eeb85fe1a4a5853eea4ea21ec,Seoul,Will the lowest temperature in Seoul (Incheon) be 28°C on August 2?,79715474401106128378366279818347250510287980891176749896761788248011538156470,No,2026-08-01T13:00:08+00:00,0.99
0xfa3817f91b09562475ceb5c5db864aa564fe809eeb85fe1a4a5853eea4ea21ec,Seoul,Will the lowest temperature in Seoul (Incheon) be 28°C on August 2?,79715474401106128378366279818347250510287980891176749896761788248011538156470,No,2026-08-01T13:55:11+00:00,0.99
0xce117988f36a9b2217657c6425e7f681b6ff6c05e5d498497532a3fc27f2f072,Seoul,Will the lowest temperature in Seoul (Incheon) be 29°C on August 2?,41558358134164618301497201068390057664377185102829989012592190731772869357421,Yes,2026-08-01T12:00:10+00:00,0.0015
0xce117988f36a9b2217657c6425e7f681b6ff6c05e5d498497532a3fc27f2f072,Seoul,Will the lowest temperature in Seoul (Incheon) be 29°C on August 2?,41558358134164618301497201068390057664377185102829989012592190731772869357421,Yes,2026-08-01T13:00:06+00:00,0.0015
0xce117988f36a9b2217657c6425e7f681b6ff6c05e5d498497532a3fc27f2f072,Seoul,Will the lowest temperature in Seoul (Incheon) be 29°C on August 2?,41558358134164618301497201068390057664377185102829989012592190731772869357421,Yes,2026-08-01T13:55:08+00:00,0.0005
0xce117988f36a9b2217657c6425e7f681b6ff6c05e5d498497532a3fc27f2f072,Seoul,Will the lowest temperature in Seoul (Incheon) be 29°C on August 2?,56945602289316687914232188133423193665925540577705653410006990725503163393041,No,2026-08-01T12:00:11+00:00,0.9985
0xce117988f36a9b2217657c6425e7f681b6ff6c05e5d498497532a3fc27f2f072,Seoul,Will the lowest temperature in Seoul (Incheon) be 29°C on August 2?,56945602289316687914232188133423193665925540577705653410006990725503163393041,No,2026-08-01T13:00:06+00:00,0.9985
0xce117988f36a9b2217657c6425e7f681b6ff6c05e5d498497532a3fc27f2f072,Seoul,Will the lowest temperature in Seoul (Incheon) be 29°C on August 2?,56945602289316687914232188133423193665925540577705653410006990725503163393041,No,2026-08-01T13:55:09+00:00,0.9995
0x188633794f144380e0c2773fb78140b0016574eccb4c72d36394280018e680ce,Seoul,Will the lowest temperature in Seoul (Incheon) be 30°C on August 2?,8091099450966113210747505103544797438897575439825698845935863688120872775883,Yes,2026-08-01T12:00:12+00:00,0.003
0x188633794f144380e0c2773fb78140b0016574eccb4c72d36394280018e680ce,Seoul,Will the lowest temperature in Seoul (Incheon) be 30°C on August 2?,8091099450966113210747505103544797438897575439825698845935863688120872775883,Yes,2026-08-01T13:00:07+00:00,0.003
0x188633794f144380e0c2773fb78140b0016574eccb4c72d36394280018e680ce,Seoul,Will the lowest temperature in Seoul (Incheon) be 30°C on August 2?,8091099450966113210747505103544797438897575439825698845935863688120872775883,Yes,2026-08-01T13:55:10+00:00,0.0015
0x188633794f144380e0c2773fb78140b0016574eccb4c72d36394280018e680ce,Seoul,Will the lowest temperature in Seoul (Incheon) be 30°C on August 2?,77583263506305762032028596408939301039342011080128111583883748779789161418913,No,2026-08-01T12:00:13+00:00,0.997
0x188633794f144380e0c2773fb78140b0016574eccb4c72d36394280018e680ce,Seoul,Will the lowest temperature in Seoul (Incheon) be 30°C on August 2?,77583263506305762032028596408939301039342011080128111583883748779789161418913,No,2026-08-01T13:00:08+00:00,0.997
0x188633794f144380e0c2773fb78140b0016574eccb4c72d36394280018e680ce,Seoul,Will the lowest temperature in Seoul (Incheon) be 30°C on August 2?,77583263506305762032028596408939301039342011080128111583883748779789161418913,No,2026-08-01T13:55:11+00:00,0.9985
0x0455e51903f52b3280437b2b0ad37a2d28e4f32164fdb5788900bd6eb28f230e,Seoul,Will the lowest temperature in Seoul (Incheon) be 31°C on August 2?,114743770927178202887513140766295181165791095884743041523460403856844947837188,Yes,2026-08-01T12:00:13+00:00,0.0015
0x0455e51903f52b3280437b2b0ad37a2d28e4f32164fdb5788900bd6eb28f230e,Seoul,Will the lowest temperature in Seoul (Incheon) be 31°C on August 2?,114743770927178202887513140766295181165791095884743041523460403856844947837188,Yes,2026-08-01T13:00:08+00:00,0.0015
0x0455e51903f52b3280437b2b0ad37a2d28e4f32164fdb5788900bd6eb28f230e,Seoul,Will the lowest temperature in Seoul (Incheon) be 31°C on August 2?,114743770927178202887513140766295181165791095884743041523460403856844947837188,Yes,2026-08-01T13:55:11+00:00,0.001
0x0455e51903f52b3280437b2b0ad37a2d28e4f32164fdb5788900bd6eb28f230e,Seoul,Will the lowest temperature in Seoul (Incheon) be 31°C on August 2?,95879564636949719955786910429515632159690183109462758699632086869187808522640,No,2026-08-01T12:00:11+00:00,0.9985
0x0455e51903f52b3280437b2b0ad37a2d28e4f32164fdb5788900bd6eb28f230e,Seoul,Will the lowest temperature in Seoul (Incheon) be 31°C on August 2?,95879564636949719955786910429515632159690183109462758699632086869187808522640,No,2026-08-01T13:00:07+00:00,0.9985
0x0455e51903f52b3280437b2b0ad37a2d28e4f32164fdb5788900bd6eb28f230e,Seoul,Will the lowest temperature in Seoul (Incheon) be 31°C on August 2?,95879564636949719955786910429515632159690183109462758699632086869187808522640,No,2026-08-01T13:55:10+00:00,0.999
0x39afc47f19ede8ec31b84f24f39cc0412a885ebfac6b741ec3f1230bc8a6c7e1,Seoul,Will the lowest temperature in Seoul (Incheon) be 32°C or higher on August 2?,87707409115176679165424013707960564573227881037455295135543035383952462382917,Yes,2026-08-01T12:00:12+00:00,0.0005
0x39afc47f19ede8ec31b84f24f39cc0412a885ebfac6b741ec3f1230bc8a6c7e1,Seoul,Will the lowest temperature in Seoul (Incheon) be 32°C or higher on August 2?,87707409115176679165424013707960564573227881037455295135543035383952462382917,Yes,2026-08-01T13:00:07+00:00,0.0005
0x39afc47f19ede8ec31b84f24f39cc0412a885ebfac6b741ec3f1230bc8a6c7e1,Seoul,Will the lowest temperature in Seoul (Incheon) be 32°C or higher on August 2?,87707409115176679165424013707960564573227881037455295135543035383952462382917,Yes,2026-08-01T13:55:10+00:00,0.0005
0x39afc47f19ede8ec31b84f24f39cc0412a885ebfac6b741ec3f1230bc8a6c7e1,Seoul,Will the lowest temperature in Seoul (Incheon) be 32°C or higher on August 2?,948859234860412971759784579927644357778703327161861173719730772733956679423,No,2026-08-01T12:00:11+00:00,0.9995
0x39afc47f19ede8ec31b84f24f39cc0412a885ebfac6b741ec3f1230bc8a6c7e1,Seoul,Will the lowest temperature in Seoul (Incheon) be 32°C or higher on August 2?,948859234860412971759784579927644357778703327161861173719730772733956679423,No,2026-08-01T13:00:07+00:00,0.9995
0x39afc47f19ede8ec31b84f24f39cc0412a885ebfac6b741ec3f1230bc8a6c7e1,Seoul,Will the lowest temperature in Seoul (Incheon) be 32°C or higher on August 2?,948859234860412971759784579927644357778703327161861173719730772733956679423,No,2026-08-01T13:55:10+00:00,0.9995
0x1c8074574af0d3eff133fe19cc21a01128c6808a49f9a00f5135fde6003a11a1,Seoul,Will the highest temperature in Seoul (Incheon) be 26°C or below on August 3?,98856875915475575871005401992156797444316260878401049608185240279459791451033,Yes,2026-08-01T12:00:11+00:00,0.002
0x1c8074574af0d3eff133fe19cc21a01128c6808a49f9a00f5135fde6003a11a1,Seoul,Will the highest temperature in Seoul (Incheon) be 26°C or below on August 3?,98856875915475575871005401992156797444316260878401049608185240279459791451033,Yes,2026-08-01T13:00:06+00:00,0.002
0x1c8074574af0d3eff133fe19cc21a01128c6808a49f9a00f5135fde6003a11a1,Seoul,Will the highest temperature in Seoul (Incheon) be 26°C or below on August 3?,98856875915475575871005401992156797444316260878401049608185240279459791451033,Yes,2026-08-01T13:55:09+00:00,0.002
0x1c8074574af0d3eff133fe19cc21a01128c6808a49f9a00f5135fde6003a11a1,Seoul,Will the highest temperature in Seoul (Incheon) be 26°C or below on August 3?,96438679057270648015000670011685095102321669443226722826094926360739641626199,No,2026-08-01T12:00:12+00:00,0.998
0x1c8074574af0d3eff133fe19cc21a01128c6808a49f9a00f5135fde6003a11a1,Seoul,Will the highest temperature in Seoul (Incheon) be 26°C or below on August 3?,96438679057270648015000670011685095102321669443226722826094926360739641626199,No,2026-08-01T13:00:07+00:00,0.998
0x1c8074574af0d3eff133fe19cc21a01128c6808a49f9a00f5135fde6003a11a1,Seoul,Will the highest temperature in Seoul (Incheon) be 26°C or below on August 3?,96438679057270648015000670011685095102321669443226722826094926360739641626199,No,2026-08-01T13:55:10+00:00,0.998
0x0109dda471296066abbba8d66ddd4e50cb46b11a581e2050b1991eeb24104b5f,Seoul,Will the highest temperature in Seoul (Incheon) be 27°C on August 3?,5052519687640169320419932905852957426557493898277819060801213881507132054201,Yes,2026-08-01T12:00:13+00:00,0.001
0x0109dda471296066abbba8d66ddd4e50cb46b11a581e2050b1991eeb24104b5f,Seoul,Will the highest temperature in Seoul (Incheon) be 27°C on August 3?,5052519687640169320419932905852957426557493898277819060801213881507132054201,Yes,2026-08-01T13:00:08+00:00,0.001
0x0109dda471296066abbba8d66ddd4e50cb46b11a581e2050b1991eeb24104b5f,Seoul,Will the highest temperature in Seoul (Incheon) be 27°C on August 3?,5052519687640169320419932905852957426557493898277819060801213881507132054201,Yes,2026-08-01T13:55:10+00:00,0.001
0x0109dda471296066abbba8d66ddd4e50cb46b11a581e2050b1991eeb24104b5f,Seoul,Will the highest temperature in Seoul (Incheon) be 27°C on August 3?,42754278097618930228331705863847600036834598072716452882024082235219197306781,No,2026-08-01T12:00:10+00:00,0.999
0x0109dda471296066abbba8d66ddd4e50cb46b11a581e2050b1991eeb24104b5f,Seoul,Will the highest temperature in Seoul (Incheon) be 27°C on August 3?,42754278097618930228331705863847600036834598072716452882024082235219197306781,No,2026-08-01T13:00:06+00:00,0.999
0x0109dda471296066abbba8d66ddd4e50cb46b11a581e2050b1991eeb24104b5f,Seoul,Will the highest temperature in Seoul (Incheon) be 27°C on August 3?,42754278097618930228331705863847600036834598072716452882024082235219197306781,No,2026-08-01T13:55:08+00:00,0.999
0x24e4f733f2727dde6df2b699e0396a61dbb96e5e3a166c55edae41fa6d7ee7a5,Seoul,Will the highest temperature in Seoul (Incheon) be 28°C on August 3?,23280721490072525801639545777671483577678513072128325442699808277808154457158,Yes,2026-08-01T12:00:13+00:00,0.0045
0x24e4f733f2727dde6df2b699e0396a61dbb96e5e3a166c55edae41fa6d7ee7a5,Seoul,Will the highest temperature in Seoul (Incheon) be 28°C on August 3?,23280721490072525801639545777671483577678513072128325442699808277808154457158,Yes,2026-08-01T13:00:08+00:00,0.0045
0x24e4f733f2727dde6df2b699e0396a61dbb96e5e3a166c55edae41fa6d7ee7a5,Seoul,Will the highest temperature in Seoul (Incheon) be 28°C on August 3?,23280721490072525801639545777671483577678513072128325442699808277808154457158,Yes,2026-08-01T13:55:11+00:00,0.0035
0x24e4f733f2727dde6df2b699e0396a61dbb96e5e3a166c55edae41fa6d7ee7a5,Seoul,Will the highest temperature in Seoul (Incheon) be 28°C on August 3?,107514253692307665401685143554556837258282771703704249393084475193834510883920,No,2026-08-01T12:00:13+00:00,0.9955
0x24e4f733f2727dde6df2b699e0396a61dbb96e5e3a166c55edae41fa6d7ee7a5,Seoul,Will the highest temperature in Seoul (Incheon) be 28°C on August 3?,107514253692307665401685143554556837258282771703704249393084475193834510883920,No,2026-08-01T13:00:08+00:00,0.9955
0x24e4f733f2727dde6df2b699e0396a61dbb96e5e3a166c55edae41fa6d7ee7a5,Seoul,Will the highest temperature in Seoul (Incheon) be 28°C on August 3?,107514253692307665401685143554556837258282771703704249393084475193834510883920,No,2026-08-01T13:55:11+00:00,0.9965
0xbb9cb850655226361435bf4270425265be3a83d15addc582176350de303dcc38,Seoul,Will the highest temperature in Seoul (Incheon) be 29°C on August 3?,60579218658432742143716587197651926177890114660133115129218558591047123914545,Yes,2026-08-01T12:00:13+00:00,0.0055
0xbb9cb850655226361435bf4270425265be3a83d15addc582176350de303dcc38,Seoul,Will the highest temperature in Seoul (Incheon) be 29°C on August 3?,60579218658432742143716587197651926177890114660133115129218558591047123914545,Yes,2026-08-01T13:00:08+00:00,0.0055
0xbb9cb850655226361435bf4270425265be3a83d15addc582176350de303dcc38,Seoul,Will the highest temperature in Seoul (Incheon) be 29°C on August 3?,60579218658432742143716587197651926177890114660133115129218558591047123914545,Yes,2026-08-01T13:55:11+00:00,0.005
0xbb9cb850655226361435bf4270425265be3a83d15addc582176350de303dcc38,Seoul,Will the highest temperature in Seoul (Incheon) be 29°C on August 3?,30824629458504355964136770649025447838450067018192750008150007786993616614363,No,2026-08-01T12:00:10+00:00,0.9945
0xbb9cb850655226361435bf4270425265be3a83d15addc582176350de303dcc38,Seoul,Will the highest temperature in Seoul (Incheon) be 29°C on August 3?,30824629458504355964136770649025447838450067018192750008150007786993616614363,No,2026-08-01T13:00:06+00:00,0.9945
0xbb9cb850655226361435bf4270425265be3a83d15addc582176350de303dcc38,Seoul,Will the highest temperature in Seoul (Incheon) be 29°C on August 3?,30824629458504355964136770649025447838450067018192750008150007786993616614363,No,2026-08-01T13:55:08+00:00,0.995
0x5077d4db7784a743a6f107556b842c6cb6217e7f466364b1e9ce22356c08bfeb,Seoul,Will the highest temperature in Seoul (Incheon) be 30°C on August 3?,101238530637815554499260516830619521395195599639783540482576819608199690422402,Yes,2026-08-01T12:00:13+00:00,0.015
0x5077d4db7784a743a6f107556b842c6cb6217e7f466364b1e9ce22356c08bfeb,Seoul,Will the highest temperature in Seoul (Incheon) be 30°C on August 3?,101238530637815554499260516830619521395195599639783540482576819608199690422402,Yes,2026-08-01T13:00:08+00:00,0.015
0x5077d4db7784a743a6f107556b842c6cb6217e7f466364b1e9ce22356c08bfeb,Seoul,Will the highest temperature in Seoul (Incheon) be 30°C on August 3?,101238530637815554499260516830619521395195599639783540482576819608199690422402,Yes,2026-08-01T13:55:11+00:00,0.015
0x5077d4db7784a743a6f107556b842c6cb6217e7f466364b1e9ce22356c08bfeb,Seoul,Will the highest temperature in Seoul (Incheon) be 30°C on August 3?,80260422533433067961451941766857874928213550962929425751745855867236219151288,No,2026-08-01T12:00:14+00:00,0.985
0x5077d4db7784a743a6f107556b842c6cb6217e7f466364b1e9ce22356c08bfeb,Seoul,Will the highest temperature in Seoul (Incheon) be 30°C on August 3?,80260422533433067961451941766857874928213550962929425751745855867236219151288,No,2026-08-01T13:00:08+00:00,0.985
0x5077d4db7784a743a6f107556b842c6cb6217e7f466364b1e9ce22356c08bfeb,Seoul,Will the highest temperature in Seoul (Incheon) be 30°C on August 3?,80260422533433067961451941766857874928213550962929425751745855867236219151288,No,2026-08-01T13:55:11+00:00,0.985
0xd9ffdb78e3ee0c13bda0d67c0265440f81d5950e8fbd47b4392a7c3c6c617434,Seoul,Will the highest temperature in Seoul (Incheon) be 31°C on August 3?,38080124324411207974918650319270791156581357621674078857083981687507486205727,Yes,2026-08-01T12:00:14+00:00,0.04
0xd9ffdb78e3ee0c13bda0d67c0265440f81d5950e8fbd47b4392a7c3c6c617434,Seoul,Will the highest temperature in Seoul (Incheon) be 31°C on August 3?,38080124324411207974918650319270791156581357621674078857083981687507486205727,Yes,2026-08-01T13:00:08+00:00,0.04
0xd9ffdb78e3ee0c13bda0d67c0265440f81d5950e8fbd47b4392a7c3c6c617434,Seoul,Will the highest temperature in Seoul (Incheon) be 31°C on August 3?,38080124324411207974918650319270791156581357621674078857083981687507486205727,Yes,2026-08-01T13:55:11+00:00,0.045
0xd9ffdb78e3ee0c13bda0d67c0265440f81d5950e8fbd47b4392a7c3c6c617434,Seoul,Will the highest temperature in Seoul (Incheon) be 31°C on August 3?,79923990922594974702631673106801180363047144418222480062725033493639851560970,No,2026-08-01T12:00:10+00:00,0.96
0xd9ffdb78e3ee0c13bda0d67c0265440f81d5950e8fbd47b4392a7c3c6c617434,Seoul,Will the highest temperature in Seoul (Incheon) be 31°C on August 3?,79923990922594974702631673106801180363047144418222480062725033493639851560970,No,2026-08-01T13:00:06+00:00,0.96
0xd9ffdb78e3ee0c13bda0d67c0265440f81d5950e8fbd47b4392a7c3c6c617434,Seoul,Will the highest temperature in Seoul (Incheon) be 31°C on August 3?,79923990922594974702631673106801180363047144418222480062725033493639851560970,No,2026-08-01T13:55:08+00:00,0.955
0x5648393f16ef0b29af4de0afae9cfda80cfdbb9d571757f2cd99afda5c12f7d2,Seoul,Will the highest temperature in Seoul (Incheon) be 32°C on August 3?,52221535427624441795577955719131289894453350380977129063393266688619643884337,Yes,2026-08-01T12:00:14+00:00,0.175
0x5648393f16ef0b29af4de0afae9cfda80cfdbb9d571757f2cd99afda5c12f7d2,Seoul,Will the highest temperature in Seoul (Incheon) be 32°C on August 3?,52221535427624441795577955719131289894453350380977129063393266688619643884337,Yes,2026-08-01T13:00:08+00:00,0.175
0x5648393f16ef0b29af4de0afae9cfda80cfdbb9d571757f2cd99afda5c12f7d2,Seoul,Will the highest temperature in Seoul (Incheon) be 32°C on August 3?,52221535427624441795577955719131289894453350380977129063393266688619643884337,Yes,2026-08-01T13:55:11+00:00,0.175
0x5648393f16ef0b29af4de0afae9cfda80cfdbb9d571757f2cd99afda5c12f7d2,Seoul,Will the highest temperature in Seoul (Incheon) be 32°C on August 3?,7951586462178082004409670482717787206192791814071903740125359630039668494027,No,2026-08-01T12:00:14+00:00,0.825
0x5648393f16ef0b29af4de0afae9cfda80cfdbb9d571757f2cd99afda5c12f7d2,Seoul,Will the highest temperature in Seoul (Incheon) be 32°C on August 3?,7951586462178082004409670482717787206192791814071903740125359630039668494027,No,2026-08-01T13:00:09+00:00,0.825
0x5648393f16ef0b29af4de0afae9cfda80cfdbb9d571757f2cd99afda5c12f7d2,Seoul,Will the highest temperature in Seoul (Incheon) be 32°C on August 3?,7951586462178082004409670482717787206192791814071903740125359630039668494027,No,2026-08-01T13:55:11+00:00,0.825
0x1bef035225cbb35b0edc5e491c928538f4b3511e74028bf086c9a8c93f2814b2,Seoul,Will the highest temperature in Seoul (Incheon) be 33°C on August 3?,29316291793843816974676779523628139041618991999576608532044158893921990323902,Yes,2026-08-01T12:00:14+00:00,0.345
0x1bef035225cbb35b0edc5e491c928538f4b3511e74028bf086c9a8c93f2814b2,Seoul,Will the highest temperature in Seoul (Incheon) be 33°C on August 3?,29316291793843816974676779523628139041618991999576608532044158893921990323902,Yes,2026-08-01T13:00:09+00:00,0.33
0x1bef035225cbb35b0edc5e491c928538f4b3511e74028bf086c9a8c93f2814b2,Seoul,Will the highest temperature in Seoul (Incheon) be 33°C on August 3?,29316291793843816974676779523628139041618991999576608532044158893921990323902,Yes,2026-08-01T13:55:11+00:00,0.325
0x1bef035225cbb35b0edc5e491c928538f4b3511e74028bf086c9a8c93f2814b2,Seoul,Will the highest temperature in Seoul (Incheon) be 33°C on August 3?,26092071645795977749473603126522887419087341706335746667308146468841573096368,No,2026-08-01T12:00:12+00:00,0.655
0x1bef035225cbb35b0edc5e491c928538f4b3511e74028bf086c9a8c93f2814b2,Seoul,Will the highest temperature in Seoul (Incheon) be 33°C on August 3?,26092071645795977749473603126522887419087341706335746667308146468841573096368,No,2026-08-01T13:00:07+00:00,0.67
0x1bef035225cbb35b0edc5e491c928538f4b3511e74028bf086c9a8c93f2814b2,Seoul,Will the highest temperature in Seoul (Incheon) be 33°C on August 3?,26092071645795977749473603126522887419087341706335746667308146468841573096368,No,2026-08-01T13:55:10+00:00,0.675
0x89e641d6d147f825b02bdf6b73956edf76998478b024598eb946361002678efb,Seoul,Will the highest temperature in Seoul (Incheon) be 34°C on August 3?,113134915936500517708215876201526228950667361363664880560772784709322764324754,Yes,2026-08-01T12:00:13+00:00,0.31
0x89e641d6d147f825b02bdf6b73956edf76998478b024598eb946361002678efb,Seoul,Will the highest temperature in Seoul (Incheon) be 34°C on August 3?,113134915936500517708215876201526228950667361363664880560772784709322764324754,Yes,2026-08-01T13:00:08+00:00,0.315
0x89e641d6d147f825b02bdf6b73956edf76998478b024598eb946361002678efb,Seoul,Will the highest temperature in Seoul (Incheon) be 34°C on August 3?,113134915936500517708215876201526228950667361363664880560772784709322764324754,Yes,2026-08-01T13:55:11+00:00,0.315
0x89e641d6d147f825b02bdf6b73956edf76998478b024598eb946361002678efb,Seoul,Will the highest temperature in Seoul (Incheon) be 34°C on August 3?,40237527169828490377186825662194589595506883989836002699199330755343885645908,No,2026-08-01T12:00:11+00:00,0.69
0x89e641d6d147f825b02bdf6b73956edf76998478b024598eb946361002678efb,Seoul,Will the highest temperature in Seoul (Incheon) be 34°C on August 3?,40237527169828490377186825662194589595506883989836002699199330755343885645908,No,2026-08-01T13:00:07+00:00,0.685
0x89e641d6d147f825b02bdf6b73956edf76998478b024598eb946361002678efb,Seoul,Will the highest temperature in Seoul (Incheon) be 34°C on August 3?,40237527169828490377186825662194589595506883989836002699199330755343885645908,No,2026-08-01T13:55:10+00:00,0.685
0x479df6862bda02f3bacc019dfe6f54d7420fb9d1e93f519e722bb251be660133,Seoul,Will the highest temperature in Seoul (Incheon) be 35°C on August 3?,40687768382475545255917692444169416057132137777732189019326267614171862871712,Yes,2026-08-01T12:00:13+00:00,0.13
0x479df6862bda02f3bacc019dfe6f54d7420fb9d1e93f519e722bb251be660133,Seoul,Will the highest temperature in Seoul (Incheon) be 35°C on August 3?,40687768382475545255917692444169416057132137777732189019326267614171862871712,Yes,2026-08-01T13:00:08+00:00,0.145
0x479df6862bda02f3bacc019dfe6f54d7420fb9d1e93f519e722bb251be660133,Seoul,Will the highest temperature in Seoul (Incheon) be 35°C on August 3?,40687768382475545255917692444169416057132137777732189019326267614171862871712,Yes,2026-08-01T13:55:11+00:00,0.135
0x479df6862bda02f3bacc019dfe6f54d7420fb9d1e93f519e722bb251be660133,Seoul,Will the highest temperature in Seoul (Incheon) be 35°C on August 3?,25727882130139248025497726534491192112164659525740650970194088763337662417426,No,2026-08-01T12:00:12+00:00,0.87
0x479df6862bda02f3bacc019dfe6f54d7420fb9d1e93f519e722bb251be660133,Seoul,Will the highest temperature in Seoul (Incheon) be 35°C on August 3?,25727882130139248025497726534491192112164659525740650970194088763337662417426,No,2026-08-01T13:00:07+00:00,0.855
0x479df6862bda02f3bacc019dfe6f54d7420fb9d1e93f519e722bb251be660133,Seoul,Will the highest temperature in Seoul (Incheon) be 35°C on August 3?,25727882130139248025497726534491192112164659525740650970194088763337662417426,No,2026-08-01T13:55:10+00:00,0.865
0x744b721e3e7518a947f639d05e843b1bce72fd849091addc83e132a4d3cf8d55,Seoul,Will the highest temperature in Seoul (Incheon) be 36°C or higher on August 3?,29312688799977404103899493175419211384402874775949612084288080453312250919767,Yes,2026-08-01T12:00:14+00:00,0.045
0x744b721e3e7518a947f639d05e843b1bce72fd849091addc83e132a4d3cf8d55,Seoul,Will the highest temperature in Seoul (Incheon) be 36°C or higher on August 3?,29312688799977404103899493175419211384402874775949612084288080453312250919767,Yes,2026-08-01T13:00:08+00:00,0.06
0x744b721e3e7518a947f639d05e843b1bce72fd849091addc83e132a4d3cf8d55,Seoul,Will the highest temperature in Seoul (Incheon) be 36°C or higher on August 3?,29312688799977404103899493175419211384402874775949612084288080453312250919767,Yes,2026-08-01T13:55:11+00:00,0.05
0x744b721e3e7518a947f639d05e843b1bce72fd849091addc83e132a4d3cf8d55,Seoul,Will the highest temperature in Seoul (Incheon) be 36°C or higher on August 3?,27337769490236350062193524621635349743426691022198152506765190344632434502175,No,2026-08-01T12:00:13+00:00,0.955
0x744b721e3e7518a947f639d05e843b1bce72fd849091addc83e132a4d3cf8d55,Seoul,Will the highest temperature in Seoul (Incheon) be 36°C or higher on August 3?,27337769490236350062193524621635349743426691022198152506765190344632434502175,No,2026-08-01T13:00:07+00:00,0.94
0x744b721e3e7518a947f639d05e843b1bce72fd849091addc83e132a4d3cf8d55,Seoul,Will the highest temperature in Seoul (Incheon) be 36°C or higher on August 3?,27337769490236350062193524621635349743426691022198152506765190344632434502175,No,2026-08-01T13:55:10+00:00,0.95
0x4f5706dacb730e106b7192349f8cd891f513f1adb3312a42241c7ad401cf7208,Seoul,Will the lowest temperature in Seoul (Incheon) be 22°C or below on August 3?,19304768798545970323388392819805344181532470584848703446649577941578728367053,Yes,2026-08-01T12:00:13+00:00,0.01
0x4f5706dacb730e106b7192349f8cd891f513f1adb3312a42241c7ad401cf7208,Seoul,Will the lowest temperature in Seoul (Incheon) be 22°C or below on August 3?,19304768798545970323388392819805344181532470584848703446649577941578728367053,Yes,2026-08-01T13:00:08+00:00,0.01
0x4f5706dacb730e106b7192349f8cd891f513f1adb3312a42241c7ad401cf7208,Seoul,Will the lowest temperature in Seoul (Incheon) be 22°C or below on August 3?,19304768798545970323388392819805344181532470584848703446649577941578728367053,Yes,2026-08-01T13:55:11+00:00,0.01
0x4f5706dacb730e106b7192349f8cd891f513f1adb3312a42241c7ad401cf7208,Seoul,Will the lowest temperature in Seoul (Incheon) be 22°C or below on August 3?,2549519625435199462095075168376197040900055468762196100994814370870136659412,No,2026-08-01T12:00:12+00:00,0.99
0x4f5706dacb730e106b7192349f8cd891f513f1adb3312a42241c7ad401cf7208,Seoul,Will the lowest temperature in Seoul (Incheon) be 22°C or below on August 3?,2549519625435199462095075168376197040900055468762196100994814370870136659412,No,2026-08-01T13:00:07+00:00,0.99
0x4f5706dacb730e106b7192349f8cd891f513f1adb3312a42241c7ad401cf7208,Seoul,Will the lowest temperature in Seoul (Incheon) be 22°C or below on August 3?,2549519625435199462095075168376197040900055468762196100994814370870136659412,No,2026-08-01T13:55:10+00:00,0.99
0x76e1ad50967cb80ed51f0b2bd6740642361a9d551e52f5666efc6bf898acc776,Seoul,Will the lowest temperature in Seoul (Incheon) be 23°C on August 3?,33762730700423962634100711253653079415581429473486598073691388967795084166914,Yes,2026-08-01T12:00:12+00:00,0.035
0x76e1ad50967cb80ed51f0b2bd6740642361a9d551e52f5666efc6bf898acc776,Seoul,Will the lowest temperature in Seoul (Incheon) be 23°C on August 3?,33762730700423962634100711253653079415581429473486598073691388967795084166914,Yes,2026-08-01T13:00:07+00:00,0.03
0x76e1ad50967cb80ed51f0b2bd6740642361a9d551e52f5666efc6bf898acc776,Seoul,Will the lowest temperature in Seoul (Incheon) be 23°C on August 3?,33762730700423962634100711253653079415581429473486598073691388967795084166914,Yes,2026-08-01T13:55:10+00:00,0.025
0x76e1ad50967cb80ed51f0b2bd6740642361a9d551e52f5666efc6bf898acc776,Seoul,Will the lowest temperature in Seoul (Incheon) be 23°C on August 3?,71458282688989725220721216435770009591927019743211464492012586676963514863868,No,2026-08-01T12:00:13+00:00,0.965
0x76e1ad50967cb80ed51f0b2bd6740642361a9d551e52f5666efc6bf898acc776,Seoul,Will the lowest temperature in Seoul (Incheon) be 23°C on August 3?,71458282688989725220721216435770009591927019743211464492012586676963514863868,No,2026-08-01T13:00:08+00:00,0.97
0x76e1ad50967cb80ed51f0b2bd6740642361a9d551e52f5666efc6bf898acc776,Seoul,Will the lowest temperature in Seoul (Incheon) be 23°C on August 3?,71458282688989725220721216435770009591927019743211464492012586676963514863868,No,2026-08-01T13:55:10+00:00,0.975
0xd6e7129d4c48369c5b8aed99c886033083450f1520381b433e5bdf9839005d15,Seoul,Will the lowest temperature in Seoul (Incheon) be 24°C on August 3?,12050031863920233952761815860497443658712595658104329672305985681351338797769,Yes,2026-08-01T12:00:14+00:00,0.055
0xd6e7129d4c48369c5b8aed99c886033083450f1520381b433e5bdf9839005d15,Seoul,Will the lowest temperature in Seoul (Incheon) be 24°C on August 3?,12050031863920233952761815860497443658712595658104329672305985681351338797769,Yes,2026-08-01T13:00:09+00:00,0.055
0xd6e7129d4c48369c5b8aed99c886033083450f1520381b433e5bdf9839005d15,Seoul,Will the lowest temperature in Seoul (Incheon) be 24°C on August 3?,12050031863920233952761815860497443658712595658104329672305985681351338797769,Yes,2026-08-01T13:55:11+00:00,0.05
0xd6e7129d4c48369c5b8aed99c886033083450f1520381b433e5bdf9839005d15,Seoul,Will the lowest temperature in Seoul (Incheon) be 24°C on August 3?,6812143188890971088265509733880795065671836502052354445853508499246570943180,No,2026-08-01T12:00:11+00:00,0.945
0xd6e7129d4c48369c5b8aed99c886033083450f1520381b433e5bdf9839005d15,Seoul,Will the lowest temperature in Seoul (Incheon) be 24°C on August 3?,6812143188890971088265509733880795065671836502052354445853508499246570943180,No,2026-08-01T13:00:06+00:00,0.945
0xd6e7129d4c48369c5b8aed99c886033083450f1520381b433e5bdf9839005d15,Seoul,Will the lowest temperature in Seoul (Incheon) be 24°C on August 3?,6812143188890971088265509733880795065671836502052354445853508499246570943180,No,2026-08-01T13:55:09+00:00,0.95
0x0110f6484cb9dd66fa105cc7f355a898967f3b39b2b0f35542da37b8d280a5ba,Seoul,Will the lowest temperature in Seoul (Incheon) be 25°C on August 3?,14940986401759379066183663876784902965066229537177409143188821633707190594869,Yes,2026-08-01T12:00:11+00:00,0.225
0x0110f6484cb9dd66fa105cc7f355a898967f3b39b2b0f35542da37b8d280a5ba,Seoul,Will the lowest temperature in Seoul (Incheon) be 25°C on August 3?,14940986401759379066183663876784902965066229537177409143188821633707190594869,Yes,2026-08-01T13:00:07+00:00,0.25
0x0110f6484cb9dd66fa105cc7f355a898967f3b39b2b0f35542da37b8d280a5ba,Seoul,Will the lowest temperature in Seoul (Incheon) be 25°C on August 3?,14940986401759379066183663876784902965066229537177409143188821633707190594869,Yes,2026-08-01T13:55:10+00:00,0.245
0x0110f6484cb9dd66fa105cc7f355a898967f3b39b2b0f35542da37b8d280a5ba,Seoul,Will the lowest temperature in Seoul (Incheon) be 25°C on August 3?,93177652207995115954663462066929883206426346018195387073887169479421255477939,No,2026-08-01T12:00:13+00:00,0.775
0x0110f6484cb9dd66fa105cc7f355a898967f3b39b2b0f35542da37b8d280a5ba,Seoul,Will the lowest temperature in Seoul (Incheon) be 25°C on August 3?,93177652207995115954663462066929883206426346018195387073887169479421255477939,No,2026-08-01T13:00:08+00:00,0.75
0x0110f6484cb9dd66fa105cc7f355a898967f3b39b2b0f35542da37b8d280a5ba,Seoul,Will the lowest temperature in Seoul (Incheon) be 25°C on August 3?,93177652207995115954663462066929883206426346018195387073887169479421255477939,No,2026-08-01T13:55:11+00:00,0.755
0x72f29c6f0120fb5ad17accc3a3ec0aba1e887190131cf1296e59711b022dab17,Seoul,Will the lowest temperature in Seoul (Incheon) be 26°C on August 3?,62364278266431607359182771879072765682020182640428463200206328581375319223112,Yes,2026-08-01T12:00:14+00:00,0.465
0x72f29c6f0120fb5ad17accc3a3ec0aba1e887190131cf1296e59711b022dab17,Seoul,Will the lowest temperature in Seoul (Incheon) be 26°C on August 3?,62364278266431607359182771879072765682020182640428463200206328581375319223112,Yes,2026-08-01T13:00:08+00:00,0.44
0x72f29c6f0120fb5ad17accc3a3ec0aba1e887190131cf1296e59711b022dab17,Seoul,Will the lowest temperature in Seoul (Incheon) be 26°C on August 3?,62364278266431607359182771879072765682020182640428463200206328581375319223112,Yes,2026-08-01T13:55:11+00:00,0.44
0x72f29c6f0120fb5ad17accc3a3ec0aba1e887190131cf1296e59711b022dab17,Seoul,Will the lowest temperature in Seoul (Incheon) be 26°C on August 3?,87642799481232844162723317477329349328480016322521221340186945586821334731707,No,2026-08-01T12:00:14+00:00,0.535
0x72f29c6f0120fb5ad17accc3a3ec0aba1e887190131cf1296e59711b022dab17,Seoul,Will the lowest temperature in Seoul (Incheon) be 26°C on August 3?,87642799481232844162723317477329349328480016322521221340186945586821334731707,No,2026-08-01T13:00:09+00:00,0.56
0x72f29c6f0120fb5ad17accc3a3ec0aba1e887190131cf1296e59711b022dab17,Seoul,Will the lowest temperature in Seoul (Incheon) be 26°C on August 3?,87642799481232844162723317477329349328480016322521221340186945586821334731707,No,2026-08-01T13:55:11+00:00,0.56
0x1c440b52c8c0eaae7c813a600cf3c77f25bc7d356b524235209dd03093f38107,Seoul,Will the lowest temperature in Seoul (Incheon) be 27°C on August 3?,91489842049040640579323134499676901052489838338593971699374348817276260789623,Yes,2026-08-01T12:00:12+00:00,0.235
0x1c440b52c8c0eaae7c813a600cf3c77f25bc7d356b524235209dd03093f38107,Seoul,Will the lowest temperature in Seoul (Incheon) be 27°C on August 3?,91489842049040640579323134499676901052489838338593971699374348817276260789623,Yes,2026-08-01T13:00:07+00:00,0.23
0x1c440b52c8c0eaae7c813a600cf3c77f25bc7d356b524235209dd03093f38107,Seoul,Will the lowest temperature in Seoul (Incheon) be 27°C on August 3?,91489842049040640579323134499676901052489838338593971699374348817276260789623,Yes,2026-08-01T13:55:10+00:00,0.235
0x1c440b52c8c0eaae7c813a600cf3c77f25bc7d356b524235209dd03093f38107,Seoul,Will the lowest temperature in Seoul (Incheon) be 27°C on August 3?,54123283524315491731840654494306130826187267681991947221777095424730801123962,No,2026-08-01T12:00:11+00:00,0.765
0x1c440b52c8c0eaae7c813a600cf3c77f25bc7d356b524235209dd03093f38107,Seoul,Will the lowest temperature in Seoul (Incheon) be 27°C on August 3?,54123283524315491731840654494306130826187267681991947221777095424730801123962,No,2026-08-01T13:00:07+00:00,0.77
0x1c440b52c8c0eaae7c813a600cf3c77f25bc7d356b524235209dd03093f38107,Seoul,Will the lowest temperature in Seoul (Incheon) be 27°C on August 3?,54123283524315491731840654494306130826187267681991947221777095424730801123962,No,2026-08-01T13:55:10+00:00,0.765
0x1a1af152fd0b9651ba06cd8f3856591ce07c246967e287df59b2e77bf4b99f41,Seoul,Will the lowest temperature in Seoul (Incheon) be 28°C on August 3?,29231842697368448416281492408753948117416951986521778286192321259525714337815,Yes,2026-08-01T12:00:12+00:00,0.1
0x1a1af152fd0b9651ba06cd8f3856591ce07c246967e287df59b2e77bf4b99f41,Seoul,Will the lowest temperature in Seoul (Incheon) be 28°C on August 3?,29231842697368448416281492408753948117416951986521778286192321259525714337815,Yes,2026-08-01T13:00:07+00:00,0.075
0x1a1af152fd0b9651ba06cd8f3856591ce07c246967e287df59b2e77bf4b99f41,Seoul,Will the lowest temperature in Seoul (Incheon) be 28°C on August 3?,29231842697368448416281492408753948117416951986521778286192321259525714337815,Yes,2026-08-01T13:55:10+00:00,0.075
0x1a1af152fd0b9651ba06cd8f3856591ce07c246967e287df59b2e77bf4b99f41,Seoul,Will the lowest temperature in Seoul (Incheon) be 28°C on August 3?,101061933609098622073989890234533727076238229485732838958660398682246689860907,No,2026-08-01T12:00:13+00:00,0.9
0x1a1af152fd0b9651ba06cd8f3856591ce07c246967e287df59b2e77bf4b99f41,Seoul,Will the lowest temperature in Seoul (Incheon) be 28°C on August 3?,101061933609098622073989890234533727076238229485732838958660398682246689860907,No,2026-08-01T13:00:08+00:00,0.925
0x1a1af152fd0b9651ba06cd8f3856591ce07c246967e287df59b2e77bf4b99f41,Seoul,Will the lowest temperature in Seoul (Incheon) be 28°C on August 3?,101061933609098622073989890234533727076238229485732838958660398682246689860907,No,2026-08-01T13:55:11+00:00,0.925
0xfdaefbadcd40a368da5f154f844119d7218e768c9d2eed817d29c9316b45e158,Seoul,Will the lowest temperature in Seoul (Incheon) be 29°C on August 3?,24994189840418237110694694995813177265239363488806984251331728721929958201718,Yes,2026-08-01T12:00:12+00:00,0.02
0xfdaefbadcd40a368da5f154f844119d7218e768c9d2eed817d29c9316b45e158,Seoul,Will the lowest temperature in Seoul (Incheon) be 29°C on August 3?,24994189840418237110694694995813177265239363488806984251331728721929958201718,Yes,2026-08-01T13:00:07+00:00,0.02
0xfdaefbadcd40a368da5f154f844119d7218e768c9d2eed817d29c9316b45e158,Seoul,Will the lowest temperature in Seoul (Incheon) be 29°C on August 3?,24994189840418237110694694995813177265239363488806984251331728721929958201718,Yes,2026-08-01T13:55:10+00:00,0.01
0xfdaefbadcd40a368da5f154f844119d7218e768c9d2eed817d29c9316b45e158,Seoul,Will the lowest temperature in Seoul (Incheon) be 29°C on August 3?,26557972669761113788718743838780715808772883338400271448434320069914928827886,No,2026-08-01T12:00:12+00:00,0.98
0xfdaefbadcd40a368da5f154f844119d7218e768c9d2eed817d29c9316b45e158,Seoul,Will the lowest temperature in Seoul (Incheon) be 29°C on August 3?,26557972669761113788718743838780715808772883338400271448434320069914928827886,No,2026-08-01T13:00:07+00:00,0.98
0xfdaefbadcd40a368da5f154f844119d7218e768c9d2eed817d29c9316b45e158,Seoul,Will the lowest temperature in Seoul (Incheon) be 29°C on August 3?,26557972669761113788718743838780715808772883338400271448434320069914928827886,No,2026-08-01T13:55:10+00:00,0.99
0x0a73c5db7ec757435fd75bbfc4d2b70c8f6f4f25651f5fa969012cf6e4b9f51e,Seoul,Will the lowest temperature in Seoul (Incheon) be 30°C on August 3?,17638729551843754336270293222930968045561392552860310884771035912080283919009,Yes,2026-08-01T12:00:13+00:00,0.045
0x0a73c5db7ec757435fd75bbfc4d2b70c8f6f4f25651f5fa969012cf6e4b9f51e,Seoul,Will the lowest temperature in Seoul (Incheon) be 30°C on August 3?,17638729551843754336270293222930968045561392552860310884771035912080283919009,Yes,2026-08-01T13:00:07+00:00,0.0155
0x0a73c5db7ec757435fd75bbfc4d2b70c8f6f4f25651f5fa969012cf6e4b9f51e,Seoul,Will the lowest temperature in Seoul (Incheon) be 30°C on August 3?,17638729551843754336270293222930968045561392552860310884771035912080283919009,Yes,2026-08-01T13:55:10+00:00,0.0105
0x0a73c5db7ec757435fd75bbfc4d2b70c8f6f4f25651f5fa969012cf6e4b9f51e,Seoul,Will the lowest temperature in Seoul (Incheon) be 30°C on August 3?,77848974197965927375596086290185410105163641052717592185054087992385557194544,No,2026-08-01T12:00:12+00:00,0.955
0x0a73c5db7ec757435fd75bbfc4d2b70c8f6f4f25651f5fa969012cf6e4b9f51e,Seoul,Will the lowest temperature in Seoul (Incheon) be 30°C on August 3?,77848974197965927375596086290185410105163641052717592185054087992385557194544,No,2026-08-01T13:00:07+00:00,0.9845
0x0a73c5db7ec757435fd75bbfc4d2b70c8f6f4f25651f5fa969012cf6e4b9f51e,Seoul,Will the lowest temperature in Seoul (Incheon) be 30°C on August 3?,77848974197965927375596086290185410105163641052717592185054087992385557194544,No,2026-08-01T13:55:10+00:00,0.9895
0xa53d45465b762af74ff2fc574e10f3706874b51392a8815a97a7b61e4569d112,Seoul,Will the lowest temperature in Seoul (Incheon) be 31°C on August 3?,40784935173192007211844364582585870824585925291905233520131158591403675175354,Yes,2026-08-01T12:00:11+00:00,0.0025
0xa53d45465b762af74ff2fc574e10f3706874b51392a8815a97a7b61e4569d112,Seoul,Will the lowest temperature in Seoul (Incheon) be 31°C on August 3?,40784935173192007211844364582585870824585925291905233520131158591403675175354,Yes,2026-08-01T13:00:07+00:00,0.0025
0xa53d45465b762af74ff2fc574e10f3706874b51392a8815a97a7b61e4569d112,Seoul,Will the lowest temperature in Seoul (Incheon) be 31°C on August 3?,40784935173192007211844364582585870824585925291905233520131158591403675175354,Yes,2026-08-01T13:55:10+00:00,0.0025
0xa53d45465b762af74ff2fc574e10f3706874b51392a8815a97a7b61e4569d112,Seoul,Will the lowest temperature in Seoul (Incheon) be 31°C on August 3?,76829747605007687361713253796770755384392365088780364813662325646482500969097,No,2026-08-01T12:00:13+00:00,0.9975
0xa53d45465b762af74ff2fc574e10f3706874b51392a8815a97a7b61e4569d112,Seoul,Will the lowest temperature in Seoul (Incheon) be 31°C on August 3?,76829747605007687361713253796770755384392365088780364813662325646482500969097,No,2026-08-01T13:00:08+00:00,0.9975
0xa53d45465b762af74ff2fc574e10f3706874b51392a8815a97a7b61e4569d112,Seoul,Will the lowest temperature in Seoul (Incheon) be 31°C on August 3?,76829747605007687361713253796770755384392365088780364813662325646482500969097,No,2026-08-01T13:55:11+00:00,0.9975
0x88f565493dab4cd5d968442e560be54d061fafbfc21a4088bc64db0ab9cd5cbe,Seoul,Will the lowest temperature in Seoul (Incheon) be 32°C or higher on August 3?,94856981787231930545697220797260030950686079648822350093735514339549987394485,Yes,2026-08-01T12:00:12+00:00,0.0025
0x88f565493dab4cd5d968442e560be54d061fafbfc21a4088bc64db0ab9cd5cbe,Seoul,Will the lowest temperature in Seoul (Incheon) be 32°C or higher on August 3?,94856981787231930545697220797260030950686079648822350093735514339549987394485,Yes,2026-08-01T13:00:07+00:00,0.0025
0x88f565493dab4cd5d968442e560be54d061fafbfc21a4088bc64db0ab9cd5cbe,Seoul,Will the lowest temperature in Seoul (Incheon) be 32°C or higher on August 3?,94856981787231930545697220797260030950686079648822350093735514339549987394485,Yes,2026-08-01T13:55:10+00:00,0.0025
0x88f565493dab4cd5d968442e560be54d061fafbfc21a4088bc64db0ab9cd5cbe,Seoul,Will the lowest temperature in Seoul (Incheon) be 32°C or higher on August 3?,80525245882727147218680440284841179950544928458391908761742448715224446019190,No,2026-08-01T12:00:13+00:00,0.9975
0x88f565493dab4cd5d968442e560be54d061fafbfc21a4088bc64db0ab9cd5cbe,Seoul,Will the lowest temperature in Seoul (Incheon) be 32°C or higher on August 3?,80525245882727147218680440284841179950544928458391908761742448715224446019190,No,2026-08-01T13:00:08+00:00,0.9975
0x88f565493dab4cd5d968442e560be54d061fafbfc21a4088bc64db0ab9cd5cbe,Seoul,Will the lowest temperature in Seoul (Incheon) be 32°C or higher on August 3?,80525245882727147218680440284841179950544928458391908761742448715224446019190,No,2026-08-01T13:55:11+00:00,0.9975
0xd0792b6076e258109925b8595baad804d38b164a7c9fce6aaaefebb8bb90cedc,Seoul,Will the highest temperature in Seoul (Incheon) be 25°C or below on August 1?,8533513988379458304575689613537263288949907889068024019720646676047011683556,Yes,2026-08-01T14:00:08+00:00,0.0005
0xd0792b6076e258109925b8595baad804d38b164a7c9fce6aaaefebb8bb90cedc,Seoul,Will the highest temperature in Seoul (Incheon) be 25°C or below on August 1?,8533513988379458304575689613537263288949907889068024019720646676047011683556,Yes,2026-08-01T15:00:08+00:00,0.0005
0xd0792b6076e258109925b8595baad804d38b164a7c9fce6aaaefebb8bb90cedc,Seoul,Will the highest temperature in Seoul (Incheon) be 25°C or below on August 1?,8533513988379458304575689613537263288949907889068024019720646676047011683556,Yes,2026-08-01T15:18:09+00:00,0.0005
0xd0792b6076e258109925b8595baad804d38b164a7c9fce6aaaefebb8bb90cedc,Seoul,Will the highest temperature in Seoul (Incheon) be 25°C or below on August 1?,40141462596326812876981122055285583695762688446597470286873702862511265005754,No,2026-08-01T14:00:07+00:00,0.9995
0xd0792b6076e258109925b8595baad804d38b164a7c9fce6aaaefebb8bb90cedc,Seoul,Will the highest temperature in Seoul (Incheon) be 25°C or below on August 1?,40141462596326812876981122055285583695762688446597470286873702862511265005754,No,2026-08-01T15:00:07+00:00,0.9995
0xd0792b6076e258109925b8595baad804d38b164a7c9fce6aaaefebb8bb90cedc,Seoul,Will the highest temperature in Seoul (Incheon) be 25°C or below on August 1?,40141462596326812876981122055285583695762688446597470286873702862511265005754,No,2026-08-01T15:18:09+00:00,0.9995
0x6d1769262759f663f720262dc699a9109aea418aa51ec5714865c5c40d7abf05,Seoul,Will the highest temperature in Seoul (Incheon) be 26°C on August 1?,40773380466185274040488650627985431643261389478651800315521110188416831855294,Yes,2026-08-01T14:00:08+00:00,0.0005
0x6d1769262759f663f720262dc699a9109aea418aa51ec5714865c5c40d7abf05,Seoul,Will the highest temperature in Seoul (Incheon) be 26°C on August 1?,40773380466185274040488650627985431643261389478651800315521110188416831855294,Yes,2026-08-01T15:00:09+00:00,0.0005
0x6d1769262759f663f720262dc699a9109aea418aa51ec5714865c5c40d7abf05,Seoul,Will the highest temperature in Seoul (Incheon) be 26°C on August 1?,40773380466185274040488650627985431643261389478651800315521110188416831855294,Yes,2026-08-01T15:18:09+00:00,0.0005
0x6d1769262759f663f720262dc699a9109aea418aa51ec5714865c5c40d7abf05,Seoul,Will the highest temperature in Seoul (Incheon) be 26°C on August 1?,63300169007768027742551060794006148851254999899415456659157857114037813444966,No,2026-08-01T14:00:06+00:00,0.9995
0x6d1769262759f663f720262dc699a9109aea418aa51ec5714865c5c40d7abf05,Seoul,Will the highest temperature in Seoul (Incheon) be 26°C on August 1?,63300169007768027742551060794006148851254999899415456659157857114037813444966,No,2026-08-01T15:00:06+00:00,0.9995
0x6d1769262759f663f720262dc699a9109aea418aa51ec5714865c5c40d7abf05,Seoul,Will the highest temperature in Seoul (Incheon) be 26°C on August 1?,63300169007768027742551060794006148851254999899415456659157857114037813444966,No,2026-08-01T15:18:08+00:00,0.9995
0xc859ae3b9499d5c065b1034b95b6082cd48aad72939ba19a84b38ae5603a1909,Seoul,Will the highest temperature in Seoul (Incheon) be 27°C on August 1?,29500608877145635144000099316674912017060278725088172611494049606460410509496,Yes,2026-08-01T14:00:09+00:00,0.0005
0xc859ae3b9499d5c065b1034b95b6082cd48aad72939ba19a84b38ae5603a1909,Seoul,Will the highest temperature in Seoul (Incheon) be 27°C on August 1?,29500608877145635144000099316674912017060278725088172611494049606460410509496,Yes,2026-08-01T15:00:10+00:00,0.0005
0xc859ae3b9499d5c065b1034b95b6082cd48aad72939ba19a84b38ae5603a1909,Seoul,Will the highest temperature in Seoul (Incheon) be 27°C on August 1?,29500608877145635144000099316674912017060278725088172611494049606460410509496,Yes,2026-08-01T15:18:10+00:00,0.0005
0xc859ae3b9499d5c065b1034b95b6082cd48aad72939ba19a84b38ae5603a1909,Seoul,Will the highest temperature in Seoul (Incheon) be 27°C on August 1?,64534888529907866610333319324324410447003598898239836749570226069757198591483,No,2026-08-01T14:00:08+00:00,0.9995
0xc859ae3b9499d5c065b1034b95b6082cd48aad72939ba19a84b38ae5603a1909,Seoul,Will the highest temperature in Seoul (Incheon) be 27°C on August 1?,64534888529907866610333319324324410447003598898239836749570226069757198591483,No,2026-08-01T15:00:09+00:00,0.9995
0xc859ae3b9499d5c065b1034b95b6082cd48aad72939ba19a84b38ae5603a1909,Seoul,Will the highest temperature in Seoul (Incheon) be 27°C on August 1?,64534888529907866610333319324324410447003598898239836749570226069757198591483,No,2026-08-01T15:18:09+00:00,0.9995
0xbefd56446b19d8129204c790e8ba972d625e3cdb896f5b504a00c0eef7cb7a5a,Seoul,Will the highest temperature in Seoul (Incheon) be 28°C on August 1?,95491326652391348198102129894012133755800815037604206355360757598119588147796,Yes,2026-08-01T14:00:06+00:00,0.0005
0xbefd56446b19d8129204c790e8ba972d625e3cdb896f5b504a00c0eef7cb7a5a,Seoul,Will the highest temperature in Seoul (Incheon) be 28°C on August 1?,95491326652391348198102129894012133755800815037604206355360757598119588147796,Yes,2026-08-01T15:00:06+00:00,0.0005
0xbefd56446b19d8129204c790e8ba972d625e3cdb896f5b504a00c0eef7cb7a5a,Seoul,Will the highest temperature in Seoul (Incheon) be 28°C on August 1?,95491326652391348198102129894012133755800815037604206355360757598119588147796,Yes,2026-08-01T15:18:08+00:00,0.0005
0xbefd56446b19d8129204c790e8ba972d625e3cdb896f5b504a00c0eef7cb7a5a,Seoul,Will the highest temperature in Seoul (Incheon) be 28°C on August 1?,22773979698173811567739283235626140492992846365983239158896600088598442064650,No,2026-08-01T14:00:09+00:00,0.9995
0xbefd56446b19d8129204c790e8ba972d625e3cdb896f5b504a00c0eef7cb7a5a,Seoul,Will the highest temperature in Seoul (Incheon) be 28°C on August 1?,22773979698173811567739283235626140492992846365983239158896600088598442064650,No,2026-08-01T15:00:11+00:00,0.9995
0xbefd56446b19d8129204c790e8ba972d625e3cdb896f5b504a00c0eef7cb7a5a,Seoul,Will the highest temperature in Seoul (Incheon) be 28°C on August 1?,22773979698173811567739283235626140492992846365983239158896600088598442064650,No,2026-08-01T15:18:10+00:00,0.9995
0x49cac9d3cc4520a14eb943b20bea4b2d0d9501fe982c442145ffd3ddea12e96f,Seoul,Will the highest temperature in Seoul (Incheon) be 29°C on August 1?,37156468587405578120900474337241560104248614027879457931306468206574828474534,Yes,2026-08-01T14:00:09+00:00,0.0005
0x49cac9d3cc4520a14eb943b20bea4b2d0d9501fe982c442145ffd3ddea12e96f,Seoul,Will the highest temperature in Seoul (Incheon) be 29°C on August 1?,37156468587405578120900474337241560104248614027879457931306468206574828474534,Yes,2026-08-01T15:00:10+00:00,0.0005
0x49cac9d3cc4520a14eb943b20bea4b2d0d9501fe982c442145ffd3ddea12e96f,Seoul,Will the highest temperature in Seoul (Incheon) be 29°C on August 1?,37156468587405578120900474337241560104248614027879457931306468206574828474534,Yes,2026-08-01T15:18:10+00:00,0.0005
0x49cac9d3cc4520a14eb943b20bea4b2d0d9501fe982c442145ffd3ddea12e96f,Seoul,Will the highest temperature in Seoul (Incheon) be 29°C on August 1?,110627128635086003645011491607916997250267739390309436413868394297440625306638,No,2026-08-01T14:00:07+00:00,0.9995
0x49cac9d3cc4520a14eb943b20bea4b2d0d9501fe982c442145ffd3ddea12e96f,Seoul,Will the highest temperature in Seoul (Incheon) be 29°C on August 1?,110627128635086003645011491607916997250267739390309436413868394297440625306638,No,2026-08-01T15:00:07+00:00,0.9995
0x49cac9d3cc4520a14eb943b20bea4b2d0d9501fe982c442145ffd3ddea12e96f,Seoul,Will the highest temperature in Seoul (Incheon) be 29°C on August 1?,110627128635086003645011491607916997250267739390309436413868394297440625306638,No,2026-08-01T15:18:09+00:00,0.9995
0xe4af99a6a904c2b336fa8dc837490bfe0c990946eacf237bc1db3e05479e726d,Seoul,Will the highest temperature in Seoul (Incheon) be 30°C on August 1?,104465833727310267148579613947552680177886367458332348306679345416256231461960,Yes,2026-08-01T14:00:08+00:00,0.0005
0xe4af99a6a904c2b336fa8dc837490bfe0c990946eacf237bc1db3e05479e726d,Seoul,Will the highest temperature in Seoul (Incheon) be 30°C on August 1?,104465833727310267148579613947552680177886367458332348306679345416256231461960,Yes,2026-08-01T15:00:09+00:00,0.0005
0xe4af99a6a904c2b336fa8dc837490bfe0c990946eacf237bc1db3e05479e726d,Seoul,Will the highest temperature in Seoul (Incheon) be 30°C on August 1?,104465833727310267148579613947552680177886367458332348306679345416256231461960,Yes,2026-08-01T15:18:10+00:00,0.0005
0xe4af99a6a904c2b336fa8dc837490bfe0c990946eacf237bc1db3e05479e726d,Seoul,Will the highest temperature in Seoul (Incheon) be 30°C on August 1?,27531249748542524065076683460540792303657394581249893357889916694760828829561,No,2026-08-01T14:00:08+00:00,0.9995
0xe4af99a6a904c2b336fa8dc837490bfe0c990946eacf237bc1db3e05479e726d,Seoul,Will the highest temperature in Seoul (Incheon) be 30°C on August 1?,27531249748542524065076683460540792303657394581249893357889916694760828829561,No,2026-08-01T15:00:08+00:00,0.9995
0xe4af99a6a904c2b336fa8dc837490bfe0c990946eacf237bc1db3e05479e726d,Seoul,Will the highest temperature in Seoul (Incheon) be 30°C on August 1?,27531249748542524065076683460540792303657394581249893357889916694760828829561,No,2026-08-01T15:18:09+00:00,0.9995
0x2307f667cdc9676e6fe39e3ef7f8ddf47011aa687370d936c53c8b384570a373,Seoul,Will the highest temperature in Seoul (Incheon) be 31°C on August 1?,26027981725202669683092735515125986719677475912574642988426038977841685573778,Yes,2026-08-01T14:00:08+00:00,0.0005
0x2307f667cdc9676e6fe39e3ef7f8ddf47011aa687370d936c53c8b384570a373,Seoul,Will the highest temperature in Seoul (Incheon) be 31°C on August 1?,26027981725202669683092735515125986719677475912574642988426038977841685573778,Yes,2026-08-01T15:00:08+00:00,0.0005
0x2307f667cdc9676e6fe39e3ef7f8ddf47011aa687370d936c53c8b384570a373,Seoul,Will the highest temperature in Seoul (Incheon) be 31°C on August 1?,26027981725202669683092735515125986719677475912574642988426038977841685573778,Yes,2026-08-01T15:18:09+00:00,0.0005
0x2307f667cdc9676e6fe39e3ef7f8ddf47011aa687370d936c53c8b384570a373,Seoul,Will the highest temperature in Seoul (Incheon) be 31°C on August 1?,3981252166472897860965121401607009032442514490027258676595154528432581305725,No,2026-08-01T14:00:08+00:00,0.9995
0x2307f667cdc9676e6fe39e3ef7f8ddf47011aa687370d936c53c8b384570a373,Seoul,Will the highest temperature in Seoul (Incheon) be 31°C on August 1?,3981252166472897860965121401607009032442514490027258676595154528432581305725,No,2026-08-01T15:00:09+00:00,0.9995
0x2307f667cdc9676e6fe39e3ef7f8ddf47011aa687370d936c53c8b384570a373,Seoul,Will the highest temperature in Seoul (Incheon) be 31°C on August 1?,3981252166472897860965121401607009032442514490027258676595154528432581305725,No,2026-08-01T15:18:10+00:00,0.9995
0x3948c667d3ad9646304d8a743b2864c7e062ee61e146ff27a899b405cf1409bb,Seoul,Will the highest temperature in Seoul (Incheon) be 32°C on August 1?,23011742652504098548061026531298879196713278678339044408424419439899777767317,Yes,2026-08-01T14:00:08+00:00,0.9995
0x3948c667d3ad9646304d8a743b2864c7e062ee61e146ff27a899b405cf1409bb,Seoul,Will the highest temperature in Seoul (Incheon) be 32°C on August 1?,23011742652504098548061026531298879196713278678339044408424419439899777767317,Yes,2026-08-01T15:00:09+00:00,0.9995
0x3948c667d3ad9646304d8a743b2864c7e062ee61e146ff27a899b405cf1409bb,Seoul,Will the highest temperature in Seoul (Incheon) be 32°C on August 1?,23011742652504098548061026531298879196713278678339044408424419439899777767317,Yes,2026-08-01T15:18:09+00:00,0.9995
0x3948c667d3ad9646304d8a743b2864c7e062ee61e146ff27a899b405cf1409bb,Seoul,Will the highest temperature in Seoul (Incheon) be 32°C on August 1?,7571232515099222470118374567734263942756772821269087153748631275382097350030,No,2026-08-01T14:00:07+00:00,0.0005
0x3948c667d3ad9646304d8a743b2864c7e062ee61e146ff27a899b405cf1409bb,Seoul,Will the highest temperature in Seoul (Incheon) be 32°C on August 1?,7571232515099222470118374567734263942756772821269087153748631275382097350030,No,2026-08-01T15:00:08+00:00,0.0005
0x3948c667d3ad9646304d8a743b2864c7e062ee61e146ff27a899b405cf1409bb,Seoul,Will the highest temperature in Seoul (Incheon) be 32°C on August 1?,7571232515099222470118374567734263942756772821269087153748631275382097350030,No,2026-08-01T15:18:09+00:00,0.0005
0x6ae2e275987b23b5af12fe75b37acba3fb37823e3397f1718627ffb1c902e885,Seoul,Will the highest temperature in Seoul (Incheon) be 33°C on August 1?,32011339035171813608552875017108567331032866759749474003573559495523654119470,Yes,2026-08-01T14:00:08+00:00,0.0005
0x6ae2e275987b23b5af12fe75b37acba3fb37823e3397f1718627ffb1c902e885,Seoul,Will the highest temperature in Seoul (Incheon) be 33°C on August 1?,32011339035171813608552875017108567331032866759749474003573559495523654119470,Yes,2026-08-01T15:00:08+00:00,0.0005
0x6ae2e275987b23b5af12fe75b37acba3fb37823e3397f1718627ffb1c902e885,Seoul,Will the highest temperature in Seoul (Incheon) be 33°C on August 1?,32011339035171813608552875017108567331032866759749474003573559495523654119470,Yes,2026-08-01T15:18:09+00:00,0.0005
0x6ae2e275987b23b5af12fe75b37acba3fb37823e3397f1718627ffb1c902e885,Seoul,Will the highest temperature in Seoul (Incheon) be 33°C on August 1?,54925701434236354544723068437696624750260532872940631503324597904085826895294,No,2026-08-01T14:00:09+00:00,0.9995
0x6ae2e275987b23b5af12fe75b37acba3fb37823e3397f1718627ffb1c902e885,Seoul,Will the highest temperature in Seoul (Incheon) be 33°C on August 1?,54925701434236354544723068437696624750260532872940631503324597904085826895294,No,2026-08-01T15:00:11+00:00,0.9995
0x6ae2e275987b23b5af12fe75b37acba3fb37823e3397f1718627ffb1c902e885,Seoul,Will the highest temperature in Seoul (Incheon) be 33°C on August 1?,54925701434236354544723068437696624750260532872940631503324597904085826895294,No,2026-08-01T15:18:10+00:00,0.9995
0x28c2673470b401c40df1c4b6434a077ba95959fdf94178abefd7c7d9b5a9a88c,Seoul,Will the highest temperature in Seoul (Incheon) be 34°C on August 1?,106424811315411714302502324902619838626389066355380234655712299464870896724411,Yes,2026-08-01T14:00:07+00:00,0.0005
0x28c2673470b401c40df1c4b6434a077ba95959fdf94178abefd7c7d9b5a9a88c,Seoul,Will the highest temperature in Seoul (Incheon) be 34°C on August 1?,106424811315411714302502324902619838626389066355380234655712299464870896724411,Yes,2026-08-01T15:00:08+00:00,0.0005
0x28c2673470b401c40df1c4b6434a077ba95959fdf94178abefd7c7d9b5a9a88c,Seoul,Will the highest temperature in Seoul (Incheon) be 34°C on August 1?,106424811315411714302502324902619838626389066355380234655712299464870896724411,Yes,2026-08-01T15:18:09+00:00,0.0005
0x28c2673470b401c40df1c4b6434a077ba95959fdf94178abefd7c7d9b5a9a88c,Seoul,Will the highest temperature in Seoul (Incheon) be 34°C on August 1?,91286016663869440106579321441517791119758623399650093413182256285268638497895,No,2026-08-01T14:00:08+00:00,0.9995
0x28c2673470b401c40df1c4b6434a077ba95959fdf94178abefd7c7d9b5a9a88c,Seoul,Will the highest temperature in Seoul (Incheon) be 34°C on August 1?,91286016663869440106579321441517791119758623399650093413182256285268638497895,No,2026-08-01T15:00:09+00:00,0.9995
0x28c2673470b401c40df1c4b6434a077ba95959fdf94178abefd7c7d9b5a9a88c,Seoul,Will the highest temperature in Seoul (Incheon) be 34°C on August 1?,91286016663869440106579321441517791119758623399650093413182256285268638497895,No,2026-08-01T15:18:09+00:00,0.9995
0xc529fb69070947b2704fcb3e5baef47ac8a989a8908929372003ce23ea3aa37a,Seoul,Will the highest temperature in Seoul (Incheon) be 35°C or higher on August 1?,37678255753096523077195428428890663563927301273344278644355946679134032687671,Yes,2026-08-01T14:00:07+00:00,0.0005
0xc529fb69070947b2704fcb3e5baef47ac8a989a8908929372003ce23ea3aa37a,Seoul,Will the highest temperature in Seoul (Incheon) be 35°C or higher on August 1?,37678255753096523077195428428890663563927301273344278644355946679134032687671,Yes,2026-08-01T15:00:08+00:00,0.0005
0xc529fb69070947b2704fcb3e5baef47ac8a989a8908929372003ce23ea3aa37a,Seoul,Will the highest temperature in Seoul (Incheon) be 35°C or higher on August 1?,37678255753096523077195428428890663563927301273344278644355946679134032687671,Yes,2026-08-01T15:18:09+00:00,0.0005
0xc529fb69070947b2704fcb3e5baef47ac8a989a8908929372003ce23ea3aa37a,Seoul,Will the highest temperature in Seoul (Incheon) be 35°C or higher on August 1?,79859422423492323098220565105554084495840007687068404845421799507243117731981,No,2026-08-01T14:00:07+00:00,0.9995
0xc529fb69070947b2704fcb3e5baef47ac8a989a8908929372003ce23ea3aa37a,Seoul,Will the highest temperature in Seoul (Incheon) be 35°C or higher on August 1?,79859422423492323098220565105554084495840007687068404845421799507243117731981,No,2026-08-01T15:00:08+00:00,0.9995
0xc529fb69070947b2704fcb3e5baef47ac8a989a8908929372003ce23ea3aa37a,Seoul,Will the highest temperature in Seoul (Incheon) be 35°C or higher on August 1?,79859422423492323098220565105554084495840007687068404845421799507243117731981,No,2026-08-01T15:18:09+00:00,0.9995
0x0823987c3e682a59b0689691c5c49f6fb5097dd30bfebaddca8080506ff5f167,Seoul,Will the lowest temperature in Seoul (Incheon) be 22°C or below on August 1?,115522439040962885739395246092651457967987447921074837961888152943446673568768,Yes,2026-08-01T14:00:08+00:00,0.0005
0x0823987c3e682a59b0689691c5c49f6fb5097dd30bfebaddca8080506ff5f167,Seoul,Will the lowest temperature in Seoul (Incheon) be 22°C or below on August 1?,115522439040962885739395246092651457967987447921074837961888152943446673568768,Yes,2026-08-01T15:00:08+00:00,0.0005
0x0823987c3e682a59b0689691c5c49f6fb5097dd30bfebaddca8080506ff5f167,Seoul,Will the lowest temperature in Seoul (Incheon) be 22°C or below on August 1?,115522439040962885739395246092651457967987447921074837961888152943446673568768,Yes,2026-08-01T15:18:09+00:00,0.0005
0x0823987c3e682a59b0689691c5c49f6fb5097dd30bfebaddca8080506ff5f167,Seoul,Will the lowest temperature in Seoul (Incheon) be 22°C or below on August 1?,87552249633618477863707875185894348714050988462599562852072132010832126159829,No,2026-08-01T14:00:07+00:00,0.9995
0x0823987c3e682a59b0689691c5c49f6fb5097dd30bfebaddca8080506ff5f167,Seoul,Will the lowest temperature in Seoul (Incheon) be 22°C or below on August 1?,87552249633618477863707875185894348714050988462599562852072132010832126159829,No,2026-08-01T15:00:07+00:00,0.9995
0x0823987c3e682a59b0689691c5c49f6fb5097dd30bfebaddca8080506ff5f167,Seoul,Will the lowest temperature in Seoul (Incheon) be 22°C or below on August 1?,87552249633618477863707875185894348714050988462599562852072132010832126159829,No,2026-08-01T15:18:08+00:00,0.9995
0x4de546104719af95cfe6b25654dbf8b7bf7f9bc2c1acbed0c2322fffe87d2384,Seoul,Will the lowest temperature in Seoul (Incheon) be 23°C on August 1?,88532792779642173247160359430410427451612051190999663752140242554041439913550,Yes,2026-08-01T14:00:08+00:00,0.0005
0x4de546104719af95cfe6b25654dbf8b7bf7f9bc2c1acbed0c2322fffe87d2384,Seoul,Will the lowest temperature in Seoul (Incheon) be 23°C on August 1?,88532792779642173247160359430410427451612051190999663752140242554041439913550,Yes,2026-08-01T15:00:09+00:00,0.0005
0x4de546104719af95cfe6b25654dbf8b7bf7f9bc2c1acbed0c2322fffe87d2384,Seoul,Will the lowest temperature in Seoul (Incheon) be 23°C on August 1?,88532792779642173247160359430410427451612051190999663752140242554041439913550,Yes,2026-08-01T15:18:09+00:00,0.0005
0x4de546104719af95cfe6b25654dbf8b7bf7f9bc2c1acbed0c2322fffe87d2384,Seoul,Will the lowest temperature in Seoul (Incheon) be 23°C on August 1?,113031101527207574855272117507870678187937030225515689624088589501185277463705,No,2026-08-01T14:00:08+00:00,0.9995
0x4de546104719af95cfe6b25654dbf8b7bf7f9bc2c1acbed0c2322fffe87d2384,Seoul,Will the lowest temperature in Seoul (Incheon) be 23°C on August 1?,113031101527207574855272117507870678187937030225515689624088589501185277463705,No,2026-08-01T15:00:09+00:00,0.9995
0x4de546104719af95cfe6b25654dbf8b7bf7f9bc2c1acbed0c2322fffe87d2384,Seoul,Will the lowest temperature in Seoul (Incheon) be 23°C on August 1?,113031101527207574855272117507870678187937030225515689624088589501185277463705,No,2026-08-01T15:18:09+00:00,0.9995
0x06db4da938e5c0d234cfec1d8865eabeaed92aadecbb001ef03fa6d3d357ba7e,Seoul,Will the lowest temperature in Seoul (Incheon) be 24°C on August 1?,51050193329669517790992391641810861558990837568533590638759538100702321195012,Yes,2026-08-01T14:00:08+00:00,0.0045
0x06db4da938e5c0d234cfec1d8865eabeaed92aadecbb001ef03fa6d3d357ba7e,Seoul,Will the lowest temperature in Seoul (Incheon) be 24°C on August 1?,51050193329669517790992391641810861558990837568533590638759538100702321195012,Yes,2026-08-01T15:00:09+00:00,0.0005
0x06db4da938e5c0d234cfec1d8865eabeaed92aadecbb001ef03fa6d3d357ba7e,Seoul,Will the lowest temperature in Seoul (Incheon) be 24°C on August 1?,49948002326355732779454110442694490331965482400095519617165982554934148299946,No,2026-08-01T14:00:08+00:00,0.9955
0x06db4da938e5c0d234cfec1d8865eabeaed92aadecbb001ef03fa6d3d357ba7e,Seoul,Will the lowest temperature in Seoul (Incheon) be 24°C on August 1?,49948002326355732779454110442694490331965482400095519617165982554934148299946,No,2026-08-01T15:00:09+00:00,0.9995
0x35f7a442d8356a33bebc1396bc76b8edca028f899796bec43f09443f1a7c87da,Seoul,Will the lowest temperature in Seoul (Incheon) be 25°C on August 1?,35235895000458516965826137721191759320795944653432088079812736035497458566053,Yes,2026-08-01T14:00:09+00:00,0.015
0x35f7a442d8356a33bebc1396bc76b8edca028f899796bec43f09443f1a7c87da,Seoul,Will the lowest temperature in Seoul (Incheon) be 25°C on August 1?,35235895000458516965826137721191759320795944653432088079812736035497458566053,Yes,2026-08-01T15:00:10+00:00,0.0085
0x35f7a442d8356a33bebc1396bc76b8edca028f899796bec43f09443f1a7c87da,Seoul,Will the lowest temperature in Seoul (Incheon) be 25°C on August 1?,35235895000458516965826137721191759320795944653432088079812736035497458566053,Yes,2026-08-01T15:18:10+00:00,0.0005
0x35f7a442d8356a33bebc1396bc76b8edca028f899796bec43f09443f1a7c87da,Seoul,Will the lowest temperature in Seoul (Incheon) be 25°C on August 1?,68514957237065661930972658621748402294422702973836860162005450675879996807290,No,2026-08-01T14:00:08+00:00,0.985
0x35f7a442d8356a33bebc1396bc76b8edca028f899796bec43f09443f1a7c87da,Seoul,Will the lowest temperature in Seoul (Incheon) be 25°C on August 1?,68514957237065661930972658621748402294422702973836860162005450675879996807290,No,2026-08-01T15:00:09+00:00,0.9915
0x35f7a442d8356a33bebc1396bc76b8edca028f899796bec43f09443f1a7c87da,Seoul,Will the lowest temperature in Seoul (Incheon) be 25°C on August 1?,68514957237065661930972658621748402294422702973836860162005450675879996807290,No,2026-08-01T15:18:10+00:00,0.9995
0x8928aadc76c7187452de9f96a1ff5d38c6974831be26ccdd4d28e220dcacc3ae,Seoul,Will the lowest temperature in Seoul (Incheon) be 26°C on August 1?,97323326723576609720748442661486746228840533830034866894756505274267081213403,Yes,2026-08-01T14:00:08+00:00,0.985
0x8928aadc76c7187452de9f96a1ff5d38c6974831be26ccdd4d28e220dcacc3ae,Seoul,Will the lowest temperature in Seoul (Incheon) be 26°C on August 1?,97323326723576609720748442661486746228840533830034866894756505274267081213403,Yes,2026-08-01T15:00:09+00:00,0.9995
0x8928aadc76c7187452de9f96a1ff5d38c6974831be26ccdd4d28e220dcacc3ae,Seoul,Will the lowest temperature in Seoul (Incheon) be 26°C on August 1?,97323326723576609720748442661486746228840533830034866894756505274267081213403,Yes,2026-08-01T15:18:09+00:00,0.9995
0x8928aadc76c7187452de9f96a1ff5d38c6974831be26ccdd4d28e220dcacc3ae,Seoul,Will the lowest temperature in Seoul (Incheon) be 26°C on August 1?,1851413710827862409894812327004843553621645653312126535704664927554417764527,No,2026-08-01T14:00:08+00:00,0.015
0x8928aadc76c7187452de9f96a1ff5d38c6974831be26ccdd4d28e220dcacc3ae,Seoul,Will the lowest temperature in Seoul (Incheon) be 26°C on August 1?,1851413710827862409894812327004843553621645653312126535704664927554417764527,No,2026-08-01T15:00:08+00:00,0.0005
0x8928aadc76c7187452de9f96a1ff5d38c6974831be26ccdd4d28e220dcacc3ae,Seoul,Will the lowest temperature in Seoul (Incheon) be 26°C on August 1?,1851413710827862409894812327004843553621645653312126535704664927554417764527,No,2026-08-01T15:18:09+00:00,0.0005
0xb080a8ad211f8f410d2897235f0ffa9e623bc245e0666f57a04ccc0fa4f54a74,Seoul,Will the lowest temperature in Seoul (Incheon) be 27°C on August 1?,40265105346755331271273644297518986113028452852936180392172640994908265512353,Yes,2026-08-01T14:00:08+00:00,0.0005
0xb080a8ad211f8f410d2897235f0ffa9e623bc245e0666f57a04ccc0fa4f54a74,Seoul,Will the lowest temperature in Seoul (Incheon) be 27°C on August 1?,40265105346755331271273644297518986113028452852936180392172640994908265512353,Yes,2026-08-01T15:00:09+00:00,0.0005
0xb080a8ad211f8f410d2897235f0ffa9e623bc245e0666f57a04ccc0fa4f54a74,Seoul,Will the lowest temperature in Seoul (Incheon) be 27°C on August 1?,74499595780167200827431137324118895000538842337147595074093109494097665880796,No,2026-08-01T14:00:07+00:00,0.9995
0xb080a8ad211f8f410d2897235f0ffa9e623bc245e0666f57a04ccc0fa4f54a74,Seoul,Will the lowest temperature in Seoul (Incheon) be 27°C on August 1?,74499595780167200827431137324118895000538842337147595074093109494097665880796,No,2026-08-01T15:00:07+00:00,0.9995
0x348a59aa6b3bae696d466839a2e7b641e64bd6a303da6ec9cda5882594570b8c,Seoul,Will the lowest temperature in Seoul (Incheon) be 28°C on August 1?,77634721969246490024485222801085128535433035557780869373649638440960182924580,Yes,2026-08-01T14:00:07+00:00,0.0005
0x348a59aa6b3bae696d466839a2e7b641e64bd6a303da6ec9cda5882594570b8c,Seoul,Will the lowest temperature in Seoul (Incheon) be 28°C on August 1?,77634721969246490024485222801085128535433035557780869373649638440960182924580,Yes,2026-08-01T15:00:07+00:00,0.0005
0x348a59aa6b3bae696d466839a2e7b641e64bd6a303da6ec9cda5882594570b8c,Seoul,Will the lowest temperature in Seoul (Incheon) be 28°C on August 1?,113775806978425023418247280979409498933060406110995404752600053832664374503703,No,2026-08-01T14:00:08+00:00,0.9995
0x348a59aa6b3bae696d466839a2e7b641e64bd6a303da6ec9cda5882594570b8c,Seoul,Will the lowest temperature in Seoul (Incheon) be 28°C on August 1?,113775806978425023418247280979409498933060406110995404752600053832664374503703,No,2026-08-01T15:00:09+00:00,0.9995
0xf1285344a09844fae972f315d75a6ac9a9eee56986261ff1043697af1c93b680,Seoul,Will the lowest temperature in Seoul (Incheon) be 29°C on August 1?,93872973583861486619415690971445894360050096430642639099514474602007100203473,Yes,2026-08-01T14:00:08+00:00,0.0005
0xf1285344a09844fae972f315d75a6ac9a9eee56986261ff1043697af1c93b680,Seoul,Will the lowest temperature in Seoul (Incheon) be 29°C on August 1?,93872973583861486619415690971445894360050096430642639099514474602007100203473,Yes,2026-08-01T15:00:08+00:00,0.0005
0xf1285344a09844fae972f315d75a6ac9a9eee56986261ff1043697af1c93b680,Seoul,Will the lowest temperature in Seoul (Incheon) be 29°C on August 1?,59080374115249938551948943063968712429947898676952476639746229585854554331945,No,2026-08-01T14:00:07+00:00,0.9995
0xf1285344a09844fae972f315d75a6ac9a9eee56986261ff1043697af1c93b680,Seoul,Will the lowest temperature in Seoul (Incheon) be 29°C on August 1?,59080374115249938551948943063968712429947898676952476639746229585854554331945,No,2026-08-01T15:00:08+00:00,0.9995
0xb1b382f92f657b0cfee524d74de6797b5a3af5cac4e8dc1872e35ae528b5af01,Seoul,Will the lowest temperature in Seoul (Incheon) be 30°C on August 1?,32203698952635040383130029186187654391197221132014889480954886774683053876266,Yes,2026-08-01T14:00:07+00:00,0.0005
0xb1b382f92f657b0cfee524d74de6797b5a3af5cac4e8dc1872e35ae528b5af01,Seoul,Will the lowest temperature in Seoul (Incheon) be 30°C on August 1?,32203698952635040383130029186187654391197221132014889480954886774683053876266,Yes,2026-08-01T15:00:07+00:00,0.0005
0xb1b382f92f657b0cfee524d74de6797b5a3af5cac4e8dc1872e35ae528b5af01,Seoul,Will the lowest temperature in Seoul (Incheon) be 30°C on August 1?,110361970022019961347046895118467290402309853033303405900843774321280217780824,No,2026-08-01T14:00:09+00:00,0.9995
0xb1b382f92f657b0cfee524d74de6797b5a3af5cac4e8dc1872e35ae528b5af01,Seoul,Will the lowest temperature in Seoul (Incheon) be 30°C on August 1?,110361970022019961347046895118467290402309853033303405900843774321280217780824,No,2026-08-01T15:00:10+00:00,0.9995
0x6beee29aa99c8e81bed93d861adc76af80b506c0cbd589b759b63c6d2ebd05f7,Seoul,Will the lowest temperature in Seoul (Incheon) be 31°C on August 1?,69944737276738460714809354496276602902559850144983055356130261738212183146854,Yes,2026-08-01T14:00:07+00:00,0.0005
0x6beee29aa99c8e81bed93d861adc76af80b506c0cbd589b759b63c6d2ebd05f7,Seoul,Will the lowest temperature in Seoul (Incheon) be 31°C on August 1?,69944737276738460714809354496276602902559850144983055356130261738212183146854,Yes,2026-08-01T15:00:08+00:00,0.0005
0x6beee29aa99c8e81bed93d861adc76af80b506c0cbd589b759b63c6d2ebd05f7,Seoul,Will the lowest temperature in Seoul (Incheon) be 31°C on August 1?,107502626787628720120653297918271312257326254623031611806117721005085655880757,No,2026-08-01T14:00:09+00:00,0.9995
0x6beee29aa99c8e81bed93d861adc76af80b506c0cbd589b759b63c6d2ebd05f7,Seoul,Will the lowest temperature in Seoul (Incheon) be 31°C on August 1?,107502626787628720120653297918271312257326254623031611806117721005085655880757,No,2026-08-01T15:00:11+00:00,0.9995
0xd44d81bcb66538d7d0e613549983a4da6a05161f7d6c0925b39ef41c443c2948,Seoul,Will the lowest temperature in Seoul (Incheon) be 32°C or higher on August 1?,5212430577027452582187714210181130256539114942008666985602980227241497605856,Yes,2026-08-01T14:00:07+00:00,0.0005
0xd44d81bcb66538d7d0e613549983a4da6a05161f7d6c0925b39ef41c443c2948,Seoul,Will the lowest temperature in Seoul (Incheon) be 32°C or higher on August 1?,5212430577027452582187714210181130256539114942008666985602980227241497605856,Yes,2026-08-01T15:00:07+00:00,0.0005
0xd44d81bcb66538d7d0e613549983a4da6a05161f7d6c0925b39ef41c443c2948,Seoul,Will the lowest temperature in Seoul (Incheon) be 32°C or higher on August 1?,86507058172429976455065385856599288647791994965319423546288345627601150691672,No,2026-08-01T14:00:07+00:00,0.9995
0xd44d81bcb66538d7d0e613549983a4da6a05161f7d6c0925b39ef41c443c2948,Seoul,Will the lowest temperature in Seoul (Incheon) be 32°C or higher on August 1?,86507058172429976455065385856599288647791994965319423546288345627601150691672,No,2026-08-01T15:00:07+00:00,0.9995
0x8f4406d40b378090cdd8a9970139902e9bdbb61551d8ce0c23f17c3ce2dad43d,Seoul,Will the highest temperature in Seoul (Incheon) be 25°C or below on August 2?,66591222604066173930886596094423873354352691380395447631434150156295673886229,Yes,2026-08-01T14:00:06+00:00,0.0005
0x8f4406d40b378090cdd8a9970139902e9bdbb61551d8ce0c23f17c3ce2dad43d,Seoul,Will the highest temperature in Seoul (Incheon) be 25°C or below on August 2?,66591222604066173930886596094423873354352691380395447631434150156295673886229,Yes,2026-08-01T15:00:06+00:00,0.0005
0x8f4406d40b378090cdd8a9970139902e9bdbb61551d8ce0c23f17c3ce2dad43d,Seoul,Will the highest temperature in Seoul (Incheon) be 25°C or below on August 2?,66591222604066173930886596094423873354352691380395447631434150156295673886229,Yes,2026-08-01T15:18:08+00:00,0.0005
0x8f4406d40b378090cdd8a9970139902e9bdbb61551d8ce0c23f17c3ce2dad43d,Seoul,Will the highest temperature in Seoul (Incheon) be 25°C or below on August 2?,93405891591771185256775226005347019850765450472511385041529194842194427845773,No,2026-08-01T14:00:08+00:00,0.9995
0x8f4406d40b378090cdd8a9970139902e9bdbb61551d8ce0c23f17c3ce2dad43d,Seoul,Will the highest temperature in Seoul (Incheon) be 25°C or below on August 2?,93405891591771185256775226005347019850765450472511385041529194842194427845773,No,2026-08-01T15:00:09+00:00,0.9995
0x8f4406d40b378090cdd8a9970139902e9bdbb61551d8ce0c23f17c3ce2dad43d,Seoul,Will the highest temperature in Seoul (Incheon) be 25°C or below on August 2?,93405891591771185256775226005347019850765450472511385041529194842194427845773,No,2026-08-01T15:18:09+00:00,0.9995
0xcae18aa5d40e7b3403b29a51220f6b17d6e1322ffc9956fe858e2b53e130635f,Seoul,Will the highest temperature in Seoul (Incheon) be 26°C on August 2?,81481110514278542626930507844811703448404965274860694710496995680553432251247,Yes,2026-08-01T14:00:06+00:00,0.0005
0xcae18aa5d40e7b3403b29a51220f6b17d6e1322ffc9956fe858e2b53e130635f,Seoul,Will the highest temperature in Seoul (Incheon) be 26°C on August 2?,81481110514278542626930507844811703448404965274860694710496995680553432251247,Yes,2026-08-01T15:00:06+00:00,0.0005
0xcae18aa5d40e7b3403b29a51220f6b17d6e1322ffc9956fe858e2b53e130635f,Seoul,Will the highest temperature in Seoul (Incheon) be 26°C on August 2?,81481110514278542626930507844811703448404965274860694710496995680553432251247,Yes,2026-08-01T15:18:08+00:00,0.0005
0xcae18aa5d40e7b3403b29a51220f6b17d6e1322ffc9956fe858e2b53e130635f,Seoul,Will the highest temperature in Seoul (Incheon) be 26°C on August 2?,77288735134001822348300792724220724146081130234033681707214130486481563994507,No,2026-08-01T14:00:09+00:00,0.9995
0xcae18aa5d40e7b3403b29a51220f6b17d6e1322ffc9956fe858e2b53e130635f,Seoul,Will the highest temperature in Seoul (Incheon) be 26°C on August 2?,77288735134001822348300792724220724146081130234033681707214130486481563994507,No,2026-08-01T15:00:10+00:00,0.9995
0xcae18aa5d40e7b3403b29a51220f6b17d6e1322ffc9956fe858e2b53e130635f,Seoul,Will the highest temperature in Seoul (Incheon) be 26°C on August 2?,77288735134001822348300792724220724146081130234033681707214130486481563994507,No,2026-08-01T15:18:10+00:00,0.9995
0xbcdb3b84d1bcdb26bd926edcbc0a97843473895ab32b0f93026e8c5b5440edcc,Seoul,Will the highest temperature in Seoul (Incheon) be 27°C on August 2?,52071578477397742358270108169412729454608105443989825083153315204367919533539,Yes,2026-08-01T14:00:08+00:00,0.0005
0xbcdb3b84d1bcdb26bd926edcbc0a97843473895ab32b0f93026e8c5b5440edcc,Seoul,Will the highest temperature in Seoul (Incheon) be 27°C on August 2?,52071578477397742358270108169412729454608105443989825083153315204367919533539,Yes,2026-08-01T15:00:09+00:00,0.0005
0xbcdb3b84d1bcdb26bd926edcbc0a97843473895ab32b0f93026e8c5b5440edcc,Seoul,Will the highest temperature in Seoul (Incheon) be 27°C on August 2?,52071578477397742358270108169412729454608105443989825083153315204367919533539,Yes,2026-08-01T15:18:10+00:00,0.0005
0xbcdb3b84d1bcdb26bd926edcbc0a97843473895ab32b0f93026e8c5b5440edcc,Seoul,Will the highest temperature in Seoul (Incheon) be 27°C on August 2?,83591289135596541564475690443763462449720930757118372521971893083114166498987,No,2026-08-01T14:00:08+00:00,0.9995
0xbcdb3b84d1bcdb26bd926edcbc0a97843473895ab32b0f93026e8c5b5440edcc,Seoul,Will the highest temperature in Seoul (Incheon) be 27°C on August 2?,83591289135596541564475690443763462449720930757118372521971893083114166498987,No,2026-08-01T15:00:09+00:00,0.9995
0xbcdb3b84d1bcdb26bd926edcbc0a97843473895ab32b0f93026e8c5b5440edcc,Seoul,Will the highest temperature in Seoul (Incheon) be 27°C on August 2?,83591289135596541564475690443763462449720930757118372521971893083114166498987,No,2026-08-01T15:18:10+00:00,0.9995
0x53c5e8c9174d92d924c2491d0d7948a3b55be3b6dc8873c3028dbe67ca94e0b5,Seoul,Will the highest temperature in Seoul (Incheon) be 28°C on August 2?,43044295978222182011879510432422381823165143999313027721743140069122703134751,Yes,2026-08-01T14:00:09+00:00,0.0005
0x53c5e8c9174d92d924c2491d0d7948a3b55be3b6dc8873c3028dbe67ca94e0b5,Seoul,Will the highest temperature in Seoul (Incheon) be 28°C on August 2?,43044295978222182011879510432422381823165143999313027721743140069122703134751,Yes,2026-08-01T15:00:10+00:00,0.0005
0x53c5e8c9174d92d924c2491d0d7948a3b55be3b6dc8873c3028dbe67ca94e0b5,Seoul,Will the highest temperature in Seoul (Incheon) be 28°C on August 2?,43044295978222182011879510432422381823165143999313027721743140069122703134751,Yes,2026-08-01T15:18:10+00:00,0.0005
0x53c5e8c9174d92d924c2491d0d7948a3b55be3b6dc8873c3028dbe67ca94e0b5,Seoul,Will the highest temperature in Seoul (Incheon) be 28°C on August 2?,110481543834093466495769889817048072781271615100080699131528943062304188633780,No,2026-08-01T14:00:09+00:00,0.9995
0x53c5e8c9174d92d924c2491d0d7948a3b55be3b6dc8873c3028dbe67ca94e0b5,Seoul,Will the highest temperature in Seoul (Incheon) be 28°C on August 2?,110481543834093466495769889817048072781271615100080699131528943062304188633780,No,2026-08-01T15:00:10+00:00,0.9995
0x53c5e8c9174d92d924c2491d0d7948a3b55be3b6dc8873c3028dbe67ca94e0b5,Seoul,Will the highest temperature in Seoul (Incheon) be 28°C on August 2?,110481543834093466495769889817048072781271615100080699131528943062304188633780,No,2026-08-01T15:18:10+00:00,0.9995
0x037d7c0a086965735f9c6a394933c0ee0cc2a5500b138429dd7e8e9550aa1058,Seoul,Will the highest temperature in Seoul (Incheon) be 29°C on August 2?,71681723775256219499297835992107963815141981243112474277021631906406235771427,Yes,2026-08-01T14:00:09+00:00,0.0045
0x037d7c0a086965735f9c6a394933c0ee0cc2a5500b138429dd7e8e9550aa1058,Seoul,Will the highest temperature in Seoul (Incheon) be 29°C on August 2?,71681723775256219499297835992107963815141981243112474277021631906406235771427,Yes,2026-08-01T15:00:10+00:00,0.003
0x037d7c0a086965735f9c6a394933c0ee0cc2a5500b138429dd7e8e9550aa1058,Seoul,Will the highest temperature in Seoul (Incheon) be 29°C on August 2?,71681723775256219499297835992107963815141981243112474277021631906406235771427,Yes,2026-08-01T15:18:10+00:00,0.0035
0x037d7c0a086965735f9c6a394933c0ee0cc2a5500b138429dd7e8e9550aa1058,Seoul,Will the highest temperature in Seoul (Incheon) be 29°C on August 2?,27539645705331745296781738391459692602200928960699436958546793601011806194379,No,2026-08-01T14:00:07+00:00,0.9955
0x037d7c0a086965735f9c6a394933c0ee0cc2a5500b138429dd7e8e9550aa1058,Seoul,Will the highest temperature in Seoul (Incheon) be 29°C on August 2?,27539645705331745296781738391459692602200928960699436958546793601011806194379,No,2026-08-01T15:00:08+00:00,0.997
0x037d7c0a086965735f9c6a394933c0ee0cc2a5500b138429dd7e8e9550aa1058,Seoul,Will the highest temperature in Seoul (Incheon) be 29°C on August 2?,27539645705331745296781738391459692602200928960699436958546793601011806194379,No,2026-08-01T15:18:09+00:00,0.9965
0x1816582f5b156591cc0b6fb53c14f2db5f407b727b1d4b504f1f670a21936896,Seoul,Will the highest temperature in Seoul (Incheon) be 30°C on August 2?,70648478783912744186273943880836846795149460969403616902910007761529959614009,Yes,2026-08-01T14:00:08+00:00,0.015
0x1816582f5b156591cc0b6fb53c14f2db5f407b727b1d4b504f1f670a21936896,Seoul,Will the highest temperature in Seoul (Incheon) be 30°C on August 2?,70648478783912744186273943880836846795149460969403616902910007761529959614009,Yes,2026-08-01T15:00:08+00:00,0.015
0x1816582f5b156591cc0b6fb53c14f2db5f407b727b1d4b504f1f670a21936896,Seoul,Will the highest temperature in Seoul (Incheon) be 30°C on August 2?,70648478783912744186273943880836846795149460969403616902910007761529959614009,Yes,2026-08-01T15:18:09+00:00,0.01
0x1816582f5b156591cc0b6fb53c14f2db5f407b727b1d4b504f1f670a21936896,Seoul,Will the highest temperature in Seoul (Incheon) be 30°C on August 2?,67221079191086699567013885351143564705876631397186001184348791550292030782300,No,2026-08-01T14:00:09+00:00,0.985
0x1816582f5b156591cc0b6fb53c14f2db5f407b727b1d4b504f1f670a21936896,Seoul,Will the highest temperature in Seoul (Incheon) be 30°C on August 2?,67221079191086699567013885351143564705876631397186001184348791550292030782300,No,2026-08-01T15:00:10+00:00,0.985
0x1816582f5b156591cc0b6fb53c14f2db5f407b727b1d4b504f1f670a21936896,Seoul,Will the highest temperature in Seoul (Incheon) be 30°C on August 2?,67221079191086699567013885351143564705876631397186001184348791550292030782300,No,2026-08-01T15:18:10+00:00,0.99
0xfbdda32f781dc6577e9fa7cfe3eb99302b0f058b11aa23cda2d6e4b98c6c23f0,Seoul,Will the highest temperature in Seoul (Incheon) be 31°C on August 2?,106164195963322539237600867004010571681833413116457277735386195213485645273154,Yes,2026-08-01T14:00:07+00:00,0.195
0xfbdda32f781dc6577e9fa7cfe3eb99302b0f058b11aa23cda2d6e4b98c6c23f0,Seoul,Will the highest temperature in Seoul (Incheon) be 31°C on August 2?,106164195963322539237600867004010571681833413116457277735386195213485645273154,Yes,2026-08-01T15:00:08+00:00,0.14
0xfbdda32f781dc6577e9fa7cfe3eb99302b0f058b11aa23cda2d6e4b98c6c23f0,Seoul,Will the highest temperature in Seoul (Incheon) be 31°C on August 2?,106164195963322539237600867004010571681833413116457277735386195213485645273154,Yes,2026-08-01T15:18:09+00:00,0.12
0xfbdda32f781dc6577e9fa7cfe3eb99302b0f058b11aa23cda2d6e4b98c6c23f0,Seoul,Will the highest temperature in Seoul (Incheon) be 31°C on August 2?,19080726419775090995774552719309189099605108646416762776042932669141431077792,No,2026-08-01T14:00:08+00:00,0.805
0xfbdda32f781dc6577e9fa7cfe3eb99302b0f058b11aa23cda2d6e4b98c6c23f0,Seoul,Will the highest temperature in Seoul (Incheon) be 31°C on August 2?,19080726419775090995774552719309189099605108646416762776042932669141431077792,No,2026-08-01T15:00:09+00:00,0.86
0xfbdda32f781dc6577e9fa7cfe3eb99302b0f058b11aa23cda2d6e4b98c6c23f0,Seoul,Will the highest temperature in Seoul (Incheon) be 31°C on August 2?,19080726419775090995774552719309189099605108646416762776042932669141431077792,No,2026-08-01T15:18:09+00:00,0.88
0x6de471316b2b2e13ca7523d7b6502318a44df17efabc05fa749257ecbc775918,Seoul,Will the highest temperature in Seoul (Incheon) be 32°C on August 2?,74726348295018315903000947656994195116142219970397544460284135519691024583171,Yes,2026-08-01T14:00:09+00:00,0.47
0x6de471316b2b2e13ca7523d7b6502318a44df17efabc05fa749257ecbc775918,Seoul,Will the highest temperature in Seoul (Incheon) be 32°C on August 2?,74726348295018315903000947656994195116142219970397544460284135519691024583171,Yes,2026-08-01T15:00:10+00:00,0.485
0x6de471316b2b2e13ca7523d7b6502318a44df17efabc05fa749257ecbc775918,Seoul,Will the highest temperature in Seoul (Incheon) be 32°C on August 2?,74726348295018315903000947656994195116142219970397544460284135519691024583171,Yes,2026-08-01T15:18:10+00:00,0.49
0x6de471316b2b2e13ca7523d7b6502318a44df17efabc05fa749257ecbc775918,Seoul,Will the highest temperature in Seoul (Incheon) be 32°C on August 2?,44678106903686385973066516921024786470531296063310778938154206637111437592430,No,2026-08-01T14:00:09+00:00,0.53
0x6de471316b2b2e13ca7523d7b6502318a44df17efabc05fa749257ecbc775918,Seoul,Will the highest temperature in Seoul (Incheon) be 32°C on August 2?,44678106903686385973066516921024786470531296063310778938154206637111437592430,No,2026-08-01T15:00:10+00:00,0.515
0x6de471316b2b2e13ca7523d7b6502318a44df17efabc05fa749257ecbc775918,Seoul,Will the highest temperature in Seoul (Incheon) be 32°C on August 2?,44678106903686385973066516921024786470531296063310778938154206637111437592430,No,2026-08-01T15:18:10+00:00,0.51
0xd4bbc787b84a7b2691bdea4d3342113f6f2f56612874ab1a55a610de38adf7f4,Seoul,Will the highest temperature in Seoul (Incheon) be 33°C on August 2?,115626287630871567564999197285022189562919775071226954908808204444889660373563,Yes,2026-08-01T14:00:08+00:00,0.285
0xd4bbc787b84a7b2691bdea4d3342113f6f2f56612874ab1a55a610de38adf7f4,Seoul,Will the highest temperature in Seoul (Incheon) be 33°C on August 2?,115626287630871567564999197285022189562919775071226954908808204444889660373563,Yes,2026-08-01T15:00:09+00:00,0.355
0xd4bbc787b84a7b2691bdea4d3342113f6f2f56612874ab1a55a610de38adf7f4,Seoul,Will the highest temperature in Seoul (Incheon) be 33°C on August 2?,115626287630871567564999197285022189562919775071226954908808204444889660373563,Yes,2026-08-01T15:18:09+00:00,0.36
0xd4bbc787b84a7b2691bdea4d3342113f6f2f56612874ab1a55a610de38adf7f4,Seoul,Will the highest temperature in Seoul (Incheon) be 33°C on August 2?,22480372213996193167953416279209498495429127108874111596485542091610426173913,No,2026-08-01T14:00:06+00:00,0.715
0xd4bbc787b84a7b2691bdea4d3342113f6f2f56612874ab1a55a610de38adf7f4,Seoul,Will the highest temperature in Seoul (Incheon) be 33°C on August 2?,22480372213996193167953416279209498495429127108874111596485542091610426173913,No,2026-08-01T15:00:06+00:00,0.645
0xd4bbc787b84a7b2691bdea4d3342113f6f2f56612874ab1a55a610de38adf7f4,Seoul,Will the highest temperature in Seoul (Incheon) be 33°C on August 2?,22480372213996193167953416279209498495429127108874111596485542091610426173913,No,2026-08-01T15:18:08+00:00,0.64
0xd9becfec66c3181649e0612818f6e42d483aa51af23ad84ce8564118ecd858d6,Seoul,Will the highest temperature in Seoul (Incheon) be 34°C on August 2?,107876850448483719708555188347639794949505190656708025785576223466627497209386,Yes,2026-08-01T14:00:09+00:00,0.025
0xd9becfec66c3181649e0612818f6e42d483aa51af23ad84ce8564118ecd858d6,Seoul,Will the highest temperature in Seoul (Incheon) be 34°C on August 2?,107876850448483719708555188347639794949505190656708025785576223466627497209386,Yes,2026-08-01T15:00:10+00:00,0.035
0xd9becfec66c3181649e0612818f6e42d483aa51af23ad84ce8564118ecd858d6,Seoul,Will the highest temperature in Seoul (Incheon) be 34°C on August 2?,107876850448483719708555188347639794949505190656708025785576223466627497209386,Yes,2026-08-01T15:18:10+00:00,0.035
0xd9becfec66c3181649e0612818f6e42d483aa51af23ad84ce8564118ecd858d6,Seoul,Will the highest temperature in Seoul (Incheon) be 34°C on August 2?,3952571701804725222106174106305870655525807574089789055184986059272487951377,No,2026-08-01T14:00:07+00:00,0.975
0xd9becfec66c3181649e0612818f6e42d483aa51af23ad84ce8564118ecd858d6,Seoul,Will the highest temperature in Seoul (Incheon) be 34°C on August 2?,3952571701804725222106174106305870655525807574089789055184986059272487951377,No,2026-08-01T15:00:08+00:00,0.965
0xd9becfec66c3181649e0612818f6e42d483aa51af23ad84ce8564118ecd858d6,Seoul,Will the highest temperature in Seoul (Incheon) be 34°C on August 2?,3952571701804725222106174106305870655525807574089789055184986059272487951377,No,2026-08-01T15:18:09+00:00,0.965
0x0155c0dd906bcb1b5fd3fb8673a54b70973ad9d4865438b410eec1a5f24d576d,Seoul,Will the highest temperature in Seoul (Incheon) be 35°C or higher on August 2?,59604589291894658609447211929535156814738724975861670094035227485370658205565,Yes,2026-08-01T14:00:07+00:00,0.02
0x0155c0dd906bcb1b5fd3fb8673a54b70973ad9d4865438b410eec1a5f24d576d,Seoul,Will the highest temperature in Seoul (Incheon) be 35°C or higher on August 2?,59604589291894658609447211929535156814738724975861670094035227485370658205565,Yes,2026-08-01T15:00:08+00:00,0.02
0x0155c0dd906bcb1b5fd3fb8673a54b70973ad9d4865438b410eec1a5f24d576d,Seoul,Will the highest temperature in Seoul (Incheon) be 35°C or higher on August 2?,59604589291894658609447211929535156814738724975861670094035227485370658205565,Yes,2026-08-01T15:18:09+00:00,0.02
0x0155c0dd906bcb1b5fd3fb8673a54b70973ad9d4865438b410eec1a5f24d576d,Seoul,Will the highest temperature in Seoul (Incheon) be 35°C or higher on August 2?,25613889125737923557243960688368541919118413674820123896619160087054458849880,No,2026-08-01T14:00:08+00:00,0.98
0x0155c0dd906bcb1b5fd3fb8673a54b70973ad9d4865438b410eec1a5f24d576d,Seoul,Will the highest temperature in Seoul (Incheon) be 35°C or higher on August 2?,25613889125737923557243960688368541919118413674820123896619160087054458849880,No,2026-08-01T15:00:09+00:00,0.98
0x0155c0dd906bcb1b5fd3fb8673a54b70973ad9d4865438b410eec1a5f24d576d,Seoul,Will the highest temperature in Seoul (Incheon) be 35°C or higher on August 2?,25613889125737923557243960688368541919118413674820123896619160087054458849880,No,2026-08-01T15:18:09+00:00,0.98
0x99b6a2d2fd56b202337b210ca0042191e7c52d063713149141866df8efe00c0b,Seoul,Will the lowest temperature in Seoul (Incheon) be 22°C or below on August 2?,32086589326295922812945226397892233452125516547137932400641554731205404271134,Yes,2026-08-01T14:00:07+00:00,0.0015
0x99b6a2d2fd56b202337b210ca0042191e7c52d063713149141866df8efe00c0b,Seoul,Will the lowest temperature in Seoul (Incheon) be 22°C or below on August 2?,32086589326295922812945226397892233452125516547137932400641554731205404271134,Yes,2026-08-01T15:00:08+00:00,0.0015
0x99b6a2d2fd56b202337b210ca0042191e7c52d063713149141866df8efe00c0b,Seoul,Will the lowest temperature in Seoul (Incheon) be 22°C or below on August 2?,32086589326295922812945226397892233452125516547137932400641554731205404271134,Yes,2026-08-01T15:18:09+00:00,0.0015
0x99b6a2d2fd56b202337b210ca0042191e7c52d063713149141866df8efe00c0b,Seoul,Will the lowest temperature in Seoul (Incheon) be 22°C or below on August 2?,20549732338262514944971869238923177022206302651899668736183077413124966948048,No,2026-08-01T14:00:08+00:00,0.9985
0x99b6a2d2fd56b202337b210ca0042191e7c52d063713149141866df8efe00c0b,Seoul,Will the lowest temperature in Seoul (Incheon) be 22°C or below on August 2?,20549732338262514944971869238923177022206302651899668736183077413124966948048,No,2026-08-01T15:00:09+00:00,0.9985
0x99b6a2d2fd56b202337b210ca0042191e7c52d063713149141866df8efe00c0b,Seoul,Will the lowest temperature in Seoul (Incheon) be 22°C or below on August 2?,20549732338262514944971869238923177022206302651899668736183077413124966948048,No,2026-08-01T15:18:09+00:00,0.9985
0x7a9ba158411e657c361af63c83da8a98be8108d2cf485d8201f97138ff0c4381,Seoul,Will the lowest temperature in Seoul (Incheon) be 23°C on August 2?,19661085223192458304692828038097321745168161382613501944948638613504867667424,Yes,2026-08-01T14:00:09+00:00,0.0055
0x7a9ba158411e657c361af63c83da8a98be8108d2cf485d8201f97138ff0c4381,Seoul,Will the lowest temperature in Seoul (Incheon) be 23°C on August 2?,19661085223192458304692828038097321745168161382613501944948638613504867667424,Yes,2026-08-01T15:00:11+00:00,0.0055
0x7a9ba158411e657c361af63c83da8a98be8108d2cf485d8201f97138ff0c4381,Seoul,Will the lowest temperature in Seoul (Incheon) be 23°C on August 2?,19661085223192458304692828038097321745168161382613501944948638613504867667424,Yes,2026-08-01T15:18:10+00:00,0.0055
0x7a9ba158411e657c361af63c83da8a98be8108d2cf485d8201f97138ff0c4381,Seoul,Will the lowest temperature in Seoul (Incheon) be 23°C on August 2?,8328514249599522178096918297429218437168427241709249707354698263723471643030,No,2026-08-01T14:00:06+00:00,0.9945
0x7a9ba158411e657c361af63c83da8a98be8108d2cf485d8201f97138ff0c4381,Seoul,Will the lowest temperature in Seoul (Incheon) be 23°C on August 2?,8328514249599522178096918297429218437168427241709249707354698263723471643030,No,2026-08-01T15:00:06+00:00,0.9945
0x7a9ba158411e657c361af63c83da8a98be8108d2cf485d8201f97138ff0c4381,Seoul,Will the lowest temperature in Seoul (Incheon) be 23°C on August 2?,8328514249599522178096918297429218437168427241709249707354698263723471643030,No,2026-08-01T15:18:08+00:00,0.9945
0x65c3b452e7f70a2f38d204c00c4cd25378e1e2d1f7195cd576e3617f37ad07ef,Seoul,Will the lowest temperature in Seoul (Incheon) be 24°C on August 2?,53388676400618047283806831984927227381993774787270054910331744960587712738059,Yes,2026-08-01T14:00:06+00:00,0.01
0x65c3b452e7f70a2f38d204c00c4cd25378e1e2d1f7195cd576e3617f37ad07ef,Seoul,Will the lowest temperature in Seoul (Incheon) be 24°C on August 2?,53388676400618047283806831984927227381993774787270054910331744960587712738059,Yes,2026-08-01T15:00:06+00:00,0.01
0x65c3b452e7f70a2f38d204c00c4cd25378e1e2d1f7195cd576e3617f37ad07ef,Seoul,Will the lowest temperature in Seoul (Incheon) be 24°C on August 2?,53388676400618047283806831984927227381993774787270054910331744960587712738059,Yes,2026-08-01T15:18:08+00:00,0.01
0x65c3b452e7f70a2f38d204c00c4cd25378e1e2d1f7195cd576e3617f37ad07ef,Seoul,Will the lowest temperature in Seoul (Incheon) be 24°C on August 2?,29290337112977534161755325275556575348646726680771017211353175010422934770795,No,2026-08-01T14:00:07+00:00,0.99
0x65c3b452e7f70a2f38d204c00c4cd25378e1e2d1f7195cd576e3617f37ad07ef,Seoul,Will the lowest temperature in Seoul (Incheon) be 24°C on August 2?,29290337112977534161755325275556575348646726680771017211353175010422934770795,No,2026-08-01T15:00:07+00:00,0.99
0x65c3b452e7f70a2f38d204c00c4cd25378e1e2d1f7195cd576e3617f37ad07ef,Seoul,Will the lowest temperature in Seoul (Incheon) be 24°C on August 2?,29290337112977534161755325275556575348646726680771017211353175010422934770795,No,2026-08-01T15:18:09+00:00,0.99
0x52f513ce450283a9d96cd2621314260c20e86f3c95e3aad52b8eba7e7e93580d,Seoul,Will the lowest temperature in Seoul (Incheon) be 25°C on August 2?,99293531477611937554618064290984847735394200470457772593685205323497483466794,Yes,2026-08-01T14:00:09+00:00,0.2
0x52f513ce450283a9d96cd2621314260c20e86f3c95e3aad52b8eba7e7e93580d,Seoul,Will the lowest temperature in Seoul (Incheon) be 25°C on August 2?,99293531477611937554618064290984847735394200470457772593685205323497483466794,Yes,2026-08-01T15:00:10+00:00,0.23
0x52f513ce450283a9d96cd2621314260c20e86f3c95e3aad52b8eba7e7e93580d,Seoul,Will the lowest temperature in Seoul (Incheon) be 25°C on August 2?,99293531477611937554618064290984847735394200470457772593685205323497483466794,Yes,2026-08-01T15:18:10+00:00,0.17
0x52f513ce450283a9d96cd2621314260c20e86f3c95e3aad52b8eba7e7e93580d,Seoul,Will the lowest temperature in Seoul (Incheon) be 25°C on August 2?,93863809335877655361574018550390358957805615973014291278437717165081279939479,No,2026-08-01T14:00:06+00:00,0.8
0x52f513ce450283a9d96cd2621314260c20e86f3c95e3aad52b8eba7e7e93580d,Seoul,Will the lowest temperature in Seoul (Incheon) be 25°C on August 2?,93863809335877655361574018550390358957805615973014291278437717165081279939479,No,2026-08-01T15:00:06+00:00,0.77
0x52f513ce450283a9d96cd2621314260c20e86f3c95e3aad52b8eba7e7e93580d,Seoul,Will the lowest temperature in Seoul (Incheon) be 25°C on August 2?,93863809335877655361574018550390358957805615973014291278437717165081279939479,No,2026-08-01T15:18:08+00:00,0.83
0xad865a991ed23049ff8a9f73175335e78c06499ce47cf6295a9043956bc2744e,Seoul,Will the lowest temperature in Seoul (Incheon) be 26°C on August 2?,55406766889916708736508872335887761858017890793354588280479341906145411657538,Yes,2026-08-01T14:00:07+00:00,0.55
0xad865a991ed23049ff8a9f73175335e78c06499ce47cf6295a9043956bc2744e,Seoul,Will the lowest temperature in Seoul (Incheon) be 26°C on August 2?,55406766889916708736508872335887761858017890793354588280479341906145411657538,Yes,2026-08-01T15:00:07+00:00,0.465
0xad865a991ed23049ff8a9f73175335e78c06499ce47cf6295a9043956bc2744e,Seoul,Will the lowest temperature in Seoul (Incheon) be 26°C on August 2?,55406766889916708736508872335887761858017890793354588280479341906145411657538,Yes,2026-08-01T15:18:09+00:00,0.465
0xad865a991ed23049ff8a9f73175335e78c06499ce47cf6295a9043956bc2744e,Seoul,Will the lowest temperature in Seoul (Incheon) be 26°C on August 2?,33906879690735312915797602178330062529267396436102044709518654311404878413632,No,2026-08-01T14:00:07+00:00,0.45
0xad865a991ed23049ff8a9f73175335e78c06499ce47cf6295a9043956bc2744e,Seoul,Will the lowest temperature in Seoul (Incheon) be 26°C on August 2?,33906879690735312915797602178330062529267396436102044709518654311404878413632,No,2026-08-01T15:00:07+00:00,0.535
0xad865a991ed23049ff8a9f73175335e78c06499ce47cf6295a9043956bc2744e,Seoul,Will the lowest temperature in Seoul (Incheon) be 26°C on August 2?,33906879690735312915797602178330062529267396436102044709518654311404878413632,No,2026-08-01T15:19:09+00:00,0.535
0x17357867978f6f333e03ff4075744a83324835b922efc07640200574d555d507,Seoul,Will the lowest temperature in Seoul (Incheon) be 27°C on August 2?,103270084214336426316313599841004814479063965338598824048322564869168251898064,Yes,2026-08-01T14:00:08+00:00,0.255
0x17357867978f6f333e03ff4075744a83324835b922efc07640200574d555d507,Seoul,Will the lowest temperature in Seoul (Incheon) be 27°C on August 2?,103270084214336426316313599841004814479063965338598824048322564869168251898064,Yes,2026-08-01T15:00:08+00:00,0.255
0x17357867978f6f333e03ff4075744a83324835b922efc07640200574d555d507,Seoul,Will the lowest temperature in Seoul (Incheon) be 27°C on August 2?,103270084214336426316313599841004814479063965338598824048322564869168251898064,Yes,2026-08-01T15:19:09+00:00,0.485
0x17357867978f6f333e03ff4075744a83324835b922efc07640200574d555d507,Seoul,Will the lowest temperature in Seoul (Incheon) be 27°C on August 2?,48633960370269540040105950802709725855097489138331361067761713585827335484662,No,2026-08-01T14:00:08+00:00,0.745
0x17357867978f6f333e03ff4075744a83324835b922efc07640200574d555d507,Seoul,Will the lowest temperature in Seoul (Incheon) be 27°C on August 2?,48633960370269540040105950802709725855097489138331361067761713585827335484662,No,2026-08-01T15:00:09+00:00,0.745
0x17357867978f6f333e03ff4075744a83324835b922efc07640200574d555d507,Seoul,Will the lowest temperature in Seoul (Incheon) be 27°C on August 2?,48633960370269540040105950802709725855097489138331361067761713585827335484662,No,2026-08-01T15:19:10+00:00,0.515
0xfa3817f91b09562475ceb5c5db864aa564fe809eeb85fe1a4a5853eea4ea21ec,Seoul,Will the lowest temperature in Seoul (Incheon) be 28°C on August 2?,57232593022187790465577088208849339503057148464937128411504488702218250455540,Yes,2026-08-01T14:00:07+00:00,0.01
0xfa3817f91b09562475ceb5c5db864aa564fe809eeb85fe1a4a5853eea4ea21ec,Seoul,Will the lowest temperature in Seoul (Incheon) be 28°C on August 2?,57232593022187790465577088208849339503057148464937128411504488702218250455540,Yes,2026-08-01T15:00:08+00:00,0.01
0xfa3817f91b09562475ceb5c5db864aa564fe809eeb85fe1a4a5853eea4ea21ec,Seoul,Will the lowest temperature in Seoul (Incheon) be 28°C on August 2?,57232593022187790465577088208849339503057148464937128411504488702218250455540,Yes,2026-08-01T15:19:09+00:00,0.01
0xfa3817f91b09562475ceb5c5db864aa564fe809eeb85fe1a4a5853eea4ea21ec,Seoul,Will the lowest temperature in Seoul (Incheon) be 28°C on August 2?,79715474401106128378366279818347250510287980891176749896761788248011538156470,No,2026-08-01T14:00:09+00:00,0.99
0xfa3817f91b09562475ceb5c5db864aa564fe809eeb85fe1a4a5853eea4ea21ec,Seoul,Will the lowest temperature in Seoul (Incheon) be 28°C on August 2?,79715474401106128378366279818347250510287980891176749896761788248011538156470,No,2026-08-01T15:00:10+00:00,0.99
0xfa3817f91b09562475ceb5c5db864aa564fe809eeb85fe1a4a5853eea4ea21ec,Seoul,Will the lowest temperature in Seoul (Incheon) be 28°C on August 2?,79715474401106128378366279818347250510287980891176749896761788248011538156470,No,2026-08-01T15:19:10+00:00,0.99
0xce117988f36a9b2217657c6425e7f681b6ff6c05e5d498497532a3fc27f2f072,Seoul,Will the lowest temperature in Seoul (Incheon) be 29°C on August 2?,41558358134164618301497201068390057664377185102829989012592190731772869357421,Yes,2026-08-01T14:00:06+00:00,0.0005
0xce117988f36a9b2217657c6425e7f681b6ff6c05e5d498497532a3fc27f2f072,Seoul,Will the lowest temperature in Seoul (Incheon) be 29°C on August 2?,41558358134164618301497201068390057664377185102829989012592190731772869357421,Yes,2026-08-01T15:00:06+00:00,0.0005
0xce117988f36a9b2217657c6425e7f681b6ff6c05e5d498497532a3fc27f2f072,Seoul,Will the lowest temperature in Seoul (Incheon) be 29°C on August 2?,41558358134164618301497201068390057664377185102829989012592190731772869357421,Yes,2026-08-01T15:19:09+00:00,0.0005
0xce117988f36a9b2217657c6425e7f681b6ff6c05e5d498497532a3fc27f2f072,Seoul,Will the lowest temperature in Seoul (Incheon) be 29°C on August 2?,56945602289316687914232188133423193665925540577705653410006990725503163393041,No,2026-08-01T14:00:07+00:00,0.9995
0xce117988f36a9b2217657c6425e7f681b6ff6c05e5d498497532a3fc27f2f072,Seoul,Will the lowest temperature in Seoul (Incheon) be 29°C on August 2?,56945602289316687914232188133423193665925540577705653410006990725503163393041,No,2026-08-01T15:00:07+00:00,0.9995
0xce117988f36a9b2217657c6425e7f681b6ff6c05e5d498497532a3fc27f2f072,Seoul,Will the lowest temperature in Seoul (Incheon) be 29°C on August 2?,56945602289316687914232188133423193665925540577705653410006990725503163393041,No,2026-08-01T15:19:09+00:00,0.9995
0x188633794f144380e0c2773fb78140b0016574eccb4c72d36394280018e680ce,Seoul,Will the lowest temperature in Seoul (Incheon) be 30°C on August 2?,8091099450966113210747505103544797438897575439825698845935863688120872775883,Yes,2026-08-01T14:00:07+00:00,0.0015
0x188633794f144380e0c2773fb78140b0016574eccb4c72d36394280018e680ce,Seoul,Will the lowest temperature in Seoul (Incheon) be 30°C on August 2?,8091099450966113210747505103544797438897575439825698845935863688120872775883,Yes,2026-08-01T15:00:07+00:00,0.0015
0x188633794f144380e0c2773fb78140b0016574eccb4c72d36394280018e680ce,Seoul,Will the lowest temperature in Seoul (Incheon) be 30°C on August 2?,8091099450966113210747505103544797438897575439825698845935863688120872775883,Yes,2026-08-01T15:19:09+00:00,0.0005
0x188633794f144380e0c2773fb78140b0016574eccb4c72d36394280018e680ce,Seoul,Will the lowest temperature in Seoul (Incheon) be 30°C on August 2?,77583263506305762032028596408939301039342011080128111583883748779789161418913,No,2026-08-01T14:00:08+00:00,0.9985
0x188633794f144380e0c2773fb78140b0016574eccb4c72d36394280018e680ce,Seoul,Will the lowest temperature in Seoul (Incheon) be 30°C on August 2?,77583263506305762032028596408939301039342011080128111583883748779789161418913,No,2026-08-01T15:00:09+00:00,0.9985
0x188633794f144380e0c2773fb78140b0016574eccb4c72d36394280018e680ce,Seoul,Will the lowest temperature in Seoul (Incheon) be 30°C on August 2?,77583263506305762032028596408939301039342011080128111583883748779789161418913,No,2026-08-01T15:19:10+00:00,0.9995
0x0455e51903f52b3280437b2b0ad37a2d28e4f32164fdb5788900bd6eb28f230e,Seoul,Will the lowest temperature in Seoul (Incheon) be 31°C on August 2?,114743770927178202887513140766295181165791095884743041523460403856844947837188,Yes,2026-08-01T14:00:09+00:00,0.001
0x0455e51903f52b3280437b2b0ad37a2d28e4f32164fdb5788900bd6eb28f230e,Seoul,Will the lowest temperature in Seoul (Incheon) be 31°C on August 2?,114743770927178202887513140766295181165791095884743041523460403856844947837188,Yes,2026-08-01T15:00:10+00:00,0.001
0x0455e51903f52b3280437b2b0ad37a2d28e4f32164fdb5788900bd6eb28f230e,Seoul,Will the lowest temperature in Seoul (Incheon) be 31°C on August 2?,114743770927178202887513140766295181165791095884743041523460403856844947837188,Yes,2026-08-01T15:19:10+00:00,0.0005
0x0455e51903f52b3280437b2b0ad37a2d28e4f32164fdb5788900bd6eb28f230e,Seoul,Will the lowest temperature in Seoul (Incheon) be 31°C on August 2?,95879564636949719955786910429515632159690183109462758699632086869187808522640,No,2026-08-01T14:00:07+00:00,0.999
0x0455e51903f52b3280437b2b0ad37a2d28e4f32164fdb5788900bd6eb28f230e,Seoul,Will the lowest temperature in Seoul (Incheon) be 31°C on August 2?,95879564636949719955786910429515632159690183109462758699632086869187808522640,No,2026-08-01T15:00:07+00:00,0.999
0x0455e51903f52b3280437b2b0ad37a2d28e4f32164fdb5788900bd6eb28f230e,Seoul,Will the lowest temperature in Seoul (Incheon) be 31°C on August 2?,95879564636949719955786910429515632159690183109462758699632086869187808522640,No,2026-08-01T15:19:09+00:00,0.9995
0x39afc47f19ede8ec31b84f24f39cc0412a885ebfac6b741ec3f1230bc8a6c7e1,Seoul,Will the lowest temperature in Seoul (Incheon) be 32°C or higher on August 2?,87707409115176679165424013707960564573227881037455295135543035383952462382917,Yes,2026-08-01T14:00:08+00:00,0.0005
0x39afc47f19ede8ec31b84f24f39cc0412a885ebfac6b741ec3f1230bc8a6c7e1,Seoul,Will the lowest temperature in Seoul (Incheon) be 32°C or higher on August 2?,87707409115176679165424013707960564573227881037455295135543035383952462382917,Yes,2026-08-01T15:00:08+00:00,0.0005
0x39afc47f19ede8ec31b84f24f39cc0412a885ebfac6b741ec3f1230bc8a6c7e1,Seoul,Will the lowest temperature in Seoul (Incheon) be 32°C or higher on August 2?,87707409115176679165424013707960564573227881037455295135543035383952462382917,Yes,2026-08-01T15:19:10+00:00,0.0005
0x39afc47f19ede8ec31b84f24f39cc0412a885ebfac6b741ec3f1230bc8a6c7e1,Seoul,Will the lowest temperature in Seoul (Incheon) be 32°C or higher on August 2?,948859234860412971759784579927644357778703327161861173719730772733956679423,No,2026-08-01T14:00:07+00:00,0.9995
0x39afc47f19ede8ec31b84f24f39cc0412a885ebfac6b741ec3f1230bc8a6c7e1,Seoul,Will the lowest temperature in Seoul (Incheon) be 32°C or higher on August 2?,948859234860412971759784579927644357778703327161861173719730772733956679423,No,2026-08-01T15:00:07+00:00,0.9995
0x39afc47f19ede8ec31b84f24f39cc0412a885ebfac6b741ec3f1230bc8a6c7e1,Seoul,Will the lowest temperature in Seoul (Incheon) be 32°C or higher on August 2?,948859234860412971759784579927644357778703327161861173719730772733956679423,No,2026-08-01T15:19:09+00:00,0.9995
0x1c8074574af0d3eff133fe19cc21a01128c6808a49f9a00f5135fde6003a11a1,Seoul,Will the highest temperature in Seoul (Incheon) be 26°C or below on August 3?,98856875915475575871005401992156797444316260878401049608185240279459791451033,Yes,2026-08-01T14:00:07+00:00,0.002
0x1c8074574af0d3eff133fe19cc21a01128c6808a49f9a00f5135fde6003a11a1,Seoul,Will the highest temperature in Seoul (Incheon) be 26°C or below on August 3?,98856875915475575871005401992156797444316260878401049608185240279459791451033,Yes,2026-08-01T15:00:07+00:00,0.002
0x1c8074574af0d3eff133fe19cc21a01128c6808a49f9a00f5135fde6003a11a1,Seoul,Will the highest temperature in Seoul (Incheon) be 26°C or below on August 3?,98856875915475575871005401992156797444316260878401049608185240279459791451033,Yes,2026-08-01T15:19:09+00:00,0.002
0x1c8074574af0d3eff133fe19cc21a01128c6808a49f9a00f5135fde6003a11a1,Seoul,Will the highest temperature in Seoul (Incheon) be 26°C or below on August 3?,96438679057270648015000670011685095102321669443226722826094926360739641626199,No,2026-08-01T14:00:08+00:00,0.998
0x1c8074574af0d3eff133fe19cc21a01128c6808a49f9a00f5135fde6003a11a1,Seoul,Will the highest temperature in Seoul (Incheon) be 26°C or below on August 3?,96438679057270648015000670011685095102321669443226722826094926360739641626199,No,2026-08-01T15:00:08+00:00,0.998
0x1c8074574af0d3eff133fe19cc21a01128c6808a49f9a00f5135fde6003a11a1,Seoul,Will the highest temperature in Seoul (Incheon) be 26°C or below on August 3?,96438679057270648015000670011685095102321669443226722826094926360739641626199,No,2026-08-01T15:19:10+00:00,0.998
0x0109dda471296066abbba8d66ddd4e50cb46b11a581e2050b1991eeb24104b5f,Seoul,Will the highest temperature in Seoul (Incheon) be 27°C on August 3?,5052519687640169320419932905852957426557493898277819060801213881507132054201,Yes,2026-08-01T14:00:08+00:00,0.001
0x0109dda471296066abbba8d66ddd4e50cb46b11a581e2050b1991eeb24104b5f,Seoul,Will the highest temperature in Seoul (Incheon) be 27°C on August 3?,5052519687640169320419932905852957426557493898277819060801213881507132054201,Yes,2026-08-01T15:00:09+00:00,0.001
0x0109dda471296066abbba8d66ddd4e50cb46b11a581e2050b1991eeb24104b5f,Seoul,Will the highest temperature in Seoul (Incheon) be 27°C on August 3?,5052519687640169320419932905852957426557493898277819060801213881507132054201,Yes,2026-08-01T15:19:10+00:00,0.001
0x0109dda471296066abbba8d66ddd4e50cb46b11a581e2050b1991eeb24104b5f,Seoul,Will the highest temperature in Seoul (Incheon) be 27°C on August 3?,42754278097618930228331705863847600036834598072716452882024082235219197306781,No,2026-08-01T14:00:06+00:00,0.999
0x0109dda471296066abbba8d66ddd4e50cb46b11a581e2050b1991eeb24104b5f,Seoul,Will the highest temperature in Seoul (Incheon) be 27°C on August 3?,42754278097618930228331705863847600036834598072716452882024082235219197306781,No,2026-08-01T15:00:06+00:00,0.999
0x0109dda471296066abbba8d66ddd4e50cb46b11a581e2050b1991eeb24104b5f,Seoul,Will the highest temperature in Seoul (Incheon) be 27°C on August 3?,42754278097618930228331705863847600036834598072716452882024082235219197306781,No,2026-08-01T15:19:09+00:00,0.999
0x24e4f733f2727dde6df2b699e0396a61dbb96e5e3a166c55edae41fa6d7ee7a5,Seoul,Will the highest temperature in Seoul (Incheon) be 28°C on August 3?,23280721490072525801639545777671483577678513072128325442699808277808154457158,Yes,2026-08-01T14:00:09+00:00,0.0035
0x24e4f733f2727dde6df2b699e0396a61dbb96e5e3a166c55edae41fa6d7ee7a5,Seoul,Will the highest temperature in Seoul (Incheon) be 28°C on August 3?,23280721490072525801639545777671483577678513072128325442699808277808154457158,Yes,2026-08-01T15:00:10+00:00,0.0035
0x24e4f733f2727dde6df2b699e0396a61dbb96e5e3a166c55edae41fa6d7ee7a5,Seoul,Will the highest temperature in Seoul (Incheon) be 28°C on August 3?,23280721490072525801639545777671483577678513072128325442699808277808154457158,Yes,2026-08-01T15:19:10+00:00,0.0035
0x24e4f733f2727dde6df2b699e0396a61dbb96e5e3a166c55edae41fa6d7ee7a5,Seoul,Will the highest temperature in Seoul (Incheon) be 28°C on August 3?,107514253692307665401685143554556837258282771703704249393084475193834510883920,No,2026-08-01T14:00:09+00:00,0.9965
0x24e4f733f2727dde6df2b699e0396a61dbb96e5e3a166c55edae41fa6d7ee7a5,Seoul,Will the highest temperature in Seoul (Incheon) be 28°C on August 3?,107514253692307665401685143554556837258282771703704249393084475193834510883920,No,2026-08-01T15:00:10+00:00,0.9965
0x24e4f733f2727dde6df2b699e0396a61dbb96e5e3a166c55edae41fa6d7ee7a5,Seoul,Will the highest temperature in Seoul (Incheon) be 28°C on August 3?,107514253692307665401685143554556837258282771703704249393084475193834510883920,No,2026-08-01T15:19:10+00:00,0.9965
0xbb9cb850655226361435bf4270425265be3a83d15addc582176350de303dcc38,Seoul,Will the highest temperature in Seoul (Incheon) be 29°C on August 3?,60579218658432742143716587197651926177890114660133115129218558591047123914545,Yes,2026-08-01T14:00:08+00:00,0.005
0xbb9cb850655226361435bf4270425265be3a83d15addc582176350de303dcc38,Seoul,Will the highest temperature in Seoul (Incheon) be 29°C on August 3?,60579218658432742143716587197651926177890114660133115129218558591047123914545,Yes,2026-08-01T15:00:09+00:00,0.005
0xbb9cb850655226361435bf4270425265be3a83d15addc582176350de303dcc38,Seoul,Will the highest temperature in Seoul (Incheon) be 29°C on August 3?,60579218658432742143716587197651926177890114660133115129218558591047123914545,Yes,2026-08-01T15:19:10+00:00,0.005
0xbb9cb850655226361435bf4270425265be3a83d15addc582176350de303dcc38,Seoul,Will the highest temperature in Seoul (Incheon) be 29°C on August 3?,30824629458504355964136770649025447838450067018192750008150007786993616614363,No,2026-08-01T14:00:06+00:00,0.995
0xbb9cb850655226361435bf4270425265be3a83d15addc582176350de303dcc38,Seoul,Will the highest temperature in Seoul (Incheon) be 29°C on August 3?,30824629458504355964136770649025447838450067018192750008150007786993616614363,No,2026-08-01T15:00:06+00:00,0.995
0xbb9cb850655226361435bf4270425265be3a83d15addc582176350de303dcc38,Seoul,Will the highest temperature in Seoul (Incheon) be 29°C on August 3?,30824629458504355964136770649025447838450067018192750008150007786993616614363,No,2026-08-01T15:19:09+00:00,0.995
0x5077d4db7784a743a6f107556b842c6cb6217e7f466364b1e9ce22356c08bfeb,Seoul,Will the highest temperature in Seoul (Incheon) be 30°C on August 3?,101238530637815554499260516830619521395195599639783540482576819608199690422402,Yes,2026-08-01T14:00:08+00:00,0.015
0x5077d4db7784a743a6f107556b842c6cb6217e7f466364b1e9ce22356c08bfeb,Seoul,Will the highest temperature in Seoul (Incheon) be 30°C on August 3?,101238530637815554499260516830619521395195599639783540482576819608199690422402,Yes,2026-08-01T15:00:09+00:00,0.015
0x5077d4db7784a743a6f107556b842c6cb6217e7f466364b1e9ce22356c08bfeb,Seoul,Will the highest temperature in Seoul (Incheon) be 30°C on August 3?,101238530637815554499260516830619521395195599639783540482576819608199690422402,Yes,2026-08-01T15:19:10+00:00,0.015
0x5077d4db7784a743a6f107556b842c6cb6217e7f466364b1e9ce22356c08bfeb,Seoul,Will the highest temperature in Seoul (Incheon) be 30°C on August 3?,80260422533433067961451941766857874928213550962929425751745855867236219151288,No,2026-08-01T14:00:09+00:00,0.985
0x5077d4db7784a743a6f107556b842c6cb6217e7f466364b1e9ce22356c08bfeb,Seoul,Will the highest temperature in Seoul (Incheon) be 30°C on August 3?,80260422533433067961451941766857874928213550962929425751745855867236219151288,No,2026-08-01T15:00:10+00:00,0.985
0x5077d4db7784a743a6f107556b842c6cb6217e7f466364b1e9ce22356c08bfeb,Seoul,Will the highest temperature in Seoul (Incheon) be 30°C on August 3?,80260422533433067961451941766857874928213550962929425751745855867236219151288,No,2026-08-01T15:19:10+00:00,0.985
0xd9ffdb78e3ee0c13bda0d67c0265440f81d5950e8fbd47b4392a7c3c6c617434,Seoul,Will the highest temperature in Seoul (Incheon) be 31°C on August 3?,38080124324411207974918650319270791156581357621674078857083981687507486205727,Yes,2026-08-01T14:00:09+00:00,0.045
0xd9ffdb78e3ee0c13bda0d67c0265440f81d5950e8fbd47b4392a7c3c6c617434,Seoul,Will the highest temperature in Seoul (Incheon) be 31°C on August 3?,38080124324411207974918650319270791156581357621674078857083981687507486205727,Yes,2026-08-01T15:00:10+00:00,0.045
0xd9ffdb78e3ee0c13bda0d67c0265440f81d5950e8fbd47b4392a7c3c6c617434,Seoul,Will the highest temperature in Seoul (Incheon) be 31°C on August 3?,38080124324411207974918650319270791156581357621674078857083981687507486205727,Yes,2026-08-01T15:19:11+00:00,0.04
0xd9ffdb78e3ee0c13bda0d67c0265440f81d5950e8fbd47b4392a7c3c6c617434,Seoul,Will the highest temperature in Seoul (Incheon) be 31°C on August 3?,79923990922594974702631673106801180363047144418222480062725033493639851560970,No,2026-08-01T14:00:06+00:00,0.955
0xd9ffdb78e3ee0c13bda0d67c0265440f81d5950e8fbd47b4392a7c3c6c617434,Seoul,Will the highest temperature in Seoul (Incheon) be 31°C on August 3?,79923990922594974702631673106801180363047144418222480062725033493639851560970,No,2026-08-01T15:00:06+00:00,0.955
0xd9ffdb78e3ee0c13bda0d67c0265440f81d5950e8fbd47b4392a7c3c6c617434,Seoul,Will the highest temperature in Seoul (Incheon) be 31°C on August 3?,79923990922594974702631673106801180363047144418222480062725033493639851560970,No,2026-08-01T15:19:09+00:00,0.96
0x5648393f16ef0b29af4de0afae9cfda80cfdbb9d571757f2cd99afda5c12f7d2,Seoul,Will the highest temperature in Seoul (Incheon) be 32°C on August 3?,52221535427624441795577955719131289894453350380977129063393266688619643884337,Yes,2026-08-01T14:00:09+00:00,0.175
0x5648393f16ef0b29af4de0afae9cfda80cfdbb9d571757f2cd99afda5c12f7d2,Seoul,Will the highest temperature in Seoul (Incheon) be 32°C on August 3?,52221535427624441795577955719131289894453350380977129063393266688619643884337,Yes,2026-08-01T15:00:10+00:00,0.175
0x5648393f16ef0b29af4de0afae9cfda80cfdbb9d571757f2cd99afda5c12f7d2,Seoul,Will the highest temperature in Seoul (Incheon) be 32°C on August 3?,52221535427624441795577955719131289894453350380977129063393266688619643884337,Yes,2026-08-01T15:19:10+00:00,0.175
0x5648393f16ef0b29af4de0afae9cfda80cfdbb9d571757f2cd99afda5c12f7d2,Seoul,Will the highest temperature in Seoul (Incheon) be 32°C on August 3?,7951586462178082004409670482717787206192791814071903740125359630039668494027,No,2026-08-01T14:00:09+00:00,0.825
0x5648393f16ef0b29af4de0afae9cfda80cfdbb9d571757f2cd99afda5c12f7d2,Seoul,Will the highest temperature in Seoul (Incheon) be 32°C on August 3?,7951586462178082004409670482717787206192791814071903740125359630039668494027,No,2026-08-01T15:00:11+00:00,0.825
0x5648393f16ef0b29af4de0afae9cfda80cfdbb9d571757f2cd99afda5c12f7d2,Seoul,Will the highest temperature in Seoul (Incheon) be 32°C on August 3?,7951586462178082004409670482717787206192791814071903740125359630039668494027,No,2026-08-01T15:19:11+00:00,0.825
0x1bef035225cbb35b0edc5e491c928538f4b3511e74028bf086c9a8c93f2814b2,Seoul,Will the highest temperature in Seoul (Incheon) be 33°C on August 3?,29316291793843816974676779523628139041618991999576608532044158893921990323902,Yes,2026-08-01T14:00:09+00:00,0.325
0x1bef035225cbb35b0edc5e491c928538f4b3511e74028bf086c9a8c93f2814b2,Seoul,Will the highest temperature in Seoul (Incheon) be 33°C on August 3?,29316291793843816974676779523628139041618991999576608532044158893921990323902,Yes,2026-08-01T15:00:11+00:00,0.335
0x1bef035225cbb35b0edc5e491c928538f4b3511e74028bf086c9a8c93f2814b2,Seoul,Will the highest temperature in Seoul (Incheon) be 33°C on August 3?,29316291793843816974676779523628139041618991999576608532044158893921990323902,Yes,2026-08-01T15:19:11+00:00,0.345
0x1bef035225cbb35b0edc5e491c928538f4b3511e74028bf086c9a8c93f2814b2,Seoul,Will the highest temperature in Seoul (Incheon) be 33°C on August 3?,26092071645795977749473603126522887419087341706335746667308146468841573096368,No,2026-08-01T14:00:08+00:00,0.675
0x1bef035225cbb35b0edc5e491c928538f4b3511e74028bf086c9a8c93f2814b2,Seoul,Will the highest temperature in Seoul (Incheon) be 33°C on August 3?,26092071645795977749473603126522887419087341706335746667308146468841573096368,No,2026-08-01T15:00:08+00:00,0.665
0x1bef035225cbb35b0edc5e491c928538f4b3511e74028bf086c9a8c93f2814b2,Seoul,Will the highest temperature in Seoul (Incheon) be 33°C on August 3?,26092071645795977749473603126522887419087341706335746667308146468841573096368,No,2026-08-01T15:19:09+00:00,0.655
0x89e641d6d147f825b02bdf6b73956edf76998478b024598eb946361002678efb,Seoul,Will the highest temperature in Seoul (Incheon) be 34°C on August 3?,113134915936500517708215876201526228950667361363664880560772784709322764324754,Yes,2026-08-01T14:00:08+00:00,0.315
0x89e641d6d147f825b02bdf6b73956edf76998478b024598eb946361002678efb,Seoul,Will the highest temperature in Seoul (Incheon) be 34°C on August 3?,113134915936500517708215876201526228950667361363664880560772784709322764324754,Yes,2026-08-01T15:00:09+00:00,0.315
0x89e641d6d147f825b02bdf6b73956edf76998478b024598eb946361002678efb,Seoul,Will the highest temperature in Seoul (Incheon) be 34°C on August 3?,113134915936500517708215876201526228950667361363664880560772784709322764324754,Yes,2026-08-01T15:19:10+00:00,0.315
0x89e641d6d147f825b02bdf6b73956edf76998478b024598eb946361002678efb,Seoul,Will the highest temperature in Seoul (Incheon) be 34°C on August 3?,40237527169828490377186825662194589595506883989836002699199330755343885645908,No,2026-08-01T14:00:07+00:00,0.685
0x89e641d6d147f825b02bdf6b73956edf76998478b024598eb946361002678efb,Seoul,Will the highest temperature in Seoul (Incheon) be 34°C on August 3?,40237527169828490377186825662194589595506883989836002699199330755343885645908,No,2026-08-01T15:00:07+00:00,0.685
0x89e641d6d147f825b02bdf6b73956edf76998478b024598eb946361002678efb,Seoul,Will the highest temperature in Seoul (Incheon) be 34°C on August 3?,40237527169828490377186825662194589595506883989836002699199330755343885645908,No,2026-08-01T15:19:09+00:00,0.685
0x479df6862bda02f3bacc019dfe6f54d7420fb9d1e93f519e722bb251be660133,Seoul,Will the highest temperature in Seoul (Incheon) be 35°C on August 3?,40687768382475545255917692444169416057132137777732189019326267614171862871712,Yes,2026-08-01T14:00:09+00:00,0.135
0x479df6862bda02f3bacc019dfe6f54d7420fb9d1e93f519e722bb251be660133,Seoul,Will the highest temperature in Seoul (Incheon) be 35°C on August 3?,40687768382475545255917692444169416057132137777732189019326267614171862871712,Yes,2026-08-01T15:00:10+00:00,0.135
0x479df6862bda02f3bacc019dfe6f54d7420fb9d1e93f519e722bb251be660133,Seoul,Will the highest temperature in Seoul (Incheon) be 35°C on August 3?,40687768382475545255917692444169416057132137777732189019326267614171862871712,Yes,2026-08-01T15:19:10+00:00,0.13
0x479df6862bda02f3bacc019dfe6f54d7420fb9d1e93f519e722bb251be660133,Seoul,Will the highest temperature in Seoul (Incheon) be 35°C on August 3?,25727882130139248025497726534491192112164659525740650970194088763337662417426,No,2026-08-01T14:00:07+00:00,0.865
0x479df6862bda02f3bacc019dfe6f54d7420fb9d1e93f519e722bb251be660133,Seoul,Will the highest temperature in Seoul (Incheon) be 35°C on August 3?,25727882130139248025497726534491192112164659525740650970194088763337662417426,No,2026-08-01T15:00:07+00:00,0.865
0x479df6862bda02f3bacc019dfe6f54d7420fb9d1e93f519e722bb251be660133,Seoul,Will the highest temperature in Seoul (Incheon) be 35°C on August 3?,25727882130139248025497726534491192112164659525740650970194088763337662417426,No,2026-08-01T15:19:09+00:00,0.87
0x744b721e3e7518a947f639d05e843b1bce72fd849091addc83e132a4d3cf8d55,Seoul,Will the highest temperature in Seoul (Incheon) be 36°C or higher on August 3?,29312688799977404103899493175419211384402874775949612084288080453312250919767,Yes,2026-08-01T14:00:09+00:00,0.05
0x744b721e3e7518a947f639d05e843b1bce72fd849091addc83e132a4d3cf8d55,Seoul,Will the highest temperature in Seoul (Incheon) be 36°C or higher on August 3?,29312688799977404103899493175419211384402874775949612084288080453312250919767,Yes,2026-08-01T15:00:10+00:00,0.05
0x744b721e3e7518a947f639d05e843b1bce72fd849091addc83e132a4d3cf8d55,Seoul,Will the highest temperature in Seoul (Incheon) be 36°C or higher on August 3?,29312688799977404103899493175419211384402874775949612084288080453312250919767,Yes,2026-08-01T15:19:10+00:00,0.05
0x744b721e3e7518a947f639d05e843b1bce72fd849091addc83e132a4d3cf8d55,Seoul,Will the highest temperature in Seoul (Incheon) be 36°C or higher on August 3?,27337769490236350062193524621635349743426691022198152506765190344632434502175,No,2026-08-01T14:00:08+00:00,0.95
0x744b721e3e7518a947f639d05e843b1bce72fd849091addc83e132a4d3cf8d55,Seoul,Will the highest temperature in Seoul (Incheon) be 36°C or higher on August 3?,27337769490236350062193524621635349743426691022198152506765190344632434502175,No,2026-08-01T15:00:09+00:00,0.95
0x744b721e3e7518a947f639d05e843b1bce72fd849091addc83e132a4d3cf8d55,Seoul,Will the highest temperature in Seoul (Incheon) be 36°C or higher on August 3?,27337769490236350062193524621635349743426691022198152506765190344632434502175,No,2026-08-01T15:19:10+00:00,0.95
0x4f5706dacb730e106b7192349f8cd891f513f1adb3312a42241c7ad401cf7208,Seoul,Will the lowest temperature in Seoul (Incheon) be 22°C or below on August 3?,19304768798545970323388392819805344181532470584848703446649577941578728367053,Yes,2026-08-01T14:00:08+00:00,0.01
0x4f5706dacb730e106b7192349f8cd891f513f1adb3312a42241c7ad401cf7208,Seoul,Will the lowest temperature in Seoul (Incheon) be 22°C or below on August 3?,19304768798545970323388392819805344181532470584848703446649577941578728367053,Yes,2026-08-01T15:00:09+00:00,0.007
0x4f5706dacb730e106b7192349f8cd891f513f1adb3312a42241c7ad401cf7208,Seoul,Will the lowest temperature in Seoul (Incheon) be 22°C or below on August 3?,19304768798545970323388392819805344181532470584848703446649577941578728367053,Yes,2026-08-01T15:19:10+00:00,0.0055
0x4f5706dacb730e106b7192349f8cd891f513f1adb3312a42241c7ad401cf7208,Seoul,Will the lowest temperature in Seoul (Incheon) be 22°C or below on August 3?,2549519625435199462095075168376197040900055468762196100994814370870136659412,No,2026-08-01T14:00:08+00:00,0.99
0x4f5706dacb730e106b7192349f8cd891f513f1adb3312a42241c7ad401cf7208,Seoul,Will the lowest temperature in Seoul (Incheon) be 22°C or below on August 3?,2549519625435199462095075168376197040900055468762196100994814370870136659412,No,2026-08-01T15:00:08+00:00,0.993
0x4f5706dacb730e106b7192349f8cd891f513f1adb3312a42241c7ad401cf7208,Seoul,Will the lowest temperature in Seoul (Incheon) be 22°C or below on August 3?,2549519625435199462095075168376197040900055468762196100994814370870136659412,No,2026-08-01T15:19:09+00:00,0.9945
0x76e1ad50967cb80ed51f0b2bd6740642361a9d551e52f5666efc6bf898acc776,Seoul,Will the lowest temperature in Seoul (Incheon) be 23°C on August 3?,33762730700423962634100711253653079415581429473486598073691388967795084166914,Yes,2026-08-01T14:00:07+00:00,0.025
0x76e1ad50967cb80ed51f0b2bd6740642361a9d551e52f5666efc6bf898acc776,Seoul,Will the lowest temperature in Seoul (Incheon) be 23°C on August 3?,33762730700423962634100711253653079415581429473486598073691388967795084166914,Yes,2026-08-01T15:00:08+00:00,0.035
0x76e1ad50967cb80ed51f0b2bd6740642361a9d551e52f5666efc6bf898acc776,Seoul,Will the lowest temperature in Seoul (Incheon) be 23°C on August 3?,33762730700423962634100711253653079415581429473486598073691388967795084166914,Yes,2026-08-01T15:19:09+00:00,0.025
0x76e1ad50967cb80ed51f0b2bd6740642361a9d551e52f5666efc6bf898acc776,Seoul,Will the lowest temperature in Seoul (Incheon) be 23°C on August 3?,71458282688989725220721216435770009591927019743211464492012586676963514863868,No,2026-08-01T14:00:08+00:00,0.975
0x76e1ad50967cb80ed51f0b2bd6740642361a9d551e52f5666efc6bf898acc776,Seoul,Will the lowest temperature in Seoul (Incheon) be 23°C on August 3?,71458282688989725220721216435770009591927019743211464492012586676963514863868,No,2026-08-01T15:00:09+00:00,0.965
0x76e1ad50967cb80ed51f0b2bd6740642361a9d551e52f5666efc6bf898acc776,Seoul,Will the lowest temperature in Seoul (Incheon) be 23°C on August 3?,71458282688989725220721216435770009591927019743211464492012586676963514863868,No,2026-08-01T15:19:10+00:00,0.975
0xd6e7129d4c48369c5b8aed99c886033083450f1520381b433e5bdf9839005d15,Seoul,Will the lowest temperature in Seoul (Incheon) be 24°C on August 3?,12050031863920233952761815860497443658712595658104329672305985681351338797769,Yes,2026-08-01T14:00:09+00:00,0.05
0xd6e7129d4c48369c5b8aed99c886033083450f1520381b433e5bdf9839005d15,Seoul,Will the lowest temperature in Seoul (Incheon) be 24°C on August 3?,12050031863920233952761815860497443658712595658104329672305985681351338797769,Yes,2026-08-01T15:00:11+00:00,0.045
0xd6e7129d4c48369c5b8aed99c886033083450f1520381b433e5bdf9839005d15,Seoul,Will the lowest temperature in Seoul (Incheon) be 24°C on August 3?,12050031863920233952761815860497443658712595658104329672305985681351338797769,Yes,2026-08-01T15:19:11+00:00,0.035
0xd6e7129d4c48369c5b8aed99c886033083450f1520381b433e5bdf9839005d15,Seoul,Will the lowest temperature in Seoul (Incheon) be 24°C on August 3?,6812143188890971088265509733880795065671836502052354445853508499246570943180,No,2026-08-01T14:00:07+00:00,0.95
0xd6e7129d4c48369c5b8aed99c886033083450f1520381b433e5bdf9839005d15,Seoul,Will the lowest temperature in Seoul (Incheon) be 24°C on August 3?,6812143188890971088265509733880795065671836502052354445853508499246570943180,No,2026-08-01T15:00:07+00:00,0.955
0xd6e7129d4c48369c5b8aed99c886033083450f1520381b433e5bdf9839005d15,Seoul,Will the lowest temperature in Seoul (Incheon) be 24°C on August 3?,6812143188890971088265509733880795065671836502052354445853508499246570943180,No,2026-08-01T15:19:09+00:00,0.965
0x0110f6484cb9dd66fa105cc7f355a898967f3b39b2b0f35542da37b8d280a5ba,Seoul,Will the lowest temperature in Seoul (Incheon) be 25°C on August 3?,14940986401759379066183663876784902965066229537177409143188821633707190594869,Yes,2026-08-01T14:00:07+00:00,0.245
0x0110f6484cb9dd66fa105cc7f355a898967f3b39b2b0f35542da37b8d280a5ba,Seoul,Will the lowest temperature in Seoul (Incheon) be 25°C on August 3?,14940986401759379066183663876784902965066229537177409143188821633707190594869,Yes,2026-08-01T15:00:07+00:00,0.24
0x0110f6484cb9dd66fa105cc7f355a898967f3b39b2b0f35542da37b8d280a5ba,Seoul,Will the lowest temperature in Seoul (Incheon) be 25°C on August 3?,14940986401759379066183663876784902965066229537177409143188821633707190594869,Yes,2026-08-01T15:19:09+00:00,0.245
0x0110f6484cb9dd66fa105cc7f355a898967f3b39b2b0f35542da37b8d280a5ba,Seoul,Will the lowest temperature in Seoul (Incheon) be 25°C on August 3?,93177652207995115954663462066929883206426346018195387073887169479421255477939,No,2026-08-01T14:00:08+00:00,0.755
0x0110f6484cb9dd66fa105cc7f355a898967f3b39b2b0f35542da37b8d280a5ba,Seoul,Will the lowest temperature in Seoul (Incheon) be 25°C on August 3?,93177652207995115954663462066929883206426346018195387073887169479421255477939,No,2026-08-01T15:00:09+00:00,0.76
0x0110f6484cb9dd66fa105cc7f355a898967f3b39b2b0f35542da37b8d280a5ba,Seoul,Will the lowest temperature in Seoul (Incheon) be 25°C on August 3?,93177652207995115954663462066929883206426346018195387073887169479421255477939,No,2026-08-01T15:19:10+00:00,0.755
0x72f29c6f0120fb5ad17accc3a3ec0aba1e887190131cf1296e59711b022dab17,Seoul,Will the lowest temperature in Seoul (Incheon) be 26°C on August 3?,62364278266431607359182771879072765682020182640428463200206328581375319223112,Yes,2026-08-01T14:00:09+00:00,0.44
0x72f29c6f0120fb5ad17accc3a3ec0aba1e887190131cf1296e59711b022dab17,Seoul,Will the lowest temperature in Seoul (Incheon) be 26°C on August 3?,62364278266431607359182771879072765682020182640428463200206328581375319223112,Yes,2026-08-01T15:00:10+00:00,0.42
0x72f29c6f0120fb5ad17accc3a3ec0aba1e887190131cf1296e59711b022dab17,Seoul,Will the lowest temperature in Seoul (Incheon) be 26°C on August 3?,62364278266431607359182771879072765682020182640428463200206328581375319223112,Yes,2026-08-01T15:19:10+00:00,0.425
0x72f29c6f0120fb5ad17accc3a3ec0aba1e887190131cf1296e59711b022dab17,Seoul,Will the lowest temperature in Seoul (Incheon) be 26°C on August 3?,87642799481232844162723317477329349328480016322521221340186945586821334731707,No,2026-08-01T14:00:09+00:00,0.56
0x72f29c6f0120fb5ad17accc3a3ec0aba1e887190131cf1296e59711b022dab17,Seoul,Will the lowest temperature in Seoul (Incheon) be 26°C on August 3?,87642799481232844162723317477329349328480016322521221340186945586821334731707,No,2026-08-01T15:00:11+00:00,0.58
0x72f29c6f0120fb5ad17accc3a3ec0aba1e887190131cf1296e59711b022dab17,Seoul,Will the lowest temperature in Seoul (Incheon) be 26°C on August 3?,87642799481232844162723317477329349328480016322521221340186945586821334731707,No,2026-08-01T15:19:11+00:00,0.575
0x1c440b52c8c0eaae7c813a600cf3c77f25bc7d356b524235209dd03093f38107,Seoul,Will the lowest temperature in Seoul (Incheon) be 27°C on August 3?,91489842049040640579323134499676901052489838338593971699374348817276260789623,Yes,2026-08-01T14:00:08+00:00,0.235
0x1c440b52c8c0eaae7c813a600cf3c77f25bc7d356b524235209dd03093f38107,Seoul,Will the lowest temperature in Seoul (Incheon) be 27°C on August 3?,91489842049040640579323134499676901052489838338593971699374348817276260789623,Yes,2026-08-01T15:00:08+00:00,0.28
0x1c440b52c8c0eaae7c813a600cf3c77f25bc7d356b524235209dd03093f38107,Seoul,Will the lowest temperature in Seoul (Incheon) be 27°C on August 3?,91489842049040640579323134499676901052489838338593971699374348817276260789623,Yes,2026-08-01T15:19:10+00:00,0.285
0x1c440b52c8c0eaae7c813a600cf3c77f25bc7d356b524235209dd03093f38107,Seoul,Will the lowest temperature in Seoul (Incheon) be 27°C on August 3?,54123283524315491731840654494306130826187267681991947221777095424730801123962,No,2026-08-01T14:00:07+00:00,0.765
0x1c440b52c8c0eaae7c813a600cf3c77f25bc7d356b524235209dd03093f38107,Seoul,Will the lowest temperature in Seoul (Incheon) be 27°C on August 3?,54123283524315491731840654494306130826187267681991947221777095424730801123962,No,2026-08-01T15:00:07+00:00,0.72
0x1c440b52c8c0eaae7c813a600cf3c77f25bc7d356b524235209dd03093f38107,Seoul,Will the lowest temperature in Seoul (Incheon) be 27°C on August 3?,54123283524315491731840654494306130826187267681991947221777095424730801123962,No,2026-08-01T15:19:09+00:00,0.715
0x1a1af152fd0b9651ba06cd8f3856591ce07c246967e287df59b2e77bf4b99f41,Seoul,Will the lowest temperature in Seoul (Incheon) be 28°C on August 3?,29231842697368448416281492408753948117416951986521778286192321259525714337815,Yes,2026-08-01T14:00:07+00:00,0.075
0x1a1af152fd0b9651ba06cd8f3856591ce07c246967e287df59b2e77bf4b99f41,Seoul,Will the lowest temperature in Seoul (Incheon) be 28°C on August 3?,29231842697368448416281492408753948117416951986521778286192321259525714337815,Yes,2026-08-01T15:00:08+00:00,0.08
0x1a1af152fd0b9651ba06cd8f3856591ce07c246967e287df59b2e77bf4b99f41,Seoul,Will the lowest temperature in Seoul (Incheon) be 28°C on August 3?,29231842697368448416281492408753948117416951986521778286192321259525714337815,Yes,2026-08-01T15:19:09+00:00,0.065
0x1a1af152fd0b9651ba06cd8f3856591ce07c246967e287df59b2e77bf4b99f41,Seoul,Will the lowest temperature in Seoul (Incheon) be 28°C on August 3?,101061933609098622073989890234533727076238229485732838958660398682246689860907,No,2026-08-01T14:00:08+00:00,0.925
0x1a1af152fd0b9651ba06cd8f3856591ce07c246967e287df59b2e77bf4b99f41,Seoul,Will the lowest temperature in Seoul (Incheon) be 28°C on August 3?,101061933609098622073989890234533727076238229485732838958660398682246689860907,No,2026-08-01T15:00:09+00:00,0.92
0x1a1af152fd0b9651ba06cd8f3856591ce07c246967e287df59b2e77bf4b99f41,Seoul,Will the lowest temperature in Seoul (Incheon) be 28°C on August 3?,101061933609098622073989890234533727076238229485732838958660398682246689860907,No,2026-08-01T15:19:10+00:00,0.935
0xfdaefbadcd40a368da5f154f844119d7218e768c9d2eed817d29c9316b45e158,Seoul,Will the lowest temperature in Seoul (Incheon) be 29°C on August 3?,24994189840418237110694694995813177265239363488806984251331728721929958201718,Yes,2026-08-01T14:00:07+00:00,0.02
0xfdaefbadcd40a368da5f154f844119d7218e768c9d2eed817d29c9316b45e158,Seoul,Will the lowest temperature in Seoul (Incheon) be 29°C on August 3?,24994189840418237110694694995813177265239363488806984251331728721929958201718,Yes,2026-08-01T15:00:08+00:00,0.005
0xfdaefbadcd40a368da5f154f844119d7218e768c9d2eed817d29c9316b45e158,Seoul,Will the lowest temperature in Seoul (Incheon) be 29°C on August 3?,24994189840418237110694694995813177265239363488806984251331728721929958201718,Yes,2026-08-01T15:19:09+00:00,0.005
0xfdaefbadcd40a368da5f154f844119d7218e768c9d2eed817d29c9316b45e158,Seoul,Will the lowest temperature in Seoul (Incheon) be 29°C on August 3?,26557972669761113788718743838780715808772883338400271448434320069914928827886,No,2026-08-01T14:00:07+00:00,0.98
0xfdaefbadcd40a368da5f154f844119d7218e768c9d2eed817d29c9316b45e158,Seoul,Will the lowest temperature in Seoul (Incheon) be 29°C on August 3?,26557972669761113788718743838780715808772883338400271448434320069914928827886,No,2026-08-01T15:00:08+00:00,0.995
0xfdaefbadcd40a368da5f154f844119d7218e768c9d2eed817d29c9316b45e158,Seoul,Will the lowest temperature in Seoul (Incheon) be 29°C on August 3?,26557972669761113788718743838780715808772883338400271448434320069914928827886,No,2026-08-01T15:19:09+00:00,0.995
0x0a73c5db7ec757435fd75bbfc4d2b70c8f6f4f25651f5fa969012cf6e4b9f51e,Seoul,Will the lowest temperature in Seoul (Incheon) be 30°C on August 3?,17638729551843754336270293222930968045561392552860310884771035912080283919009,Yes,2026-08-01T14:00:08+00:00,0.0105
0x0a73c5db7ec757435fd75bbfc4d2b70c8f6f4f25651f5fa969012cf6e4b9f51e,Seoul,Will the lowest temperature in Seoul (Incheon) be 30°C on August 3?,17638729551843754336270293222930968045561392552860310884771035912080283919009,Yes,2026-08-01T15:00:09+00:00,0.0095
0x0a73c5db7ec757435fd75bbfc4d2b70c8f6f4f25651f5fa969012cf6e4b9f51e,Seoul,Will the lowest temperature in Seoul (Incheon) be 30°C on August 3?,17638729551843754336270293222930968045561392552860310884771035912080283919009,Yes,2026-08-01T15:19:10+00:00,0.0065
0x0a73c5db7ec757435fd75bbfc4d2b70c8f6f4f25651f5fa969012cf6e4b9f51e,Seoul,Will the lowest temperature in Seoul (Incheon) be 30°C on August 3?,77848974197965927375596086290185410105163641052717592185054087992385557194544,No,2026-08-01T14:00:07+00:00,0.9895
0x0a73c5db7ec757435fd75bbfc4d2b70c8f6f4f25651f5fa969012cf6e4b9f51e,Seoul,Will the lowest temperature in Seoul (Incheon) be 30°C on August 3?,77848974197965927375596086290185410105163641052717592185054087992385557194544,No,2026-08-01T15:00:08+00:00,0.99
0x0a73c5db7ec757435fd75bbfc4d2b70c8f6f4f25651f5fa969012cf6e4b9f51e,Seoul,Will the lowest temperature in Seoul (Incheon) be 30°C on August 3?,77848974197965927375596086290185410105163641052717592185054087992385557194544,No,2026-08-01T15:19:09+00:00,0.9935
0xa53d45465b762af74ff2fc574e10f3706874b51392a8815a97a7b61e4569d112,Seoul,Will the lowest temperature in Seoul (Incheon) be 31°C on August 3?,40784935173192007211844364582585870824585925291905233520131158591403675175354,Yes,2026-08-01T14:00:07+00:00,0.0025
0xa53d45465b762af74ff2fc574e10f3706874b51392a8815a97a7b61e4569d112,Seoul,Will the lowest temperature in Seoul (Incheon) be 31°C on August 3?,40784935173192007211844364582585870824585925291905233520131158591403675175354,Yes,2026-08-01T15:00:07+00:00,0.0025
0xa53d45465b762af74ff2fc574e10f3706874b51392a8815a97a7b61e4569d112,Seoul,Will the lowest temperature in Seoul (Incheon) be 31°C on August 3?,40784935173192007211844364582585870824585925291905233520131158591403675175354,Yes,2026-08-01T15:19:09+00:00,0.0025
0xa53d45465b762af74ff2fc574e10f3706874b51392a8815a97a7b61e4569d112,Seoul,Will the lowest temperature in Seoul (Incheon) be 31°C on August 3?,76829747605007687361713253796770755384392365088780364813662325646482500969097,No,2026-08-01T14:00:08+00:00,0.9975
0xa53d45465b762af74ff2fc574e10f3706874b51392a8815a97a7b61e4569d112,Seoul,Will the lowest temperature in Seoul (Incheon) be 31°C on August 3?,76829747605007687361713253796770755384392365088780364813662325646482500969097,No,2026-08-01T15:00:09+00:00,0.9975
0xa53d45465b762af74ff2fc574e10f3706874b51392a8815a97a7b61e4569d112,Seoul,Will the lowest temperature in Seoul (Incheon) be 31°C on August 3?,76829747605007687361713253796770755384392365088780364813662325646482500969097,No,2026-08-01T15:19:10+00:00,0.9975
0x88f565493dab4cd5d968442e560be54d061fafbfc21a4088bc64db0ab9cd5cbe,Seoul,Will the lowest temperature in Seoul (Incheon) be 32°C or higher on August 3?,94856981787231930545697220797260030950686079648822350093735514339549987394485,Yes,2026-08-01T14:00:07+00:00,0.0025
0x88f565493dab4cd5d968442e560be54d061fafbfc21a4088bc64db0ab9cd5cbe,Seoul,Will the lowest temperature in Seoul (Incheon) be 32°C or higher on August 3?,94856981787231930545697220797260030950686079648822350093735514339549987394485,Yes,2026-08-01T15:00:08+00:00,0.0025
0x88f565493dab4cd5d968442e560be54d061fafbfc21a4088bc64db0ab9cd5cbe,Seoul,Will the lowest temperature in Seoul (Incheon) be 32°C or higher on August 3?,94856981787231930545697220797260030950686079648822350093735514339549987394485,Yes,2026-08-01T15:19:09+00:00,0.0025
0x88f565493dab4cd5d968442e560be54d061fafbfc21a4088bc64db0ab9cd5cbe,Seoul,Will the lowest temperature in Seoul (Incheon) be 32°C or higher on August 3?,80525245882727147218680440284841179950544928458391908761742448715224446019190,No,2026-08-01T14:00:08+00:00,0.9975
0x88f565493dab4cd5d968442e560be54d061fafbfc21a4088bc64db0ab9cd5cbe,Seoul,Will the lowest temperature in Seoul (Incheon) be 32°C or higher on August 3?,80525245882727147218680440284841179950544928458391908761742448715224446019190,No,2026-08-01T15:00:09+00:00,0.9975
0x88f565493dab4cd5d968442e560be54d061fafbfc21a4088bc64db0ab9cd5cbe,Seoul,Will the lowest temperature in Seoul (Incheon) be 32°C or higher on August 3?,80525245882727147218680440284841179950544928458391908761742448715224446019190,No,2026-08-01T15:19:10+00:00,0.9975
0x3948c667d3ad9646304d8a743b2864c7e062ee61e146ff27a899b405cf1409bb,Seoul,Will the highest temperature in Seoul (Incheon) be 32°C on August 1?,23011742652504098548061026531298879196713278678339044408424419439899777767317,Yes,2026-08-01T16:00:11+00:00,0.9995
0x3948c667d3ad9646304d8a743b2864c7e062ee61e146ff27a899b405cf1409bb,Seoul,Will the highest temperature in Seoul (Incheon) be 32°C on August 1?,23011742652504098548061026531298879196713278678339044408424419439899777767317,Yes,2026-08-01T17:00:14+00:00,0.9995
0x3948c667d3ad9646304d8a743b2864c7e062ee61e146ff27a899b405cf1409bb,Seoul,Will the highest temperature in Seoul (Incheon) be 32°C on August 1?,23011742652504098548061026531298879196713278678339044408424419439899777767317,Yes,2026-08-01T17:14:11+00:00,0.9995
0x3948c667d3ad9646304d8a743b2864c7e062ee61e146ff27a899b405cf1409bb,Seoul,Will the highest temperature in Seoul (Incheon) be 32°C on August 1?,7571232515099222470118374567734263942756772821269087153748631275382097350030,No,2026-08-01T16:00:10+00:00,0.0005
0x3948c667d3ad9646304d8a743b2864c7e062ee61e146ff27a899b405cf1409bb,Seoul,Will the highest temperature in Seoul (Incheon) be 32°C on August 1?,7571232515099222470118374567734263942756772821269087153748631275382097350030,No,2026-08-01T17:00:13+00:00,0.0005
0x3948c667d3ad9646304d8a743b2864c7e062ee61e146ff27a899b405cf1409bb,Seoul,Will the highest temperature in Seoul (Incheon) be 32°C on August 1?,7571232515099222470118374567734263942756772821269087153748631275382097350030,No,2026-08-01T17:14:10+00:00,0.0005
0x8f4406d40b378090cdd8a9970139902e9bdbb61551d8ce0c23f17c3ce2dad43d,Seoul,Will the highest temperature in Seoul (Incheon) be 25°C or below on August 2?,66591222604066173930886596094423873354352691380395447631434150156295673886229,Yes,2026-08-01T16:00:08+00:00,0.0005
0x8f4406d40b378090cdd8a9970139902e9bdbb61551d8ce0c23f17c3ce2dad43d,Seoul,Will the highest temperature in Seoul (Incheon) be 25°C or below on August 2?,66591222604066173930886596094423873354352691380395447631434150156295673886229,Yes,2026-08-01T17:00:12+00:00,0.0005
0x8f4406d40b378090cdd8a9970139902e9bdbb61551d8ce0c23f17c3ce2dad43d,Seoul,Will the highest temperature in Seoul (Incheon) be 25°C or below on August 2?,66591222604066173930886596094423873354352691380395447631434150156295673886229,Yes,2026-08-01T17:14:09+00:00,0.0005
0x8f4406d40b378090cdd8a9970139902e9bdbb61551d8ce0c23f17c3ce2dad43d,Seoul,Will the highest temperature in Seoul (Incheon) be 25°C or below on August 2?,93405891591771185256775226005347019850765450472511385041529194842194427845773,No,2026-08-01T16:00:11+00:00,0.9995
0x8f4406d40b378090cdd8a9970139902e9bdbb61551d8ce0c23f17c3ce2dad43d,Seoul,Will the highest temperature in Seoul (Incheon) be 25°C or below on August 2?,93405891591771185256775226005347019850765450472511385041529194842194427845773,No,2026-08-01T17:00:14+00:00,0.9995
0x8f4406d40b378090cdd8a9970139902e9bdbb61551d8ce0c23f17c3ce2dad43d,Seoul,Will the highest temperature in Seoul (Incheon) be 25°C or below on August 2?,93405891591771185256775226005347019850765450472511385041529194842194427845773,No,2026-08-01T17:14:10+00:00,0.9995
0xcae18aa5d40e7b3403b29a51220f6b17d6e1322ffc9956fe858e2b53e130635f,Seoul,Will the highest temperature in Seoul (Incheon) be 26°C on August 2?,81481110514278542626930507844811703448404965274860694710496995680553432251247,Yes,2026-08-01T16:00:08+00:00,0.0005
0xcae18aa5d40e7b3403b29a51220f6b17d6e1322ffc9956fe858e2b53e130635f,Seoul,Will the highest temperature in Seoul (Incheon) be 26°C on August 2?,81481110514278542626930507844811703448404965274860694710496995680553432251247,Yes,2026-08-01T17:00:12+00:00,0.0005
0xcae18aa5d40e7b3403b29a51220f6b17d6e1322ffc9956fe858e2b53e130635f,Seoul,Will the highest temperature in Seoul (Incheon) be 26°C on August 2?,81481110514278542626930507844811703448404965274860694710496995680553432251247,Yes,2026-08-01T17:14:09+00:00,0.0005
0xcae18aa5d40e7b3403b29a51220f6b17d6e1322ffc9956fe858e2b53e130635f,Seoul,Will the highest temperature in Seoul (Incheon) be 26°C on August 2?,77288735134001822348300792724220724146081130234033681707214130486481563994507,No,2026-08-01T16:00:11+00:00,0.9995
0xcae18aa5d40e7b3403b29a51220f6b17d6e1322ffc9956fe858e2b53e130635f,Seoul,Will the highest temperature in Seoul (Incheon) be 26°C on August 2?,77288735134001822348300792724220724146081130234033681707214130486481563994507,No,2026-08-01T17:00:15+00:00,0.9995
0xcae18aa5d40e7b3403b29a51220f6b17d6e1322ffc9956fe858e2b53e130635f,Seoul,Will the highest temperature in Seoul (Incheon) be 26°C on August 2?,77288735134001822348300792724220724146081130234033681707214130486481563994507,No,2026-08-01T17:14:11+00:00,0.9995
0xbcdb3b84d1bcdb26bd926edcbc0a97843473895ab32b0f93026e8c5b5440edcc,Seoul,Will the highest temperature in Seoul (Incheon) be 27°C on August 2?,52071578477397742358270108169412729454608105443989825083153315204367919533539,Yes,2026-08-01T16:00:11+00:00,0.0005
0xbcdb3b84d1bcdb26bd926edcbc0a97843473895ab32b0f93026e8c5b5440edcc,Seoul,Will the highest temperature in Seoul (Incheon) be 27°C on August 2?,52071578477397742358270108169412729454608105443989825083153315204367919533539,Yes,2026-08-01T17:00:14+00:00,0.0005
0xbcdb3b84d1bcdb26bd926edcbc0a97843473895ab32b0f93026e8c5b5440edcc,Seoul,Will the highest temperature in Seoul (Incheon) be 27°C on August 2?,52071578477397742358270108169412729454608105443989825083153315204367919533539,Yes,2026-08-01T17:14:11+00:00,0.0005
0xbcdb3b84d1bcdb26bd926edcbc0a97843473895ab32b0f93026e8c5b5440edcc,Seoul,Will the highest temperature in Seoul (Incheon) be 27°C on August 2?,83591289135596541564475690443763462449720930757118372521971893083114166498987,No,2026-08-01T16:00:11+00:00,0.9995
0xbcdb3b84d1bcdb26bd926edcbc0a97843473895ab32b0f93026e8c5b5440edcc,Seoul,Will the highest temperature in Seoul (Incheon) be 27°C on August 2?,83591289135596541564475690443763462449720930757118372521971893083114166498987,No,2026-08-01T17:00:14+00:00,0.9995
0xbcdb3b84d1bcdb26bd926edcbc0a97843473895ab32b0f93026e8c5b5440edcc,Seoul,Will the highest temperature in Seoul (Incheon) be 27°C on August 2?,83591289135596541564475690443763462449720930757118372521971893083114166498987,No,2026-08-01T17:14:11+00:00,0.9995
0x53c5e8c9174d92d924c2491d0d7948a3b55be3b6dc8873c3028dbe67ca94e0b5,Seoul,Will the highest temperature in Seoul (Incheon) be 28°C on August 2?,43044295978222182011879510432422381823165143999313027721743140069122703134751,Yes,2026-08-01T16:00:11+00:00,0.0005
0x53c5e8c9174d92d924c2491d0d7948a3b55be3b6dc8873c3028dbe67ca94e0b5,Seoul,Will the highest temperature in Seoul (Incheon) be 28°C on August 2?,43044295978222182011879510432422381823165143999313027721743140069122703134751,Yes,2026-08-01T17:00:14+00:00,0.0005
0x53c5e8c9174d92d924c2491d0d7948a3b55be3b6dc8873c3028dbe67ca94e0b5,Seoul,Will the highest temperature in Seoul (Incheon) be 28°C on August 2?,43044295978222182011879510432422381823165143999313027721743140069122703134751,Yes,2026-08-01T17:14:11+00:00,0.0005
0x53c5e8c9174d92d924c2491d0d7948a3b55be3b6dc8873c3028dbe67ca94e0b5,Seoul,Will the highest temperature in Seoul (Incheon) be 28°C on August 2?,110481543834093466495769889817048072781271615100080699131528943062304188633780,No,2026-08-01T16:00:12+00:00,0.9995
0x53c5e8c9174d92d924c2491d0d7948a3b55be3b6dc8873c3028dbe67ca94e0b5,Seoul,Will the highest temperature in Seoul (Incheon) be 28°C on August 2?,110481543834093466495769889817048072781271615100080699131528943062304188633780,No,2026-08-01T17:00:15+00:00,0.9995
0x53c5e8c9174d92d924c2491d0d7948a3b55be3b6dc8873c3028dbe67ca94e0b5,Seoul,Will the highest temperature in Seoul (Incheon) be 28°C on August 2?,110481543834093466495769889817048072781271615100080699131528943062304188633780,No,2026-08-01T17:14:12+00:00,0.9995
0x037d7c0a086965735f9c6a394933c0ee0cc2a5500b138429dd7e8e9550aa1058,Seoul,Will the highest temperature in Seoul (Incheon) be 29°C on August 2?,71681723775256219499297835992107963815141981243112474277021631906406235771427,Yes,2026-08-01T16:00:12+00:00,0.004
0x037d7c0a086965735f9c6a394933c0ee0cc2a5500b138429dd7e8e9550aa1058,Seoul,Will the highest temperature in Seoul (Incheon) be 29°C on August 2?,71681723775256219499297835992107963815141981243112474277021631906406235771427,Yes,2026-08-01T17:00:15+00:00,0.004
0x037d7c0a086965735f9c6a394933c0ee0cc2a5500b138429dd7e8e9550aa1058,Seoul,Will the highest temperature in Seoul (Incheon) be 29°C on August 2?,71681723775256219499297835992107963815141981243112474277021631906406235771427,Yes,2026-08-01T17:14:12+00:00,0.004
0x037d7c0a086965735f9c6a394933c0ee0cc2a5500b138429dd7e8e9550aa1058,Seoul,Will the highest temperature in Seoul (Incheon) be 29°C on August 2?,27539645705331745296781738391459692602200928960699436958546793601011806194379,No,2026-08-01T16:00:10+00:00,0.996
0x037d7c0a086965735f9c6a394933c0ee0cc2a5500b138429dd7e8e9550aa1058,Seoul,Will the highest temperature in Seoul (Incheon) be 29°C on August 2?,27539645705331745296781738391459692602200928960699436958546793601011806194379,No,2026-08-01T17:00:13+00:00,0.996
0x037d7c0a086965735f9c6a394933c0ee0cc2a5500b138429dd7e8e9550aa1058,Seoul,Will the highest temperature in Seoul (Incheon) be 29°C on August 2?,27539645705331745296781738391459692602200928960699436958546793601011806194379,No,2026-08-01T17:14:10+00:00,0.996
0x1816582f5b156591cc0b6fb53c14f2db5f407b727b1d4b504f1f670a21936896,Seoul,Will the highest temperature in Seoul (Incheon) be 30°C on August 2?,70648478783912744186273943880836846795149460969403616902910007761529959614009,Yes,2026-08-01T16:00:10+00:00,0.015
0x1816582f5b156591cc0b6fb53c14f2db5f407b727b1d4b504f1f670a21936896,Seoul,Will the highest temperature in Seoul (Incheon) be 30°C on August 2?,70648478783912744186273943880836846795149460969403616902910007761529959614009,Yes,2026-08-01T17:00:13+00:00,0.015
0x1816582f5b156591cc0b6fb53c14f2db5f407b727b1d4b504f1f670a21936896,Seoul,Will the highest temperature in Seoul (Incheon) be 30°C on August 2?,70648478783912744186273943880836846795149460969403616902910007761529959614009,Yes,2026-08-01T17:14:10+00:00,0.015
0x1816582f5b156591cc0b6fb53c14f2db5f407b727b1d4b504f1f670a21936896,Seoul,Will the highest temperature in Seoul (Incheon) be 30°C on August 2?,67221079191086699567013885351143564705876631397186001184348791550292030782300,No,2026-08-01T16:00:11+00:00,0.985
0x1816582f5b156591cc0b6fb53c14f2db5f407b727b1d4b504f1f670a21936896,Seoul,Will the highest temperature in Seoul (Incheon) be 30°C on August 2?,67221079191086699567013885351143564705876631397186001184348791550292030782300,No,2026-08-01T17:00:14+00:00,0.985
0x1816582f5b156591cc0b6fb53c14f2db5f407b727b1d4b504f1f670a21936896,Seoul,Will the highest temperature in Seoul (Incheon) be 30°C on August 2?,67221079191086699567013885351143564705876631397186001184348791550292030782300,No,2026-08-01T17:14:11+00:00,0.985
0xfbdda32f781dc6577e9fa7cfe3eb99302b0f058b11aa23cda2d6e4b98c6c23f0,Seoul,Will the highest temperature in Seoul (Incheon) be 31°C on August 2?,106164195963322539237600867004010571681833413116457277735386195213485645273154,Yes,2026-08-01T16:00:10+00:00,0.135
0xfbdda32f781dc6577e9fa7cfe3eb99302b0f058b11aa23cda2d6e4b98c6c23f0,Seoul,Will the highest temperature in Seoul (Incheon) be 31°C on August 2?,106164195963322539237600867004010571681833413116457277735386195213485645273154,Yes,2026-08-01T17:00:13+00:00,0.13
0xfbdda32f781dc6577e9fa7cfe3eb99302b0f058b11aa23cda2d6e4b98c6c23f0,Seoul,Will the highest temperature in Seoul (Incheon) be 31°C on August 2?,106164195963322539237600867004010571681833413116457277735386195213485645273154,Yes,2026-08-01T17:14:10+00:00,0.135
0xfbdda32f781dc6577e9fa7cfe3eb99302b0f058b11aa23cda2d6e4b98c6c23f0,Seoul,Will the highest temperature in Seoul (Incheon) be 31°C on August 2?,19080726419775090995774552719309189099605108646416762776042932669141431077792,No,2026-08-01T16:00:11+00:00,0.865
0xfbdda32f781dc6577e9fa7cfe3eb99302b0f058b11aa23cda2d6e4b98c6c23f0,Seoul,Will the highest temperature in Seoul (Incheon) be 31°C on August 2?,19080726419775090995774552719309189099605108646416762776042932669141431077792,No,2026-08-01T17:00:14+00:00,0.87
0xfbdda32f781dc6577e9fa7cfe3eb99302b0f058b11aa23cda2d6e4b98c6c23f0,Seoul,Will the highest temperature in Seoul (Incheon) be 31°C on August 2?,19080726419775090995774552719309189099605108646416762776042932669141431077792,No,2026-08-01T17:14:11+00:00,0.865
0x6de471316b2b2e13ca7523d7b6502318a44df17efabc05fa749257ecbc775918,Seoul,Will the highest temperature in Seoul (Incheon) be 32°C on August 2?,74726348295018315903000947656994195116142219970397544460284135519691024583171,Yes,2026-08-01T16:00:11+00:00,0.495
0x6de471316b2b2e13ca7523d7b6502318a44df17efabc05fa749257ecbc775918,Seoul,Will the highest temperature in Seoul (Incheon) be 32°C on August 2?,74726348295018315903000947656994195116142219970397544460284135519691024583171,Yes,2026-08-01T17:00:14+00:00,0.515
0x6de471316b2b2e13ca7523d7b6502318a44df17efabc05fa749257ecbc775918,Seoul,Will the highest temperature in Seoul (Incheon) be 32°C on August 2?,74726348295018315903000947656994195116142219970397544460284135519691024583171,Yes,2026-08-01T17:14:11+00:00,0.515
0x6de471316b2b2e13ca7523d7b6502318a44df17efabc05fa749257ecbc775918,Seoul,Will the highest temperature in Seoul (Incheon) be 32°C on August 2?,44678106903686385973066516921024786470531296063310778938154206637111437592430,No,2026-08-01T16:00:11+00:00,0.505
0x6de471316b2b2e13ca7523d7b6502318a44df17efabc05fa749257ecbc775918,Seoul,Will the highest temperature in Seoul (Incheon) be 32°C on August 2?,44678106903686385973066516921024786470531296063310778938154206637111437592430,No,2026-08-01T17:00:15+00:00,0.485
0x6de471316b2b2e13ca7523d7b6502318a44df17efabc05fa749257ecbc775918,Seoul,Will the highest temperature in Seoul (Incheon) be 32°C on August 2?,44678106903686385973066516921024786470531296063310778938154206637111437592430,No,2026-08-01T17:14:11+00:00,0.485
0xd4bbc787b84a7b2691bdea4d3342113f6f2f56612874ab1a55a610de38adf7f4,Seoul,Will the highest temperature in Seoul (Incheon) be 33°C on August 2?,115626287630871567564999197285022189562919775071226954908808204444889660373563,Yes,2026-08-01T16:00:11+00:00,0.355
0xd4bbc787b84a7b2691bdea4d3342113f6f2f56612874ab1a55a610de38adf7f4,Seoul,Will the highest temperature in Seoul (Incheon) be 33°C on August 2?,115626287630871567564999197285022189562919775071226954908808204444889660373563,Yes,2026-08-01T17:00:14+00:00,0.34
0xd4bbc787b84a7b2691bdea4d3342113f6f2f56612874ab1a55a610de38adf7f4,Seoul,Will the highest temperature in Seoul (Incheon) be 33°C on August 2?,115626287630871567564999197285022189562919775071226954908808204444889660373563,Yes,2026-08-01T17:14:11+00:00,0.335
0xd4bbc787b84a7b2691bdea4d3342113f6f2f56612874ab1a55a610de38adf7f4,Seoul,Will the highest temperature in Seoul (Incheon) be 33°C on August 2?,22480372213996193167953416279209498495429127108874111596485542091610426173913,No,2026-08-01T16:00:08+00:00,0.645
0xd4bbc787b84a7b2691bdea4d3342113f6f2f56612874ab1a55a610de38adf7f4,Seoul,Will the highest temperature in Seoul (Incheon) be 33°C on August 2?,22480372213996193167953416279209498495429127108874111596485542091610426173913,No,2026-08-01T17:00:12+00:00,0.66
0xd4bbc787b84a7b2691bdea4d3342113f6f2f56612874ab1a55a610de38adf7f4,Seoul,Will the highest temperature in Seoul (Incheon) be 33°C on August 2?,22480372213996193167953416279209498495429127108874111596485542091610426173913,No,2026-08-01T17:14:09+00:00,0.665
0xd9becfec66c3181649e0612818f6e42d483aa51af23ad84ce8564118ecd858d6,Seoul,Will the highest temperature in Seoul (Incheon) be 34°C on August 2?,107876850448483719708555188347639794949505190656708025785576223466627497209386,Yes,2026-08-01T16:00:11+00:00,0.035
0xd9becfec66c3181649e0612818f6e42d483aa51af23ad84ce8564118ecd858d6,Seoul,Will the highest temperature in Seoul (Incheon) be 34°C on August 2?,107876850448483719708555188347639794949505190656708025785576223466627497209386,Yes,2026-08-01T17:00:14+00:00,0.035
0xd9becfec66c3181649e0612818f6e42d483aa51af23ad84ce8564118ecd858d6,Seoul,Will the highest temperature in Seoul (Incheon) be 34°C on August 2?,107876850448483719708555188347639794949505190656708025785576223466627497209386,Yes,2026-08-01T17:14:11+00:00,0.035
0xd9becfec66c3181649e0612818f6e42d483aa51af23ad84ce8564118ecd858d6,Seoul,Will the highest temperature in Seoul (Incheon) be 34°C on August 2?,3952571701804725222106174106305870655525807574089789055184986059272487951377,No,2026-08-01T16:00:10+00:00,0.965
0xd9becfec66c3181649e0612818f6e42d483aa51af23ad84ce8564118ecd858d6,Seoul,Will the highest temperature in Seoul (Incheon) be 34°C on August 2?,3952571701804725222106174106305870655525807574089789055184986059272487951377,No,2026-08-01T17:00:13+00:00,0.965
0xd9becfec66c3181649e0612818f6e42d483aa51af23ad84ce8564118ecd858d6,Seoul,Will the highest temperature in Seoul (Incheon) be 34°C on August 2?,3952571701804725222106174106305870655525807574089789055184986059272487951377,No,2026-08-01T17:14:10+00:00,0.965
0x0155c0dd906bcb1b5fd3fb8673a54b70973ad9d4865438b410eec1a5f24d576d,Seoul,Will the highest temperature in Seoul (Incheon) be 35°C or higher on August 2?,59604589291894658609447211929535156814738724975861670094035227485370658205565,Yes,2026-08-01T16:00:10+00:00,0.0105
0x0155c0dd906bcb1b5fd3fb8673a54b70973ad9d4865438b410eec1a5f24d576d,Seoul,Will the highest temperature in Seoul (Incheon) be 35°C or higher on August 2?,59604589291894658609447211929535156814738724975861670094035227485370658205565,Yes,2026-08-01T17:00:13+00:00,0.011
0x0155c0dd906bcb1b5fd3fb8673a54b70973ad9d4865438b410eec1a5f24d576d,Seoul,Will the highest temperature in Seoul (Incheon) be 35°C or higher on August 2?,59604589291894658609447211929535156814738724975861670094035227485370658205565,Yes,2026-08-01T17:14:10+00:00,0.0105
0x0155c0dd906bcb1b5fd3fb8673a54b70973ad9d4865438b410eec1a5f24d576d,Seoul,Will the highest temperature in Seoul (Incheon) be 35°C or higher on August 2?,25613889125737923557243960688368541919118413674820123896619160087054458849880,No,2026-08-01T16:00:11+00:00,0.9895
0x0155c0dd906bcb1b5fd3fb8673a54b70973ad9d4865438b410eec1a5f24d576d,Seoul,Will the highest temperature in Seoul (Incheon) be 35°C or higher on August 2?,25613889125737923557243960688368541919118413674820123896619160087054458849880,No,2026-08-01T17:00:14+00:00,0.989
0x0155c0dd906bcb1b5fd3fb8673a54b70973ad9d4865438b410eec1a5f24d576d,Seoul,Will the highest temperature in Seoul (Incheon) be 35°C or higher on August 2?,25613889125737923557243960688368541919118413674820123896619160087054458849880,No,2026-08-01T17:14:11+00:00,0.9895
0x99b6a2d2fd56b202337b210ca0042191e7c52d063713149141866df8efe00c0b,Seoul,Will the lowest temperature in Seoul (Incheon) be 22°C or below on August 2?,32086589326295922812945226397892233452125516547137932400641554731205404271134,Yes,2026-08-01T16:00:10+00:00,0.0025
0x99b6a2d2fd56b202337b210ca0042191e7c52d063713149141866df8efe00c0b,Seoul,Will the lowest temperature in Seoul (Incheon) be 22°C or below on August 2?,32086589326295922812945226397892233452125516547137932400641554731205404271134,Yes,2026-08-01T17:00:13+00:00,0.0025
0x99b6a2d2fd56b202337b210ca0042191e7c52d063713149141866df8efe00c0b,Seoul,Will the lowest temperature in Seoul (Incheon) be 22°C or below on August 2?,32086589326295922812945226397892233452125516547137932400641554731205404271134,Yes,2026-08-01T17:14:10+00:00,0.0025
0x99b6a2d2fd56b202337b210ca0042191e7c52d063713149141866df8efe00c0b,Seoul,Will the lowest temperature in Seoul (Incheon) be 22°C or below on August 2?,20549732338262514944971869238923177022206302651899668736183077413124966948048,No,2026-08-01T16:00:11+00:00,0.9975
0x99b6a2d2fd56b202337b210ca0042191e7c52d063713149141866df8efe00c0b,Seoul,Will the lowest temperature in Seoul (Incheon) be 22°C or below on August 2?,20549732338262514944971869238923177022206302651899668736183077413124966948048,No,2026-08-01T17:00:14+00:00,0.9975
0x99b6a2d2fd56b202337b210ca0042191e7c52d063713149141866df8efe00c0b,Seoul,Will the lowest temperature in Seoul (Incheon) be 22°C or below on August 2?,20549732338262514944971869238923177022206302651899668736183077413124966948048,No,2026-08-01T17:14:11+00:00,0.9975
0x7a9ba158411e657c361af63c83da8a98be8108d2cf485d8201f97138ff0c4381,Seoul,Will the lowest temperature in Seoul (Incheon) be 23°C on August 2?,19661085223192458304692828038097321745168161382613501944948638613504867667424,Yes,2026-08-01T16:00:12+00:00,0.0055
0x7a9ba158411e657c361af63c83da8a98be8108d2cf485d8201f97138ff0c4381,Seoul,Will the lowest temperature in Seoul (Incheon) be 23°C on August 2?,19661085223192458304692828038097321745168161382613501944948638613504867667424,Yes,2026-08-01T17:00:15+00:00,0.0055
0x7a9ba158411e657c361af63c83da8a98be8108d2cf485d8201f97138ff0c4381,Seoul,Will the lowest temperature in Seoul (Incheon) be 23°C on August 2?,19661085223192458304692828038097321745168161382613501944948638613504867667424,Yes,2026-08-01T17:14:12+00:00,0.0055
0x7a9ba158411e657c361af63c83da8a98be8108d2cf485d8201f97138ff0c4381,Seoul,Will the lowest temperature in Seoul (Incheon) be 23°C on August 2?,8328514249599522178096918297429218437168427241709249707354698263723471643030,No,2026-08-01T16:00:08+00:00,0.9945
0x7a9ba158411e657c361af63c83da8a98be8108d2cf485d8201f97138ff0c4381,Seoul,Will the lowest temperature in Seoul (Incheon) be 23°C on August 2?,8328514249599522178096918297429218437168427241709249707354698263723471643030,No,2026-08-01T17:00:12+00:00,0.9945
0x7a9ba158411e657c361af63c83da8a98be8108d2cf485d8201f97138ff0c4381,Seoul,Will the lowest temperature in Seoul (Incheon) be 23°C on August 2?,8328514249599522178096918297429218437168427241709249707354698263723471643030,No,2026-08-01T17:14:09+00:00,0.9945
0x65c3b452e7f70a2f38d204c00c4cd25378e1e2d1f7195cd576e3617f37ad07ef,Seoul,Will the lowest temperature in Seoul (Incheon) be 24°C on August 2?,53388676400618047283806831984927227381993774787270054910331744960587712738059,Yes,2026-08-01T16:00:08+00:00,0.01
0x65c3b452e7f70a2f38d204c00c4cd25378e1e2d1f7195cd576e3617f37ad07ef,Seoul,Will the lowest temperature in Seoul (Incheon) be 24°C on August 2?,53388676400618047283806831984927227381993774787270054910331744960587712738059,Yes,2026-08-01T17:00:12+00:00,0.0205
0x65c3b452e7f70a2f38d204c00c4cd25378e1e2d1f7195cd576e3617f37ad07ef,Seoul,Will the lowest temperature in Seoul (Incheon) be 24°C on August 2?,53388676400618047283806831984927227381993774787270054910331744960587712738059,Yes,2026-08-01T17:14:09+00:00,0.0205
0x65c3b452e7f70a2f38d204c00c4cd25378e1e2d1f7195cd576e3617f37ad07ef,Seoul,Will the lowest temperature in Seoul (Incheon) be 24°C on August 2?,29290337112977534161755325275556575348646726680771017211353175010422934770795,No,2026-08-01T16:00:09+00:00,0.99
0x65c3b452e7f70a2f38d204c00c4cd25378e1e2d1f7195cd576e3617f37ad07ef,Seoul,Will the lowest temperature in Seoul (Incheon) be 24°C on August 2?,29290337112977534161755325275556575348646726680771017211353175010422934770795,No,2026-08-01T17:00:13+00:00,0.9795
0x65c3b452e7f70a2f38d204c00c4cd25378e1e2d1f7195cd576e3617f37ad07ef,Seoul,Will the lowest temperature in Seoul (Incheon) be 24°C on August 2?,29290337112977534161755325275556575348646726680771017211353175010422934770795,No,2026-08-01T17:14:09+00:00,0.9795
0x52f513ce450283a9d96cd2621314260c20e86f3c95e3aad52b8eba7e7e93580d,Seoul,Will the lowest temperature in Seoul (Incheon) be 25°C on August 2?,99293531477611937554618064290984847735394200470457772593685205323497483466794,Yes,2026-08-01T16:00:12+00:00,0.13
0x52f513ce450283a9d96cd2621314260c20e86f3c95e3aad52b8eba7e7e93580d,Seoul,Will the lowest temperature in Seoul (Incheon) be 25°C on August 2?,99293531477611937554618064290984847735394200470457772593685205323497483466794,Yes,2026-08-01T17:00:15+00:00,0.065
0x52f513ce450283a9d96cd2621314260c20e86f3c95e3aad52b8eba7e7e93580d,Seoul,Will the lowest temperature in Seoul (Incheon) be 25°C on August 2?,99293531477611937554618064290984847735394200470457772593685205323497483466794,Yes,2026-08-01T17:14:12+00:00,0.065
0x52f513ce450283a9d96cd2621314260c20e86f3c95e3aad52b8eba7e7e93580d,Seoul,Will the lowest temperature in Seoul (Incheon) be 25°C on August 2?,93863809335877655361574018550390358957805615973014291278437717165081279939479,No,2026-08-01T16:00:08+00:00,0.87
0x52f513ce450283a9d96cd2621314260c20e86f3c95e3aad52b8eba7e7e93580d,Seoul,Will the lowest temperature in Seoul (Incheon) be 25°C on August 2?,93863809335877655361574018550390358957805615973014291278437717165081279939479,No,2026-08-01T17:00:12+00:00,0.935
0x52f513ce450283a9d96cd2621314260c20e86f3c95e3aad52b8eba7e7e93580d,Seoul,Will the lowest temperature in Seoul (Incheon) be 25°C on August 2?,93863809335877655361574018550390358957805615973014291278437717165081279939479,No,2026-08-01T17:14:09+00:00,0.935
0xad865a991ed23049ff8a9f73175335e78c06499ce47cf6295a9043956bc2744e,Seoul,Will the lowest temperature in Seoul (Incheon) be 26°C on August 2?,55406766889916708736508872335887761858017890793354588280479341906145411657538,Yes,2026-08-01T16:00:09+00:00,0.395
0xad865a991ed23049ff8a9f73175335e78c06499ce47cf6295a9043956bc2744e,Seoul,Will the lowest temperature in Seoul (Incheon) be 26°C on August 2?,55406766889916708736508872335887761858017890793354588280479341906145411657538,Yes,2026-08-01T17:00:13+00:00,0.4
0xad865a991ed23049ff8a9f73175335e78c06499ce47cf6295a9043956bc2744e,Seoul,Will the lowest temperature in Seoul (Incheon) be 26°C on August 2?,55406766889916708736508872335887761858017890793354588280479341906145411657538,Yes,2026-08-01T17:14:10+00:00,0.4
0xad865a991ed23049ff8a9f73175335e78c06499ce47cf6295a9043956bc2744e,Seoul,Will the lowest temperature in Seoul (Incheon) be 26°C on August 2?,33906879690735312915797602178330062529267396436102044709518654311404878413632,No,2026-08-01T16:00:09+00:00,0.605
0xad865a991ed23049ff8a9f73175335e78c06499ce47cf6295a9043956bc2744e,Seoul,Will the lowest temperature in Seoul (Incheon) be 26°C on August 2?,33906879690735312915797602178330062529267396436102044709518654311404878413632,No,2026-08-01T17:00:12+00:00,0.6
0xad865a991ed23049ff8a9f73175335e78c06499ce47cf6295a9043956bc2744e,Seoul,Will the lowest temperature in Seoul (Incheon) be 26°C on August 2?,33906879690735312915797602178330062529267396436102044709518654311404878413632,No,2026-08-01T17:14:09+00:00,0.6
0x17357867978f6f333e03ff4075744a83324835b922efc07640200574d555d507,Seoul,Will the lowest temperature in Seoul (Incheon) be 27°C on August 2?,103270084214336426316313599841004814479063965338598824048322564869168251898064,Yes,2026-08-01T16:00:10+00:00,0.585
0x17357867978f6f333e03ff4075744a83324835b922efc07640200574d555d507,Seoul,Will the lowest temperature in Seoul (Incheon) be 27°C on August 2?,103270084214336426316313599841004814479063965338598824048322564869168251898064,Yes,2026-08-01T17:00:13+00:00,0.455
0x17357867978f6f333e03ff4075744a83324835b922efc07640200574d555d507,Seoul,Will the lowest temperature in Seoul (Incheon) be 27°C on August 2?,103270084214336426316313599841004814479063965338598824048322564869168251898064,Yes,2026-08-01T17:14:10+00:00,0.51
0x17357867978f6f333e03ff4075744a83324835b922efc07640200574d555d507,Seoul,Will the lowest temperature in Seoul (Incheon) be 27°C on August 2?,48633960370269540040105950802709725855097489138331361067761713585827335484662,No,2026-08-01T16:00:11+00:00,0.415
0x17357867978f6f333e03ff4075744a83324835b922efc07640200574d555d507,Seoul,Will the lowest temperature in Seoul (Incheon) be 27°C on August 2?,48633960370269540040105950802709725855097489138331361067761713585827335484662,No,2026-08-01T17:00:14+00:00,0.545
0x17357867978f6f333e03ff4075744a83324835b922efc07640200574d555d507,Seoul,Will the lowest temperature in Seoul (Incheon) be 27°C on August 2?,48633960370269540040105950802709725855097489138331361067761713585827335484662,No,2026-08-01T17:14:11+00:00,0.49
0xfa3817f91b09562475ceb5c5db864aa564fe809eeb85fe1a4a5853eea4ea21ec,Seoul,Will the lowest temperature in Seoul (Incheon) be 28°C on August 2?,57232593022187790465577088208849339503057148464937128411504488702218250455540,Yes,2026-08-01T16:00:10+00:00,0.035
0xfa3817f91b09562475ceb5c5db864aa564fe809eeb85fe1a4a5853eea4ea21ec,Seoul,Will the lowest temperature in Seoul (Incheon) be 28°C on August 2?,57232593022187790465577088208849339503057148464937128411504488702218250455540,Yes,2026-08-01T17:00:13+00:00,0.0035
0xfa3817f91b09562475ceb5c5db864aa564fe809eeb85fe1a4a5853eea4ea21ec,Seoul,Will the lowest temperature in Seoul (Incheon) be 28°C on August 2?,57232593022187790465577088208849339503057148464937128411504488702218250455540,Yes,2026-08-01T17:14:10+00:00,0.0035
0xfa3817f91b09562475ceb5c5db864aa564fe809eeb85fe1a4a5853eea4ea21ec,Seoul,Will the lowest temperature in Seoul (Incheon) be 28°C on August 2?,79715474401106128378366279818347250510287980891176749896761788248011538156470,No,2026-08-01T16:00:11+00:00,0.965
0xfa3817f91b09562475ceb5c5db864aa564fe809eeb85fe1a4a5853eea4ea21ec,Seoul,Will the lowest temperature in Seoul (Incheon) be 28°C on August 2?,79715474401106128378366279818347250510287980891176749896761788248011538156470,No,2026-08-01T17:00:14+00:00,0.9965
0xfa3817f91b09562475ceb5c5db864aa564fe809eeb85fe1a4a5853eea4ea21ec,Seoul,Will the lowest temperature in Seoul (Incheon) be 28°C on August 2?,79715474401106128378366279818347250510287980891176749896761788248011538156470,No,2026-08-01T17:14:11+00:00,0.9965
0xce117988f36a9b2217657c6425e7f681b6ff6c05e5d498497532a3fc27f2f072,Seoul,Will the lowest temperature in Seoul (Incheon) be 29°C on August 2?,41558358134164618301497201068390057664377185102829989012592190731772869357421,Yes,2026-08-01T16:00:08+00:00,0.0005
0xce117988f36a9b2217657c6425e7f681b6ff6c05e5d498497532a3fc27f2f072,Seoul,Will the lowest temperature in Seoul (Incheon) be 29°C on August 2?,41558358134164618301497201068390057664377185102829989012592190731772869357421,Yes,2026-08-01T17:00:12+00:00,0.0005
0xce117988f36a9b2217657c6425e7f681b6ff6c05e5d498497532a3fc27f2f072,Seoul,Will the lowest temperature in Seoul (Incheon) be 29°C on August 2?,41558358134164618301497201068390057664377185102829989012592190731772869357421,Yes,2026-08-01T17:14:09+00:00,0.0005
0xce117988f36a9b2217657c6425e7f681b6ff6c05e5d498497532a3fc27f2f072,Seoul,Will the lowest temperature in Seoul (Incheon) be 29°C on August 2?,56945602289316687914232188133423193665925540577705653410006990725503163393041,No,2026-08-01T16:00:09+00:00,0.9995
0xce117988f36a9b2217657c6425e7f681b6ff6c05e5d498497532a3fc27f2f072,Seoul,Will the lowest temperature in Seoul (Incheon) be 29°C on August 2?,56945602289316687914232188133423193665925540577705653410006990725503163393041,No,2026-08-01T17:00:12+00:00,0.9995
0xce117988f36a9b2217657c6425e7f681b6ff6c05e5d498497532a3fc27f2f072,Seoul,Will the lowest temperature in Seoul (Incheon) be 29°C on August 2?,56945602289316687914232188133423193665925540577705653410006990725503163393041,No,2026-08-01T17:14:09+00:00,0.9995
0x188633794f144380e0c2773fb78140b0016574eccb4c72d36394280018e680ce,Seoul,Will the lowest temperature in Seoul (Incheon) be 30°C on August 2?,8091099450966113210747505103544797438897575439825698845935863688120872775883,Yes,2026-08-01T16:00:09+00:00,0.0005
0x188633794f144380e0c2773fb78140b0016574eccb4c72d36394280018e680ce,Seoul,Will the lowest temperature in Seoul (Incheon) be 30°C on August 2?,8091099450966113210747505103544797438897575439825698845935863688120872775883,Yes,2026-08-01T17:00:13+00:00,0.0005
0x188633794f144380e0c2773fb78140b0016574eccb4c72d36394280018e680ce,Seoul,Will the lowest temperature in Seoul (Incheon) be 30°C on August 2?,8091099450966113210747505103544797438897575439825698845935863688120872775883,Yes,2026-08-01T17:14:10+00:00,0.0005
0x188633794f144380e0c2773fb78140b0016574eccb4c72d36394280018e680ce,Seoul,Will the lowest temperature in Seoul (Incheon) be 30°C on August 2?,77583263506305762032028596408939301039342011080128111583883748779789161418913,No,2026-08-01T16:00:11+00:00,0.9995
0x188633794f144380e0c2773fb78140b0016574eccb4c72d36394280018e680ce,Seoul,Will the lowest temperature in Seoul (Incheon) be 30°C on August 2?,77583263506305762032028596408939301039342011080128111583883748779789161418913,No,2026-08-01T17:00:14+00:00,0.9995
0x188633794f144380e0c2773fb78140b0016574eccb4c72d36394280018e680ce,Seoul,Will the lowest temperature in Seoul (Incheon) be 30°C on August 2?,77583263506305762032028596408939301039342011080128111583883748779789161418913,No,2026-08-01T17:14:11+00:00,0.9995
0x0455e51903f52b3280437b2b0ad37a2d28e4f32164fdb5788900bd6eb28f230e,Seoul,Will the lowest temperature in Seoul (Incheon) be 31°C on August 2?,114743770927178202887513140766295181165791095884743041523460403856844947837188,Yes,2026-08-01T16:00:11+00:00,0.0005
0x0455e51903f52b3280437b2b0ad37a2d28e4f32164fdb5788900bd6eb28f230e,Seoul,Will the lowest temperature in Seoul (Incheon) be 31°C on August 2?,114743770927178202887513140766295181165791095884743041523460403856844947837188,Yes,2026-08-01T17:00:14+00:00,0.0005
0x0455e51903f52b3280437b2b0ad37a2d28e4f32164fdb5788900bd6eb28f230e,Seoul,Will the lowest temperature in Seoul (Incheon) be 31°C on August 2?,114743770927178202887513140766295181165791095884743041523460403856844947837188,Yes,2026-08-01T17:14:11+00:00,0.0005
0x0455e51903f52b3280437b2b0ad37a2d28e4f32164fdb5788900bd6eb28f230e,Seoul,Will the lowest temperature in Seoul (Incheon) be 31°C on August 2?,95879564636949719955786910429515632159690183109462758699632086869187808522640,No,2026-08-01T16:00:09+00:00,0.9995
0x0455e51903f52b3280437b2b0ad37a2d28e4f32164fdb5788900bd6eb28f230e,Seoul,Will the lowest temperature in Seoul (Incheon) be 31°C on August 2?,95879564636949719955786910429515632159690183109462758699632086869187808522640,No,2026-08-01T17:00:13+00:00,0.9995
0x0455e51903f52b3280437b2b0ad37a2d28e4f32164fdb5788900bd6eb28f230e,Seoul,Will the lowest temperature in Seoul (Incheon) be 31°C on August 2?,95879564636949719955786910429515632159690183109462758699632086869187808522640,No,2026-08-01T17:14:10+00:00,0.9995
0x39afc47f19ede8ec31b84f24f39cc0412a885ebfac6b741ec3f1230bc8a6c7e1,Seoul,Will the lowest temperature in Seoul (Incheon) be 32°C or higher on August 2?,87707409115176679165424013707960564573227881037455295135543035383952462382917,Yes,2026-08-01T16:00:10+00:00,0.0005
0x39afc47f19ede8ec31b84f24f39cc0412a885ebfac6b741ec3f1230bc8a6c7e1,Seoul,Will the lowest temperature in Seoul (Incheon) be 32°C or higher on August 2?,87707409115176679165424013707960564573227881037455295135543035383952462382917,Yes,2026-08-01T17:00:13+00:00,0.0005
0x39afc47f19ede8ec31b84f24f39cc0412a885ebfac6b741ec3f1230bc8a6c7e1,Seoul,Will the lowest temperature in Seoul (Incheon) be 32°C or higher on August 2?,87707409115176679165424013707960564573227881037455295135543035383952462382917,Yes,2026-08-01T17:14:10+00:00,0.0005
0x39afc47f19ede8ec31b84f24f39cc0412a885ebfac6b741ec3f1230bc8a6c7e1,Seoul,Will the lowest temperature in Seoul (Incheon) be 32°C or higher on August 2?,948859234860412971759784579927644357778703327161861173719730772733956679423,No,2026-08-01T16:00:09+00:00,0.9995
0x39afc47f19ede8ec31b84f24f39cc0412a885ebfac6b741ec3f1230bc8a6c7e1,Seoul,Will the lowest temperature in Seoul (Incheon) be 32°C or higher on August 2?,948859234860412971759784579927644357778703327161861173719730772733956679423,No,2026-08-01T17:00:13+00:00,0.9995
0x39afc47f19ede8ec31b84f24f39cc0412a885ebfac6b741ec3f1230bc8a6c7e1,Seoul,Will the lowest temperature in Seoul (Incheon) be 32°C or higher on August 2?,948859234860412971759784579927644357778703327161861173719730772733956679423,No,2026-08-01T17:14:10+00:00,0.9995
0x1c8074574af0d3eff133fe19cc21a01128c6808a49f9a00f5135fde6003a11a1,Seoul,Will the highest temperature in Seoul (Incheon) be 26°C or below on August 3?,98856875915475575871005401992156797444316260878401049608185240279459791451033,Yes,2026-08-01T16:00:09+00:00,0.002
0x1c8074574af0d3eff133fe19cc21a01128c6808a49f9a00f5135fde6003a11a1,Seoul,Will the highest temperature in Seoul (Incheon) be 26°C or below on August 3?,98856875915475575871005401992156797444316260878401049608185240279459791451033,Yes,2026-08-01T17:00:12+00:00,0.0005
0x1c8074574af0d3eff133fe19cc21a01128c6808a49f9a00f5135fde6003a11a1,Seoul,Will the highest temperature in Seoul (Incheon) be 26°C or below on August 3?,98856875915475575871005401992156797444316260878401049608185240279459791451033,Yes,2026-08-01T17:14:09+00:00,0.0005
0x1c8074574af0d3eff133fe19cc21a01128c6808a49f9a00f5135fde6003a11a1,Seoul,Will the highest temperature in Seoul (Incheon) be 26°C or below on August 3?,96438679057270648015000670011685095102321669443226722826094926360739641626199,No,2026-08-01T16:00:10+00:00,0.998
0x1c8074574af0d3eff133fe19cc21a01128c6808a49f9a00f5135fde6003a11a1,Seoul,Will the highest temperature in Seoul (Incheon) be 26°C or below on August 3?,96438679057270648015000670011685095102321669443226722826094926360739641626199,No,2026-08-01T17:00:13+00:00,0.9995
0x1c8074574af0d3eff133fe19cc21a01128c6808a49f9a00f5135fde6003a11a1,Seoul,Will the highest temperature in Seoul (Incheon) be 26°C or below on August 3?,96438679057270648015000670011685095102321669443226722826094926360739641626199,No,2026-08-01T17:14:10+00:00,0.9995
0x0109dda471296066abbba8d66ddd4e50cb46b11a581e2050b1991eeb24104b5f,Seoul,Will the highest temperature in Seoul (Incheon) be 27°C on August 3?,5052519687640169320419932905852957426557493898277819060801213881507132054201,Yes,2026-08-01T16:00:11+00:00,0.001
0x0109dda471296066abbba8d66ddd4e50cb46b11a581e2050b1991eeb24104b5f,Seoul,Will the highest temperature in Seoul (Incheon) be 27°C on August 3?,5052519687640169320419932905852957426557493898277819060801213881507132054201,Yes,2026-08-01T17:00:14+00:00,0.0005
0x0109dda471296066abbba8d66ddd4e50cb46b11a581e2050b1991eeb24104b5f,Seoul,Will the highest temperature in Seoul (Incheon) be 27°C on August 3?,5052519687640169320419932905852957426557493898277819060801213881507132054201,Yes,2026-08-01T17:14:11+00:00,0.0005
0x0109dda471296066abbba8d66ddd4e50cb46b11a581e2050b1991eeb24104b5f,Seoul,Will the highest temperature in Seoul (Incheon) be 27°C on August 3?,42754278097618930228331705863847600036834598072716452882024082235219197306781,No,2026-08-01T16:00:08+00:00,0.999
0x0109dda471296066abbba8d66ddd4e50cb46b11a581e2050b1991eeb24104b5f,Seoul,Will the highest temperature in Seoul (Incheon) be 27°C on August 3?,42754278097618930228331705863847600036834598072716452882024082235219197306781,No,2026-08-01T17:00:12+00:00,0.9995
0x0109dda471296066abbba8d66ddd4e50cb46b11a581e2050b1991eeb24104b5f,Seoul,Will the highest temperature in Seoul (Incheon) be 27°C on August 3?,42754278097618930228331705863847600036834598072716452882024082235219197306781,No,2026-08-01T17:14:09+00:00,0.9995
0x24e4f733f2727dde6df2b699e0396a61dbb96e5e3a166c55edae41fa6d7ee7a5,Seoul,Will the highest temperature in Seoul (Incheon) be 28°C on August 3?,23280721490072525801639545777671483577678513072128325442699808277808154457158,Yes,2026-08-01T16:00:11+00:00,0.0025
0x24e4f733f2727dde6df2b699e0396a61dbb96e5e3a166c55edae41fa6d7ee7a5,Seoul,Will the highest temperature in Seoul (Incheon) be 28°C on August 3?,23280721490072525801639545777671483577678513072128325442699808277808154457158,Yes,2026-08-01T17:00:14+00:00,0.0025
0x24e4f733f2727dde6df2b699e0396a61dbb96e5e3a166c55edae41fa6d7ee7a5,Seoul,Will the highest temperature in Seoul (Incheon) be 28°C on August 3?,23280721490072525801639545777671483577678513072128325442699808277808154457158,Yes,2026-08-01T17:14:11+00:00,0.0025
0x24e4f733f2727dde6df2b699e0396a61dbb96e5e3a166c55edae41fa6d7ee7a5,Seoul,Will the highest temperature in Seoul (Incheon) be 28°C on August 3?,107514253692307665401685143554556837258282771703704249393084475193834510883920,No,2026-08-01T16:00:11+00:00,0.9975
0x24e4f733f2727dde6df2b699e0396a61dbb96e5e3a166c55edae41fa6d7ee7a5,Seoul,Will the highest temperature in Seoul (Incheon) be 28°C on August 3?,107514253692307665401685143554556837258282771703704249393084475193834510883920,No,2026-08-01T17:00:14+00:00,0.9975
0x24e4f733f2727dde6df2b699e0396a61dbb96e5e3a166c55edae41fa6d7ee7a5,Seoul,Will the highest temperature in Seoul (Incheon) be 28°C on August 3?,107514253692307665401685143554556837258282771703704249393084475193834510883920,No,2026-08-01T17:14:11+00:00,0.9975
0xbb9cb850655226361435bf4270425265be3a83d15addc582176350de303dcc38,Seoul,Will the highest temperature in Seoul (Incheon) be 29°C on August 3?,60579218658432742143716587197651926177890114660133115129218558591047123914545,Yes,2026-08-01T16:00:11+00:00,0.007
0xbb9cb850655226361435bf4270425265be3a83d15addc582176350de303dcc38,Seoul,Will the highest temperature in Seoul (Incheon) be 29°C on August 3?,60579218658432742143716587197651926177890114660133115129218558591047123914545,Yes,2026-08-01T17:00:14+00:00,0.008
0xbb9cb850655226361435bf4270425265be3a83d15addc582176350de303dcc38,Seoul,Will the highest temperature in Seoul (Incheon) be 29°C on August 3?,60579218658432742143716587197651926177890114660133115129218558591047123914545,Yes,2026-08-01T17:14:11+00:00,0.008
0xbb9cb850655226361435bf4270425265be3a83d15addc582176350de303dcc38,Seoul,Will the highest temperature in Seoul (Incheon) be 29°C on August 3?,30824629458504355964136770649025447838450067018192750008150007786993616614363,No,2026-08-01T16:00:08+00:00,0.993
0xbb9cb850655226361435bf4270425265be3a83d15addc582176350de303dcc38,Seoul,Will the highest temperature in Seoul (Incheon) be 29°C on August 3?,30824629458504355964136770649025447838450067018192750008150007786993616614363,No,2026-08-01T17:00:12+00:00,0.992
0xbb9cb850655226361435bf4270425265be3a83d15addc582176350de303dcc38,Seoul,Will the highest temperature in Seoul (Incheon) be 29°C on August 3?,30824629458504355964136770649025447838450067018192750008150007786993616614363,No,2026-08-01T17:14:09+00:00,0.992
0x5077d4db7784a743a6f107556b842c6cb6217e7f466364b1e9ce22356c08bfeb,Seoul,Will the highest temperature in Seoul (Incheon) be 30°C on August 3?,101238530637815554499260516830619521395195599639783540482576819608199690422402,Yes,2026-08-01T16:00:11+00:00,0.015
0x5077d4db7784a743a6f107556b842c6cb6217e7f466364b1e9ce22356c08bfeb,Seoul,Will the highest temperature in Seoul (Incheon) be 30°C on August 3?,101238530637815554499260516830619521395195599639783540482576819608199690422402,Yes,2026-08-01T17:00:14+00:00,0.015
0x5077d4db7784a743a6f107556b842c6cb6217e7f466364b1e9ce22356c08bfeb,Seoul,Will the highest temperature in Seoul (Incheon) be 30°C on August 3?,101238530637815554499260516830619521395195599639783540482576819608199690422402,Yes,2026-08-01T17:14:11+00:00,0.015
0x5077d4db7784a743a6f107556b842c6cb6217e7f466364b1e9ce22356c08bfeb,Seoul,Will the highest temperature in Seoul (Incheon) be 30°C on August 3?,80260422533433067961451941766857874928213550962929425751745855867236219151288,No,2026-08-01T16:00:12+00:00,0.985
0x5077d4db7784a743a6f107556b842c6cb6217e7f466364b1e9ce22356c08bfeb,Seoul,Will the highest temperature in Seoul (Incheon) be 30°C on August 3?,80260422533433067961451941766857874928213550962929425751745855867236219151288,No,2026-08-01T17:00:15+00:00,0.985
0x5077d4db7784a743a6f107556b842c6cb6217e7f466364b1e9ce22356c08bfeb,Seoul,Will the highest temperature in Seoul (Incheon) be 30°C on August 3?,80260422533433067961451941766857874928213550962929425751745855867236219151288,No,2026-08-01T17:14:12+00:00,0.985
0xd9ffdb78e3ee0c13bda0d67c0265440f81d5950e8fbd47b4392a7c3c6c617434,Seoul,Will the highest temperature in Seoul (Incheon) be 31°C on August 3?,38080124324411207974918650319270791156581357621674078857083981687507486205727,Yes,2026-08-01T16:00:12+00:00,0.06
0xd9ffdb78e3ee0c13bda0d67c0265440f81d5950e8fbd47b4392a7c3c6c617434,Seoul,Will the highest temperature in Seoul (Incheon) be 31°C on August 3?,38080124324411207974918650319270791156581357621674078857083981687507486205727,Yes,2026-08-01T17:00:15+00:00,0.045
0xd9ffdb78e3ee0c13bda0d67c0265440f81d5950e8fbd47b4392a7c3c6c617434,Seoul,Will the highest temperature in Seoul (Incheon) be 31°C on August 3?,38080124324411207974918650319270791156581357621674078857083981687507486205727,Yes,2026-08-01T17:14:12+00:00,0.045
0xd9ffdb78e3ee0c13bda0d67c0265440f81d5950e8fbd47b4392a7c3c6c617434,Seoul,Will the highest temperature in Seoul (Incheon) be 31°C on August 3?,79923990922594974702631673106801180363047144418222480062725033493639851560970,No,2026-08-01T16:00:08+00:00,0.94
0xd9ffdb78e3ee0c13bda0d67c0265440f81d5950e8fbd47b4392a7c3c6c617434,Seoul,Will the highest temperature in Seoul (Incheon) be 31°C on August 3?,79923990922594974702631673106801180363047144418222480062725033493639851560970,No,2026-08-01T17:00:12+00:00,0.955
0xd9ffdb78e3ee0c13bda0d67c0265440f81d5950e8fbd47b4392a7c3c6c617434,Seoul,Will the highest temperature in Seoul (Incheon) be 31°C on August 3?,79923990922594974702631673106801180363047144418222480062725033493639851560970,No,2026-08-01T17:14:09+00:00,0.955
0x5648393f16ef0b29af4de0afae9cfda80cfdbb9d571757f2cd99afda5c12f7d2,Seoul,Will the highest temperature in Seoul (Incheon) be 32°C on August 3?,52221535427624441795577955719131289894453350380977129063393266688619643884337,Yes,2026-08-01T16:00:12+00:00,0.165
0x5648393f16ef0b29af4de0afae9cfda80cfdbb9d571757f2cd99afda5c12f7d2,Seoul,Will the highest temperature in Seoul (Incheon) be 32°C on August 3?,52221535427624441795577955719131289894453350380977129063393266688619643884337,Yes,2026-08-01T17:00:15+00:00,0.17
0x5648393f16ef0b29af4de0afae9cfda80cfdbb9d571757f2cd99afda5c12f7d2,Seoul,Will the highest temperature in Seoul (Incheon) be 32°C on August 3?,52221535427624441795577955719131289894453350380977129063393266688619643884337,Yes,2026-08-01T17:14:12+00:00,0.17
0x5648393f16ef0b29af4de0afae9cfda80cfdbb9d571757f2cd99afda5c12f7d2,Seoul,Will the highest temperature in Seoul (Incheon) be 32°C on August 3?,7951586462178082004409670482717787206192791814071903740125359630039668494027,No,2026-08-01T16:00:12+00:00,0.835
0x5648393f16ef0b29af4de0afae9cfda80cfdbb9d571757f2cd99afda5c12f7d2,Seoul,Will the highest temperature in Seoul (Incheon) be 32°C on August 3?,7951586462178082004409670482717787206192791814071903740125359630039668494027,No,2026-08-01T17:00:15+00:00,0.83
0x5648393f16ef0b29af4de0afae9cfda80cfdbb9d571757f2cd99afda5c12f7d2,Seoul,Will the highest temperature in Seoul (Incheon) be 32°C on August 3?,7951586462178082004409670482717787206192791814071903740125359630039668494027,No,2026-08-01T17:14:12+00:00,0.83
0x1bef035225cbb35b0edc5e491c928538f4b3511e74028bf086c9a8c93f2814b2,Seoul,Will the highest temperature in Seoul (Incheon) be 33°C on August 3?,29316291793843816974676779523628139041618991999576608532044158893921990323902,Yes,2026-08-01T16:00:12+00:00,0.335
0x1bef035225cbb35b0edc5e491c928538f4b3511e74028bf086c9a8c93f2814b2,Seoul,Will the highest temperature in Seoul (Incheon) be 33°C on August 3?,29316291793843816974676779523628139041618991999576608532044158893921990323902,Yes,2026-08-01T17:00:15+00:00,0.35
0x1bef035225cbb35b0edc5e491c928538f4b3511e74028bf086c9a8c93f2814b2,Seoul,Will the highest temperature in Seoul (Incheon) be 33°C on August 3?,29316291793843816974676779523628139041618991999576608532044158893921990323902,Yes,2026-08-01T17:14:12+00:00,0.35
0x1bef035225cbb35b0edc5e491c928538f4b3511e74028bf086c9a8c93f2814b2,Seoul,Will the highest temperature in Seoul (Incheon) be 33°C on August 3?,26092071645795977749473603126522887419087341706335746667308146468841573096368,No,2026-08-01T16:00:10+00:00,0.665
0x1bef035225cbb35b0edc5e491c928538f4b3511e74028bf086c9a8c93f2814b2,Seoul,Will the highest temperature in Seoul (Incheon) be 33°C on August 3?,26092071645795977749473603126522887419087341706335746667308146468841573096368,No,2026-08-01T17:00:13+00:00,0.65
0x1bef035225cbb35b0edc5e491c928538f4b3511e74028bf086c9a8c93f2814b2,Seoul,Will the highest temperature in Seoul (Incheon) be 33°C on August 3?,26092071645795977749473603126522887419087341706335746667308146468841573096368,No,2026-08-01T17:14:10+00:00,0.65
0x89e641d6d147f825b02bdf6b73956edf76998478b024598eb946361002678efb,Seoul,Will the highest temperature in Seoul (Incheon) be 34°C on August 3?,113134915936500517708215876201526228950667361363664880560772784709322764324754,Yes,2026-08-01T16:00:11+00:00,0.325
0x89e641d6d147f825b02bdf6b73956edf76998478b024598eb946361002678efb,Seoul,Will the highest temperature in Seoul (Incheon) be 34°C on August 3?,113134915936500517708215876201526228950667361363664880560772784709322764324754,Yes,2026-08-01T17:00:14+00:00,0.33
0x89e641d6d147f825b02bdf6b73956edf76998478b024598eb946361002678efb,Seoul,Will the highest temperature in Seoul (Incheon) be 34°C on August 3?,113134915936500517708215876201526228950667361363664880560772784709322764324754,Yes,2026-08-01T17:14:11+00:00,0.33
0x89e641d6d147f825b02bdf6b73956edf76998478b024598eb946361002678efb,Seoul,Will the highest temperature in Seoul (Incheon) be 34°C on August 3?,40237527169828490377186825662194589595506883989836002699199330755343885645908,No,2026-08-01T16:00:09+00:00,0.675
0x89e641d6d147f825b02bdf6b73956edf76998478b024598eb946361002678efb,Seoul,Will the highest temperature in Seoul (Incheon) be 34°C on August 3?,40237527169828490377186825662194589595506883989836002699199330755343885645908,No,2026-08-01T17:00:13+00:00,0.67
0x89e641d6d147f825b02bdf6b73956edf76998478b024598eb946361002678efb,Seoul,Will the highest temperature in Seoul (Incheon) be 34°C on August 3?,40237527169828490377186825662194589595506883989836002699199330755343885645908,No,2026-08-01T17:14:09+00:00,0.67
0x479df6862bda02f3bacc019dfe6f54d7420fb9d1e93f519e722bb251be660133,Seoul,Will the highest temperature in Seoul (Incheon) be 35°C on August 3?,40687768382475545255917692444169416057132137777732189019326267614171862871712,Yes,2026-08-01T16:00:11+00:00,0.125
0x479df6862bda02f3bacc019dfe6f54d7420fb9d1e93f519e722bb251be660133,Seoul,Will the highest temperature in Seoul (Incheon) be 35°C on August 3?,40687768382475545255917692444169416057132137777732189019326267614171862871712,Yes,2026-08-01T17:00:14+00:00,0.125
0x479df6862bda02f3bacc019dfe6f54d7420fb9d1e93f519e722bb251be660133,Seoul,Will the highest temperature in Seoul (Incheon) be 35°C on August 3?,40687768382475545255917692444169416057132137777732189019326267614171862871712,Yes,2026-08-01T17:14:11+00:00,0.125
0x479df6862bda02f3bacc019dfe6f54d7420fb9d1e93f519e722bb251be660133,Seoul,Will the highest temperature in Seoul (Incheon) be 35°C on August 3?,25727882130139248025497726534491192112164659525740650970194088763337662417426,No,2026-08-01T16:00:09+00:00,0.875
0x479df6862bda02f3bacc019dfe6f54d7420fb9d1e93f519e722bb251be660133,Seoul,Will the highest temperature in Seoul (Incheon) be 35°C on August 3?,25727882130139248025497726534491192112164659525740650970194088763337662417426,No,2026-08-01T17:00:13+00:00,0.875
0x479df6862bda02f3bacc019dfe6f54d7420fb9d1e93f519e722bb251be660133,Seoul,Will the highest temperature in Seoul (Incheon) be 35°C on August 3?,25727882130139248025497726534491192112164659525740650970194088763337662417426,No,2026-08-01T17:14:10+00:00,0.875
0x744b721e3e7518a947f639d05e843b1bce72fd849091addc83e132a4d3cf8d55,Seoul,Will the highest temperature in Seoul (Incheon) be 36°C or higher on August 3?,29312688799977404103899493175419211384402874775949612084288080453312250919767,Yes,2026-08-01T16:00:12+00:00,0.04
0x744b721e3e7518a947f639d05e843b1bce72fd849091addc83e132a4d3cf8d55,Seoul,Will the highest temperature in Seoul (Incheon) be 36°C or higher on August 3?,29312688799977404103899493175419211384402874775949612084288080453312250919767,Yes,2026-08-01T17:00:15+00:00,0.03
0x744b721e3e7518a947f639d05e843b1bce72fd849091addc83e132a4d3cf8d55,Seoul,Will the highest temperature in Seoul (Incheon) be 36°C or higher on August 3?,29312688799977404103899493175419211384402874775949612084288080453312250919767,Yes,2026-08-01T17:14:12+00:00,0.035
0x744b721e3e7518a947f639d05e843b1bce72fd849091addc83e132a4d3cf8d55,Seoul,Will the highest temperature in Seoul (Incheon) be 36°C or higher on August 3?,27337769490236350062193524621635349743426691022198152506765190344632434502175,No,2026-08-01T16:00:11+00:00,0.96
0x744b721e3e7518a947f639d05e843b1bce72fd849091addc83e132a4d3cf8d55,Seoul,Will the highest temperature in Seoul (Incheon) be 36°C or higher on August 3?,27337769490236350062193524621635349743426691022198152506765190344632434502175,No,2026-08-01T17:00:14+00:00,0.97
0x744b721e3e7518a947f639d05e843b1bce72fd849091addc83e132a4d3cf8d55,Seoul,Will the highest temperature in Seoul (Incheon) be 36°C or higher on August 3?,27337769490236350062193524621635349743426691022198152506765190344632434502175,No,2026-08-01T17:14:10+00:00,0.965
0x4f5706dacb730e106b7192349f8cd891f513f1adb3312a42241c7ad401cf7208,Seoul,Will the lowest temperature in Seoul (Incheon) be 22°C or below on August 3?,19304768798545970323388392819805344181532470584848703446649577941578728367053,Yes,2026-08-01T16:00:11+00:00,0.005
0x4f5706dacb730e106b7192349f8cd891f513f1adb3312a42241c7ad401cf7208,Seoul,Will the lowest temperature in Seoul (Incheon) be 22°C or below on August 3?,19304768798545970323388392819805344181532470584848703446649577941578728367053,Yes,2026-08-01T17:00:14+00:00,0.005
0x4f5706dacb730e106b7192349f8cd891f513f1adb3312a42241c7ad401cf7208,Seoul,Will the lowest temperature in Seoul (Incheon) be 22°C or below on August 3?,19304768798545970323388392819805344181532470584848703446649577941578728367053,Yes,2026-08-01T17:14:11+00:00,0.005
0x4f5706dacb730e106b7192349f8cd891f513f1adb3312a42241c7ad401cf7208,Seoul,Will the lowest temperature in Seoul (Incheon) be 22°C or below on August 3?,2549519625435199462095075168376197040900055468762196100994814370870136659412,No,2026-08-01T16:00:10+00:00,0.995
0x4f5706dacb730e106b7192349f8cd891f513f1adb3312a42241c7ad401cf7208,Seoul,Will the lowest temperature in Seoul (Incheon) be 22°C or below on August 3?,2549519625435199462095075168376197040900055468762196100994814370870136659412,No,2026-08-01T17:00:13+00:00,0.995
0x4f5706dacb730e106b7192349f8cd891f513f1adb3312a42241c7ad401cf7208,Seoul,Will the lowest temperature in Seoul (Incheon) be 22°C or below on August 3?,2549519625435199462095075168376197040900055468762196100994814370870136659412,No,2026-08-01T17:14:10+00:00,0.995
0x76e1ad50967cb80ed51f0b2bd6740642361a9d551e52f5666efc6bf898acc776,Seoul,Will the lowest temperature in Seoul (Incheon) be 23°C on August 3?,33762730700423962634100711253653079415581429473486598073691388967795084166914,Yes,2026-08-01T16:00:10+00:00,0.015
0x76e1ad50967cb80ed51f0b2bd6740642361a9d551e52f5666efc6bf898acc776,Seoul,Will the lowest temperature in Seoul (Incheon) be 23°C on August 3?,33762730700423962634100711253653079415581429473486598073691388967795084166914,Yes,2026-08-01T17:00:13+00:00,0.015
0x76e1ad50967cb80ed51f0b2bd6740642361a9d551e52f5666efc6bf898acc776,Seoul,Will the lowest temperature in Seoul (Incheon) be 23°C on August 3?,33762730700423962634100711253653079415581429473486598073691388967795084166914,Yes,2026-08-01T17:15:10+00:00,0.015
0x76e1ad50967cb80ed51f0b2bd6740642361a9d551e52f5666efc6bf898acc776,Seoul,Will the lowest temperature in Seoul (Incheon) be 23°C on August 3?,71458282688989725220721216435770009591927019743211464492012586676963514863868,No,2026-08-01T16:00:11+00:00,0.985
0x76e1ad50967cb80ed51f0b2bd6740642361a9d551e52f5666efc6bf898acc776,Seoul,Will the lowest temperature in Seoul (Incheon) be 23°C on August 3?,71458282688989725220721216435770009591927019743211464492012586676963514863868,No,2026-08-01T17:00:14+00:00,0.985
0x76e1ad50967cb80ed51f0b2bd6740642361a9d551e52f5666efc6bf898acc776,Seoul,Will the lowest temperature in Seoul (Incheon) be 23°C on August 3?,71458282688989725220721216435770009591927019743211464492012586676963514863868,No,2026-08-01T17:14:11+00:00,0.985
0xd6e7129d4c48369c5b8aed99c886033083450f1520381b433e5bdf9839005d15,Seoul,Will the lowest temperature in Seoul (Incheon) be 24°C on August 3?,12050031863920233952761815860497443658712595658104329672305985681351338797769,Yes,2026-08-01T16:00:12+00:00,0.015
0xd6e7129d4c48369c5b8aed99c886033083450f1520381b433e5bdf9839005d15,Seoul,Will the lowest temperature in Seoul (Incheon) be 24°C on August 3?,12050031863920233952761815860497443658712595658104329672305985681351338797769,Yes,2026-08-01T17:00:15+00:00,0.015
0xd6e7129d4c48369c5b8aed99c886033083450f1520381b433e5bdf9839005d15,Seoul,Will the lowest temperature in Seoul (Incheon) be 24°C on August 3?,12050031863920233952761815860497443658712595658104329672305985681351338797769,Yes,2026-08-01T17:14:12+00:00,0.015
0xd6e7129d4c48369c5b8aed99c886033083450f1520381b433e5bdf9839005d15,Seoul,Will the lowest temperature in Seoul (Incheon) be 24°C on August 3?,6812143188890971088265509733880795065671836502052354445853508499246570943180,No,2026-08-01T16:00:09+00:00,0.985
0xd6e7129d4c48369c5b8aed99c886033083450f1520381b433e5bdf9839005d15,Seoul,Will the lowest temperature in Seoul (Incheon) be 24°C on August 3?,6812143188890971088265509733880795065671836502052354445853508499246570943180,No,2026-08-01T17:00:12+00:00,0.985
0xd6e7129d4c48369c5b8aed99c886033083450f1520381b433e5bdf9839005d15,Seoul,Will the lowest temperature in Seoul (Incheon) be 24°C on August 3?,6812143188890971088265509733880795065671836502052354445853508499246570943180,No,2026-08-01T17:15:09+00:00,0.985
0x0110f6484cb9dd66fa105cc7f355a898967f3b39b2b0f35542da37b8d280a5ba,Seoul,Will the lowest temperature in Seoul (Incheon) be 25°C on August 3?,14940986401759379066183663876784902965066229537177409143188821633707190594869,Yes,2026-08-01T16:00:09+00:00,0.245
0x0110f6484cb9dd66fa105cc7f355a898967f3b39b2b0f35542da37b8d280a5ba,Seoul,Will the lowest temperature in Seoul (Incheon) be 25°C on August 3?,14940986401759379066183663876784902965066229537177409143188821633707190594869,Yes,2026-08-01T17:00:13+00:00,0.245
0x0110f6484cb9dd66fa105cc7f355a898967f3b39b2b0f35542da37b8d280a5ba,Seoul,Will the lowest temperature in Seoul (Incheon) be 25°C on August 3?,14940986401759379066183663876784902965066229537177409143188821633707190594869,Yes,2026-08-01T17:12:09+00:00,0.245
0x0110f6484cb9dd66fa105cc7f355a898967f3b39b2b0f35542da37b8d280a5ba,Seoul,Will the lowest temperature in Seoul (Incheon) be 25°C on August 3?,93177652207995115954663462066929883206426346018195387073887169479421255477939,No,2026-08-01T16:00:11+00:00,0.755
0x0110f6484cb9dd66fa105cc7f355a898967f3b39b2b0f35542da37b8d280a5ba,Seoul,Will the lowest temperature in Seoul (Incheon) be 25°C on August 3?,93177652207995115954663462066929883206426346018195387073887169479421255477939,No,2026-08-01T17:00:14+00:00,0.755
0x0110f6484cb9dd66fa105cc7f355a898967f3b39b2b0f35542da37b8d280a5ba,Seoul,Will the lowest temperature in Seoul (Incheon) be 25°C on August 3?,93177652207995115954663462066929883206426346018195387073887169479421255477939,No,2026-08-01T17:15:11+00:00,0.755
0x72f29c6f0120fb5ad17accc3a3ec0aba1e887190131cf1296e59711b022dab17,Seoul,Will the lowest temperature in Seoul (Incheon) be 26°C on August 3?,62364278266431607359182771879072765682020182640428463200206328581375319223112,Yes,2026-08-01T16:00:12+00:00,0.43
0x72f29c6f0120fb5ad17accc3a3ec0aba1e887190131cf1296e59711b022dab17,Seoul,Will the lowest temperature in Seoul (Incheon) be 26°C on August 3?,62364278266431607359182771879072765682020182640428463200206328581375319223112,Yes,2026-08-01T17:00:15+00:00,0.43
0x72f29c6f0120fb5ad17accc3a3ec0aba1e887190131cf1296e59711b022dab17,Seoul,Will the lowest temperature in Seoul (Incheon) be 26°C on August 3?,62364278266431607359182771879072765682020182640428463200206328581375319223112,Yes,2026-08-01T17:13:10+00:00,0.43
0x72f29c6f0120fb5ad17accc3a3ec0aba1e887190131cf1296e59711b022dab17,Seoul,Will the lowest temperature in Seoul (Incheon) be 26°C on August 3?,87642799481232844162723317477329349328480016322521221340186945586821334731707,No,2026-08-01T16:00:12+00:00,0.57
0x72f29c6f0120fb5ad17accc3a3ec0aba1e887190131cf1296e59711b022dab17,Seoul,Will the lowest temperature in Seoul (Incheon) be 26°C on August 3?,87642799481232844162723317477329349328480016322521221340186945586821334731707,No,2026-08-01T17:00:15+00:00,0.57
0x72f29c6f0120fb5ad17accc3a3ec0aba1e887190131cf1296e59711b022dab17,Seoul,Will the lowest temperature in Seoul (Incheon) be 26°C on August 3?,87642799481232844162723317477329349328480016322521221340186945586821334731707,No,2026-08-01T17:14:12+00:00,0.57
0x1c440b52c8c0eaae7c813a600cf3c77f25bc7d356b524235209dd03093f38107,Seoul,Will the lowest temperature in Seoul (Incheon) be 27°C on August 3?,91489842049040640579323134499676901052489838338593971699374348817276260789623,Yes,2026-08-01T16:00:10+00:00,0.305
0x1c440b52c8c0eaae7c813a600cf3c77f25bc7d356b524235209dd03093f38107,Seoul,Will the lowest temperature in Seoul (Incheon) be 27°C on August 3?,91489842049040640579323134499676901052489838338593971699374348817276260789623,Yes,2026-08-01T17:00:13+00:00,0.305
0x1c440b52c8c0eaae7c813a600cf3c77f25bc7d356b524235209dd03093f38107,Seoul,Will the lowest temperature in Seoul (Incheon) be 27°C on August 3?,91489842049040640579323134499676901052489838338593971699374348817276260789623,Yes,2026-08-01T17:13:09+00:00,0.31
0x1c440b52c8c0eaae7c813a600cf3c77f25bc7d356b524235209dd03093f38107,Seoul,Will the lowest temperature in Seoul (Incheon) be 27°C on August 3?,54123283524315491731840654494306130826187267681991947221777095424730801123962,No,2026-08-01T16:00:09+00:00,0.695
0x1c440b52c8c0eaae7c813a600cf3c77f25bc7d356b524235209dd03093f38107,Seoul,Will the lowest temperature in Seoul (Incheon) be 27°C on August 3?,54123283524315491731840654494306130826187267681991947221777095424730801123962,No,2026-08-01T17:00:13+00:00,0.695
0x1c440b52c8c0eaae7c813a600cf3c77f25bc7d356b524235209dd03093f38107,Seoul,Will the lowest temperature in Seoul (Incheon) be 27°C on August 3?,54123283524315491731840654494306130826187267681991947221777095424730801123962,No,2026-08-01T17:15:10+00:00,0.69
0x1a1af152fd0b9651ba06cd8f3856591ce07c246967e287df59b2e77bf4b99f41,Seoul,Will the lowest temperature in Seoul (Incheon) be 28°C on August 3?,29231842697368448416281492408753948117416951986521778286192321259525714337815,Yes,2026-08-01T16:00:10+00:00,0.04
0x1a1af152fd0b9651ba06cd8f3856591ce07c246967e287df59b2e77bf4b99f41,Seoul,Will the lowest temperature in Seoul (Incheon) be 28°C on August 3?,29231842697368448416281492408753948117416951986521778286192321259525714337815,Yes,2026-08-01T17:00:13+00:00,0.045
0x1a1af152fd0b9651ba06cd8f3856591ce07c246967e287df59b2e77bf4b99f41,Seoul,Will the lowest temperature in Seoul (Incheon) be 28°C on August 3?,29231842697368448416281492408753948117416951986521778286192321259525714337815,Yes,2026-08-01T17:15:10+00:00,0.04
0x1a1af152fd0b9651ba06cd8f3856591ce07c246967e287df59b2e77bf4b99f41,Seoul,Will the lowest temperature in Seoul (Incheon) be 28°C on August 3?,101061933609098622073989890234533727076238229485732838958660398682246689860907,No,2026-08-01T16:00:11+00:00,0.96
0x1a1af152fd0b9651ba06cd8f3856591ce07c246967e287df59b2e77bf4b99f41,Seoul,Will the lowest temperature in Seoul (Incheon) be 28°C on August 3?,101061933609098622073989890234533727076238229485732838958660398682246689860907,No,2026-08-01T17:00:14+00:00,0.955
0x1a1af152fd0b9651ba06cd8f3856591ce07c246967e287df59b2e77bf4b99f41,Seoul,Will the lowest temperature in Seoul (Incheon) be 28°C on August 3?,101061933609098622073989890234533727076238229485732838958660398682246689860907,No,2026-08-01T17:15:11+00:00,0.96
0xfdaefbadcd40a368da5f154f844119d7218e768c9d2eed817d29c9316b45e158,Seoul,Will the lowest temperature in Seoul (Incheon) be 29°C on August 3?,24994189840418237110694694995813177265239363488806984251331728721929958201718,Yes,2026-08-01T16:00:10+00:00,0.005
0xfdaefbadcd40a368da5f154f844119d7218e768c9d2eed817d29c9316b45e158,Seoul,Will the lowest temperature in Seoul (Incheon) be 29°C on August 3?,24994189840418237110694694995813177265239363488806984251331728721929958201718,Yes,2026-08-01T17:00:13+00:00,0.005
0xfdaefbadcd40a368da5f154f844119d7218e768c9d2eed817d29c9316b45e158,Seoul,Will the lowest temperature in Seoul (Incheon) be 29°C on August 3?,24994189840418237110694694995813177265239363488806984251331728721929958201718,Yes,2026-08-01T17:15:10+00:00,0.005
0xfdaefbadcd40a368da5f154f844119d7218e768c9d2eed817d29c9316b45e158,Seoul,Will the lowest temperature in Seoul (Incheon) be 29°C on August 3?,26557972669761113788718743838780715808772883338400271448434320069914928827886,No,2026-08-01T16:00:10+00:00,0.995
0xfdaefbadcd40a368da5f154f844119d7218e768c9d2eed817d29c9316b45e158,Seoul,Will the lowest temperature in Seoul (Incheon) be 29°C on August 3?,26557972669761113788718743838780715808772883338400271448434320069914928827886,No,2026-08-01T17:00:13+00:00,0.995
0xfdaefbadcd40a368da5f154f844119d7218e768c9d2eed817d29c9316b45e158,Seoul,Will the lowest temperature in Seoul (Incheon) be 29°C on August 3?,26557972669761113788718743838780715808772883338400271448434320069914928827886,No,2026-08-01T17:15:10+00:00,0.995
0x0a73c5db7ec757435fd75bbfc4d2b70c8f6f4f25651f5fa969012cf6e4b9f51e,Seoul,Will the lowest temperature in Seoul (Incheon) be 30°C on August 3?,17638729551843754336270293222930968045561392552860310884771035912080283919009,Yes,2026-08-01T16:00:11+00:00,0.0055
0x0a73c5db7ec757435fd75bbfc4d2b70c8f6f4f25651f5fa969012cf6e4b9f51e,Seoul,Will the lowest temperature in Seoul (Incheon) be 30°C on August 3?,17638729551843754336270293222930968045561392552860310884771035912080283919009,Yes,2026-08-01T17:00:14+00:00,0.0055
0x0a73c5db7ec757435fd75bbfc4d2b70c8f6f4f25651f5fa969012cf6e4b9f51e,Seoul,Will the lowest temperature in Seoul (Incheon) be 30°C on August 3?,17638729551843754336270293222930968045561392552860310884771035912080283919009,Yes,2026-08-01T17:15:11+00:00,0.0055
0x0a73c5db7ec757435fd75bbfc4d2b70c8f6f4f25651f5fa969012cf6e4b9f51e,Seoul,Will the lowest temperature in Seoul (Incheon) be 30°C on August 3?,77848974197965927375596086290185410105163641052717592185054087992385557194544,No,2026-08-01T16:00:10+00:00,0.9945
0x0a73c5db7ec757435fd75bbfc4d2b70c8f6f4f25651f5fa969012cf6e4b9f51e,Seoul,Will the lowest temperature in Seoul (Incheon) be 30°C on August 3?,77848974197965927375596086290185410105163641052717592185054087992385557194544,No,2026-08-01T17:00:13+00:00,0.9945
0x0a73c5db7ec757435fd75bbfc4d2b70c8f6f4f25651f5fa969012cf6e4b9f51e,Seoul,Will the lowest temperature in Seoul (Incheon) be 30°C on August 3?,77848974197965927375596086290185410105163641052717592185054087992385557194544,No,2026-08-01T17:15:10+00:00,0.9945
0xa53d45465b762af74ff2fc574e10f3706874b51392a8815a97a7b61e4569d112,Seoul,Will the lowest temperature in Seoul (Incheon) be 31°C on August 3?,40784935173192007211844364582585870824585925291905233520131158591403675175354,Yes,2026-08-01T16:00:09+00:00,0.002
0xa53d45465b762af74ff2fc574e10f3706874b51392a8815a97a7b61e4569d112,Seoul,Will the lowest temperature in Seoul (Incheon) be 31°C on August 3?,40784935173192007211844364582585870824585925291905233520131158591403675175354,Yes,2026-08-01T17:00:13+00:00,0.002
0xa53d45465b762af74ff2fc574e10f3706874b51392a8815a97a7b61e4569d112,Seoul,Will the lowest temperature in Seoul (Incheon) be 31°C on August 3?,40784935173192007211844364582585870824585925291905233520131158591403675175354,Yes,2026-08-01T17:15:10+00:00,0.002
0xa53d45465b762af74ff2fc574e10f3706874b51392a8815a97a7b61e4569d112,Seoul,Will the lowest temperature in Seoul (Incheon) be 31°C on August 3?,76829747605007687361713253796770755384392365088780364813662325646482500969097,No,2026-08-01T16:00:11+00:00,0.998
0xa53d45465b762af74ff2fc574e10f3706874b51392a8815a97a7b61e4569d112,Seoul,Will the lowest temperature in Seoul (Incheon) be 31°C on August 3?,76829747605007687361713253796770755384392365088780364813662325646482500969097,No,2026-08-01T17:00:14+00:00,0.998
0xa53d45465b762af74ff2fc574e10f3706874b51392a8815a97a7b61e4569d112,Seoul,Will the lowest temperature in Seoul (Incheon) be 31°C on August 3?,76829747605007687361713253796770755384392365088780364813662325646482500969097,No,2026-08-01T17:15:11+00:00,0.998
0x88f565493dab4cd5d968442e560be54d061fafbfc21a4088bc64db0ab9cd5cbe,Seoul,Will the lowest temperature in Seoul (Incheon) be 32°C or higher on August 3?,94856981787231930545697220797260030950686079648822350093735514339549987394485,Yes,2026-08-01T16:00:10+00:00,0.0015
0x88f565493dab4cd5d968442e560be54d061fafbfc21a4088bc64db0ab9cd5cbe,Seoul,Will the lowest temperature in Seoul (Incheon) be 32°C or higher on August 3?,94856981787231930545697220797260030950686079648822350093735514339549987394485,Yes,2026-08-01T17:00:13+00:00,0.0015
0x88f565493dab4cd5d968442e560be54d061fafbfc21a4088bc64db0ab9cd5cbe,Seoul,Will the lowest temperature in Seoul (Incheon) be 32°C or higher on August 3?,94856981787231930545697220797260030950686079648822350093735514339549987394485,Yes,2026-08-01T17:15:10+00:00,0.0015
0x88f565493dab4cd5d968442e560be54d061fafbfc21a4088bc64db0ab9cd5cbe,Seoul,Will the lowest temperature in Seoul (Incheon) be 32°C or higher on August 3?,80525245882727147218680440284841179950544928458391908761742448715224446019190,No,2026-08-01T16:00:11+00:00,0.9985
0x88f565493dab4cd5d968442e560be54d061fafbfc21a4088bc64db0ab9cd5cbe,Seoul,Will the lowest temperature in Seoul (Incheon) be 32°C or higher on August 3?,80525245882727147218680440284841179950544928458391908761742448715224446019190,No,2026-08-01T17:00:14+00:00,0.9985
0x88f565493dab4cd5d968442e560be54d061fafbfc21a4088bc64db0ab9cd5cbe,Seoul,Will the lowest temperature in Seoul (Incheon) be 32°C or higher on August 3?,80525245882727147218680440284841179950544928458391908761742448715224446019190,No,2026-08-01T17:15:11+00:00,0.9985
0x8f4406d40b378090cdd8a9970139902e9bdbb61551d8ce0c23f17c3ce2dad43d,Seoul,Will the highest temperature in Seoul (Incheon) be 25°C or below on August 2?,66591222604066173930886596094423873354352691380395447631434150156295673886229,Yes,2026-08-01T18:00:06+00:00,0.0005
0x8f4406d40b378090cdd8a9970139902e9bdbb61551d8ce0c23f17c3ce2dad43d,Seoul,Will the highest temperature in Seoul (Incheon) be 25°C or below on August 2?,66591222604066173930886596094423873354352691380395447631434150156295673886229,Yes,2026-08-01T19:00:12+00:00,0.0005
0x8f4406d40b378090cdd8a9970139902e9bdbb61551d8ce0c23f17c3ce2dad43d,Seoul,Will the highest temperature in Seoul (Incheon) be 25°C or below on August 2?,66591222604066173930886596094423873354352691380395447631434150156295673886229,Yes,2026-08-01T19:33:08+00:00,0.0005
0x8f4406d40b378090cdd8a9970139902e9bdbb61551d8ce0c23f17c3ce2dad43d,Seoul,Will the highest temperature in Seoul (Incheon) be 25°C or below on August 2?,93405891591771185256775226005347019850765450472511385041529194842194427845773,No,2026-08-01T18:00:09+00:00,0.9995
0x8f4406d40b378090cdd8a9970139902e9bdbb61551d8ce0c23f17c3ce2dad43d,Seoul,Will the highest temperature in Seoul (Incheon) be 25°C or below on August 2?,93405891591771185256775226005347019850765450472511385041529194842194427845773,No,2026-08-01T19:00:14+00:00,0.9995
0x8f4406d40b378090cdd8a9970139902e9bdbb61551d8ce0c23f17c3ce2dad43d,Seoul,Will the highest temperature in Seoul (Incheon) be 25°C or below on August 2?,93405891591771185256775226005347019850765450472511385041529194842194427845773,No,2026-08-01T19:33:09+00:00,0.9995
0xcae18aa5d40e7b3403b29a51220f6b17d6e1322ffc9956fe858e2b53e130635f,Seoul,Will the highest temperature in Seoul (Incheon) be 26°C on August 2?,81481110514278542626930507844811703448404965274860694710496995680553432251247,Yes,2026-08-01T18:00:06+00:00,0.0005
0xcae18aa5d40e7b3403b29a51220f6b17d6e1322ffc9956fe858e2b53e130635f,Seoul,Will the highest temperature in Seoul (Incheon) be 26°C on August 2?,81481110514278542626930507844811703448404965274860694710496995680553432251247,Yes,2026-08-01T19:00:12+00:00,0.0005
0xcae18aa5d40e7b3403b29a51220f6b17d6e1322ffc9956fe858e2b53e130635f,Seoul,Will the highest temperature in Seoul (Incheon) be 26°C on August 2?,81481110514278542626930507844811703448404965274860694710496995680553432251247,Yes,2026-08-01T19:32:09+00:00,0.0005
0xcae18aa5d40e7b3403b29a51220f6b17d6e1322ffc9956fe858e2b53e130635f,Seoul,Will the highest temperature in Seoul (Incheon) be 26°C on August 2?,77288735134001822348300792724220724146081130234033681707214130486481563994507,No,2026-08-01T18:00:10+00:00,0.9995
0xcae18aa5d40e7b3403b29a51220f6b17d6e1322ffc9956fe858e2b53e130635f,Seoul,Will the highest temperature in Seoul (Incheon) be 26°C on August 2?,77288735134001822348300792724220724146081130234033681707214130486481563994507,No,2026-08-01T19:00:15+00:00,0.9995
0xcae18aa5d40e7b3403b29a51220f6b17d6e1322ffc9956fe858e2b53e130635f,Seoul,Will the highest temperature in Seoul (Incheon) be 26°C on August 2?,77288735134001822348300792724220724146081130234033681707214130486481563994507,No,2026-08-01T19:33:10+00:00,0.9995
0xbcdb3b84d1bcdb26bd926edcbc0a97843473895ab32b0f93026e8c5b5440edcc,Seoul,Will the highest temperature in Seoul (Incheon) be 27°C on August 2?,52071578477397742358270108169412729454608105443989825083153315204367919533539,Yes,2026-08-01T18:00:09+00:00,0.0005
0xbcdb3b84d1bcdb26bd926edcbc0a97843473895ab32b0f93026e8c5b5440edcc,Seoul,Will the highest temperature in Seoul (Incheon) be 27°C on August 2?,52071578477397742358270108169412729454608105443989825083153315204367919533539,Yes,2026-08-01T19:00:14+00:00,0.0005
0xbcdb3b84d1bcdb26bd926edcbc0a97843473895ab32b0f93026e8c5b5440edcc,Seoul,Will the highest temperature in Seoul (Incheon) be 27°C on August 2?,52071578477397742358270108169412729454608105443989825083153315204367919533539,Yes,2026-08-01T19:33:10+00:00,0.0005
0xbcdb3b84d1bcdb26bd926edcbc0a97843473895ab32b0f93026e8c5b5440edcc,Seoul,Will the highest temperature in Seoul (Incheon) be 27°C on August 2?,83591289135596541564475690443763462449720930757118372521971893083114166498987,No,2026-08-01T18:00:09+00:00,0.9995
0xbcdb3b84d1bcdb26bd926edcbc0a97843473895ab32b0f93026e8c5b5440edcc,Seoul,Will the highest temperature in Seoul (Incheon) be 27°C on August 2?,83591289135596541564475690443763462449720930757118372521971893083114166498987,No,2026-08-01T19:00:14+00:00,0.9995
0xbcdb3b84d1bcdb26bd926edcbc0a97843473895ab32b0f93026e8c5b5440edcc,Seoul,Will the highest temperature in Seoul (Incheon) be 27°C on August 2?,83591289135596541564475690443763462449720930757118372521971893083114166498987,No,2026-08-01T19:33:10+00:00,0.9995
0x53c5e8c9174d92d924c2491d0d7948a3b55be3b6dc8873c3028dbe67ca94e0b5,Seoul,Will the highest temperature in Seoul (Incheon) be 28°C on August 2?,43044295978222182011879510432422381823165143999313027721743140069122703134751,Yes,2026-08-01T18:00:10+00:00,0.0005
0x53c5e8c9174d92d924c2491d0d7948a3b55be3b6dc8873c3028dbe67ca94e0b5,Seoul,Will the highest temperature in Seoul (Incheon) be 28°C on August 2?,43044295978222182011879510432422381823165143999313027721743140069122703134751,Yes,2026-08-01T19:00:14+00:00,0.0005
0x53c5e8c9174d92d924c2491d0d7948a3b55be3b6dc8873c3028dbe67ca94e0b5,Seoul,Will the highest temperature in Seoul (Incheon) be 28°C on August 2?,43044295978222182011879510432422381823165143999313027721743140069122703134751,Yes,2026-08-01T19:33:10+00:00,0.0005
0x53c5e8c9174d92d924c2491d0d7948a3b55be3b6dc8873c3028dbe67ca94e0b5,Seoul,Will the highest temperature in Seoul (Incheon) be 28°C on August 2?,110481543834093466495769889817048072781271615100080699131528943062304188633780,No,2026-08-01T18:00:10+00:00,0.9995
0x53c5e8c9174d92d924c2491d0d7948a3b55be3b6dc8873c3028dbe67ca94e0b5,Seoul,Will the highest temperature in Seoul (Incheon) be 28°C on August 2?,110481543834093466495769889817048072781271615100080699131528943062304188633780,No,2026-08-01T19:00:15+00:00,0.9995
0x53c5e8c9174d92d924c2491d0d7948a3b55be3b6dc8873c3028dbe67ca94e0b5,Seoul,Will the highest temperature in Seoul (Incheon) be 28°C on August 2?,110481543834093466495769889817048072781271615100080699131528943062304188633780,No,2026-08-01T19:33:10+00:00,0.9995
0x037d7c0a086965735f9c6a394933c0ee0cc2a5500b138429dd7e8e9550aa1058,Seoul,Will the highest temperature in Seoul (Incheon) be 29°C on August 2?,71681723775256219499297835992107963815141981243112474277021631906406235771427,Yes,2026-08-01T18:00:10+00:00,0.0045
0x037d7c0a086965735f9c6a394933c0ee0cc2a5500b138429dd7e8e9550aa1058,Seoul,Will the highest temperature in Seoul (Incheon) be 29°C on August 2?,71681723775256219499297835992107963815141981243112474277021631906406235771427,Yes,2026-08-01T19:00:15+00:00,0.0045
0x037d7c0a086965735f9c6a394933c0ee0cc2a5500b138429dd7e8e9550aa1058,Seoul,Will the highest temperature in Seoul (Incheon) be 29°C on August 2?,71681723775256219499297835992107963815141981243112474277021631906406235771427,Yes,2026-08-01T19:33:10+00:00,0.0045
0x037d7c0a086965735f9c6a394933c0ee0cc2a5500b138429dd7e8e9550aa1058,Seoul,Will the highest temperature in Seoul (Incheon) be 29°C on August 2?,27539645705331745296781738391459692602200928960699436958546793601011806194379,No,2026-08-01T18:00:08+00:00,0.9955
0x037d7c0a086965735f9c6a394933c0ee0cc2a5500b138429dd7e8e9550aa1058,Seoul,Will the highest temperature in Seoul (Incheon) be 29°C on August 2?,27539645705331745296781738391459692602200928960699436958546793601011806194379,No,2026-08-01T19:00:13+00:00,0.9955
0x037d7c0a086965735f9c6a394933c0ee0cc2a5500b138429dd7e8e9550aa1058,Seoul,Will the highest temperature in Seoul (Incheon) be 29°C on August 2?,27539645705331745296781738391459692602200928960699436958546793601011806194379,No,2026-08-01T19:33:09+00:00,0.9955
0x1816582f5b156591cc0b6fb53c14f2db5f407b727b1d4b504f1f670a21936896,Seoul,Will the highest temperature in Seoul (Incheon) be 30°C on August 2?,70648478783912744186273943880836846795149460969403616902910007761529959614009,Yes,2026-08-01T18:00:08+00:00,0.015
0x1816582f5b156591cc0b6fb53c14f2db5f407b727b1d4b504f1f670a21936896,Seoul,Will the highest temperature in Seoul (Incheon) be 30°C on August 2?,70648478783912744186273943880836846795149460969403616902910007761529959614009,Yes,2026-08-01T19:00:13+00:00,0.025
0x1816582f5b156591cc0b6fb53c14f2db5f407b727b1d4b504f1f670a21936896,Seoul,Will the highest temperature in Seoul (Incheon) be 30°C on August 2?,70648478783912744186273943880836846795149460969403616902910007761529959614009,Yes,2026-08-01T19:33:09+00:00,0.015
0x1816582f5b156591cc0b6fb53c14f2db5f407b727b1d4b504f1f670a21936896,Seoul,Will the highest temperature in Seoul (Incheon) be 30°C on August 2?,67221079191086699567013885351143564705876631397186001184348791550292030782300,No,2026-08-01T18:00:10+00:00,0.985
0x1816582f5b156591cc0b6fb53c14f2db5f407b727b1d4b504f1f670a21936896,Seoul,Will the highest temperature in Seoul (Incheon) be 30°C on August 2?,67221079191086699567013885351143564705876631397186001184348791550292030782300,No,2026-08-01T19:00:14+00:00,0.975
0x1816582f5b156591cc0b6fb53c14f2db5f407b727b1d4b504f1f670a21936896,Seoul,Will the highest temperature in Seoul (Incheon) be 30°C on August 2?,67221079191086699567013885351143564705876631397186001184348791550292030782300,No,2026-08-01T19:33:10+00:00,0.985
0xfbdda32f781dc6577e9fa7cfe3eb99302b0f058b11aa23cda2d6e4b98c6c23f0,Seoul,Will the highest temperature in Seoul (Incheon) be 31°C on August 2?,106164195963322539237600867004010571681833413116457277735386195213485645273154,Yes,2026-08-01T18:00:08+00:00,0.135
0xfbdda32f781dc6577e9fa7cfe3eb99302b0f058b11aa23cda2d6e4b98c6c23f0,Seoul,Will the highest temperature in Seoul (Incheon) be 31°C on August 2?,106164195963322539237600867004010571681833413116457277735386195213485645273154,Yes,2026-08-01T19:00:13+00:00,0.17
0xfbdda32f781dc6577e9fa7cfe3eb99302b0f058b11aa23cda2d6e4b98c6c23f0,Seoul,Will the highest temperature in Seoul (Incheon) be 31°C on August 2?,106164195963322539237600867004010571681833413116457277735386195213485645273154,Yes,2026-08-01T19:33:09+00:00,0.165
0xfbdda32f781dc6577e9fa7cfe3eb99302b0f058b11aa23cda2d6e4b98c6c23f0,Seoul,Will the highest temperature in Seoul (Incheon) be 31°C on August 2?,19080726419775090995774552719309189099605108646416762776042932669141431077792,No,2026-08-01T18:00:09+00:00,0.865
0xfbdda32f781dc6577e9fa7cfe3eb99302b0f058b11aa23cda2d6e4b98c6c23f0,Seoul,Will the highest temperature in Seoul (Incheon) be 31°C on August 2?,19080726419775090995774552719309189099605108646416762776042932669141431077792,No,2026-08-01T19:00:14+00:00,0.83
0xfbdda32f781dc6577e9fa7cfe3eb99302b0f058b11aa23cda2d6e4b98c6c23f0,Seoul,Will the highest temperature in Seoul (Incheon) be 31°C on August 2?,19080726419775090995774552719309189099605108646416762776042932669141431077792,No,2026-08-01T19:33:10+00:00,0.835
0x6de471316b2b2e13ca7523d7b6502318a44df17efabc05fa749257ecbc775918,Seoul,Will the highest temperature in Seoul (Incheon) be 32°C on August 2?,74726348295018315903000947656994195116142219970397544460284135519691024583171,Yes,2026-08-01T18:00:10+00:00,0.515
0x6de471316b2b2e13ca7523d7b6502318a44df17efabc05fa749257ecbc775918,Seoul,Will the highest temperature in Seoul (Incheon) be 32°C on August 2?,74726348295018315903000947656994195116142219970397544460284135519691024583171,Yes,2026-08-01T19:00:15+00:00,0.505
0x6de471316b2b2e13ca7523d7b6502318a44df17efabc05fa749257ecbc775918,Seoul,Will the highest temperature in Seoul (Incheon) be 32°C on August 2?,74726348295018315903000947656994195116142219970397544460284135519691024583171,Yes,2026-08-01T19:33:10+00:00,0.495
0x6de471316b2b2e13ca7523d7b6502318a44df17efabc05fa749257ecbc775918,Seoul,Will the highest temperature in Seoul (Incheon) be 32°C on August 2?,44678106903686385973066516921024786470531296063310778938154206637111437592430,No,2026-08-01T18:00:10+00:00,0.485
0x6de471316b2b2e13ca7523d7b6502318a44df17efabc05fa749257ecbc775918,Seoul,Will the highest temperature in Seoul (Incheon) be 32°C on August 2?,44678106903686385973066516921024786470531296063310778938154206637111437592430,No,2026-08-01T19:00:15+00:00,0.495
0x6de471316b2b2e13ca7523d7b6502318a44df17efabc05fa749257ecbc775918,Seoul,Will the highest temperature in Seoul (Incheon) be 32°C on August 2?,44678106903686385973066516921024786470531296063310778938154206637111437592430,No,2026-08-01T19:33:10+00:00,0.505
0xd4bbc787b84a7b2691bdea4d3342113f6f2f56612874ab1a55a610de38adf7f4,Seoul,Will the highest temperature in Seoul (Incheon) be 33°C on August 2?,115626287630871567564999197285022189562919775071226954908808204444889660373563,Yes,2026-08-01T18:00:09+00:00,0.305
0xd4bbc787b84a7b2691bdea4d3342113f6f2f56612874ab1a55a610de38adf7f4,Seoul,Will the highest temperature in Seoul (Incheon) be 33°C on August 2?,115626287630871567564999197285022189562919775071226954908808204444889660373563,Yes,2026-08-01T19:00:14+00:00,0.275
0xd4bbc787b84a7b2691bdea4d3342113f6f2f56612874ab1a55a610de38adf7f4,Seoul,Will the highest temperature in Seoul (Incheon) be 33°C on August 2?,115626287630871567564999197285022189562919775071226954908808204444889660373563,Yes,2026-08-01T19:33:10+00:00,0.275
0xd4bbc787b84a7b2691bdea4d3342113f6f2f56612874ab1a55a610de38adf7f4,Seoul,Will the highest temperature in Seoul (Incheon) be 33°C on August 2?,22480372213996193167953416279209498495429127108874111596485542091610426173913,No,2026-08-01T18:00:06+00:00,0.695
0xd4bbc787b84a7b2691bdea4d3342113f6f2f56612874ab1a55a610de38adf7f4,Seoul,Will the highest temperature in Seoul (Incheon) be 33°C on August 2?,22480372213996193167953416279209498495429127108874111596485542091610426173913,No,2026-08-01T19:00:12+00:00,0.725
0xd4bbc787b84a7b2691bdea4d3342113f6f2f56612874ab1a55a610de38adf7f4,Seoul,Will the highest temperature in Seoul (Incheon) be 33°C on August 2?,22480372213996193167953416279209498495429127108874111596485542091610426173913,No,2026-08-01T19:33:08+00:00,0.725
0xd9becfec66c3181649e0612818f6e42d483aa51af23ad84ce8564118ecd858d6,Seoul,Will the highest temperature in Seoul (Incheon) be 34°C on August 2?,107876850448483719708555188347639794949505190656708025785576223466627497209386,Yes,2026-08-01T18:00:10+00:00,0.065
0xd9becfec66c3181649e0612818f6e42d483aa51af23ad84ce8564118ecd858d6,Seoul,Will the highest temperature in Seoul (Incheon) be 34°C on August 2?,107876850448483719708555188347639794949505190656708025785576223466627497209386,Yes,2026-08-01T19:00:15+00:00,0.06
0xd9becfec66c3181649e0612818f6e42d483aa51af23ad84ce8564118ecd858d6,Seoul,Will the highest temperature in Seoul (Incheon) be 34°C on August 2?,107876850448483719708555188347639794949505190656708025785576223466627497209386,Yes,2026-08-01T19:33:10+00:00,0.075
0xd9becfec66c3181649e0612818f6e42d483aa51af23ad84ce8564118ecd858d6,Seoul,Will the highest temperature in Seoul (Incheon) be 34°C on August 2?,3952571701804725222106174106305870655525807574089789055184986059272487951377,No,2026-08-01T18:00:08+00:00,0.935
0xd9becfec66c3181649e0612818f6e42d483aa51af23ad84ce8564118ecd858d6,Seoul,Will the highest temperature in Seoul (Incheon) be 34°C on August 2?,3952571701804725222106174106305870655525807574089789055184986059272487951377,No,2026-08-01T19:00:13+00:00,0.94
0xd9becfec66c3181649e0612818f6e42d483aa51af23ad84ce8564118ecd858d6,Seoul,Will the highest temperature in Seoul (Incheon) be 34°C on August 2?,3952571701804725222106174106305870655525807574089789055184986059272487951377,No,2026-08-01T19:33:09+00:00,0.925
0x0155c0dd906bcb1b5fd3fb8673a54b70973ad9d4865438b410eec1a5f24d576d,Seoul,Will the highest temperature in Seoul (Incheon) be 35°C or higher on August 2?,59604589291894658609447211929535156814738724975861670094035227485370658205565,Yes,2026-08-01T18:00:08+00:00,0.0085
0x0155c0dd906bcb1b5fd3fb8673a54b70973ad9d4865438b410eec1a5f24d576d,Seoul,Will the highest temperature in Seoul (Incheon) be 35°C or higher on August 2?,59604589291894658609447211929535156814738724975861670094035227485370658205565,Yes,2026-08-01T19:00:13+00:00,0.0155
0x0155c0dd906bcb1b5fd3fb8673a54b70973ad9d4865438b410eec1a5f24d576d,Seoul,Will the highest temperature in Seoul (Incheon) be 35°C or higher on August 2?,59604589291894658609447211929535156814738724975861670094035227485370658205565,Yes,2026-08-01T19:33:09+00:00,0.0205
0x0155c0dd906bcb1b5fd3fb8673a54b70973ad9d4865438b410eec1a5f24d576d,Seoul,Will the highest temperature in Seoul (Incheon) be 35°C or higher on August 2?,25613889125737923557243960688368541919118413674820123896619160087054458849880,No,2026-08-01T18:00:09+00:00,0.9915
0x0155c0dd906bcb1b5fd3fb8673a54b70973ad9d4865438b410eec1a5f24d576d,Seoul,Will the highest temperature in Seoul (Incheon) be 35°C or higher on August 2?,25613889125737923557243960688368541919118413674820123896619160087054458849880,No,2026-08-01T19:00:14+00:00,0.9845
0x0155c0dd906bcb1b5fd3fb8673a54b70973ad9d4865438b410eec1a5f24d576d,Seoul,Will the highest temperature in Seoul (Incheon) be 35°C or higher on August 2?,25613889125737923557243960688368541919118413674820123896619160087054458849880,No,2026-08-01T19:33:10+00:00,0.9795
0x99b6a2d2fd56b202337b210ca0042191e7c52d063713149141866df8efe00c0b,Seoul,Will the lowest temperature in Seoul (Incheon) be 22°C or below on August 2?,32086589326295922812945226397892233452125516547137932400641554731205404271134,Yes,2026-08-01T18:00:08+00:00,0.006
0x99b6a2d2fd56b202337b210ca0042191e7c52d063713149141866df8efe00c0b,Seoul,Will the lowest temperature in Seoul (Incheon) be 22°C or below on August 2?,32086589326295922812945226397892233452125516547137932400641554731205404271134,Yes,2026-08-01T19:00:13+00:00,0.0055
0x99b6a2d2fd56b202337b210ca0042191e7c52d063713149141866df8efe00c0b,Seoul,Will the lowest temperature in Seoul (Incheon) be 22°C or below on August 2?,32086589326295922812945226397892233452125516547137932400641554731205404271134,Yes,2026-08-01T19:33:09+00:00,0.0055
0x99b6a2d2fd56b202337b210ca0042191e7c52d063713149141866df8efe00c0b,Seoul,Will the lowest temperature in Seoul (Incheon) be 22°C or below on August 2?,20549732338262514944971869238923177022206302651899668736183077413124966948048,No,2026-08-01T18:00:09+00:00,0.994
0x99b6a2d2fd56b202337b210ca0042191e7c52d063713149141866df8efe00c0b,Seoul,Will the lowest temperature in Seoul (Incheon) be 22°C or below on August 2?,20549732338262514944971869238923177022206302651899668736183077413124966948048,No,2026-08-01T19:00:14+00:00,0.9945
0x99b6a2d2fd56b202337b210ca0042191e7c52d063713149141866df8efe00c0b,Seoul,Will the lowest temperature in Seoul (Incheon) be 22°C or below on August 2?,20549732338262514944971869238923177022206302651899668736183077413124966948048,No,2026-08-01T19:33:10+00:00,0.9945
0x7a9ba158411e657c361af63c83da8a98be8108d2cf485d8201f97138ff0c4381,Seoul,Will the lowest temperature in Seoul (Incheon) be 23°C on August 2?,19661085223192458304692828038097321745168161382613501944948638613504867667424,Yes,2026-08-01T18:00:11+00:00,0.006
0x7a9ba158411e657c361af63c83da8a98be8108d2cf485d8201f97138ff0c4381,Seoul,Will the lowest temperature in Seoul (Incheon) be 23°C on August 2?,19661085223192458304692828038097321745168161382613501944948638613504867667424,Yes,2026-08-01T19:00:15+00:00,0.0055
0x7a9ba158411e657c361af63c83da8a98be8108d2cf485d8201f97138ff0c4381,Seoul,Will the lowest temperature in Seoul (Incheon) be 23°C on August 2?,19661085223192458304692828038097321745168161382613501944948638613504867667424,Yes,2026-08-01T19:33:10+00:00,0.0055
0x7a9ba158411e657c361af63c83da8a98be8108d2cf485d8201f97138ff0c4381,Seoul,Will the lowest temperature in Seoul (Incheon) be 23°C on August 2?,8328514249599522178096918297429218437168427241709249707354698263723471643030,No,2026-08-01T18:00:06+00:00,0.994
0x7a9ba158411e657c361af63c83da8a98be8108d2cf485d8201f97138ff0c4381,Seoul,Will the lowest temperature in Seoul (Incheon) be 23°C on August 2?,8328514249599522178096918297429218437168427241709249707354698263723471643030,No,2026-08-01T19:00:12+00:00,0.9945
0x7a9ba158411e657c361af63c83da8a98be8108d2cf485d8201f97138ff0c4381,Seoul,Will the lowest temperature in Seoul (Incheon) be 23°C on August 2?,8328514249599522178096918297429218437168427241709249707354698263723471643030,No,2026-08-01T19:33:08+00:00,0.9945
0x65c3b452e7f70a2f38d204c00c4cd25378e1e2d1f7195cd576e3617f37ad07ef,Seoul,Will the lowest temperature in Seoul (Incheon) be 24°C on August 2?,53388676400618047283806831984927227381993774787270054910331744960587712738059,Yes,2026-08-01T18:00:06+00:00,0.0065
0x65c3b452e7f70a2f38d204c00c4cd25378e1e2d1f7195cd576e3617f37ad07ef,Seoul,Will the lowest temperature in Seoul (Incheon) be 24°C on August 2?,53388676400618047283806831984927227381993774787270054910331744960587712738059,Yes,2026-08-01T19:00:12+00:00,0.0065
0x65c3b452e7f70a2f38d204c00c4cd25378e1e2d1f7195cd576e3617f37ad07ef,Seoul,Will the lowest temperature in Seoul (Incheon) be 24°C on August 2?,53388676400618047283806831984927227381993774787270054910331744960587712738059,Yes,2026-08-01T19:33:08+00:00,0.0065
0x65c3b452e7f70a2f38d204c00c4cd25378e1e2d1f7195cd576e3617f37ad07ef,Seoul,Will the lowest temperature in Seoul (Incheon) be 24°C on August 2?,29290337112977534161755325275556575348646726680771017211353175010422934770795,No,2026-08-01T18:00:07+00:00,0.9935
0x65c3b452e7f70a2f38d204c00c4cd25378e1e2d1f7195cd576e3617f37ad07ef,Seoul,Will the lowest temperature in Seoul (Incheon) be 24°C on August 2?,29290337112977534161755325275556575348646726680771017211353175010422934770795,No,2026-08-01T19:00:13+00:00,0.9935
0x65c3b452e7f70a2f38d204c00c4cd25378e1e2d1f7195cd576e3617f37ad07ef,Seoul,Will the lowest temperature in Seoul (Incheon) be 24°C on August 2?,29290337112977534161755325275556575348646726680771017211353175010422934770795,No,2026-08-01T19:33:09+00:00,0.9935
0x52f513ce450283a9d96cd2621314260c20e86f3c95e3aad52b8eba7e7e93580d,Seoul,Will the lowest temperature in Seoul (Incheon) be 25°C on August 2?,99293531477611937554618064290984847735394200470457772593685205323497483466794,Yes,2026-08-01T18:00:10+00:00,0.055
0x52f513ce450283a9d96cd2621314260c20e86f3c95e3aad52b8eba7e7e93580d,Seoul,Will the lowest temperature in Seoul (Incheon) be 25°C on August 2?,99293531477611937554618064290984847735394200470457772593685205323497483466794,Yes,2026-08-01T19:00:15+00:00,0.035
0x52f513ce450283a9d96cd2621314260c20e86f3c95e3aad52b8eba7e7e93580d,Seoul,Will the lowest temperature in Seoul (Incheon) be 25°C on August 2?,99293531477611937554618064290984847735394200470457772593685205323497483466794,Yes,2026-08-01T19:33:10+00:00,0.025
0x52f513ce450283a9d96cd2621314260c20e86f3c95e3aad52b8eba7e7e93580d,Seoul,Will the lowest temperature in Seoul (Incheon) be 25°C on August 2?,93863809335877655361574018550390358957805615973014291278437717165081279939479,No,2026-08-01T18:00:06+00:00,0.945
0x52f513ce450283a9d96cd2621314260c20e86f3c95e3aad52b8eba7e7e93580d,Seoul,Will the lowest temperature in Seoul (Incheon) be 25°C on August 2?,93863809335877655361574018550390358957805615973014291278437717165081279939479,No,2026-08-01T19:00:12+00:00,0.965
0x52f513ce450283a9d96cd2621314260c20e86f3c95e3aad52b8eba7e7e93580d,Seoul,Will the lowest temperature in Seoul (Incheon) be 25°C on August 2?,93863809335877655361574018550390358957805615973014291278437717165081279939479,No,2026-08-01T19:33:08+00:00,0.975
0xad865a991ed23049ff8a9f73175335e78c06499ce47cf6295a9043956bc2744e,Seoul,Will the lowest temperature in Seoul (Incheon) be 26°C on August 2?,55406766889916708736508872335887761858017890793354588280479341906145411657538,Yes,2026-08-01T18:00:08+00:00,0.4
0xad865a991ed23049ff8a9f73175335e78c06499ce47cf6295a9043956bc2744e,Seoul,Will the lowest temperature in Seoul (Incheon) be 26°C on August 2?,55406766889916708736508872335887761858017890793354588280479341906145411657538,Yes,2026-08-01T19:00:13+00:00,0.34
0xad865a991ed23049ff8a9f73175335e78c06499ce47cf6295a9043956bc2744e,Seoul,Will the lowest temperature in Seoul (Incheon) be 26°C on August 2?,55406766889916708736508872335887761858017890793354588280479341906145411657538,Yes,2026-08-01T19:33:09+00:00,0.315
0xad865a991ed23049ff8a9f73175335e78c06499ce47cf6295a9043956bc2744e,Seoul,Will the lowest temperature in Seoul (Incheon) be 26°C on August 2?,33906879690735312915797602178330062529267396436102044709518654311404878413632,No,2026-08-01T18:00:07+00:00,0.6
0xad865a991ed23049ff8a9f73175335e78c06499ce47cf6295a9043956bc2744e,Seoul,Will the lowest temperature in Seoul (Incheon) be 26°C on August 2?,33906879690735312915797602178330062529267396436102044709518654311404878413632,No,2026-08-01T19:00:12+00:00,0.66
0xad865a991ed23049ff8a9f73175335e78c06499ce47cf6295a9043956bc2744e,Seoul,Will the lowest temperature in Seoul (Incheon) be 26°C on August 2?,33906879690735312915797602178330062529267396436102044709518654311404878413632,No,2026-08-01T19:33:09+00:00,0.685
0x17357867978f6f333e03ff4075744a83324835b922efc07640200574d555d507,Seoul,Will the lowest temperature in Seoul (Incheon) be 27°C on August 2?,103270084214336426316313599841004814479063965338598824048322564869168251898064,Yes,2026-08-01T18:00:08+00:00,0.465
0x17357867978f6f333e03ff4075744a83324835b922efc07640200574d555d507,Seoul,Will the lowest temperature in Seoul (Incheon) be 27°C on August 2?,103270084214336426316313599841004814479063965338598824048322564869168251898064,Yes,2026-08-01T19:00:13+00:00,0.525
0x17357867978f6f333e03ff4075744a83324835b922efc07640200574d555d507,Seoul,Will the lowest temperature in Seoul (Incheon) be 27°C on August 2?,103270084214336426316313599841004814479063965338598824048322564869168251898064,Yes,2026-08-01T19:33:09+00:00,0.65
0x17357867978f6f333e03ff4075744a83324835b922efc07640200574d555d507,Seoul,Will the lowest temperature in Seoul (Incheon) be 27°C on August 2?,48633960370269540040105950802709725855097489138331361067761713585827335484662,No,2026-08-01T18:00:09+00:00,0.535
0x17357867978f6f333e03ff4075744a83324835b922efc07640200574d555d507,Seoul,Will the lowest temperature in Seoul (Incheon) be 27°C on August 2?,48633960370269540040105950802709725855097489138331361067761713585827335484662,No,2026-08-01T19:00:14+00:00,0.475
0x17357867978f6f333e03ff4075744a83324835b922efc07640200574d555d507,Seoul,Will the lowest temperature in Seoul (Incheon) be 27°C on August 2?,48633960370269540040105950802709725855097489138331361067761713585827335484662,No,2026-08-01T19:33:10+00:00,0.35
0xfa3817f91b09562475ceb5c5db864aa564fe809eeb85fe1a4a5853eea4ea21ec,Seoul,Will the lowest temperature in Seoul (Incheon) be 28°C on August 2?,57232593022187790465577088208849339503057148464937128411504488702218250455540,Yes,2026-08-01T18:00:08+00:00,0.001
0xfa3817f91b09562475ceb5c5db864aa564fe809eeb85fe1a4a5853eea4ea21ec,Seoul,Will the lowest temperature in Seoul (Incheon) be 28°C on August 2?,57232593022187790465577088208849339503057148464937128411504488702218250455540,Yes,2026-08-01T19:00:13+00:00,0.001
0xfa3817f91b09562475ceb5c5db864aa564fe809eeb85fe1a4a5853eea4ea21ec,Seoul,Will the lowest temperature in Seoul (Incheon) be 28°C on August 2?,57232593022187790465577088208849339503057148464937128411504488702218250455540,Yes,2026-08-01T19:33:09+00:00,0.001
0xfa3817f91b09562475ceb5c5db864aa564fe809eeb85fe1a4a5853eea4ea21ec,Seoul,Will the lowest temperature in Seoul (Incheon) be 28°C on August 2?,79715474401106128378366279818347250510287980891176749896761788248011538156470,No,2026-08-01T18:00:10+00:00,0.999
0xfa3817f91b09562475ceb5c5db864aa564fe809eeb85fe1a4a5853eea4ea21ec,Seoul,Will the lowest temperature in Seoul (Incheon) be 28°C on August 2?,79715474401106128378366279818347250510287980891176749896761788248011538156470,No,2026-08-01T19:00:15+00:00,0.999
0xfa3817f91b09562475ceb5c5db864aa564fe809eeb85fe1a4a5853eea4ea21ec,Seoul,Will the lowest temperature in Seoul (Incheon) be 28°C on August 2?,79715474401106128378366279818347250510287980891176749896761788248011538156470,No,2026-08-01T19:33:10+00:00,0.999
0xce117988f36a9b2217657c6425e7f681b6ff6c05e5d498497532a3fc27f2f072,Seoul,Will the lowest temperature in Seoul (Incheon) be 29°C on August 2?,41558358134164618301497201068390057664377185102829989012592190731772869357421,Yes,2026-08-01T18:00:06+00:00,0.0005
0xce117988f36a9b2217657c6425e7f681b6ff6c05e5d498497532a3fc27f2f072,Seoul,Will the lowest temperature in Seoul (Incheon) be 29°C on August 2?,41558358134164618301497201068390057664377185102829989012592190731772869357421,Yes,2026-08-01T19:00:12+00:00,0.0005
0xce117988f36a9b2217657c6425e7f681b6ff6c05e5d498497532a3fc27f2f072,Seoul,Will the lowest temperature in Seoul (Incheon) be 29°C on August 2?,41558358134164618301497201068390057664377185102829989012592190731772869357421,Yes,2026-08-01T19:32:09+00:00,0.0005
0xce117988f36a9b2217657c6425e7f681b6ff6c05e5d498497532a3fc27f2f072,Seoul,Will the lowest temperature in Seoul (Incheon) be 29°C on August 2?,56945602289316687914232188133423193665925540577705653410006990725503163393041,No,2026-08-01T18:00:07+00:00,0.9995
0xce117988f36a9b2217657c6425e7f681b6ff6c05e5d498497532a3fc27f2f072,Seoul,Will the lowest temperature in Seoul (Incheon) be 29°C on August 2?,56945602289316687914232188133423193665925540577705653410006990725503163393041,No,2026-08-01T19:00:12+00:00,0.9995
0xce117988f36a9b2217657c6425e7f681b6ff6c05e5d498497532a3fc27f2f072,Seoul,Will the lowest temperature in Seoul (Incheon) be 29°C on August 2?,56945602289316687914232188133423193665925540577705653410006990725503163393041,No,2026-08-01T19:33:09+00:00,0.9995
0x188633794f144380e0c2773fb78140b0016574eccb4c72d36394280018e680ce,Seoul,Will the lowest temperature in Seoul (Incheon) be 30°C on August 2?,8091099450966113210747505103544797438897575439825698845935863688120872775883,Yes,2026-08-01T18:00:08+00:00,0.0005
0x188633794f144380e0c2773fb78140b0016574eccb4c72d36394280018e680ce,Seoul,Will the lowest temperature in Seoul (Incheon) be 30°C on August 2?,8091099450966113210747505103544797438897575439825698845935863688120872775883,Yes,2026-08-01T19:00:13+00:00,0.0005
0x188633794f144380e0c2773fb78140b0016574eccb4c72d36394280018e680ce,Seoul,Will the lowest temperature in Seoul (Incheon) be 30°C on August 2?,8091099450966113210747505103544797438897575439825698845935863688120872775883,Yes,2026-08-01T19:33:09+00:00,0.0005
0x188633794f144380e0c2773fb78140b0016574eccb4c72d36394280018e680ce,Seoul,Will the lowest temperature in Seoul (Incheon) be 30°C on August 2?,77583263506305762032028596408939301039342011080128111583883748779789161418913,No,2026-08-01T18:00:09+00:00,0.9995
0x188633794f144380e0c2773fb78140b0016574eccb4c72d36394280018e680ce,Seoul,Will the lowest temperature in Seoul (Incheon) be 30°C on August 2?,77583263506305762032028596408939301039342011080128111583883748779789161418913,No,2026-08-01T19:00:14+00:00,0.9995
0x188633794f144380e0c2773fb78140b0016574eccb4c72d36394280018e680ce,Seoul,Will the lowest temperature in Seoul (Incheon) be 30°C on August 2?,77583263506305762032028596408939301039342011080128111583883748779789161418913,No,2026-08-01T19:33:10+00:00,0.9995
0x0455e51903f52b3280437b2b0ad37a2d28e4f32164fdb5788900bd6eb28f230e,Seoul,Will the lowest temperature in Seoul (Incheon) be 31°C on August 2?,114743770927178202887513140766295181165791095884743041523460403856844947837188,Yes,2026-08-01T18:00:10+00:00,0.0005
0x0455e51903f52b3280437b2b0ad37a2d28e4f32164fdb5788900bd6eb28f230e,Seoul,Will the lowest temperature in Seoul (Incheon) be 31°C on August 2?,114743770927178202887513140766295181165791095884743041523460403856844947837188,Yes,2026-08-01T19:00:14+00:00,0.0005
0x0455e51903f52b3280437b2b0ad37a2d28e4f32164fdb5788900bd6eb28f230e,Seoul,Will the lowest temperature in Seoul (Incheon) be 31°C on August 2?,114743770927178202887513140766295181165791095884743041523460403856844947837188,Yes,2026-08-01T19:32:10+00:00,0.0005
0x0455e51903f52b3280437b2b0ad37a2d28e4f32164fdb5788900bd6eb28f230e,Seoul,Will the lowest temperature in Seoul (Incheon) be 31°C on August 2?,95879564636949719955786910429515632159690183109462758699632086869187808522640,No,2026-08-01T18:00:08+00:00,0.9995
0x0455e51903f52b3280437b2b0ad37a2d28e4f32164fdb5788900bd6eb28f230e,Seoul,Will the lowest temperature in Seoul (Incheon) be 31°C on August 2?,95879564636949719955786910429515632159690183109462758699632086869187808522640,No,2026-08-01T19:00:13+00:00,0.9995
0x0455e51903f52b3280437b2b0ad37a2d28e4f32164fdb5788900bd6eb28f230e,Seoul,Will the lowest temperature in Seoul (Incheon) be 31°C on August 2?,95879564636949719955786910429515632159690183109462758699632086869187808522640,No,2026-08-01T19:33:09+00:00,0.9995
0x39afc47f19ede8ec31b84f24f39cc0412a885ebfac6b741ec3f1230bc8a6c7e1,Seoul,Will the lowest temperature in Seoul (Incheon) be 32°C or higher on August 2?,87707409115176679165424013707960564573227881037455295135543035383952462382917,Yes,2026-08-01T18:00:08+00:00,0.0005
0x39afc47f19ede8ec31b84f24f39cc0412a885ebfac6b741ec3f1230bc8a6c7e1,Seoul,Will the lowest temperature in Seoul (Incheon) be 32°C or higher on August 2?,87707409115176679165424013707960564573227881037455295135543035383952462382917,Yes,2026-08-01T19:00:14+00:00,0.0005
0x39afc47f19ede8ec31b84f24f39cc0412a885ebfac6b741ec3f1230bc8a6c7e1,Seoul,Will the lowest temperature in Seoul (Incheon) be 32°C or higher on August 2?,87707409115176679165424013707960564573227881037455295135543035383952462382917,Yes,2026-08-01T19:33:09+00:00,0.0005
0x39afc47f19ede8ec31b84f24f39cc0412a885ebfac6b741ec3f1230bc8a6c7e1,Seoul,Will the lowest temperature in Seoul (Incheon) be 32°C or higher on August 2?,948859234860412971759784579927644357778703327161861173719730772733956679423,No,2026-08-01T18:00:08+00:00,0.9995
0x39afc47f19ede8ec31b84f24f39cc0412a885ebfac6b741ec3f1230bc8a6c7e1,Seoul,Will the lowest temperature in Seoul (Incheon) be 32°C or higher on August 2?,948859234860412971759784579927644357778703327161861173719730772733956679423,No,2026-08-01T19:00:13+00:00,0.9995
0x39afc47f19ede8ec31b84f24f39cc0412a885ebfac6b741ec3f1230bc8a6c7e1,Seoul,Will the lowest temperature in Seoul (Incheon) be 32°C or higher on August 2?,948859234860412971759784579927644357778703327161861173719730772733956679423,No,2026-08-01T19:33:09+00:00,0.9995
0x1c8074574af0d3eff133fe19cc21a01128c6808a49f9a00f5135fde6003a11a1,Seoul,Will the highest temperature in Seoul (Incheon) be 26°C or below on August 3?,98856875915475575871005401992156797444316260878401049608185240279459791451033,Yes,2026-08-01T18:00:07+00:00,0.0005
0x1c8074574af0d3eff133fe19cc21a01128c6808a49f9a00f5135fde6003a11a1,Seoul,Will the highest temperature in Seoul (Incheon) be 26°C or below on August 3?,98856875915475575871005401992156797444316260878401049608185240279459791451033,Yes,2026-08-01T19:00:12+00:00,0.0005
0x1c8074574af0d3eff133fe19cc21a01128c6808a49f9a00f5135fde6003a11a1,Seoul,Will the highest temperature in Seoul (Incheon) be 26°C or below on August 3?,98856875915475575871005401992156797444316260878401049608185240279459791451033,Yes,2026-08-01T19:33:09+00:00,0.0005
0x1c8074574af0d3eff133fe19cc21a01128c6808a49f9a00f5135fde6003a11a1,Seoul,Will the highest temperature in Seoul (Incheon) be 26°C or below on August 3?,96438679057270648015000670011685095102321669443226722826094926360739641626199,No,2026-08-01T18:00:09+00:00,0.9995
0x1c8074574af0d3eff133fe19cc21a01128c6808a49f9a00f5135fde6003a11a1,Seoul,Will the highest temperature in Seoul (Incheon) be 26°C or below on August 3?,96438679057270648015000670011685095102321669443226722826094926360739641626199,No,2026-08-01T19:00:14+00:00,0.9995
0x1c8074574af0d3eff133fe19cc21a01128c6808a49f9a00f5135fde6003a11a1,Seoul,Will the highest temperature in Seoul (Incheon) be 26°C or below on August 3?,96438679057270648015000670011685095102321669443226722826094926360739641626199,No,2026-08-01T19:33:09+00:00,0.9995
0x0109dda471296066abbba8d66ddd4e50cb46b11a581e2050b1991eeb24104b5f,Seoul,Will the highest temperature in Seoul (Incheon) be 27°C on August 3?,5052519687640169320419932905852957426557493898277819060801213881507132054201,Yes,2026-08-01T18:00:09+00:00,0.0005
0x0109dda471296066abbba8d66ddd4e50cb46b11a581e2050b1991eeb24104b5f,Seoul,Will the highest temperature in Seoul (Incheon) be 27°C on August 3?,5052519687640169320419932905852957426557493898277819060801213881507132054201,Yes,2026-08-01T19:00:14+00:00,0.0005
0x0109dda471296066abbba8d66ddd4e50cb46b11a581e2050b1991eeb24104b5f,Seoul,Will the highest temperature in Seoul (Incheon) be 27°C on August 3?,5052519687640169320419932905852957426557493898277819060801213881507132054201,Yes,2026-08-01T19:33:09+00:00,0.0005
0x0109dda471296066abbba8d66ddd4e50cb46b11a581e2050b1991eeb24104b5f,Seoul,Will the highest temperature in Seoul (Incheon) be 27°C on August 3?,42754278097618930228331705863847600036834598072716452882024082235219197306781,No,2026-08-01T18:00:06+00:00,0.9995
0x0109dda471296066abbba8d66ddd4e50cb46b11a581e2050b1991eeb24104b5f,Seoul,Will the highest temperature in Seoul (Incheon) be 27°C on August 3?,42754278097618930228331705863847600036834598072716452882024082235219197306781,No,2026-08-01T19:00:12+00:00,0.9995
0x0109dda471296066abbba8d66ddd4e50cb46b11a581e2050b1991eeb24104b5f,Seoul,Will the highest temperature in Seoul (Incheon) be 27°C on August 3?,42754278097618930228331705863847600036834598072716452882024082235219197306781,No,2026-08-01T19:33:08+00:00,0.9995
0x24e4f733f2727dde6df2b699e0396a61dbb96e5e3a166c55edae41fa6d7ee7a5,Seoul,Will the highest temperature in Seoul (Incheon) be 28°C on August 3?,23280721490072525801639545777671483577678513072128325442699808277808154457158,Yes,2026-08-01T18:00:10+00:00,0.0025
0x24e4f733f2727dde6df2b699e0396a61dbb96e5e3a166c55edae41fa6d7ee7a5,Seoul,Will the highest temperature in Seoul (Incheon) be 28°C on August 3?,23280721490072525801639545777671483577678513072128325442699808277808154457158,Yes,2026-08-01T19:00:14+00:00,0.0025
0x24e4f733f2727dde6df2b699e0396a61dbb96e5e3a166c55edae41fa6d7ee7a5,Seoul,Will the highest temperature in Seoul (Incheon) be 28°C on August 3?,23280721490072525801639545777671483577678513072128325442699808277808154457158,Yes,2026-08-01T19:33:10+00:00,0.0025
0x24e4f733f2727dde6df2b699e0396a61dbb96e5e3a166c55edae41fa6d7ee7a5,Seoul,Will the highest temperature in Seoul (Incheon) be 28°C on August 3?,107514253692307665401685143554556837258282771703704249393084475193834510883920,No,2026-08-01T18:00:10+00:00,0.9975
0x24e4f733f2727dde6df2b699e0396a61dbb96e5e3a166c55edae41fa6d7ee7a5,Seoul,Will the highest temperature in Seoul (Incheon) be 28°C on August 3?,107514253692307665401685143554556837258282771703704249393084475193834510883920,No,2026-08-01T19:00:14+00:00,0.9975
0x24e4f733f2727dde6df2b699e0396a61dbb96e5e3a166c55edae41fa6d7ee7a5,Seoul,Will the highest temperature in Seoul (Incheon) be 28°C on August 3?,107514253692307665401685143554556837258282771703704249393084475193834510883920,No,2026-08-01T19:33:10+00:00,0.9975
0xbb9cb850655226361435bf4270425265be3a83d15addc582176350de303dcc38,Seoul,Will the highest temperature in Seoul (Incheon) be 29°C on August 3?,60579218658432742143716587197651926177890114660133115129218558591047123914545,Yes,2026-08-01T18:00:09+00:00,0.007
0xbb9cb850655226361435bf4270425265be3a83d15addc582176350de303dcc38,Seoul,Will the highest temperature in Seoul (Incheon) be 29°C on August 3?,60579218658432742143716587197651926177890114660133115129218558591047123914545,Yes,2026-08-01T19:00:14+00:00,0.007
0xbb9cb850655226361435bf4270425265be3a83d15addc582176350de303dcc38,Seoul,Will the highest temperature in Seoul (Incheon) be 29°C on August 3?,60579218658432742143716587197651926177890114660133115129218558591047123914545,Yes,2026-08-01T19:33:10+00:00,0.005
0xbb9cb850655226361435bf4270425265be3a83d15addc582176350de303dcc38,Seoul,Will the highest temperature in Seoul (Incheon) be 29°C on August 3?,30824629458504355964136770649025447838450067018192750008150007786993616614363,No,2026-08-01T18:00:06+00:00,0.993
0xbb9cb850655226361435bf4270425265be3a83d15addc582176350de303dcc38,Seoul,Will the highest temperature in Seoul (Incheon) be 29°C on August 3?,30824629458504355964136770649025447838450067018192750008150007786993616614363,No,2026-08-01T19:00:12+00:00,0.993
0xbb9cb850655226361435bf4270425265be3a83d15addc582176350de303dcc38,Seoul,Will the highest temperature in Seoul (Incheon) be 29°C on August 3?,30824629458504355964136770649025447838450067018192750008150007786993616614363,No,2026-08-01T19:33:08+00:00,0.995
0x5077d4db7784a743a6f107556b842c6cb6217e7f466364b1e9ce22356c08bfeb,Seoul,Will the highest temperature in Seoul (Incheon) be 30°C on August 3?,101238530637815554499260516830619521395195599639783540482576819608199690422402,Yes,2026-08-01T18:00:09+00:00,0.015
0x5077d4db7784a743a6f107556b842c6cb6217e7f466364b1e9ce22356c08bfeb,Seoul,Will the highest temperature in Seoul (Incheon) be 30°C on August 3?,101238530637815554499260516830619521395195599639783540482576819608199690422402,Yes,2026-08-01T19:00:14+00:00,0.015
0x5077d4db7784a743a6f107556b842c6cb6217e7f466364b1e9ce22356c08bfeb,Seoul,Will the highest temperature in Seoul (Incheon) be 30°C on August 3?,101238530637815554499260516830619521395195599639783540482576819608199690422402,Yes,2026-08-01T19:33:10+00:00,0.015
0x5077d4db7784a743a6f107556b842c6cb6217e7f466364b1e9ce22356c08bfeb,Seoul,Will the highest temperature in Seoul (Incheon) be 30°C on August 3?,80260422533433067961451941766857874928213550962929425751745855867236219151288,No,2026-08-01T18:00:10+00:00,0.985
0x5077d4db7784a743a6f107556b842c6cb6217e7f466364b1e9ce22356c08bfeb,Seoul,Will the highest temperature in Seoul (Incheon) be 30°C on August 3?,80260422533433067961451941766857874928213550962929425751745855867236219151288,No,2026-08-01T19:00:15+00:00,0.985
0x5077d4db7784a743a6f107556b842c6cb6217e7f466364b1e9ce22356c08bfeb,Seoul,Will the highest temperature in Seoul (Incheon) be 30°C on August 3?,80260422533433067961451941766857874928213550962929425751745855867236219151288,No,2026-08-01T19:33:10+00:00,0.985
0xd9ffdb78e3ee0c13bda0d67c0265440f81d5950e8fbd47b4392a7c3c6c617434,Seoul,Will the highest temperature in Seoul (Incheon) be 31°C on August 3?,38080124324411207974918650319270791156581357621674078857083981687507486205727,Yes,2026-08-01T18:00:10+00:00,0.05
0xd9ffdb78e3ee0c13bda0d67c0265440f81d5950e8fbd47b4392a7c3c6c617434,Seoul,Will the highest temperature in Seoul (Incheon) be 31°C on August 3?,38080124324411207974918650319270791156581357621674078857083981687507486205727,Yes,2026-08-01T19:00:15+00:00,0.05
0xd9ffdb78e3ee0c13bda0d67c0265440f81d5950e8fbd47b4392a7c3c6c617434,Seoul,Will the highest temperature in Seoul (Incheon) be 31°C on August 3?,38080124324411207974918650319270791156581357621674078857083981687507486205727,Yes,2026-08-01T19:33:10+00:00,0.04
0xd9ffdb78e3ee0c13bda0d67c0265440f81d5950e8fbd47b4392a7c3c6c617434,Seoul,Will the highest temperature in Seoul (Incheon) be 31°C on August 3?,79923990922594974702631673106801180363047144418222480062725033493639851560970,No,2026-08-01T18:00:06+00:00,0.95
0xd9ffdb78e3ee0c13bda0d67c0265440f81d5950e8fbd47b4392a7c3c6c617434,Seoul,Will the highest temperature in Seoul (Incheon) be 31°C on August 3?,79923990922594974702631673106801180363047144418222480062725033493639851560970,No,2026-08-01T19:00:12+00:00,0.95
0xd9ffdb78e3ee0c13bda0d67c0265440f81d5950e8fbd47b4392a7c3c6c617434,Seoul,Will the highest temperature in Seoul (Incheon) be 31°C on August 3?,79923990922594974702631673106801180363047144418222480062725033493639851560970,No,2026-08-01T19:33:08+00:00,0.96
0x5648393f16ef0b29af4de0afae9cfda80cfdbb9d571757f2cd99afda5c12f7d2,Seoul,Will the highest temperature in Seoul (Incheon) be 32°C on August 3?,52221535427624441795577955719131289894453350380977129063393266688619643884337,Yes,2026-08-01T18:00:10+00:00,0.17
0x5648393f16ef0b29af4de0afae9cfda80cfdbb9d571757f2cd99afda5c12f7d2,Seoul,Will the highest temperature in Seoul (Incheon) be 32°C on August 3?,52221535427624441795577955719131289894453350380977129063393266688619643884337,Yes,2026-08-01T19:00:15+00:00,0.17
0x5648393f16ef0b29af4de0afae9cfda80cfdbb9d571757f2cd99afda5c12f7d2,Seoul,Will the highest temperature in Seoul (Incheon) be 32°C on August 3?,52221535427624441795577955719131289894453350380977129063393266688619643884337,Yes,2026-08-01T19:33:10+00:00,0.165
0x5648393f16ef0b29af4de0afae9cfda80cfdbb9d571757f2cd99afda5c12f7d2,Seoul,Will the highest temperature in Seoul (Incheon) be 32°C on August 3?,7951586462178082004409670482717787206192791814071903740125359630039668494027,No,2026-08-01T18:00:10+00:00,0.83
0x5648393f16ef0b29af4de0afae9cfda80cfdbb9d571757f2cd99afda5c12f7d2,Seoul,Will the highest temperature in Seoul (Incheon) be 32°C on August 3?,7951586462178082004409670482717787206192791814071903740125359630039668494027,No,2026-08-01T19:00:15+00:00,0.83
0x5648393f16ef0b29af4de0afae9cfda80cfdbb9d571757f2cd99afda5c12f7d2,Seoul,Will the highest temperature in Seoul (Incheon) be 32°C on August 3?,7951586462178082004409670482717787206192791814071903740125359630039668494027,No,2026-08-01T19:33:10+00:00,0.835
0x1bef035225cbb35b0edc5e491c928538f4b3511e74028bf086c9a8c93f2814b2,Seoul,Will the highest temperature in Seoul (Incheon) be 33°C on August 3?,29316291793843816974676779523628139041618991999576608532044158893921990323902,Yes,2026-08-01T18:00:11+00:00,0.34
0x1bef035225cbb35b0edc5e491c928538f4b3511e74028bf086c9a8c93f2814b2,Seoul,Will the highest temperature in Seoul (Incheon) be 33°C on August 3?,29316291793843816974676779523628139041618991999576608532044158893921990323902,Yes,2026-08-01T19:00:15+00:00,0.34
0x1bef035225cbb35b0edc5e491c928538f4b3511e74028bf086c9a8c93f2814b2,Seoul,Will the highest temperature in Seoul (Incheon) be 33°C on August 3?,29316291793843816974676779523628139041618991999576608532044158893921990323902,Yes,2026-08-01T19:33:10+00:00,0.3
0x1bef035225cbb35b0edc5e491c928538f4b3511e74028bf086c9a8c93f2814b2,Seoul,Will the highest temperature in Seoul (Incheon) be 33°C on August 3?,26092071645795977749473603126522887419087341706335746667308146468841573096368,No,2026-08-01T18:00:08+00:00,0.66
0x1bef035225cbb35b0edc5e491c928538f4b3511e74028bf086c9a8c93f2814b2,Seoul,Will the highest temperature in Seoul (Incheon) be 33°C on August 3?,26092071645795977749473603126522887419087341706335746667308146468841573096368,No,2026-08-01T19:00:13+00:00,0.66
0x1bef035225cbb35b0edc5e491c928538f4b3511e74028bf086c9a8c93f2814b2,Seoul,Will the highest temperature in Seoul (Incheon) be 33°C on August 3?,26092071645795977749473603126522887419087341706335746667308146468841573096368,No,2026-08-01T19:33:09+00:00,0.7
0x89e641d6d147f825b02bdf6b73956edf76998478b024598eb946361002678efb,Seoul,Will the highest temperature in Seoul (Incheon) be 34°C on August 3?,113134915936500517708215876201526228950667361363664880560772784709322764324754,Yes,2026-08-01T18:00:09+00:00,0.33
0x89e641d6d147f825b02bdf6b73956edf76998478b024598eb946361002678efb,Seoul,Will the highest temperature in Seoul (Incheon) be 34°C on August 3?,113134915936500517708215876201526228950667361363664880560772784709322764324754,Yes,2026-08-01T19:00:14+00:00,0.33
0x89e641d6d147f825b02bdf6b73956edf76998478b024598eb946361002678efb,Seoul,Will the highest temperature in Seoul (Incheon) be 34°C on August 3?,113134915936500517708215876201526228950667361363664880560772784709322764324754,Yes,2026-08-01T19:33:10+00:00,0.305
0x89e641d6d147f825b02bdf6b73956edf76998478b024598eb946361002678efb,Seoul,Will the highest temperature in Seoul (Incheon) be 34°C on August 3?,40237527169828490377186825662194589595506883989836002699199330755343885645908,No,2026-08-01T18:00:07+00:00,0.67
0x89e641d6d147f825b02bdf6b73956edf76998478b024598eb946361002678efb,Seoul,Will the highest temperature in Seoul (Incheon) be 34°C on August 3?,40237527169828490377186825662194589595506883989836002699199330755343885645908,No,2026-08-01T19:00:13+00:00,0.67
0x89e641d6d147f825b02bdf6b73956edf76998478b024598eb946361002678efb,Seoul,Will the highest temperature in Seoul (Incheon) be 34°C on August 3?,40237527169828490377186825662194589595506883989836002699199330755343885645908,No,2026-08-01T19:33:09+00:00,0.695
0x479df6862bda02f3bacc019dfe6f54d7420fb9d1e93f519e722bb251be660133,Seoul,Will the highest temperature in Seoul (Incheon) be 35°C on August 3?,40687768382475545255917692444169416057132137777732189019326267614171862871712,Yes,2026-08-01T18:00:10+00:00,0.125
0x479df6862bda02f3bacc019dfe6f54d7420fb9d1e93f519e722bb251be660133,Seoul,Will the highest temperature in Seoul (Incheon) be 35°C on August 3?,40687768382475545255917692444169416057132137777732189019326267614171862871712,Yes,2026-08-01T19:00:14+00:00,0.125
0x479df6862bda02f3bacc019dfe6f54d7420fb9d1e93f519e722bb251be660133,Seoul,Will the highest temperature in Seoul (Incheon) be 35°C on August 3?,40687768382475545255917692444169416057132137777732189019326267614171862871712,Yes,2026-08-01T19:33:10+00:00,0.155
0x479df6862bda02f3bacc019dfe6f54d7420fb9d1e93f519e722bb251be660133,Seoul,Will the highest temperature in Seoul (Incheon) be 35°C on August 3?,25727882130139248025497726534491192112164659525740650970194088763337662417426,No,2026-08-01T18:00:08+00:00,0.875
0x479df6862bda02f3bacc019dfe6f54d7420fb9d1e93f519e722bb251be660133,Seoul,Will the highest temperature in Seoul (Incheon) be 35°C on August 3?,25727882130139248025497726534491192112164659525740650970194088763337662417426,No,2026-08-01T19:00:13+00:00,0.875
0x479df6862bda02f3bacc019dfe6f54d7420fb9d1e93f519e722bb251be660133,Seoul,Will the highest temperature in Seoul (Incheon) be 35°C on August 3?,25727882130139248025497726534491192112164659525740650970194088763337662417426,No,2026-08-01T19:33:09+00:00,0.845
0x744b721e3e7518a947f639d05e843b1bce72fd849091addc83e132a4d3cf8d55,Seoul,Will the highest temperature in Seoul (Incheon) be 36°C or higher on August 3?,29312688799977404103899493175419211384402874775949612084288080453312250919767,Yes,2026-08-01T18:00:10+00:00,0.035
0x744b721e3e7518a947f639d05e843b1bce72fd849091addc83e132a4d3cf8d55,Seoul,Will the highest temperature in Seoul (Incheon) be 36°C or higher on August 3?,29312688799977404103899493175419211384402874775949612084288080453312250919767,Yes,2026-08-01T19:00:15+00:00,0.035
0x744b721e3e7518a947f639d05e843b1bce72fd849091addc83e132a4d3cf8d55,Seoul,Will the highest temperature in Seoul (Incheon) be 36°C or higher on August 3?,29312688799977404103899493175419211384402874775949612084288080453312250919767,Yes,2026-08-01T19:33:10+00:00,0.055
0x744b721e3e7518a947f639d05e843b1bce72fd849091addc83e132a4d3cf8d55,Seoul,Will the highest temperature in Seoul (Incheon) be 36°C or higher on August 3?,27337769490236350062193524621635349743426691022198152506765190344632434502175,No,2026-08-01T18:00:09+00:00,0.965
0x744b721e3e7518a947f639d05e843b1bce72fd849091addc83e132a4d3cf8d55,Seoul,Will the highest temperature in Seoul (Incheon) be 36°C or higher on August 3?,27337769490236350062193524621635349743426691022198152506765190344632434502175,No,2026-08-01T19:00:14+00:00,0.965
0x744b721e3e7518a947f639d05e843b1bce72fd849091addc83e132a4d3cf8d55,Seoul,Will the highest temperature in Seoul (Incheon) be 36°C or higher on August 3?,27337769490236350062193524621635349743426691022198152506765190344632434502175,No,2026-08-01T19:33:09+00:00,0.945
0x4f5706dacb730e106b7192349f8cd891f513f1adb3312a42241c7ad401cf7208,Seoul,Will the lowest temperature in Seoul (Incheon) be 22°C or below on August 3?,19304768798545970323388392819805344181532470584848703446649577941578728367053,Yes,2026-08-01T18:00:09+00:00,0.0065
0x4f5706dacb730e106b7192349f8cd891f513f1adb3312a42241c7ad401cf7208,Seoul,Will the lowest temperature in Seoul (Incheon) be 22°C or below on August 3?,19304768798545970323388392819805344181532470584848703446649577941578728367053,Yes,2026-08-01T19:00:14+00:00,0.01
0x4f5706dacb730e106b7192349f8cd891f513f1adb3312a42241c7ad401cf7208,Seoul,Will the lowest temperature in Seoul (Incheon) be 22°C or below on August 3?,19304768798545970323388392819805344181532470584848703446649577941578728367053,Yes,2026-08-01T19:33:10+00:00,0.01
0x4f5706dacb730e106b7192349f8cd891f513f1adb3312a42241c7ad401cf7208,Seoul,Will the lowest temperature in Seoul (Incheon) be 22°C or below on August 3?,2549519625435199462095075168376197040900055468762196100994814370870136659412,No,2026-08-01T18:00:08+00:00,0.9935
0x4f5706dacb730e106b7192349f8cd891f513f1adb3312a42241c7ad401cf7208,Seoul,Will the lowest temperature in Seoul (Incheon) be 22°C or below on August 3?,2549519625435199462095075168376197040900055468762196100994814370870136659412,No,2026-08-01T19:00:13+00:00,0.99
0x4f5706dacb730e106b7192349f8cd891f513f1adb3312a42241c7ad401cf7208,Seoul,Will the lowest temperature in Seoul (Incheon) be 22°C or below on August 3?,2549519625435199462095075168376197040900055468762196100994814370870136659412,No,2026-08-01T19:33:09+00:00,0.99
0x76e1ad50967cb80ed51f0b2bd6740642361a9d551e52f5666efc6bf898acc776,Seoul,Will the lowest temperature in Seoul (Incheon) be 23°C on August 3?,33762730700423962634100711253653079415581429473486598073691388967795084166914,Yes,2026-08-01T18:00:08+00:00,0.015
0x76e1ad50967cb80ed51f0b2bd6740642361a9d551e52f5666efc6bf898acc776,Seoul,Will the lowest temperature in Seoul (Incheon) be 23°C on August 3?,33762730700423962634100711253653079415581429473486598073691388967795084166914,Yes,2026-08-01T19:00:13+00:00,0.015
0x76e1ad50967cb80ed51f0b2bd6740642361a9d551e52f5666efc6bf898acc776,Seoul,Will the lowest temperature in Seoul (Incheon) be 23°C on August 3?,33762730700423962634100711253653079415581429473486598073691388967795084166914,Yes,2026-08-01T19:33:09+00:00,0.01
0x76e1ad50967cb80ed51f0b2bd6740642361a9d551e52f5666efc6bf898acc776,Seoul,Will the lowest temperature in Seoul (Incheon) be 23°C on August 3?,71458282688989725220721216435770009591927019743211464492012586676963514863868,No,2026-08-01T18:00:09+00:00,0.985
0x76e1ad50967cb80ed51f0b2bd6740642361a9d551e52f5666efc6bf898acc776,Seoul,Will the lowest temperature in Seoul (Incheon) be 23°C on August 3?,71458282688989725220721216435770009591927019743211464492012586676963514863868,No,2026-08-01T19:00:14+00:00,0.985
0x76e1ad50967cb80ed51f0b2bd6740642361a9d551e52f5666efc6bf898acc776,Seoul,Will the lowest temperature in Seoul (Incheon) be 23°C on August 3?,71458282688989725220721216435770009591927019743211464492012586676963514863868,No,2026-08-01T19:33:10+00:00,0.99
0xd6e7129d4c48369c5b8aed99c886033083450f1520381b433e5bdf9839005d15,Seoul,Will the lowest temperature in Seoul (Incheon) be 24°C on August 3?,12050031863920233952761815860497443658712595658104329672305985681351338797769,Yes,2026-08-01T18:00:10+00:00,0.015
0xd6e7129d4c48369c5b8aed99c886033083450f1520381b433e5bdf9839005d15,Seoul,Will the lowest temperature in Seoul (Incheon) be 24°C on August 3?,12050031863920233952761815860497443658712595658104329672305985681351338797769,Yes,2026-08-01T19:00:15+00:00,0.015
0xd6e7129d4c48369c5b8aed99c886033083450f1520381b433e5bdf9839005d15,Seoul,Will the lowest temperature in Seoul (Incheon) be 24°C on August 3?,12050031863920233952761815860497443658712595658104329672305985681351338797769,Yes,2026-08-01T19:33:10+00:00,0.015
0xd6e7129d4c48369c5b8aed99c886033083450f1520381b433e5bdf9839005d15,Seoul,Will the lowest temperature in Seoul (Incheon) be 24°C on August 3?,6812143188890971088265509733880795065671836502052354445853508499246570943180,No,2026-08-01T18:00:07+00:00,0.985
0xd6e7129d4c48369c5b8aed99c886033083450f1520381b433e5bdf9839005d15,Seoul,Will the lowest temperature in Seoul (Incheon) be 24°C on August 3?,6812143188890971088265509733880795065671836502052354445853508499246570943180,No,2026-08-01T19:00:12+00:00,0.985
0xd6e7129d4c48369c5b8aed99c886033083450f1520381b433e5bdf9839005d15,Seoul,Will the lowest temperature in Seoul (Incheon) be 24°C on August 3?,6812143188890971088265509733880795065671836502052354445853508499246570943180,No,2026-08-01T19:33:09+00:00,0.985
0x0110f6484cb9dd66fa105cc7f355a898967f3b39b2b0f35542da37b8d280a5ba,Seoul,Will the lowest temperature in Seoul (Incheon) be 25°C on August 3?,14940986401759379066183663876784902965066229537177409143188821633707190594869,Yes,2026-08-01T18:00:08+00:00,0.245
0x0110f6484cb9dd66fa105cc7f355a898967f3b39b2b0f35542da37b8d280a5ba,Seoul,Will the lowest temperature in Seoul (Incheon) be 25°C on August 3?,14940986401759379066183663876784902965066229537177409143188821633707190594869,Yes,2026-08-01T19:00:13+00:00,0.2
0x0110f6484cb9dd66fa105cc7f355a898967f3b39b2b0f35542da37b8d280a5ba,Seoul,Will the lowest temperature in Seoul (Incheon) be 25°C on August 3?,14940986401759379066183663876784902965066229537177409143188821633707190594869,Yes,2026-08-01T19:33:09+00:00,0.19
0x0110f6484cb9dd66fa105cc7f355a898967f3b39b2b0f35542da37b8d280a5ba,Seoul,Will the lowest temperature in Seoul (Incheon) be 25°C on August 3?,93177652207995115954663462066929883206426346018195387073887169479421255477939,No,2026-08-01T18:00:09+00:00,0.755
0x0110f6484cb9dd66fa105cc7f355a898967f3b39b2b0f35542da37b8d280a5ba,Seoul,Will the lowest temperature in Seoul (Incheon) be 25°C on August 3?,93177652207995115954663462066929883206426346018195387073887169479421255477939,No,2026-08-01T19:00:14+00:00,0.8
0x0110f6484cb9dd66fa105cc7f355a898967f3b39b2b0f35542da37b8d280a5ba,Seoul,Will the lowest temperature in Seoul (Incheon) be 25°C on August 3?,93177652207995115954663462066929883206426346018195387073887169479421255477939,No,2026-08-01T19:33:10+00:00,0.81
0x72f29c6f0120fb5ad17accc3a3ec0aba1e887190131cf1296e59711b022dab17,Seoul,Will the lowest temperature in Seoul (Incheon) be 26°C on August 3?,62364278266431607359182771879072765682020182640428463200206328581375319223112,Yes,2026-08-01T18:00:10+00:00,0.43
0x72f29c6f0120fb5ad17accc3a3ec0aba1e887190131cf1296e59711b022dab17,Seoul,Will the lowest temperature in Seoul (Incheon) be 26°C on August 3?,62364278266431607359182771879072765682020182640428463200206328581375319223112,Yes,2026-08-01T19:00:15+00:00,0.435
0x72f29c6f0120fb5ad17accc3a3ec0aba1e887190131cf1296e59711b022dab17,Seoul,Will the lowest temperature in Seoul (Incheon) be 26°C on August 3?,62364278266431607359182771879072765682020182640428463200206328581375319223112,Yes,2026-08-01T19:33:10+00:00,0.435
0x72f29c6f0120fb5ad17accc3a3ec0aba1e887190131cf1296e59711b022dab17,Seoul,Will the lowest temperature in Seoul (Incheon) be 26°C on August 3?,87642799481232844162723317477329349328480016322521221340186945586821334731707,No,2026-08-01T18:00:10+00:00,0.57
0x72f29c6f0120fb5ad17accc3a3ec0aba1e887190131cf1296e59711b022dab17,Seoul,Will the lowest temperature in Seoul (Incheon) be 26°C on August 3?,87642799481232844162723317477329349328480016322521221340186945586821334731707,No,2026-08-01T19:00:15+00:00,0.565
0x72f29c6f0120fb5ad17accc3a3ec0aba1e887190131cf1296e59711b022dab17,Seoul,Will the lowest temperature in Seoul (Incheon) be 26°C on August 3?,87642799481232844162723317477329349328480016322521221340186945586821334731707,No,2026-08-01T19:33:10+00:00,0.565
0x1c440b52c8c0eaae7c813a600cf3c77f25bc7d356b524235209dd03093f38107,Seoul,Will the lowest temperature in Seoul (Incheon) be 27°C on August 3?,91489842049040640579323134499676901052489838338593971699374348817276260789623,Yes,2026-08-01T18:00:08+00:00,0.305
0x1c440b52c8c0eaae7c813a600cf3c77f25bc7d356b524235209dd03093f38107,Seoul,Will the lowest temperature in Seoul (Incheon) be 27°C on August 3?,91489842049040640579323134499676901052489838338593971699374348817276260789623,Yes,2026-08-01T19:00:14+00:00,0.335
0x1c440b52c8c0eaae7c813a600cf3c77f25bc7d356b524235209dd03093f38107,Seoul,Will the lowest temperature in Seoul (Incheon) be 27°C on August 3?,91489842049040640579323134499676901052489838338593971699374348817276260789623,Yes,2026-08-01T19:33:09+00:00,0.34
0x1c440b52c8c0eaae7c813a600cf3c77f25bc7d356b524235209dd03093f38107,Seoul,Will the lowest temperature in Seoul (Incheon) be 27°C on August 3?,54123283524315491731840654494306130826187267681991947221777095424730801123962,No,2026-08-01T18:00:08+00:00,0.695
0x1c440b52c8c0eaae7c813a600cf3c77f25bc7d356b524235209dd03093f38107,Seoul,Will the lowest temperature in Seoul (Incheon) be 27°C on August 3?,54123283524315491731840654494306130826187267681991947221777095424730801123962,No,2026-08-01T19:00:13+00:00,0.665
0x1c440b52c8c0eaae7c813a600cf3c77f25bc7d356b524235209dd03093f38107,Seoul,Will the lowest temperature in Seoul (Incheon) be 27°C on August 3?,54123283524315491731840654494306130826187267681991947221777095424730801123962,No,2026-08-01T19:33:09+00:00,0.66
0x1a1af152fd0b9651ba06cd8f3856591ce07c246967e287df59b2e77bf4b99f41,Seoul,Will the lowest temperature in Seoul (Incheon) be 28°C on August 3?,29231842697368448416281492408753948117416951986521778286192321259525714337815,Yes,2026-08-01T18:00:08+00:00,0.04
0x1a1af152fd0b9651ba06cd8f3856591ce07c246967e287df59b2e77bf4b99f41,Seoul,Will the lowest temperature in Seoul (Incheon) be 28°C on August 3?,29231842697368448416281492408753948117416951986521778286192321259525714337815,Yes,2026-08-01T19:00:13+00:00,0.05
0x1a1af152fd0b9651ba06cd8f3856591ce07c246967e287df59b2e77bf4b99f41,Seoul,Will the lowest temperature in Seoul (Incheon) be 28°C on August 3?,29231842697368448416281492408753948117416951986521778286192321259525714337815,Yes,2026-08-01T19:33:09+00:00,0.05
0x1a1af152fd0b9651ba06cd8f3856591ce07c246967e287df59b2e77bf4b99f41,Seoul,Will the lowest temperature in Seoul (Incheon) be 28°C on August 3?,101061933609098622073989890234533727076238229485732838958660398682246689860907,No,2026-08-01T18:00:09+00:00,0.96
0x1a1af152fd0b9651ba06cd8f3856591ce07c246967e287df59b2e77bf4b99f41,Seoul,Will the lowest temperature in Seoul (Incheon) be 28°C on August 3?,101061933609098622073989890234533727076238229485732838958660398682246689860907,No,2026-08-01T19:00:14+00:00,0.95
0x1a1af152fd0b9651ba06cd8f3856591ce07c246967e287df59b2e77bf4b99f41,Seoul,Will the lowest temperature in Seoul (Incheon) be 28°C on August 3?,101061933609098622073989890234533727076238229485732838958660398682246689860907,No,2026-08-01T19:33:10+00:00,0.95
0xfdaefbadcd40a368da5f154f844119d7218e768c9d2eed817d29c9316b45e158,Seoul,Will the lowest temperature in Seoul (Incheon) be 29°C on August 3?,24994189840418237110694694995813177265239363488806984251331728721929958201718,Yes,2026-08-01T18:00:08+00:00,0.005
0xfdaefbadcd40a368da5f154f844119d7218e768c9d2eed817d29c9316b45e158,Seoul,Will the lowest temperature in Seoul (Incheon) be 29°C on August 3?,24994189840418237110694694995813177265239363488806984251331728721929958201718,Yes,2026-08-01T19:00:13+00:00,0.005
0xfdaefbadcd40a368da5f154f844119d7218e768c9d2eed817d29c9316b45e158,Seoul,Will the lowest temperature in Seoul (Incheon) be 29°C on August 3?,24994189840418237110694694995813177265239363488806984251331728721929958201718,Yes,2026-08-01T19:33:09+00:00,0.005
0xfdaefbadcd40a368da5f154f844119d7218e768c9d2eed817d29c9316b45e158,Seoul,Will the lowest temperature in Seoul (Incheon) be 29°C on August 3?,26557972669761113788718743838780715808772883338400271448434320069914928827886,No,2026-08-01T18:00:08+00:00,0.995
0xfdaefbadcd40a368da5f154f844119d7218e768c9d2eed817d29c9316b45e158,Seoul,Will the lowest temperature in Seoul (Incheon) be 29°C on August 3?,26557972669761113788718743838780715808772883338400271448434320069914928827886,No,2026-08-01T19:00:13+00:00,0.995
0xfdaefbadcd40a368da5f154f844119d7218e768c9d2eed817d29c9316b45e158,Seoul,Will the lowest temperature in Seoul (Incheon) be 29°C on August 3?,26557972669761113788718743838780715808772883338400271448434320069914928827886,No,2026-08-01T19:33:09+00:00,0.995
0x0a73c5db7ec757435fd75bbfc4d2b70c8f6f4f25651f5fa969012cf6e4b9f51e,Seoul,Will the lowest temperature in Seoul (Incheon) be 30°C on August 3?,17638729551843754336270293222930968045561392552860310884771035912080283919009,Yes,2026-08-01T18:00:09+00:00,0.0055
0x0a73c5db7ec757435fd75bbfc4d2b70c8f6f4f25651f5fa969012cf6e4b9f51e,Seoul,Will the lowest temperature in Seoul (Incheon) be 30°C on August 3?,17638729551843754336270293222930968045561392552860310884771035912080283919009,Yes,2026-08-01T19:00:14+00:00,0.0055
0x0a73c5db7ec757435fd75bbfc4d2b70c8f6f4f25651f5fa969012cf6e4b9f51e,Seoul,Will the lowest temperature in Seoul (Incheon) be 30°C on August 3?,17638729551843754336270293222930968045561392552860310884771035912080283919009,Yes,2026-08-01T19:33:09+00:00,0.0055
0x0a73c5db7ec757435fd75bbfc4d2b70c8f6f4f25651f5fa969012cf6e4b9f51e,Seoul,Will the lowest temperature in Seoul (Incheon) be 30°C on August 3?,77848974197965927375596086290185410105163641052717592185054087992385557194544,No,2026-08-01T18:00:08+00:00,0.9945
0x0a73c5db7ec757435fd75bbfc4d2b70c8f6f4f25651f5fa969012cf6e4b9f51e,Seoul,Will the lowest temperature in Seoul (Incheon) be 30°C on August 3?,77848974197965927375596086290185410105163641052717592185054087992385557194544,No,2026-08-01T19:00:13+00:00,0.9945
0x0a73c5db7ec757435fd75bbfc4d2b70c8f6f4f25651f5fa969012cf6e4b9f51e,Seoul,Will the lowest temperature in Seoul (Incheon) be 30°C on August 3?,77848974197965927375596086290185410105163641052717592185054087992385557194544,No,2026-08-01T19:33:09+00:00,0.9945
0xa53d45465b762af74ff2fc574e10f3706874b51392a8815a97a7b61e4569d112,Seoul,Will the lowest temperature in Seoul (Incheon) be 31°C on August 3?,40784935173192007211844364582585870824585925291905233520131158591403675175354,Yes,2026-08-01T18:00:08+00:00,0.002
0xa53d45465b762af74ff2fc574e10f3706874b51392a8815a97a7b61e4569d112,Seoul,Will the lowest temperature in Seoul (Incheon) be 31°C on August 3?,40784935173192007211844364582585870824585925291905233520131158591403675175354,Yes,2026-08-01T19:00:13+00:00,0.002
0xa53d45465b762af74ff2fc574e10f3706874b51392a8815a97a7b61e4569d112,Seoul,Will the lowest temperature in Seoul (Incheon) be 31°C on August 3?,40784935173192007211844364582585870824585925291905233520131158591403675175354,Yes,2026-08-01T19:33:09+00:00,0.002
0xa53d45465b762af74ff2fc574e10f3706874b51392a8815a97a7b61e4569d112,Seoul,Will the lowest temperature in Seoul (Incheon) be 31°C on August 3?,76829747605007687361713253796770755384392365088780364813662325646482500969097,No,2026-08-01T18:00:10+00:00,0.998
0xa53d45465b762af74ff2fc574e10f3706874b51392a8815a97a7b61e4569d112,Seoul,Will the lowest temperature in Seoul (Incheon) be 31°C on August 3?,76829747605007687361713253796770755384392365088780364813662325646482500969097,No,2026-08-01T19:00:14+00:00,0.998
0xa53d45465b762af74ff2fc574e10f3706874b51392a8815a97a7b61e4569d112,Seoul,Will the lowest temperature in Seoul (Incheon) be 31°C on August 3?,76829747605007687361713253796770755384392365088780364813662325646482500969097,No,2026-08-01T19:33:10+00:00,0.998
0x88f565493dab4cd5d968442e560be54d061fafbfc21a4088bc64db0ab9cd5cbe,Seoul,Will the lowest temperature in Seoul (Incheon) be 32°C or higher on August 3?,94856981787231930545697220797260030950686079648822350093735514339549987394485,Yes,2026-08-01T18:00:08+00:00,0.0015
0x88f565493dab4cd5d968442e560be54d061fafbfc21a4088bc64db0ab9cd5cbe,Seoul,Will the lowest temperature in Seoul (Incheon) be 32°C or higher on August 3?,94856981787231930545697220797260030950686079648822350093735514339549987394485,Yes,2026-08-01T19:00:13+00:00,0.0015
0x88f565493dab4cd5d968442e560be54d061fafbfc21a4088bc64db0ab9cd5cbe,Seoul,Will the lowest temperature in Seoul (Incheon) be 32°C or higher on August 3?,94856981787231930545697220797260030950686079648822350093735514339549987394485,Yes,2026-08-01T19:33:09+00:00,0.0015
0x88f565493dab4cd5d968442e560be54d061fafbfc21a4088bc64db0ab9cd5cbe,Seoul,Will the lowest temperature in Seoul (Incheon) be 32°C or higher on August 3?,80525245882727147218680440284841179950544928458391908761742448715224446019190,No,2026-08-01T18:00:10+00:00,0.9985
0x88f565493dab4cd5d968442e560be54d061fafbfc21a4088bc64db0ab9cd5cbe,Seoul,Will the lowest temperature in Seoul (Incheon) be 32°C or higher on August 3?,80525245882727147218680440284841179950544928458391908761742448715224446019190,No,2026-08-01T19:00:14+00:00,0.9985
0x88f565493dab4cd5d968442e560be54d061fafbfc21a4088bc64db0ab9cd5cbe,Seoul,Will the lowest temperature in Seoul (Incheon) be 32°C or higher on August 3?,80525245882727147218680440284841179950544928458391908761742448715224446019190,No,2026-08-01T19:33:10+00:00,0.9985
0x8f4406d40b378090cdd8a9970139902e9bdbb61551d8ce0c23f17c3ce2dad43d,Seoul,Will the highest temperature in Seoul (Incheon) be 25°C or below on August 2?,66591222604066173930886596094423873354352691380395447631434150156295673886229,Yes,2026-08-01T20:00:08+00:00,0.0005
0x8f4406d40b378090cdd8a9970139902e9bdbb61551d8ce0c23f17c3ce2dad43d,Seoul,Will the highest temperature in Seoul (Incheon) be 25°C or below on August 2?,66591222604066173930886596094423873354352691380395447631434150156295673886229,Yes,2026-08-01T21:00:06+00:00,0.0005
0x8f4406d40b378090cdd8a9970139902e9bdbb61551d8ce0c23f17c3ce2dad43d,Seoul,Will the highest temperature in Seoul (Incheon) be 25°C or below on August 2?,66591222604066173930886596094423873354352691380395447631434150156295673886229,Yes,2026-08-01T21:09:09+00:00,0.0005
0x8f4406d40b378090cdd8a9970139902e9bdbb61551d8ce0c23f17c3ce2dad43d,Seoul,Will the highest temperature in Seoul (Incheon) be 25°C or below on August 2?,93405891591771185256775226005347019850765450472511385041529194842194427845773,No,2026-08-01T20:00:13+00:00,0.9995
0x8f4406d40b378090cdd8a9970139902e9bdbb61551d8ce0c23f17c3ce2dad43d,Seoul,Will the highest temperature in Seoul (Incheon) be 25°C or below on August 2?,93405891591771185256775226005347019850765450472511385041529194842194427845773,No,2026-08-01T21:00:10+00:00,0.9995
0x8f4406d40b378090cdd8a9970139902e9bdbb61551d8ce0c23f17c3ce2dad43d,Seoul,Will the highest temperature in Seoul (Incheon) be 25°C or below on August 2?,93405891591771185256775226005347019850765450472511385041529194842194427845773,No,2026-08-01T21:09:10+00:00,0.9995
0xcae18aa5d40e7b3403b29a51220f6b17d6e1322ffc9956fe858e2b53e130635f,Seoul,Will the highest temperature in Seoul (Incheon) be 26°C on August 2?,81481110514278542626930507844811703448404965274860694710496995680553432251247,Yes,2026-08-01T20:00:08+00:00,0.0005
0xcae18aa5d40e7b3403b29a51220f6b17d6e1322ffc9956fe858e2b53e130635f,Seoul,Will the highest temperature in Seoul (Incheon) be 26°C on August 2?,81481110514278542626930507844811703448404965274860694710496995680553432251247,Yes,2026-08-01T21:00:06+00:00,0.0005
0xcae18aa5d40e7b3403b29a51220f6b17d6e1322ffc9956fe858e2b53e130635f,Seoul,Will the highest temperature in Seoul (Incheon) be 26°C on August 2?,81481110514278542626930507844811703448404965274860694710496995680553432251247,Yes,2026-08-01T21:05:06+00:00,0.0005
0xcae18aa5d40e7b3403b29a51220f6b17d6e1322ffc9956fe858e2b53e130635f,Seoul,Will the highest temperature in Seoul (Incheon) be 26°C on August 2?,77288735134001822348300792724220724146081130234033681707214130486481563994507,No,2026-08-01T20:00:16+00:00,0.9995
0xcae18aa5d40e7b3403b29a51220f6b17d6e1322ffc9956fe858e2b53e130635f,Seoul,Will the highest temperature in Seoul (Incheon) be 26°C on August 2?,77288735134001822348300792724220724146081130234033681707214130486481563994507,No,2026-08-01T21:00:14+00:00,0.9995
0xcae18aa5d40e7b3403b29a51220f6b17d6e1322ffc9956fe858e2b53e130635f,Seoul,Will the highest temperature in Seoul (Incheon) be 26°C on August 2?,77288735134001822348300792724220724146081130234033681707214130486481563994507,No,2026-08-01T21:09:10+00:00,0.9995
0xbcdb3b84d1bcdb26bd926edcbc0a97843473895ab32b0f93026e8c5b5440edcc,Seoul,Will the highest temperature in Seoul (Incheon) be 27°C on August 2?,52071578477397742358270108169412729454608105443989825083153315204367919533539,Yes,2026-08-01T20:00:14+00:00,0.0005
0xbcdb3b84d1bcdb26bd926edcbc0a97843473895ab32b0f93026e8c5b5440edcc,Seoul,Will the highest temperature in Seoul (Incheon) be 27°C on August 2?,52071578477397742358270108169412729454608105443989825083153315204367919533539,Yes,2026-08-01T21:00:12+00:00,0.0005
0xbcdb3b84d1bcdb26bd926edcbc0a97843473895ab32b0f93026e8c5b5440edcc,Seoul,Will the highest temperature in Seoul (Incheon) be 27°C on August 2?,52071578477397742358270108169412729454608105443989825083153315204367919533539,Yes,2026-08-01T21:09:10+00:00,0.0005
0xbcdb3b84d1bcdb26bd926edcbc0a97843473895ab32b0f93026e8c5b5440edcc,Seoul,Will the highest temperature in Seoul (Incheon) be 27°C on August 2?,83591289135596541564475690443763462449720930757118372521971893083114166498987,No,2026-08-01T20:00:15+00:00,0.9995
0xbcdb3b84d1bcdb26bd926edcbc0a97843473895ab32b0f93026e8c5b5440edcc,Seoul,Will the highest temperature in Seoul (Incheon) be 27°C on August 2?,83591289135596541564475690443763462449720930757118372521971893083114166498987,No,2026-08-01T21:00:12+00:00,0.9995
0xbcdb3b84d1bcdb26bd926edcbc0a97843473895ab32b0f93026e8c5b5440edcc,Seoul,Will the highest temperature in Seoul (Incheon) be 27°C on August 2?,83591289135596541564475690443763462449720930757118372521971893083114166498987,No,2026-08-01T21:09:10+00:00,0.9995
0x53c5e8c9174d92d924c2491d0d7948a3b55be3b6dc8873c3028dbe67ca94e0b5,Seoul,Will the highest temperature in Seoul (Incheon) be 28°C on August 2?,43044295978222182011879510432422381823165143999313027721743140069122703134751,Yes,2026-08-01T20:00:15+00:00,0.0005
0x53c5e8c9174d92d924c2491d0d7948a3b55be3b6dc8873c3028dbe67ca94e0b5,Seoul,Will the highest temperature in Seoul (Incheon) be 28°C on August 2?,43044295978222182011879510432422381823165143999313027721743140069122703134751,Yes,2026-08-01T21:00:13+00:00,0.0005
0x53c5e8c9174d92d924c2491d0d7948a3b55be3b6dc8873c3028dbe67ca94e0b5,Seoul,Will the highest temperature in Seoul (Incheon) be 28°C on August 2?,43044295978222182011879510432422381823165143999313027721743140069122703134751,Yes,2026-08-01T21:09:10+00:00,0.0005
0x53c5e8c9174d92d924c2491d0d7948a3b55be3b6dc8873c3028dbe67ca94e0b5,Seoul,Will the highest temperature in Seoul (Incheon) be 28°C on August 2?,110481543834093466495769889817048072781271615100080699131528943062304188633780,No,2026-08-01T20:00:16+00:00,0.9995
0x53c5e8c9174d92d924c2491d0d7948a3b55be3b6dc8873c3028dbe67ca94e0b5,Seoul,Will the highest temperature in Seoul (Incheon) be 28°C on August 2?,110481543834093466495769889817048072781271615100080699131528943062304188633780,No,2026-08-01T21:00:15+00:00,0.9995
0x53c5e8c9174d92d924c2491d0d7948a3b55be3b6dc8873c3028dbe67ca94e0b5,Seoul,Will the highest temperature in Seoul (Incheon) be 28°C on August 2?,110481543834093466495769889817048072781271615100080699131528943062304188633780,No,2026-08-01T21:09:10+00:00,0.9995
0x037d7c0a086965735f9c6a394933c0ee0cc2a5500b138429dd7e8e9550aa1058,Seoul,Will the highest temperature in Seoul (Incheon) be 29°C on August 2?,71681723775256219499297835992107963815141981243112474277021631906406235771427,Yes,2026-08-01T20:00:17+00:00,0.004
0x037d7c0a086965735f9c6a394933c0ee0cc2a5500b138429dd7e8e9550aa1058,Seoul,Will the highest temperature in Seoul (Incheon) be 29°C on August 2?,71681723775256219499297835992107963815141981243112474277021631906406235771427,Yes,2026-08-01T21:00:16+00:00,0.002
0x037d7c0a086965735f9c6a394933c0ee0cc2a5500b138429dd7e8e9550aa1058,Seoul,Will the highest temperature in Seoul (Incheon) be 29°C on August 2?,71681723775256219499297835992107963815141981243112474277021631906406235771427,Yes,2026-08-01T21:09:11+00:00,0.002
0x037d7c0a086965735f9c6a394933c0ee0cc2a5500b138429dd7e8e9550aa1058,Seoul,Will the highest temperature in Seoul (Incheon) be 29°C on August 2?,27539645705331745296781738391459692602200928960699436958546793601011806194379,No,2026-08-01T20:00:12+00:00,0.996
0x037d7c0a086965735f9c6a394933c0ee0cc2a5500b138429dd7e8e9550aa1058,Seoul,Will the highest temperature in Seoul (Incheon) be 29°C on August 2?,27539645705331745296781738391459692602200928960699436958546793601011806194379,No,2026-08-01T21:00:08+00:00,0.998
0x037d7c0a086965735f9c6a394933c0ee0cc2a5500b138429dd7e8e9550aa1058,Seoul,Will the highest temperature in Seoul (Incheon) be 29°C on August 2?,27539645705331745296781738391459692602200928960699436958546793601011806194379,No,2026-08-01T21:09:09+00:00,0.998
0x1816582f5b156591cc0b6fb53c14f2db5f407b727b1d4b504f1f670a21936896,Seoul,Will the highest temperature in Seoul (Incheon) be 30°C on August 2?,70648478783912744186273943880836846795149460969403616902910007761529959614009,Yes,2026-08-01T20:00:12+00:00,0.015
0x1816582f5b156591cc0b6fb53c14f2db5f407b727b1d4b504f1f670a21936896,Seoul,Will the highest temperature in Seoul (Incheon) be 30°C on August 2?,70648478783912744186273943880836846795149460969403616902910007761529959614009,Yes,2026-08-01T21:00:08+00:00,0.015
0x1816582f5b156591cc0b6fb53c14f2db5f407b727b1d4b504f1f670a21936896,Seoul,Will the highest temperature in Seoul (Incheon) be 30°C on August 2?,70648478783912744186273943880836846795149460969403616902910007761529959614009,Yes,2026-08-01T21:09:09+00:00,0.015
0x1816582f5b156591cc0b6fb53c14f2db5f407b727b1d4b504f1f670a21936896,Seoul,Will the highest temperature in Seoul (Incheon) be 30°C on August 2?,67221079191086699567013885351143564705876631397186001184348791550292030782300,No,2026-08-01T20:00:15+00:00,0.985
0x1816582f5b156591cc0b6fb53c14f2db5f407b727b1d4b504f1f670a21936896,Seoul,Will the highest temperature in Seoul (Incheon) be 30°C on August 2?,67221079191086699567013885351143564705876631397186001184348791550292030782300,No,2026-08-01T21:00:13+00:00,0.985
0x1816582f5b156591cc0b6fb53c14f2db5f407b727b1d4b504f1f670a21936896,Seoul,Will the highest temperature in Seoul (Incheon) be 30°C on August 2?,67221079191086699567013885351143564705876631397186001184348791550292030782300,No,2026-08-01T21:09:10+00:00,0.985
0xfbdda32f781dc6577e9fa7cfe3eb99302b0f058b11aa23cda2d6e4b98c6c23f0,Seoul,Will the highest temperature in Seoul (Incheon) be 31°C on August 2?,106164195963322539237600867004010571681833413116457277735386195213485645273154,Yes,2026-08-01T20:00:11+00:00,0.18
0xfbdda32f781dc6577e9fa7cfe3eb99302b0f058b11aa23cda2d6e4b98c6c23f0,Seoul,Will the highest temperature in Seoul (Incheon) be 31°C on August 2?,106164195963322539237600867004010571681833413116457277735386195213485645273154,Yes,2026-08-01T21:00:08+00:00,0.165
0xfbdda32f781dc6577e9fa7cfe3eb99302b0f058b11aa23cda2d6e4b98c6c23f0,Seoul,Will the highest temperature in Seoul (Incheon) be 31°C on August 2?,106164195963322539237600867004010571681833413116457277735386195213485645273154,Yes,2026-08-01T21:09:09+00:00,0.15
0xfbdda32f781dc6577e9fa7cfe3eb99302b0f058b11aa23cda2d6e4b98c6c23f0,Seoul,Will the highest temperature in Seoul (Incheon) be 31°C on August 2?,19080726419775090995774552719309189099605108646416762776042932669141431077792,No,2026-08-01T20:00:14+00:00,0.82
0xfbdda32f781dc6577e9fa7cfe3eb99302b0f058b11aa23cda2d6e4b98c6c23f0,Seoul,Will the highest temperature in Seoul (Incheon) be 31°C on August 2?,19080726419775090995774552719309189099605108646416762776042932669141431077792,No,2026-08-01T21:00:11+00:00,0.835
0xfbdda32f781dc6577e9fa7cfe3eb99302b0f058b11aa23cda2d6e4b98c6c23f0,Seoul,Will the highest temperature in Seoul (Incheon) be 31°C on August 2?,19080726419775090995774552719309189099605108646416762776042932669141431077792,No,2026-08-01T21:09:10+00:00,0.85
0x6de471316b2b2e13ca7523d7b6502318a44df17efabc05fa749257ecbc775918,Seoul,Will the highest temperature in Seoul (Incheon) be 32°C on August 2?,74726348295018315903000947656994195116142219970397544460284135519691024583171,Yes,2026-08-01T20:00:15+00:00,0.48
0x6de471316b2b2e13ca7523d7b6502318a44df17efabc05fa749257ecbc775918,Seoul,Will the highest temperature in Seoul (Incheon) be 32°C on August 2?,74726348295018315903000947656994195116142219970397544460284135519691024583171,Yes,2026-08-01T21:00:14+00:00,0.455
0x6de471316b2b2e13ca7523d7b6502318a44df17efabc05fa749257ecbc775918,Seoul,Will the highest temperature in Seoul (Incheon) be 32°C on August 2?,74726348295018315903000947656994195116142219970397544460284135519691024583171,Yes,2026-08-01T21:09:10+00:00,0.455
0x6de471316b2b2e13ca7523d7b6502318a44df17efabc05fa749257ecbc775918,Seoul,Will the highest temperature in Seoul (Incheon) be 32°C on August 2?,44678106903686385973066516921024786470531296063310778938154206637111437592430,No,2026-08-01T20:00:16+00:00,0.52
0x6de471316b2b2e13ca7523d7b6502318a44df17efabc05fa749257ecbc775918,Seoul,Will the highest temperature in Seoul (Incheon) be 32°C on August 2?,44678106903686385973066516921024786470531296063310778938154206637111437592430,No,2026-08-01T21:00:14+00:00,0.545
0x6de471316b2b2e13ca7523d7b6502318a44df17efabc05fa749257ecbc775918,Seoul,Will the highest temperature in Seoul (Incheon) be 32°C on August 2?,44678106903686385973066516921024786470531296063310778938154206637111437592430,No,2026-08-01T21:09:10+00:00,0.545
0xd4bbc787b84a7b2691bdea4d3342113f6f2f56612874ab1a55a610de38adf7f4,Seoul,Will the highest temperature in Seoul (Incheon) be 33°C on August 2?,115626287630871567564999197285022189562919775071226954908808204444889660373563,Yes,2026-08-01T20:00:14+00:00,0.265
0xd4bbc787b84a7b2691bdea4d3342113f6f2f56612874ab1a55a610de38adf7f4,Seoul,Will the highest temperature in Seoul (Incheon) be 33°C on August 2?,115626287630871567564999197285022189562919775071226954908808204444889660373563,Yes,2026-08-01T21:00:12+00:00,0.275
0xd4bbc787b84a7b2691bdea4d3342113f6f2f56612874ab1a55a610de38adf7f4,Seoul,Will the highest temperature in Seoul (Incheon) be 33°C on August 2?,115626287630871567564999197285022189562919775071226954908808204444889660373563,Yes,2026-08-01T21:09:10+00:00,0.275
0xd4bbc787b84a7b2691bdea4d3342113f6f2f56612874ab1a55a610de38adf7f4,Seoul,Will the highest temperature in Seoul (Incheon) be 33°C on August 2?,22480372213996193167953416279209498495429127108874111596485542091610426173913,No,2026-08-01T20:00:08+00:00,0.735
0xd4bbc787b84a7b2691bdea4d3342113f6f2f56612874ab1a55a610de38adf7f4,Seoul,Will the highest temperature in Seoul (Incheon) be 33°C on August 2?,22480372213996193167953416279209498495429127108874111596485542091610426173913,No,2026-08-01T21:00:06+00:00,0.725
0xd4bbc787b84a7b2691bdea4d3342113f6f2f56612874ab1a55a610de38adf7f4,Seoul,Will the highest temperature in Seoul (Incheon) be 33°C on August 2?,22480372213996193167953416279209498495429127108874111596485542091610426173913,No,2026-08-01T21:09:09+00:00,0.725
0xd9becfec66c3181649e0612818f6e42d483aa51af23ad84ce8564118ecd858d6,Seoul,Will the highest temperature in Seoul (Incheon) be 34°C on August 2?,107876850448483719708555188347639794949505190656708025785576223466627497209386,Yes,2026-08-01T20:00:15+00:00,0.09
0xd9becfec66c3181649e0612818f6e42d483aa51af23ad84ce8564118ecd858d6,Seoul,Will the highest temperature in Seoul (Incheon) be 34°C on August 2?,107876850448483719708555188347639794949505190656708025785576223466627497209386,Yes,2026-08-01T21:00:13+00:00,0.11
0xd9becfec66c3181649e0612818f6e42d483aa51af23ad84ce8564118ecd858d6,Seoul,Will the highest temperature in Seoul (Incheon) be 34°C on August 2?,107876850448483719708555188347639794949505190656708025785576223466627497209386,Yes,2026-08-01T21:09:10+00:00,0.11
0xd9becfec66c3181649e0612818f6e42d483aa51af23ad84ce8564118ecd858d6,Seoul,Will the highest temperature in Seoul (Incheon) be 34°C on August 2?,3952571701804725222106174106305870655525807574089789055184986059272487951377,No,2026-08-01T20:00:12+00:00,0.91
0xd9becfec66c3181649e0612818f6e42d483aa51af23ad84ce8564118ecd858d6,Seoul,Will the highest temperature in Seoul (Incheon) be 34°C on August 2?,3952571701804725222106174106305870655525807574089789055184986059272487951377,No,2026-08-01T21:00:08+00:00,0.89
0xd9becfec66c3181649e0612818f6e42d483aa51af23ad84ce8564118ecd858d6,Seoul,Will the highest temperature in Seoul (Incheon) be 34°C on August 2?,3952571701804725222106174106305870655525807574089789055184986059272487951377,No,2026-08-01T21:09:09+00:00,0.89
0x0155c0dd906bcb1b5fd3fb8673a54b70973ad9d4865438b410eec1a5f24d576d,Seoul,Will the highest temperature in Seoul (Incheon) be 35°C or higher on August 2?,59604589291894658609447211929535156814738724975861670094035227485370658205565,Yes,2026-08-01T20:00:11+00:00,0.0235
0x0155c0dd906bcb1b5fd3fb8673a54b70973ad9d4865438b410eec1a5f24d576d,Seoul,Will the highest temperature in Seoul (Incheon) be 35°C or higher on August 2?,59604589291894658609447211929535156814738724975861670094035227485370658205565,Yes,2026-08-01T21:00:08+00:00,0.0275
0x0155c0dd906bcb1b5fd3fb8673a54b70973ad9d4865438b410eec1a5f24d576d,Seoul,Will the highest temperature in Seoul (Incheon) be 35°C or higher on August 2?,59604589291894658609447211929535156814738724975861670094035227485370658205565,Yes,2026-08-01T21:09:09+00:00,0.0375
0x0155c0dd906bcb1b5fd3fb8673a54b70973ad9d4865438b410eec1a5f24d576d,Seoul,Will the highest temperature in Seoul (Incheon) be 35°C or higher on August 2?,25613889125737923557243960688368541919118413674820123896619160087054458849880,No,2026-08-01T20:00:14+00:00,0.9765
0x0155c0dd906bcb1b5fd3fb8673a54b70973ad9d4865438b410eec1a5f24d576d,Seoul,Will the highest temperature in Seoul (Incheon) be 35°C or higher on August 2?,25613889125737923557243960688368541919118413674820123896619160087054458849880,No,2026-08-01T21:00:12+00:00,0.9725
0x0155c0dd906bcb1b5fd3fb8673a54b70973ad9d4865438b410eec1a5f24d576d,Seoul,Will the highest temperature in Seoul (Incheon) be 35°C or higher on August 2?,25613889125737923557243960688368541919118413674820123896619160087054458849880,No,2026-08-01T21:09:10+00:00,0.9625
0x99b6a2d2fd56b202337b210ca0042191e7c52d063713149141866df8efe00c0b,Seoul,Will the lowest temperature in Seoul (Incheon) be 22°C or below on August 2?,32086589326295922812945226397892233452125516547137932400641554731205404271134,Yes,2026-08-01T20:00:11+00:00,0.0055
0x99b6a2d2fd56b202337b210ca0042191e7c52d063713149141866df8efe00c0b,Seoul,Will the lowest temperature in Seoul (Incheon) be 22°C or below on August 2?,32086589326295922812945226397892233452125516547137932400641554731205404271134,Yes,2026-08-01T21:00:08+00:00,0.003
0x99b6a2d2fd56b202337b210ca0042191e7c52d063713149141866df8efe00c0b,Seoul,Will the lowest temperature in Seoul (Incheon) be 22°C or below on August 2?,32086589326295922812945226397892233452125516547137932400641554731205404271134,Yes,2026-08-01T21:09:09+00:00,0.003
0x99b6a2d2fd56b202337b210ca0042191e7c52d063713149141866df8efe00c0b,Seoul,Will the lowest temperature in Seoul (Incheon) be 22°C or below on August 2?,20549732338262514944971869238923177022206302651899668736183077413124966948048,No,2026-08-01T20:00:14+00:00,0.9945
0x99b6a2d2fd56b202337b210ca0042191e7c52d063713149141866df8efe00c0b,Seoul,Will the lowest temperature in Seoul (Incheon) be 22°C or below on August 2?,20549732338262514944971869238923177022206302651899668736183077413124966948048,No,2026-08-01T21:00:11+00:00,0.997
0x99b6a2d2fd56b202337b210ca0042191e7c52d063713149141866df8efe00c0b,Seoul,Will the lowest temperature in Seoul (Incheon) be 22°C or below on August 2?,20549732338262514944971869238923177022206302651899668736183077413124966948048,No,2026-08-01T21:09:10+00:00,0.997
0x7a9ba158411e657c361af63c83da8a98be8108d2cf485d8201f97138ff0c4381,Seoul,Will the lowest temperature in Seoul (Incheon) be 23°C on August 2?,19661085223192458304692828038097321745168161382613501944948638613504867667424,Yes,2026-08-01T20:00:17+00:00,0.0055
0x7a9ba158411e657c361af63c83da8a98be8108d2cf485d8201f97138ff0c4381,Seoul,Will the lowest temperature in Seoul (Incheon) be 23°C on August 2?,19661085223192458304692828038097321745168161382613501944948638613504867667424,Yes,2026-08-01T21:00:16+00:00,0.0045
0x7a9ba158411e657c361af63c83da8a98be8108d2cf485d8201f97138ff0c4381,Seoul,Will the lowest temperature in Seoul (Incheon) be 23°C on August 2?,19661085223192458304692828038097321745168161382613501944948638613504867667424,Yes,2026-08-01T21:09:11+00:00,0.0045
0x7a9ba158411e657c361af63c83da8a98be8108d2cf485d8201f97138ff0c4381,Seoul,Will the lowest temperature in Seoul (Incheon) be 23°C on August 2?,8328514249599522178096918297429218437168427241709249707354698263723471643030,No,2026-08-01T20:00:08+00:00,0.9945
0x7a9ba158411e657c361af63c83da8a98be8108d2cf485d8201f97138ff0c4381,Seoul,Will the lowest temperature in Seoul (Incheon) be 23°C on August 2?,8328514249599522178096918297429218437168427241709249707354698263723471643030,No,2026-08-01T21:00:06+00:00,0.9955
0x7a9ba158411e657c361af63c83da8a98be8108d2cf485d8201f97138ff0c4381,Seoul,Will the lowest temperature in Seoul (Incheon) be 23°C on August 2?,8328514249599522178096918297429218437168427241709249707354698263723471643030,No,2026-08-01T21:09:09+00:00,0.9955
0x65c3b452e7f70a2f38d204c00c4cd25378e1e2d1f7195cd576e3617f37ad07ef,Seoul,Will the lowest temperature in Seoul (Incheon) be 24°C on August 2?,53388676400618047283806831984927227381993774787270054910331744960587712738059,Yes,2026-08-01T20:00:08+00:00,0.0075
0x65c3b452e7f70a2f38d204c00c4cd25378e1e2d1f7195cd576e3617f37ad07ef,Seoul,Will the lowest temperature in Seoul (Incheon) be 24°C on August 2?,53388676400618047283806831984927227381993774787270054910331744960587712738059,Yes,2026-08-01T21:00:06+00:00,0.0055
0x65c3b452e7f70a2f38d204c00c4cd25378e1e2d1f7195cd576e3617f37ad07ef,Seoul,Will the lowest temperature in Seoul (Incheon) be 24°C on August 2?,53388676400618047283806831984927227381993774787270054910331744960587712738059,Yes,2026-08-01T21:09:09+00:00,0.0055
0x65c3b452e7f70a2f38d204c00c4cd25378e1e2d1f7195cd576e3617f37ad07ef,Seoul,Will the lowest temperature in Seoul (Incheon) be 24°C on August 2?,29290337112977534161755325275556575348646726680771017211353175010422934770795,No,2026-08-01T20:00:10+00:00,0.9925
0x65c3b452e7f70a2f38d204c00c4cd25378e1e2d1f7195cd576e3617f37ad07ef,Seoul,Will the lowest temperature in Seoul (Incheon) be 24°C on August 2?,29290337112977534161755325275556575348646726680771017211353175010422934770795,No,2026-08-01T21:00:07+00:00,0.9945
0x65c3b452e7f70a2f38d204c00c4cd25378e1e2d1f7195cd576e3617f37ad07ef,Seoul,Will the lowest temperature in Seoul (Incheon) be 24°C on August 2?,29290337112977534161755325275556575348646726680771017211353175010422934770795,No,2026-08-01T21:09:09+00:00,0.9945
0x52f513ce450283a9d96cd2621314260c20e86f3c95e3aad52b8eba7e7e93580d,Seoul,Will the lowest temperature in Seoul (Incheon) be 25°C on August 2?,99293531477611937554618064290984847735394200470457772593685205323497483466794,Yes,2026-08-01T20:00:17+00:00,0.025
0x52f513ce450283a9d96cd2621314260c20e86f3c95e3aad52b8eba7e7e93580d,Seoul,Will the lowest temperature in Seoul (Incheon) be 25°C on August 2?,99293531477611937554618064290984847735394200470457772593685205323497483466794,Yes,2026-08-01T21:00:16+00:00,0.02
0x52f513ce450283a9d96cd2621314260c20e86f3c95e3aad52b8eba7e7e93580d,Seoul,Will the lowest temperature in Seoul (Incheon) be 25°C on August 2?,99293531477611937554618064290984847735394200470457772593685205323497483466794,Yes,2026-08-01T21:09:11+00:00,0.02
0x52f513ce450283a9d96cd2621314260c20e86f3c95e3aad52b8eba7e7e93580d,Seoul,Will the lowest temperature in Seoul (Incheon) be 25°C on August 2?,93863809335877655361574018550390358957805615973014291278437717165081279939479,No,2026-08-01T20:00:08+00:00,0.975
0x52f513ce450283a9d96cd2621314260c20e86f3c95e3aad52b8eba7e7e93580d,Seoul,Will the lowest temperature in Seoul (Incheon) be 25°C on August 2?,93863809335877655361574018550390358957805615973014291278437717165081279939479,No,2026-08-01T21:00:06+00:00,0.98
0x52f513ce450283a9d96cd2621314260c20e86f3c95e3aad52b8eba7e7e93580d,Seoul,Will the lowest temperature in Seoul (Incheon) be 25°C on August 2?,93863809335877655361574018550390358957805615973014291278437717165081279939479,No,2026-08-01T21:09:09+00:00,0.98
0xad865a991ed23049ff8a9f73175335e78c06499ce47cf6295a9043956bc2744e,Seoul,Will the lowest temperature in Seoul (Incheon) be 26°C on August 2?,55406766889916708736508872335887761858017890793354588280479341906145411657538,Yes,2026-08-01T20:00:10+00:00,0.1
0xad865a991ed23049ff8a9f73175335e78c06499ce47cf6295a9043956bc2744e,Seoul,Will the lowest temperature in Seoul (Incheon) be 26°C on August 2?,55406766889916708736508872335887761858017890793354588280479341906145411657538,Yes,2026-08-01T21:00:07+00:00,0.045
0xad865a991ed23049ff8a9f73175335e78c06499ce47cf6295a9043956bc2744e,Seoul,Will the lowest temperature in Seoul (Incheon) be 26°C on August 2?,55406766889916708736508872335887761858017890793354588280479341906145411657538,Yes,2026-08-01T21:09:09+00:00,0.045
0xad865a991ed23049ff8a9f73175335e78c06499ce47cf6295a9043956bc2744e,Seoul,Will the lowest temperature in Seoul (Incheon) be 26°C on August 2?,33906879690735312915797602178330062529267396436102044709518654311404878413632,No,2026-08-01T20:00:09+00:00,0.9
0xad865a991ed23049ff8a9f73175335e78c06499ce47cf6295a9043956bc2744e,Seoul,Will the lowest temperature in Seoul (Incheon) be 26°C on August 2?,33906879690735312915797602178330062529267396436102044709518654311404878413632,No,2026-08-01T21:00:07+00:00,0.955
0xad865a991ed23049ff8a9f73175335e78c06499ce47cf6295a9043956bc2744e,Seoul,Will the lowest temperature in Seoul (Incheon) be 26°C on August 2?,33906879690735312915797602178330062529267396436102044709518654311404878413632,No,2026-08-01T21:09:09+00:00,0.955
0x17357867978f6f333e03ff4075744a83324835b922efc07640200574d555d507,Seoul,Will the lowest temperature in Seoul (Incheon) be 27°C on August 2?,103270084214336426316313599841004814479063965338598824048322564869168251898064,Yes,2026-08-01T20:00:12+00:00,0.895
0x17357867978f6f333e03ff4075744a83324835b922efc07640200574d555d507,Seoul,Will the lowest temperature in Seoul (Incheon) be 27°C on August 2?,103270084214336426316313599841004814479063965338598824048322564869168251898064,Yes,2026-08-01T21:00:09+00:00,0.935
0x17357867978f6f333e03ff4075744a83324835b922efc07640200574d555d507,Seoul,Will the lowest temperature in Seoul (Incheon) be 27°C on August 2?,103270084214336426316313599841004814479063965338598824048322564869168251898064,Yes,2026-08-01T21:09:10+00:00,0.935
0x17357867978f6f333e03ff4075744a83324835b922efc07640200574d555d507,Seoul,Will the lowest temperature in Seoul (Incheon) be 27°C on August 2?,48633960370269540040105950802709725855097489138331361067761713585827335484662,No,2026-08-01T20:00:14+00:00,0.105
0x17357867978f6f333e03ff4075744a83324835b922efc07640200574d555d507,Seoul,Will the lowest temperature in Seoul (Incheon) be 27°C on August 2?,48633960370269540040105950802709725855097489138331361067761713585827335484662,No,2026-08-01T21:00:12+00:00,0.065
0x17357867978f6f333e03ff4075744a83324835b922efc07640200574d555d507,Seoul,Will the lowest temperature in Seoul (Incheon) be 27°C on August 2?,48633960370269540040105950802709725855097489138331361067761713585827335484662,No,2026-08-01T21:09:10+00:00,0.065
0xfa3817f91b09562475ceb5c5db864aa564fe809eeb85fe1a4a5853eea4ea21ec,Seoul,Will the lowest temperature in Seoul (Incheon) be 28°C on August 2?,57232593022187790465577088208849339503057148464937128411504488702218250455540,Yes,2026-08-01T20:00:11+00:00,0.001
0xfa3817f91b09562475ceb5c5db864aa564fe809eeb85fe1a4a5853eea4ea21ec,Seoul,Will the lowest temperature in Seoul (Incheon) be 28°C on August 2?,57232593022187790465577088208849339503057148464937128411504488702218250455540,Yes,2026-08-01T21:00:08+00:00,0.001
0xfa3817f91b09562475ceb5c5db864aa564fe809eeb85fe1a4a5853eea4ea21ec,Seoul,Will the lowest temperature in Seoul (Incheon) be 28°C on August 2?,57232593022187790465577088208849339503057148464937128411504488702218250455540,Yes,2026-08-01T21:09:09+00:00,0.001
0xfa3817f91b09562475ceb5c5db864aa564fe809eeb85fe1a4a5853eea4ea21ec,Seoul,Will the lowest temperature in Seoul (Incheon) be 28°C on August 2?,79715474401106128378366279818347250510287980891176749896761788248011538156470,No,2026-08-01T20:00:15+00:00,0.999
0xfa3817f91b09562475ceb5c5db864aa564fe809eeb85fe1a4a5853eea4ea21ec,Seoul,Will the lowest temperature in Seoul (Incheon) be 28°C on August 2?,79715474401106128378366279818347250510287980891176749896761788248011538156470,No,2026-08-01T21:00:13+00:00,0.999
0xfa3817f91b09562475ceb5c5db864aa564fe809eeb85fe1a4a5853eea4ea21ec,Seoul,Will the lowest temperature in Seoul (Incheon) be 28°C on August 2?,79715474401106128378366279818347250510287980891176749896761788248011538156470,No,2026-08-01T21:09:10+00:00,0.999
0xce117988f36a9b2217657c6425e7f681b6ff6c05e5d498497532a3fc27f2f072,Seoul,Will the lowest temperature in Seoul (Incheon) be 29°C on August 2?,41558358134164618301497201068390057664377185102829989012592190731772869357421,Yes,2026-08-01T20:00:08+00:00,0.0005
0xce117988f36a9b2217657c6425e7f681b6ff6c05e5d498497532a3fc27f2f072,Seoul,Will the lowest temperature in Seoul (Incheon) be 29°C on August 2?,41558358134164618301497201068390057664377185102829989012592190731772869357421,Yes,2026-08-01T21:00:06+00:00,0.0005
0xce117988f36a9b2217657c6425e7f681b6ff6c05e5d498497532a3fc27f2f072,Seoul,Will the lowest temperature in Seoul (Incheon) be 29°C on August 2?,41558358134164618301497201068390057664377185102829989012592190731772869357421,Yes,2026-08-01T21:09:09+00:00,0.0005
0xce117988f36a9b2217657c6425e7f681b6ff6c05e5d498497532a3fc27f2f072,Seoul,Will the lowest temperature in Seoul (Incheon) be 29°C on August 2?,56945602289316687914232188133423193665925540577705653410006990725503163393041,No,2026-08-01T20:00:09+00:00,0.9995
0xce117988f36a9b2217657c6425e7f681b6ff6c05e5d498497532a3fc27f2f072,Seoul,Will the lowest temperature in Seoul (Incheon) be 29°C on August 2?,56945602289316687914232188133423193665925540577705653410006990725503163393041,No,2026-08-01T21:00:07+00:00,0.9995
0xce117988f36a9b2217657c6425e7f681b6ff6c05e5d498497532a3fc27f2f072,Seoul,Will the lowest temperature in Seoul (Incheon) be 29°C on August 2?,56945602289316687914232188133423193665925540577705653410006990725503163393041,No,2026-08-01T21:09:09+00:00,0.9995
0x188633794f144380e0c2773fb78140b0016574eccb4c72d36394280018e680ce,Seoul,Will the lowest temperature in Seoul (Incheon) be 30°C on August 2?,8091099450966113210747505103544797438897575439825698845935863688120872775883,Yes,2026-08-01T20:00:10+00:00,0.0005
0x188633794f144380e0c2773fb78140b0016574eccb4c72d36394280018e680ce,Seoul,Will the lowest temperature in Seoul (Incheon) be 30°C on August 2?,8091099450966113210747505103544797438897575439825698845935863688120872775883,Yes,2026-08-01T21:00:07+00:00,0.0005
0x188633794f144380e0c2773fb78140b0016574eccb4c72d36394280018e680ce,Seoul,Will the lowest temperature in Seoul (Incheon) be 30°C on August 2?,8091099450966113210747505103544797438897575439825698845935863688120872775883,Yes,2026-08-01T21:09:09+00:00,0.0005
0x188633794f144380e0c2773fb78140b0016574eccb4c72d36394280018e680ce,Seoul,Will the lowest temperature in Seoul (Incheon) be 30°C on August 2?,77583263506305762032028596408939301039342011080128111583883748779789161418913,No,2026-08-01T20:00:14+00:00,0.9995
0x188633794f144380e0c2773fb78140b0016574eccb4c72d36394280018e680ce,Seoul,Will the lowest temperature in Seoul (Incheon) be 30°C on August 2?,77583263506305762032028596408939301039342011080128111583883748779789161418913,No,2026-08-01T21:00:12+00:00,0.9995
0x188633794f144380e0c2773fb78140b0016574eccb4c72d36394280018e680ce,Seoul,Will the lowest temperature in Seoul (Incheon) be 30°C on August 2?,77583263506305762032028596408939301039342011080128111583883748779789161418913,No,2026-08-01T21:09:10+00:00,0.9995
0x0455e51903f52b3280437b2b0ad37a2d28e4f32164fdb5788900bd6eb28f230e,Seoul,Will the lowest temperature in Seoul (Incheon) be 31°C on August 2?,114743770927178202887513140766295181165791095884743041523460403856844947837188,Yes,2026-08-01T20:00:15+00:00,0.0005
0x0455e51903f52b3280437b2b0ad37a2d28e4f32164fdb5788900bd6eb28f230e,Seoul,Will the lowest temperature in Seoul (Incheon) be 31°C on August 2?,114743770927178202887513140766295181165791095884743041523460403856844947837188,Yes,2026-08-01T21:00:13+00:00,0.0005
0x0455e51903f52b3280437b2b0ad37a2d28e4f32164fdb5788900bd6eb28f230e,Seoul,Will the lowest temperature in Seoul (Incheon) be 31°C on August 2?,114743770927178202887513140766295181165791095884743041523460403856844947837188,Yes,2026-08-01T21:09:10+00:00,0.0005
0x0455e51903f52b3280437b2b0ad37a2d28e4f32164fdb5788900bd6eb28f230e,Seoul,Will the lowest temperature in Seoul (Incheon) be 31°C on August 2?,95879564636949719955786910429515632159690183109462758699632086869187808522640,No,2026-08-01T20:00:10+00:00,0.9995
0x0455e51903f52b3280437b2b0ad37a2d28e4f32164fdb5788900bd6eb28f230e,Seoul,Will the lowest temperature in Seoul (Incheon) be 31°C on August 2?,95879564636949719955786910429515632159690183109462758699632086869187808522640,No,2026-08-01T21:00:07+00:00,0.9995
0x0455e51903f52b3280437b2b0ad37a2d28e4f32164fdb5788900bd6eb28f230e,Seoul,Will the lowest temperature in Seoul (Incheon) be 31°C on August 2?,95879564636949719955786910429515632159690183109462758699632086869187808522640,No,2026-08-01T21:09:09+00:00,0.9995
0x39afc47f19ede8ec31b84f24f39cc0412a885ebfac6b741ec3f1230bc8a6c7e1,Seoul,Will the lowest temperature in Seoul (Incheon) be 32°C or higher on August 2?,87707409115176679165424013707960564573227881037455295135543035383952462382917,Yes,2026-08-01T20:00:12+00:00,0.0005
0x39afc47f19ede8ec31b84f24f39cc0412a885ebfac6b741ec3f1230bc8a6c7e1,Seoul,Will the lowest temperature in Seoul (Incheon) be 32°C or higher on August 2?,87707409115176679165424013707960564573227881037455295135543035383952462382917,Yes,2026-08-01T21:00:09+00:00,0.0005
0x39afc47f19ede8ec31b84f24f39cc0412a885ebfac6b741ec3f1230bc8a6c7e1,Seoul,Will the lowest temperature in Seoul (Incheon) be 32°C or higher on August 2?,87707409115176679165424013707960564573227881037455295135543035383952462382917,Yes,2026-08-01T21:09:10+00:00,0.0005
0x39afc47f19ede8ec31b84f24f39cc0412a885ebfac6b741ec3f1230bc8a6c7e1,Seoul,Will the lowest temperature in Seoul (Incheon) be 32°C or higher on August 2?,948859234860412971759784579927644357778703327161861173719730772733956679423,No,2026-08-01T20:00:10+00:00,0.9995
0x39afc47f19ede8ec31b84f24f39cc0412a885ebfac6b741ec3f1230bc8a6c7e1,Seoul,Will the lowest temperature in Seoul (Incheon) be 32°C or higher on August 2?,948859234860412971759784579927644357778703327161861173719730772733956679423,No,2026-08-01T21:00:07+00:00,0.9995
0x39afc47f19ede8ec31b84f24f39cc0412a885ebfac6b741ec3f1230bc8a6c7e1,Seoul,Will the lowest temperature in Seoul (Incheon) be 32°C or higher on August 2?,948859234860412971759784579927644357778703327161861173719730772733956679423,No,2026-08-01T21:09:09+00:00,0.9995
0x1c8074574af0d3eff133fe19cc21a01128c6808a49f9a00f5135fde6003a11a1,Seoul,Will the highest temperature in Seoul (Incheon) be 26°C or below on August 3?,98856875915475575871005401992156797444316260878401049608185240279459791451033,Yes,2026-08-01T20:00:09+00:00,0.0005
0x1c8074574af0d3eff133fe19cc21a01128c6808a49f9a00f5135fde6003a11a1,Seoul,Will the highest temperature in Seoul (Incheon) be 26°C or below on August 3?,98856875915475575871005401992156797444316260878401049608185240279459791451033,Yes,2026-08-01T21:00:07+00:00,0.0005
0x1c8074574af0d3eff133fe19cc21a01128c6808a49f9a00f5135fde6003a11a1,Seoul,Will the highest temperature in Seoul (Incheon) be 26°C or below on August 3?,98856875915475575871005401992156797444316260878401049608185240279459791451033,Yes,2026-08-01T21:09:09+00:00,0.0005
0x1c8074574af0d3eff133fe19cc21a01128c6808a49f9a00f5135fde6003a11a1,Seoul,Will the highest temperature in Seoul (Incheon) be 26°C or below on August 3?,96438679057270648015000670011685095102321669443226722826094926360739641626199,No,2026-08-01T20:00:13+00:00,0.9995
0x1c8074574af0d3eff133fe19cc21a01128c6808a49f9a00f5135fde6003a11a1,Seoul,Will the highest temperature in Seoul (Incheon) be 26°C or below on August 3?,96438679057270648015000670011685095102321669443226722826094926360739641626199,No,2026-08-01T21:00:10+00:00,0.9995
0x1c8074574af0d3eff133fe19cc21a01128c6808a49f9a00f5135fde6003a11a1,Seoul,Will the highest temperature in Seoul (Incheon) be 26°C or below on August 3?,96438679057270648015000670011685095102321669443226722826094926360739641626199,No,2026-08-01T21:09:10+00:00,0.9995
0x0109dda471296066abbba8d66ddd4e50cb46b11a581e2050b1991eeb24104b5f,Seoul,Will the highest temperature in Seoul (Incheon) be 27°C on August 3?,5052519687640169320419932905852957426557493898277819060801213881507132054201,Yes,2026-08-01T20:00:13+00:00,0.0005
0x0109dda471296066abbba8d66ddd4e50cb46b11a581e2050b1991eeb24104b5f,Seoul,Will the highest temperature in Seoul (Incheon) be 27°C on August 3?,5052519687640169320419932905852957426557493898277819060801213881507132054201,Yes,2026-08-01T21:00:11+00:00,0.0005
0x0109dda471296066abbba8d66ddd4e50cb46b11a581e2050b1991eeb24104b5f,Seoul,Will the highest temperature in Seoul (Incheon) be 27°C on August 3?,5052519687640169320419932905852957426557493898277819060801213881507132054201,Yes,2026-08-01T21:09:10+00:00,0.0005
0x0109dda471296066abbba8d66ddd4e50cb46b11a581e2050b1991eeb24104b5f,Seoul,Will the highest temperature in Seoul (Incheon) be 27°C on August 3?,42754278097618930228331705863847600036834598072716452882024082235219197306781,No,2026-08-01T20:00:08+00:00,0.9995
0x0109dda471296066abbba8d66ddd4e50cb46b11a581e2050b1991eeb24104b5f,Seoul,Will the highest temperature in Seoul (Incheon) be 27°C on August 3?,42754278097618930228331705863847600036834598072716452882024082235219197306781,No,2026-08-01T21:00:06+00:00,0.9995
0x0109dda471296066abbba8d66ddd4e50cb46b11a581e2050b1991eeb24104b5f,Seoul,Will the highest temperature in Seoul (Incheon) be 27°C on August 3?,42754278097618930228331705863847600036834598072716452882024082235219197306781,No,2026-08-01T21:09:09+00:00,0.9995
0x24e4f733f2727dde6df2b699e0396a61dbb96e5e3a166c55edae41fa6d7ee7a5,Seoul,Will the highest temperature in Seoul (Incheon) be 28°C on August 3?,23280721490072525801639545777671483577678513072128325442699808277808154457158,Yes,2026-08-01T20:00:15+00:00,0.0025
0x24e4f733f2727dde6df2b699e0396a61dbb96e5e3a166c55edae41fa6d7ee7a5,Seoul,Will the highest temperature in Seoul (Incheon) be 28°C on August 3?,23280721490072525801639545777671483577678513072128325442699808277808154457158,Yes,2026-08-01T21:00:13+00:00,0.002
0x24e4f733f2727dde6df2b699e0396a61dbb96e5e3a166c55edae41fa6d7ee7a5,Seoul,Will the highest temperature in Seoul (Incheon) be 28°C on August 3?,23280721490072525801639545777671483577678513072128325442699808277808154457158,Yes,2026-08-01T21:09:10+00:00,0.002
0x24e4f733f2727dde6df2b699e0396a61dbb96e5e3a166c55edae41fa6d7ee7a5,Seoul,Will the highest temperature in Seoul (Incheon) be 28°C on August 3?,107514253692307665401685143554556837258282771703704249393084475193834510883920,No,2026-08-01T20:00:15+00:00,0.9975
0x24e4f733f2727dde6df2b699e0396a61dbb96e5e3a166c55edae41fa6d7ee7a5,Seoul,Will the highest temperature in Seoul (Incheon) be 28°C on August 3?,107514253692307665401685143554556837258282771703704249393084475193834510883920,No,2026-08-01T21:00:13+00:00,0.998
0x24e4f733f2727dde6df2b699e0396a61dbb96e5e3a166c55edae41fa6d7ee7a5,Seoul,Will the highest temperature in Seoul (Incheon) be 28°C on August 3?,107514253692307665401685143554556837258282771703704249393084475193834510883920,No,2026-08-01T21:09:10+00:00,0.998
0xbb9cb850655226361435bf4270425265be3a83d15addc582176350de303dcc38,Seoul,Will the highest temperature in Seoul (Incheon) be 29°C on August 3?,60579218658432742143716587197651926177890114660133115129218558591047123914545,Yes,2026-08-01T20:00:14+00:00,0.0055
0xbb9cb850655226361435bf4270425265be3a83d15addc582176350de303dcc38,Seoul,Will the highest temperature in Seoul (Incheon) be 29°C on August 3?,60579218658432742143716587197651926177890114660133115129218558591047123914545,Yes,2026-08-01T21:00:12+00:00,0.0055
0xbb9cb850655226361435bf4270425265be3a83d15addc582176350de303dcc38,Seoul,Will the highest temperature in Seoul (Incheon) be 29°C on August 3?,60579218658432742143716587197651926177890114660133115129218558591047123914545,Yes,2026-08-01T21:09:10+00:00,0.0055
0xbb9cb850655226361435bf4270425265be3a83d15addc582176350de303dcc38,Seoul,Will the highest temperature in Seoul (Incheon) be 29°C on August 3?,30824629458504355964136770649025447838450067018192750008150007786993616614363,No,2026-08-01T20:00:08+00:00,0.9945
0xbb9cb850655226361435bf4270425265be3a83d15addc582176350de303dcc38,Seoul,Will the highest temperature in Seoul (Incheon) be 29°C on August 3?,30824629458504355964136770649025447838450067018192750008150007786993616614363,No,2026-08-01T21:00:06+00:00,0.9945
0xbb9cb850655226361435bf4270425265be3a83d15addc582176350de303dcc38,Seoul,Will the highest temperature in Seoul (Incheon) be 29°C on August 3?,30824629458504355964136770649025447838450067018192750008150007786993616614363,No,2026-08-01T21:09:09+00:00,0.9945
0x5077d4db7784a743a6f107556b842c6cb6217e7f466364b1e9ce22356c08bfeb,Seoul,Will the highest temperature in Seoul (Incheon) be 30°C on August 3?,101238530637815554499260516830619521395195599639783540482576819608199690422402,Yes,2026-08-01T20:00:14+00:00,0.015
0x5077d4db7784a743a6f107556b842c6cb6217e7f466364b1e9ce22356c08bfeb,Seoul,Will the highest temperature in Seoul (Incheon) be 30°C on August 3?,101238530637815554499260516830619521395195599639783540482576819608199690422402,Yes,2026-08-01T21:00:12+00:00,0.015
0x5077d4db7784a743a6f107556b842c6cb6217e7f466364b1e9ce22356c08bfeb,Seoul,Will the highest temperature in Seoul (Incheon) be 30°C on August 3?,101238530637815554499260516830619521395195599639783540482576819608199690422402,Yes,2026-08-01T21:09:10+00:00,0.015
0x5077d4db7784a743a6f107556b842c6cb6217e7f466364b1e9ce22356c08bfeb,Seoul,Will the highest temperature in Seoul (Incheon) be 30°C on August 3?,80260422533433067961451941766857874928213550962929425751745855867236219151288,No,2026-08-01T20:00:16+00:00,0.985
0x5077d4db7784a743a6f107556b842c6cb6217e7f466364b1e9ce22356c08bfeb,Seoul,Will the highest temperature in Seoul (Incheon) be 30°C on August 3?,80260422533433067961451941766857874928213550962929425751745855867236219151288,No,2026-08-01T21:00:15+00:00,0.985
0x5077d4db7784a743a6f107556b842c6cb6217e7f466364b1e9ce22356c08bfeb,Seoul,Will the highest temperature in Seoul (Incheon) be 30°C on August 3?,80260422533433067961451941766857874928213550962929425751745855867236219151288,No,2026-08-01T21:09:10+00:00,0.985
0xd9ffdb78e3ee0c13bda0d67c0265440f81d5950e8fbd47b4392a7c3c6c617434,Seoul,Will the highest temperature in Seoul (Incheon) be 31°C on August 3?,38080124324411207974918650319270791156581357621674078857083981687507486205727,Yes,2026-08-01T20:00:17+00:00,0.04
0xd9ffdb78e3ee0c13bda0d67c0265440f81d5950e8fbd47b4392a7c3c6c617434,Seoul,Will the highest temperature in Seoul (Incheon) be 31°C on August 3?,38080124324411207974918650319270791156581357621674078857083981687507486205727,Yes,2026-08-01T21:00:16+00:00,0.04
0xd9ffdb78e3ee0c13bda0d67c0265440f81d5950e8fbd47b4392a7c3c6c617434,Seoul,Will the highest temperature in Seoul (Incheon) be 31°C on August 3?,38080124324411207974918650319270791156581357621674078857083981687507486205727,Yes,2026-08-01T21:09:11+00:00,0.04
0xd9ffdb78e3ee0c13bda0d67c0265440f81d5950e8fbd47b4392a7c3c6c617434,Seoul,Will the highest temperature in Seoul (Incheon) be 31°C on August 3?,79923990922594974702631673106801180363047144418222480062725033493639851560970,No,2026-08-01T20:00:08+00:00,0.96
0xd9ffdb78e3ee0c13bda0d67c0265440f81d5950e8fbd47b4392a7c3c6c617434,Seoul,Will the highest temperature in Seoul (Incheon) be 31°C on August 3?,79923990922594974702631673106801180363047144418222480062725033493639851560970,No,2026-08-01T21:00:06+00:00,0.96
0xd9ffdb78e3ee0c13bda0d67c0265440f81d5950e8fbd47b4392a7c3c6c617434,Seoul,Will the highest temperature in Seoul (Incheon) be 31°C on August 3?,79923990922594974702631673106801180363047144418222480062725033493639851560970,No,2026-08-01T21:09:09+00:00,0.96
0x5648393f16ef0b29af4de0afae9cfda80cfdbb9d571757f2cd99afda5c12f7d2,Seoul,Will the highest temperature in Seoul (Incheon) be 32°C on August 3?,52221535427624441795577955719131289894453350380977129063393266688619643884337,Yes,2026-08-01T20:00:16+00:00,0.165
0x5648393f16ef0b29af4de0afae9cfda80cfdbb9d571757f2cd99afda5c12f7d2,Seoul,Will the highest temperature in Seoul (Incheon) be 32°C on August 3?,52221535427624441795577955719131289894453350380977129063393266688619643884337,Yes,2026-08-01T21:00:15+00:00,0.165
0x5648393f16ef0b29af4de0afae9cfda80cfdbb9d571757f2cd99afda5c12f7d2,Seoul,Will the highest temperature in Seoul (Incheon) be 32°C on August 3?,52221535427624441795577955719131289894453350380977129063393266688619643884337,Yes,2026-08-01T21:09:10+00:00,0.165
0x5648393f16ef0b29af4de0afae9cfda80cfdbb9d571757f2cd99afda5c12f7d2,Seoul,Will the highest temperature in Seoul (Incheon) be 32°C on August 3?,7951586462178082004409670482717787206192791814071903740125359630039668494027,No,2026-08-01T20:00:17+00:00,0.835
0x5648393f16ef0b29af4de0afae9cfda80cfdbb9d571757f2cd99afda5c12f7d2,Seoul,Will the highest temperature in Seoul (Incheon) be 32°C on August 3?,7951586462178082004409670482717787206192791814071903740125359630039668494027,No,2026-08-01T21:00:16+00:00,0.835
0x5648393f16ef0b29af4de0afae9cfda80cfdbb9d571757f2cd99afda5c12f7d2,Seoul,Will the highest temperature in Seoul (Incheon) be 32°C on August 3?,7951586462178082004409670482717787206192791814071903740125359630039668494027,No,2026-08-01T21:09:11+00:00,0.835
0x1bef035225cbb35b0edc5e491c928538f4b3511e74028bf086c9a8c93f2814b2,Seoul,Will the highest temperature in Seoul (Incheon) be 33°C on August 3?,29316291793843816974676779523628139041618991999576608532044158893921990323902,Yes,2026-08-01T20:00:17+00:00,0.3
0x1bef035225cbb35b0edc5e491c928538f4b3511e74028bf086c9a8c93f2814b2,Seoul,Will the highest temperature in Seoul (Incheon) be 33°C on August 3?,29316291793843816974676779523628139041618991999576608532044158893921990323902,Yes,2026-08-01T21:00:16+00:00,0.305
0x1bef035225cbb35b0edc5e491c928538f4b3511e74028bf086c9a8c93f2814b2,Seoul,Will the highest temperature in Seoul (Incheon) be 33°C on August 3?,29316291793843816974676779523628139041618991999576608532044158893921990323902,Yes,2026-08-01T21:09:11+00:00,0.305
0x1bef035225cbb35b0edc5e491c928538f4b3511e74028bf086c9a8c93f2814b2,Seoul,Will the highest temperature in Seoul (Incheon) be 33°C on August 3?,26092071645795977749473603126522887419087341706335746667308146468841573096368,No,2026-08-01T20:00:12+00:00,0.7
0x1bef035225cbb35b0edc5e491c928538f4b3511e74028bf086c9a8c93f2814b2,Seoul,Will the highest temperature in Seoul (Incheon) be 33°C on August 3?,26092071645795977749473603126522887419087341706335746667308146468841573096368,No,2026-08-01T21:00:08+00:00,0.695
0x1bef035225cbb35b0edc5e491c928538f4b3511e74028bf086c9a8c93f2814b2,Seoul,Will the highest temperature in Seoul (Incheon) be 33°C on August 3?,26092071645795977749473603126522887419087341706335746667308146468841573096368,No,2026-08-01T21:09:09+00:00,0.695
0x89e641d6d147f825b02bdf6b73956edf76998478b024598eb946361002678efb,Seoul,Will the highest temperature in Seoul (Incheon) be 34°C on August 3?,113134915936500517708215876201526228950667361363664880560772784709322764324754,Yes,2026-08-01T20:00:14+00:00,0.305
0x89e641d6d147f825b02bdf6b73956edf76998478b024598eb946361002678efb,Seoul,Will the highest temperature in Seoul (Incheon) be 34°C on August 3?,113134915936500517708215876201526228950667361363664880560772784709322764324754,Yes,2026-08-01T21:00:11+00:00,0.305
0x89e641d6d147f825b02bdf6b73956edf76998478b024598eb946361002678efb,Seoul,Will the highest temperature in Seoul (Incheon) be 34°C on August 3?,113134915936500517708215876201526228950667361363664880560772784709322764324754,Yes,2026-08-01T21:05:08+00:00,0.305
0x89e641d6d147f825b02bdf6b73956edf76998478b024598eb946361002678efb,Seoul,Will the highest temperature in Seoul (Incheon) be 34°C on August 3?,40237527169828490377186825662194589595506883989836002699199330755343885645908,No,2026-08-01T20:00:10+00:00,0.695
0x89e641d6d147f825b02bdf6b73956edf76998478b024598eb946361002678efb,Seoul,Will the highest temperature in Seoul (Incheon) be 34°C on August 3?,40237527169828490377186825662194589595506883989836002699199330755343885645908,No,2026-08-01T21:00:07+00:00,0.695
0x89e641d6d147f825b02bdf6b73956edf76998478b024598eb946361002678efb,Seoul,Will the highest temperature in Seoul (Incheon) be 34°C on August 3?,40237527169828490377186825662194589595506883989836002699199330755343885645908,No,2026-08-01T21:09:09+00:00,0.695
0x479df6862bda02f3bacc019dfe6f54d7420fb9d1e93f519e722bb251be660133,Seoul,Will the highest temperature in Seoul (Incheon) be 35°C on August 3?,40687768382475545255917692444169416057132137777732189019326267614171862871712,Yes,2026-08-01T20:00:15+00:00,0.165
0x479df6862bda02f3bacc019dfe6f54d7420fb9d1e93f519e722bb251be660133,Seoul,Will the highest temperature in Seoul (Incheon) be 35°C on August 3?,40687768382475545255917692444169416057132137777732189019326267614171862871712,Yes,2026-08-01T21:00:13+00:00,0.185
0x479df6862bda02f3bacc019dfe6f54d7420fb9d1e93f519e722bb251be660133,Seoul,Will the highest temperature in Seoul (Incheon) be 35°C on August 3?,40687768382475545255917692444169416057132137777732189019326267614171862871712,Yes,2026-08-01T21:09:10+00:00,0.19
0x479df6862bda02f3bacc019dfe6f54d7420fb9d1e93f519e722bb251be660133,Seoul,Will the highest temperature in Seoul (Incheon) be 35°C on August 3?,25727882130139248025497726534491192112164659525740650970194088763337662417426,No,2026-08-01T20:00:11+00:00,0.835
0x479df6862bda02f3bacc019dfe6f54d7420fb9d1e93f519e722bb251be660133,Seoul,Will the highest temperature in Seoul (Incheon) be 35°C on August 3?,25727882130139248025497726534491192112164659525740650970194088763337662417426,No,2026-08-01T21:00:08+00:00,0.815
0x479df6862bda02f3bacc019dfe6f54d7420fb9d1e93f519e722bb251be660133,Seoul,Will the highest temperature in Seoul (Incheon) be 35°C on August 3?,25727882130139248025497726534491192112164659525740650970194088763337662417426,No,2026-08-01T21:09:09+00:00,0.81
0x744b721e3e7518a947f639d05e843b1bce72fd849091addc83e132a4d3cf8d55,Seoul,Will the highest temperature in Seoul (Incheon) be 36°C or higher on August 3?,29312688799977404103899493175419211384402874775949612084288080453312250919767,Yes,2026-08-01T20:00:17+00:00,0.05
0x744b721e3e7518a947f639d05e843b1bce72fd849091addc83e132a4d3cf8d55,Seoul,Will the highest temperature in Seoul (Incheon) be 36°C or higher on August 3?,29312688799977404103899493175419211384402874775949612084288080453312250919767,Yes,2026-08-01T21:00:16+00:00,0.04
0x744b721e3e7518a947f639d05e843b1bce72fd849091addc83e132a4d3cf8d55,Seoul,Will the highest temperature in Seoul (Incheon) be 36°C or higher on August 3?,29312688799977404103899493175419211384402874775949612084288080453312250919767,Yes,2026-08-01T21:09:10+00:00,0.05
0x744b721e3e7518a947f639d05e843b1bce72fd849091addc83e132a4d3cf8d55,Seoul,Will the highest temperature in Seoul (Incheon) be 36°C or higher on August 3?,27337769490236350062193524621635349743426691022198152506765190344632434502175,No,2026-08-01T20:00:13+00:00,0.95
0x744b721e3e7518a947f639d05e843b1bce72fd849091addc83e132a4d3cf8d55,Seoul,Will the highest temperature in Seoul (Incheon) be 36°C or higher on August 3?,27337769490236350062193524621635349743426691022198152506765190344632434502175,No,2026-08-01T21:00:10+00:00,0.96
0x744b721e3e7518a947f639d05e843b1bce72fd849091addc83e132a4d3cf8d55,Seoul,Will the highest temperature in Seoul (Incheon) be 36°C or higher on August 3?,27337769490236350062193524621635349743426691022198152506765190344632434502175,No,2026-08-01T21:09:10+00:00,0.95
0x4f5706dacb730e106b7192349f8cd891f513f1adb3312a42241c7ad401cf7208,Seoul,Will the lowest temperature in Seoul (Incheon) be 22°C or below on August 3?,19304768798545970323388392819805344181532470584848703446649577941578728367053,Yes,2026-08-01T20:00:14+00:00,0.01
0x4f5706dacb730e106b7192349f8cd891f513f1adb3312a42241c7ad401cf7208,Seoul,Will the lowest temperature in Seoul (Incheon) be 22°C or below on August 3?,19304768798545970323388392819805344181532470584848703446649577941578728367053,Yes,2026-08-01T21:00:12+00:00,0.0065
0x4f5706dacb730e106b7192349f8cd891f513f1adb3312a42241c7ad401cf7208,Seoul,Will the lowest temperature in Seoul (Incheon) be 22°C or below on August 3?,19304768798545970323388392819805344181532470584848703446649577941578728367053,Yes,2026-08-01T21:09:10+00:00,0.0065
0x4f5706dacb730e106b7192349f8cd891f513f1adb3312a42241c7ad401cf7208,Seoul,Will the lowest temperature in Seoul (Incheon) be 22°C or below on August 3?,2549519625435199462095075168376197040900055468762196100994814370870136659412,No,2026-08-01T20:00:12+00:00,0.99
0x4f5706dacb730e106b7192349f8cd891f513f1adb3312a42241c7ad401cf7208,Seoul,Will the lowest temperature in Seoul (Incheon) be 22°C or below on August 3?,2549519625435199462095075168376197040900055468762196100994814370870136659412,No,2026-08-01T21:00:09+00:00,0.9935
0x4f5706dacb730e106b7192349f8cd891f513f1adb3312a42241c7ad401cf7208,Seoul,Will the lowest temperature in Seoul (Incheon) be 22°C or below on August 3?,2549519625435199462095075168376197040900055468762196100994814370870136659412,No,2026-08-01T21:09:10+00:00,0.9935
0x76e1ad50967cb80ed51f0b2bd6740642361a9d551e52f5666efc6bf898acc776,Seoul,Will the lowest temperature in Seoul (Incheon) be 23°C on August 3?,33762730700423962634100711253653079415581429473486598073691388967795084166914,Yes,2026-08-01T20:00:11+00:00,0.01
0x76e1ad50967cb80ed51f0b2bd6740642361a9d551e52f5666efc6bf898acc776,Seoul,Will the lowest temperature in Seoul (Incheon) be 23°C on August 3?,33762730700423962634100711253653079415581429473486598073691388967795084166914,Yes,2026-08-01T21:00:08+00:00,0.01
0x76e1ad50967cb80ed51f0b2bd6740642361a9d551e52f5666efc6bf898acc776,Seoul,Will the lowest temperature in Seoul (Incheon) be 23°C on August 3?,33762730700423962634100711253653079415581429473486598073691388967795084166914,Yes,2026-08-01T21:09:09+00:00,0.005
0x76e1ad50967cb80ed51f0b2bd6740642361a9d551e52f5666efc6bf898acc776,Seoul,Will the lowest temperature in Seoul (Incheon) be 23°C on August 3?,71458282688989725220721216435770009591927019743211464492012586676963514863868,No,2026-08-01T20:00:14+00:00,0.99
0x76e1ad50967cb80ed51f0b2bd6740642361a9d551e52f5666efc6bf898acc776,Seoul,Will the lowest temperature in Seoul (Incheon) be 23°C on August 3?,71458282688989725220721216435770009591927019743211464492012586676963514863868,No,2026-08-01T21:00:11+00:00,0.99
0x76e1ad50967cb80ed51f0b2bd6740642361a9d551e52f5666efc6bf898acc776,Seoul,Will the lowest temperature in Seoul (Incheon) be 23°C on August 3?,71458282688989725220721216435770009591927019743211464492012586676963514863868,No,2026-08-01T21:09:10+00:00,0.995
0xd6e7129d4c48369c5b8aed99c886033083450f1520381b433e5bdf9839005d15,Seoul,Will the lowest temperature in Seoul (Incheon) be 24°C on August 3?,12050031863920233952761815860497443658712595658104329672305985681351338797769,Yes,2026-08-01T20:00:17+00:00,0.015
0xd6e7129d4c48369c5b8aed99c886033083450f1520381b433e5bdf9839005d15,Seoul,Will the lowest temperature in Seoul (Incheon) be 24°C on August 3?,12050031863920233952761815860497443658712595658104329672305985681351338797769,Yes,2026-08-01T21:00:16+00:00,0.015
0xd6e7129d4c48369c5b8aed99c886033083450f1520381b433e5bdf9839005d15,Seoul,Will the lowest temperature in Seoul (Incheon) be 24°C on August 3?,12050031863920233952761815860497443658712595658104329672305985681351338797769,Yes,2026-08-01T21:09:11+00:00,0.015
0xd6e7129d4c48369c5b8aed99c886033083450f1520381b433e5bdf9839005d15,Seoul,Will the lowest temperature in Seoul (Incheon) be 24°C on August 3?,6812143188890971088265509733880795065671836502052354445853508499246570943180,No,2026-08-01T20:00:09+00:00,0.985
0xd6e7129d4c48369c5b8aed99c886033083450f1520381b433e5bdf9839005d15,Seoul,Will the lowest temperature in Seoul (Incheon) be 24°C on August 3?,6812143188890971088265509733880795065671836502052354445853508499246570943180,No,2026-08-01T21:00:07+00:00,0.985
0xd6e7129d4c48369c5b8aed99c886033083450f1520381b433e5bdf9839005d15,Seoul,Will the lowest temperature in Seoul (Incheon) be 24°C on August 3?,6812143188890971088265509733880795065671836502052354445853508499246570943180,No,2026-08-01T21:09:09+00:00,0.985
0x0110f6484cb9dd66fa105cc7f355a898967f3b39b2b0f35542da37b8d280a5ba,Seoul,Will the lowest temperature in Seoul (Incheon) be 25°C on August 3?,14940986401759379066183663876784902965066229537177409143188821633707190594869,Yes,2026-08-01T20:00:10+00:00,0.19
0x0110f6484cb9dd66fa105cc7f355a898967f3b39b2b0f35542da37b8d280a5ba,Seoul,Will the lowest temperature in Seoul (Incheon) be 25°C on August 3?,14940986401759379066183663876784902965066229537177409143188821633707190594869,Yes,2026-08-01T21:00:07+00:00,0.13
0x0110f6484cb9dd66fa105cc7f355a898967f3b39b2b0f35542da37b8d280a5ba,Seoul,Will the lowest temperature in Seoul (Incheon) be 25°C on August 3?,14940986401759379066183663876784902965066229537177409143188821633707190594869,Yes,2026-08-01T21:09:09+00:00,0.1
0x0110f6484cb9dd66fa105cc7f355a898967f3b39b2b0f35542da37b8d280a5ba,Seoul,Will the lowest temperature in Seoul (Incheon) be 25°C on August 3?,93177652207995115954663462066929883206426346018195387073887169479421255477939,No,2026-08-01T20:00:15+00:00,0.81
0x0110f6484cb9dd66fa105cc7f355a898967f3b39b2b0f35542da37b8d280a5ba,Seoul,Will the lowest temperature in Seoul (Incheon) be 25°C on August 3?,93177652207995115954663462066929883206426346018195387073887169479421255477939,No,2026-08-01T21:00:13+00:00,0.87
0x0110f6484cb9dd66fa105cc7f355a898967f3b39b2b0f35542da37b8d280a5ba,Seoul,Will the lowest temperature in Seoul (Incheon) be 25°C on August 3?,93177652207995115954663462066929883206426346018195387073887169479421255477939,No,2026-08-01T21:09:10+00:00,0.9
0x72f29c6f0120fb5ad17accc3a3ec0aba1e887190131cf1296e59711b022dab17,Seoul,Will the lowest temperature in Seoul (Incheon) be 26°C on August 3?,62364278266431607359182771879072765682020182640428463200206328581375319223112,Yes,2026-08-01T20:00:16+00:00,0.435
0x72f29c6f0120fb5ad17accc3a3ec0aba1e887190131cf1296e59711b022dab17,Seoul,Will the lowest temperature in Seoul (Incheon) be 26°C on August 3?,62364278266431607359182771879072765682020182640428463200206328581375319223112,Yes,2026-08-01T21:00:15+00:00,0.365
0x72f29c6f0120fb5ad17accc3a3ec0aba1e887190131cf1296e59711b022dab17,Seoul,Will the lowest temperature in Seoul (Incheon) be 26°C on August 3?,62364278266431607359182771879072765682020182640428463200206328581375319223112,Yes,2026-08-01T21:09:10+00:00,0.375
0x72f29c6f0120fb5ad17accc3a3ec0aba1e887190131cf1296e59711b022dab17,Seoul,Will the lowest temperature in Seoul (Incheon) be 26°C on August 3?,87642799481232844162723317477329349328480016322521221340186945586821334731707,No,2026-08-01T20:00:17+00:00,0.565
0x72f29c6f0120fb5ad17accc3a3ec0aba1e887190131cf1296e59711b022dab17,Seoul,Will the lowest temperature in Seoul (Incheon) be 26°C on August 3?,87642799481232844162723317477329349328480016322521221340186945586821334731707,No,2026-08-01T21:00:16+00:00,0.635
0x72f29c6f0120fb5ad17accc3a3ec0aba1e887190131cf1296e59711b022dab17,Seoul,Will the lowest temperature in Seoul (Incheon) be 26°C on August 3?,87642799481232844162723317477329349328480016322521221340186945586821334731707,No,2026-08-01T21:09:11+00:00,0.625
0x1c440b52c8c0eaae7c813a600cf3c77f25bc7d356b524235209dd03093f38107,Seoul,Will the lowest temperature in Seoul (Incheon) be 27°C on August 3?,91489842049040640579323134499676901052489838338593971699374348817276260789623,Yes,2026-08-01T20:00:12+00:00,0.34
0x1c440b52c8c0eaae7c813a600cf3c77f25bc7d356b524235209dd03093f38107,Seoul,Will the lowest temperature in Seoul (Incheon) be 27°C on August 3?,91489842049040640579323134499676901052489838338593971699374348817276260789623,Yes,2026-08-01T21:00:09+00:00,0.46
0x1c440b52c8c0eaae7c813a600cf3c77f25bc7d356b524235209dd03093f38107,Seoul,Will the lowest temperature in Seoul (Incheon) be 27°C on August 3?,91489842049040640579323134499676901052489838338593971699374348817276260789623,Yes,2026-08-01T21:09:10+00:00,0.47
0x1c440b52c8c0eaae7c813a600cf3c77f25bc7d356b524235209dd03093f38107,Seoul,Will the lowest temperature in Seoul (Incheon) be 27°C on August 3?,54123283524315491731840654494306130826187267681991947221777095424730801123962,No,2026-08-01T20:00:10+00:00,0.66
0x1c440b52c8c0eaae7c813a600cf3c77f25bc7d356b524235209dd03093f38107,Seoul,Will the lowest temperature in Seoul (Incheon) be 27°C on August 3?,54123283524315491731840654494306130826187267681991947221777095424730801123962,No,2026-08-01T21:00:07+00:00,0.54
0x1c440b52c8c0eaae7c813a600cf3c77f25bc7d356b524235209dd03093f38107,Seoul,Will the lowest temperature in Seoul (Incheon) be 27°C on August 3?,54123283524315491731840654494306130826187267681991947221777095424730801123962,No,2026-08-01T21:09:09+00:00,0.53
0x1a1af152fd0b9651ba06cd8f3856591ce07c246967e287df59b2e77bf4b99f41,Seoul,Will the lowest temperature in Seoul (Incheon) be 28°C on August 3?,29231842697368448416281492408753948117416951986521778286192321259525714337815,Yes,2026-08-01T20:00:11+00:00,0.06
0x1a1af152fd0b9651ba06cd8f3856591ce07c246967e287df59b2e77bf4b99f41,Seoul,Will the lowest temperature in Seoul (Incheon) be 28°C on August 3?,29231842697368448416281492408753948117416951986521778286192321259525714337815,Yes,2026-08-01T21:00:08+00:00,0.04
0x1a1af152fd0b9651ba06cd8f3856591ce07c246967e287df59b2e77bf4b99f41,Seoul,Will the lowest temperature in Seoul (Incheon) be 28°C on August 3?,29231842697368448416281492408753948117416951986521778286192321259525714337815,Yes,2026-08-01T21:09:09+00:00,0.04
0x1a1af152fd0b9651ba06cd8f3856591ce07c246967e287df59b2e77bf4b99f41,Seoul,Will the lowest temperature in Seoul (Incheon) be 28°C on August 3?,101061933609098622073989890234533727076238229485732838958660398682246689860907,No,2026-08-01T20:00:14+00:00,0.94
0x1a1af152fd0b9651ba06cd8f3856591ce07c246967e287df59b2e77bf4b99f41,Seoul,Will the lowest temperature in Seoul (Incheon) be 28°C on August 3?,101061933609098622073989890234533727076238229485732838958660398682246689860907,No,2026-08-01T21:00:12+00:00,0.96
0x1a1af152fd0b9651ba06cd8f3856591ce07c246967e287df59b2e77bf4b99f41,Seoul,Will the lowest temperature in Seoul (Incheon) be 28°C on August 3?,101061933609098622073989890234533727076238229485732838958660398682246689860907,No,2026-08-01T21:09:10+00:00,0.96
0xfdaefbadcd40a368da5f154f844119d7218e768c9d2eed817d29c9316b45e158,Seoul,Will the lowest temperature in Seoul (Incheon) be 29°C on August 3?,24994189840418237110694694995813177265239363488806984251331728721929958201718,Yes,2026-08-01T20:00:12+00:00,0.005
0xfdaefbadcd40a368da5f154f844119d7218e768c9d2eed817d29c9316b45e158,Seoul,Will the lowest temperature in Seoul (Incheon) be 29°C on August 3?,24994189840418237110694694995813177265239363488806984251331728721929958201718,Yes,2026-08-01T21:00:08+00:00,0.005
0xfdaefbadcd40a368da5f154f844119d7218e768c9d2eed817d29c9316b45e158,Seoul,Will the lowest temperature in Seoul (Incheon) be 29°C on August 3?,24994189840418237110694694995813177265239363488806984251331728721929958201718,Yes,2026-08-01T21:09:09+00:00,0.005
0xfdaefbadcd40a368da5f154f844119d7218e768c9d2eed817d29c9316b45e158,Seoul,Will the lowest temperature in Seoul (Incheon) be 29°C on August 3?,26557972669761113788718743838780715808772883338400271448434320069914928827886,No,2026-08-01T20:00:11+00:00,0.995
0xfdaefbadcd40a368da5f154f844119d7218e768c9d2eed817d29c9316b45e158,Seoul,Will the lowest temperature in Seoul (Incheon) be 29°C on August 3?,26557972669761113788718743838780715808772883338400271448434320069914928827886,No,2026-08-01T21:00:08+00:00,0.995
0xfdaefbadcd40a368da5f154f844119d7218e768c9d2eed817d29c9316b45e158,Seoul,Will the lowest temperature in Seoul (Incheon) be 29°C on August 3?,26557972669761113788718743838780715808772883338400271448434320069914928827886,No,2026-08-01T21:09:09+00:00,0.995
0x0a73c5db7ec757435fd75bbfc4d2b70c8f6f4f25651f5fa969012cf6e4b9f51e,Seoul,Will the lowest temperature in Seoul (Incheon) be 30°C on August 3?,17638729551843754336270293222930968045561392552860310884771035912080283919009,Yes,2026-08-01T20:00:13+00:00,0.0055
0x0a73c5db7ec757435fd75bbfc4d2b70c8f6f4f25651f5fa969012cf6e4b9f51e,Seoul,Will the lowest temperature in Seoul (Incheon) be 30°C on August 3?,17638729551843754336270293222930968045561392552860310884771035912080283919009,Yes,2026-08-01T21:00:10+00:00,0.005
0x0a73c5db7ec757435fd75bbfc4d2b70c8f6f4f25651f5fa969012cf6e4b9f51e,Seoul,Will the lowest temperature in Seoul (Incheon) be 30°C on August 3?,17638729551843754336270293222930968045561392552860310884771035912080283919009,Yes,2026-08-01T21:09:10+00:00,0.005
0x0a73c5db7ec757435fd75bbfc4d2b70c8f6f4f25651f5fa969012cf6e4b9f51e,Seoul,Will the lowest temperature in Seoul (Incheon) be 30°C on August 3?,77848974197965927375596086290185410105163641052717592185054087992385557194544,No,2026-08-01T20:00:11+00:00,0.9945
0x0a73c5db7ec757435fd75bbfc4d2b70c8f6f4f25651f5fa969012cf6e4b9f51e,Seoul,Will the lowest temperature in Seoul (Incheon) be 30°C on August 3?,77848974197965927375596086290185410105163641052717592185054087992385557194544,No,2026-08-01T21:00:08+00:00,0.995
0x0a73c5db7ec757435fd75bbfc4d2b70c8f6f4f25651f5fa969012cf6e4b9f51e,Seoul,Will the lowest temperature in Seoul (Incheon) be 30°C on August 3?,77848974197965927375596086290185410105163641052717592185054087992385557194544,No,2026-08-01T21:09:09+00:00,0.995
0xa53d45465b762af74ff2fc574e10f3706874b51392a8815a97a7b61e4569d112,Seoul,Will the lowest temperature in Seoul (Incheon) be 31°C on August 3?,40784935173192007211844364582585870824585925291905233520131158591403675175354,Yes,2026-08-01T20:00:10+00:00,0.002
0xa53d45465b762af74ff2fc574e10f3706874b51392a8815a97a7b61e4569d112,Seoul,Will the lowest temperature in Seoul (Incheon) be 31°C on August 3?,40784935173192007211844364582585870824585925291905233520131158591403675175354,Yes,2026-08-01T21:00:07+00:00,0.002
0xa53d45465b762af74ff2fc574e10f3706874b51392a8815a97a7b61e4569d112,Seoul,Will the lowest temperature in Seoul (Incheon) be 31°C on August 3?,40784935173192007211844364582585870824585925291905233520131158591403675175354,Yes,2026-08-01T21:09:09+00:00,0.002
0xa53d45465b762af74ff2fc574e10f3706874b51392a8815a97a7b61e4569d112,Seoul,Will the lowest temperature in Seoul (Incheon) be 31°C on August 3?,76829747605007687361713253796770755384392365088780364813662325646482500969097,No,2026-08-01T20:00:15+00:00,0.998
0xa53d45465b762af74ff2fc574e10f3706874b51392a8815a97a7b61e4569d112,Seoul,Will the lowest temperature in Seoul (Incheon) be 31°C on August 3?,76829747605007687361713253796770755384392365088780364813662325646482500969097,No,2026-08-01T21:00:13+00:00,0.998
0xa53d45465b762af74ff2fc574e10f3706874b51392a8815a97a7b61e4569d112,Seoul,Will the lowest temperature in Seoul (Incheon) be 31°C on August 3?,76829747605007687361713253796770755384392365088780364813662325646482500969097,No,2026-08-01T21:09:10+00:00,0.998
0x88f565493dab4cd5d968442e560be54d061fafbfc21a4088bc64db0ab9cd5cbe,Seoul,Will the lowest temperature in Seoul (Incheon) be 32°C or higher on August 3?,94856981787231930545697220797260030950686079648822350093735514339549987394485,Yes,2026-08-01T20:00:11+00:00,0.0015
0x88f565493dab4cd5d968442e560be54d061fafbfc21a4088bc64db0ab9cd5cbe,Seoul,Will the lowest temperature in Seoul (Incheon) be 32°C or higher on August 3?,94856981787231930545697220797260030950686079648822350093735514339549987394485,Yes,2026-08-01T21:00:08+00:00,0.0015
0x88f565493dab4cd5d968442e560be54d061fafbfc21a4088bc64db0ab9cd5cbe,Seoul,Will the lowest temperature in Seoul (Incheon) be 32°C or higher on August 3?,94856981787231930545697220797260030950686079648822350093735514339549987394485,Yes,2026-08-01T21:09:09+00:00,0.0015
0x88f565493dab4cd5d968442e560be54d061fafbfc21a4088bc64db0ab9cd5cbe,Seoul,Will the lowest temperature in Seoul (Incheon) be 32°C or higher on August 3?,80525245882727147218680440284841179950544928458391908761742448715224446019190,No,2026-08-01T20:00:15+00:00,0.9985
0x88f565493dab4cd5d968442e560be54d061fafbfc21a4088bc64db0ab9cd5cbe,Seoul,Will the lowest temperature in Seoul (Incheon) be 32°C or higher on August 3?,80525245882727147218680440284841179950544928458391908761742448715224446019190,No,2026-08-01T21:00:13+00:00,0.9985
0x88f565493dab4cd5d968442e560be54d061fafbfc21a4088bc64db0ab9cd5cbe,Seoul,Will the lowest temperature in Seoul (Incheon) be 32°C or higher on August 3?,80525245882727147218680440284841179950544928458391908761742448715224446019190,No,2026-08-01T21:09:10+00:00,0.9985
0x8f4406d40b378090cdd8a9970139902e9bdbb61551d8ce0c23f17c3ce2dad43d,Seoul,Will the highest temperature in Seoul (Incheon) be 25°C or below on August 2?,66591222604066173930886596094423873354352691380395447631434150156295673886229,Yes,2026-08-01T22:00:07+00:00,0.0005
0x8f4406d40b378090cdd8a9970139902e9bdbb61551d8ce0c23f17c3ce2dad43d,Seoul,Will the highest temperature in Seoul (Incheon) be 25°C or below on August 2?,66591222604066173930886596094423873354352691380395447631434150156295673886229,Yes,2026-08-01T22:11:06+00:00,0.0005
0x8f4406d40b378090cdd8a9970139902e9bdbb61551d8ce0c23f17c3ce2dad43d,Seoul,Will the highest temperature in Seoul (Incheon) be 25°C or below on August 2?,93405891591771185256775226005347019850765450472511385041529194842194427845773,No,2026-08-01T22:00:11+00:00,0.9995
0x8f4406d40b378090cdd8a9970139902e9bdbb61551d8ce0c23f17c3ce2dad43d,Seoul,Will the highest temperature in Seoul (Incheon) be 25°C or below on August 2?,93405891591771185256775226005347019850765450472511385041529194842194427845773,No,2026-08-01T22:11:08+00:00,0.9995
0xcae18aa5d40e7b3403b29a51220f6b17d6e1322ffc9956fe858e2b53e130635f,Seoul,Will the highest temperature in Seoul (Incheon) be 26°C on August 2?,81481110514278542626930507844811703448404965274860694710496995680553432251247,Yes,2026-08-01T22:00:07+00:00,0.0005
0xcae18aa5d40e7b3403b29a51220f6b17d6e1322ffc9956fe858e2b53e130635f,Seoul,Will the highest temperature in Seoul (Incheon) be 26°C on August 2?,81481110514278542626930507844811703448404965274860694710496995680553432251247,Yes,2026-08-01T22:11:06+00:00,0.0005
0xcae18aa5d40e7b3403b29a51220f6b17d6e1322ffc9956fe858e2b53e130635f,Seoul,Will the highest temperature in Seoul (Incheon) be 26°C on August 2?,77288735134001822348300792724220724146081130234033681707214130486481563994507,No,2026-08-01T22:00:14+00:00,0.9995
0xcae18aa5d40e7b3403b29a51220f6b17d6e1322ffc9956fe858e2b53e130635f,Seoul,Will the highest temperature in Seoul (Incheon) be 26°C on August 2?,77288735134001822348300792724220724146081130234033681707214130486481563994507,No,2026-08-01T22:11:09+00:00,0.9995
0xbcdb3b84d1bcdb26bd926edcbc0a97843473895ab32b0f93026e8c5b5440edcc,Seoul,Will the highest temperature in Seoul (Incheon) be 27°C on August 2?,52071578477397742358270108169412729454608105443989825083153315204367919533539,Yes,2026-08-01T22:00:12+00:00,0.0005
0xbcdb3b84d1bcdb26bd926edcbc0a97843473895ab32b0f93026e8c5b5440edcc,Seoul,Will the highest temperature in Seoul (Incheon) be 27°C on August 2?,52071578477397742358270108169412729454608105443989825083153315204367919533539,Yes,2026-08-01T22:11:08+00:00,0.0005
0xbcdb3b84d1bcdb26bd926edcbc0a97843473895ab32b0f93026e8c5b5440edcc,Seoul,Will the highest temperature in Seoul (Incheon) be 27°C on August 2?,83591289135596541564475690443763462449720930757118372521971893083114166498987,No,2026-08-01T22:00:13+00:00,0.9995
0xbcdb3b84d1bcdb26bd926edcbc0a97843473895ab32b0f93026e8c5b5440edcc,Seoul,Will the highest temperature in Seoul (Incheon) be 27°C on August 2?,83591289135596541564475690443763462449720930757118372521971893083114166498987,No,2026-08-01T22:11:08+00:00,0.9995
0x53c5e8c9174d92d924c2491d0d7948a3b55be3b6dc8873c3028dbe67ca94e0b5,Seoul,Will the highest temperature in Seoul (Incheon) be 28°C on August 2?,43044295978222182011879510432422381823165143999313027721743140069122703134751,Yes,2026-08-01T22:00:13+00:00,0.0005
0x53c5e8c9174d92d924c2491d0d7948a3b55be3b6dc8873c3028dbe67ca94e0b5,Seoul,Will the highest temperature in Seoul (Incheon) be 28°C on August 2?,43044295978222182011879510432422381823165143999313027721743140069122703134751,Yes,2026-08-01T22:11:08+00:00,0.0005
0x53c5e8c9174d92d924c2491d0d7948a3b55be3b6dc8873c3028dbe67ca94e0b5,Seoul,Will the highest temperature in Seoul (Incheon) be 28°C on August 2?,110481543834093466495769889817048072781271615100080699131528943062304188633780,No,2026-08-01T22:00:15+00:00,0.9995
0x53c5e8c9174d92d924c2491d0d7948a3b55be3b6dc8873c3028dbe67ca94e0b5,Seoul,Will the highest temperature in Seoul (Incheon) be 28°C on August 2?,110481543834093466495769889817048072781271615100080699131528943062304188633780,No,2026-08-01T22:11:09+00:00,0.9995
0x037d7c0a086965735f9c6a394933c0ee0cc2a5500b138429dd7e8e9550aa1058,Seoul,Will the highest temperature in Seoul (Incheon) be 29°C on August 2?,71681723775256219499297835992107963815141981243112474277021631906406235771427,Yes,2026-08-01T22:00:16+00:00,0.002
0x037d7c0a086965735f9c6a394933c0ee0cc2a5500b138429dd7e8e9550aa1058,Seoul,Will the highest temperature in Seoul (Incheon) be 29°C on August 2?,71681723775256219499297835992107963815141981243112474277021631906406235771427,Yes,2026-08-01T22:11:09+00:00,0.002
0x037d7c0a086965735f9c6a394933c0ee0cc2a5500b138429dd7e8e9550aa1058,Seoul,Will the highest temperature in Seoul (Incheon) be 29°C on August 2?,27539645705331745296781738391459692602200928960699436958546793601011806194379,No,2026-08-01T22:00:09+00:00,0.998
0x037d7c0a086965735f9c6a394933c0ee0cc2a5500b138429dd7e8e9550aa1058,Seoul,Will the highest temperature in Seoul (Incheon) be 29°C on August 2?,27539645705331745296781738391459692602200928960699436958546793601011806194379,No,2026-08-01T22:11:07+00:00,0.998
0x1816582f5b156591cc0b6fb53c14f2db5f407b727b1d4b504f1f670a21936896,Seoul,Will the highest temperature in Seoul (Incheon) be 30°C on August 2?,70648478783912744186273943880836846795149460969403616902910007761529959614009,Yes,2026-08-01T22:00:09+00:00,0.015
0x1816582f5b156591cc0b6fb53c14f2db5f407b727b1d4b504f1f670a21936896,Seoul,Will the highest temperature in Seoul (Incheon) be 30°C on August 2?,70648478783912744186273943880836846795149460969403616902910007761529959614009,Yes,2026-08-01T22:11:07+00:00,0.015
0x1816582f5b156591cc0b6fb53c14f2db5f407b727b1d4b504f1f670a21936896,Seoul,Will the highest temperature in Seoul (Incheon) be 30°C on August 2?,67221079191086699567013885351143564705876631397186001184348791550292030782300,No,2026-08-01T22:00:13+00:00,0.985
0x1816582f5b156591cc0b6fb53c14f2db5f407b727b1d4b504f1f670a21936896,Seoul,Will the highest temperature in Seoul (Incheon) be 30°C on August 2?,67221079191086699567013885351143564705876631397186001184348791550292030782300,No,2026-08-01T22:11:08+00:00,0.985
0xfbdda32f781dc6577e9fa7cfe3eb99302b0f058b11aa23cda2d6e4b98c6c23f0,Seoul,Will the highest temperature in Seoul (Incheon) be 31°C on August 2?,106164195963322539237600867004010571681833413116457277735386195213485645273154,Yes,2026-08-01T22:00:08+00:00,0.145
0xfbdda32f781dc6577e9fa7cfe3eb99302b0f058b11aa23cda2d6e4b98c6c23f0,Seoul,Will the highest temperature in Seoul (Incheon) be 31°C on August 2?,106164195963322539237600867004010571681833413116457277735386195213485645273154,Yes,2026-08-01T22:11:07+00:00,0.145
0xfbdda32f781dc6577e9fa7cfe3eb99302b0f058b11aa23cda2d6e4b98c6c23f0,Seoul,Will the highest temperature in Seoul (Incheon) be 31°C on August 2?,19080726419775090995774552719309189099605108646416762776042932669141431077792,No,2026-08-01T22:00:12+00:00,0.855
0xfbdda32f781dc6577e9fa7cfe3eb99302b0f058b11aa23cda2d6e4b98c6c23f0,Seoul,Will the highest temperature in Seoul (Incheon) be 31°C on August 2?,19080726419775090995774552719309189099605108646416762776042932669141431077792,No,2026-08-01T22:11:08+00:00,0.855
0x6de471316b2b2e13ca7523d7b6502318a44df17efabc05fa749257ecbc775918,Seoul,Will the highest temperature in Seoul (Incheon) be 32°C on August 2?,74726348295018315903000947656994195116142219970397544460284135519691024583171,Yes,2026-08-01T22:00:14+00:00,0.465
0x6de471316b2b2e13ca7523d7b6502318a44df17efabc05fa749257ecbc775918,Seoul,Will the highest temperature in Seoul (Incheon) be 32°C on August 2?,74726348295018315903000947656994195116142219970397544460284135519691024583171,Yes,2026-08-01T22:11:09+00:00,0.465
0x6de471316b2b2e13ca7523d7b6502318a44df17efabc05fa749257ecbc775918,Seoul,Will the highest temperature in Seoul (Incheon) be 32°C on August 2?,44678106903686385973066516921024786470531296063310778938154206637111437592430,No,2026-08-01T22:00:14+00:00,0.535
0x6de471316b2b2e13ca7523d7b6502318a44df17efabc05fa749257ecbc775918,Seoul,Will the highest temperature in Seoul (Incheon) be 32°C on August 2?,44678106903686385973066516921024786470531296063310778938154206637111437592430,No,2026-08-01T22:11:09+00:00,0.535
0xd4bbc787b84a7b2691bdea4d3342113f6f2f56612874ab1a55a610de38adf7f4,Seoul,Will the highest temperature in Seoul (Incheon) be 33°C on August 2?,115626287630871567564999197285022189562919775071226954908808204444889660373563,Yes,2026-08-01T22:00:12+00:00,0.265
0xd4bbc787b84a7b2691bdea4d3342113f6f2f56612874ab1a55a610de38adf7f4,Seoul,Will the highest temperature in Seoul (Incheon) be 33°C on August 2?,115626287630871567564999197285022189562919775071226954908808204444889660373563,Yes,2026-08-01T22:11:08+00:00,0.275
0xd4bbc787b84a7b2691bdea4d3342113f6f2f56612874ab1a55a610de38adf7f4,Seoul,Will the highest temperature in Seoul (Incheon) be 33°C on August 2?,22480372213996193167953416279209498495429127108874111596485542091610426173913,No,2026-08-01T22:00:07+00:00,0.735
0xd4bbc787b84a7b2691bdea4d3342113f6f2f56612874ab1a55a610de38adf7f4,Seoul,Will the highest temperature in Seoul (Incheon) be 33°C on August 2?,22480372213996193167953416279209498495429127108874111596485542091610426173913,No,2026-08-01T22:11:06+00:00,0.725
0xd9becfec66c3181649e0612818f6e42d483aa51af23ad84ce8564118ecd858d6,Seoul,Will the highest temperature in Seoul (Incheon) be 34°C on August 2?,107876850448483719708555188347639794949505190656708025785576223466627497209386,Yes,2026-08-01T22:00:14+00:00,0.11
0xd9becfec66c3181649e0612818f6e42d483aa51af23ad84ce8564118ecd858d6,Seoul,Will the highest temperature in Seoul (Incheon) be 34°C on August 2?,107876850448483719708555188347639794949505190656708025785576223466627497209386,Yes,2026-08-01T22:11:09+00:00,0.1
0xd9becfec66c3181649e0612818f6e42d483aa51af23ad84ce8564118ecd858d6,Seoul,Will the highest temperature in Seoul (Incheon) be 34°C on August 2?,3952571701804725222106174106305870655525807574089789055184986059272487951377,No,2026-08-01T22:00:09+00:00,0.89
0xd9becfec66c3181649e0612818f6e42d483aa51af23ad84ce8564118ecd858d6,Seoul,Will the highest temperature in Seoul (Incheon) be 34°C on August 2?,3952571701804725222106174106305870655525807574089789055184986059272487951377,No,2026-08-01T22:11:07+00:00,0.9
0x0155c0dd906bcb1b5fd3fb8673a54b70973ad9d4865438b410eec1a5f24d576d,Seoul,Will the highest temperature in Seoul (Incheon) be 35°C or higher on August 2?,59604589291894658609447211929535156814738724975861670094035227485370658205565,Yes,2026-08-01T22:00:08+00:00,0.024
0x0155c0dd906bcb1b5fd3fb8673a54b70973ad9d4865438b410eec1a5f24d576d,Seoul,Will the highest temperature in Seoul (Incheon) be 35°C or higher on August 2?,59604589291894658609447211929535156814738724975861670094035227485370658205565,Yes,2026-08-01T22:11:07+00:00,0.0365
0x0155c0dd906bcb1b5fd3fb8673a54b70973ad9d4865438b410eec1a5f24d576d,Seoul,Will the highest temperature in Seoul (Incheon) be 35°C or higher on August 2?,25613889125737923557243960688368541919118413674820123896619160087054458849880,No,2026-08-01T22:00:12+00:00,0.976
0x0155c0dd906bcb1b5fd3fb8673a54b70973ad9d4865438b410eec1a5f24d576d,Seoul,Will the highest temperature in Seoul (Incheon) be 35°C or higher on August 2?,25613889125737923557243960688368541919118413674820123896619160087054458849880,No,2026-08-01T22:11:08+00:00,0.9635
0x99b6a2d2fd56b202337b210ca0042191e7c52d063713149141866df8efe00c0b,Seoul,Will the lowest temperature in Seoul (Incheon) be 22°C or below on August 2?,32086589326295922812945226397892233452125516547137932400641554731205404271134,Yes,2026-08-01T22:00:08+00:00,0.003
0x99b6a2d2fd56b202337b210ca0042191e7c52d063713149141866df8efe00c0b,Seoul,Will the lowest temperature in Seoul (Incheon) be 22°C or below on August 2?,32086589326295922812945226397892233452125516547137932400641554731205404271134,Yes,2026-08-01T22:11:07+00:00,0.003
0x99b6a2d2fd56b202337b210ca0042191e7c52d063713149141866df8efe00c0b,Seoul,Will the lowest temperature in Seoul (Incheon) be 22°C or below on August 2?,20549732338262514944971869238923177022206302651899668736183077413124966948048,No,2026-08-01T22:00:12+00:00,0.997
0x99b6a2d2fd56b202337b210ca0042191e7c52d063713149141866df8efe00c0b,Seoul,Will the lowest temperature in Seoul (Incheon) be 22°C or below on August 2?,20549732338262514944971869238923177022206302651899668736183077413124966948048,No,2026-08-01T22:11:08+00:00,0.997
0x7a9ba158411e657c361af63c83da8a98be8108d2cf485d8201f97138ff0c4381,Seoul,Will the lowest temperature in Seoul (Incheon) be 23°C on August 2?,19661085223192458304692828038097321745168161382613501944948638613504867667424,Yes,2026-08-01T22:00:16+00:00,0.0045
0x7a9ba158411e657c361af63c83da8a98be8108d2cf485d8201f97138ff0c4381,Seoul,Will the lowest temperature in Seoul (Incheon) be 23°C on August 2?,19661085223192458304692828038097321745168161382613501944948638613504867667424,Yes,2026-08-01T22:11:09+00:00,0.0045
0x7a9ba158411e657c361af63c83da8a98be8108d2cf485d8201f97138ff0c4381,Seoul,Will the lowest temperature in Seoul (Incheon) be 23°C on August 2?,8328514249599522178096918297429218437168427241709249707354698263723471643030,No,2026-08-01T22:00:07+00:00,0.9955
0x7a9ba158411e657c361af63c83da8a98be8108d2cf485d8201f97138ff0c4381,Seoul,Will the lowest temperature in Seoul (Incheon) be 23°C on August 2?,8328514249599522178096918297429218437168427241709249707354698263723471643030,No,2026-08-01T22:11:06+00:00,0.9955
0x65c3b452e7f70a2f38d204c00c4cd25378e1e2d1f7195cd576e3617f37ad07ef,Seoul,Will the lowest temperature in Seoul (Incheon) be 24°C on August 2?,53388676400618047283806831984927227381993774787270054910331744960587712738059,Yes,2026-08-01T22:00:07+00:00,0.0055
0x65c3b452e7f70a2f38d204c00c4cd25378e1e2d1f7195cd576e3617f37ad07ef,Seoul,Will the lowest temperature in Seoul (Incheon) be 24°C on August 2?,53388676400618047283806831984927227381993774787270054910331744960587712738059,Yes,2026-08-01T22:11:06+00:00,0.0055
0x65c3b452e7f70a2f38d204c00c4cd25378e1e2d1f7195cd576e3617f37ad07ef,Seoul,Will the lowest temperature in Seoul (Incheon) be 24°C on August 2?,29290337112977534161755325275556575348646726680771017211353175010422934770795,No,2026-08-01T22:00:07+00:00,0.9945
0x65c3b452e7f70a2f38d204c00c4cd25378e1e2d1f7195cd576e3617f37ad07ef,Seoul,Will the lowest temperature in Seoul (Incheon) be 24°C on August 2?,29290337112977534161755325275556575348646726680771017211353175010422934770795,No,2026-08-01T22:11:07+00:00,0.9945
0x52f513ce450283a9d96cd2621314260c20e86f3c95e3aad52b8eba7e7e93580d,Seoul,Will the lowest temperature in Seoul (Incheon) be 25°C on August 2?,99293531477611937554618064290984847735394200470457772593685205323497483466794,Yes,2026-08-01T22:00:16+00:00,0.0245
0x52f513ce450283a9d96cd2621314260c20e86f3c95e3aad52b8eba7e7e93580d,Seoul,Will the lowest temperature in Seoul (Incheon) be 25°C on August 2?,99293531477611937554618064290984847735394200470457772593685205323497483466794,Yes,2026-08-01T22:11:09+00:00,0.023
0x52f513ce450283a9d96cd2621314260c20e86f3c95e3aad52b8eba7e7e93580d,Seoul,Will the lowest temperature in Seoul (Incheon) be 25°C on August 2?,93863809335877655361574018550390358957805615973014291278437717165081279939479,No,2026-08-01T22:00:07+00:00,0.9755
0x52f513ce450283a9d96cd2621314260c20e86f3c95e3aad52b8eba7e7e93580d,Seoul,Will the lowest temperature in Seoul (Incheon) be 25°C on August 2?,93863809335877655361574018550390358957805615973014291278437717165081279939479,No,2026-08-01T22:11:06+00:00,0.977
0xad865a991ed23049ff8a9f73175335e78c06499ce47cf6295a9043956bc2744e,Seoul,Will the lowest temperature in Seoul (Incheon) be 26°C on August 2?,55406766889916708736508872335887761858017890793354588280479341906145411657538,Yes,2026-08-01T22:00:07+00:00,0.05
0xad865a991ed23049ff8a9f73175335e78c06499ce47cf6295a9043956bc2744e,Seoul,Will the lowest temperature in Seoul (Incheon) be 26°C on August 2?,55406766889916708736508872335887761858017890793354588280479341906145411657538,Yes,2026-08-01T22:11:07+00:00,0.05
0xad865a991ed23049ff8a9f73175335e78c06499ce47cf6295a9043956bc2744e,Seoul,Will the lowest temperature in Seoul (Incheon) be 26°C on August 2?,33906879690735312915797602178330062529267396436102044709518654311404878413632,No,2026-08-01T22:00:07+00:00,0.95
0xad865a991ed23049ff8a9f73175335e78c06499ce47cf6295a9043956bc2744e,Seoul,Will the lowest temperature in Seoul (Incheon) be 26°C on August 2?,33906879690735312915797602178330062529267396436102044709518654311404878413632,No,2026-08-01T22:11:06+00:00,0.95
0x17357867978f6f333e03ff4075744a83324835b922efc07640200574d555d507,Seoul,Will the lowest temperature in Seoul (Incheon) be 27°C on August 2?,103270084214336426316313599841004814479063965338598824048322564869168251898064,Yes,2026-08-01T22:00:09+00:00,0.935
0x17357867978f6f333e03ff4075744a83324835b922efc07640200574d555d507,Seoul,Will the lowest temperature in Seoul (Incheon) be 27°C on August 2?,103270084214336426316313599841004814479063965338598824048322564869168251898064,Yes,2026-08-01T22:11:07+00:00,0.935
0x17357867978f6f333e03ff4075744a83324835b922efc07640200574d555d507,Seoul,Will the lowest temperature in Seoul (Incheon) be 27°C on August 2?,48633960370269540040105950802709725855097489138331361067761713585827335484662,No,2026-08-01T22:00:12+00:00,0.065
0x17357867978f6f333e03ff4075744a83324835b922efc07640200574d555d507,Seoul,Will the lowest temperature in Seoul (Incheon) be 27°C on August 2?,48633960370269540040105950802709725855097489138331361067761713585827335484662,No,2026-08-01T22:11:08+00:00,0.065
0xfa3817f91b09562475ceb5c5db864aa564fe809eeb85fe1a4a5853eea4ea21ec,Seoul,Will the lowest temperature in Seoul (Incheon) be 28°C on August 2?,57232593022187790465577088208849339503057148464937128411504488702218250455540,Yes,2026-08-01T22:00:08+00:00,0.001
0xfa3817f91b09562475ceb5c5db864aa564fe809eeb85fe1a4a5853eea4ea21ec,Seoul,Will the lowest temperature in Seoul (Incheon) be 28°C on August 2?,57232593022187790465577088208849339503057148464937128411504488702218250455540,Yes,2026-08-01T22:11:07+00:00,0.001
0xfa3817f91b09562475ceb5c5db864aa564fe809eeb85fe1a4a5853eea4ea21ec,Seoul,Will the lowest temperature in Seoul (Incheon) be 28°C on August 2?,79715474401106128378366279818347250510287980891176749896761788248011538156470,No,2026-08-01T22:00:14+00:00,0.999
0xfa3817f91b09562475ceb5c5db864aa564fe809eeb85fe1a4a5853eea4ea21ec,Seoul,Will the lowest temperature in Seoul (Incheon) be 28°C on August 2?,79715474401106128378366279818347250510287980891176749896761788248011538156470,No,2026-08-01T22:11:09+00:00,0.999
0xce117988f36a9b2217657c6425e7f681b6ff6c05e5d498497532a3fc27f2f072,Seoul,Will the lowest temperature in Seoul (Incheon) be 29°C on August 2?,41558358134164618301497201068390057664377185102829989012592190731772869357421,Yes,2026-08-01T22:00:07+00:00,0.0005
0xce117988f36a9b2217657c6425e7f681b6ff6c05e5d498497532a3fc27f2f072,Seoul,Will the lowest temperature in Seoul (Incheon) be 29°C on August 2?,41558358134164618301497201068390057664377185102829989012592190731772869357421,Yes,2026-08-01T22:11:06+00:00,0.0005
0xce117988f36a9b2217657c6425e7f681b6ff6c05e5d498497532a3fc27f2f072,Seoul,Will the lowest temperature in Seoul (Incheon) be 29°C on August 2?,56945602289316687914232188133423193665925540577705653410006990725503163393041,No,2026-08-01T22:00:07+00:00,0.9995
0xce117988f36a9b2217657c6425e7f681b6ff6c05e5d498497532a3fc27f2f072,Seoul,Will the lowest temperature in Seoul (Incheon) be 29°C on August 2?,56945602289316687914232188133423193665925540577705653410006990725503163393041,No,2026-08-01T22:11:06+00:00,0.9995
0x188633794f144380e0c2773fb78140b0016574eccb4c72d36394280018e680ce,Seoul,Will the lowest temperature in Seoul (Incheon) be 30°C on August 2?,8091099450966113210747505103544797438897575439825698845935863688120872775883,Yes,2026-08-01T22:00:07+00:00,0.0005
0x188633794f144380e0c2773fb78140b0016574eccb4c72d36394280018e680ce,Seoul,Will the lowest temperature in Seoul (Incheon) be 30°C on August 2?,8091099450966113210747505103544797438897575439825698845935863688120872775883,Yes,2026-08-01T22:11:07+00:00,0.0005
0x188633794f144380e0c2773fb78140b0016574eccb4c72d36394280018e680ce,Seoul,Will the lowest temperature in Seoul (Incheon) be 30°C on August 2?,77583263506305762032028596408939301039342011080128111583883748779789161418913,No,2026-08-01T22:00:12+00:00,0.9995
0x188633794f144380e0c2773fb78140b0016574eccb4c72d36394280018e680ce,Seoul,Will the lowest temperature in Seoul (Incheon) be 30°C on August 2?,77583263506305762032028596408939301039342011080128111583883748779789161418913,No,2026-08-01T22:11:08+00:00,0.9995
0x0455e51903f52b3280437b2b0ad37a2d28e4f32164fdb5788900bd6eb28f230e,Seoul,Will the lowest temperature in Seoul (Incheon) be 31°C on August 2?,114743770927178202887513140766295181165791095884743041523460403856844947837188,Yes,2026-08-01T22:00:14+00:00,0.0005
0x0455e51903f52b3280437b2b0ad37a2d28e4f32164fdb5788900bd6eb28f230e,Seoul,Will the lowest temperature in Seoul (Incheon) be 31°C on August 2?,114743770927178202887513140766295181165791095884743041523460403856844947837188,Yes,2026-08-01T22:11:09+00:00,0.0005
0x0455e51903f52b3280437b2b0ad37a2d28e4f32164fdb5788900bd6eb28f230e,Seoul,Will the lowest temperature in Seoul (Incheon) be 31°C on August 2?,95879564636949719955786910429515632159690183109462758699632086869187808522640,No,2026-08-01T22:00:07+00:00,0.9995
0x0455e51903f52b3280437b2b0ad37a2d28e4f32164fdb5788900bd6eb28f230e,Seoul,Will the lowest temperature in Seoul (Incheon) be 31°C on August 2?,95879564636949719955786910429515632159690183109462758699632086869187808522640,No,2026-08-01T22:11:07+00:00,0.9995
0x39afc47f19ede8ec31b84f24f39cc0412a885ebfac6b741ec3f1230bc8a6c7e1,Seoul,Will the lowest temperature in Seoul (Incheon) be 32°C or higher on August 2?,87707409115176679165424013707960564573227881037455295135543035383952462382917,Yes,2026-08-01T22:00:09+00:00,0.0005
0x39afc47f19ede8ec31b84f24f39cc0412a885ebfac6b741ec3f1230bc8a6c7e1,Seoul,Will the lowest temperature in Seoul (Incheon) be 32°C or higher on August 2?,87707409115176679165424013707960564573227881037455295135543035383952462382917,Yes,2026-08-01T22:11:07+00:00,0.0005
0x39afc47f19ede8ec31b84f24f39cc0412a885ebfac6b741ec3f1230bc8a6c7e1,Seoul,Will the lowest temperature in Seoul (Incheon) be 32°C or higher on August 2?,948859234860412971759784579927644357778703327161861173719730772733956679423,No,2026-08-01T22:00:07+00:00,0.9995
0x39afc47f19ede8ec31b84f24f39cc0412a885ebfac6b741ec3f1230bc8a6c7e1,Seoul,Will the lowest temperature in Seoul (Incheon) be 32°C or higher on August 2?,948859234860412971759784579927644357778703327161861173719730772733956679423,No,2026-08-01T22:11:07+00:00,0.9995
0x1c8074574af0d3eff133fe19cc21a01128c6808a49f9a00f5135fde6003a11a1,Seoul,Will the highest temperature in Seoul (Incheon) be 26°C or below on August 3?,98856875915475575871005401992156797444316260878401049608185240279459791451033,Yes,2026-08-01T22:00:07+00:00,0.0005
0x1c8074574af0d3eff133fe19cc21a01128c6808a49f9a00f5135fde6003a11a1,Seoul,Will the highest temperature in Seoul (Incheon) be 26°C or below on August 3?,98856875915475575871005401992156797444316260878401049608185240279459791451033,Yes,2026-08-01T22:11:06+00:00,0.0005
0x1c8074574af0d3eff133fe19cc21a01128c6808a49f9a00f5135fde6003a11a1,Seoul,Will the highest temperature in Seoul (Incheon) be 26°C or below on August 3?,96438679057270648015000670011685095102321669443226722826094926360739641626199,No,2026-08-01T22:00:10+00:00,0.9995
0x1c8074574af0d3eff133fe19cc21a01128c6808a49f9a00f5135fde6003a11a1,Seoul,Will the highest temperature in Seoul (Incheon) be 26°C or below on August 3?,96438679057270648015000670011685095102321669443226722826094926360739641626199,No,2026-08-01T22:11:07+00:00,0.9995
0x0109dda471296066abbba8d66ddd4e50cb46b11a581e2050b1991eeb24104b5f,Seoul,Will the highest temperature in Seoul (Incheon) be 27°C on August 3?,5052519687640169320419932905852957426557493898277819060801213881507132054201,Yes,2026-08-01T22:00:11+00:00,0.0005
0x0109dda471296066abbba8d66ddd4e50cb46b11a581e2050b1991eeb24104b5f,Seoul,Will the highest temperature in Seoul (Incheon) be 27°C on August 3?,5052519687640169320419932905852957426557493898277819060801213881507132054201,Yes,2026-08-01T22:06:07+00:00,0.0005
0x0109dda471296066abbba8d66ddd4e50cb46b11a581e2050b1991eeb24104b5f,Seoul,Will the highest temperature in Seoul (Incheon) be 27°C on August 3?,42754278097618930228331705863847600036834598072716452882024082235219197306781,No,2026-08-01T22:00:07+00:00,0.9995
0x0109dda471296066abbba8d66ddd4e50cb46b11a581e2050b1991eeb24104b5f,Seoul,Will the highest temperature in Seoul (Incheon) be 27°C on August 3?,42754278097618930228331705863847600036834598072716452882024082235219197306781,No,2026-08-01T22:06:06+00:00,0.9995
0x24e4f733f2727dde6df2b699e0396a61dbb96e5e3a166c55edae41fa6d7ee7a5,Seoul,Will the highest temperature in Seoul (Incheon) be 28°C on August 3?,23280721490072525801639545777671483577678513072128325442699808277808154457158,Yes,2026-08-01T22:00:14+00:00,0.002
0x24e4f733f2727dde6df2b699e0396a61dbb96e5e3a166c55edae41fa6d7ee7a5,Seoul,Will the highest temperature in Seoul (Incheon) be 28°C on August 3?,23280721490072525801639545777671483577678513072128325442699808277808154457158,Yes,2026-08-01T22:06:08+00:00,0.002
0x24e4f733f2727dde6df2b699e0396a61dbb96e5e3a166c55edae41fa6d7ee7a5,Seoul,Will the highest temperature in Seoul (Incheon) be 28°C on August 3?,107514253692307665401685143554556837258282771703704249393084475193834510883920,No,2026-08-01T22:00:13+00:00,0.998
0x24e4f733f2727dde6df2b699e0396a61dbb96e5e3a166c55edae41fa6d7ee7a5,Seoul,Will the highest temperature in Seoul (Incheon) be 28°C on August 3?,107514253692307665401685143554556837258282771703704249393084475193834510883920,No,2026-08-01T22:06:08+00:00,0.998
0xbb9cb850655226361435bf4270425265be3a83d15addc582176350de303dcc38,Seoul,Will the highest temperature in Seoul (Incheon) be 29°C on August 3?,60579218658432742143716587197651926177890114660133115129218558591047123914545,Yes,2026-08-01T22:00:12+00:00,0.0055
0xbb9cb850655226361435bf4270425265be3a83d15addc582176350de303dcc38,Seoul,Will the highest temperature in Seoul (Incheon) be 29°C on August 3?,60579218658432742143716587197651926177890114660133115129218558591047123914545,Yes,2026-08-01T22:06:07+00:00,0.0055
0xbb9cb850655226361435bf4270425265be3a83d15addc582176350de303dcc38,Seoul,Will the highest temperature in Seoul (Incheon) be 29°C on August 3?,30824629458504355964136770649025447838450067018192750008150007786993616614363,No,2026-08-01T22:00:07+00:00,0.9945
0xbb9cb850655226361435bf4270425265be3a83d15addc582176350de303dcc38,Seoul,Will the highest temperature in Seoul (Incheon) be 29°C on August 3?,30824629458504355964136770649025447838450067018192750008150007786993616614363,No,2026-08-01T22:06:06+00:00,0.9945
0x5077d4db7784a743a6f107556b842c6cb6217e7f466364b1e9ce22356c08bfeb,Seoul,Will the highest temperature in Seoul (Incheon) be 30°C on August 3?,101238530637815554499260516830619521395195599639783540482576819608199690422402,Yes,2026-08-01T22:00:12+00:00,0.015
0x5077d4db7784a743a6f107556b842c6cb6217e7f466364b1e9ce22356c08bfeb,Seoul,Will the highest temperature in Seoul (Incheon) be 30°C on August 3?,101238530637815554499260516830619521395195599639783540482576819608199690422402,Yes,2026-08-01T22:06:07+00:00,0.015
0x5077d4db7784a743a6f107556b842c6cb6217e7f466364b1e9ce22356c08bfeb,Seoul,Will the highest temperature in Seoul (Incheon) be 30°C on August 3?,80260422533433067961451941766857874928213550962929425751745855867236219151288,No,2026-08-01T22:00:15+00:00,0.985
0x5077d4db7784a743a6f107556b842c6cb6217e7f466364b1e9ce22356c08bfeb,Seoul,Will the highest temperature in Seoul (Incheon) be 30°C on August 3?,80260422533433067961451941766857874928213550962929425751745855867236219151288,No,2026-08-01T22:11:09+00:00,0.985
0xd9ffdb78e3ee0c13bda0d67c0265440f81d5950e8fbd47b4392a7c3c6c617434,Seoul,Will the highest temperature in Seoul (Incheon) be 31°C on August 3?,38080124324411207974918650319270791156581357621674078857083981687507486205727,Yes,2026-08-01T22:00:16+00:00,0.035
0xd9ffdb78e3ee0c13bda0d67c0265440f81d5950e8fbd47b4392a7c3c6c617434,Seoul,Will the highest temperature in Seoul (Incheon) be 31°C on August 3?,38080124324411207974918650319270791156581357621674078857083981687507486205727,Yes,2026-08-01T22:11:09+00:00,0.035
0xd9ffdb78e3ee0c13bda0d67c0265440f81d5950e8fbd47b4392a7c3c6c617434,Seoul,Will the highest temperature in Seoul (Incheon) be 31°C on August 3?,79923990922594974702631673106801180363047144418222480062725033493639851560970,No,2026-08-01T22:00:07+00:00,0.965
0xd9ffdb78e3ee0c13bda0d67c0265440f81d5950e8fbd47b4392a7c3c6c617434,Seoul,Will the highest temperature in Seoul (Incheon) be 31°C on August 3?,79923990922594974702631673106801180363047144418222480062725033493639851560970,No,2026-08-01T22:06:06+00:00,0.965
0x5648393f16ef0b29af4de0afae9cfda80cfdbb9d571757f2cd99afda5c12f7d2,Seoul,Will the highest temperature in Seoul (Incheon) be 32°C on August 3?,52221535427624441795577955719131289894453350380977129063393266688619643884337,Yes,2026-08-01T22:00:15+00:00,0.165
0x5648393f16ef0b29af4de0afae9cfda80cfdbb9d571757f2cd99afda5c12f7d2,Seoul,Will the highest temperature in Seoul (Incheon) be 32°C on August 3?,52221535427624441795577955719131289894453350380977129063393266688619643884337,Yes,2026-08-01T22:06:08+00:00,0.165
0x5648393f16ef0b29af4de0afae9cfda80cfdbb9d571757f2cd99afda5c12f7d2,Seoul,Will the highest temperature in Seoul (Incheon) be 32°C on August 3?,7951586462178082004409670482717787206192791814071903740125359630039668494027,No,2026-08-01T22:00:16+00:00,0.835
0x5648393f16ef0b29af4de0afae9cfda80cfdbb9d571757f2cd99afda5c12f7d2,Seoul,Will the highest temperature in Seoul (Incheon) be 32°C on August 3?,7951586462178082004409670482717787206192791814071903740125359630039668494027,No,2026-08-01T22:06:08+00:00,0.835
0x1bef035225cbb35b0edc5e491c928538f4b3511e74028bf086c9a8c93f2814b2,Seoul,Will the highest temperature in Seoul (Incheon) be 33°C on August 3?,29316291793843816974676779523628139041618991999576608532044158893921990323902,Yes,2026-08-01T22:00:16+00:00,0.305
0x1bef035225cbb35b0edc5e491c928538f4b3511e74028bf086c9a8c93f2814b2,Seoul,Will the highest temperature in Seoul (Incheon) be 33°C on August 3?,29316291793843816974676779523628139041618991999576608532044158893921990323902,Yes,2026-08-01T22:06:08+00:00,0.305
0x1bef035225cbb35b0edc5e491c928538f4b3511e74028bf086c9a8c93f2814b2,Seoul,Will the highest temperature in Seoul (Incheon) be 33°C on August 3?,26092071645795977749473603126522887419087341706335746667308146468841573096368,No,2026-08-01T22:00:09+00:00,0.695
0x1bef035225cbb35b0edc5e491c928538f4b3511e74028bf086c9a8c93f2814b2,Seoul,Will the highest temperature in Seoul (Incheon) be 33°C on August 3?,26092071645795977749473603126522887419087341706335746667308146468841573096368,No,2026-08-01T22:06:07+00:00,0.695
0x89e641d6d147f825b02bdf6b73956edf76998478b024598eb946361002678efb,Seoul,Will the highest temperature in Seoul (Incheon) be 34°C on August 3?,113134915936500517708215876201526228950667361363664880560772784709322764324754,Yes,2026-08-01T22:00:12+00:00,0.305
0x89e641d6d147f825b02bdf6b73956edf76998478b024598eb946361002678efb,Seoul,Will the highest temperature in Seoul (Incheon) be 34°C on August 3?,113134915936500517708215876201526228950667361363664880560772784709322764324754,Yes,2026-08-01T22:11:08+00:00,0.305
0x89e641d6d147f825b02bdf6b73956edf76998478b024598eb946361002678efb,Seoul,Will the highest temperature in Seoul (Incheon) be 34°C on August 3?,40237527169828490377186825662194589595506883989836002699199330755343885645908,No,2026-08-01T22:00:07+00:00,0.695
0x89e641d6d147f825b02bdf6b73956edf76998478b024598eb946361002678efb,Seoul,Will the highest temperature in Seoul (Incheon) be 34°C on August 3?,40237527169828490377186825662194589595506883989836002699199330755343885645908,No,2026-08-01T22:06:06+00:00,0.695
0x479df6862bda02f3bacc019dfe6f54d7420fb9d1e93f519e722bb251be660133,Seoul,Will the highest temperature in Seoul (Incheon) be 35°C on August 3?,40687768382475545255917692444169416057132137777732189019326267614171862871712,Yes,2026-08-01T22:00:13+00:00,0.195
0x479df6862bda02f3bacc019dfe6f54d7420fb9d1e93f519e722bb251be660133,Seoul,Will the highest temperature in Seoul (Incheon) be 35°C on August 3?,40687768382475545255917692444169416057132137777732189019326267614171862871712,Yes,2026-08-01T22:11:08+00:00,0.195
0x479df6862bda02f3bacc019dfe6f54d7420fb9d1e93f519e722bb251be660133,Seoul,Will the highest temperature in Seoul (Incheon) be 35°C on August 3?,25727882130139248025497726534491192112164659525740650970194088763337662417426,No,2026-08-01T22:00:08+00:00,0.805
0x479df6862bda02f3bacc019dfe6f54d7420fb9d1e93f519e722bb251be660133,Seoul,Will the highest temperature in Seoul (Incheon) be 35°C on August 3?,25727882130139248025497726534491192112164659525740650970194088763337662417426,No,2026-08-01T22:11:07+00:00,0.805
0x744b721e3e7518a947f639d05e843b1bce72fd849091addc83e132a4d3cf8d55,Seoul,Will the highest temperature in Seoul (Incheon) be 36°C or higher on August 3?,29312688799977404103899493175419211384402874775949612084288080453312250919767,Yes,2026-08-01T22:00:16+00:00,0.04
0x744b721e3e7518a947f639d05e843b1bce72fd849091addc83e132a4d3cf8d55,Seoul,Will the highest temperature in Seoul (Incheon) be 36°C or higher on August 3?,29312688799977404103899493175419211384402874775949612084288080453312250919767,Yes,2026-08-01T22:11:09+00:00,0.04
0x744b721e3e7518a947f639d05e843b1bce72fd849091addc83e132a4d3cf8d55,Seoul,Will the highest temperature in Seoul (Incheon) be 36°C or higher on August 3?,27337769490236350062193524621635349743426691022198152506765190344632434502175,No,2026-08-01T22:00:10+00:00,0.96
0x744b721e3e7518a947f639d05e843b1bce72fd849091addc83e132a4d3cf8d55,Seoul,Will the highest temperature in Seoul (Incheon) be 36°C or higher on August 3?,27337769490236350062193524621635349743426691022198152506765190344632434502175,No,2026-08-01T22:11:08+00:00,0.96
0x4f5706dacb730e106b7192349f8cd891f513f1adb3312a42241c7ad401cf7208,Seoul,Will the lowest temperature in Seoul (Incheon) be 22°C or below on August 3?,19304768798545970323388392819805344181532470584848703446649577941578728367053,Yes,2026-08-01T22:00:12+00:00,0.006
0x4f5706dacb730e106b7192349f8cd891f513f1adb3312a42241c7ad401cf7208,Seoul,Will the lowest temperature in Seoul (Incheon) be 22°C or below on August 3?,19304768798545970323388392819805344181532470584848703446649577941578728367053,Yes,2026-08-01T22:11:08+00:00,0.006
0x4f5706dacb730e106b7192349f8cd891f513f1adb3312a42241c7ad401cf7208,Seoul,Will the lowest temperature in Seoul (Incheon) be 22°C or below on August 3?,2549519625435199462095075168376197040900055468762196100994814370870136659412,No,2026-08-01T22:00:09+00:00,0.994
0x4f5706dacb730e106b7192349f8cd891f513f1adb3312a42241c7ad401cf7208,Seoul,Will the lowest temperature in Seoul (Incheon) be 22°C or below on August 3?,2549519625435199462095075168376197040900055468762196100994814370870136659412,No,2026-08-01T22:07:09+00:00,0.994
0x76e1ad50967cb80ed51f0b2bd6740642361a9d551e52f5666efc6bf898acc776,Seoul,Will the lowest temperature in Seoul (Incheon) be 23°C on August 3?,33762730700423962634100711253653079415581429473486598073691388967795084166914,Yes,2026-08-01T22:00:08+00:00,0.01
0x76e1ad50967cb80ed51f0b2bd6740642361a9d551e52f5666efc6bf898acc776,Seoul,Will the lowest temperature in Seoul (Incheon) be 23°C on August 3?,33762730700423962634100711253653079415581429473486598073691388967795084166914,Yes,2026-08-01T22:07:09+00:00,0.01
0x76e1ad50967cb80ed51f0b2bd6740642361a9d551e52f5666efc6bf898acc776,Seoul,Will the lowest temperature in Seoul (Incheon) be 23°C on August 3?,71458282688989725220721216435770009591927019743211464492012586676963514863868,No,2026-08-01T22:00:12+00:00,0.99
0x76e1ad50967cb80ed51f0b2bd6740642361a9d551e52f5666efc6bf898acc776,Seoul,Will the lowest temperature in Seoul (Incheon) be 23°C on August 3?,71458282688989725220721216435770009591927019743211464492012586676963514863868,No,2026-08-01T22:07:10+00:00,0.99
0xd6e7129d4c48369c5b8aed99c886033083450f1520381b433e5bdf9839005d15,Seoul,Will the lowest temperature in Seoul (Incheon) be 24°C on August 3?,12050031863920233952761815860497443658712595658104329672305985681351338797769,Yes,2026-08-01T22:00:16+00:00,0.015
0xd6e7129d4c48369c5b8aed99c886033083450f1520381b433e5bdf9839005d15,Seoul,Will the lowest temperature in Seoul (Incheon) be 24°C on August 3?,12050031863920233952761815860497443658712595658104329672305985681351338797769,Yes,2026-08-01T22:07:10+00:00,0.015
0xd6e7129d4c48369c5b8aed99c886033083450f1520381b433e5bdf9839005d15,Seoul,Will the lowest temperature in Seoul (Incheon) be 24°C on August 3?,6812143188890971088265509733880795065671836502052354445853508499246570943180,No,2026-08-01T22:00:07+00:00,0.985
0xd6e7129d4c48369c5b8aed99c886033083450f1520381b433e5bdf9839005d15,Seoul,Will the lowest temperature in Seoul (Incheon) be 24°C on August 3?,6812143188890971088265509733880795065671836502052354445853508499246570943180,No,2026-08-01T22:07:09+00:00,0.985
0x0110f6484cb9dd66fa105cc7f355a898967f3b39b2b0f35542da37b8d280a5ba,Seoul,Will the lowest temperature in Seoul (Incheon) be 25°C on August 3?,14940986401759379066183663876784902965066229537177409143188821633707190594869,Yes,2026-08-01T22:00:07+00:00,0.055
0x0110f6484cb9dd66fa105cc7f355a898967f3b39b2b0f35542da37b8d280a5ba,Seoul,Will the lowest temperature in Seoul (Incheon) be 25°C on August 3?,14940986401759379066183663876784902965066229537177409143188821633707190594869,Yes,2026-08-01T22:07:09+00:00,0.06
0x0110f6484cb9dd66fa105cc7f355a898967f3b39b2b0f35542da37b8d280a5ba,Seoul,Will the lowest temperature in Seoul (Incheon) be 25°C on August 3?,93177652207995115954663462066929883206426346018195387073887169479421255477939,No,2026-08-01T22:00:13+00:00,0.945
0x0110f6484cb9dd66fa105cc7f355a898967f3b39b2b0f35542da37b8d280a5ba,Seoul,Will the lowest temperature in Seoul (Incheon) be 25°C on August 3?,93177652207995115954663462066929883206426346018195387073887169479421255477939,No,2026-08-01T22:07:10+00:00,0.94
0x72f29c6f0120fb5ad17accc3a3ec0aba1e887190131cf1296e59711b022dab17,Seoul,Will the lowest temperature in Seoul (Incheon) be 26°C on August 3?,62364278266431607359182771879072765682020182640428463200206328581375319223112,Yes,2026-08-01T22:00:15+00:00,0.375
0x72f29c6f0120fb5ad17accc3a3ec0aba1e887190131cf1296e59711b022dab17,Seoul,Will the lowest temperature in Seoul (Incheon) be 26°C on August 3?,62364278266431607359182771879072765682020182640428463200206328581375319223112,Yes,2026-08-01T22:11:09+00:00,0.375
0x72f29c6f0120fb5ad17accc3a3ec0aba1e887190131cf1296e59711b022dab17,Seoul,Will the lowest temperature in Seoul (Incheon) be 26°C on August 3?,87642799481232844162723317477329349328480016322521221340186945586821334731707,No,2026-08-01T22:00:16+00:00,0.625
0x72f29c6f0120fb5ad17accc3a3ec0aba1e887190131cf1296e59711b022dab17,Seoul,Will the lowest temperature in Seoul (Incheon) be 26°C on August 3?,87642799481232844162723317477329349328480016322521221340186945586821334731707,No,2026-08-01T22:07:10+00:00,0.625
0x1c440b52c8c0eaae7c813a600cf3c77f25bc7d356b524235209dd03093f38107,Seoul,Will the lowest temperature in Seoul (Incheon) be 27°C on August 3?,91489842049040640579323134499676901052489838338593971699374348817276260789623,Yes,2026-08-01T22:00:09+00:00,0.475
0x1c440b52c8c0eaae7c813a600cf3c77f25bc7d356b524235209dd03093f38107,Seoul,Will the lowest temperature in Seoul (Incheon) be 27°C on August 3?,91489842049040640579323134499676901052489838338593971699374348817276260789623,Yes,2026-08-01T22:07:09+00:00,0.475
0x1c440b52c8c0eaae7c813a600cf3c77f25bc7d356b524235209dd03093f38107,Seoul,Will the lowest temperature in Seoul (Incheon) be 27°C on August 3?,54123283524315491731840654494306130826187267681991947221777095424730801123962,No,2026-08-01T22:00:07+00:00,0.525
0x1c440b52c8c0eaae7c813a600cf3c77f25bc7d356b524235209dd03093f38107,Seoul,Will the lowest temperature in Seoul (Incheon) be 27°C on August 3?,54123283524315491731840654494306130826187267681991947221777095424730801123962,No,2026-08-01T22:07:09+00:00,0.525
0x1a1af152fd0b9651ba06cd8f3856591ce07c246967e287df59b2e77bf4b99f41,Seoul,Will the lowest temperature in Seoul (Incheon) be 28°C on August 3?,29231842697368448416281492408753948117416951986521778286192321259525714337815,Yes,2026-08-01T22:00:08+00:00,0.025
0x1a1af152fd0b9651ba06cd8f3856591ce07c246967e287df59b2e77bf4b99f41,Seoul,Will the lowest temperature in Seoul (Incheon) be 28°C on August 3?,29231842697368448416281492408753948117416951986521778286192321259525714337815,Yes,2026-08-01T22:07:09+00:00,0.025
0x1a1af152fd0b9651ba06cd8f3856591ce07c246967e287df59b2e77bf4b99f41,Seoul,Will the lowest temperature in Seoul (Incheon) be 28°C on August 3?,101061933609098622073989890234533727076238229485732838958660398682246689860907,No,2026-08-01T22:00:12+00:00,0.975
0x1a1af152fd0b9651ba06cd8f3856591ce07c246967e287df59b2e77bf4b99f41,Seoul,Will the lowest temperature in Seoul (Incheon) be 28°C on August 3?,101061933609098622073989890234533727076238229485732838958660398682246689860907,No,2026-08-01T22:07:10+00:00,0.975
0xfdaefbadcd40a368da5f154f844119d7218e768c9d2eed817d29c9316b45e158,Seoul,Will the lowest temperature in Seoul (Incheon) be 29°C on August 3?,24994189840418237110694694995813177265239363488806984251331728721929958201718,Yes,2026-08-01T22:00:09+00:00,0.004
0xfdaefbadcd40a368da5f154f844119d7218e768c9d2eed817d29c9316b45e158,Seoul,Will the lowest temperature in Seoul (Incheon) be 29°C on August 3?,24994189840418237110694694995813177265239363488806984251331728721929958201718,Yes,2026-08-01T22:07:09+00:00,0.004
0xfdaefbadcd40a368da5f154f844119d7218e768c9d2eed817d29c9316b45e158,Seoul,Will the lowest temperature in Seoul (Incheon) be 29°C on August 3?,26557972669761113788718743838780715808772883338400271448434320069914928827886,No,2026-08-01T22:00:08+00:00,0.996
0xfdaefbadcd40a368da5f154f844119d7218e768c9d2eed817d29c9316b45e158,Seoul,Will the lowest temperature in Seoul (Incheon) be 29°C on August 3?,26557972669761113788718743838780715808772883338400271448434320069914928827886,No,2026-08-01T22:11:07+00:00,0.996
0x0a73c5db7ec757435fd75bbfc4d2b70c8f6f4f25651f5fa969012cf6e4b9f51e,Seoul,Will the lowest temperature in Seoul (Incheon) be 30°C on August 3?,17638729551843754336270293222930968045561392552860310884771035912080283919009,Yes,2026-08-01T22:00:11+00:00,0.004
0x0a73c5db7ec757435fd75bbfc4d2b70c8f6f4f25651f5fa969012cf6e4b9f51e,Seoul,Will the lowest temperature in Seoul (Incheon) be 30°C on August 3?,17638729551843754336270293222930968045561392552860310884771035912080283919009,Yes,2026-08-01T22:07:10+00:00,0.004
0x0a73c5db7ec757435fd75bbfc4d2b70c8f6f4f25651f5fa969012cf6e4b9f51e,Seoul,Will the lowest temperature in Seoul (Incheon) be 30°C on August 3?,77848974197965927375596086290185410105163641052717592185054087992385557194544,No,2026-08-01T22:00:08+00:00,0.996
0x0a73c5db7ec757435fd75bbfc4d2b70c8f6f4f25651f5fa969012cf6e4b9f51e,Seoul,Will the lowest temperature in Seoul (Incheon) be 30°C on August 3?,77848974197965927375596086290185410105163641052717592185054087992385557194544,No,2026-08-01T22:07:09+00:00,0.996
0xa53d45465b762af74ff2fc574e10f3706874b51392a8815a97a7b61e4569d112,Seoul,Will the lowest temperature in Seoul (Incheon) be 31°C on August 3?,40784935173192007211844364582585870824585925291905233520131158591403675175354,Yes,2026-08-01T22:00:07+00:00,0.002
0xa53d45465b762af74ff2fc574e10f3706874b51392a8815a97a7b61e4569d112,Seoul,Will the lowest temperature in Seoul (Incheon) be 31°C on August 3?,40784935173192007211844364582585870824585925291905233520131158591403675175354,Yes,2026-08-01T22:07:09+00:00,0.002
0xa53d45465b762af74ff2fc574e10f3706874b51392a8815a97a7b61e4569d112,Seoul,Will the lowest temperature in Seoul (Incheon) be 31°C on August 3?,76829747605007687361713253796770755384392365088780364813662325646482500969097,No,2026-08-01T22:00:13+00:00,0.998
0xa53d45465b762af74ff2fc574e10f3706874b51392a8815a97a7b61e4569d112,Seoul,Will the lowest temperature in Seoul (Incheon) be 31°C on August 3?,76829747605007687361713253796770755384392365088780364813662325646482500969097,No,2026-08-01T22:11:08+00:00,0.998
0x88f565493dab4cd5d968442e560be54d061fafbfc21a4088bc64db0ab9cd5cbe,Seoul,Will the lowest temperature in Seoul (Incheon) be 32°C or higher on August 3?,94856981787231930545697220797260030950686079648822350093735514339549987394485,Yes,2026-08-01T22:00:08+00:00,0.0015
0x88f565493dab4cd5d968442e560be54d061fafbfc21a4088bc64db0ab9cd5cbe,Seoul,Will the lowest temperature in Seoul (Incheon) be 32°C or higher on August 3?,94856981787231930545697220797260030950686079648822350093735514339549987394485,Yes,2026-08-01T22:07:09+00:00,0.0015
0x88f565493dab4cd5d968442e560be54d061fafbfc21a4088bc64db0ab9cd5cbe,Seoul,Will the lowest temperature in Seoul (Incheon) be 32°C or higher on August 3?,80525245882727147218680440284841179950544928458391908761742448715224446019190,No,2026-08-01T22:00:13+00:00,0.9985
0x88f565493dab4cd5d968442e560be54d061fafbfc21a4088bc64db0ab9cd5cbe,Seoul,Will the lowest temperature in Seoul (Incheon) be 32°C or higher on August 3?,80525245882727147218680440284841179950544928458391908761742448715224446019190,No,2026-08-01T22:07:10+00:00,0.9985
0x8f4406d40b378090cdd8a9970139902e9bdbb61551d8ce0c23f17c3ce2dad43d,Seoul,Will the highest temperature in Seoul (Incheon) be 25°C or below on August 2?,66591222604066173930886596094423873354352691380395447631434150156295673886229,Yes,2026-08-01T23:00:08+00:00,0.0005
0x8f4406d40b378090cdd8a9970139902e9bdbb61551d8ce0c23f17c3ce2dad43d,Seoul,Will the highest temperature in Seoul (Incheon) be 25°C or below on August 2?,66591222604066173930886596094423873354352691380395447631434150156295673886229,Yes,2026-08-01T23:12:09+00:00,0.0005
0x8f4406d40b378090cdd8a9970139902e9bdbb61551d8ce0c23f17c3ce2dad43d,Seoul,Will the highest temperature in Seoul (Incheon) be 25°C or below on August 2?,93405891591771185256775226005347019850765450472511385041529194842194427845773,No,2026-08-01T23:00:11+00:00,0.9995
0x8f4406d40b378090cdd8a9970139902e9bdbb61551d8ce0c23f17c3ce2dad43d,Seoul,Will the highest temperature in Seoul (Incheon) be 25°C or below on August 2?,93405891591771185256775226005347019850765450472511385041529194842194427845773,No,2026-08-01T23:12:10+00:00,0.9995
0xcae18aa5d40e7b3403b29a51220f6b17d6e1322ffc9956fe858e2b53e130635f,Seoul,Will the highest temperature in Seoul (Incheon) be 26°C on August 2?,81481110514278542626930507844811703448404965274860694710496995680553432251247,Yes,2026-08-01T23:00:08+00:00,0.0005
0xcae18aa5d40e7b3403b29a51220f6b17d6e1322ffc9956fe858e2b53e130635f,Seoul,Will the highest temperature in Seoul (Incheon) be 26°C on August 2?,81481110514278542626930507844811703448404965274860694710496995680553432251247,Yes,2026-08-01T23:12:09+00:00,0.0005
0xcae18aa5d40e7b3403b29a51220f6b17d6e1322ffc9956fe858e2b53e130635f,Seoul,Will the highest temperature in Seoul (Incheon) be 26°C on August 2?,77288735134001822348300792724220724146081130234033681707214130486481563994507,No,2026-08-01T23:00:12+00:00,0.9995
0xcae18aa5d40e7b3403b29a51220f6b17d6e1322ffc9956fe858e2b53e130635f,Seoul,Will the highest temperature in Seoul (Incheon) be 26°C on August 2?,77288735134001822348300792724220724146081130234033681707214130486481563994507,No,2026-08-01T23:12:11+00:00,0.9995
0xbcdb3b84d1bcdb26bd926edcbc0a97843473895ab32b0f93026e8c5b5440edcc,Seoul,Will the highest temperature in Seoul (Incheon) be 27°C on August 2?,52071578477397742358270108169412729454608105443989825083153315204367919533539,Yes,2026-08-01T23:00:11+00:00,0.0005
0xbcdb3b84d1bcdb26bd926edcbc0a97843473895ab32b0f93026e8c5b5440edcc,Seoul,Will the highest temperature in Seoul (Incheon) be 27°C on August 2?,52071578477397742358270108169412729454608105443989825083153315204367919533539,Yes,2026-08-01T23:12:10+00:00,0.0005
0xbcdb3b84d1bcdb26bd926edcbc0a97843473895ab32b0f93026e8c5b5440edcc,Seoul,Will the highest temperature in Seoul (Incheon) be 27°C on August 2?,83591289135596541564475690443763462449720930757118372521971893083114166498987,No,2026-08-01T23:00:11+00:00,0.9995
0xbcdb3b84d1bcdb26bd926edcbc0a97843473895ab32b0f93026e8c5b5440edcc,Seoul,Will the highest temperature in Seoul (Incheon) be 27°C on August 2?,83591289135596541564475690443763462449720930757118372521971893083114166498987,No,2026-08-01T23:12:10+00:00,0.9995
0x53c5e8c9174d92d924c2491d0d7948a3b55be3b6dc8873c3028dbe67ca94e0b5,Seoul,Will the highest temperature in Seoul (Incheon) be 28°C on August 2?,43044295978222182011879510432422381823165143999313027721743140069122703134751,Yes,2026-08-01T23:00:11+00:00,0.0005
0x53c5e8c9174d92d924c2491d0d7948a3b55be3b6dc8873c3028dbe67ca94e0b5,Seoul,Will the highest temperature in Seoul (Incheon) be 28°C on August 2?,43044295978222182011879510432422381823165143999313027721743140069122703134751,Yes,2026-08-01T23:12:10+00:00,0.0005
0x53c5e8c9174d92d924c2491d0d7948a3b55be3b6dc8873c3028dbe67ca94e0b5,Seoul,Will the highest temperature in Seoul (Incheon) be 28°C on August 2?,110481543834093466495769889817048072781271615100080699131528943062304188633780,No,2026-08-01T23:00:12+00:00,0.9995
0x53c5e8c9174d92d924c2491d0d7948a3b55be3b6dc8873c3028dbe67ca94e0b5,Seoul,Will the highest temperature in Seoul (Incheon) be 28°C on August 2?,110481543834093466495769889817048072781271615100080699131528943062304188633780,No,2026-08-01T23:12:11+00:00,0.9995
0x037d7c0a086965735f9c6a394933c0ee0cc2a5500b138429dd7e8e9550aa1058,Seoul,Will the highest temperature in Seoul (Incheon) be 29°C on August 2?,71681723775256219499297835992107963815141981243112474277021631906406235771427,Yes,2026-08-01T23:00:12+00:00,0.0015
0x037d7c0a086965735f9c6a394933c0ee0cc2a5500b138429dd7e8e9550aa1058,Seoul,Will the highest temperature in Seoul (Incheon) be 29°C on August 2?,71681723775256219499297835992107963815141981243112474277021631906406235771427,Yes,2026-08-01T23:12:11+00:00,0.0015
0x037d7c0a086965735f9c6a394933c0ee0cc2a5500b138429dd7e8e9550aa1058,Seoul,Will the highest temperature in Seoul (Incheon) be 29°C on August 2?,27539645705331745296781738391459692602200928960699436958546793601011806194379,No,2026-08-01T23:00:09+00:00,0.9985
0x037d7c0a086965735f9c6a394933c0ee0cc2a5500b138429dd7e8e9550aa1058,Seoul,Will the highest temperature in Seoul (Incheon) be 29°C on August 2?,27539645705331745296781738391459692602200928960699436958546793601011806194379,No,2026-08-01T23:12:10+00:00,0.9985
0x1816582f5b156591cc0b6fb53c14f2db5f407b727b1d4b504f1f670a21936896,Seoul,Will the highest temperature in Seoul (Incheon) be 30°C on August 2?,70648478783912744186273943880836846795149460969403616902910007761529959614009,Yes,2026-08-01T23:00:10+00:00,0.015
0x1816582f5b156591cc0b6fb53c14f2db5f407b727b1d4b504f1f670a21936896,Seoul,Will the highest temperature in Seoul (Incheon) be 30°C on August 2?,70648478783912744186273943880836846795149460969403616902910007761529959614009,Yes,2026-08-01T23:12:10+00:00,0.015
0x1816582f5b156591cc0b6fb53c14f2db5f407b727b1d4b504f1f670a21936896,Seoul,Will the highest temperature in Seoul (Incheon) be 30°C on August 2?,67221079191086699567013885351143564705876631397186001184348791550292030782300,No,2026-08-01T23:00:11+00:00,0.985
0x1816582f5b156591cc0b6fb53c14f2db5f407b727b1d4b504f1f670a21936896,Seoul,Will the highest temperature in Seoul (Incheon) be 30°C on August 2?,67221079191086699567013885351143564705876631397186001184348791550292030782300,No,2026-08-01T23:12:10+00:00,0.985
0xfbdda32f781dc6577e9fa7cfe3eb99302b0f058b11aa23cda2d6e4b98c6c23f0,Seoul,Will the highest temperature in Seoul (Incheon) be 31°C on August 2?,106164195963322539237600867004010571681833413116457277735386195213485645273154,Yes,2026-08-01T23:00:09+00:00,0.135
0xfbdda32f781dc6577e9fa7cfe3eb99302b0f058b11aa23cda2d6e4b98c6c23f0,Seoul,Will the highest temperature in Seoul (Incheon) be 31°C on August 2?,106164195963322539237600867004010571681833413116457277735386195213485645273154,Yes,2026-08-01T23:13:09+00:00,0.125
0xfbdda32f781dc6577e9fa7cfe3eb99302b0f058b11aa23cda2d6e4b98c6c23f0,Seoul,Will the highest temperature in Seoul (Incheon) be 31°C on August 2?,19080726419775090995774552719309189099605108646416762776042932669141431077792,No,2026-08-01T23:00:11+00:00,0.865
0xfbdda32f781dc6577e9fa7cfe3eb99302b0f058b11aa23cda2d6e4b98c6c23f0,Seoul,Will the highest temperature in Seoul (Incheon) be 31°C on August 2?,19080726419775090995774552719309189099605108646416762776042932669141431077792,No,2026-08-01T23:12:10+00:00,0.875
0x6de471316b2b2e13ca7523d7b6502318a44df17efabc05fa749257ecbc775918,Seoul,Will the highest temperature in Seoul (Incheon) be 32°C on August 2?,74726348295018315903000947656994195116142219970397544460284135519691024583171,Yes,2026-08-01T23:00:12+00:00,0.455
0x6de471316b2b2e13ca7523d7b6502318a44df17efabc05fa749257ecbc775918,Seoul,Will the highest temperature in Seoul (Incheon) be 32°C on August 2?,74726348295018315903000947656994195116142219970397544460284135519691024583171,Yes,2026-08-01T23:12:11+00:00,0.455
0x6de471316b2b2e13ca7523d7b6502318a44df17efabc05fa749257ecbc775918,Seoul,Will the highest temperature in Seoul (Incheon) be 32°C on August 2?,44678106903686385973066516921024786470531296063310778938154206637111437592430,No,2026-08-01T23:00:12+00:00,0.545
0x6de471316b2b2e13ca7523d7b6502318a44df17efabc05fa749257ecbc775918,Seoul,Will the highest temperature in Seoul (Incheon) be 32°C on August 2?,44678106903686385973066516921024786470531296063310778938154206637111437592430,No,2026-08-01T23:12:11+00:00,0.545
0xd4bbc787b84a7b2691bdea4d3342113f6f2f56612874ab1a55a610de38adf7f4,Seoul,Will the highest temperature in Seoul (Incheon) be 33°C on August 2?,115626287630871567564999197285022189562919775071226954908808204444889660373563,Yes,2026-08-01T23:00:11+00:00,0.27
0xd4bbc787b84a7b2691bdea4d3342113f6f2f56612874ab1a55a610de38adf7f4,Seoul,Will the highest temperature in Seoul (Incheon) be 33°C on August 2?,115626287630871567564999197285022189562919775071226954908808204444889660373563,Yes,2026-08-01T23:13:10+00:00,0.28
0xd4bbc787b84a7b2691bdea4d3342113f6f2f56612874ab1a55a610de38adf7f4,Seoul,Will the highest temperature in Seoul (Incheon) be 33°C on August 2?,22480372213996193167953416279209498495429127108874111596485542091610426173913,No,2026-08-01T23:00:08+00:00,0.73
0xd4bbc787b84a7b2691bdea4d3342113f6f2f56612874ab1a55a610de38adf7f4,Seoul,Will the highest temperature in Seoul (Incheon) be 33°C on August 2?,22480372213996193167953416279209498495429127108874111596485542091610426173913,No,2026-08-01T23:13:08+00:00,0.72
0xd9becfec66c3181649e0612818f6e42d483aa51af23ad84ce8564118ecd858d6,Seoul,Will the highest temperature in Seoul (Incheon) be 34°C on August 2?,107876850448483719708555188347639794949505190656708025785576223466627497209386,Yes,2026-08-01T23:00:12+00:00,0.11
0xd9becfec66c3181649e0612818f6e42d483aa51af23ad84ce8564118ecd858d6,Seoul,Will the highest temperature in Seoul (Incheon) be 34°C on August 2?,107876850448483719708555188347639794949505190656708025785576223466627497209386,Yes,2026-08-01T23:13:10+00:00,0.115
0xd9becfec66c3181649e0612818f6e42d483aa51af23ad84ce8564118ecd858d6,Seoul,Will the highest temperature in Seoul (Incheon) be 34°C on August 2?,3952571701804725222106174106305870655525807574089789055184986059272487951377,No,2026-08-01T23:00:10+00:00,0.89
0xd9becfec66c3181649e0612818f6e42d483aa51af23ad84ce8564118ecd858d6,Seoul,Will the highest temperature in Seoul (Incheon) be 34°C on August 2?,3952571701804725222106174106305870655525807574089789055184986059272487951377,No,2026-08-01T23:13:09+00:00,0.885
0x0155c0dd906bcb1b5fd3fb8673a54b70973ad9d4865438b410eec1a5f24d576d,Seoul,Will the highest temperature in Seoul (Incheon) be 35°C or higher on August 2?,59604589291894658609447211929535156814738724975861670094035227485370658205565,Yes,2026-08-01T23:00:09+00:00,0.024
0x0155c0dd906bcb1b5fd3fb8673a54b70973ad9d4865438b410eec1a5f24d576d,Seoul,Will the highest temperature in Seoul (Incheon) be 35°C or higher on August 2?,59604589291894658609447211929535156814738724975861670094035227485370658205565,Yes,2026-08-01T23:13:09+00:00,0.021
0x0155c0dd906bcb1b5fd3fb8673a54b70973ad9d4865438b410eec1a5f24d576d,Seoul,Will the highest temperature in Seoul (Incheon) be 35°C or higher on August 2?,25613889125737923557243960688368541919118413674820123896619160087054458849880,No,2026-08-01T23:00:11+00:00,0.976
0x0155c0dd906bcb1b5fd3fb8673a54b70973ad9d4865438b410eec1a5f24d576d,Seoul,Will the highest temperature in Seoul (Incheon) be 35°C or higher on August 2?,25613889125737923557243960688368541919118413674820123896619160087054458849880,No,2026-08-01T23:13:10+00:00,0.979
0x99b6a2d2fd56b202337b210ca0042191e7c52d063713149141866df8efe00c0b,Seoul,Will the lowest temperature in Seoul (Incheon) be 22°C or below on August 2?,32086589326295922812945226397892233452125516547137932400641554731205404271134,Yes,2026-08-01T23:00:09+00:00,0.003
0x99b6a2d2fd56b202337b210ca0042191e7c52d063713149141866df8efe00c0b,Seoul,Will the lowest temperature in Seoul (Incheon) be 22°C or below on August 2?,32086589326295922812945226397892233452125516547137932400641554731205404271134,Yes,2026-08-01T23:13:09+00:00,0.003
0x99b6a2d2fd56b202337b210ca0042191e7c52d063713149141866df8efe00c0b,Seoul,Will the lowest temperature in Seoul (Incheon) be 22°C or below on August 2?,20549732338262514944971869238923177022206302651899668736183077413124966948048,No,2026-08-01T23:00:11+00:00,0.997
0x99b6a2d2fd56b202337b210ca0042191e7c52d063713149141866df8efe00c0b,Seoul,Will the lowest temperature in Seoul (Incheon) be 22°C or below on August 2?,20549732338262514944971869238923177022206302651899668736183077413124966948048,No,2026-08-01T23:13:10+00:00,0.997
0x7a9ba158411e657c361af63c83da8a98be8108d2cf485d8201f97138ff0c4381,Seoul,Will the lowest temperature in Seoul (Incheon) be 23°C on August 2?,19661085223192458304692828038097321745168161382613501944948638613504867667424,Yes,2026-08-01T23:00:13+00:00,0.003
0x7a9ba158411e657c361af63c83da8a98be8108d2cf485d8201f97138ff0c4381,Seoul,Will the lowest temperature in Seoul (Incheon) be 23°C on August 2?,19661085223192458304692828038097321745168161382613501944948638613504867667424,Yes,2026-08-01T23:13:11+00:00,0.003
0x7a9ba158411e657c361af63c83da8a98be8108d2cf485d8201f97138ff0c4381,Seoul,Will the lowest temperature in Seoul (Incheon) be 23°C on August 2?,8328514249599522178096918297429218437168427241709249707354698263723471643030,No,2026-08-01T23:00:08+00:00,0.997
0x7a9ba158411e657c361af63c83da8a98be8108d2cf485d8201f97138ff0c4381,Seoul,Will the lowest temperature in Seoul (Incheon) be 23°C on August 2?,8328514249599522178096918297429218437168427241709249707354698263723471643030,No,2026-08-01T23:13:08+00:00,0.997
0x65c3b452e7f70a2f38d204c00c4cd25378e1e2d1f7195cd576e3617f37ad07ef,Seoul,Will the lowest temperature in Seoul (Incheon) be 24°C on August 2?,53388676400618047283806831984927227381993774787270054910331744960587712738059,Yes,2026-08-01T23:00:08+00:00,0.0055
0x65c3b452e7f70a2f38d204c00c4cd25378e1e2d1f7195cd576e3617f37ad07ef,Seoul,Will the lowest temperature in Seoul (Incheon) be 24°C on August 2?,53388676400618047283806831984927227381993774787270054910331744960587712738059,Yes,2026-08-01T23:13:08+00:00,0.0055
0x65c3b452e7f70a2f38d204c00c4cd25378e1e2d1f7195cd576e3617f37ad07ef,Seoul,Will the lowest temperature in Seoul (Incheon) be 24°C on August 2?,29290337112977534161755325275556575348646726680771017211353175010422934770795,No,2026-08-01T23:00:09+00:00,0.9945
0x65c3b452e7f70a2f38d204c00c4cd25378e1e2d1f7195cd576e3617f37ad07ef,Seoul,Will the lowest temperature in Seoul (Incheon) be 24°C on August 2?,29290337112977534161755325275556575348646726680771017211353175010422934770795,No,2026-08-01T23:13:09+00:00,0.9945
0x52f513ce450283a9d96cd2621314260c20e86f3c95e3aad52b8eba7e7e93580d,Seoul,Will the lowest temperature in Seoul (Incheon) be 25°C on August 2?,99293531477611937554618064290984847735394200470457772593685205323497483466794,Yes,2026-08-01T23:00:12+00:00,0.0055
0x52f513ce450283a9d96cd2621314260c20e86f3c95e3aad52b8eba7e7e93580d,Seoul,Will the lowest temperature in Seoul (Incheon) be 25°C on August 2?,99293531477611937554618064290984847735394200470457772593685205323497483466794,Yes,2026-08-01T23:13:11+00:00,0.0055
0x52f513ce450283a9d96cd2621314260c20e86f3c95e3aad52b8eba7e7e93580d,Seoul,Will the lowest temperature in Seoul (Incheon) be 25°C on August 2?,93863809335877655361574018550390358957805615973014291278437717165081279939479,No,2026-08-01T23:00:08+00:00,0.9945
0x52f513ce450283a9d96cd2621314260c20e86f3c95e3aad52b8eba7e7e93580d,Seoul,Will the lowest temperature in Seoul (Incheon) be 25°C on August 2?,93863809335877655361574018550390358957805615973014291278437717165081279939479,No,2026-08-01T23:12:09+00:00,0.9945
0xad865a991ed23049ff8a9f73175335e78c06499ce47cf6295a9043956bc2744e,Seoul,Will the lowest temperature in Seoul (Incheon) be 26°C on August 2?,55406766889916708736508872335887761858017890793354588280479341906145411657538,Yes,2026-08-01T23:00:09+00:00,0.05
0xad865a991ed23049ff8a9f73175335e78c06499ce47cf6295a9043956bc2744e,Seoul,Will the lowest temperature in Seoul (Incheon) be 26°C on August 2?,55406766889916708736508872335887761858017890793354588280479341906145411657538,Yes,2026-08-01T23:13:09+00:00,0.05
0xad865a991ed23049ff8a9f73175335e78c06499ce47cf6295a9043956bc2744e,Seoul,Will the lowest temperature in Seoul (Incheon) be 26°C on August 2?,33906879690735312915797602178330062529267396436102044709518654311404878413632,No,2026-08-01T23:00:08+00:00,0.95
0xad865a991ed23049ff8a9f73175335e78c06499ce47cf6295a9043956bc2744e,Seoul,Will the lowest temperature in Seoul (Incheon) be 26°C on August 2?,33906879690735312915797602178330062529267396436102044709518654311404878413632,No,2026-08-01T23:13:09+00:00,0.95
0x17357867978f6f333e03ff4075744a83324835b922efc07640200574d555d507,Seoul,Will the lowest temperature in Seoul (Incheon) be 27°C on August 2?,103270084214336426316313599841004814479063965338598824048322564869168251898064,Yes,2026-08-01T23:00:10+00:00,0.935
0x17357867978f6f333e03ff4075744a83324835b922efc07640200574d555d507,Seoul,Will the lowest temperature in Seoul (Incheon) be 27°C on August 2?,103270084214336426316313599841004814479063965338598824048322564869168251898064,Yes,2026-08-01T23:13:10+00:00,0.935
0x17357867978f6f333e03ff4075744a83324835b922efc07640200574d555d507,Seoul,Will the lowest temperature in Seoul (Incheon) be 27°C on August 2?,48633960370269540040105950802709725855097489138331361067761713585827335484662,No,2026-08-01T23:00:11+00:00,0.065
0x17357867978f6f333e03ff4075744a83324835b922efc07640200574d555d507,Seoul,Will the lowest temperature in Seoul (Incheon) be 27°C on August 2?,48633960370269540040105950802709725855097489138331361067761713585827335484662,No,2026-08-01T23:13:10+00:00,0.065
0xfa3817f91b09562475ceb5c5db864aa564fe809eeb85fe1a4a5853eea4ea21ec,Seoul,Will the lowest temperature in Seoul (Incheon) be 28°C on August 2?,57232593022187790465577088208849339503057148464937128411504488702218250455540,Yes,2026-08-01T23:00:09+00:00,0.0005
0xfa3817f91b09562475ceb5c5db864aa564fe809eeb85fe1a4a5853eea4ea21ec,Seoul,Will the lowest temperature in Seoul (Incheon) be 28°C on August 2?,57232593022187790465577088208849339503057148464937128411504488702218250455540,Yes,2026-08-01T23:13:09+00:00,0.0005
0xfa3817f91b09562475ceb5c5db864aa564fe809eeb85fe1a4a5853eea4ea21ec,Seoul,Will the lowest temperature in Seoul (Incheon) be 28°C on August 2?,79715474401106128378366279818347250510287980891176749896761788248011538156470,No,2026-08-01T23:00:12+00:00,0.9995
0xfa3817f91b09562475ceb5c5db864aa564fe809eeb85fe1a4a5853eea4ea21ec,Seoul,Will the lowest temperature in Seoul (Incheon) be 28°C on August 2?,79715474401106128378366279818347250510287980891176749896761788248011538156470,No,2026-08-01T23:13:10+00:00,0.9995
0xce117988f36a9b2217657c6425e7f681b6ff6c05e5d498497532a3fc27f2f072,Seoul,Will the lowest temperature in Seoul (Incheon) be 29°C on August 2?,41558358134164618301497201068390057664377185102829989012592190731772869357421,Yes,2026-08-01T23:00:08+00:00,0.0005
0xce117988f36a9b2217657c6425e7f681b6ff6c05e5d498497532a3fc27f2f072,Seoul,Will the lowest temperature in Seoul (Incheon) be 29°C on August 2?,41558358134164618301497201068390057664377185102829989012592190731772869357421,Yes,2026-08-01T23:13:08+00:00,0.0005
0xce117988f36a9b2217657c6425e7f681b6ff6c05e5d498497532a3fc27f2f072,Seoul,Will the lowest temperature in Seoul (Incheon) be 29°C on August 2?,56945602289316687914232188133423193665925540577705653410006990725503163393041,No,2026-08-01T23:00:08+00:00,0.9995
0xce117988f36a9b2217657c6425e7f681b6ff6c05e5d498497532a3fc27f2f072,Seoul,Will the lowest temperature in Seoul (Incheon) be 29°C on August 2?,56945602289316687914232188133423193665925540577705653410006990725503163393041,No,2026-08-01T23:13:09+00:00,0.9995
0x188633794f144380e0c2773fb78140b0016574eccb4c72d36394280018e680ce,Seoul,Will the lowest temperature in Seoul (Incheon) be 30°C on August 2?,8091099450966113210747505103544797438897575439825698845935863688120872775883,Yes,2026-08-01T23:00:09+00:00,0.0005
0x188633794f144380e0c2773fb78140b0016574eccb4c72d36394280018e680ce,Seoul,Will the lowest temperature in Seoul (Incheon) be 30°C on August 2?,8091099450966113210747505103544797438897575439825698845935863688120872775883,Yes,2026-08-01T23:13:09+00:00,0.0005
0x188633794f144380e0c2773fb78140b0016574eccb4c72d36394280018e680ce,Seoul,Will the lowest temperature in Seoul (Incheon) be 30°C on August 2?,77583263506305762032028596408939301039342011080128111583883748779789161418913,No,2026-08-01T23:00:11+00:00,0.9995
0x188633794f144380e0c2773fb78140b0016574eccb4c72d36394280018e680ce,Seoul,Will the lowest temperature in Seoul (Incheon) be 30°C on August 2?,77583263506305762032028596408939301039342011080128111583883748779789161418913,No,2026-08-01T23:12:10+00:00,0.9995
0x0455e51903f52b3280437b2b0ad37a2d28e4f32164fdb5788900bd6eb28f230e,Seoul,Will the lowest temperature in Seoul (Incheon) be 31°C on August 2?,114743770927178202887513140766295181165791095884743041523460403856844947837188,Yes,2026-08-01T23:00:12+00:00,0.0005
0x0455e51903f52b3280437b2b0ad37a2d28e4f32164fdb5788900bd6eb28f230e,Seoul,Will the lowest temperature in Seoul (Incheon) be 31°C on August 2?,114743770927178202887513140766295181165791095884743041523460403856844947837188,Yes,2026-08-01T23:13:10+00:00,0.0005
0x0455e51903f52b3280437b2b0ad37a2d28e4f32164fdb5788900bd6eb28f230e,Seoul,Will the lowest temperature in Seoul (Incheon) be 31°C on August 2?,95879564636949719955786910429515632159690183109462758699632086869187808522640,No,2026-08-01T23:00:09+00:00,0.9995
0x0455e51903f52b3280437b2b0ad37a2d28e4f32164fdb5788900bd6eb28f230e,Seoul,Will the lowest temperature in Seoul (Incheon) be 31°C on August 2?,95879564636949719955786910429515632159690183109462758699632086869187808522640,No,2026-08-01T23:13:09+00:00,0.9995
0x39afc47f19ede8ec31b84f24f39cc0412a885ebfac6b741ec3f1230bc8a6c7e1,Seoul,Will the lowest temperature in Seoul (Incheon) be 32°C or higher on August 2?,87707409115176679165424013707960564573227881037455295135543035383952462382917,Yes,2026-08-01T23:00:10+00:00,0.0005
0x39afc47f19ede8ec31b84f24f39cc0412a885ebfac6b741ec3f1230bc8a6c7e1,Seoul,Will the lowest temperature in Seoul (Incheon) be 32°C or higher on August 2?,87707409115176679165424013707960564573227881037455295135543035383952462382917,Yes,2026-08-01T23:13:10+00:00,0.0005
0x39afc47f19ede8ec31b84f24f39cc0412a885ebfac6b741ec3f1230bc8a6c7e1,Seoul,Will the lowest temperature in Seoul (Incheon) be 32°C or higher on August 2?,948859234860412971759784579927644357778703327161861173719730772733956679423,No,2026-08-01T23:00:09+00:00,0.9995
0x39afc47f19ede8ec31b84f24f39cc0412a885ebfac6b741ec3f1230bc8a6c7e1,Seoul,Will the lowest temperature in Seoul (Incheon) be 32°C or higher on August 2?,948859234860412971759784579927644357778703327161861173719730772733956679423,No,2026-08-01T23:13:09+00:00,0.9995
0x1c8074574af0d3eff133fe19cc21a01128c6808a49f9a00f5135fde6003a11a1,Seoul,Will the highest temperature in Seoul (Incheon) be 26°C or below on August 3?,98856875915475575871005401992156797444316260878401049608185240279459791451033,Yes,2026-08-01T23:00:08+00:00,0.0005
0x1c8074574af0d3eff133fe19cc21a01128c6808a49f9a00f5135fde6003a11a1,Seoul,Will the highest temperature in Seoul (Incheon) be 26°C or below on August 3?,98856875915475575871005401992156797444316260878401049608185240279459791451033,Yes,2026-08-01T23:13:09+00:00,0.0005
0x1c8074574af0d3eff133fe19cc21a01128c6808a49f9a00f5135fde6003a11a1,Seoul,Will the highest temperature in Seoul (Incheon) be 26°C or below on August 3?,96438679057270648015000670011685095102321669443226722826094926360739641626199,No,2026-08-01T23:00:10+00:00,0.9995
0x1c8074574af0d3eff133fe19cc21a01128c6808a49f9a00f5135fde6003a11a1,Seoul,Will the highest temperature in Seoul (Incheon) be 26°C or below on August 3?,96438679057270648015000670011685095102321669443226722826094926360739641626199,No,2026-08-01T23:13:10+00:00,0.9995
0x0109dda471296066abbba8d66ddd4e50cb46b11a581e2050b1991eeb24104b5f,Seoul,Will the highest temperature in Seoul (Incheon) be 27°C on August 3?,5052519687640169320419932905852957426557493898277819060801213881507132054201,Yes,2026-08-01T23:00:11+00:00,0.0005
0x0109dda471296066abbba8d66ddd4e50cb46b11a581e2050b1991eeb24104b5f,Seoul,Will the highest temperature in Seoul (Incheon) be 27°C on August 3?,5052519687640169320419932905852957426557493898277819060801213881507132054201,Yes,2026-08-01T23:13:10+00:00,0.0005
0x0109dda471296066abbba8d66ddd4e50cb46b11a581e2050b1991eeb24104b5f,Seoul,Will the highest temperature in Seoul (Incheon) be 27°C on August 3?,42754278097618930228331705863847600036834598072716452882024082235219197306781,No,2026-08-01T23:00:08+00:00,0.9995
0x0109dda471296066abbba8d66ddd4e50cb46b11a581e2050b1991eeb24104b5f,Seoul,Will the highest temperature in Seoul (Incheon) be 27°C on August 3?,42754278097618930228331705863847600036834598072716452882024082235219197306781,No,2026-08-01T23:13:08+00:00,0.9995
0x24e4f733f2727dde6df2b699e0396a61dbb96e5e3a166c55edae41fa6d7ee7a5,Seoul,Will the highest temperature in Seoul (Incheon) be 28°C on August 3?,23280721490072525801639545777671483577678513072128325442699808277808154457158,Yes,2026-08-01T23:00:11+00:00,0.0015
0x24e4f733f2727dde6df2b699e0396a61dbb96e5e3a166c55edae41fa6d7ee7a5,Seoul,Will the highest temperature in Seoul (Incheon) be 28°C on August 3?,23280721490072525801639545777671483577678513072128325442699808277808154457158,Yes,2026-08-01T23:13:10+00:00,0.0015
0x24e4f733f2727dde6df2b699e0396a61dbb96e5e3a166c55edae41fa6d7ee7a5,Seoul,Will the highest temperature in Seoul (Incheon) be 28°C on August 3?,107514253692307665401685143554556837258282771703704249393084475193834510883920,No,2026-08-01T23:00:11+00:00,0.9985
0x24e4f733f2727dde6df2b699e0396a61dbb96e5e3a166c55edae41fa6d7ee7a5,Seoul,Will the highest temperature in Seoul (Incheon) be 28°C on August 3?,107514253692307665401685143554556837258282771703704249393084475193834510883920,No,2026-08-01T23:13:10+00:00,0.9985
0xbb9cb850655226361435bf4270425265be3a83d15addc582176350de303dcc38,Seoul,Will the highest temperature in Seoul (Incheon) be 29°C on August 3?,60579218658432742143716587197651926177890114660133115129218558591047123914545,Yes,2026-08-01T23:00:11+00:00,0.005
0xbb9cb850655226361435bf4270425265be3a83d15addc582176350de303dcc38,Seoul,Will the highest temperature in Seoul (Incheon) be 29°C on August 3?,60579218658432742143716587197651926177890114660133115129218558591047123914545,Yes,2026-08-01T23:13:10+00:00,0.005
0xbb9cb850655226361435bf4270425265be3a83d15addc582176350de303dcc38,Seoul,Will the highest temperature in Seoul (Incheon) be 29°C on August 3?,30824629458504355964136770649025447838450067018192750008150007786993616614363,No,2026-08-01T23:00:08+00:00,0.995
0xbb9cb850655226361435bf4270425265be3a83d15addc582176350de303dcc38,Seoul,Will the highest temperature in Seoul (Incheon) be 29°C on August 3?,30824629458504355964136770649025447838450067018192750008150007786993616614363,No,2026-08-01T23:13:08+00:00,0.995
0x5077d4db7784a743a6f107556b842c6cb6217e7f466364b1e9ce22356c08bfeb,Seoul,Will the highest temperature in Seoul (Incheon) be 30°C on August 3?,101238530637815554499260516830619521395195599639783540482576819608199690422402,Yes,2026-08-01T23:00:11+00:00,0.015
0x5077d4db7784a743a6f107556b842c6cb6217e7f466364b1e9ce22356c08bfeb,Seoul,Will the highest temperature in Seoul (Incheon) be 30°C on August 3?,101238530637815554499260516830619521395195599639783540482576819608199690422402,Yes,2026-08-01T23:13:10+00:00,0.015
0x5077d4db7784a743a6f107556b842c6cb6217e7f466364b1e9ce22356c08bfeb,Seoul,Will the highest temperature in Seoul (Incheon) be 30°C on August 3?,80260422533433067961451941766857874928213550962929425751745855867236219151288,No,2026-08-01T23:00:12+00:00,0.985
0x5077d4db7784a743a6f107556b842c6cb6217e7f466364b1e9ce22356c08bfeb,Seoul,Will the highest temperature in Seoul (Incheon) be 30°C on August 3?,80260422533433067961451941766857874928213550962929425751745855867236219151288,No,2026-08-01T23:13:11+00:00,0.985
0xd9ffdb78e3ee0c13bda0d67c0265440f81d5950e8fbd47b4392a7c3c6c617434,Seoul,Will the highest temperature in Seoul (Incheon) be 31°C on August 3?,38080124324411207974918650319270791156581357621674078857083981687507486205727,Yes,2026-08-01T23:00:12+00:00,0.04
0xd9ffdb78e3ee0c13bda0d67c0265440f81d5950e8fbd47b4392a7c3c6c617434,Seoul,Will the highest temperature in Seoul (Incheon) be 31°C on August 3?,38080124324411207974918650319270791156581357621674078857083981687507486205727,Yes,2026-08-01T23:13:11+00:00,0.04
0xd9ffdb78e3ee0c13bda0d67c0265440f81d5950e8fbd47b4392a7c3c6c617434,Seoul,Will the highest temperature in Seoul (Incheon) be 31°C on August 3?,79923990922594974702631673106801180363047144418222480062725033493639851560970,No,2026-08-01T23:00:08+00:00,0.96
0xd9ffdb78e3ee0c13bda0d67c0265440f81d5950e8fbd47b4392a7c3c6c617434,Seoul,Will the highest temperature in Seoul (Incheon) be 31°C on August 3?,79923990922594974702631673106801180363047144418222480062725033493639851560970,No,2026-08-01T23:13:08+00:00,0.96
0x5648393f16ef0b29af4de0afae9cfda80cfdbb9d571757f2cd99afda5c12f7d2,Seoul,Will the highest temperature in Seoul (Incheon) be 32°C on August 3?,52221535427624441795577955719131289894453350380977129063393266688619643884337,Yes,2026-08-01T23:00:12+00:00,0.165
0x5648393f16ef0b29af4de0afae9cfda80cfdbb9d571757f2cd99afda5c12f7d2,Seoul,Will the highest temperature in Seoul (Incheon) be 32°C on August 3?,52221535427624441795577955719131289894453350380977129063393266688619643884337,Yes,2026-08-01T23:13:11+00:00,0.165
0x5648393f16ef0b29af4de0afae9cfda80cfdbb9d571757f2cd99afda5c12f7d2,Seoul,Will the highest temperature in Seoul (Incheon) be 32°C on August 3?,7951586462178082004409670482717787206192791814071903740125359630039668494027,No,2026-08-01T23:00:12+00:00,0.835
0x5648393f16ef0b29af4de0afae9cfda80cfdbb9d571757f2cd99afda5c12f7d2,Seoul,Will the highest temperature in Seoul (Incheon) be 32°C on August 3?,7951586462178082004409670482717787206192791814071903740125359630039668494027,No,2026-08-01T23:13:11+00:00,0.835
0x1bef035225cbb35b0edc5e491c928538f4b3511e74028bf086c9a8c93f2814b2,Seoul,Will the highest temperature in Seoul (Incheon) be 33°C on August 3?,29316291793843816974676779523628139041618991999576608532044158893921990323902,Yes,2026-08-01T23:00:13+00:00,0.305
0x1bef035225cbb35b0edc5e491c928538f4b3511e74028bf086c9a8c93f2814b2,Seoul,Will the highest temperature in Seoul (Incheon) be 33°C on August 3?,29316291793843816974676779523628139041618991999576608532044158893921990323902,Yes,2026-08-01T23:13:11+00:00,0.305
0x1bef035225cbb35b0edc5e491c928538f4b3511e74028bf086c9a8c93f2814b2,Seoul,Will the highest temperature in Seoul (Incheon) be 33°C on August 3?,26092071645795977749473603126522887419087341706335746667308146468841573096368,No,2026-08-01T23:00:10+00:00,0.695
0x1bef035225cbb35b0edc5e491c928538f4b3511e74028bf086c9a8c93f2814b2,Seoul,Will the highest temperature in Seoul (Incheon) be 33°C on August 3?,26092071645795977749473603126522887419087341706335746667308146468841573096368,No,2026-08-01T23:13:09+00:00,0.695
0x89e641d6d147f825b02bdf6b73956edf76998478b024598eb946361002678efb,Seoul,Will the highest temperature in Seoul (Incheon) be 34°C on August 3?,113134915936500517708215876201526228950667361363664880560772784709322764324754,Yes,2026-08-01T23:00:11+00:00,0.305
0x89e641d6d147f825b02bdf6b73956edf76998478b024598eb946361002678efb,Seoul,Will the highest temperature in Seoul (Incheon) be 34°C on August 3?,113134915936500517708215876201526228950667361363664880560772784709322764324754,Yes,2026-08-01T23:13:10+00:00,0.305
0x89e641d6d147f825b02bdf6b73956edf76998478b024598eb946361002678efb,Seoul,Will the highest temperature in Seoul (Incheon) be 34°C on August 3?,40237527169828490377186825662194589595506883989836002699199330755343885645908,No,2026-08-01T23:00:09+00:00,0.695
0x89e641d6d147f825b02bdf6b73956edf76998478b024598eb946361002678efb,Seoul,Will the highest temperature in Seoul (Incheon) be 34°C on August 3?,40237527169828490377186825662194589595506883989836002699199330755343885645908,No,2026-08-01T23:13:09+00:00,0.695
0x479df6862bda02f3bacc019dfe6f54d7420fb9d1e93f519e722bb251be660133,Seoul,Will the highest temperature in Seoul (Incheon) be 35°C on August 3?,40687768382475545255917692444169416057132137777732189019326267614171862871712,Yes,2026-08-01T23:00:11+00:00,0.195
0x479df6862bda02f3bacc019dfe6f54d7420fb9d1e93f519e722bb251be660133,Seoul,Will the highest temperature in Seoul (Incheon) be 35°C on August 3?,40687768382475545255917692444169416057132137777732189019326267614171862871712,Yes,2026-08-01T23:13:10+00:00,0.195
0x479df6862bda02f3bacc019dfe6f54d7420fb9d1e93f519e722bb251be660133,Seoul,Will the highest temperature in Seoul (Incheon) be 35°C on August 3?,25727882130139248025497726534491192112164659525740650970194088763337662417426,No,2026-08-01T23:00:09+00:00,0.805
0x479df6862bda02f3bacc019dfe6f54d7420fb9d1e93f519e722bb251be660133,Seoul,Will the highest temperature in Seoul (Incheon) be 35°C on August 3?,25727882130139248025497726534491192112164659525740650970194088763337662417426,No,2026-08-01T23:13:09+00:00,0.805
0x744b721e3e7518a947f639d05e843b1bce72fd849091addc83e132a4d3cf8d55,Seoul,Will the highest temperature in Seoul (Incheon) be 36°C or higher on August 3?,29312688799977404103899493175419211384402874775949612084288080453312250919767,Yes,2026-08-01T23:00:12+00:00,0.04
0x744b721e3e7518a947f639d05e843b1bce72fd849091addc83e132a4d3cf8d55,Seoul,Will the highest temperature in Seoul (Incheon) be 36°C or higher on August 3?,29312688799977404103899493175419211384402874775949612084288080453312250919767,Yes,2026-08-01T23:13:11+00:00,0.04
0x744b721e3e7518a947f639d05e843b1bce72fd849091addc83e132a4d3cf8d55,Seoul,Will the highest temperature in Seoul (Incheon) be 36°C or higher on August 3?,27337769490236350062193524621635349743426691022198152506765190344632434502175,No,2026-08-01T23:00:10+00:00,0.96
0x744b721e3e7518a947f639d05e843b1bce72fd849091addc83e132a4d3cf8d55,Seoul,Will the highest temperature in Seoul (Incheon) be 36°C or higher on August 3?,27337769490236350062193524621635349743426691022198152506765190344632434502175,No,2026-08-01T23:13:10+00:00,0.96
0x4f5706dacb730e106b7192349f8cd891f513f1adb3312a42241c7ad401cf7208,Seoul,Will the lowest temperature in Seoul (Incheon) be 22°C or below on August 3?,19304768798545970323388392819805344181532470584848703446649577941578728367053,Yes,2026-08-01T23:00:11+00:00,0.006
0x4f5706dacb730e106b7192349f8cd891f513f1adb3312a42241c7ad401cf7208,Seoul,Will the lowest temperature in Seoul (Incheon) be 22°C or below on August 3?,19304768798545970323388392819805344181532470584848703446649577941578728367053,Yes,2026-08-01T23:13:10+00:00,0.006
0x4f5706dacb730e106b7192349f8cd891f513f1adb3312a42241c7ad401cf7208,Seoul,Will the lowest temperature in Seoul (Incheon) be 22°C or below on August 3?,2549519625435199462095075168376197040900055468762196100994814370870136659412,No,2026-08-01T23:00:10+00:00,0.994
0x4f5706dacb730e106b7192349f8cd891f513f1adb3312a42241c7ad401cf7208,Seoul,Will the lowest temperature in Seoul (Incheon) be 22°C or below on August 3?,2549519625435199462095075168376197040900055468762196100994814370870136659412,No,2026-08-01T23:13:10+00:00,0.994
0x76e1ad50967cb80ed51f0b2bd6740642361a9d551e52f5666efc6bf898acc776,Seoul,Will the lowest temperature in Seoul (Incheon) be 23°C on August 3?,33762730700423962634100711253653079415581429473486598073691388967795084166914,Yes,2026-08-01T23:00:09+00:00,0.01
0x76e1ad50967cb80ed51f0b2bd6740642361a9d551e52f5666efc6bf898acc776,Seoul,Will the lowest temperature in Seoul (Incheon) be 23°C on August 3?,33762730700423962634100711253653079415581429473486598073691388967795084166914,Yes,2026-08-01T23:13:09+00:00,0.01
0x76e1ad50967cb80ed51f0b2bd6740642361a9d551e52f5666efc6bf898acc776,Seoul,Will the lowest temperature in Seoul (Incheon) be 23°C on August 3?,71458282688989725220721216435770009591927019743211464492012586676963514863868,No,2026-08-01T23:00:11+00:00,0.99
0x76e1ad50967cb80ed51f0b2bd6740642361a9d551e52f5666efc6bf898acc776,Seoul,Will the lowest temperature in Seoul (Incheon) be 23°C on August 3?,71458282688989725220721216435770009591927019743211464492012586676963514863868,No,2026-08-01T23:13:10+00:00,0.99
0xd6e7129d4c48369c5b8aed99c886033083450f1520381b433e5bdf9839005d15,Seoul,Will the lowest temperature in Seoul (Incheon) be 24°C on August 3?,12050031863920233952761815860497443658712595658104329672305985681351338797769,Yes,2026-08-01T23:00:12+00:00,0.015
0xd6e7129d4c48369c5b8aed99c886033083450f1520381b433e5bdf9839005d15,Seoul,Will the lowest temperature in Seoul (Incheon) be 24°C on August 3?,12050031863920233952761815860497443658712595658104329672305985681351338797769,Yes,2026-08-01T23:13:11+00:00,0.015
0xd6e7129d4c48369c5b8aed99c886033083450f1520381b433e5bdf9839005d15,Seoul,Will the lowest temperature in Seoul (Incheon) be 24°C on August 3?,6812143188890971088265509733880795065671836502052354445853508499246570943180,No,2026-08-01T23:00:08+00:00,0.985
0xd6e7129d4c48369c5b8aed99c886033083450f1520381b433e5bdf9839005d15,Seoul,Will the lowest temperature in Seoul (Incheon) be 24°C on August 3?,6812143188890971088265509733880795065671836502052354445853508499246570943180,No,2026-08-01T23:13:09+00:00,0.985
0x0110f6484cb9dd66fa105cc7f355a898967f3b39b2b0f35542da37b8d280a5ba,Seoul,Will the lowest temperature in Seoul (Incheon) be 25°C on August 3?,14940986401759379066183663876784902965066229537177409143188821633707190594869,Yes,2026-08-01T23:00:09+00:00,0.115
0x0110f6484cb9dd66fa105cc7f355a898967f3b39b2b0f35542da37b8d280a5ba,Seoul,Will the lowest temperature in Seoul (Incheon) be 25°C on August 3?,14940986401759379066183663876784902965066229537177409143188821633707190594869,Yes,2026-08-01T23:13:09+00:00,0.125
0x0110f6484cb9dd66fa105cc7f355a898967f3b39b2b0f35542da37b8d280a5ba,Seoul,Will the lowest temperature in Seoul (Incheon) be 25°C on August 3?,93177652207995115954663462066929883206426346018195387073887169479421255477939,No,2026-08-01T23:00:11+00:00,0.885
0x0110f6484cb9dd66fa105cc7f355a898967f3b39b2b0f35542da37b8d280a5ba,Seoul,Will the lowest temperature in Seoul (Incheon) be 25°C on August 3?,93177652207995115954663462066929883206426346018195387073887169479421255477939,No,2026-08-01T23:13:10+00:00,0.875
0x72f29c6f0120fb5ad17accc3a3ec0aba1e887190131cf1296e59711b022dab17,Seoul,Will the lowest temperature in Seoul (Incheon) be 26°C on August 3?,62364278266431607359182771879072765682020182640428463200206328581375319223112,Yes,2026-08-01T23:00:12+00:00,0.39
0x72f29c6f0120fb5ad17accc3a3ec0aba1e887190131cf1296e59711b022dab17,Seoul,Will the lowest temperature in Seoul (Incheon) be 26°C on August 3?,62364278266431607359182771879072765682020182640428463200206328581375319223112,Yes,2026-08-01T23:13:11+00:00,0.39
0x72f29c6f0120fb5ad17accc3a3ec0aba1e887190131cf1296e59711b022dab17,Seoul,Will the lowest temperature in Seoul (Incheon) be 26°C on August 3?,87642799481232844162723317477329349328480016322521221340186945586821334731707,No,2026-08-01T23:00:12+00:00,0.61
0x72f29c6f0120fb5ad17accc3a3ec0aba1e887190131cf1296e59711b022dab17,Seoul,Will the lowest temperature in Seoul (Incheon) be 26°C on August 3?,87642799481232844162723317477329349328480016322521221340186945586821334731707,No,2026-08-01T23:13:11+00:00,0.61
0x1c440b52c8c0eaae7c813a600cf3c77f25bc7d356b524235209dd03093f38107,Seoul,Will the lowest temperature in Seoul (Incheon) be 27°C on August 3?,91489842049040640579323134499676901052489838338593971699374348817276260789623,Yes,2026-08-01T23:00:10+00:00,0.48
0x1c440b52c8c0eaae7c813a600cf3c77f25bc7d356b524235209dd03093f38107,Seoul,Will the lowest temperature in Seoul (Incheon) be 27°C on August 3?,91489842049040640579323134499676901052489838338593971699374348817276260789623,Yes,2026-08-01T23:13:10+00:00,0.485
0x1c440b52c8c0eaae7c813a600cf3c77f25bc7d356b524235209dd03093f38107,Seoul,Will the lowest temperature in Seoul (Incheon) be 27°C on August 3?,54123283524315491731840654494306130826187267681991947221777095424730801123962,No,2026-08-01T23:00:09+00:00,0.52
0x1c440b52c8c0eaae7c813a600cf3c77f25bc7d356b524235209dd03093f38107,Seoul,Will the lowest temperature in Seoul (Incheon) be 27°C on August 3?,54123283524315491731840654494306130826187267681991947221777095424730801123962,No,2026-08-01T23:13:09+00:00,0.515
0x1a1af152fd0b9651ba06cd8f3856591ce07c246967e287df59b2e77bf4b99f41,Seoul,Will the lowest temperature in Seoul (Incheon) be 28°C on August 3?,29231842697368448416281492408753948117416951986521778286192321259525714337815,Yes,2026-08-01T23:00:09+00:00,0.025
0x1a1af152fd0b9651ba06cd8f3856591ce07c246967e287df59b2e77bf4b99f41,Seoul,Will the lowest temperature in Seoul (Incheon) be 28°C on August 3?,29231842697368448416281492408753948117416951986521778286192321259525714337815,Yes,2026-08-01T23:13:09+00:00,0.025
0x1a1af152fd0b9651ba06cd8f3856591ce07c246967e287df59b2e77bf4b99f41,Seoul,Will the lowest temperature in Seoul (Incheon) be 28°C on August 3?,101061933609098622073989890234533727076238229485732838958660398682246689860907,No,2026-08-01T23:00:11+00:00,0.975
0x1a1af152fd0b9651ba06cd8f3856591ce07c246967e287df59b2e77bf4b99f41,Seoul,Will the lowest temperature in Seoul (Incheon) be 28°C on August 3?,101061933609098622073989890234533727076238229485732838958660398682246689860907,No,2026-08-01T23:13:10+00:00,0.975
0xfdaefbadcd40a368da5f154f844119d7218e768c9d2eed817d29c9316b45e158,Seoul,Will the lowest temperature in Seoul (Incheon) be 29°C on August 3?,24994189840418237110694694995813177265239363488806984251331728721929958201718,Yes,2026-08-01T23:00:10+00:00,0.004
0xfdaefbadcd40a368da5f154f844119d7218e768c9d2eed817d29c9316b45e158,Seoul,Will the lowest temperature in Seoul (Incheon) be 29°C on August 3?,24994189840418237110694694995813177265239363488806984251331728721929958201718,Yes,2026-08-01T23:13:09+00:00,0.004
0xfdaefbadcd40a368da5f154f844119d7218e768c9d2eed817d29c9316b45e158,Seoul,Will the lowest temperature in Seoul (Incheon) be 29°C on August 3?,26557972669761113788718743838780715808772883338400271448434320069914928827886,No,2026-08-01T23:00:09+00:00,0.996
0xfdaefbadcd40a368da5f154f844119d7218e768c9d2eed817d29c9316b45e158,Seoul,Will the lowest temperature in Seoul (Incheon) be 29°C on August 3?,26557972669761113788718743838780715808772883338400271448434320069914928827886,No,2026-08-01T23:13:09+00:00,0.996
0x0a73c5db7ec757435fd75bbfc4d2b70c8f6f4f25651f5fa969012cf6e4b9f51e,Seoul,Will the lowest temperature in Seoul (Incheon) be 30°C on August 3?,17638729551843754336270293222930968045561392552860310884771035912080283919009,Yes,2026-08-01T23:00:11+00:00,0.004
0x0a73c5db7ec757435fd75bbfc4d2b70c8f6f4f25651f5fa969012cf6e4b9f51e,Seoul,Will the lowest temperature in Seoul (Incheon) be 30°C on August 3?,17638729551843754336270293222930968045561392552860310884771035912080283919009,Yes,2026-08-01T23:13:10+00:00,0.004
0x0a73c5db7ec757435fd75bbfc4d2b70c8f6f4f25651f5fa969012cf6e4b9f51e,Seoul,Will the lowest temperature in Seoul (Incheon) be 30°C on August 3?,77848974197965927375596086290185410105163641052717592185054087992385557194544,No,2026-08-01T23:00:09+00:00,0.996
0x0a73c5db7ec757435fd75bbfc4d2b70c8f6f4f25651f5fa969012cf6e4b9f51e,Seoul,Will the lowest temperature in Seoul (Incheon) be 30°C on August 3?,77848974197965927375596086290185410105163641052717592185054087992385557194544,No,2026-08-01T23:13:09+00:00,0.996
0xa53d45465b762af74ff2fc574e10f3706874b51392a8815a97a7b61e4569d112,Seoul,Will the lowest temperature in Seoul (Incheon) be 31°C on August 3?,40784935173192007211844364582585870824585925291905233520131158591403675175354,Yes,2026-08-01T23:00:09+00:00,0.0015
0xa53d45465b762af74ff2fc574e10f3706874b51392a8815a97a7b61e4569d112,Seoul,Will the lowest temperature in Seoul (Incheon) be 31°C on August 3?,40784935173192007211844364582585870824585925291905233520131158591403675175354,Yes,2026-08-01T23:13:09+00:00,0.0015
0xa53d45465b762af74ff2fc574e10f3706874b51392a8815a97a7b61e4569d112,Seoul,Will the lowest temperature in Seoul (Incheon) be 31°C on August 3?,76829747605007687361713253796770755384392365088780364813662325646482500969097,No,2026-08-01T23:00:11+00:00,0.9985
0xa53d45465b762af74ff2fc574e10f3706874b51392a8815a97a7b61e4569d112,Seoul,Will the lowest temperature in Seoul (Incheon) be 31°C on August 3?,76829747605007687361713253796770755384392365088780364813662325646482500969097,No,2026-08-01T23:13:10+00:00,0.9985
0x88f565493dab4cd5d968442e560be54d061fafbfc21a4088bc64db0ab9cd5cbe,Seoul,Will the lowest temperature in Seoul (Incheon) be 32°C or higher on August 3?,94856981787231930545697220797260030950686079648822350093735514339549987394485,Yes,2026-08-01T23:00:09+00:00,0.0015
0x88f565493dab4cd5d968442e560be54d061fafbfc21a4088bc64db0ab9cd5cbe,Seoul,Will the lowest temperature in Seoul (Incheon) be 32°C or higher on August 3?,94856981787231930545697220797260030950686079648822350093735514339549987394485,Yes,2026-08-01T23:13:09+00:00,0.0015
0x88f565493dab4cd5d968442e560be54d061fafbfc21a4088bc64db0ab9cd5cbe,Seoul,Will the lowest temperature in Seoul (Incheon) be 32°C or higher on August 3?,80525245882727147218680440284841179950544928458391908761742448715224446019190,No,2026-08-01T23:00:11+00:00,0.9985
0x88f565493dab4cd5d968442e560be54d061fafbfc21a4088bc64db0ab9cd5cbe,Seoul,Will the lowest temperature in Seoul (Incheon) be 32°C or higher on August 3?,80525245882727147218680440284841179950544928458391908761742448715224446019190,No,2026-08-01T23:13:10+00:00,0.9985
