city,fetched_at_utc,datetime_local,datetime_utc,temp_c,precip_prob_pct
London,2026-03-18T08:01:55.110844+00:00,2026-03-18T00:00,2026-03-18T00:00:00+00:00,11.0,0
London,2026-03-18T08:01:55.110844+00:00,2026-03-18T01:00,2026-03-18T01:00:00+00:00,10.7,0
London,2026-03-18T08:01:55.110844+00:00,2026-03-18T02:00,2026-03-18T02:00:00+00:00,10.3,0
London,2026-03-18T08:01:55.110844+00:00,2026-03-18T03:00,2026-03-18T03:00:00+00:00,10.0,0
London,2026-03-18T08:01:55.110844+00:00,2026-03-18T04:00,2026-03-18T04:00:00+00:00,9.8,0
London,2026-03-18T08:01:55.110844+00:00,2026-03-18T05:00,2026-03-18T05:00:00+00:00,9.6,0
London,2026-03-18T08:01:55.110844+00:00,2026-03-18T06:00,2026-03-18T06:00:00+00:00,9.2,0
London,2026-03-18T08:01:55.110844+00:00,2026-03-18T07:00,2026-03-18T07:00:00+00:00,9.3,0
London,2026-03-18T08:01:55.110844+00:00,2026-03-18T08:00,2026-03-18T08:00:00+00:00,10.0,0
London,2026-03-18T08:01:55.110844+00:00,2026-03-18T09:00,2026-03-18T09:00:00+00:00,11.2,0
London,2026-03-18T08:01:55.110844+00:00,2026-03-18T10:00,2026-03-18T10:00:00+00:00,13.2,0
London,2026-03-18T08:01:55.110844+00:00,2026-03-18T11:00,2026-03-18T11:00:00+00:00,15.1,0
London,2026-03-18T08:01:55.110844+00:00,2026-03-18T12:00,2026-03-18T12:00:00+00:00,16.5,0
London,2026-03-18T08:01:55.110844+00:00,2026-03-18T13:00,2026-03-18T13:00:00+00:00,17.4,0
London,2026-03-18T08:01:55.110844+00:00,2026-03-18T14:00,2026-03-18T14:00:00+00:00,17.7,0
London,2026-03-18T08:01:55.110844+00:00,2026-03-18T15:00,2026-03-18T15:00:00+00:00,17.3,0
London,2026-03-18T08:01:55.110844+00:00,2026-03-18T16:00,2026-03-18T16:00:00+00:00,17.0,0
London,2026-03-18T08:01:55.110844+00:00,2026-03-18T17:00,2026-03-18T17:00:00+00:00,16.0,0
London,2026-03-18T08:01:55.110844+00:00,2026-03-18T18:00,2026-03-18T18:00:00+00:00,14.7,0
London,2026-03-18T08:01:55.110844+00:00,2026-03-18T19:00,2026-03-18T19:00:00+00:00,13.7,0
London,2026-03-18T08:01:55.110844+00:00,2026-03-18T20:00,2026-03-18T20:00:00+00:00,12.9,0
London,2026-03-18T08:01:55.110844+00:00,2026-03-18T21:00,2026-03-18T21:00:00+00:00,12.0,0
London,2026-03-18T08:01:55.110844+00:00,2026-03-18T22:00,2026-03-18T22:00:00+00:00,11.4,0
London,2026-03-18T08:01:55.110844+00:00,2026-03-18T23:00,2026-03-18T23:00:00+00:00,10.9,0
London,2026-03-18T08:01:55.110844+00:00,2026-03-19T00:00,2026-03-19T00:00:00+00:00,10.5,0
London,2026-03-18T08:01:55.110844+00:00,2026-03-19T01:00,2026-03-19T01:00:00+00:00,10.1,0
London,2026-03-18T08:01:55.110844+00:00,2026-03-19T02:00,2026-03-19T02:00:00+00:00,9.7,0
London,2026-03-18T08:01:55.110844+00:00,2026-03-19T03:00,2026-03-19T03:00:00+00:00,9.3,0
London,2026-03-18T08:01:55.110844+00:00,2026-03-19T04:00,2026-03-19T04:00:00+00:00,8.9,0
London,2026-03-18T08:01:55.110844+00:00,2026-03-19T05:00,2026-03-19T05:00:00+00:00,8.4,0
London,2026-03-18T08:01:55.110844+00:00,2026-03-19T06:00,2026-03-19T06:00:00+00:00,7.9,0
London,2026-03-18T08:01:55.110844+00:00,2026-03-19T07:00,2026-03-19T07:00:00+00:00,7.7,0
London,2026-03-18T08:01:55.110844+00:00,2026-03-19T08:00,2026-03-19T08:00:00+00:00,8.4,0
London,2026-03-18T08:01:55.110844+00:00,2026-03-19T09:00,2026-03-19T09:00:00+00:00,9.6,0
London,2026-03-18T08:01:55.110844+00:00,2026-03-19T10:00,2026-03-19T10:00:00+00:00,11.3,0
London,2026-03-18T08:01:55.110844+00:00,2026-03-19T11:00,2026-03-19T11:00:00+00:00,13.2,0
London,2026-03-18T08:01:55.110844+00:00,2026-03-19T12:00,2026-03-19T12:00:00+00:00,14.4,0
London,2026-03-18T08:01:55.110844+00:00,2026-03-19T13:00,2026-03-19T13:00:00+00:00,15.4,0
London,2026-03-18T08:01:55.110844+00:00,2026-03-19T14:00,2026-03-19T14:00:00+00:00,16.0,0
London,2026-03-18T08:01:55.110844+00:00,2026-03-19T15:00,2026-03-19T15:00:00+00:00,16.1,0
London,2026-03-18T08:01:55.110844+00:00,2026-03-19T16:00,2026-03-19T16:00:00+00:00,16.0,0
London,2026-03-18T08:01:55.110844+00:00,2026-03-19T17:00,2026-03-19T17:00:00+00:00,15.5,0
London,2026-03-18T08:01:55.110844+00:00,2026-03-19T18:00,2026-03-19T18:00:00+00:00,14.4,0
London,2026-03-18T08:01:55.110844+00:00,2026-03-19T19:00,2026-03-19T19:00:00+00:00,13.4,0
London,2026-03-18T08:01:55.110844+00:00,2026-03-19T20:00,2026-03-19T20:00:00+00:00,12.6,0
London,2026-03-18T08:01:55.110844+00:00,2026-03-19T21:00,2026-03-19T21:00:00+00:00,11.7,0
London,2026-03-18T08:01:55.110844+00:00,2026-03-19T22:00,2026-03-19T22:00:00+00:00,10.8,0
London,2026-03-18T08:01:55.110844+00:00,2026-03-19T23:00,2026-03-19T23:00:00+00:00,10.0,0
London,2026-03-18T08:01:55.110844+00:00,2026-03-20T00:00,2026-03-20T00:00:00+00:00,9.5,0
London,2026-03-18T08:01:55.110844+00:00,2026-03-20T01:00,2026-03-20T01:00:00+00:00,9.1,0
London,2026-03-18T08:01:55.110844+00:00,2026-03-20T02:00,2026-03-20T02:00:00+00:00,8.7,0
London,2026-03-18T08:01:55.110844+00:00,2026-03-20T03:00,2026-03-20T03:00:00+00:00,8.2,0
London,2026-03-18T08:01:55.110844+00:00,2026-03-20T04:00,2026-03-20T04:00:00+00:00,7.8,0
London,2026-03-18T08:01:55.110844+00:00,2026-03-20T05:00,2026-03-20T05:00:00+00:00,7.3,0
London,2026-03-18T08:01:55.110844+00:00,2026-03-20T06:00,2026-03-20T06:00:00+00:00,6.9,0
London,2026-03-18T08:01:55.110844+00:00,2026-03-20T07:00,2026-03-20T07:00:00+00:00,6.5,0
London,2026-03-18T08:01:55.110844+00:00,2026-03-20T08:00,2026-03-20T08:00:00+00:00,6.6,0
London,2026-03-18T08:01:55.110844+00:00,2026-03-20T09:00,2026-03-20T09:00:00+00:00,6.8,0
London,2026-03-18T08:01:55.110844+00:00,2026-03-20T10:00,2026-03-20T10:00:00+00:00,6.9,0
London,2026-03-18T08:01:55.110844+00:00,2026-03-20T11:00,2026-03-20T11:00:00+00:00,7.8,0
London,2026-03-18T08:01:55.110844+00:00,2026-03-20T12:00,2026-03-20T12:00:00+00:00,8.9,0
London,2026-03-18T08:01:55.110844+00:00,2026-03-20T13:00,2026-03-20T13:00:00+00:00,10.4,0
London,2026-03-18T08:01:55.110844+00:00,2026-03-20T14:00,2026-03-20T14:00:00+00:00,12.2,0
London,2026-03-18T08:01:55.110844+00:00,2026-03-20T15:00,2026-03-20T15:00:00+00:00,13.5,0
London,2026-03-18T08:01:55.110844+00:00,2026-03-20T16:00,2026-03-20T16:00:00+00:00,14.1,0
London,2026-03-18T08:01:55.110844+00:00,2026-03-20T17:00,2026-03-20T17:00:00+00:00,14.1,0
London,2026-03-18T08:01:55.110844+00:00,2026-03-20T18:00,2026-03-20T18:00:00+00:00,13.8,0
London,2026-03-18T08:01:55.110844+00:00,2026-03-20T19:00,2026-03-20T19:00:00+00:00,13.1,0
London,2026-03-18T08:01:55.110844+00:00,2026-03-20T20:00,2026-03-20T20:00:00+00:00,11.9,0
London,2026-03-18T08:01:55.110844+00:00,2026-03-20T21:00,2026-03-20T21:00:00+00:00,10.9,0
London,2026-03-18T08:01:55.110844+00:00,2026-03-20T22:00,2026-03-20T22:00:00+00:00,10.0,0
London,2026-03-18T08:01:55.110844+00:00,2026-03-20T23:00,2026-03-20T23:00:00+00:00,9.2,0
London,2026-03-18T08:01:55.110844+00:00,2026-03-21T00:00,2026-03-21T00:00:00+00:00,8.5,0
London,2026-03-18T08:01:55.110844+00:00,2026-03-21T01:00,2026-03-21T01:00:00+00:00,8.0,0
London,2026-03-18T08:01:55.110844+00:00,2026-03-21T02:00,2026-03-21T02:00:00+00:00,7.6,0
London,2026-03-18T08:01:55.110844+00:00,2026-03-21T03:00,2026-03-21T03:00:00+00:00,7.2,0
London,2026-03-18T08:01:55.110844+00:00,2026-03-21T04:00,2026-03-21T04:00:00+00:00,6.7,0
London,2026-03-18T08:01:55.110844+00:00,2026-03-21T05:00,2026-03-21T05:00:00+00:00,6.1,0
London,2026-03-18T08:01:55.110844+00:00,2026-03-21T06:00,2026-03-21T06:00:00+00:00,5.7,0
London,2026-03-18T08:01:55.110844+00:00,2026-03-21T07:00,2026-03-21T07:00:00+00:00,5.7,0
London,2026-03-18T08:01:55.110844+00:00,2026-03-21T08:00,2026-03-21T08:00:00+00:00,5.9,0
London,2026-03-18T08:01:55.110844+00:00,2026-03-21T09:00,2026-03-21T09:00:00+00:00,6.5,0
London,2026-03-18T08:01:55.110844+00:00,2026-03-21T10:00,2026-03-21T10:00:00+00:00,7.5,0
London,2026-03-18T08:01:55.110844+00:00,2026-03-21T11:00,2026-03-21T11:00:00+00:00,8.9,0
London,2026-03-18T08:01:55.110844+00:00,2026-03-21T12:00,2026-03-21T12:00:00+00:00,10.3,0
London,2026-03-18T08:01:55.110844+00:00,2026-03-21T13:00,2026-03-21T13:00:00+00:00,11.6,0
London,2026-03-18T08:01:55.110844+00:00,2026-03-21T14:00,2026-03-21T14:00:00+00:00,12.8,0
London,2026-03-18T08:01:55.110844+00:00,2026-03-21T15:00,2026-03-21T15:00:00+00:00,13.6,0
London,2026-03-18T08:01:55.110844+00:00,2026-03-21T16:00,2026-03-21T16:00:00+00:00,13.8,0
London,2026-03-18T08:01:55.110844+00:00,2026-03-21T17:00,2026-03-21T17:00:00+00:00,13.5,0
London,2026-03-18T08:01:55.110844+00:00,2026-03-21T18:00,2026-03-21T18:00:00+00:00,13.0,0
London,2026-03-18T08:01:55.110844+00:00,2026-03-21T19:00,2026-03-21T19:00:00+00:00,12.2,0
London,2026-03-18T08:01:55.110844+00:00,2026-03-21T20:00,2026-03-21T20:00:00+00:00,11.2,0
London,2026-03-18T08:01:55.110844+00:00,2026-03-21T21:00,2026-03-21T21:00:00+00:00,10.2,0
London,2026-03-18T08:01:55.110844+00:00,2026-03-21T22:00,2026-03-21T22:00:00+00:00,9.3,0
London,2026-03-18T08:01:55.110844+00:00,2026-03-21T23:00,2026-03-21T23:00:00+00:00,8.5,0
London,2026-03-18T08:01:55.110844+00:00,2026-03-22T00:00,2026-03-22T00:00:00+00:00,7.7,0
London,2026-03-18T08:01:55.110844+00:00,2026-03-22T01:00,2026-03-22T01:00:00+00:00,7.2,0
London,2026-03-18T08:01:55.110844+00:00,2026-03-22T02:00,2026-03-22T02:00:00+00:00,6.7,0
London,2026-03-18T08:01:55.110844+00:00,2026-03-22T03:00,2026-03-22T03:00:00+00:00,6.3,0
London,2026-03-18T08:01:55.110844+00:00,2026-03-22T04:00,2026-03-22T04:00:00+00:00,5.7,0
London,2026-03-18T08:01:55.110844+00:00,2026-03-22T05:00,2026-03-22T05:00:00+00:00,5.1,0
London,2026-03-18T08:01:55.110844+00:00,2026-03-22T06:00,2026-03-22T06:00:00+00:00,4.9,0
London,2026-03-18T08:01:55.110844+00:00,2026-03-22T07:00,2026-03-22T07:00:00+00:00,5.1,0
London,2026-03-18T08:01:55.110844+00:00,2026-03-22T08:00,2026-03-22T08:00:00+00:00,5.6,0
London,2026-03-18T08:01:55.110844+00:00,2026-03-22T09:00,2026-03-22T09:00:00+00:00,6.4,0
London,2026-03-18T08:01:55.110844+00:00,2026-03-22T10:00,2026-03-22T10:00:00+00:00,7.6,0
London,2026-03-18T08:01:55.110844+00:00,2026-03-22T11:00,2026-03-22T11:00:00+00:00,9.0,0
London,2026-03-18T08:01:55.110844+00:00,2026-03-22T12:00,2026-03-22T12:00:00+00:00,10.2,0
London,2026-03-18T08:01:55.110844+00:00,2026-03-22T13:00,2026-03-22T13:00:00+00:00,10.9,0
London,2026-03-18T08:01:55.110844+00:00,2026-03-22T14:00,2026-03-22T14:00:00+00:00,11.2,0
London,2026-03-18T08:01:55.110844+00:00,2026-03-22T15:00,2026-03-22T15:00:00+00:00,11.5,0
London,2026-03-18T08:01:55.110844+00:00,2026-03-22T16:00,2026-03-22T16:00:00+00:00,11.6,1
London,2026-03-18T08:01:55.110844+00:00,2026-03-22T17:00,2026-03-22T17:00:00+00:00,11.5,1
London,2026-03-18T08:01:55.110844+00:00,2026-03-22T18:00,2026-03-22T18:00:00+00:00,11.5,2
London,2026-03-18T08:01:55.110844+00:00,2026-03-22T19:00,2026-03-22T19:00:00+00:00,11.4,3
London,2026-03-18T08:01:55.110844+00:00,2026-03-22T20:00,2026-03-22T20:00:00+00:00,11.4,3
London,2026-03-18T08:01:55.110844+00:00,2026-03-22T21:00,2026-03-22T21:00:00+00:00,11.1,4
London,2026-03-18T08:01:55.110844+00:00,2026-03-22T22:00,2026-03-22T22:00:00+00:00,10.5,4
London,2026-03-18T08:01:55.110844+00:00,2026-03-22T23:00,2026-03-22T23:00:00+00:00,9.7,4
London,2026-03-18T08:01:55.110844+00:00,2026-03-23T00:00,2026-03-23T00:00:00+00:00,9.1,4
London,2026-03-18T08:01:55.110844+00:00,2026-03-23T01:00,2026-03-23T01:00:00+00:00,8.8,3
London,2026-03-18T08:01:55.110844+00:00,2026-03-23T02:00,2026-03-23T02:00:00+00:00,8.7,2
London,2026-03-18T08:01:55.110844+00:00,2026-03-23T03:00,2026-03-23T03:00:00+00:00,8.6,2
London,2026-03-18T08:01:55.110844+00:00,2026-03-23T04:00,2026-03-23T04:00:00+00:00,8.4,4
London,2026-03-18T08:01:55.110844+00:00,2026-03-23T05:00,2026-03-23T05:00:00+00:00,8.2,7
London,2026-03-18T08:01:55.110844+00:00,2026-03-23T06:00,2026-03-23T06:00:00+00:00,8.2,10
London,2026-03-18T08:01:55.110844+00:00,2026-03-23T07:00,2026-03-23T07:00:00+00:00,8.5,13
London,2026-03-18T08:01:55.110844+00:00,2026-03-23T08:00,2026-03-23T08:00:00+00:00,9.1,15
London,2026-03-18T08:01:55.110844+00:00,2026-03-23T09:00,2026-03-23T09:00:00+00:00,9.7,18
London,2026-03-18T08:01:55.110844+00:00,2026-03-23T10:00,2026-03-23T10:00:00+00:00,11.1,20
London,2026-03-18T08:01:55.110844+00:00,2026-03-23T11:00,2026-03-23T11:00:00+00:00,11.8,22
London,2026-03-18T08:01:55.110844+00:00,2026-03-23T12:00,2026-03-23T12:00:00+00:00,12.4,24
London,2026-03-18T08:01:55.110844+00:00,2026-03-23T13:00,2026-03-23T13:00:00+00:00,12.8,27
London,2026-03-18T08:01:55.110844+00:00,2026-03-23T14:00,2026-03-23T14:00:00+00:00,13.0,30
London,2026-03-18T08:01:55.110844+00:00,2026-03-23T15:00,2026-03-23T15:00:00+00:00,13.3,31
London,2026-03-18T08:01:55.110844+00:00,2026-03-23T16:00,2026-03-23T16:00:00+00:00,13.4,30
London,2026-03-18T08:01:55.110844+00:00,2026-03-23T17:00,2026-03-23T17:00:00+00:00,13.4,27
London,2026-03-18T08:01:55.110844+00:00,2026-03-23T18:00,2026-03-23T18:00:00+00:00,13.2,25
London,2026-03-18T08:01:55.110844+00:00,2026-03-23T19:00,2026-03-23T19:00:00+00:00,12.9,23
London,2026-03-18T08:01:55.110844+00:00,2026-03-23T20:00,2026-03-23T20:00:00+00:00,12.4,22
London,2026-03-18T08:01:55.110844+00:00,2026-03-23T21:00,2026-03-23T21:00:00+00:00,11.8,19
London,2026-03-18T08:01:55.110844+00:00,2026-03-23T22:00,2026-03-23T22:00:00+00:00,11.1,13
London,2026-03-18T08:01:55.110844+00:00,2026-03-23T23:00,2026-03-23T23:00:00+00:00,10.6,7
London,2026-03-18T08:01:55.110844+00:00,2026-03-24T00:00,2026-03-24T00:00:00+00:00,10.1,2
London,2026-03-18T08:01:55.110844+00:00,2026-03-24T01:00,2026-03-24T01:00:00+00:00,9.8,1
London,2026-03-18T08:01:55.110844+00:00,2026-03-24T02:00,2026-03-24T02:00:00+00:00,9.5,2
London,2026-03-18T08:01:55.110844+00:00,2026-03-24T03:00,2026-03-24T03:00:00+00:00,9.3,4
London,2026-03-18T08:01:55.110844+00:00,2026-03-24T04:00,2026-03-24T04:00:00+00:00,9.2,6
London,2026-03-18T08:01:55.110844+00:00,2026-03-24T05:00,2026-03-24T05:00:00+00:00,9.2,9
London,2026-03-18T08:01:55.110844+00:00,2026-03-24T06:00,2026-03-24T06:00:00+00:00,9.4,12
London,2026-03-18T08:01:55.110844+00:00,2026-03-24T07:00,2026-03-24T07:00:00+00:00,9.7,14
London,2026-03-18T08:01:55.110844+00:00,2026-03-24T08:00,2026-03-24T08:00:00+00:00,10.3,16
London,2026-03-18T08:01:55.110844+00:00,2026-03-24T09:00,2026-03-24T09:00:00+00:00,11.0,18
London,2026-03-18T08:01:55.110844+00:00,2026-03-24T10:00,2026-03-24T10:00:00+00:00,10.7,20
London,2026-03-18T08:01:55.110844+00:00,2026-03-24T11:00,2026-03-24T11:00:00+00:00,10.6,23
London,2026-03-18T08:01:55.110844+00:00,2026-03-24T12:00,2026-03-24T12:00:00+00:00,10.3,25
London,2026-03-18T08:01:55.110844+00:00,2026-03-24T13:00,2026-03-24T13:00:00+00:00,9.9,28
London,2026-03-18T08:01:55.110844+00:00,2026-03-24T14:00,2026-03-24T14:00:00+00:00,9.9,31
London,2026-03-18T08:01:55.110844+00:00,2026-03-24T15:00,2026-03-24T15:00:00+00:00,9.8,33
London,2026-03-18T08:01:55.110844+00:00,2026-03-24T16:00,2026-03-24T16:00:00+00:00,9.6,35
London,2026-03-18T08:01:55.110844+00:00,2026-03-24T17:00,2026-03-24T17:00:00+00:00,9.3,37
London,2026-03-18T08:01:55.110844+00:00,2026-03-24T18:00,2026-03-24T18:00:00+00:00,8.9,37
London,2026-03-18T08:01:55.110844+00:00,2026-03-24T19:00,2026-03-24T19:00:00+00:00,8.6,34
London,2026-03-18T08:01:55.110844+00:00,2026-03-24T20:00,2026-03-24T20:00:00+00:00,8.1,30
London,2026-03-18T08:01:55.110844+00:00,2026-03-24T21:00,2026-03-24T21:00:00+00:00,7.4,26
London,2026-03-18T08:01:55.110844+00:00,2026-03-24T22:00,2026-03-24T22:00:00+00:00,6.8,22
London,2026-03-18T08:01:55.110844+00:00,2026-03-24T23:00,2026-03-24T23:00:00+00:00,6.2,17
London,2026-03-18T08:01:55.110844+00:00,2026-03-25T00:00,2026-03-25T00:00:00+00:00,5.8,14
London,2026-03-18T08:01:55.110844+00:00,2026-03-25T01:00,2026-03-25T01:00:00+00:00,5.2,13
London,2026-03-18T08:01:55.110844+00:00,2026-03-25T02:00,2026-03-25T02:00:00+00:00,4.6,12
London,2026-03-18T08:01:55.110844+00:00,2026-03-25T03:00,2026-03-25T03:00:00+00:00,4.1,12
London,2026-03-18T08:01:55.110844+00:00,2026-03-25T04:00,2026-03-25T04:00:00+00:00,3.6,12
London,2026-03-18T08:01:55.110844+00:00,2026-03-25T05:00,2026-03-25T05:00:00+00:00,3.3,12
London,2026-03-18T08:01:55.110844+00:00,2026-03-25T06:00,2026-03-25T06:00:00+00:00,3.5,12
London,2026-03-18T08:01:55.110844+00:00,2026-03-25T07:00,2026-03-25T07:00:00+00:00,4.1,12
London,2026-03-18T08:01:55.110844+00:00,2026-03-25T08:00,2026-03-25T08:00:00+00:00,5.2,11
London,2026-03-18T08:01:55.110844+00:00,2026-03-25T09:00,2026-03-25T09:00:00+00:00,6.4,11
London,2026-03-18T08:01:55.110844+00:00,2026-03-25T10:00,2026-03-25T10:00:00+00:00,7.8,11
London,2026-03-18T08:01:55.110844+00:00,2026-03-25T11:00,2026-03-25T11:00:00+00:00,8.9,11
London,2026-03-18T08:01:55.110844+00:00,2026-03-25T12:00,2026-03-25T12:00:00+00:00,9.8,12
London,2026-03-18T08:01:55.110844+00:00,2026-03-25T13:00,2026-03-25T13:00:00+00:00,10.2,14
London,2026-03-18T08:01:55.110844+00:00,2026-03-25T14:00,2026-03-25T14:00:00+00:00,10.4,16
London,2026-03-18T08:01:55.110844+00:00,2026-03-25T15:00,2026-03-25T15:00:00+00:00,10.4,18
London,2026-03-18T08:01:55.110844+00:00,2026-03-25T16:00,2026-03-25T16:00:00+00:00,10.4,20
London,2026-03-18T08:01:55.110844+00:00,2026-03-25T17:00,2026-03-25T17:00:00+00:00,10.2,21
London,2026-03-18T08:01:55.110844+00:00,2026-03-25T18:00,2026-03-25T18:00:00+00:00,10.1,22
London,2026-03-18T08:01:55.110844+00:00,2026-03-25T19:00,2026-03-25T19:00:00+00:00,9.9,22
London,2026-03-18T08:01:55.110844+00:00,2026-03-25T20:00,2026-03-25T20:00:00+00:00,9.4,20
London,2026-03-18T08:01:55.110844+00:00,2026-03-25T21:00,2026-03-25T21:00:00+00:00,8.9,19
London,2026-03-18T08:01:55.110844+00:00,2026-03-25T22:00,2026-03-25T22:00:00+00:00,8.4,17
London,2026-03-18T08:01:55.110844+00:00,2026-03-25T23:00,2026-03-25T23:00:00+00:00,8.0,16
London,2026-03-18T08:01:55.110844+00:00,2026-03-26T00:00,2026-03-26T00:00:00+00:00,7.7,14
London,2026-03-18T08:01:55.110844+00:00,2026-03-26T01:00,2026-03-26T01:00:00+00:00,7.3,12
London,2026-03-18T08:01:55.110844+00:00,2026-03-26T02:00,2026-03-26T02:00:00+00:00,7.1,11
London,2026-03-18T08:01:55.110844+00:00,2026-03-26T03:00,2026-03-26T03:00:00+00:00,6.8,9
London,2026-03-18T08:01:55.110844+00:00,2026-03-26T04:00,2026-03-26T04:00:00+00:00,6.7,8
London,2026-03-18T08:01:55.110844+00:00,2026-03-26T05:00,2026-03-26T05:00:00+00:00,6.6,7
London,2026-03-18T08:01:55.110844+00:00,2026-03-26T06:00,2026-03-26T06:00:00+00:00,6.8,6
London,2026-03-18T08:01:55.110844+00:00,2026-03-26T07:00,2026-03-26T07:00:00+00:00,7.2,6
London,2026-03-18T08:01:55.110844+00:00,2026-03-26T08:00,2026-03-26T08:00:00+00:00,8.0,6
London,2026-03-18T08:01:55.110844+00:00,2026-03-26T09:00,2026-03-26T09:00:00+00:00,8.9,7
London,2026-03-18T08:01:55.110844+00:00,2026-03-26T10:00,2026-03-26T10:00:00+00:00,9.8,8
London,2026-03-18T08:01:55.110844+00:00,2026-03-26T11:00,2026-03-26T11:00:00+00:00,10.6,9
London,2026-03-18T08:01:55.110844+00:00,2026-03-26T12:00,2026-03-26T12:00:00+00:00,11.1,10
London,2026-03-18T08:01:55.110844+00:00,2026-03-26T13:00,2026-03-26T13:00:00+00:00,11.6,11
London,2026-03-18T08:01:55.110844+00:00,2026-03-26T14:00,2026-03-26T14:00:00+00:00,11.9,12
London,2026-03-18T08:01:55.110844+00:00,2026-03-26T15:00,2026-03-26T15:00:00+00:00,12.0,12
London,2026-03-18T08:01:55.110844+00:00,2026-03-26T16:00,2026-03-26T16:00:00+00:00,12.1,12
London,2026-03-18T08:01:55.110844+00:00,2026-03-26T17:00,2026-03-26T17:00:00+00:00,12.0,12
London,2026-03-18T08:01:55.110844+00:00,2026-03-26T18:00,2026-03-26T18:00:00+00:00,11.7,12
London,2026-03-18T08:01:55.110844+00:00,2026-03-26T19:00,2026-03-26T19:00:00+00:00,11.1,11
London,2026-03-18T08:01:55.110844+00:00,2026-03-26T20:00,2026-03-26T20:00:00+00:00,10.2,10
London,2026-03-18T08:01:55.110844+00:00,2026-03-26T21:00,2026-03-26T21:00:00+00:00,9.2,9
London,2026-03-18T08:01:55.110844+00:00,2026-03-26T22:00,2026-03-26T22:00:00+00:00,8.2,8
London,2026-03-18T08:01:55.110844+00:00,2026-03-26T23:00,2026-03-26T23:00:00+00:00,7.2,7
London,2026-03-18T08:01:55.110844+00:00,2026-03-27T00:00,2026-03-27T00:00:00+00:00,6.5,6
London,2026-03-18T08:01:55.110844+00:00,2026-03-27T01:00,2026-03-27T01:00:00+00:00,5.9,6
London,2026-03-18T08:01:55.110844+00:00,2026-03-27T02:00,2026-03-27T02:00:00+00:00,5.3,6
London,2026-03-18T08:01:55.110844+00:00,2026-03-27T03:00,2026-03-27T03:00:00+00:00,4.8,7
London,2026-03-18T08:01:55.110844+00:00,2026-03-27T04:00,2026-03-27T04:00:00+00:00,4.5,8
London,2026-03-18T08:01:55.110844+00:00,2026-03-27T05:00,2026-03-27T05:00:00+00:00,4.4,9
London,2026-03-18T08:01:55.110844+00:00,2026-03-27T06:00,2026-03-27T06:00:00+00:00,4.6,10
London,2026-03-18T08:01:55.110844+00:00,2026-03-27T07:00,2026-03-27T07:00:00+00:00,5.1,11
London,2026-03-18T08:01:55.110844+00:00,2026-03-27T08:00,2026-03-27T08:00:00+00:00,6.1,13
London,2026-03-18T08:01:55.110844+00:00,2026-03-27T09:00,2026-03-27T09:00:00+00:00,7.2,14
London,2026-03-18T08:01:55.110844+00:00,2026-03-27T10:00,2026-03-27T10:00:00+00:00,8.4,15
London,2026-03-18T08:01:55.110844+00:00,2026-03-27T11:00,2026-03-27T11:00:00+00:00,9.4,17
London,2026-03-18T08:01:55.110844+00:00,2026-03-27T12:00,2026-03-27T12:00:00+00:00,10.1,18
London,2026-03-18T08:01:55.110844+00:00,2026-03-27T13:00,2026-03-27T13:00:00+00:00,10.4,18
London,2026-03-18T08:01:55.110844+00:00,2026-03-27T14:00,2026-03-27T14:00:00+00:00,10.6,18
London,2026-03-18T08:01:55.110844+00:00,2026-03-27T15:00,2026-03-27T15:00:00+00:00,10.5,18
London,2026-03-18T08:01:55.110844+00:00,2026-03-27T16:00,2026-03-27T16:00:00+00:00,10.3,18
London,2026-03-18T08:01:55.110844+00:00,2026-03-27T17:00,2026-03-27T17:00:00+00:00,10.1,17
London,2026-03-18T08:01:55.110844+00:00,2026-03-27T18:00,2026-03-27T18:00:00+00:00,9.8,16
London,2026-03-18T08:01:55.110844+00:00,2026-03-27T19:00,2026-03-27T19:00:00+00:00,9.4,15
London,2026-03-18T08:01:55.110844+00:00,2026-03-27T20:00,2026-03-27T20:00:00+00:00,8.8,14
London,2026-03-18T08:01:55.110844+00:00,2026-03-27T21:00,2026-03-27T21:00:00+00:00,8.2,13
London,2026-03-18T08:01:55.110844+00:00,2026-03-27T22:00,2026-03-27T22:00:00+00:00,7.6,12
London,2026-03-18T08:01:55.110844+00:00,2026-03-27T23:00,2026-03-27T23:00:00+00:00,6.9,11
London,2026-03-18T08:01:55.110844+00:00,2026-03-28T00:00,2026-03-28T00:00:00+00:00,6.5,10
London,2026-03-18T08:01:55.110844+00:00,2026-03-28T01:00,2026-03-28T01:00:00+00:00,6.1,9
London,2026-03-18T08:01:55.110844+00:00,2026-03-28T02:00,2026-03-28T02:00:00+00:00,5.7,9
London,2026-03-18T08:01:55.110844+00:00,2026-03-28T03:00,2026-03-28T03:00:00+00:00,5.3,9
London,2026-03-18T08:01:55.110844+00:00,2026-03-28T04:00,2026-03-28T04:00:00+00:00,5.1,9
London,2026-03-18T08:01:55.110844+00:00,2026-03-28T05:00,2026-03-28T05:00:00+00:00,5.0,10
London,2026-03-18T08:01:55.110844+00:00,2026-03-28T06:00,2026-03-28T06:00:00+00:00,5.2,10
London,2026-03-18T08:01:55.110844+00:00,2026-03-28T07:00,2026-03-28T07:00:00+00:00,5.8,11
London,2026-03-18T08:01:55.110844+00:00,2026-03-28T08:00,2026-03-28T08:00:00+00:00,6.8,11
London,2026-03-18T08:01:55.110844+00:00,2026-03-28T09:00,2026-03-28T09:00:00+00:00,8.0,12
London,2026-03-18T08:01:55.110844+00:00,2026-03-28T10:00,2026-03-28T10:00:00+00:00,9.2,13
London,2026-03-18T08:01:55.110844+00:00,2026-03-28T11:00,2026-03-28T11:00:00+00:00,10.2,14
London,2026-03-18T08:01:55.110844+00:00,2026-03-28T12:00,2026-03-28T12:00:00+00:00,10.9,16
London,2026-03-18T08:01:55.110844+00:00,2026-03-28T13:00,2026-03-28T13:00:00+00:00,11.2,18
London,2026-03-18T08:01:55.110844+00:00,2026-03-28T14:00,2026-03-28T14:00:00+00:00,11.4,20
London,2026-03-18T08:01:55.110844+00:00,2026-03-28T15:00,2026-03-28T15:00:00+00:00,11.4,22
London,2026-03-18T08:01:55.110844+00:00,2026-03-28T16:00,2026-03-28T16:00:00+00:00,11.2,24
London,2026-03-18T08:01:55.110844+00:00,2026-03-28T17:00,2026-03-28T17:00:00+00:00,11.0,25
London,2026-03-18T08:01:55.110844+00:00,2026-03-28T18:00,2026-03-28T18:00:00+00:00,10.7,25
London,2026-03-18T08:01:55.110844+00:00,2026-03-28T19:00,2026-03-28T19:00:00+00:00,10.2,23
London,2026-03-18T08:01:55.110844+00:00,2026-03-28T20:00,2026-03-28T20:00:00+00:00,9.6,21
London,2026-03-18T08:01:55.110844+00:00,2026-03-28T21:00,2026-03-28T21:00:00+00:00,8.9,18
London,2026-03-18T08:01:55.110844+00:00,2026-03-28T22:00,2026-03-28T22:00:00+00:00,8.2,15
London,2026-03-18T08:01:55.110844+00:00,2026-03-28T23:00,2026-03-28T23:00:00+00:00,7.6,12
London,2026-03-18T08:01:55.110844+00:00,2026-03-29T00:00,2026-03-29T00:00:00+00:00,7.1,10
London,2026-03-18T08:01:55.110844+00:00,2026-03-29T01:00,2026-03-29T01:00:00+00:00,6.6,8
London,2026-03-18T08:01:55.110844+00:00,2026-03-29T02:00,2026-03-29T01:00:00+00:00,6.2,8
London,2026-03-18T08:01:55.110844+00:00,2026-03-29T03:00,2026-03-29T02:00:00+00:00,5.8,7
London,2026-03-18T08:01:55.110844+00:00,2026-03-29T04:00,2026-03-29T03:00:00+00:00,5.6,7
London,2026-03-18T08:01:55.110844+00:00,2026-03-29T05:00,2026-03-29T04:00:00+00:00,5.6,7
London,2026-03-18T08:01:55.110844+00:00,2026-03-29T06:00,2026-03-29T05:00:00+00:00,5.8,8
London,2026-03-18T08:01:55.110844+00:00,2026-03-29T07:00,2026-03-29T06:00:00+00:00,6.5,10
London,2026-03-18T08:01:55.110844+00:00,2026-03-29T08:00,2026-03-29T07:00:00+00:00,7.6,14
London,2026-03-18T08:01:55.110844+00:00,2026-03-29T09:00,2026-03-29T08:00:00+00:00,8.9,17
London,2026-03-18T08:01:55.110844+00:00,2026-03-29T10:00,2026-03-29T09:00:00+00:00,10.2,20
London,2026-03-18T08:01:55.110844+00:00,2026-03-29T11:00,2026-03-29T10:00:00+00:00,11.4,23
London,2026-03-18T08:01:55.110844+00:00,2026-03-29T12:00,2026-03-29T11:00:00+00:00,12.1,25
London,2026-03-18T08:01:55.110844+00:00,2026-03-29T13:00,2026-03-29T12:00:00+00:00,12.6,25
London,2026-03-18T08:01:55.110844+00:00,2026-03-29T14:00,2026-03-29T13:00:00+00:00,12.7,24
London,2026-03-18T08:01:55.110844+00:00,2026-03-29T15:00,2026-03-29T14:00:00+00:00,12.6,23
London,2026-03-18T08:01:55.110844+00:00,2026-03-29T16:00,2026-03-29T15:00:00+00:00,12.5,22
London,2026-03-18T08:01:55.110844+00:00,2026-03-29T17:00,2026-03-29T16:00:00+00:00,12.2,20
London,2026-03-18T08:01:55.110844+00:00,2026-03-29T18:00,2026-03-29T17:00:00+00:00,12.1,18
London,2026-03-18T08:01:55.110844+00:00,2026-03-29T19:00,2026-03-29T18:00:00+00:00,11.8,17
London,2026-03-18T08:01:55.110844+00:00,2026-03-29T20:00,2026-03-29T19:00:00+00:00,11.4,15
London,2026-03-18T08:01:55.110844+00:00,2026-03-29T21:00,2026-03-29T20:00:00+00:00,11.0,14
London,2026-03-18T08:01:55.110844+00:00,2026-03-29T22:00,2026-03-29T21:00:00+00:00,10.6,13
London,2026-03-18T08:01:55.110844+00:00,2026-03-29T23:00,2026-03-29T22:00:00+00:00,10.1,12
London,2026-03-18T08:01:55.110844+00:00,2026-03-30T00:00,2026-03-29T23:00:00+00:00,9.7,12
London,2026-03-18T08:01:55.110844+00:00,2026-03-30T01:00,2026-03-30T00:00:00+00:00,9.3,12
London,2026-03-18T08:01:55.110844+00:00,2026-03-30T02:00,2026-03-30T01:00:00+00:00,8.8,12
London,2026-03-18T08:01:55.110844+00:00,2026-03-30T03:00,2026-03-30T02:00:00+00:00,8.3,12
London,2026-03-18T08:01:55.110844+00:00,2026-03-30T04:00,2026-03-30T03:00:00+00:00,7.9,12
London,2026-03-18T08:01:55.110844+00:00,2026-03-30T05:00,2026-03-30T04:00:00+00:00,7.7,13
London,2026-03-18T08:01:55.110844+00:00,2026-03-30T06:00,2026-03-30T05:00:00+00:00,7.8,14
London,2026-03-18T08:01:55.110844+00:00,2026-03-30T07:00,2026-03-30T06:00:00+00:00,8.1,16
London,2026-03-18T08:01:55.110844+00:00,2026-03-30T08:00,2026-03-30T07:00:00+00:00,8.9,18
London,2026-03-18T08:01:55.110844+00:00,2026-03-30T09:00,2026-03-30T08:00:00+00:00,9.8,20
London,2026-03-18T08:01:55.110844+00:00,2026-03-30T10:00,2026-03-30T09:00:00+00:00,10.7,22
London,2026-03-18T08:01:55.110844+00:00,2026-03-30T11:00,2026-03-30T10:00:00+00:00,11.5,23
London,2026-03-18T08:01:55.110844+00:00,2026-03-30T12:00,2026-03-30T11:00:00+00:00,12.1,24
London,2026-03-18T08:01:55.110844+00:00,2026-03-30T13:00,2026-03-30T12:00:00+00:00,12.4,24
London,2026-03-18T08:01:55.110844+00:00,2026-03-30T14:00,2026-03-30T13:00:00+00:00,12.5,23
London,2026-03-18T08:01:55.110844+00:00,2026-03-30T15:00,2026-03-30T14:00:00+00:00,12.5,22
London,2026-03-18T08:01:55.110844+00:00,2026-03-30T16:00,2026-03-30T15:00:00+00:00,12.4,21
London,2026-03-18T08:01:55.110844+00:00,2026-03-30T17:00,2026-03-30T16:00:00+00:00,12.4,20
London,2026-03-18T08:01:55.110844+00:00,2026-03-30T18:00,2026-03-30T17:00:00+00:00,12.2,18
London,2026-03-18T08:01:55.110844+00:00,2026-03-30T19:00,2026-03-30T18:00:00+00:00,12.0,16
London,2026-03-18T08:01:55.110844+00:00,2026-03-30T20:00,2026-03-30T19:00:00+00:00,11.6,13
London,2026-03-18T08:01:55.110844+00:00,2026-03-30T21:00,2026-03-30T20:00:00+00:00,11.3,11
London,2026-03-18T08:01:55.110844+00:00,2026-03-30T22:00,2026-03-30T21:00:00+00:00,10.9,9
London,2026-03-18T08:01:55.110844+00:00,2026-03-30T23:00,2026-03-30T22:00:00+00:00,10.5,7
London,2026-03-18T08:01:55.110844+00:00,2026-03-31T00:00,2026-03-30T23:00:00+00:00,10.2,6
London,2026-03-18T08:01:55.110844+00:00,2026-03-31T01:00,2026-03-31T00:00:00+00:00,9.9,7
London,2026-03-18T08:01:55.110844+00:00,2026-03-31T02:00,2026-03-31T01:00:00+00:00,9.6,8
London,2026-03-18T08:01:55.110844+00:00,2026-03-31T03:00,2026-03-31T02:00:00+00:00,9.2,10
London,2026-03-18T08:01:55.110844+00:00,2026-03-31T04:00,2026-03-31T03:00:00+00:00,9.0,12
London,2026-03-18T08:01:55.110844+00:00,2026-03-31T05:00,2026-03-31T04:00:00+00:00,8.9,13
London,2026-03-18T08:01:55.110844+00:00,2026-03-31T06:00,2026-03-31T05:00:00+00:00,9.1,14
London,2026-03-18T08:01:55.110844+00:00,2026-03-31T07:00,2026-03-31T06:00:00+00:00,9.5,14
London,2026-03-18T08:01:55.110844+00:00,2026-03-31T08:00,2026-03-31T07:00:00+00:00,10.2,13
London,2026-03-18T08:01:55.110844+00:00,2026-03-31T09:00,2026-03-31T08:00:00+00:00,11.1,12
London,2026-03-18T08:01:55.110844+00:00,2026-03-31T10:00,2026-03-31T09:00:00+00:00,11.9,11
London,2026-03-18T08:01:55.110844+00:00,2026-03-31T11:00,2026-03-31T10:00:00+00:00,12.7,10
London,2026-03-18T08:01:55.110844+00:00,2026-03-31T12:00,2026-03-31T11:00:00+00:00,13.2,10
London,2026-03-18T08:01:55.110844+00:00,2026-03-31T13:00,2026-03-31T12:00:00+00:00,13.4,11
London,2026-03-18T08:01:55.110844+00:00,2026-03-31T14:00,2026-03-31T13:00:00+00:00,13.4,13
London,2026-03-18T08:01:55.110844+00:00,2026-03-31T15:00,2026-03-31T14:00:00+00:00,13.4,14
London,2026-03-18T08:01:55.110844+00:00,2026-03-31T16:00,2026-03-31T15:00:00+00:00,13.2,15
London,2026-03-18T08:01:55.110844+00:00,2026-03-31T17:00,2026-03-31T16:00:00+00:00,12.9,16
London,2026-03-18T08:01:55.110844+00:00,2026-03-31T18:00,2026-03-31T17:00:00+00:00,12.6,16
London,2026-03-18T08:01:55.110844+00:00,2026-03-31T19:00,2026-03-31T18:00:00+00:00,12.1,14
London,2026-03-18T08:01:55.110844+00:00,2026-03-31T20:00,2026-03-31T19:00:00+00:00,11.4,12
London,2026-03-18T08:01:55.110844+00:00,2026-03-31T21:00,2026-03-31T20:00:00+00:00,10.6,9
London,2026-03-18T08:01:55.110844+00:00,2026-03-31T22:00,2026-03-31T21:00:00+00:00,9.8,6
London,2026-03-18T08:01:55.110844+00:00,2026-03-31T23:00,2026-03-31T22:00:00+00:00,9.1,4
London,2026-03-18T08:01:55.110844+00:00,2026-04-01T00:00,2026-03-31T23:00:00+00:00,8.8,2
London,2026-03-18T08:01:55.110844+00:00,2026-04-01T01:00,2026-04-01T00:00:00+00:00,8.6,1
London,2026-03-18T08:01:55.110844+00:00,2026-04-01T02:00,2026-04-01T01:00:00+00:00,8.6,2
London,2026-03-18T08:01:55.110844+00:00,2026-04-01T03:00,2026-04-01T02:00:00+00:00,8.9,2
London,2026-03-18T08:01:55.110844+00:00,2026-04-01T04:00,2026-04-01T03:00:00+00:00,9.1,3
London,2026-03-18T08:01:55.110844+00:00,2026-04-01T05:00,2026-04-01T04:00:00+00:00,9.4,3
London,2026-03-18T08:01:55.110844+00:00,2026-04-01T06:00,2026-04-01T05:00:00+00:00,9.6,4
London,2026-03-18T08:01:55.110844+00:00,2026-04-01T07:00,2026-04-01T06:00:00+00:00,9.9,4
London,2026-03-18T08:01:55.110844+00:00,2026-04-01T08:00,2026-04-01T07:00:00+00:00,10.3,5
London,2026-03-18T08:01:55.110844+00:00,2026-04-01T09:00,2026-04-01T08:00:00+00:00,10.6,5
London,2026-03-18T08:01:55.110844+00:00,2026-04-01T10:00,2026-04-01T09:00:00+00:00,11.0,5
London,2026-03-18T08:01:55.110844+00:00,2026-04-01T11:00,2026-04-01T10:00:00+00:00,11.3,6
London,2026-03-18T08:01:55.110844+00:00,2026-04-01T12:00,2026-04-01T11:00:00+00:00,11.5,7
London,2026-03-18T08:01:55.110844+00:00,2026-04-01T13:00,2026-04-01T12:00:00+00:00,11.6,9
London,2026-03-18T08:01:55.110844+00:00,2026-04-01T14:00,2026-04-01T13:00:00+00:00,11.7,12
London,2026-03-18T08:01:55.110844+00:00,2026-04-01T15:00,2026-04-01T14:00:00+00:00,11.7,17
London,2026-03-18T08:01:55.110844+00:00,2026-04-01T16:00,2026-04-01T15:00:00+00:00,11.6,20
London,2026-03-18T08:01:55.110844+00:00,2026-04-01T17:00,2026-04-01T16:00:00+00:00,11.4,22
London,2026-03-18T08:01:55.110844+00:00,2026-04-01T18:00,2026-04-01T17:00:00+00:00,11.0,23
London,2026-03-18T08:01:55.110844+00:00,2026-04-01T19:00,2026-04-01T18:00:00+00:00,10.4,22
London,2026-03-18T08:01:55.110844+00:00,2026-04-01T20:00,2026-04-01T19:00:00+00:00,9.4,20
London,2026-03-18T08:01:55.110844+00:00,2026-04-01T21:00,2026-04-01T20:00:00+00:00,8.4,17
London,2026-03-18T08:01:55.110844+00:00,2026-04-01T22:00,2026-04-01T21:00:00+00:00,7.8,15
London,2026-03-18T08:01:55.110844+00:00,2026-04-01T23:00,2026-04-01T22:00:00+00:00,7.8,12
London,2026-03-18T08:01:55.110844+00:00,2026-04-02T00:00,2026-04-01T23:00:00+00:00,8.2,10
London,2026-03-18T08:01:55.110844+00:00,2026-04-02T01:00,2026-04-02T00:00:00+00:00,8.8,9
London,2026-03-18T08:01:55.110844+00:00,2026-04-02T02:00,2026-04-02T01:00:00+00:00,8.5,9
London,2026-03-18T08:01:55.110844+00:00,2026-04-02T03:00,2026-04-02T02:00:00+00:00,8.2,9
London,2026-03-18T08:01:55.110844+00:00,2026-04-02T04:00,2026-04-02T03:00:00+00:00,8.0,9
London,2026-03-18T08:01:55.110844+00:00,2026-04-02T05:00,2026-04-02T04:00:00+00:00,7.9,10
London,2026-03-18T08:01:55.110844+00:00,2026-04-02T06:00,2026-04-02T05:00:00+00:00,7.8,10
London,2026-03-18T08:01:55.110844+00:00,2026-04-02T07:00,2026-04-02T06:00:00+00:00,7.7,10
London,2026-03-18T08:01:55.110844+00:00,2026-04-02T08:00,2026-04-02T07:00:00+00:00,7.7,9
London,2026-03-18T08:01:55.110844+00:00,2026-04-02T09:00,2026-04-02T08:00:00+00:00,7.7,9
London,2026-03-18T08:01:55.110844+00:00,2026-04-02T10:00,2026-04-02T09:00:00+00:00,7.6,9
London,2026-03-18T08:01:55.110844+00:00,2026-04-02T11:00,2026-04-02T10:00:00+00:00,7.6,9
London,2026-03-18T08:01:55.110844+00:00,2026-04-02T12:00,2026-04-02T11:00:00+00:00,7.6,10
London,2026-03-18T08:01:55.110844+00:00,2026-04-02T13:00,2026-04-02T12:00:00+00:00,7.6,13
London,2026-03-18T08:01:55.110844+00:00,2026-04-02T14:00,2026-04-02T13:00:00+00:00,7.6,16
London,2026-03-18T08:01:55.110844+00:00,2026-04-02T15:00,2026-04-02T14:00:00+00:00,7.6,20
London,2026-03-18T08:01:55.110844+00:00,2026-04-02T16:00,2026-04-02T15:00:00+00:00,7.5,23
London,2026-03-18T08:01:55.110844+00:00,2026-04-02T17:00,2026-04-02T16:00:00+00:00,7.5,27
London,2026-03-18T08:01:55.110844+00:00,2026-04-02T18:00,2026-04-02T17:00:00+00:00,7.4,29
London,2026-03-18T08:01:55.110844+00:00,2026-04-02T19:00,2026-04-02T18:00:00+00:00,7.3,30
London,2026-03-18T08:01:55.110844+00:00,2026-04-02T20:00,2026-04-02T19:00:00+00:00,7.2,30
London,2026-03-18T08:01:55.110844+00:00,2026-04-02T21:00,2026-04-02T20:00:00+00:00,7.1,30
London,2026-03-18T08:01:55.110844+00:00,2026-04-02T22:00,2026-04-02T21:00:00+00:00,6.9,30
London,2026-03-18T08:01:55.110844+00:00,2026-04-02T23:00,2026-04-02T22:00:00+00:00,6.8,29
London,2026-03-18T08:11:22.244717+00:00,2026-03-18T00:00,2026-03-18T00:00:00+00:00,11.0,0
London,2026-03-18T08:11:22.244717+00:00,2026-03-18T01:00,2026-03-18T01:00:00+00:00,10.7,0
London,2026-03-18T08:11:22.244717+00:00,2026-03-18T02:00,2026-03-18T02:00:00+00:00,10.3,0
London,2026-03-18T08:11:22.244717+00:00,2026-03-18T03:00,2026-03-18T03:00:00+00:00,10.0,0
London,2026-03-18T08:11:22.244717+00:00,2026-03-18T04:00,2026-03-18T04:00:00+00:00,9.8,0
London,2026-03-18T08:11:22.244717+00:00,2026-03-18T05:00,2026-03-18T05:00:00+00:00,9.6,0
London,2026-03-18T08:11:22.244717+00:00,2026-03-18T06:00,2026-03-18T06:00:00+00:00,9.2,0
London,2026-03-18T08:11:22.244717+00:00,2026-03-18T07:00,2026-03-18T07:00:00+00:00,9.3,0
London,2026-03-18T08:11:22.244717+00:00,2026-03-18T08:00,2026-03-18T08:00:00+00:00,10.0,0
London,2026-03-18T08:11:22.244717+00:00,2026-03-18T09:00,2026-03-18T09:00:00+00:00,11.2,0
London,2026-03-18T08:11:22.244717+00:00,2026-03-18T10:00,2026-03-18T10:00:00+00:00,13.2,0
London,2026-03-18T08:11:22.244717+00:00,2026-03-18T11:00,2026-03-18T11:00:00+00:00,15.1,0
London,2026-03-18T08:11:22.244717+00:00,2026-03-18T12:00,2026-03-18T12:00:00+00:00,16.5,0
London,2026-03-18T08:11:22.244717+00:00,2026-03-18T13:00,2026-03-18T13:00:00+00:00,17.4,0
London,2026-03-18T08:11:22.244717+00:00,2026-03-18T14:00,2026-03-18T14:00:00+00:00,17.7,0
London,2026-03-18T08:11:22.244717+00:00,2026-03-18T15:00,2026-03-18T15:00:00+00:00,17.3,0
London,2026-03-18T08:11:22.244717+00:00,2026-03-18T16:00,2026-03-18T16:00:00+00:00,17.0,0
London,2026-03-18T08:11:22.244717+00:00,2026-03-18T17:00,2026-03-18T17:00:00+00:00,16.0,0
London,2026-03-18T08:11:22.244717+00:00,2026-03-18T18:00,2026-03-18T18:00:00+00:00,14.7,0
London,2026-03-18T08:11:22.244717+00:00,2026-03-18T19:00,2026-03-18T19:00:00+00:00,13.7,0
London,2026-03-18T08:11:22.244717+00:00,2026-03-18T20:00,2026-03-18T20:00:00+00:00,12.9,0
London,2026-03-18T08:11:22.244717+00:00,2026-03-18T21:00,2026-03-18T21:00:00+00:00,12.0,0
London,2026-03-18T08:11:22.244717+00:00,2026-03-18T22:00,2026-03-18T22:00:00+00:00,11.4,0
London,2026-03-18T08:11:22.244717+00:00,2026-03-18T23:00,2026-03-18T23:00:00+00:00,10.9,0
London,2026-03-18T08:11:22.244717+00:00,2026-03-19T00:00,2026-03-19T00:00:00+00:00,10.5,0
London,2026-03-18T08:11:22.244717+00:00,2026-03-19T01:00,2026-03-19T01:00:00+00:00,10.1,0
London,2026-03-18T08:11:22.244717+00:00,2026-03-19T02:00,2026-03-19T02:00:00+00:00,9.7,0
London,2026-03-18T08:11:22.244717+00:00,2026-03-19T03:00,2026-03-19T03:00:00+00:00,9.3,0
London,2026-03-18T08:11:22.244717+00:00,2026-03-19T04:00,2026-03-19T04:00:00+00:00,8.9,0
London,2026-03-18T08:11:22.244717+00:00,2026-03-19T05:00,2026-03-19T05:00:00+00:00,8.4,0
London,2026-03-18T08:11:22.244717+00:00,2026-03-19T06:00,2026-03-19T06:00:00+00:00,7.9,0
London,2026-03-18T08:11:22.244717+00:00,2026-03-19T07:00,2026-03-19T07:00:00+00:00,7.7,0
London,2026-03-18T08:11:22.244717+00:00,2026-03-19T08:00,2026-03-19T08:00:00+00:00,8.4,0
London,2026-03-18T08:11:22.244717+00:00,2026-03-19T09:00,2026-03-19T09:00:00+00:00,9.6,0
London,2026-03-18T08:11:22.244717+00:00,2026-03-19T10:00,2026-03-19T10:00:00+00:00,11.3,0
London,2026-03-18T08:11:22.244717+00:00,2026-03-19T11:00,2026-03-19T11:00:00+00:00,13.2,0
London,2026-03-18T08:11:22.244717+00:00,2026-03-19T12:00,2026-03-19T12:00:00+00:00,14.4,0
London,2026-03-18T08:11:22.244717+00:00,2026-03-19T13:00,2026-03-19T13:00:00+00:00,15.4,0
London,2026-03-18T08:11:22.244717+00:00,2026-03-19T14:00,2026-03-19T14:00:00+00:00,16.0,0
London,2026-03-18T08:11:22.244717+00:00,2026-03-19T15:00,2026-03-19T15:00:00+00:00,16.1,0
London,2026-03-18T08:11:22.244717+00:00,2026-03-19T16:00,2026-03-19T16:00:00+00:00,16.0,0
London,2026-03-18T08:11:22.244717+00:00,2026-03-19T17:00,2026-03-19T17:00:00+00:00,15.5,0
London,2026-03-18T08:11:22.244717+00:00,2026-03-19T18:00,2026-03-19T18:00:00+00:00,14.4,0
London,2026-03-18T08:11:22.244717+00:00,2026-03-19T19:00,2026-03-19T19:00:00+00:00,13.4,0
London,2026-03-18T08:11:22.244717+00:00,2026-03-19T20:00,2026-03-19T20:00:00+00:00,12.6,0
London,2026-03-18T08:11:22.244717+00:00,2026-03-19T21:00,2026-03-19T21:00:00+00:00,11.7,0
London,2026-03-18T08:11:22.244717+00:00,2026-03-19T22:00,2026-03-19T22:00:00+00:00,10.8,0
London,2026-03-18T08:11:22.244717+00:00,2026-03-19T23:00,2026-03-19T23:00:00+00:00,10.0,0
London,2026-03-18T08:11:22.244717+00:00,2026-03-20T00:00,2026-03-20T00:00:00+00:00,9.5,0
London,2026-03-18T08:11:22.244717+00:00,2026-03-20T01:00,2026-03-20T01:00:00+00:00,9.1,0
London,2026-03-18T08:11:22.244717+00:00,2026-03-20T02:00,2026-03-20T02:00:00+00:00,8.7,0
London,2026-03-18T08:11:22.244717+00:00,2026-03-20T03:00,2026-03-20T03:00:00+00:00,8.2,0
London,2026-03-18T08:11:22.244717+00:00,2026-03-20T04:00,2026-03-20T04:00:00+00:00,7.8,0
London,2026-03-18T08:11:22.244717+00:00,2026-03-20T05:00,2026-03-20T05:00:00+00:00,7.3,0
London,2026-03-18T08:11:22.244717+00:00,2026-03-20T06:00,2026-03-20T06:00:00+00:00,6.9,0
London,2026-03-18T08:11:22.244717+00:00,2026-03-20T07:00,2026-03-20T07:00:00+00:00,6.5,0
London,2026-03-18T08:11:22.244717+00:00,2026-03-20T08:00,2026-03-20T08:00:00+00:00,6.6,0
London,2026-03-18T08:11:22.244717+00:00,2026-03-20T09:00,2026-03-20T09:00:00+00:00,6.8,0
London,2026-03-18T08:11:22.244717+00:00,2026-03-20T10:00,2026-03-20T10:00:00+00:00,6.9,0
London,2026-03-18T08:11:22.244717+00:00,2026-03-20T11:00,2026-03-20T11:00:00+00:00,7.8,0
London,2026-03-18T08:11:22.244717+00:00,2026-03-20T12:00,2026-03-20T12:00:00+00:00,8.9,0
London,2026-03-18T08:11:22.244717+00:00,2026-03-20T13:00,2026-03-20T13:00:00+00:00,10.4,0
London,2026-03-18T08:11:22.244717+00:00,2026-03-20T14:00,2026-03-20T14:00:00+00:00,12.2,0
London,2026-03-18T08:11:22.244717+00:00,2026-03-20T15:00,2026-03-20T15:00:00+00:00,13.5,0
London,2026-03-18T08:11:22.244717+00:00,2026-03-20T16:00,2026-03-20T16:00:00+00:00,14.1,0
London,2026-03-18T08:11:22.244717+00:00,2026-03-20T17:00,2026-03-20T17:00:00+00:00,14.1,0
London,2026-03-18T08:11:22.244717+00:00,2026-03-20T18:00,2026-03-20T18:00:00+00:00,13.8,0
London,2026-03-18T08:11:22.244717+00:00,2026-03-20T19:00,2026-03-20T19:00:00+00:00,13.1,0
London,2026-03-18T08:11:22.244717+00:00,2026-03-20T20:00,2026-03-20T20:00:00+00:00,11.9,0
London,2026-03-18T08:11:22.244717+00:00,2026-03-20T21:00,2026-03-20T21:00:00+00:00,10.9,0
London,2026-03-18T08:11:22.244717+00:00,2026-03-20T22:00,2026-03-20T22:00:00+00:00,10.0,0
London,2026-03-18T08:11:22.244717+00:00,2026-03-20T23:00,2026-03-20T23:00:00+00:00,9.2,0
London,2026-03-18T08:11:22.244717+00:00,2026-03-21T00:00,2026-03-21T00:00:00+00:00,8.5,0
London,2026-03-18T08:11:22.244717+00:00,2026-03-21T01:00,2026-03-21T01:00:00+00:00,8.0,0
London,2026-03-18T08:11:22.244717+00:00,2026-03-21T02:00,2026-03-21T02:00:00+00:00,7.6,0
London,2026-03-18T08:11:22.244717+00:00,2026-03-21T03:00,2026-03-21T03:00:00+00:00,7.2,0
London,2026-03-18T08:11:22.244717+00:00,2026-03-21T04:00,2026-03-21T04:00:00+00:00,6.7,0
London,2026-03-18T08:11:22.244717+00:00,2026-03-21T05:00,2026-03-21T05:00:00+00:00,6.1,0
London,2026-03-18T08:11:22.244717+00:00,2026-03-21T06:00,2026-03-21T06:00:00+00:00,5.7,0
London,2026-03-18T08:11:22.244717+00:00,2026-03-21T07:00,2026-03-21T07:00:00+00:00,5.7,0
London,2026-03-18T08:11:22.244717+00:00,2026-03-21T08:00,2026-03-21T08:00:00+00:00,5.9,0
London,2026-03-18T08:11:22.244717+00:00,2026-03-21T09:00,2026-03-21T09:00:00+00:00,6.5,0
London,2026-03-18T08:11:22.244717+00:00,2026-03-21T10:00,2026-03-21T10:00:00+00:00,7.5,0
London,2026-03-18T08:11:22.244717+00:00,2026-03-21T11:00,2026-03-21T11:00:00+00:00,8.9,0
London,2026-03-18T08:11:22.244717+00:00,2026-03-21T12:00,2026-03-21T12:00:00+00:00,10.3,0
London,2026-03-18T08:11:22.244717+00:00,2026-03-21T13:00,2026-03-21T13:00:00+00:00,11.6,0
London,2026-03-18T08:11:22.244717+00:00,2026-03-21T14:00,2026-03-21T14:00:00+00:00,12.8,0
London,2026-03-18T08:11:22.244717+00:00,2026-03-21T15:00,2026-03-21T15:00:00+00:00,13.6,0
London,2026-03-18T08:11:22.244717+00:00,2026-03-21T16:00,2026-03-21T16:00:00+00:00,13.8,0
London,2026-03-18T08:11:22.244717+00:00,2026-03-21T17:00,2026-03-21T17:00:00+00:00,13.5,0
London,2026-03-18T08:11:22.244717+00:00,2026-03-21T18:00,2026-03-21T18:00:00+00:00,13.0,0
London,2026-03-18T08:11:22.244717+00:00,2026-03-21T19:00,2026-03-21T19:00:00+00:00,12.2,0
London,2026-03-18T08:11:22.244717+00:00,2026-03-21T20:00,2026-03-21T20:00:00+00:00,11.2,0
London,2026-03-18T08:11:22.244717+00:00,2026-03-21T21:00,2026-03-21T21:00:00+00:00,10.2,0
London,2026-03-18T08:11:22.244717+00:00,2026-03-21T22:00,2026-03-21T22:00:00+00:00,9.3,0
London,2026-03-18T08:11:22.244717+00:00,2026-03-21T23:00,2026-03-21T23:00:00+00:00,8.5,0
London,2026-03-18T08:11:22.244717+00:00,2026-03-22T00:00,2026-03-22T00:00:00+00:00,7.7,0
London,2026-03-18T08:11:22.244717+00:00,2026-03-22T01:00,2026-03-22T01:00:00+00:00,7.2,0
London,2026-03-18T08:11:22.244717+00:00,2026-03-22T02:00,2026-03-22T02:00:00+00:00,6.7,0
London,2026-03-18T08:11:22.244717+00:00,2026-03-22T03:00,2026-03-22T03:00:00+00:00,6.3,0
London,2026-03-18T08:11:22.244717+00:00,2026-03-22T04:00,2026-03-22T04:00:00+00:00,5.7,0
London,2026-03-18T08:11:22.244717+00:00,2026-03-22T05:00,2026-03-22T05:00:00+00:00,5.1,0
London,2026-03-18T08:11:22.244717+00:00,2026-03-22T06:00,2026-03-22T06:00:00+00:00,4.9,0
London,2026-03-18T08:11:22.244717+00:00,2026-03-22T07:00,2026-03-22T07:00:00+00:00,5.1,0
London,2026-03-18T08:11:22.244717+00:00,2026-03-22T08:00,2026-03-22T08:00:00+00:00,5.6,0
London,2026-03-18T08:11:22.244717+00:00,2026-03-22T09:00,2026-03-22T09:00:00+00:00,6.4,0
London,2026-03-18T08:11:22.244717+00:00,2026-03-22T10:00,2026-03-22T10:00:00+00:00,7.6,0
London,2026-03-18T08:11:22.244717+00:00,2026-03-22T11:00,2026-03-22T11:00:00+00:00,9.0,0
London,2026-03-18T08:11:22.244717+00:00,2026-03-22T12:00,2026-03-22T12:00:00+00:00,10.2,0
London,2026-03-18T08:11:22.244717+00:00,2026-03-22T13:00,2026-03-22T13:00:00+00:00,10.9,0
London,2026-03-18T08:11:22.244717+00:00,2026-03-22T14:00,2026-03-22T14:00:00+00:00,11.2,0
London,2026-03-18T08:11:22.244717+00:00,2026-03-22T15:00,2026-03-22T15:00:00+00:00,11.5,0
London,2026-03-18T08:11:22.244717+00:00,2026-03-22T16:00,2026-03-22T16:00:00+00:00,11.6,1
London,2026-03-18T08:11:22.244717+00:00,2026-03-22T17:00,2026-03-22T17:00:00+00:00,11.5,1
London,2026-03-18T08:11:22.244717+00:00,2026-03-22T18:00,2026-03-22T18:00:00+00:00,11.5,2
London,2026-03-18T08:11:22.244717+00:00,2026-03-22T19:00,2026-03-22T19:00:00+00:00,11.4,3
London,2026-03-18T08:11:22.244717+00:00,2026-03-22T20:00,2026-03-22T20:00:00+00:00,11.4,3
London,2026-03-18T08:11:22.244717+00:00,2026-03-22T21:00,2026-03-22T21:00:00+00:00,11.1,4
London,2026-03-18T08:11:22.244717+00:00,2026-03-22T22:00,2026-03-22T22:00:00+00:00,10.5,4
London,2026-03-18T08:11:22.244717+00:00,2026-03-22T23:00,2026-03-22T23:00:00+00:00,9.7,4
London,2026-03-18T08:11:22.244717+00:00,2026-03-23T00:00,2026-03-23T00:00:00+00:00,9.1,4
London,2026-03-18T08:11:22.244717+00:00,2026-03-23T01:00,2026-03-23T01:00:00+00:00,8.8,3
London,2026-03-18T08:11:22.244717+00:00,2026-03-23T02:00,2026-03-23T02:00:00+00:00,8.7,2
London,2026-03-18T08:11:22.244717+00:00,2026-03-23T03:00,2026-03-23T03:00:00+00:00,8.6,2
London,2026-03-18T08:11:22.244717+00:00,2026-03-23T04:00,2026-03-23T04:00:00+00:00,8.4,4
London,2026-03-18T08:11:22.244717+00:00,2026-03-23T05:00,2026-03-23T05:00:00+00:00,8.2,7
London,2026-03-18T08:11:22.244717+00:00,2026-03-23T06:00,2026-03-23T06:00:00+00:00,8.2,10
London,2026-03-18T08:11:22.244717+00:00,2026-03-23T07:00,2026-03-23T07:00:00+00:00,8.5,13
London,2026-03-18T08:11:22.244717+00:00,2026-03-23T08:00,2026-03-23T08:00:00+00:00,9.1,15
London,2026-03-18T08:11:22.244717+00:00,2026-03-23T09:00,2026-03-23T09:00:00+00:00,9.7,18
London,2026-03-18T08:11:22.244717+00:00,2026-03-23T10:00,2026-03-23T10:00:00+00:00,11.1,20
London,2026-03-18T08:11:22.244717+00:00,2026-03-23T11:00,2026-03-23T11:00:00+00:00,11.8,22
London,2026-03-18T08:11:22.244717+00:00,2026-03-23T12:00,2026-03-23T12:00:00+00:00,12.4,24
London,2026-03-18T08:11:22.244717+00:00,2026-03-23T13:00,2026-03-23T13:00:00+00:00,12.8,27
London,2026-03-18T08:11:22.244717+00:00,2026-03-23T14:00,2026-03-23T14:00:00+00:00,13.0,30
London,2026-03-18T08:11:22.244717+00:00,2026-03-23T15:00,2026-03-23T15:00:00+00:00,13.3,31
London,2026-03-18T08:11:22.244717+00:00,2026-03-23T16:00,2026-03-23T16:00:00+00:00,13.4,30
London,2026-03-18T08:11:22.244717+00:00,2026-03-23T17:00,2026-03-23T17:00:00+00:00,13.4,27
London,2026-03-18T08:11:22.244717+00:00,2026-03-23T18:00,2026-03-23T18:00:00+00:00,13.2,25
London,2026-03-18T08:11:22.244717+00:00,2026-03-23T19:00,2026-03-23T19:00:00+00:00,12.9,23
London,2026-03-18T08:11:22.244717+00:00,2026-03-23T20:00,2026-03-23T20:00:00+00:00,12.4,22
London,2026-03-18T08:11:22.244717+00:00,2026-03-23T21:00,2026-03-23T21:00:00+00:00,11.8,19
London,2026-03-18T08:11:22.244717+00:00,2026-03-23T22:00,2026-03-23T22:00:00+00:00,11.1,13
London,2026-03-18T08:11:22.244717+00:00,2026-03-23T23:00,2026-03-23T23:00:00+00:00,10.6,7
London,2026-03-18T08:11:22.244717+00:00,2026-03-24T00:00,2026-03-24T00:00:00+00:00,10.1,2
London,2026-03-18T08:11:22.244717+00:00,2026-03-24T01:00,2026-03-24T01:00:00+00:00,9.8,1
London,2026-03-18T08:11:22.244717+00:00,2026-03-24T02:00,2026-03-24T02:00:00+00:00,9.5,2
London,2026-03-18T08:11:22.244717+00:00,2026-03-24T03:00,2026-03-24T03:00:00+00:00,9.3,4
London,2026-03-18T08:11:22.244717+00:00,2026-03-24T04:00,2026-03-24T04:00:00+00:00,9.2,6
London,2026-03-18T08:11:22.244717+00:00,2026-03-24T05:00,2026-03-24T05:00:00+00:00,9.2,9
London,2026-03-18T08:11:22.244717+00:00,2026-03-24T06:00,2026-03-24T06:00:00+00:00,9.4,12
London,2026-03-18T08:11:22.244717+00:00,2026-03-24T07:00,2026-03-24T07:00:00+00:00,9.7,14
London,2026-03-18T08:11:22.244717+00:00,2026-03-24T08:00,2026-03-24T08:00:00+00:00,10.3,16
London,2026-03-18T08:11:22.244717+00:00,2026-03-24T09:00,2026-03-24T09:00:00+00:00,11.0,18
London,2026-03-18T08:11:22.244717+00:00,2026-03-24T10:00,2026-03-24T10:00:00+00:00,10.7,20
London,2026-03-18T08:11:22.244717+00:00,2026-03-24T11:00,2026-03-24T11:00:00+00:00,10.6,23
London,2026-03-18T08:11:22.244717+00:00,2026-03-24T12:00,2026-03-24T12:00:00+00:00,10.3,25
London,2026-03-18T08:11:22.244717+00:00,2026-03-24T13:00,2026-03-24T13:00:00+00:00,9.9,28
London,2026-03-18T08:11:22.244717+00:00,2026-03-24T14:00,2026-03-24T14:00:00+00:00,9.9,31
London,2026-03-18T08:11:22.244717+00:00,2026-03-24T15:00,2026-03-24T15:00:00+00:00,9.8,33
London,2026-03-18T08:11:22.244717+00:00,2026-03-24T16:00,2026-03-24T16:00:00+00:00,9.6,35
London,2026-03-18T08:11:22.244717+00:00,2026-03-24T17:00,2026-03-24T17:00:00+00:00,9.3,37
London,2026-03-18T08:11:22.244717+00:00,2026-03-24T18:00,2026-03-24T18:00:00+00:00,8.9,37
London,2026-03-18T08:11:22.244717+00:00,2026-03-24T19:00,2026-03-24T19:00:00+00:00,8.6,34
London,2026-03-18T08:11:22.244717+00:00,2026-03-24T20:00,2026-03-24T20:00:00+00:00,8.1,30
London,2026-03-18T08:11:22.244717+00:00,2026-03-24T21:00,2026-03-24T21:00:00+00:00,7.4,26
London,2026-03-18T08:11:22.244717+00:00,2026-03-24T22:00,2026-03-24T22:00:00+00:00,6.8,22
London,2026-03-18T08:11:22.244717+00:00,2026-03-24T23:00,2026-03-24T23:00:00+00:00,6.2,17
London,2026-03-18T08:11:22.244717+00:00,2026-03-25T00:00,2026-03-25T00:00:00+00:00,5.8,14
London,2026-03-18T08:11:22.244717+00:00,2026-03-25T01:00,2026-03-25T01:00:00+00:00,5.2,13
London,2026-03-18T08:11:22.244717+00:00,2026-03-25T02:00,2026-03-25T02:00:00+00:00,4.6,12
London,2026-03-18T08:11:22.244717+00:00,2026-03-25T03:00,2026-03-25T03:00:00+00:00,4.1,12
London,2026-03-18T08:11:22.244717+00:00,2026-03-25T04:00,2026-03-25T04:00:00+00:00,3.6,12
London,2026-03-18T08:11:22.244717+00:00,2026-03-25T05:00,2026-03-25T05:00:00+00:00,3.3,12
London,2026-03-18T08:11:22.244717+00:00,2026-03-25T06:00,2026-03-25T06:00:00+00:00,3.5,12
London,2026-03-18T08:11:22.244717+00:00,2026-03-25T07:00,2026-03-25T07:00:00+00:00,4.1,12
London,2026-03-18T08:11:22.244717+00:00,2026-03-25T08:00,2026-03-25T08:00:00+00:00,5.2,11
London,2026-03-18T08:11:22.244717+00:00,2026-03-25T09:00,2026-03-25T09:00:00+00:00,6.4,11
London,2026-03-18T08:11:22.244717+00:00,2026-03-25T10:00,2026-03-25T10:00:00+00:00,7.8,11
London,2026-03-18T08:11:22.244717+00:00,2026-03-25T11:00,2026-03-25T11:00:00+00:00,8.9,11
London,2026-03-18T08:11:22.244717+00:00,2026-03-25T12:00,2026-03-25T12:00:00+00:00,9.8,12
London,2026-03-18T08:11:22.244717+00:00,2026-03-25T13:00,2026-03-25T13:00:00+00:00,10.2,14
London,2026-03-18T08:11:22.244717+00:00,2026-03-25T14:00,2026-03-25T14:00:00+00:00,10.4,16
London,2026-03-18T08:11:22.244717+00:00,2026-03-25T15:00,2026-03-25T15:00:00+00:00,10.4,18
London,2026-03-18T08:11:22.244717+00:00,2026-03-25T16:00,2026-03-25T16:00:00+00:00,10.4,20
London,2026-03-18T08:11:22.244717+00:00,2026-03-25T17:00,2026-03-25T17:00:00+00:00,10.2,21
London,2026-03-18T08:11:22.244717+00:00,2026-03-25T18:00,2026-03-25T18:00:00+00:00,10.1,22
London,2026-03-18T08:11:22.244717+00:00,2026-03-25T19:00,2026-03-25T19:00:00+00:00,9.9,22
London,2026-03-18T08:11:22.244717+00:00,2026-03-25T20:00,2026-03-25T20:00:00+00:00,9.4,20
London,2026-03-18T08:11:22.244717+00:00,2026-03-25T21:00,2026-03-25T21:00:00+00:00,8.9,19
London,2026-03-18T08:11:22.244717+00:00,2026-03-25T22:00,2026-03-25T22:00:00+00:00,8.4,17
London,2026-03-18T08:11:22.244717+00:00,2026-03-25T23:00,2026-03-25T23:00:00+00:00,8.0,16
London,2026-03-18T08:11:22.244717+00:00,2026-03-26T00:00,2026-03-26T00:00:00+00:00,7.7,14
London,2026-03-18T08:11:22.244717+00:00,2026-03-26T01:00,2026-03-26T01:00:00+00:00,7.3,12
London,2026-03-18T08:11:22.244717+00:00,2026-03-26T02:00,2026-03-26T02:00:00+00:00,7.1,11
London,2026-03-18T08:11:22.244717+00:00,2026-03-26T03:00,2026-03-26T03:00:00+00:00,6.8,9
London,2026-03-18T08:11:22.244717+00:00,2026-03-26T04:00,2026-03-26T04:00:00+00:00,6.7,8
London,2026-03-18T08:11:22.244717+00:00,2026-03-26T05:00,2026-03-26T05:00:00+00:00,6.6,7
London,2026-03-18T08:11:22.244717+00:00,2026-03-26T06:00,2026-03-26T06:00:00+00:00,6.8,6
London,2026-03-18T08:11:22.244717+00:00,2026-03-26T07:00,2026-03-26T07:00:00+00:00,7.2,6
London,2026-03-18T08:11:22.244717+00:00,2026-03-26T08:00,2026-03-26T08:00:00+00:00,8.0,6
London,2026-03-18T08:11:22.244717+00:00,2026-03-26T09:00,2026-03-26T09:00:00+00:00,8.9,7
London,2026-03-18T08:11:22.244717+00:00,2026-03-26T10:00,2026-03-26T10:00:00+00:00,9.8,8
London,2026-03-18T08:11:22.244717+00:00,2026-03-26T11:00,2026-03-26T11:00:00+00:00,10.6,9
London,2026-03-18T08:11:22.244717+00:00,2026-03-26T12:00,2026-03-26T12:00:00+00:00,11.1,10
London,2026-03-18T08:11:22.244717+00:00,2026-03-26T13:00,2026-03-26T13:00:00+00:00,11.6,11
London,2026-03-18T08:11:22.244717+00:00,2026-03-26T14:00,2026-03-26T14:00:00+00:00,11.9,12
London,2026-03-18T08:11:22.244717+00:00,2026-03-26T15:00,2026-03-26T15:00:00+00:00,12.0,12
London,2026-03-18T08:11:22.244717+00:00,2026-03-26T16:00,2026-03-26T16:00:00+00:00,12.1,12
London,2026-03-18T08:11:22.244717+00:00,2026-03-26T17:00,2026-03-26T17:00:00+00:00,12.0,12
London,2026-03-18T08:11:22.244717+00:00,2026-03-26T18:00,2026-03-26T18:00:00+00:00,11.7,12
London,2026-03-18T08:11:22.244717+00:00,2026-03-26T19:00,2026-03-26T19:00:00+00:00,11.1,11
London,2026-03-18T08:11:22.244717+00:00,2026-03-26T20:00,2026-03-26T20:00:00+00:00,10.2,10
London,2026-03-18T08:11:22.244717+00:00,2026-03-26T21:00,2026-03-26T21:00:00+00:00,9.2,9
London,2026-03-18T08:11:22.244717+00:00,2026-03-26T22:00,2026-03-26T22:00:00+00:00,8.2,8
London,2026-03-18T08:11:22.244717+00:00,2026-03-26T23:00,2026-03-26T23:00:00+00:00,7.2,7
London,2026-03-18T08:11:22.244717+00:00,2026-03-27T00:00,2026-03-27T00:00:00+00:00,6.5,6
London,2026-03-18T08:11:22.244717+00:00,2026-03-27T01:00,2026-03-27T01:00:00+00:00,5.9,6
London,2026-03-18T08:11:22.244717+00:00,2026-03-27T02:00,2026-03-27T02:00:00+00:00,5.3,6
London,2026-03-18T08:11:22.244717+00:00,2026-03-27T03:00,2026-03-27T03:00:00+00:00,4.8,7
London,2026-03-18T08:11:22.244717+00:00,2026-03-27T04:00,2026-03-27T04:00:00+00:00,4.5,8
London,2026-03-18T08:11:22.244717+00:00,2026-03-27T05:00,2026-03-27T05:00:00+00:00,4.4,9
London,2026-03-18T08:11:22.244717+00:00,2026-03-27T06:00,2026-03-27T06:00:00+00:00,4.6,10
London,2026-03-18T08:11:22.244717+00:00,2026-03-27T07:00,2026-03-27T07:00:00+00:00,5.1,11
London,2026-03-18T08:11:22.244717+00:00,2026-03-27T08:00,2026-03-27T08:00:00+00:00,6.1,13
London,2026-03-18T08:11:22.244717+00:00,2026-03-27T09:00,2026-03-27T09:00:00+00:00,7.2,14
London,2026-03-18T08:11:22.244717+00:00,2026-03-27T10:00,2026-03-27T10:00:00+00:00,8.4,15
London,2026-03-18T08:11:22.244717+00:00,2026-03-27T11:00,2026-03-27T11:00:00+00:00,9.4,17
London,2026-03-18T08:11:22.244717+00:00,2026-03-27T12:00,2026-03-27T12:00:00+00:00,10.1,18
London,2026-03-18T08:11:22.244717+00:00,2026-03-27T13:00,2026-03-27T13:00:00+00:00,10.4,18
London,2026-03-18T08:11:22.244717+00:00,2026-03-27T14:00,2026-03-27T14:00:00+00:00,10.6,18
London,2026-03-18T08:11:22.244717+00:00,2026-03-27T15:00,2026-03-27T15:00:00+00:00,10.5,18
London,2026-03-18T08:11:22.244717+00:00,2026-03-27T16:00,2026-03-27T16:00:00+00:00,10.3,18
London,2026-03-18T08:11:22.244717+00:00,2026-03-27T17:00,2026-03-27T17:00:00+00:00,10.1,17
London,2026-03-18T08:11:22.244717+00:00,2026-03-27T18:00,2026-03-27T18:00:00+00:00,9.8,16
London,2026-03-18T08:11:22.244717+00:00,2026-03-27T19:00,2026-03-27T19:00:00+00:00,9.4,15
London,2026-03-18T08:11:22.244717+00:00,2026-03-27T20:00,2026-03-27T20:00:00+00:00,8.8,14
London,2026-03-18T08:11:22.244717+00:00,2026-03-27T21:00,2026-03-27T21:00:00+00:00,8.2,13
London,2026-03-18T08:11:22.244717+00:00,2026-03-27T22:00,2026-03-27T22:00:00+00:00,7.6,12
London,2026-03-18T08:11:22.244717+00:00,2026-03-27T23:00,2026-03-27T23:00:00+00:00,6.9,11
London,2026-03-18T08:11:22.244717+00:00,2026-03-28T00:00,2026-03-28T00:00:00+00:00,6.5,10
London,2026-03-18T08:11:22.244717+00:00,2026-03-28T01:00,2026-03-28T01:00:00+00:00,6.1,9
London,2026-03-18T08:11:22.244717+00:00,2026-03-28T02:00,2026-03-28T02:00:00+00:00,5.7,9
London,2026-03-18T08:11:22.244717+00:00,2026-03-28T03:00,2026-03-28T03:00:00+00:00,5.3,9
London,2026-03-18T08:11:22.244717+00:00,2026-03-28T04:00,2026-03-28T04:00:00+00:00,5.1,9
London,2026-03-18T08:11:22.244717+00:00,2026-03-28T05:00,2026-03-28T05:00:00+00:00,5.0,10
London,2026-03-18T08:11:22.244717+00:00,2026-03-28T06:00,2026-03-28T06:00:00+00:00,5.2,10
London,2026-03-18T08:11:22.244717+00:00,2026-03-28T07:00,2026-03-28T07:00:00+00:00,5.8,11
London,2026-03-18T08:11:22.244717+00:00,2026-03-28T08:00,2026-03-28T08:00:00+00:00,6.8,11
London,2026-03-18T08:11:22.244717+00:00,2026-03-28T09:00,2026-03-28T09:00:00+00:00,8.0,12
London,2026-03-18T08:11:22.244717+00:00,2026-03-28T10:00,2026-03-28T10:00:00+00:00,9.2,13
London,2026-03-18T08:11:22.244717+00:00,2026-03-28T11:00,2026-03-28T11:00:00+00:00,10.2,14
London,2026-03-18T08:11:22.244717+00:00,2026-03-28T12:00,2026-03-28T12:00:00+00:00,10.9,16
London,2026-03-18T08:11:22.244717+00:00,2026-03-28T13:00,2026-03-28T13:00:00+00:00,11.2,18
London,2026-03-18T08:11:22.244717+00:00,2026-03-28T14:00,2026-03-28T14:00:00+00:00,11.4,20
London,2026-03-18T08:11:22.244717+00:00,2026-03-28T15:00,2026-03-28T15:00:00+00:00,11.4,22
London,2026-03-18T08:11:22.244717+00:00,2026-03-28T16:00,2026-03-28T16:00:00+00:00,11.2,24
London,2026-03-18T08:11:22.244717+00:00,2026-03-28T17:00,2026-03-28T17:00:00+00:00,11.0,25
London,2026-03-18T08:11:22.244717+00:00,2026-03-28T18:00,2026-03-28T18:00:00+00:00,10.7,25
London,2026-03-18T08:11:22.244717+00:00,2026-03-28T19:00,2026-03-28T19:00:00+00:00,10.2,23
London,2026-03-18T08:11:22.244717+00:00,2026-03-28T20:00,2026-03-28T20:00:00+00:00,9.6,21
London,2026-03-18T08:11:22.244717+00:00,2026-03-28T21:00,2026-03-28T21:00:00+00:00,8.9,18
London,2026-03-18T08:11:22.244717+00:00,2026-03-28T22:00,2026-03-28T22:00:00+00:00,8.2,15
London,2026-03-18T08:11:22.244717+00:00,2026-03-28T23:00,2026-03-28T23:00:00+00:00,7.6,12
London,2026-03-18T08:11:22.244717+00:00,2026-03-29T00:00,2026-03-29T00:00:00+00:00,7.1,10
London,2026-03-18T08:11:22.244717+00:00,2026-03-29T01:00,2026-03-29T01:00:00+00:00,6.6,8
London,2026-03-18T08:11:22.244717+00:00,2026-03-29T02:00,2026-03-29T01:00:00+00:00,6.2,8
London,2026-03-18T08:11:22.244717+00:00,2026-03-29T03:00,2026-03-29T02:00:00+00:00,5.8,7
London,2026-03-18T08:11:22.244717+00:00,2026-03-29T04:00,2026-03-29T03:00:00+00:00,5.6,7
London,2026-03-18T08:11:22.244717+00:00,2026-03-29T05:00,2026-03-29T04:00:00+00:00,5.6,7
London,2026-03-18T08:11:22.244717+00:00,2026-03-29T06:00,2026-03-29T05:00:00+00:00,5.8,8
London,2026-03-18T08:11:22.244717+00:00,2026-03-29T07:00,2026-03-29T06:00:00+00:00,6.5,10
London,2026-03-18T08:11:22.244717+00:00,2026-03-29T08:00,2026-03-29T07:00:00+00:00,7.6,14
London,2026-03-18T08:11:22.244717+00:00,2026-03-29T09:00,2026-03-29T08:00:00+00:00,8.9,17
London,2026-03-18T08:11:22.244717+00:00,2026-03-29T10:00,2026-03-29T09:00:00+00:00,10.2,20
London,2026-03-18T08:11:22.244717+00:00,2026-03-29T11:00,2026-03-29T10:00:00+00:00,11.4,23
London,2026-03-18T08:11:22.244717+00:00,2026-03-29T12:00,2026-03-29T11:00:00+00:00,12.1,25
London,2026-03-18T08:11:22.244717+00:00,2026-03-29T13:00,2026-03-29T12:00:00+00:00,12.6,25
London,2026-03-18T08:11:22.244717+00:00,2026-03-29T14:00,2026-03-29T13:00:00+00:00,12.7,24
London,2026-03-18T08:11:22.244717+00:00,2026-03-29T15:00,2026-03-29T14:00:00+00:00,12.6,23
London,2026-03-18T08:11:22.244717+00:00,2026-03-29T16:00,2026-03-29T15:00:00+00:00,12.5,22
London,2026-03-18T08:11:22.244717+00:00,2026-03-29T17:00,2026-03-29T16:00:00+00:00,12.2,20
London,2026-03-18T08:11:22.244717+00:00,2026-03-29T18:00,2026-03-29T17:00:00+00:00,12.1,18
London,2026-03-18T08:11:22.244717+00:00,2026-03-29T19:00,2026-03-29T18:00:00+00:00,11.8,17
London,2026-03-18T08:11:22.244717+00:00,2026-03-29T20:00,2026-03-29T19:00:00+00:00,11.4,15
London,2026-03-18T08:11:22.244717+00:00,2026-03-29T21:00,2026-03-29T20:00:00+00:00,11.0,14
London,2026-03-18T08:11:22.244717+00:00,2026-03-29T22:00,2026-03-29T21:00:00+00:00,10.6,13
London,2026-03-18T08:11:22.244717+00:00,2026-03-29T23:00,2026-03-29T22:00:00+00:00,10.1,12
London,2026-03-18T08:11:22.244717+00:00,2026-03-30T00:00,2026-03-29T23:00:00+00:00,9.7,12
London,2026-03-18T08:11:22.244717+00:00,2026-03-30T01:00,2026-03-30T00:00:00+00:00,9.3,12
London,2026-03-18T08:11:22.244717+00:00,2026-03-30T02:00,2026-03-30T01:00:00+00:00,8.8,12
London,2026-03-18T08:11:22.244717+00:00,2026-03-30T03:00,2026-03-30T02:00:00+00:00,8.3,12
London,2026-03-18T08:11:22.244717+00:00,2026-03-30T04:00,2026-03-30T03:00:00+00:00,7.9,12
London,2026-03-18T08:11:22.244717+00:00,2026-03-30T05:00,2026-03-30T04:00:00+00:00,7.7,13
London,2026-03-18T08:11:22.244717+00:00,2026-03-30T06:00,2026-03-30T05:00:00+00:00,7.8,14
London,2026-03-18T08:11:22.244717+00:00,2026-03-30T07:00,2026-03-30T06:00:00+00:00,8.1,16
London,2026-03-18T08:11:22.244717+00:00,2026-03-30T08:00,2026-03-30T07:00:00+00:00,8.9,18
London,2026-03-18T08:11:22.244717+00:00,2026-03-30T09:00,2026-03-30T08:00:00+00:00,9.8,20
London,2026-03-18T08:11:22.244717+00:00,2026-03-30T10:00,2026-03-30T09:00:00+00:00,10.7,22
London,2026-03-18T08:11:22.244717+00:00,2026-03-30T11:00,2026-03-30T10:00:00+00:00,11.5,23
London,2026-03-18T08:11:22.244717+00:00,2026-03-30T12:00,2026-03-30T11:00:00+00:00,12.1,24
London,2026-03-18T08:11:22.244717+00:00,2026-03-30T13:00,2026-03-30T12:00:00+00:00,12.4,24
London,2026-03-18T08:11:22.244717+00:00,2026-03-30T14:00,2026-03-30T13:00:00+00:00,12.5,23
London,2026-03-18T08:11:22.244717+00:00,2026-03-30T15:00,2026-03-30T14:00:00+00:00,12.5,22
London,2026-03-18T08:11:22.244717+00:00,2026-03-30T16:00,2026-03-30T15:00:00+00:00,12.4,21
London,2026-03-18T08:11:22.244717+00:00,2026-03-30T17:00,2026-03-30T16:00:00+00:00,12.4,20
London,2026-03-18T08:11:22.244717+00:00,2026-03-30T18:00,2026-03-30T17:00:00+00:00,12.2,18
London,2026-03-18T08:11:22.244717+00:00,2026-03-30T19:00,2026-03-30T18:00:00+00:00,12.0,16
London,2026-03-18T08:11:22.244717+00:00,2026-03-30T20:00,2026-03-30T19:00:00+00:00,11.6,13
London,2026-03-18T08:11:22.244717+00:00,2026-03-30T21:00,2026-03-30T20:00:00+00:00,11.3,11
London,2026-03-18T08:11:22.244717+00:00,2026-03-30T22:00,2026-03-30T21:00:00+00:00,10.9,9
London,2026-03-18T08:11:22.244717+00:00,2026-03-30T23:00,2026-03-30T22:00:00+00:00,10.5,7
London,2026-03-18T08:11:22.244717+00:00,2026-03-31T00:00,2026-03-30T23:00:00+00:00,10.2,6
London,2026-03-18T08:11:22.244717+00:00,2026-03-31T01:00,2026-03-31T00:00:00+00:00,9.9,7
London,2026-03-18T08:11:22.244717+00:00,2026-03-31T02:00,2026-03-31T01:00:00+00:00,9.6,8
London,2026-03-18T08:11:22.244717+00:00,2026-03-31T03:00,2026-03-31T02:00:00+00:00,9.2,10
London,2026-03-18T08:11:22.244717+00:00,2026-03-31T04:00,2026-03-31T03:00:00+00:00,9.0,12
London,2026-03-18T08:11:22.244717+00:00,2026-03-31T05:00,2026-03-31T04:00:00+00:00,8.9,13
London,2026-03-18T08:11:22.244717+00:00,2026-03-31T06:00,2026-03-31T05:00:00+00:00,9.1,14
London,2026-03-18T08:11:22.244717+00:00,2026-03-31T07:00,2026-03-31T06:00:00+00:00,9.5,14
London,2026-03-18T08:11:22.244717+00:00,2026-03-31T08:00,2026-03-31T07:00:00+00:00,10.2,13
London,2026-03-18T08:11:22.244717+00:00,2026-03-31T09:00,2026-03-31T08:00:00+00:00,11.1,12
London,2026-03-18T08:11:22.244717+00:00,2026-03-31T10:00,2026-03-31T09:00:00+00:00,11.9,11
London,2026-03-18T08:11:22.244717+00:00,2026-03-31T11:00,2026-03-31T10:00:00+00:00,12.7,10
London,2026-03-18T08:11:22.244717+00:00,2026-03-31T12:00,2026-03-31T11:00:00+00:00,13.2,10
London,2026-03-18T08:11:22.244717+00:00,2026-03-31T13:00,2026-03-31T12:00:00+00:00,13.4,11
London,2026-03-18T08:11:22.244717+00:00,2026-03-31T14:00,2026-03-31T13:00:00+00:00,13.4,13
London,2026-03-18T08:11:22.244717+00:00,2026-03-31T15:00,2026-03-31T14:00:00+00:00,13.4,14
London,2026-03-18T08:11:22.244717+00:00,2026-03-31T16:00,2026-03-31T15:00:00+00:00,13.2,15
London,2026-03-18T08:11:22.244717+00:00,2026-03-31T17:00,2026-03-31T16:00:00+00:00,12.9,16
London,2026-03-18T08:11:22.244717+00:00,2026-03-31T18:00,2026-03-31T17:00:00+00:00,12.6,16
London,2026-03-18T08:11:22.244717+00:00,2026-03-31T19:00,2026-03-31T18:00:00+00:00,12.1,14
London,2026-03-18T08:11:22.244717+00:00,2026-03-31T20:00,2026-03-31T19:00:00+00:00,11.4,12
London,2026-03-18T08:11:22.244717+00:00,2026-03-31T21:00,2026-03-31T20:00:00+00:00,10.6,9
London,2026-03-18T08:11:22.244717+00:00,2026-03-31T22:00,2026-03-31T21:00:00+00:00,9.8,6
London,2026-03-18T08:11:22.244717+00:00,2026-03-31T23:00,2026-03-31T22:00:00+00:00,9.1,4
London,2026-03-18T08:11:22.244717+00:00,2026-04-01T00:00,2026-03-31T23:00:00+00:00,8.8,2
London,2026-03-18T08:11:22.244717+00:00,2026-04-01T01:00,2026-04-01T00:00:00+00:00,8.6,1
London,2026-03-18T08:11:22.244717+00:00,2026-04-01T02:00,2026-04-01T01:00:00+00:00,8.6,2
London,2026-03-18T08:11:22.244717+00:00,2026-04-01T03:00,2026-04-01T02:00:00+00:00,8.9,2
London,2026-03-18T08:11:22.244717+00:00,2026-04-01T04:00,2026-04-01T03:00:00+00:00,9.1,3
London,2026-03-18T08:11:22.244717+00:00,2026-04-01T05:00,2026-04-01T04:00:00+00:00,9.4,3
London,2026-03-18T08:11:22.244717+00:00,2026-04-01T06:00,2026-04-01T05:00:00+00:00,9.6,4
London,2026-03-18T08:11:22.244717+00:00,2026-04-01T07:00,2026-04-01T06:00:00+00:00,9.9,4
London,2026-03-18T08:11:22.244717+00:00,2026-04-01T08:00,2026-04-01T07:00:00+00:00,10.3,5
London,2026-03-18T08:11:22.244717+00:00,2026-04-01T09:00,2026-04-01T08:00:00+00:00,10.6,5
London,2026-03-18T08:11:22.244717+00:00,2026-04-01T10:00,2026-04-01T09:00:00+00:00,11.0,5
London,2026-03-18T08:11:22.244717+00:00,2026-04-01T11:00,2026-04-01T10:00:00+00:00,11.3,6
London,2026-03-18T08:11:22.244717+00:00,2026-04-01T12:00,2026-04-01T11:00:00+00:00,11.5,7
London,2026-03-18T08:11:22.244717+00:00,2026-04-01T13:00,2026-04-01T12:00:00+00:00,11.6,9
London,2026-03-18T08:11:22.244717+00:00,2026-04-01T14:00,2026-04-01T13:00:00+00:00,11.7,12
London,2026-03-18T08:11:22.244717+00:00,2026-04-01T15:00,2026-04-01T14:00:00+00:00,11.7,17
London,2026-03-18T08:11:22.244717+00:00,2026-04-01T16:00,2026-04-01T15:00:00+00:00,11.6,20
London,2026-03-18T08:11:22.244717+00:00,2026-04-01T17:00,2026-04-01T16:00:00+00:00,11.4,22
London,2026-03-18T08:11:22.244717+00:00,2026-04-01T18:00,2026-04-01T17:00:00+00:00,11.0,23
London,2026-03-18T08:11:22.244717+00:00,2026-04-01T19:00,2026-04-01T18:00:00+00:00,10.4,22
London,2026-03-18T08:11:22.244717+00:00,2026-04-01T20:00,2026-04-01T19:00:00+00:00,9.4,20
London,2026-03-18T08:11:22.244717+00:00,2026-04-01T21:00,2026-04-01T20:00:00+00:00,8.4,17
London,2026-03-18T08:11:22.244717+00:00,2026-04-01T22:00,2026-04-01T21:00:00+00:00,7.8,15
London,2026-03-18T08:11:22.244717+00:00,2026-04-01T23:00,2026-04-01T22:00:00+00:00,7.8,12
London,2026-03-18T08:11:22.244717+00:00,2026-04-02T00:00,2026-04-01T23:00:00+00:00,8.2,10
London,2026-03-18T08:11:22.244717+00:00,2026-04-02T01:00,2026-04-02T00:00:00+00:00,8.8,9
London,2026-03-18T08:11:22.244717+00:00,2026-04-02T02:00,2026-04-02T01:00:00+00:00,8.5,9
London,2026-03-18T08:11:22.244717+00:00,2026-04-02T03:00,2026-04-02T02:00:00+00:00,8.2,9
London,2026-03-18T08:11:22.244717+00:00,2026-04-02T04:00,2026-04-02T03:00:00+00:00,8.0,9
London,2026-03-18T08:11:22.244717+00:00,2026-04-02T05:00,2026-04-02T04:00:00+00:00,7.9,10
London,2026-03-18T08:11:22.244717+00:00,2026-04-02T06:00,2026-04-02T05:00:00+00:00,7.8,10
London,2026-03-18T08:11:22.244717+00:00,2026-04-02T07:00,2026-04-02T06:00:00+00:00,7.7,10
London,2026-03-18T08:11:22.244717+00:00,2026-04-02T08:00,2026-04-02T07:00:00+00:00,7.7,9
London,2026-03-18T08:11:22.244717+00:00,2026-04-02T09:00,2026-04-02T08:00:00+00:00,7.7,9
London,2026-03-18T08:11:22.244717+00:00,2026-04-02T10:00,2026-04-02T09:00:00+00:00,7.6,9
London,2026-03-18T08:11:22.244717+00:00,2026-04-02T11:00,2026-04-02T10:00:00+00:00,7.6,9
London,2026-03-18T08:11:22.244717+00:00,2026-04-02T12:00,2026-04-02T11:00:00+00:00,7.6,10
London,2026-03-18T08:11:22.244717+00:00,2026-04-02T13:00,2026-04-02T12:00:00+00:00,7.6,13
London,2026-03-18T08:11:22.244717+00:00,2026-04-02T14:00,2026-04-02T13:00:00+00:00,7.6,16
London,2026-03-18T08:11:22.244717+00:00,2026-04-02T15:00,2026-04-02T14:00:00+00:00,7.6,20
London,2026-03-18T08:11:22.244717+00:00,2026-04-02T16:00,2026-04-02T15:00:00+00:00,7.5,23
London,2026-03-18T08:11:22.244717+00:00,2026-04-02T17:00,2026-04-02T16:00:00+00:00,7.5,27
London,2026-03-18T08:11:22.244717+00:00,2026-04-02T18:00,2026-04-02T17:00:00+00:00,7.4,29
London,2026-03-18T08:11:22.244717+00:00,2026-04-02T19:00,2026-04-02T18:00:00+00:00,7.3,30
London,2026-03-18T08:11:22.244717+00:00,2026-04-02T20:00,2026-04-02T19:00:00+00:00,7.2,30
London,2026-03-18T08:11:22.244717+00:00,2026-04-02T21:00,2026-04-02T20:00:00+00:00,7.1,30
London,2026-03-18T08:11:22.244717+00:00,2026-04-02T22:00,2026-04-02T21:00:00+00:00,6.9,30
London,2026-03-18T08:11:22.244717+00:00,2026-04-02T23:00,2026-04-02T22:00:00+00:00,6.8,29
London,2026-03-18T18:05:40.146557+00:00,2026-03-18T00:00,2026-03-18T00:00:00+00:00,11.0,0
London,2026-03-18T18:05:40.146557+00:00,2026-03-18T01:00,2026-03-18T01:00:00+00:00,10.7,0
London,2026-03-18T18:05:40.146557+00:00,2026-03-18T02:00,2026-03-18T02:00:00+00:00,10.3,0
London,2026-03-18T18:05:40.146557+00:00,2026-03-18T03:00,2026-03-18T03:00:00+00:00,10.0,0
London,2026-03-18T18:05:40.146557+00:00,2026-03-18T04:00,2026-03-18T04:00:00+00:00,9.7,0
London,2026-03-18T18:05:40.146557+00:00,2026-03-18T05:00,2026-03-18T05:00:00+00:00,9.2,0
London,2026-03-18T18:05:40.146557+00:00,2026-03-18T06:00,2026-03-18T06:00:00+00:00,9.0,0
London,2026-03-18T18:05:40.146557+00:00,2026-03-18T07:00,2026-03-18T07:00:00+00:00,9.1,0
London,2026-03-18T18:05:40.146557+00:00,2026-03-18T08:00,2026-03-18T08:00:00+00:00,10.5,0
London,2026-03-18T18:05:40.146557+00:00,2026-03-18T09:00,2026-03-18T09:00:00+00:00,11.9,0
London,2026-03-18T18:05:40.146557+00:00,2026-03-18T10:00,2026-03-18T10:00:00+00:00,14.1,0
London,2026-03-18T18:05:40.146557+00:00,2026-03-18T11:00,2026-03-18T11:00:00+00:00,15.9,0
London,2026-03-18T18:05:40.146557+00:00,2026-03-18T12:00,2026-03-18T12:00:00+00:00,17.2,0
London,2026-03-18T18:05:40.146557+00:00,2026-03-18T13:00,2026-03-18T13:00:00+00:00,18.3,0
London,2026-03-18T18:05:40.146557+00:00,2026-03-18T14:00,2026-03-18T14:00:00+00:00,18.7,0
London,2026-03-18T18:05:40.146557+00:00,2026-03-18T15:00,2026-03-18T15:00:00+00:00,18.4,0
London,2026-03-18T18:05:40.146557+00:00,2026-03-18T16:00,2026-03-18T16:00:00+00:00,17.6,0
London,2026-03-18T18:05:40.146557+00:00,2026-03-18T17:00,2026-03-18T17:00:00+00:00,16.3,0
London,2026-03-18T18:05:40.146557+00:00,2026-03-18T18:00,2026-03-18T18:00:00+00:00,14.9,0
London,2026-03-18T18:05:40.146557+00:00,2026-03-18T19:00,2026-03-18T19:00:00+00:00,13.8,0
London,2026-03-18T18:05:40.146557+00:00,2026-03-18T20:00,2026-03-18T20:00:00+00:00,12.7,0
London,2026-03-18T18:05:40.146557+00:00,2026-03-18T21:00,2026-03-18T21:00:00+00:00,11.9,0
London,2026-03-18T18:05:40.146557+00:00,2026-03-18T22:00,2026-03-18T22:00:00+00:00,11.4,0
London,2026-03-18T18:05:40.146557+00:00,2026-03-18T23:00,2026-03-18T23:00:00+00:00,11.0,0
London,2026-03-18T18:05:40.146557+00:00,2026-03-19T00:00,2026-03-19T00:00:00+00:00,10.6,0
London,2026-03-18T18:05:40.146557+00:00,2026-03-19T01:00,2026-03-19T01:00:00+00:00,10.4,0
London,2026-03-18T18:05:40.146557+00:00,2026-03-19T02:00,2026-03-19T02:00:00+00:00,10.0,0
London,2026-03-18T18:05:40.146557+00:00,2026-03-19T03:00,2026-03-19T03:00:00+00:00,9.6,0
London,2026-03-18T18:05:40.146557+00:00,2026-03-19T04:00,2026-03-19T04:00:00+00:00,9.1,0
London,2026-03-18T18:05:40.146557+00:00,2026-03-19T05:00,2026-03-19T05:00:00+00:00,8.6,0
London,2026-03-18T18:05:40.146557+00:00,2026-03-19T06:00,2026-03-19T06:00:00+00:00,8.1,0
London,2026-03-18T18:05:40.146557+00:00,2026-03-19T07:00,2026-03-19T07:00:00+00:00,8.0,0
London,2026-03-18T18:05:40.146557+00:00,2026-03-19T08:00,2026-03-19T08:00:00+00:00,8.7,0
London,2026-03-18T18:05:40.146557+00:00,2026-03-19T09:00,2026-03-19T09:00:00+00:00,10.0,0
London,2026-03-18T18:05:40.146557+00:00,2026-03-19T10:00,2026-03-19T10:00:00+00:00,11.5,0
London,2026-03-18T18:05:40.146557+00:00,2026-03-19T11:00,2026-03-19T11:00:00+00:00,13.3,0
London,2026-03-18T18:05:40.146557+00:00,2026-03-19T12:00,2026-03-19T12:00:00+00:00,14.7,0
London,2026-03-18T18:05:40.146557+00:00,2026-03-19T13:00,2026-03-19T13:00:00+00:00,15.8,0
London,2026-03-18T18:05:40.146557+00:00,2026-03-19T14:00,2026-03-19T14:00:00+00:00,16.3,0
London,2026-03-18T18:05:40.146557+00:00,2026-03-19T15:00,2026-03-19T15:00:00+00:00,16.4,0
London,2026-03-18T18:05:40.146557+00:00,2026-03-19T16:00,2026-03-19T16:00:00+00:00,16.2,0
London,2026-03-18T18:05:40.146557+00:00,2026-03-19T17:00,2026-03-19T17:00:00+00:00,15.5,0
London,2026-03-18T18:05:40.146557+00:00,2026-03-19T18:00,2026-03-19T18:00:00+00:00,14.4,0
London,2026-03-18T18:05:40.146557+00:00,2026-03-19T19:00,2026-03-19T19:00:00+00:00,13.4,0
London,2026-03-18T18:05:40.146557+00:00,2026-03-19T20:00,2026-03-19T20:00:00+00:00,12.6,0
London,2026-03-18T18:05:40.146557+00:00,2026-03-19T21:00,2026-03-19T21:00:00+00:00,11.8,0
London,2026-03-18T18:05:40.146557+00:00,2026-03-19T22:00,2026-03-19T22:00:00+00:00,11.0,0
London,2026-03-18T18:05:40.146557+00:00,2026-03-19T23:00,2026-03-19T23:00:00+00:00,10.4,0
London,2026-03-18T18:05:40.146557+00:00,2026-03-20T00:00,2026-03-20T00:00:00+00:00,9.8,0
London,2026-03-18T18:05:40.146557+00:00,2026-03-20T01:00,2026-03-20T01:00:00+00:00,9.3,0
London,2026-03-18T18:05:40.146557+00:00,2026-03-20T02:00,2026-03-20T02:00:00+00:00,8.8,0
London,2026-03-18T18:05:40.146557+00:00,2026-03-20T03:00,2026-03-20T03:00:00+00:00,8.3,0
London,2026-03-18T18:05:40.146557+00:00,2026-03-20T04:00,2026-03-20T04:00:00+00:00,7.8,0
London,2026-03-18T18:05:40.146557+00:00,2026-03-20T05:00,2026-03-20T05:00:00+00:00,7.4,0
London,2026-03-18T18:05:40.146557+00:00,2026-03-20T06:00,2026-03-20T06:00:00+00:00,7.0,0
London,2026-03-18T18:05:40.146557+00:00,2026-03-20T07:00,2026-03-20T07:00:00+00:00,7.0,0
London,2026-03-18T18:05:40.146557+00:00,2026-03-20T08:00,2026-03-20T08:00:00+00:00,7.8,0
London,2026-03-18T18:05:40.146557+00:00,2026-03-20T09:00,2026-03-20T09:00:00+00:00,9.1,0
London,2026-03-18T18:05:40.146557+00:00,2026-03-20T10:00,2026-03-20T10:00:00+00:00,10.6,0
London,2026-03-18T18:05:40.146557+00:00,2026-03-20T11:00,2026-03-20T11:00:00+00:00,12.3,0
London,2026-03-18T18:05:40.146557+00:00,2026-03-20T12:00,2026-03-20T12:00:00+00:00,13.8,0
London,2026-03-18T18:05:40.146557+00:00,2026-03-20T13:00,2026-03-20T13:00:00+00:00,15.1,0
London,2026-03-18T18:05:40.146557+00:00,2026-03-20T14:00,2026-03-20T14:00:00+00:00,15.8,0
London,2026-03-18T18:05:40.146557+00:00,2026-03-20T15:00,2026-03-20T15:00:00+00:00,16.2,0
London,2026-03-18T18:05:40.146557+00:00,2026-03-20T16:00,2026-03-20T16:00:00+00:00,15.5,0
London,2026-03-18T18:05:40.146557+00:00,2026-03-20T17:00,2026-03-20T17:00:00+00:00,14.5,0
London,2026-03-18T18:05:40.146557+00:00,2026-03-20T18:00,2026-03-20T18:00:00+00:00,13.7,0
London,2026-03-18T18:05:40.146557+00:00,2026-03-20T19:00,2026-03-20T19:00:00+00:00,13.2,0
London,2026-03-18T18:05:40.146557+00:00,2026-03-20T20:00,2026-03-20T20:00:00+00:00,12.1,0
London,2026-03-18T18:05:40.146557+00:00,2026-03-20T21:00,2026-03-20T21:00:00+00:00,11.1,0
London,2026-03-18T18:05:40.146557+00:00,2026-03-20T22:00,2026-03-20T22:00:00+00:00,10.3,0
London,2026-03-18T18:05:40.146557+00:00,2026-03-20T23:00,2026-03-20T23:00:00+00:00,9.6,0
London,2026-03-18T18:05:40.146557+00:00,2026-03-21T00:00,2026-03-21T00:00:00+00:00,8.9,0
London,2026-03-18T18:05:40.146557+00:00,2026-03-21T01:00,2026-03-21T01:00:00+00:00,8.3,0
London,2026-03-18T18:05:40.146557+00:00,2026-03-21T02:00,2026-03-21T02:00:00+00:00,7.7,0
London,2026-03-18T18:05:40.146557+00:00,2026-03-21T03:00,2026-03-21T03:00:00+00:00,7.2,0
London,2026-03-18T18:05:40.146557+00:00,2026-03-21T04:00,2026-03-21T04:00:00+00:00,6.5,0
London,2026-03-18T18:05:40.146557+00:00,2026-03-21T05:00,2026-03-21T05:00:00+00:00,5.9,0
London,2026-03-18T18:05:40.146557+00:00,2026-03-21T06:00,2026-03-21T06:00:00+00:00,5.6,0
London,2026-03-18T18:05:40.146557+00:00,2026-03-21T07:00,2026-03-21T07:00:00+00:00,5.7,0
London,2026-03-18T18:05:40.146557+00:00,2026-03-21T08:00,2026-03-21T08:00:00+00:00,6.1,0
London,2026-03-18T18:05:40.146557+00:00,2026-03-21T09:00,2026-03-21T09:00:00+00:00,6.9,0
London,2026-03-18T18:05:40.146557+00:00,2026-03-21T10:00,2026-03-21T10:00:00+00:00,8.3,0
London,2026-03-18T18:05:40.146557+00:00,2026-03-21T11:00,2026-03-21T11:00:00+00:00,10.1,0
London,2026-03-18T18:05:40.146557+00:00,2026-03-21T12:00,2026-03-21T12:00:00+00:00,11.7,0
London,2026-03-18T18:05:40.146557+00:00,2026-03-21T13:00,2026-03-21T13:00:00+00:00,12.7,0
London,2026-03-18T18:05:40.146557+00:00,2026-03-21T14:00,2026-03-21T14:00:00+00:00,13.4,0
London,2026-03-18T18:05:40.146557+00:00,2026-03-21T15:00,2026-03-21T15:00:00+00:00,13.7,0
London,2026-03-18T18:05:40.146557+00:00,2026-03-21T16:00,2026-03-21T16:00:00+00:00,13.5,0
London,2026-03-18T18:05:40.146557+00:00,2026-03-21T17:00,2026-03-21T17:00:00+00:00,12.9,0
London,2026-03-18T18:05:40.146557+00:00,2026-03-21T18:00,2026-03-21T18:00:00+00:00,12.2,0
London,2026-03-18T18:05:40.146557+00:00,2026-03-21T19:00,2026-03-21T19:00:00+00:00,11.3,0
London,2026-03-18T18:05:40.146557+00:00,2026-03-21T20:00,2026-03-21T20:00:00+00:00,10.4,0
London,2026-03-18T18:05:40.146557+00:00,2026-03-21T21:00,2026-03-21T21:00:00+00:00,9.5,0
London,2026-03-18T18:05:40.146557+00:00,2026-03-21T22:00,2026-03-21T22:00:00+00:00,8.7,0
London,2026-03-18T18:05:40.146557+00:00,2026-03-21T23:00,2026-03-21T23:00:00+00:00,8.1,0
London,2026-03-18T18:05:40.146557+00:00,2026-03-22T00:00,2026-03-22T00:00:00+00:00,7.4,0
London,2026-03-18T18:05:40.146557+00:00,2026-03-22T01:00,2026-03-22T01:00:00+00:00,6.9,0
London,2026-03-18T18:05:40.146557+00:00,2026-03-22T02:00,2026-03-22T02:00:00+00:00,6.3,0
London,2026-03-18T18:05:40.146557+00:00,2026-03-22T03:00,2026-03-22T03:00:00+00:00,5.8,0
London,2026-03-18T18:05:40.146557+00:00,2026-03-22T04:00,2026-03-22T04:00:00+00:00,5.2,0
London,2026-03-18T18:05:40.146557+00:00,2026-03-22T05:00,2026-03-22T05:00:00+00:00,4.7,0
London,2026-03-18T18:05:40.146557+00:00,2026-03-22T06:00,2026-03-22T06:00:00+00:00,4.4,0
London,2026-03-18T18:05:40.146557+00:00,2026-03-22T07:00,2026-03-22T07:00:00+00:00,4.6,0
London,2026-03-18T18:05:40.146557+00:00,2026-03-22T08:00,2026-03-22T08:00:00+00:00,5.1,0
London,2026-03-18T18:05:40.146557+00:00,2026-03-22T09:00,2026-03-22T09:00:00+00:00,5.8,0
London,2026-03-18T18:05:40.146557+00:00,2026-03-22T10:00,2026-03-22T10:00:00+00:00,6.9,0
London,2026-03-18T18:05:40.146557+00:00,2026-03-22T11:00,2026-03-22T11:00:00+00:00,8.2,0
London,2026-03-18T18:05:40.146557+00:00,2026-03-22T12:00,2026-03-22T12:00:00+00:00,9.4,0
London,2026-03-18T18:05:40.146557+00:00,2026-03-22T13:00,2026-03-22T13:00:00+00:00,10.5,0
London,2026-03-18T18:05:40.146557+00:00,2026-03-22T14:00,2026-03-22T14:00:00+00:00,11.4,0
London,2026-03-18T18:05:40.146557+00:00,2026-03-22T15:00,2026-03-22T15:00:00+00:00,12.1,0
London,2026-03-18T18:05:40.146557+00:00,2026-03-22T16:00,2026-03-22T16:00:00+00:00,12.6,1
London,2026-03-18T18:05:40.146557+00:00,2026-03-22T17:00,2026-03-22T17:00:00+00:00,12.8,2
London,2026-03-18T18:05:40.146557+00:00,2026-03-22T18:00,2026-03-22T18:00:00+00:00,12.9,4
London,2026-03-18T18:05:40.146557+00:00,2026-03-22T19:00,2026-03-22T19:00:00+00:00,13.0,7
London,2026-03-18T18:05:40.146557+00:00,2026-03-22T20:00,2026-03-22T20:00:00+00:00,13.0,10
London,2026-03-18T18:05:40.146557+00:00,2026-03-22T21:00,2026-03-22T21:00:00+00:00,12.8,12
London,2026-03-18T18:05:40.146557+00:00,2026-03-22T22:00,2026-03-22T22:00:00+00:00,12.2,11
London,2026-03-18T18:05:40.146557+00:00,2026-03-22T23:00,2026-03-22T23:00:00+00:00,11.4,8
London,2026-03-18T18:05:40.146557+00:00,2026-03-23T00:00,2026-03-23T00:00:00+00:00,10.8,6
London,2026-03-18T18:05:40.146557+00:00,2026-03-23T01:00,2026-03-23T01:00:00+00:00,10.3,6
London,2026-03-18T18:05:40.146557+00:00,2026-03-23T02:00,2026-03-23T02:00:00+00:00,10.0,7
London,2026-03-18T18:05:40.146557+00:00,2026-03-23T03:00,2026-03-23T03:00:00+00:00,9.7,8
London,2026-03-18T18:05:40.146557+00:00,2026-03-23T04:00,2026-03-23T04:00:00+00:00,9.3,9
London,2026-03-18T18:05:40.146557+00:00,2026-03-23T05:00,2026-03-23T05:00:00+00:00,9.0,10
London,2026-03-18T18:05:40.146557+00:00,2026-03-23T06:00,2026-03-23T06:00:00+00:00,8.8,10
London,2026-03-18T18:05:40.146557+00:00,2026-03-23T07:00,2026-03-23T07:00:00+00:00,8.5,9
London,2026-03-18T18:05:40.146557+00:00,2026-03-23T08:00,2026-03-23T08:00:00+00:00,8.2,7
London,2026-03-18T18:05:40.146557+00:00,2026-03-23T09:00,2026-03-23T09:00:00+00:00,8.2,6
London,2026-03-18T18:05:40.146557+00:00,2026-03-23T10:00,2026-03-23T10:00:00+00:00,8.5,8
London,2026-03-18T18:05:40.146557+00:00,2026-03-23T11:00,2026-03-23T11:00:00+00:00,9.1,11
London,2026-03-18T18:05:40.146557+00:00,2026-03-23T12:00,2026-03-23T12:00:00+00:00,9.7,14
London,2026-03-18T18:05:40.146557+00:00,2026-03-23T13:00,2026-03-23T13:00:00+00:00,10.3,16
London,2026-03-18T18:05:40.146557+00:00,2026-03-23T14:00,2026-03-23T14:00:00+00:00,10.8,18
London,2026-03-18T18:05:40.146557+00:00,2026-03-23T15:00,2026-03-23T15:00:00+00:00,11.0,20
London,2026-03-18T18:05:40.146557+00:00,2026-03-23T16:00,2026-03-23T16:00:00+00:00,10.8,23
London,2026-03-18T18:05:40.146557+00:00,2026-03-23T17:00,2026-03-23T17:00:00+00:00,10.3,25
London,2026-03-18T18:05:40.146557+00:00,2026-03-23T18:00,2026-03-23T18:00:00+00:00,9.7,27
London,2026-03-18T18:05:40.146557+00:00,2026-03-23T19:00,2026-03-23T19:00:00+00:00,9.0,28
London,2026-03-18T18:05:40.146557+00:00,2026-03-23T20:00,2026-03-23T20:00:00+00:00,8.2,29
London,2026-03-18T18:05:40.146557+00:00,2026-03-23T21:00,2026-03-23T21:00:00+00:00,7.5,27
London,2026-03-18T18:05:40.146557+00:00,2026-03-23T22:00,2026-03-23T22:00:00+00:00,7.0,21
London,2026-03-18T18:05:40.146557+00:00,2026-03-23T23:00,2026-03-23T23:00:00+00:00,6.2,13
London,2026-03-18T18:05:40.146557+00:00,2026-03-24T00:00,2026-03-24T00:00:00+00:00,5.6,8
London,2026-03-18T18:05:40.146557+00:00,2026-03-24T01:00,2026-03-24T01:00:00+00:00,5.1,7
London,2026-03-18T18:05:40.146557+00:00,2026-03-24T02:00,2026-03-24T02:00:00+00:00,4.7,9
London,2026-03-18T18:05:40.146557+00:00,2026-03-24T03:00,2026-03-24T03:00:00+00:00,4.3,10
London,2026-03-18T18:05:40.146557+00:00,2026-03-24T04:00,2026-03-24T04:00:00+00:00,4.0,8
London,2026-03-18T18:05:40.146557+00:00,2026-03-24T05:00,2026-03-24T05:00:00+00:00,3.9,6
London,2026-03-18T18:05:40.146557+00:00,2026-03-24T06:00,2026-03-24T06:00:00+00:00,4.0,6
London,2026-03-18T18:05:40.146557+00:00,2026-03-24T07:00,2026-03-24T07:00:00+00:00,4.3,11
London,2026-03-18T18:05:40.146557+00:00,2026-03-24T08:00,2026-03-24T08:00:00+00:00,4.9,17
London,2026-03-18T18:05:40.146557+00:00,2026-03-24T09:00,2026-03-24T09:00:00+00:00,5.7,22
London,2026-03-18T18:05:40.146557+00:00,2026-03-24T10:00,2026-03-24T10:00:00+00:00,6.5,23
London,2026-03-18T18:05:40.146557+00:00,2026-03-24T11:00,2026-03-24T11:00:00+00:00,7.2,21
London,2026-03-18T18:05:40.146557+00:00,2026-03-24T12:00,2026-03-24T12:00:00+00:00,7.6,20
London,2026-03-18T18:05:40.146557+00:00,2026-03-24T13:00,2026-03-24T13:00:00+00:00,7.9,20
London,2026-03-18T18:05:40.146557+00:00,2026-03-24T14:00,2026-03-24T14:00:00+00:00,7.9,20
London,2026-03-18T18:05:40.146557+00:00,2026-03-24T15:00,2026-03-24T15:00:00+00:00,7.9,20
London,2026-03-18T18:05:40.146557+00:00,2026-03-24T16:00,2026-03-24T16:00:00+00:00,7.9,20
London,2026-03-18T18:05:40.146557+00:00,2026-03-24T17:00,2026-03-24T17:00:00+00:00,7.8,20
London,2026-03-18T18:05:40.146557+00:00,2026-03-24T18:00,2026-03-24T18:00:00+00:00,7.7,20
London,2026-03-18T18:05:40.146557+00:00,2026-03-24T19:00,2026-03-24T19:00:00+00:00,7.6,18
London,2026-03-18T18:05:40.146557+00:00,2026-03-24T20:00,2026-03-24T20:00:00+00:00,7.5,16
London,2026-03-18T18:05:40.146557+00:00,2026-03-24T21:00,2026-03-24T21:00:00+00:00,7.3,14
London,2026-03-18T18:05:40.146557+00:00,2026-03-24T22:00,2026-03-24T22:00:00+00:00,7.0,12
London,2026-03-18T18:05:40.146557+00:00,2026-03-24T23:00,2026-03-24T23:00:00+00:00,6.6,11
London,2026-03-18T18:05:40.146557+00:00,2026-03-25T00:00,2026-03-25T00:00:00+00:00,6.0,10
London,2026-03-18T18:05:40.146557+00:00,2026-03-25T01:00,2026-03-25T01:00:00+00:00,5.2,11
London,2026-03-18T18:05:40.146557+00:00,2026-03-25T02:00,2026-03-25T02:00:00+00:00,4.6,13
London,2026-03-18T18:05:40.146557+00:00,2026-03-25T03:00,2026-03-25T03:00:00+00:00,4.1,15
London,2026-03-18T18:05:40.146557+00:00,2026-03-25T04:00,2026-03-25T04:00:00+00:00,3.6,17
London,2026-03-18T18:05:40.146557+00:00,2026-03-25T05:00,2026-03-25T05:00:00+00:00,3.3,20
London,2026-03-18T18:05:40.146557+00:00,2026-03-25T06:00,2026-03-25T06:00:00+00:00,3.5,22
London,2026-03-18T18:05:40.146557+00:00,2026-03-25T07:00,2026-03-25T07:00:00+00:00,4.1,23
London,2026-03-18T18:05:40.146557+00:00,2026-03-25T08:00,2026-03-25T08:00:00+00:00,5.2,24
London,2026-03-18T18:05:40.146557+00:00,2026-03-25T09:00,2026-03-25T09:00:00+00:00,6.4,24
London,2026-03-18T18:05:40.146557+00:00,2026-03-25T10:00,2026-03-25T10:00:00+00:00,7.8,24
London,2026-03-18T18:05:40.146557+00:00,2026-03-25T11:00,2026-03-25T11:00:00+00:00,8.9,24
London,2026-03-18T18:05:40.146557+00:00,2026-03-25T12:00,2026-03-25T12:00:00+00:00,9.8,24
London,2026-03-18T18:05:40.146557+00:00,2026-03-25T13:00,2026-03-25T13:00:00+00:00,10.2,23
London,2026-03-18T18:05:40.146557+00:00,2026-03-25T14:00,2026-03-25T14:00:00+00:00,10.4,22
London,2026-03-18T18:05:40.146557+00:00,2026-03-25T15:00,2026-03-25T15:00:00+00:00,10.4,21
London,2026-03-18T18:05:40.146557+00:00,2026-03-25T16:00,2026-03-25T16:00:00+00:00,10.4,19
London,2026-03-18T18:05:40.146557+00:00,2026-03-25T17:00,2026-03-25T17:00:00+00:00,10.2,18
London,2026-03-18T18:05:40.146557+00:00,2026-03-25T18:00,2026-03-25T18:00:00+00:00,10.1,16
London,2026-03-18T18:05:40.146557+00:00,2026-03-25T19:00,2026-03-25T19:00:00+00:00,9.9,15
London,2026-03-18T18:05:40.146557+00:00,2026-03-25T20:00,2026-03-25T20:00:00+00:00,9.4,13
London,2026-03-18T18:05:40.146557+00:00,2026-03-25T21:00,2026-03-25T21:00:00+00:00,8.9,12
London,2026-03-18T18:05:40.146557+00:00,2026-03-25T22:00,2026-03-25T22:00:00+00:00,8.4,11
London,2026-03-18T18:05:40.146557+00:00,2026-03-25T23:00,2026-03-25T23:00:00+00:00,8.0,10
London,2026-03-18T18:05:40.146557+00:00,2026-03-26T00:00,2026-03-26T00:00:00+00:00,7.7,10
London,2026-03-18T18:05:40.146557+00:00,2026-03-26T01:00,2026-03-26T01:00:00+00:00,7.3,11
London,2026-03-18T18:05:40.146557+00:00,2026-03-26T02:00,2026-03-26T02:00:00+00:00,7.1,14
London,2026-03-18T18:05:40.146557+00:00,2026-03-26T03:00,2026-03-26T03:00:00+00:00,6.8,16
London,2026-03-18T18:05:40.146557+00:00,2026-03-26T04:00,2026-03-26T04:00:00+00:00,6.7,18
London,2026-03-18T18:05:40.146557+00:00,2026-03-26T05:00,2026-03-26T05:00:00+00:00,6.6,21
London,2026-03-18T18:05:40.146557+00:00,2026-03-26T06:00,2026-03-26T06:00:00+00:00,6.8,22
London,2026-03-18T18:05:40.146557+00:00,2026-03-26T07:00,2026-03-26T07:00:00+00:00,7.2,22
London,2026-03-18T18:05:40.146557+00:00,2026-03-26T08:00,2026-03-26T08:00:00+00:00,8.0,22
London,2026-03-18T18:05:40.146557+00:00,2026-03-26T09:00,2026-03-26T09:00:00+00:00,8.9,21
London,2026-03-18T18:05:40.146557+00:00,2026-03-26T10:00,2026-03-26T10:00:00+00:00,9.8,21
London,2026-03-18T18:05:40.146557+00:00,2026-03-26T11:00,2026-03-26T11:00:00+00:00,10.6,20
London,2026-03-18T18:05:40.146557+00:00,2026-03-26T12:00,2026-03-26T12:00:00+00:00,11.1,20
London,2026-03-18T18:05:40.146557+00:00,2026-03-26T13:00,2026-03-26T13:00:00+00:00,11.6,21
London,2026-03-18T18:05:40.146557+00:00,2026-03-26T14:00,2026-03-26T14:00:00+00:00,11.9,22
London,2026-03-18T18:05:40.146557+00:00,2026-03-26T15:00,2026-03-26T15:00:00+00:00,12.0,23
London,2026-03-18T18:05:40.146557+00:00,2026-03-26T16:00,2026-03-26T16:00:00+00:00,12.1,24
London,2026-03-18T18:05:40.146557+00:00,2026-03-26T17:00,2026-03-26T17:00:00+00:00,12.0,25
London,2026-03-18T18:05:40.146557+00:00,2026-03-26T18:00,2026-03-26T18:00:00+00:00,11.7,25
London,2026-03-18T18:05:40.146557+00:00,2026-03-26T19:00,2026-03-26T19:00:00+00:00,11.1,25
London,2026-03-18T18:05:40.146557+00:00,2026-03-26T20:00,2026-03-26T20:00:00+00:00,10.2,24
London,2026-03-18T18:05:40.146557+00:00,2026-03-26T21:00,2026-03-26T21:00:00+00:00,9.2,23
London,2026-03-18T18:05:40.146557+00:00,2026-03-26T22:00,2026-03-26T22:00:00+00:00,8.2,22
London,2026-03-18T18:05:40.146557+00:00,2026-03-26T23:00,2026-03-26T23:00:00+00:00,7.2,21
London,2026-03-18T18:05:40.146557+00:00,2026-03-27T00:00,2026-03-27T00:00:00+00:00,6.5,20
London,2026-03-18T18:05:40.146557+00:00,2026-03-27T01:00,2026-03-27T01:00:00+00:00,5.9,20
London,2026-03-18T18:05:40.146557+00:00,2026-03-27T02:00,2026-03-27T02:00:00+00:00,5.3,20
London,2026-03-18T18:05:40.146557+00:00,2026-03-27T03:00,2026-03-27T03:00:00+00:00,4.8,21
London,2026-03-18T18:05:40.146557+00:00,2026-03-27T04:00,2026-03-27T04:00:00+00:00,4.5,22
London,2026-03-18T18:05:40.146557+00:00,2026-03-27T05:00,2026-03-27T05:00:00+00:00,4.4,23
London,2026-03-18T18:05:40.146557+00:00,2026-03-27T06:00,2026-03-27T06:00:00+00:00,4.6,24
London,2026-03-18T18:05:40.146557+00:00,2026-03-27T07:00,2026-03-27T07:00:00+00:00,5.1,26
London,2026-03-18T18:05:40.146557+00:00,2026-03-27T08:00,2026-03-27T08:00:00+00:00,6.1,27
London,2026-03-18T18:05:40.146557+00:00,2026-03-27T09:00,2026-03-27T09:00:00+00:00,7.2,29
London,2026-03-18T18:05:40.146557+00:00,2026-03-27T10:00,2026-03-27T10:00:00+00:00,8.4,31
London,2026-03-18T18:05:40.146557+00:00,2026-03-27T11:00,2026-03-27T11:00:00+00:00,9.4,32
London,2026-03-18T18:05:40.146557+00:00,2026-03-27T12:00,2026-03-27T12:00:00+00:00,10.1,33
London,2026-03-18T18:05:40.146557+00:00,2026-03-27T13:00,2026-03-27T13:00:00+00:00,10.4,34
London,2026-03-18T18:05:40.146557+00:00,2026-03-27T14:00,2026-03-27T14:00:00+00:00,10.6,34
London,2026-03-18T18:05:40.146557+00:00,2026-03-27T15:00,2026-03-27T15:00:00+00:00,10.5,34
London,2026-03-18T18:05:40.146557+00:00,2026-03-27T16:00,2026-03-27T16:00:00+00:00,10.3,33
London,2026-03-18T18:05:40.146557+00:00,2026-03-27T17:00,2026-03-27T17:00:00+00:00,10.1,33
London,2026-03-18T18:05:40.146557+00:00,2026-03-27T18:00,2026-03-27T18:00:00+00:00,9.8,31
London,2026-03-18T18:05:40.146557+00:00,2026-03-27T19:00,2026-03-27T19:00:00+00:00,9.4,29
London,2026-03-18T18:05:40.146557+00:00,2026-03-27T20:00,2026-03-27T20:00:00+00:00,8.8,26
London,2026-03-18T18:05:40.146557+00:00,2026-03-27T21:00,2026-03-27T21:00:00+00:00,8.2,23
London,2026-03-18T18:05:40.146557+00:00,2026-03-27T22:00,2026-03-27T22:00:00+00:00,7.6,20
London,2026-03-18T18:05:40.146557+00:00,2026-03-27T23:00,2026-03-27T23:00:00+00:00,6.9,18
London,2026-03-18T18:05:40.146557+00:00,2026-03-28T00:00,2026-03-28T00:00:00+00:00,6.5,16
London,2026-03-18T18:05:40.146557+00:00,2026-03-28T01:00,2026-03-28T01:00:00+00:00,6.1,16
London,2026-03-18T18:05:40.146557+00:00,2026-03-28T02:00,2026-03-28T02:00:00+00:00,5.7,16
London,2026-03-18T18:05:40.146557+00:00,2026-03-28T03:00,2026-03-28T03:00:00+00:00,5.3,17
London,2026-03-18T18:05:40.146557+00:00,2026-03-28T04:00,2026-03-28T04:00:00+00:00,5.1,18
London,2026-03-18T18:05:40.146557+00:00,2026-03-28T05:00,2026-03-28T05:00:00+00:00,5.0,19
London,2026-03-18T18:05:40.146557+00:00,2026-03-28T06:00,2026-03-28T06:00:00+00:00,5.2,20
London,2026-03-18T18:05:40.146557+00:00,2026-03-28T07:00,2026-03-28T07:00:00+00:00,5.8,20
London,2026-03-18T18:05:40.146557+00:00,2026-03-28T08:00,2026-03-28T08:00:00+00:00,6.8,19
London,2026-03-18T18:05:40.146557+00:00,2026-03-28T09:00,2026-03-28T09:00:00+00:00,8.0,18
London,2026-03-18T18:05:40.146557+00:00,2026-03-28T10:00,2026-03-28T10:00:00+00:00,9.2,17
London,2026-03-18T18:05:40.146557+00:00,2026-03-28T11:00,2026-03-28T11:00:00+00:00,10.2,16
London,2026-03-18T18:05:40.146557+00:00,2026-03-28T12:00,2026-03-28T12:00:00+00:00,10.9,16
London,2026-03-18T18:05:40.146557+00:00,2026-03-28T13:00,2026-03-28T13:00:00+00:00,11.2,17
London,2026-03-18T18:05:40.146557+00:00,2026-03-28T14:00,2026-03-28T14:00:00+00:00,11.4,19
London,2026-03-18T18:05:40.146557+00:00,2026-03-28T15:00,2026-03-28T15:00:00+00:00,11.4,21
London,2026-03-18T18:05:40.146557+00:00,2026-03-28T16:00,2026-03-28T16:00:00+00:00,11.2,23
London,2026-03-18T18:05:40.146557+00:00,2026-03-28T17:00,2026-03-28T17:00:00+00:00,11.0,24
London,2026-03-18T18:05:40.146557+00:00,2026-03-28T18:00,2026-03-28T18:00:00+00:00,10.7,25
London,2026-03-18T18:05:40.146557+00:00,2026-03-28T19:00,2026-03-28T19:00:00+00:00,10.2,24
London,2026-03-18T18:05:40.146557+00:00,2026-03-28T20:00,2026-03-28T20:00:00+00:00,9.6,23
London,2026-03-18T18:05:40.146557+00:00,2026-03-28T21:00,2026-03-28T21:00:00+00:00,8.9,21
London,2026-03-18T18:05:40.146557+00:00,2026-03-28T22:00,2026-03-28T22:00:00+00:00,8.2,19
London,2026-03-18T18:05:40.146557+00:00,2026-03-28T23:00,2026-03-28T23:00:00+00:00,7.6,17
London,2026-03-18T18:05:40.146557+00:00,2026-03-29T00:00,2026-03-29T00:00:00+00:00,7.1,16
London,2026-03-18T18:05:40.146557+00:00,2026-03-29T01:00,2026-03-29T01:00:00+00:00,6.6,15
London,2026-03-18T18:05:40.146557+00:00,2026-03-29T02:00,2026-03-29T01:00:00+00:00,6.2,15
London,2026-03-18T18:05:40.146557+00:00,2026-03-29T03:00,2026-03-29T02:00:00+00:00,5.8,14
London,2026-03-18T18:05:40.146557+00:00,2026-03-29T04:00,2026-03-29T03:00:00+00:00,5.6,13
London,2026-03-18T18:05:40.146557+00:00,2026-03-29T05:00,2026-03-29T04:00:00+00:00,5.6,13
London,2026-03-18T18:05:40.146557+00:00,2026-03-29T06:00,2026-03-29T05:00:00+00:00,5.8,12
London,2026-03-18T18:05:40.146557+00:00,2026-03-29T07:00,2026-03-29T06:00:00+00:00,6.5,11
London,2026-03-18T18:05:40.146557+00:00,2026-03-29T08:00,2026-03-29T07:00:00+00:00,7.6,11
London,2026-03-18T18:05:40.146557+00:00,2026-03-29T09:00,2026-03-29T08:00:00+00:00,8.9,10
London,2026-03-18T18:05:40.146557+00:00,2026-03-29T10:00,2026-03-29T09:00:00+00:00,10.2,10
London,2026-03-18T18:05:40.146557+00:00,2026-03-29T11:00,2026-03-29T10:00:00+00:00,11.4,9
London,2026-03-18T18:05:40.146557+00:00,2026-03-29T12:00,2026-03-29T11:00:00+00:00,12.1,10
London,2026-03-18T18:05:40.146557+00:00,2026-03-29T13:00,2026-03-29T12:00:00+00:00,12.6,12
London,2026-03-18T18:05:40.146557+00:00,2026-03-29T14:00,2026-03-29T13:00:00+00:00,12.7,16
London,2026-03-18T18:05:40.146557+00:00,2026-03-29T15:00,2026-03-29T14:00:00+00:00,12.6,19
London,2026-03-18T18:05:40.146557+00:00,2026-03-29T16:00,2026-03-29T15:00:00+00:00,12.5,22
London,2026-03-18T18:05:40.146557+00:00,2026-03-29T17:00,2026-03-29T16:00:00+00:00,12.2,25
London,2026-03-18T18:05:40.146557+00:00,2026-03-29T18:00,2026-03-29T17:00:00+00:00,12.1,27
London,2026-03-18T18:05:40.146557+00:00,2026-03-29T19:00,2026-03-29T18:00:00+00:00,11.8,26
London,2026-03-18T18:05:40.146557+00:00,2026-03-29T20:00,2026-03-29T19:00:00+00:00,11.4,24
London,2026-03-18T18:05:40.146557+00:00,2026-03-29T21:00,2026-03-29T20:00:00+00:00,11.0,22
London,2026-03-18T18:05:40.146557+00:00,2026-03-29T22:00,2026-03-29T21:00:00+00:00,10.6,19
London,2026-03-18T18:05:40.146557+00:00,2026-03-29T23:00,2026-03-29T22:00:00+00:00,10.1,17
London,2026-03-18T18:05:40.146557+00:00,2026-03-30T00:00,2026-03-29T23:00:00+00:00,9.7,14
London,2026-03-18T18:05:40.146557+00:00,2026-03-30T01:00,2026-03-30T00:00:00+00:00,9.3,12
London,2026-03-18T18:05:40.146557+00:00,2026-03-30T02:00,2026-03-30T01:00:00+00:00,8.8,10
London,2026-03-18T18:05:40.146557+00:00,2026-03-30T03:00,2026-03-30T02:00:00+00:00,8.3,9
London,2026-03-18T18:05:40.146557+00:00,2026-03-30T04:00,2026-03-30T03:00:00+00:00,7.9,8
London,2026-03-18T18:05:40.146557+00:00,2026-03-30T05:00,2026-03-30T04:00:00+00:00,7.7,8
London,2026-03-18T18:05:40.146557+00:00,2026-03-30T06:00,2026-03-30T05:00:00+00:00,7.8,8
London,2026-03-18T18:05:40.146557+00:00,2026-03-30T07:00,2026-03-30T06:00:00+00:00,8.1,9
London,2026-03-18T18:05:40.146557+00:00,2026-03-30T08:00,2026-03-30T07:00:00+00:00,8.9,11
London,2026-03-18T18:05:40.146557+00:00,2026-03-30T09:00,2026-03-30T08:00:00+00:00,9.8,13
London,2026-03-18T18:05:40.146557+00:00,2026-03-30T10:00,2026-03-30T09:00:00+00:00,10.7,15
London,2026-03-18T18:05:40.146557+00:00,2026-03-30T11:00,2026-03-30T10:00:00+00:00,11.5,18
London,2026-03-18T18:05:40.146557+00:00,2026-03-30T12:00,2026-03-30T11:00:00+00:00,12.1,20
London,2026-03-18T18:05:40.146557+00:00,2026-03-30T13:00,2026-03-30T12:00:00+00:00,12.4,21
London,2026-03-18T18:05:40.146557+00:00,2026-03-30T14:00,2026-03-30T13:00:00+00:00,12.5,22
London,2026-03-18T18:05:40.146557+00:00,2026-03-30T15:00,2026-03-30T14:00:00+00:00,12.5,23
London,2026-03-18T18:05:40.146557+00:00,2026-03-30T16:00,2026-03-30T15:00:00+00:00,12.4,24
London,2026-03-18T18:05:40.146557+00:00,2026-03-30T17:00,2026-03-30T16:00:00+00:00,12.4,24
London,2026-03-18T18:05:40.146557+00:00,2026-03-30T18:00,2026-03-30T17:00:00+00:00,12.2,24
London,2026-03-18T18:05:40.146557+00:00,2026-03-30T19:00,2026-03-30T18:00:00+00:00,12.0,23
London,2026-03-18T18:05:40.146557+00:00,2026-03-30T20:00,2026-03-30T19:00:00+00:00,11.6,22
London,2026-03-18T18:05:40.146557+00:00,2026-03-30T21:00,2026-03-30T20:00:00+00:00,11.3,20
London,2026-03-18T18:05:40.146557+00:00,2026-03-30T22:00,2026-03-30T21:00:00+00:00,10.9,18
London,2026-03-18T18:05:40.146557+00:00,2026-03-30T23:00,2026-03-30T22:00:00+00:00,10.5,16
London,2026-03-18T18:05:40.146557+00:00,2026-03-31T00:00,2026-03-30T23:00:00+00:00,10.2,14
London,2026-03-18T18:05:40.146557+00:00,2026-03-31T01:00,2026-03-31T00:00:00+00:00,9.9,12
London,2026-03-18T18:05:40.146557+00:00,2026-03-31T02:00,2026-03-31T01:00:00+00:00,9.6,11
London,2026-03-18T18:05:40.146557+00:00,2026-03-31T03:00,2026-03-31T02:00:00+00:00,9.2,10
London,2026-03-18T18:05:40.146557+00:00,2026-03-31T04:00,2026-03-31T03:00:00+00:00,9.0,9
London,2026-03-18T18:05:40.146557+00:00,2026-03-31T05:00,2026-03-31T04:00:00+00:00,8.9,8
London,2026-03-18T18:05:40.146557+00:00,2026-03-31T06:00,2026-03-31T05:00:00+00:00,9.1,8
London,2026-03-18T18:05:40.146557+00:00,2026-03-31T07:00,2026-03-31T06:00:00+00:00,9.5,8
London,2026-03-18T18:05:40.146557+00:00,2026-03-31T08:00,2026-03-31T07:00:00+00:00,10.2,9
London,2026-03-18T18:05:40.146557+00:00,2026-03-31T09:00,2026-03-31T08:00:00+00:00,11.1,10
London,2026-03-18T18:05:40.146557+00:00,2026-03-31T10:00,2026-03-31T09:00:00+00:00,11.9,11
London,2026-03-18T18:05:40.146557+00:00,2026-03-31T11:00,2026-03-31T10:00:00+00:00,12.7,12
London,2026-03-18T18:05:40.146557+00:00,2026-03-31T12:00,2026-03-31T11:00:00+00:00,13.2,14
London,2026-03-18T18:05:40.146557+00:00,2026-03-31T13:00,2026-03-31T12:00:00+00:00,13.4,16
London,2026-03-18T18:05:40.146557+00:00,2026-03-31T14:00,2026-03-31T13:00:00+00:00,13.4,19
London,2026-03-18T18:05:40.146557+00:00,2026-03-31T15:00,2026-03-31T14:00:00+00:00,13.4,22
London,2026-03-18T18:05:40.146557+00:00,2026-03-31T16:00,2026-03-31T15:00:00+00:00,13.2,24
London,2026-03-18T18:05:40.146557+00:00,2026-03-31T17:00,2026-03-31T16:00:00+00:00,12.9,26
London,2026-03-18T18:05:40.146557+00:00,2026-03-31T18:00,2026-03-31T17:00:00+00:00,12.6,27
London,2026-03-18T18:05:40.146557+00:00,2026-03-31T19:00,2026-03-31T18:00:00+00:00,12.1,26
London,2026-03-18T18:05:40.146557+00:00,2026-03-31T20:00,2026-03-31T19:00:00+00:00,11.4,23
London,2026-03-18T18:05:40.146557+00:00,2026-03-31T21:00,2026-03-31T20:00:00+00:00,10.6,21
London,2026-03-18T18:05:40.146557+00:00,2026-03-31T22:00,2026-03-31T21:00:00+00:00,9.8,19
London,2026-03-18T18:05:40.146557+00:00,2026-03-31T23:00,2026-03-31T22:00:00+00:00,9.1,16
London,2026-03-18T18:05:40.146557+00:00,2026-04-01T00:00,2026-03-31T23:00:00+00:00,8.8,14
London,2026-03-18T18:05:40.146557+00:00,2026-04-01T01:00,2026-04-01T00:00:00+00:00,8.6,13
London,2026-03-18T18:05:40.146557+00:00,2026-04-01T02:00,2026-04-01T01:00:00+00:00,8.6,12
London,2026-03-18T18:05:40.146557+00:00,2026-04-01T03:00,2026-04-01T02:00:00+00:00,8.9,12
London,2026-03-18T18:05:40.146557+00:00,2026-04-01T04:00,2026-04-01T03:00:00+00:00,9.1,12
London,2026-03-18T18:05:40.146557+00:00,2026-04-01T05:00,2026-04-01T04:00:00+00:00,9.4,12
London,2026-03-18T18:05:40.146557+00:00,2026-04-01T06:00,2026-04-01T05:00:00+00:00,9.6,12
London,2026-03-18T18:05:40.146557+00:00,2026-04-01T07:00,2026-04-01T06:00:00+00:00,9.9,11
London,2026-03-18T18:05:40.146557+00:00,2026-04-01T08:00,2026-04-01T07:00:00+00:00,10.3,11
London,2026-03-18T18:05:40.146557+00:00,2026-04-01T09:00,2026-04-01T08:00:00+00:00,10.6,10
London,2026-03-18T18:05:40.146557+00:00,2026-04-01T10:00,2026-04-01T09:00:00+00:00,11.0,10
London,2026-03-18T18:05:40.146557+00:00,2026-04-01T11:00,2026-04-01T10:00:00+00:00,11.3,9
London,2026-03-18T18:05:40.146557+00:00,2026-04-01T12:00,2026-04-01T11:00:00+00:00,11.5,10
London,2026-03-18T18:05:40.146557+00:00,2026-04-01T13:00,2026-04-01T12:00:00+00:00,11.6,12
London,2026-03-18T18:05:40.146557+00:00,2026-04-01T14:00,2026-04-01T13:00:00+00:00,11.7,15
London,2026-03-18T18:05:40.146557+00:00,2026-04-01T15:00,2026-04-01T14:00:00+00:00,11.7,17
London,2026-03-18T18:05:40.146557+00:00,2026-04-01T16:00,2026-04-01T15:00:00+00:00,11.6,19
London,2026-03-18T18:05:40.146557+00:00,2026-04-01T17:00,2026-04-01T16:00:00+00:00,11.4,21
London,2026-03-18T18:05:40.146557+00:00,2026-04-01T18:00,2026-04-01T17:00:00+00:00,11.0,22
London,2026-03-18T18:05:40.146557+00:00,2026-04-01T19:00,2026-04-01T18:00:00+00:00,10.4,21
London,2026-03-18T18:05:40.146557+00:00,2026-04-01T20:00,2026-04-01T19:00:00+00:00,9.4,19
London,2026-03-18T18:05:40.146557+00:00,2026-04-01T21:00,2026-04-01T20:00:00+00:00,8.4,17
London,2026-03-18T18:05:40.146557+00:00,2026-04-01T22:00,2026-04-01T21:00:00+00:00,7.2,14
London,2026-03-18T18:05:40.146557+00:00,2026-04-01T23:00,2026-04-01T22:00:00+00:00,6.2,11
London,2026-03-18T18:05:40.146557+00:00,2026-04-02T00:00,2026-04-01T23:00:00+00:00,5.1,8
London,2026-03-18T18:05:40.146557+00:00,2026-04-02T01:00,2026-04-02T00:00:00+00:00,4.3,4
London,2026-03-18T18:05:40.146557+00:00,2026-04-02T02:00,2026-04-02T01:00:00+00:00,3.7,2
London,2026-03-18T18:05:40.146557+00:00,2026-04-02T03:00,2026-04-02T02:00:00+00:00,3.1,0
London,2026-03-18T18:05:40.146557+00:00,2026-04-02T04:00,2026-04-02T03:00:00+00:00,3.2,1
London,2026-03-18T18:05:40.146557+00:00,2026-04-02T05:00,2026-04-02T04:00:00+00:00,3.4,2
London,2026-03-18T18:05:40.146557+00:00,2026-04-02T06:00,2026-04-02T05:00:00+00:00,3.9,3
London,2026-03-18T18:05:40.146557+00:00,2026-04-02T07:00,2026-04-02T06:00:00+00:00,4.7,5
London,2026-03-18T18:05:40.146557+00:00,2026-04-02T08:00,2026-04-02T07:00:00+00:00,5.7,8
London,2026-03-18T18:05:40.146557+00:00,2026-04-02T09:00,2026-04-02T08:00:00+00:00,6.7,10
London,2026-03-18T18:05:40.146557+00:00,2026-04-02T10:00,2026-04-02T09:00:00+00:00,7.4,12
London,2026-03-18T18:05:40.146557+00:00,2026-04-02T11:00,2026-04-02T10:00:00+00:00,8.0,14
London,2026-03-18T18:05:40.146557+00:00,2026-04-02T12:00,2026-04-02T11:00:00+00:00,8.5,16
London,2026-03-18T18:05:40.146557+00:00,2026-04-02T13:00,2026-04-02T12:00:00+00:00,8.9,17
London,2026-03-18T18:05:40.146557+00:00,2026-04-02T14:00,2026-04-02T13:00:00+00:00,9.2,18
London,2026-03-18T18:05:40.146557+00:00,2026-04-02T15:00,2026-04-02T14:00:00+00:00,9.4,19
London,2026-03-18T18:05:40.146557+00:00,2026-04-02T16:00,2026-04-02T15:00:00+00:00,9.5,19
London,2026-03-18T18:05:40.146557+00:00,2026-04-02T17:00,2026-04-02T16:00:00+00:00,9.6,19
London,2026-03-18T18:05:40.146557+00:00,2026-04-02T18:00,2026-04-02T17:00:00+00:00,9.7,19
London,2026-03-18T18:05:40.146557+00:00,2026-04-02T19:00,2026-04-02T18:00:00+00:00,9.6,18
London,2026-03-18T18:05:40.146557+00:00,2026-04-02T20:00,2026-04-02T19:00:00+00:00,9.5,17
London,2026-03-18T18:05:40.146557+00:00,2026-04-02T21:00,2026-04-02T20:00:00+00:00,9.4,15
London,2026-03-18T18:05:40.146557+00:00,2026-04-02T22:00,2026-04-02T21:00:00+00:00,9.1,13
London,2026-03-18T18:05:40.146557+00:00,2026-04-02T23:00,2026-04-02T22:00:00+00:00,8.8,11
London,2026-03-18T18:19:11.594631+00:00,2026-03-18T00:00,2026-03-18T00:00:00+00:00,11.0,0
London,2026-03-18T18:19:11.594631+00:00,2026-03-18T01:00,2026-03-18T01:00:00+00:00,10.7,0
London,2026-03-18T18:19:11.594631+00:00,2026-03-18T02:00,2026-03-18T02:00:00+00:00,10.3,0
London,2026-03-18T18:19:11.594631+00:00,2026-03-18T03:00,2026-03-18T03:00:00+00:00,10.0,0
London,2026-03-18T18:19:11.594631+00:00,2026-03-18T04:00,2026-03-18T04:00:00+00:00,9.7,0
London,2026-03-18T18:19:11.594631+00:00,2026-03-18T05:00,2026-03-18T05:00:00+00:00,9.2,0
London,2026-03-18T18:19:11.594631+00:00,2026-03-18T06:00,2026-03-18T06:00:00+00:00,9.0,0
London,2026-03-18T18:19:11.594631+00:00,2026-03-18T07:00,2026-03-18T07:00:00+00:00,9.1,0
London,2026-03-18T18:19:11.594631+00:00,2026-03-18T08:00,2026-03-18T08:00:00+00:00,10.5,0
London,2026-03-18T18:19:11.594631+00:00,2026-03-18T09:00,2026-03-18T09:00:00+00:00,11.9,0
London,2026-03-18T18:19:11.594631+00:00,2026-03-18T10:00,2026-03-18T10:00:00+00:00,14.1,0
London,2026-03-18T18:19:11.594631+00:00,2026-03-18T11:00,2026-03-18T11:00:00+00:00,15.9,0
London,2026-03-18T18:19:11.594631+00:00,2026-03-18T12:00,2026-03-18T12:00:00+00:00,17.2,0
London,2026-03-18T18:19:11.594631+00:00,2026-03-18T13:00,2026-03-18T13:00:00+00:00,18.3,0
London,2026-03-18T18:19:11.594631+00:00,2026-03-18T14:00,2026-03-18T14:00:00+00:00,18.7,0
London,2026-03-18T18:19:11.594631+00:00,2026-03-18T15:00,2026-03-18T15:00:00+00:00,18.4,0
London,2026-03-18T18:19:11.594631+00:00,2026-03-18T16:00,2026-03-18T16:00:00+00:00,17.6,0
London,2026-03-18T18:19:11.594631+00:00,2026-03-18T17:00,2026-03-18T17:00:00+00:00,16.3,0
London,2026-03-18T18:19:11.594631+00:00,2026-03-18T18:00,2026-03-18T18:00:00+00:00,14.9,0
London,2026-03-18T18:19:11.594631+00:00,2026-03-18T19:00,2026-03-18T19:00:00+00:00,13.8,0
London,2026-03-18T18:19:11.594631+00:00,2026-03-18T20:00,2026-03-18T20:00:00+00:00,12.7,0
London,2026-03-18T18:19:11.594631+00:00,2026-03-18T21:00,2026-03-18T21:00:00+00:00,11.9,0
London,2026-03-18T18:19:11.594631+00:00,2026-03-18T22:00,2026-03-18T22:00:00+00:00,11.4,0
London,2026-03-18T18:19:11.594631+00:00,2026-03-18T23:00,2026-03-18T23:00:00+00:00,11.0,0
London,2026-03-18T18:19:11.594631+00:00,2026-03-19T00:00,2026-03-19T00:00:00+00:00,10.6,0
London,2026-03-18T18:19:11.594631+00:00,2026-03-19T01:00,2026-03-19T01:00:00+00:00,10.4,0
London,2026-03-18T18:19:11.594631+00:00,2026-03-19T02:00,2026-03-19T02:00:00+00:00,10.0,0
London,2026-03-18T18:19:11.594631+00:00,2026-03-19T03:00,2026-03-19T03:00:00+00:00,9.6,0
London,2026-03-18T18:19:11.594631+00:00,2026-03-19T04:00,2026-03-19T04:00:00+00:00,9.1,0
London,2026-03-18T18:19:11.594631+00:00,2026-03-19T05:00,2026-03-19T05:00:00+00:00,8.6,0
London,2026-03-18T18:19:11.594631+00:00,2026-03-19T06:00,2026-03-19T06:00:00+00:00,8.1,0
London,2026-03-18T18:19:11.594631+00:00,2026-03-19T07:00,2026-03-19T07:00:00+00:00,8.0,0
London,2026-03-18T18:19:11.594631+00:00,2026-03-19T08:00,2026-03-19T08:00:00+00:00,8.7,0
London,2026-03-18T18:19:11.594631+00:00,2026-03-19T09:00,2026-03-19T09:00:00+00:00,10.0,0
London,2026-03-18T18:19:11.594631+00:00,2026-03-19T10:00,2026-03-19T10:00:00+00:00,11.5,0
London,2026-03-18T18:19:11.594631+00:00,2026-03-19T11:00,2026-03-19T11:00:00+00:00,13.3,0
London,2026-03-18T18:19:11.594631+00:00,2026-03-19T12:00,2026-03-19T12:00:00+00:00,14.7,0
London,2026-03-18T18:19:11.594631+00:00,2026-03-19T13:00,2026-03-19T13:00:00+00:00,15.8,0
London,2026-03-18T18:19:11.594631+00:00,2026-03-19T14:00,2026-03-19T14:00:00+00:00,16.3,0
London,2026-03-18T18:19:11.594631+00:00,2026-03-19T15:00,2026-03-19T15:00:00+00:00,16.4,0
London,2026-03-18T18:19:11.594631+00:00,2026-03-19T16:00,2026-03-19T16:00:00+00:00,16.2,0
London,2026-03-18T18:19:11.594631+00:00,2026-03-19T17:00,2026-03-19T17:00:00+00:00,15.5,0
London,2026-03-18T18:19:11.594631+00:00,2026-03-19T18:00,2026-03-19T18:00:00+00:00,14.4,0
London,2026-03-18T18:19:11.594631+00:00,2026-03-19T19:00,2026-03-19T19:00:00+00:00,13.4,0
London,2026-03-18T18:19:11.594631+00:00,2026-03-19T20:00,2026-03-19T20:00:00+00:00,12.6,0
London,2026-03-18T18:19:11.594631+00:00,2026-03-19T21:00,2026-03-19T21:00:00+00:00,11.8,0
London,2026-03-18T18:19:11.594631+00:00,2026-03-19T22:00,2026-03-19T22:00:00+00:00,11.0,0
London,2026-03-18T18:19:11.594631+00:00,2026-03-19T23:00,2026-03-19T23:00:00+00:00,10.4,0
London,2026-03-18T18:19:11.594631+00:00,2026-03-20T00:00,2026-03-20T00:00:00+00:00,9.8,0
London,2026-03-18T18:19:11.594631+00:00,2026-03-20T01:00,2026-03-20T01:00:00+00:00,9.3,0
London,2026-03-18T18:19:11.594631+00:00,2026-03-20T02:00,2026-03-20T02:00:00+00:00,8.8,0
London,2026-03-18T18:19:11.594631+00:00,2026-03-20T03:00,2026-03-20T03:00:00+00:00,8.3,0
London,2026-03-18T18:19:11.594631+00:00,2026-03-20T04:00,2026-03-20T04:00:00+00:00,7.8,0
London,2026-03-18T18:19:11.594631+00:00,2026-03-20T05:00,2026-03-20T05:00:00+00:00,7.4,0
London,2026-03-18T18:19:11.594631+00:00,2026-03-20T06:00,2026-03-20T06:00:00+00:00,7.0,0
London,2026-03-18T18:19:11.594631+00:00,2026-03-20T07:00,2026-03-20T07:00:00+00:00,7.0,0
London,2026-03-18T18:19:11.594631+00:00,2026-03-20T08:00,2026-03-20T08:00:00+00:00,7.8,0
London,2026-03-18T18:19:11.594631+00:00,2026-03-20T09:00,2026-03-20T09:00:00+00:00,9.1,0
London,2026-03-18T18:19:11.594631+00:00,2026-03-20T10:00,2026-03-20T10:00:00+00:00,10.6,0
London,2026-03-18T18:19:11.594631+00:00,2026-03-20T11:00,2026-03-20T11:00:00+00:00,12.3,0
London,2026-03-18T18:19:11.594631+00:00,2026-03-20T12:00,2026-03-20T12:00:00+00:00,13.8,0
London,2026-03-18T18:19:11.594631+00:00,2026-03-20T13:00,2026-03-20T13:00:00+00:00,15.1,0
London,2026-03-18T18:19:11.594631+00:00,2026-03-20T14:00,2026-03-20T14:00:00+00:00,15.8,0
London,2026-03-18T18:19:11.594631+00:00,2026-03-20T15:00,2026-03-20T15:00:00+00:00,16.2,0
London,2026-03-18T18:19:11.594631+00:00,2026-03-20T16:00,2026-03-20T16:00:00+00:00,15.5,0
London,2026-03-18T18:19:11.594631+00:00,2026-03-20T17:00,2026-03-20T17:00:00+00:00,14.5,0
London,2026-03-18T18:19:11.594631+00:00,2026-03-20T18:00,2026-03-20T18:00:00+00:00,13.7,0
London,2026-03-18T18:19:11.594631+00:00,2026-03-20T19:00,2026-03-20T19:00:00+00:00,13.2,0
London,2026-03-18T18:19:11.594631+00:00,2026-03-20T20:00,2026-03-20T20:00:00+00:00,12.1,0
London,2026-03-18T18:19:11.594631+00:00,2026-03-20T21:00,2026-03-20T21:00:00+00:00,11.1,0
London,2026-03-18T18:19:11.594631+00:00,2026-03-20T22:00,2026-03-20T22:00:00+00:00,10.3,0
London,2026-03-18T18:19:11.594631+00:00,2026-03-20T23:00,2026-03-20T23:00:00+00:00,9.6,0
London,2026-03-18T18:19:11.594631+00:00,2026-03-21T00:00,2026-03-21T00:00:00+00:00,8.9,0
London,2026-03-18T18:19:11.594631+00:00,2026-03-21T01:00,2026-03-21T01:00:00+00:00,8.3,0
London,2026-03-18T18:19:11.594631+00:00,2026-03-21T02:00,2026-03-21T02:00:00+00:00,7.7,0
London,2026-03-18T18:19:11.594631+00:00,2026-03-21T03:00,2026-03-21T03:00:00+00:00,7.2,0
London,2026-03-18T18:19:11.594631+00:00,2026-03-21T04:00,2026-03-21T04:00:00+00:00,6.5,0
London,2026-03-18T18:19:11.594631+00:00,2026-03-21T05:00,2026-03-21T05:00:00+00:00,5.9,0
London,2026-03-18T18:19:11.594631+00:00,2026-03-21T06:00,2026-03-21T06:00:00+00:00,5.6,0
London,2026-03-18T18:19:11.594631+00:00,2026-03-21T07:00,2026-03-21T07:00:00+00:00,5.7,0
London,2026-03-18T18:19:11.594631+00:00,2026-03-21T08:00,2026-03-21T08:00:00+00:00,6.1,0
London,2026-03-18T18:19:11.594631+00:00,2026-03-21T09:00,2026-03-21T09:00:00+00:00,6.9,0
London,2026-03-18T18:19:11.594631+00:00,2026-03-21T10:00,2026-03-21T10:00:00+00:00,8.3,0
London,2026-03-18T18:19:11.594631+00:00,2026-03-21T11:00,2026-03-21T11:00:00+00:00,10.1,0
London,2026-03-18T18:19:11.594631+00:00,2026-03-21T12:00,2026-03-21T12:00:00+00:00,11.7,0
London,2026-03-18T18:19:11.594631+00:00,2026-03-21T13:00,2026-03-21T13:00:00+00:00,12.7,0
London,2026-03-18T18:19:11.594631+00:00,2026-03-21T14:00,2026-03-21T14:00:00+00:00,13.4,0
London,2026-03-18T18:19:11.594631+00:00,2026-03-21T15:00,2026-03-21T15:00:00+00:00,13.7,0
London,2026-03-18T18:19:11.594631+00:00,2026-03-21T16:00,2026-03-21T16:00:00+00:00,13.5,0
London,2026-03-18T18:19:11.594631+00:00,2026-03-21T17:00,2026-03-21T17:00:00+00:00,12.9,0
London,2026-03-18T18:19:11.594631+00:00,2026-03-21T18:00,2026-03-21T18:00:00+00:00,12.2,0
London,2026-03-18T18:19:11.594631+00:00,2026-03-21T19:00,2026-03-21T19:00:00+00:00,11.3,0
London,2026-03-18T18:19:11.594631+00:00,2026-03-21T20:00,2026-03-21T20:00:00+00:00,10.4,0
London,2026-03-18T18:19:11.594631+00:00,2026-03-21T21:00,2026-03-21T21:00:00+00:00,9.5,0
London,2026-03-18T18:19:11.594631+00:00,2026-03-21T22:00,2026-03-21T22:00:00+00:00,8.7,0
London,2026-03-18T18:19:11.594631+00:00,2026-03-21T23:00,2026-03-21T23:00:00+00:00,8.1,0
London,2026-03-18T18:19:11.594631+00:00,2026-03-22T00:00,2026-03-22T00:00:00+00:00,7.4,0
London,2026-03-18T18:19:11.594631+00:00,2026-03-22T01:00,2026-03-22T01:00:00+00:00,6.9,0
London,2026-03-18T18:19:11.594631+00:00,2026-03-22T02:00,2026-03-22T02:00:00+00:00,6.3,0
London,2026-03-18T18:19:11.594631+00:00,2026-03-22T03:00,2026-03-22T03:00:00+00:00,5.8,0
London,2026-03-18T18:19:11.594631+00:00,2026-03-22T04:00,2026-03-22T04:00:00+00:00,5.2,0
London,2026-03-18T18:19:11.594631+00:00,2026-03-22T05:00,2026-03-22T05:00:00+00:00,4.7,0
London,2026-03-18T18:19:11.594631+00:00,2026-03-22T06:00,2026-03-22T06:00:00+00:00,4.4,0
London,2026-03-18T18:19:11.594631+00:00,2026-03-22T07:00,2026-03-22T07:00:00+00:00,4.6,0
London,2026-03-18T18:19:11.594631+00:00,2026-03-22T08:00,2026-03-22T08:00:00+00:00,5.1,0
London,2026-03-18T18:19:11.594631+00:00,2026-03-22T09:00,2026-03-22T09:00:00+00:00,5.8,0
London,2026-03-18T18:19:11.594631+00:00,2026-03-22T10:00,2026-03-22T10:00:00+00:00,6.9,0
London,2026-03-18T18:19:11.594631+00:00,2026-03-22T11:00,2026-03-22T11:00:00+00:00,8.2,0
London,2026-03-18T18:19:11.594631+00:00,2026-03-22T12:00,2026-03-22T12:00:00+00:00,9.4,0
London,2026-03-18T18:19:11.594631+00:00,2026-03-22T13:00,2026-03-22T13:00:00+00:00,10.5,0
London,2026-03-18T18:19:11.594631+00:00,2026-03-22T14:00,2026-03-22T14:00:00+00:00,11.4,0
London,2026-03-18T18:19:11.594631+00:00,2026-03-22T15:00,2026-03-22T15:00:00+00:00,12.1,0
London,2026-03-18T18:19:11.594631+00:00,2026-03-22T16:00,2026-03-22T16:00:00+00:00,12.6,1
London,2026-03-18T18:19:11.594631+00:00,2026-03-22T17:00,2026-03-22T17:00:00+00:00,12.8,2
London,2026-03-18T18:19:11.594631+00:00,2026-03-22T18:00,2026-03-22T18:00:00+00:00,12.9,4
London,2026-03-18T18:19:11.594631+00:00,2026-03-22T19:00,2026-03-22T19:00:00+00:00,13.0,7
London,2026-03-18T18:19:11.594631+00:00,2026-03-22T20:00,2026-03-22T20:00:00+00:00,13.0,10
London,2026-03-18T18:19:11.594631+00:00,2026-03-22T21:00,2026-03-22T21:00:00+00:00,12.8,12
London,2026-03-18T18:19:11.594631+00:00,2026-03-22T22:00,2026-03-22T22:00:00+00:00,12.2,11
London,2026-03-18T18:19:11.594631+00:00,2026-03-22T23:00,2026-03-22T23:00:00+00:00,11.4,8
London,2026-03-18T18:19:11.594631+00:00,2026-03-23T00:00,2026-03-23T00:00:00+00:00,10.8,6
London,2026-03-18T18:19:11.594631+00:00,2026-03-23T01:00,2026-03-23T01:00:00+00:00,10.3,6
London,2026-03-18T18:19:11.594631+00:00,2026-03-23T02:00,2026-03-23T02:00:00+00:00,10.0,7
London,2026-03-18T18:19:11.594631+00:00,2026-03-23T03:00,2026-03-23T03:00:00+00:00,9.7,8
London,2026-03-18T18:19:11.594631+00:00,2026-03-23T04:00,2026-03-23T04:00:00+00:00,9.3,9
London,2026-03-18T18:19:11.594631+00:00,2026-03-23T05:00,2026-03-23T05:00:00+00:00,9.0,10
London,2026-03-18T18:19:11.594631+00:00,2026-03-23T06:00,2026-03-23T06:00:00+00:00,8.8,10
London,2026-03-18T18:19:11.594631+00:00,2026-03-23T07:00,2026-03-23T07:00:00+00:00,8.5,9
London,2026-03-18T18:19:11.594631+00:00,2026-03-23T08:00,2026-03-23T08:00:00+00:00,8.2,7
London,2026-03-18T18:19:11.594631+00:00,2026-03-23T09:00,2026-03-23T09:00:00+00:00,8.2,6
London,2026-03-18T18:19:11.594631+00:00,2026-03-23T10:00,2026-03-23T10:00:00+00:00,8.5,8
London,2026-03-18T18:19:11.594631+00:00,2026-03-23T11:00,2026-03-23T11:00:00+00:00,9.1,11
London,2026-03-18T18:19:11.594631+00:00,2026-03-23T12:00,2026-03-23T12:00:00+00:00,9.7,14
London,2026-03-18T18:19:11.594631+00:00,2026-03-23T13:00,2026-03-23T13:00:00+00:00,10.3,16
London,2026-03-18T18:19:11.594631+00:00,2026-03-23T14:00,2026-03-23T14:00:00+00:00,10.8,18
London,2026-03-18T18:19:11.594631+00:00,2026-03-23T15:00,2026-03-23T15:00:00+00:00,11.0,20
London,2026-03-18T18:19:11.594631+00:00,2026-03-23T16:00,2026-03-23T16:00:00+00:00,10.8,23
London,2026-03-18T18:19:11.594631+00:00,2026-03-23T17:00,2026-03-23T17:00:00+00:00,10.3,25
London,2026-03-18T18:19:11.594631+00:00,2026-03-23T18:00,2026-03-23T18:00:00+00:00,9.7,27
London,2026-03-18T18:19:11.594631+00:00,2026-03-23T19:00,2026-03-23T19:00:00+00:00,9.0,28
London,2026-03-18T18:19:11.594631+00:00,2026-03-23T20:00,2026-03-23T20:00:00+00:00,8.2,29
London,2026-03-18T18:19:11.594631+00:00,2026-03-23T21:00,2026-03-23T21:00:00+00:00,7.5,27
London,2026-03-18T18:19:11.594631+00:00,2026-03-23T22:00,2026-03-23T22:00:00+00:00,7.0,21
London,2026-03-18T18:19:11.594631+00:00,2026-03-23T23:00,2026-03-23T23:00:00+00:00,6.2,13
London,2026-03-18T18:19:11.594631+00:00,2026-03-24T00:00,2026-03-24T00:00:00+00:00,5.6,8
London,2026-03-18T18:19:11.594631+00:00,2026-03-24T01:00,2026-03-24T01:00:00+00:00,5.1,7
London,2026-03-18T18:19:11.594631+00:00,2026-03-24T02:00,2026-03-24T02:00:00+00:00,4.7,9
London,2026-03-18T18:19:11.594631+00:00,2026-03-24T03:00,2026-03-24T03:00:00+00:00,4.3,10
London,2026-03-18T18:19:11.594631+00:00,2026-03-24T04:00,2026-03-24T04:00:00+00:00,4.0,8
London,2026-03-18T18:19:11.594631+00:00,2026-03-24T05:00,2026-03-24T05:00:00+00:00,3.9,6
London,2026-03-18T18:19:11.594631+00:00,2026-03-24T06:00,2026-03-24T06:00:00+00:00,4.0,6
London,2026-03-18T18:19:11.594631+00:00,2026-03-24T07:00,2026-03-24T07:00:00+00:00,4.3,11
London,2026-03-18T18:19:11.594631+00:00,2026-03-24T08:00,2026-03-24T08:00:00+00:00,4.9,17
London,2026-03-18T18:19:11.594631+00:00,2026-03-24T09:00,2026-03-24T09:00:00+00:00,5.7,22
London,2026-03-18T18:19:11.594631+00:00,2026-03-24T10:00,2026-03-24T10:00:00+00:00,6.5,23
London,2026-03-18T18:19:11.594631+00:00,2026-03-24T11:00,2026-03-24T11:00:00+00:00,7.2,21
London,2026-03-18T18:19:11.594631+00:00,2026-03-24T12:00,2026-03-24T12:00:00+00:00,7.6,20
London,2026-03-18T18:19:11.594631+00:00,2026-03-24T13:00,2026-03-24T13:00:00+00:00,7.9,20
London,2026-03-18T18:19:11.594631+00:00,2026-03-24T14:00,2026-03-24T14:00:00+00:00,7.9,20
London,2026-03-18T18:19:11.594631+00:00,2026-03-24T15:00,2026-03-24T15:00:00+00:00,7.9,20
London,2026-03-18T18:19:11.594631+00:00,2026-03-24T16:00,2026-03-24T16:00:00+00:00,7.9,20
London,2026-03-18T18:19:11.594631+00:00,2026-03-24T17:00,2026-03-24T17:00:00+00:00,7.8,20
London,2026-03-18T18:19:11.594631+00:00,2026-03-24T18:00,2026-03-24T18:00:00+00:00,7.7,20
London,2026-03-18T18:19:11.594631+00:00,2026-03-24T19:00,2026-03-24T19:00:00+00:00,7.6,18
London,2026-03-18T18:19:11.594631+00:00,2026-03-24T20:00,2026-03-24T20:00:00+00:00,7.5,16
London,2026-03-18T18:19:11.594631+00:00,2026-03-24T21:00,2026-03-24T21:00:00+00:00,7.3,14
London,2026-03-18T18:19:11.594631+00:00,2026-03-24T22:00,2026-03-24T22:00:00+00:00,7.0,12
London,2026-03-18T18:19:11.594631+00:00,2026-03-24T23:00,2026-03-24T23:00:00+00:00,6.6,11
London,2026-03-18T18:19:11.594631+00:00,2026-03-25T00:00,2026-03-25T00:00:00+00:00,6.0,10
London,2026-03-18T18:19:11.594631+00:00,2026-03-25T01:00,2026-03-25T01:00:00+00:00,5.2,11
London,2026-03-18T18:19:11.594631+00:00,2026-03-25T02:00,2026-03-25T02:00:00+00:00,4.6,13
London,2026-03-18T18:19:11.594631+00:00,2026-03-25T03:00,2026-03-25T03:00:00+00:00,4.1,15
London,2026-03-18T18:19:11.594631+00:00,2026-03-25T04:00,2026-03-25T04:00:00+00:00,3.6,17
London,2026-03-18T18:19:11.594631+00:00,2026-03-25T05:00,2026-03-25T05:00:00+00:00,3.3,20
London,2026-03-18T18:19:11.594631+00:00,2026-03-25T06:00,2026-03-25T06:00:00+00:00,3.5,22
London,2026-03-18T18:19:11.594631+00:00,2026-03-25T07:00,2026-03-25T07:00:00+00:00,4.1,23
London,2026-03-18T18:19:11.594631+00:00,2026-03-25T08:00,2026-03-25T08:00:00+00:00,5.2,24
London,2026-03-18T18:19:11.594631+00:00,2026-03-25T09:00,2026-03-25T09:00:00+00:00,6.4,24
London,2026-03-18T18:19:11.594631+00:00,2026-03-25T10:00,2026-03-25T10:00:00+00:00,7.8,24
London,2026-03-18T18:19:11.594631+00:00,2026-03-25T11:00,2026-03-25T11:00:00+00:00,8.9,24
London,2026-03-18T18:19:11.594631+00:00,2026-03-25T12:00,2026-03-25T12:00:00+00:00,9.8,24
London,2026-03-18T18:19:11.594631+00:00,2026-03-25T13:00,2026-03-25T13:00:00+00:00,10.2,23
London,2026-03-18T18:19:11.594631+00:00,2026-03-25T14:00,2026-03-25T14:00:00+00:00,10.4,22
London,2026-03-18T18:19:11.594631+00:00,2026-03-25T15:00,2026-03-25T15:00:00+00:00,10.4,21
London,2026-03-18T18:19:11.594631+00:00,2026-03-25T16:00,2026-03-25T16:00:00+00:00,10.4,19
London,2026-03-18T18:19:11.594631+00:00,2026-03-25T17:00,2026-03-25T17:00:00+00:00,10.2,18
London,2026-03-18T18:19:11.594631+00:00,2026-03-25T18:00,2026-03-25T18:00:00+00:00,10.1,16
London,2026-03-18T18:19:11.594631+00:00,2026-03-25T19:00,2026-03-25T19:00:00+00:00,9.9,15
London,2026-03-18T18:19:11.594631+00:00,2026-03-25T20:00,2026-03-25T20:00:00+00:00,9.4,13
London,2026-03-18T18:19:11.594631+00:00,2026-03-25T21:00,2026-03-25T21:00:00+00:00,8.9,12
London,2026-03-18T18:19:11.594631+00:00,2026-03-25T22:00,2026-03-25T22:00:00+00:00,8.4,11
London,2026-03-18T18:19:11.594631+00:00,2026-03-25T23:00,2026-03-25T23:00:00+00:00,8.0,10
London,2026-03-18T18:19:11.594631+00:00,2026-03-26T00:00,2026-03-26T00:00:00+00:00,7.7,10
London,2026-03-18T18:19:11.594631+00:00,2026-03-26T01:00,2026-03-26T01:00:00+00:00,7.3,11
London,2026-03-18T18:19:11.594631+00:00,2026-03-26T02:00,2026-03-26T02:00:00+00:00,7.1,14
London,2026-03-18T18:19:11.594631+00:00,2026-03-26T03:00,2026-03-26T03:00:00+00:00,6.8,16
London,2026-03-18T18:19:11.594631+00:00,2026-03-26T04:00,2026-03-26T04:00:00+00:00,6.7,18
London,2026-03-18T18:19:11.594631+00:00,2026-03-26T05:00,2026-03-26T05:00:00+00:00,6.6,21
London,2026-03-18T18:19:11.594631+00:00,2026-03-26T06:00,2026-03-26T06:00:00+00:00,6.8,22
London,2026-03-18T18:19:11.594631+00:00,2026-03-26T07:00,2026-03-26T07:00:00+00:00,7.2,22
London,2026-03-18T18:19:11.594631+00:00,2026-03-26T08:00,2026-03-26T08:00:00+00:00,8.0,22
London,2026-03-18T18:19:11.594631+00:00,2026-03-26T09:00,2026-03-26T09:00:00+00:00,8.9,21
London,2026-03-18T18:19:11.594631+00:00,2026-03-26T10:00,2026-03-26T10:00:00+00:00,9.8,21
London,2026-03-18T18:19:11.594631+00:00,2026-03-26T11:00,2026-03-26T11:00:00+00:00,10.6,20
London,2026-03-18T18:19:11.594631+00:00,2026-03-26T12:00,2026-03-26T12:00:00+00:00,11.1,20
London,2026-03-18T18:19:11.594631+00:00,2026-03-26T13:00,2026-03-26T13:00:00+00:00,11.6,21
London,2026-03-18T18:19:11.594631+00:00,2026-03-26T14:00,2026-03-26T14:00:00+00:00,11.9,22
London,2026-03-18T18:19:11.594631+00:00,2026-03-26T15:00,2026-03-26T15:00:00+00:00,12.0,23
London,2026-03-18T18:19:11.594631+00:00,2026-03-26T16:00,2026-03-26T16:00:00+00:00,12.1,24
London,2026-03-18T18:19:11.594631+00:00,2026-03-26T17:00,2026-03-26T17:00:00+00:00,12.0,25
London,2026-03-18T18:19:11.594631+00:00,2026-03-26T18:00,2026-03-26T18:00:00+00:00,11.7,25
London,2026-03-18T18:19:11.594631+00:00,2026-03-26T19:00,2026-03-26T19:00:00+00:00,11.1,25
London,2026-03-18T18:19:11.594631+00:00,2026-03-26T20:00,2026-03-26T20:00:00+00:00,10.2,24
London,2026-03-18T18:19:11.594631+00:00,2026-03-26T21:00,2026-03-26T21:00:00+00:00,9.2,23
London,2026-03-18T18:19:11.594631+00:00,2026-03-26T22:00,2026-03-26T22:00:00+00:00,8.2,22
London,2026-03-18T18:19:11.594631+00:00,2026-03-26T23:00,2026-03-26T23:00:00+00:00,7.2,21
London,2026-03-18T18:19:11.594631+00:00,2026-03-27T00:00,2026-03-27T00:00:00+00:00,6.5,20
London,2026-03-18T18:19:11.594631+00:00,2026-03-27T01:00,2026-03-27T01:00:00+00:00,5.9,20
London,2026-03-18T18:19:11.594631+00:00,2026-03-27T02:00,2026-03-27T02:00:00+00:00,5.3,20
London,2026-03-18T18:19:11.594631+00:00,2026-03-27T03:00,2026-03-27T03:00:00+00:00,4.8,21
London,2026-03-18T18:19:11.594631+00:00,2026-03-27T04:00,2026-03-27T04:00:00+00:00,4.5,22
London,2026-03-18T18:19:11.594631+00:00,2026-03-27T05:00,2026-03-27T05:00:00+00:00,4.4,23
London,2026-03-18T18:19:11.594631+00:00,2026-03-27T06:00,2026-03-27T06:00:00+00:00,4.6,24
London,2026-03-18T18:19:11.594631+00:00,2026-03-27T07:00,2026-03-27T07:00:00+00:00,5.1,26
London,2026-03-18T18:19:11.594631+00:00,2026-03-27T08:00,2026-03-27T08:00:00+00:00,6.1,27
London,2026-03-18T18:19:11.594631+00:00,2026-03-27T09:00,2026-03-27T09:00:00+00:00,7.2,29
London,2026-03-18T18:19:11.594631+00:00,2026-03-27T10:00,2026-03-27T10:00:00+00:00,8.4,31
London,2026-03-18T18:19:11.594631+00:00,2026-03-27T11:00,2026-03-27T11:00:00+00:00,9.4,32
London,2026-03-18T18:19:11.594631+00:00,2026-03-27T12:00,2026-03-27T12:00:00+00:00,10.1,33
London,2026-03-18T18:19:11.594631+00:00,2026-03-27T13:00,2026-03-27T13:00:00+00:00,10.4,34
London,2026-03-18T18:19:11.594631+00:00,2026-03-27T14:00,2026-03-27T14:00:00+00:00,10.6,34
London,2026-03-18T18:19:11.594631+00:00,2026-03-27T15:00,2026-03-27T15:00:00+00:00,10.5,34
London,2026-03-18T18:19:11.594631+00:00,2026-03-27T16:00,2026-03-27T16:00:00+00:00,10.3,33
London,2026-03-18T18:19:11.594631+00:00,2026-03-27T17:00,2026-03-27T17:00:00+00:00,10.1,33
London,2026-03-18T18:19:11.594631+00:00,2026-03-27T18:00,2026-03-27T18:00:00+00:00,9.8,31
London,2026-03-18T18:19:11.594631+00:00,2026-03-27T19:00,2026-03-27T19:00:00+00:00,9.4,29
London,2026-03-18T18:19:11.594631+00:00,2026-03-27T20:00,2026-03-27T20:00:00+00:00,8.8,26
London,2026-03-18T18:19:11.594631+00:00,2026-03-27T21:00,2026-03-27T21:00:00+00:00,8.2,23
London,2026-03-18T18:19:11.594631+00:00,2026-03-27T22:00,2026-03-27T22:00:00+00:00,7.6,20
London,2026-03-18T18:19:11.594631+00:00,2026-03-27T23:00,2026-03-27T23:00:00+00:00,6.9,18
London,2026-03-18T18:19:11.594631+00:00,2026-03-28T00:00,2026-03-28T00:00:00+00:00,6.5,16
London,2026-03-18T18:19:11.594631+00:00,2026-03-28T01:00,2026-03-28T01:00:00+00:00,6.1,16
London,2026-03-18T18:19:11.594631+00:00,2026-03-28T02:00,2026-03-28T02:00:00+00:00,5.7,16
London,2026-03-18T18:19:11.594631+00:00,2026-03-28T03:00,2026-03-28T03:00:00+00:00,5.3,17
London,2026-03-18T18:19:11.594631+00:00,2026-03-28T04:00,2026-03-28T04:00:00+00:00,5.1,18
London,2026-03-18T18:19:11.594631+00:00,2026-03-28T05:00,2026-03-28T05:00:00+00:00,5.0,19
London,2026-03-18T18:19:11.594631+00:00,2026-03-28T06:00,2026-03-28T06:00:00+00:00,5.2,20
London,2026-03-18T18:19:11.594631+00:00,2026-03-28T07:00,2026-03-28T07:00:00+00:00,5.8,20
London,2026-03-18T18:19:11.594631+00:00,2026-03-28T08:00,2026-03-28T08:00:00+00:00,6.8,19
London,2026-03-18T18:19:11.594631+00:00,2026-03-28T09:00,2026-03-28T09:00:00+00:00,8.0,18
London,2026-03-18T18:19:11.594631+00:00,2026-03-28T10:00,2026-03-28T10:00:00+00:00,9.2,17
London,2026-03-18T18:19:11.594631+00:00,2026-03-28T11:00,2026-03-28T11:00:00+00:00,10.2,16
London,2026-03-18T18:19:11.594631+00:00,2026-03-28T12:00,2026-03-28T12:00:00+00:00,10.9,16
London,2026-03-18T18:19:11.594631+00:00,2026-03-28T13:00,2026-03-28T13:00:00+00:00,11.2,17
London,2026-03-18T18:19:11.594631+00:00,2026-03-28T14:00,2026-03-28T14:00:00+00:00,11.4,19
London,2026-03-18T18:19:11.594631+00:00,2026-03-28T15:00,2026-03-28T15:00:00+00:00,11.4,21
London,2026-03-18T18:19:11.594631+00:00,2026-03-28T16:00,2026-03-28T16:00:00+00:00,11.2,23
London,2026-03-18T18:19:11.594631+00:00,2026-03-28T17:00,2026-03-28T17:00:00+00:00,11.0,24
London,2026-03-18T18:19:11.594631+00:00,2026-03-28T18:00,2026-03-28T18:00:00+00:00,10.7,25
London,2026-03-18T18:19:11.594631+00:00,2026-03-28T19:00,2026-03-28T19:00:00+00:00,10.2,24
London,2026-03-18T18:19:11.594631+00:00,2026-03-28T20:00,2026-03-28T20:00:00+00:00,9.6,23
London,2026-03-18T18:19:11.594631+00:00,2026-03-28T21:00,2026-03-28T21:00:00+00:00,8.9,21
London,2026-03-18T18:19:11.594631+00:00,2026-03-28T22:00,2026-03-28T22:00:00+00:00,8.2,19
London,2026-03-18T18:19:11.594631+00:00,2026-03-28T23:00,2026-03-28T23:00:00+00:00,7.6,17
London,2026-03-18T18:19:11.594631+00:00,2026-03-29T00:00,2026-03-29T00:00:00+00:00,7.1,16
London,2026-03-18T18:19:11.594631+00:00,2026-03-29T01:00,2026-03-29T01:00:00+00:00,6.6,15
London,2026-03-18T18:19:11.594631+00:00,2026-03-29T02:00,2026-03-29T01:00:00+00:00,6.2,15
London,2026-03-18T18:19:11.594631+00:00,2026-03-29T03:00,2026-03-29T02:00:00+00:00,5.8,14
London,2026-03-18T18:19:11.594631+00:00,2026-03-29T04:00,2026-03-29T03:00:00+00:00,5.6,13
London,2026-03-18T18:19:11.594631+00:00,2026-03-29T05:00,2026-03-29T04:00:00+00:00,5.6,13
London,2026-03-18T18:19:11.594631+00:00,2026-03-29T06:00,2026-03-29T05:00:00+00:00,5.8,12
London,2026-03-18T18:19:11.594631+00:00,2026-03-29T07:00,2026-03-29T06:00:00+00:00,6.5,11
London,2026-03-18T18:19:11.594631+00:00,2026-03-29T08:00,2026-03-29T07:00:00+00:00,7.6,11
London,2026-03-18T18:19:11.594631+00:00,2026-03-29T09:00,2026-03-29T08:00:00+00:00,8.9,10
London,2026-03-18T18:19:11.594631+00:00,2026-03-29T10:00,2026-03-29T09:00:00+00:00,10.2,10
London,2026-03-18T18:19:11.594631+00:00,2026-03-29T11:00,2026-03-29T10:00:00+00:00,11.4,9
London,2026-03-18T18:19:11.594631+00:00,2026-03-29T12:00,2026-03-29T11:00:00+00:00,12.1,10
London,2026-03-18T18:19:11.594631+00:00,2026-03-29T13:00,2026-03-29T12:00:00+00:00,12.6,12
London,2026-03-18T18:19:11.594631+00:00,2026-03-29T14:00,2026-03-29T13:00:00+00:00,12.7,16
London,2026-03-18T18:19:11.594631+00:00,2026-03-29T15:00,2026-03-29T14:00:00+00:00,12.6,19
London,2026-03-18T18:19:11.594631+00:00,2026-03-29T16:00,2026-03-29T15:00:00+00:00,12.5,22
London,2026-03-18T18:19:11.594631+00:00,2026-03-29T17:00,2026-03-29T16:00:00+00:00,12.2,25
London,2026-03-18T18:19:11.594631+00:00,2026-03-29T18:00,2026-03-29T17:00:00+00:00,12.1,27
London,2026-03-18T18:19:11.594631+00:00,2026-03-29T19:00,2026-03-29T18:00:00+00:00,11.8,26
London,2026-03-18T18:19:11.594631+00:00,2026-03-29T20:00,2026-03-29T19:00:00+00:00,11.4,24
London,2026-03-18T18:19:11.594631+00:00,2026-03-29T21:00,2026-03-29T20:00:00+00:00,11.0,22
London,2026-03-18T18:19:11.594631+00:00,2026-03-29T22:00,2026-03-29T21:00:00+00:00,10.6,19
London,2026-03-18T18:19:11.594631+00:00,2026-03-29T23:00,2026-03-29T22:00:00+00:00,10.1,17
London,2026-03-18T18:19:11.594631+00:00,2026-03-30T00:00,2026-03-29T23:00:00+00:00,9.7,14
London,2026-03-18T18:19:11.594631+00:00,2026-03-30T01:00,2026-03-30T00:00:00+00:00,9.3,12
London,2026-03-18T18:19:11.594631+00:00,2026-03-30T02:00,2026-03-30T01:00:00+00:00,8.8,10
London,2026-03-18T18:19:11.594631+00:00,2026-03-30T03:00,2026-03-30T02:00:00+00:00,8.3,9
London,2026-03-18T18:19:11.594631+00:00,2026-03-30T04:00,2026-03-30T03:00:00+00:00,7.9,8
London,2026-03-18T18:19:11.594631+00:00,2026-03-30T05:00,2026-03-30T04:00:00+00:00,7.7,8
London,2026-03-18T18:19:11.594631+00:00,2026-03-30T06:00,2026-03-30T05:00:00+00:00,7.8,8
London,2026-03-18T18:19:11.594631+00:00,2026-03-30T07:00,2026-03-30T06:00:00+00:00,8.1,9
London,2026-03-18T18:19:11.594631+00:00,2026-03-30T08:00,2026-03-30T07:00:00+00:00,8.9,11
London,2026-03-18T18:19:11.594631+00:00,2026-03-30T09:00,2026-03-30T08:00:00+00:00,9.8,13
London,2026-03-18T18:19:11.594631+00:00,2026-03-30T10:00,2026-03-30T09:00:00+00:00,10.7,15
London,2026-03-18T18:19:11.594631+00:00,2026-03-30T11:00,2026-03-30T10:00:00+00:00,11.5,18
London,2026-03-18T18:19:11.594631+00:00,2026-03-30T12:00,2026-03-30T11:00:00+00:00,12.1,20
London,2026-03-18T18:19:11.594631+00:00,2026-03-30T13:00,2026-03-30T12:00:00+00:00,12.4,21
London,2026-03-18T18:19:11.594631+00:00,2026-03-30T14:00,2026-03-30T13:00:00+00:00,12.5,22
London,2026-03-18T18:19:11.594631+00:00,2026-03-30T15:00,2026-03-30T14:00:00+00:00,12.5,23
London,2026-03-18T18:19:11.594631+00:00,2026-03-30T16:00,2026-03-30T15:00:00+00:00,12.4,24
London,2026-03-18T18:19:11.594631+00:00,2026-03-30T17:00,2026-03-30T16:00:00+00:00,12.4,24
London,2026-03-18T18:19:11.594631+00:00,2026-03-30T18:00,2026-03-30T17:00:00+00:00,12.2,24
London,2026-03-18T18:19:11.594631+00:00,2026-03-30T19:00,2026-03-30T18:00:00+00:00,12.0,23
London,2026-03-18T18:19:11.594631+00:00,2026-03-30T20:00,2026-03-30T19:00:00+00:00,11.6,22
London,2026-03-18T18:19:11.594631+00:00,2026-03-30T21:00,2026-03-30T20:00:00+00:00,11.3,20
London,2026-03-18T18:19:11.594631+00:00,2026-03-30T22:00,2026-03-30T21:00:00+00:00,10.9,18
London,2026-03-18T18:19:11.594631+00:00,2026-03-30T23:00,2026-03-30T22:00:00+00:00,10.5,16
London,2026-03-18T18:19:11.594631+00:00,2026-03-31T00:00,2026-03-30T23:00:00+00:00,10.2,14
London,2026-03-18T18:19:11.594631+00:00,2026-03-31T01:00,2026-03-31T00:00:00+00:00,9.9,12
London,2026-03-18T18:19:11.594631+00:00,2026-03-31T02:00,2026-03-31T01:00:00+00:00,9.6,11
London,2026-03-18T18:19:11.594631+00:00,2026-03-31T03:00,2026-03-31T02:00:00+00:00,9.2,10
London,2026-03-18T18:19:11.594631+00:00,2026-03-31T04:00,2026-03-31T03:00:00+00:00,9.0,9
London,2026-03-18T18:19:11.594631+00:00,2026-03-31T05:00,2026-03-31T04:00:00+00:00,8.9,8
London,2026-03-18T18:19:11.594631+00:00,2026-03-31T06:00,2026-03-31T05:00:00+00:00,9.1,8
London,2026-03-18T18:19:11.594631+00:00,2026-03-31T07:00,2026-03-31T06:00:00+00:00,9.5,8
London,2026-03-18T18:19:11.594631+00:00,2026-03-31T08:00,2026-03-31T07:00:00+00:00,10.2,9
London,2026-03-18T18:19:11.594631+00:00,2026-03-31T09:00,2026-03-31T08:00:00+00:00,11.1,10
London,2026-03-18T18:19:11.594631+00:00,2026-03-31T10:00,2026-03-31T09:00:00+00:00,11.9,11
London,2026-03-18T18:19:11.594631+00:00,2026-03-31T11:00,2026-03-31T10:00:00+00:00,12.7,12
London,2026-03-18T18:19:11.594631+00:00,2026-03-31T12:00,2026-03-31T11:00:00+00:00,13.2,14
London,2026-03-18T18:19:11.594631+00:00,2026-03-31T13:00,2026-03-31T12:00:00+00:00,13.4,16
London,2026-03-18T18:19:11.594631+00:00,2026-03-31T14:00,2026-03-31T13:00:00+00:00,13.4,19
London,2026-03-18T18:19:11.594631+00:00,2026-03-31T15:00,2026-03-31T14:00:00+00:00,13.4,22
London,2026-03-18T18:19:11.594631+00:00,2026-03-31T16:00,2026-03-31T15:00:00+00:00,13.2,24
London,2026-03-18T18:19:11.594631+00:00,2026-03-31T17:00,2026-03-31T16:00:00+00:00,12.9,26
London,2026-03-18T18:19:11.594631+00:00,2026-03-31T18:00,2026-03-31T17:00:00+00:00,12.6,27
London,2026-03-18T18:19:11.594631+00:00,2026-03-31T19:00,2026-03-31T18:00:00+00:00,12.1,26
London,2026-03-18T18:19:11.594631+00:00,2026-03-31T20:00,2026-03-31T19:00:00+00:00,11.4,23
London,2026-03-18T18:19:11.594631+00:00,2026-03-31T21:00,2026-03-31T20:00:00+00:00,10.6,21
London,2026-03-18T18:19:11.594631+00:00,2026-03-31T22:00,2026-03-31T21:00:00+00:00,9.8,19
London,2026-03-18T18:19:11.594631+00:00,2026-03-31T23:00,2026-03-31T22:00:00+00:00,9.1,16
London,2026-03-18T18:19:11.594631+00:00,2026-04-01T00:00,2026-03-31T23:00:00+00:00,8.8,14
London,2026-03-18T18:19:11.594631+00:00,2026-04-01T01:00,2026-04-01T00:00:00+00:00,8.6,13
London,2026-03-18T18:19:11.594631+00:00,2026-04-01T02:00,2026-04-01T01:00:00+00:00,8.6,12
London,2026-03-18T18:19:11.594631+00:00,2026-04-01T03:00,2026-04-01T02:00:00+00:00,8.9,12
London,2026-03-18T18:19:11.594631+00:00,2026-04-01T04:00,2026-04-01T03:00:00+00:00,9.1,12
London,2026-03-18T18:19:11.594631+00:00,2026-04-01T05:00,2026-04-01T04:00:00+00:00,9.4,12
London,2026-03-18T18:19:11.594631+00:00,2026-04-01T06:00,2026-04-01T05:00:00+00:00,9.6,12
London,2026-03-18T18:19:11.594631+00:00,2026-04-01T07:00,2026-04-01T06:00:00+00:00,9.9,11
London,2026-03-18T18:19:11.594631+00:00,2026-04-01T08:00,2026-04-01T07:00:00+00:00,10.3,11
London,2026-03-18T18:19:11.594631+00:00,2026-04-01T09:00,2026-04-01T08:00:00+00:00,10.6,10
London,2026-03-18T18:19:11.594631+00:00,2026-04-01T10:00,2026-04-01T09:00:00+00:00,11.0,10
London,2026-03-18T18:19:11.594631+00:00,2026-04-01T11:00,2026-04-01T10:00:00+00:00,11.3,9
London,2026-03-18T18:19:11.594631+00:00,2026-04-01T12:00,2026-04-01T11:00:00+00:00,11.5,10
London,2026-03-18T18:19:11.594631+00:00,2026-04-01T13:00,2026-04-01T12:00:00+00:00,11.6,12
London,2026-03-18T18:19:11.594631+00:00,2026-04-01T14:00,2026-04-01T13:00:00+00:00,11.7,15
London,2026-03-18T18:19:11.594631+00:00,2026-04-01T15:00,2026-04-01T14:00:00+00:00,11.7,17
London,2026-03-18T18:19:11.594631+00:00,2026-04-01T16:00,2026-04-01T15:00:00+00:00,11.6,19
London,2026-03-18T18:19:11.594631+00:00,2026-04-01T17:00,2026-04-01T16:00:00+00:00,11.4,21
London,2026-03-18T18:19:11.594631+00:00,2026-04-01T18:00,2026-04-01T17:00:00+00:00,11.0,22
London,2026-03-18T18:19:11.594631+00:00,2026-04-01T19:00,2026-04-01T18:00:00+00:00,10.4,21
London,2026-03-18T18:19:11.594631+00:00,2026-04-01T20:00,2026-04-01T19:00:00+00:00,9.4,19
London,2026-03-18T18:19:11.594631+00:00,2026-04-01T21:00,2026-04-01T20:00:00+00:00,8.4,17
London,2026-03-18T18:19:11.594631+00:00,2026-04-01T22:00,2026-04-01T21:00:00+00:00,7.2,14
London,2026-03-18T18:19:11.594631+00:00,2026-04-01T23:00,2026-04-01T22:00:00+00:00,6.2,11
London,2026-03-18T18:19:11.594631+00:00,2026-04-02T00:00,2026-04-01T23:00:00+00:00,5.1,8
London,2026-03-18T18:19:11.594631+00:00,2026-04-02T01:00,2026-04-02T00:00:00+00:00,4.3,4
London,2026-03-18T18:19:11.594631+00:00,2026-04-02T02:00,2026-04-02T01:00:00+00:00,3.7,2
London,2026-03-18T18:19:11.594631+00:00,2026-04-02T03:00,2026-04-02T02:00:00+00:00,3.1,0
London,2026-03-18T18:19:11.594631+00:00,2026-04-02T04:00,2026-04-02T03:00:00+00:00,3.2,1
London,2026-03-18T18:19:11.594631+00:00,2026-04-02T05:00,2026-04-02T04:00:00+00:00,3.4,2
London,2026-03-18T18:19:11.594631+00:00,2026-04-02T06:00,2026-04-02T05:00:00+00:00,3.9,3
London,2026-03-18T18:19:11.594631+00:00,2026-04-02T07:00,2026-04-02T06:00:00+00:00,4.7,5
London,2026-03-18T18:19:11.594631+00:00,2026-04-02T08:00,2026-04-02T07:00:00+00:00,5.7,8
London,2026-03-18T18:19:11.594631+00:00,2026-04-02T09:00,2026-04-02T08:00:00+00:00,6.7,10
London,2026-03-18T18:19:11.594631+00:00,2026-04-02T10:00,2026-04-02T09:00:00+00:00,7.4,12
London,2026-03-18T18:19:11.594631+00:00,2026-04-02T11:00,2026-04-02T10:00:00+00:00,8.0,14
London,2026-03-18T18:19:11.594631+00:00,2026-04-02T12:00,2026-04-02T11:00:00+00:00,8.5,16
London,2026-03-18T18:19:11.594631+00:00,2026-04-02T13:00,2026-04-02T12:00:00+00:00,8.9,17
London,2026-03-18T18:19:11.594631+00:00,2026-04-02T14:00,2026-04-02T13:00:00+00:00,9.2,18
London,2026-03-18T18:19:11.594631+00:00,2026-04-02T15:00,2026-04-02T14:00:00+00:00,9.4,19
London,2026-03-18T18:19:11.594631+00:00,2026-04-02T16:00,2026-04-02T15:00:00+00:00,9.5,19
London,2026-03-18T18:19:11.594631+00:00,2026-04-02T17:00,2026-04-02T16:00:00+00:00,9.6,19
London,2026-03-18T18:19:11.594631+00:00,2026-04-02T18:00,2026-04-02T17:00:00+00:00,9.7,19
London,2026-03-18T18:19:11.594631+00:00,2026-04-02T19:00,2026-04-02T18:00:00+00:00,9.6,18
London,2026-03-18T18:19:11.594631+00:00,2026-04-02T20:00,2026-04-02T19:00:00+00:00,9.5,17
London,2026-03-18T18:19:11.594631+00:00,2026-04-02T21:00,2026-04-02T20:00:00+00:00,9.4,15
London,2026-03-18T18:19:11.594631+00:00,2026-04-02T22:00,2026-04-02T21:00:00+00:00,9.1,13
London,2026-03-18T18:19:11.594631+00:00,2026-04-02T23:00,2026-04-02T22:00:00+00:00,8.8,11
