city,fetched_at_utc,datetime_local,datetime_utc,temp_c,precip_prob_pct
London,2026-08-21T02:07:47.783212+00:00,2026-08-21T00:00,2026-08-20T23:00:00+00:00,16.2,8.0
London,2026-08-21T02:07:47.783212+00:00,2026-08-21T01:00,2026-08-21T00:00:00+00:00,16.0,4.0
London,2026-08-21T02:07:47.783212+00:00,2026-08-21T02:00,2026-08-21T01:00:00+00:00,15.7,1.0
London,2026-08-21T02:07:47.783212+00:00,2026-08-21T03:00,2026-08-21T02:00:00+00:00,15.8,0.0
London,2026-08-21T02:07:47.783212+00:00,2026-08-21T04:00,2026-08-21T03:00:00+00:00,15.7,0.0
London,2026-08-21T02:07:47.783212+00:00,2026-08-21T05:00,2026-08-21T04:00:00+00:00,15.7,0.0
London,2026-08-21T02:07:47.783212+00:00,2026-08-21T06:00,2026-08-21T05:00:00+00:00,15.3,0.0
London,2026-08-21T02:07:47.783212+00:00,2026-08-21T07:00,2026-08-21T06:00:00+00:00,14.8,0.0
London,2026-08-21T02:07:47.783212+00:00,2026-08-21T08:00,2026-08-21T07:00:00+00:00,15.3,0.0
London,2026-08-21T02:07:47.783212+00:00,2026-08-21T09:00,2026-08-21T08:00:00+00:00,16.1,0.0
London,2026-08-21T02:07:47.783212+00:00,2026-08-21T10:00,2026-08-21T09:00:00+00:00,17.4,0.0
London,2026-08-21T02:07:47.783212+00:00,2026-08-21T11:00,2026-08-21T10:00:00+00:00,18.1,0.0
London,2026-08-21T02:07:47.783212+00:00,2026-08-21T12:00,2026-08-21T11:00:00+00:00,19.1,0.0
London,2026-08-21T02:07:47.783212+00:00,2026-08-21T13:00,2026-08-21T12:00:00+00:00,19.6,0.0
London,2026-08-21T02:07:47.783212+00:00,2026-08-21T14:00,2026-08-21T13:00:00+00:00,19.8,1.0
London,2026-08-21T02:07:47.783212+00:00,2026-08-21T15:00,2026-08-21T14:00:00+00:00,20.4,3.0
London,2026-08-21T02:07:47.783212+00:00,2026-08-21T16:00,2026-08-21T15:00:00+00:00,20.3,6.0
London,2026-08-21T02:07:47.783212+00:00,2026-08-21T17:00,2026-08-21T16:00:00+00:00,20.3,11.0
London,2026-08-21T02:07:47.783212+00:00,2026-08-21T18:00,2026-08-21T17:00:00+00:00,20.1,17.0
London,2026-08-21T02:07:47.783212+00:00,2026-08-21T19:00,2026-08-21T18:00:00+00:00,19.2,20.0
London,2026-08-21T02:07:47.783212+00:00,2026-08-21T20:00,2026-08-21T19:00:00+00:00,17.5,18.0
London,2026-08-21T02:07:47.783212+00:00,2026-08-21T21:00,2026-08-21T20:00:00+00:00,16.2,14.0
London,2026-08-21T02:07:47.783212+00:00,2026-08-21T22:00,2026-08-21T21:00:00+00:00,15.6,10.0
London,2026-08-21T02:07:47.783212+00:00,2026-08-21T23:00,2026-08-21T22:00:00+00:00,15.1,6.0
London,2026-08-21T02:07:47.783212+00:00,2026-08-22T00:00,2026-08-21T23:00:00+00:00,14.8,3.0
London,2026-08-21T02:07:47.783212+00:00,2026-08-22T01:00,2026-08-22T00:00:00+00:00,14.6,0.0
London,2026-08-21T02:07:47.783212+00:00,2026-08-22T02:00,2026-08-22T01:00:00+00:00,14.1,0.0
London,2026-08-21T02:07:47.783212+00:00,2026-08-22T03:00,2026-08-22T02:00:00+00:00,13.8,0.0
London,2026-08-21T02:07:47.783212+00:00,2026-08-22T04:00,2026-08-22T03:00:00+00:00,13.4,0.0
London,2026-08-21T02:07:47.783212+00:00,2026-08-22T05:00,2026-08-22T04:00:00+00:00,12.9,0.0
London,2026-08-21T02:07:47.783212+00:00,2026-08-22T06:00,2026-08-22T05:00:00+00:00,12.6,0.0
London,2026-08-21T02:07:47.783212+00:00,2026-08-22T07:00,2026-08-22T06:00:00+00:00,12.5,0.0
London,2026-08-21T02:07:47.783212+00:00,2026-08-22T08:00,2026-08-22T07:00:00+00:00,13.2,0.0
London,2026-08-21T02:07:47.783212+00:00,2026-08-22T09:00,2026-08-22T08:00:00+00:00,14.5,0.0
London,2026-08-21T02:07:47.783212+00:00,2026-08-22T10:00,2026-08-22T09:00:00+00:00,16.1,0.0
London,2026-08-21T02:07:47.783212+00:00,2026-08-22T11:00,2026-08-22T10:00:00+00:00,17.2,0.0
London,2026-08-21T02:07:47.783212+00:00,2026-08-22T12:00,2026-08-22T11:00:00+00:00,18.2,0.0
London,2026-08-21T02:07:47.783212+00:00,2026-08-22T13:00,2026-08-22T12:00:00+00:00,19.0,0.0
London,2026-08-21T02:07:47.783212+00:00,2026-08-22T14:00,2026-08-22T13:00:00+00:00,19.9,0.0
London,2026-08-21T02:07:47.783212+00:00,2026-08-22T15:00,2026-08-22T14:00:00+00:00,20.5,0.0
London,2026-08-21T02:07:47.783212+00:00,2026-08-22T16:00,2026-08-22T15:00:00+00:00,20.9,0.0
London,2026-08-21T02:07:47.783212+00:00,2026-08-22T17:00,2026-08-22T16:00:00+00:00,21.0,0.0
London,2026-08-21T02:07:47.783212+00:00,2026-08-22T18:00,2026-08-22T17:00:00+00:00,20.9,0.0
London,2026-08-21T02:07:47.783212+00:00,2026-08-22T19:00,2026-08-22T18:00:00+00:00,20.6,0.0
London,2026-08-21T02:07:47.783212+00:00,2026-08-22T20:00,2026-08-22T19:00:00+00:00,19.6,0.0
London,2026-08-21T02:07:47.783212+00:00,2026-08-22T21:00,2026-08-22T20:00:00+00:00,19.0,0.0
London,2026-08-21T02:07:47.783212+00:00,2026-08-22T22:00,2026-08-22T21:00:00+00:00,18.1,0.0
London,2026-08-21T02:07:47.783212+00:00,2026-08-22T23:00,2026-08-22T22:00:00+00:00,17.5,0.0
London,2026-08-21T02:07:47.783212+00:00,2026-08-23T00:00,2026-08-22T23:00:00+00:00,16.7,0.0
London,2026-08-21T02:07:47.783212+00:00,2026-08-23T01:00,2026-08-23T00:00:00+00:00,16.1,0.0
London,2026-08-21T02:07:47.783212+00:00,2026-08-23T02:00,2026-08-23T01:00:00+00:00,16.1,0.0
London,2026-08-21T02:07:47.783212+00:00,2026-08-23T03:00,2026-08-23T02:00:00+00:00,16.1,0.0
London,2026-08-21T02:07:47.783212+00:00,2026-08-23T04:00,2026-08-23T03:00:00+00:00,16.1,0.0
London,2026-08-21T02:07:47.783212+00:00,2026-08-23T05:00,2026-08-23T04:00:00+00:00,16.2,0.0
London,2026-08-21T02:07:47.783212+00:00,2026-08-23T06:00,2026-08-23T05:00:00+00:00,15.7,0.0
London,2026-08-21T02:07:47.783212+00:00,2026-08-23T07:00,2026-08-23T06:00:00+00:00,15.4,0.0
London,2026-08-21T02:07:47.783212+00:00,2026-08-23T08:00,2026-08-23T07:00:00+00:00,16.4,0.0
London,2026-08-21T02:07:47.783212+00:00,2026-08-23T09:00,2026-08-23T08:00:00+00:00,17.0,0.0
London,2026-08-21T02:07:47.783212+00:00,2026-08-23T10:00,2026-08-23T09:00:00+00:00,17.8,0.0
London,2026-08-21T02:07:47.783212+00:00,2026-08-23T11:00,2026-08-23T10:00:00+00:00,18.6,0.0
London,2026-08-21T02:07:47.783212+00:00,2026-08-23T12:00,2026-08-23T11:00:00+00:00,19.6,0.0
London,2026-08-21T02:07:47.783212+00:00,2026-08-23T13:00,2026-08-23T12:00:00+00:00,20.4,0.0
London,2026-08-21T02:07:47.783212+00:00,2026-08-23T14:00,2026-08-23T13:00:00+00:00,21.0,0.0
London,2026-08-21T02:07:47.783212+00:00,2026-08-23T15:00,2026-08-23T14:00:00+00:00,21.4,0.0
London,2026-08-21T02:07:47.783212+00:00,2026-08-23T16:00,2026-08-23T15:00:00+00:00,21.8,0.0
London,2026-08-21T02:07:47.783212+00:00,2026-08-23T17:00,2026-08-23T16:00:00+00:00,22.3,0.0
London,2026-08-21T02:07:47.783212+00:00,2026-08-23T18:00,2026-08-23T17:00:00+00:00,22.7,0.0
London,2026-08-21T02:07:47.783212+00:00,2026-08-23T19:00,2026-08-23T18:00:00+00:00,22.7,0.0
London,2026-08-21T02:07:47.783212+00:00,2026-08-23T20:00,2026-08-23T19:00:00+00:00,22.0,0.0
London,2026-08-21T02:07:47.783212+00:00,2026-08-23T21:00,2026-08-23T20:00:00+00:00,20.9,0.0
London,2026-08-21T02:07:47.783212+00:00,2026-08-23T22:00,2026-08-23T21:00:00+00:00,19.9,0.0
London,2026-08-21T02:07:47.783212+00:00,2026-08-23T23:00,2026-08-23T22:00:00+00:00,19.1,0.0
London,2026-08-21T02:07:47.783212+00:00,2026-08-24T00:00,2026-08-23T23:00:00+00:00,18.4,0.0
London,2026-08-21T02:07:47.783212+00:00,2026-08-24T01:00,2026-08-24T00:00:00+00:00,17.8,0.0
London,2026-08-21T02:07:47.783212+00:00,2026-08-24T02:00,2026-08-24T01:00:00+00:00,17.3,0.0
London,2026-08-21T02:07:47.783212+00:00,2026-08-24T03:00,2026-08-24T02:00:00+00:00,16.9,0.0
London,2026-08-21T02:07:47.783212+00:00,2026-08-24T04:00,2026-08-24T03:00:00+00:00,16.6,0.0
London,2026-08-21T02:07:47.783212+00:00,2026-08-24T05:00,2026-08-24T04:00:00+00:00,16.3,0.0
London,2026-08-21T02:07:47.783212+00:00,2026-08-24T06:00,2026-08-24T05:00:00+00:00,15.9,0.0
London,2026-08-21T02:07:47.783212+00:00,2026-08-24T07:00,2026-08-24T06:00:00+00:00,16.0,0.0
London,2026-08-21T02:07:47.783212+00:00,2026-08-24T08:00,2026-08-24T07:00:00+00:00,16.8,0.0
London,2026-08-21T02:07:47.783212+00:00,2026-08-24T09:00,2026-08-24T08:00:00+00:00,17.9,0.0
London,2026-08-21T02:07:47.783212+00:00,2026-08-24T10:00,2026-08-24T09:00:00+00:00,18.9,0.0
London,2026-08-21T02:07:47.783212+00:00,2026-08-24T11:00,2026-08-24T10:00:00+00:00,19.7,0.0
London,2026-08-21T02:07:47.783212+00:00,2026-08-24T12:00,2026-08-24T11:00:00+00:00,20.5,0.0
London,2026-08-21T02:07:47.783212+00:00,2026-08-24T13:00,2026-08-24T12:00:00+00:00,21.0,0.0
London,2026-08-21T02:07:47.783212+00:00,2026-08-24T14:00,2026-08-24T13:00:00+00:00,21.2,0.0
London,2026-08-21T02:07:47.783212+00:00,2026-08-24T15:00,2026-08-24T14:00:00+00:00,21.3,0.0
London,2026-08-21T02:07:47.783212+00:00,2026-08-24T16:00,2026-08-24T15:00:00+00:00,21.3,0.0
London,2026-08-21T02:07:47.783212+00:00,2026-08-24T17:00,2026-08-24T16:00:00+00:00,21.1,0.0
London,2026-08-21T02:07:47.783212+00:00,2026-08-24T18:00,2026-08-24T17:00:00+00:00,20.9,0.0
London,2026-08-21T02:07:47.783212+00:00,2026-08-24T19:00,2026-08-24T18:00:00+00:00,20.6,0.0
London,2026-08-21T02:07:47.783212+00:00,2026-08-24T20:00,2026-08-24T19:00:00+00:00,20.4,0.0
London,2026-08-21T02:07:47.783212+00:00,2026-08-24T21:00,2026-08-24T20:00:00+00:00,20.1,0.0
London,2026-08-21T02:07:47.783212+00:00,2026-08-24T22:00,2026-08-24T21:00:00+00:00,19.8,0.0
London,2026-08-21T02:07:47.783212+00:00,2026-08-24T23:00,2026-08-24T22:00:00+00:00,19.7,0.0
London,2026-08-21T02:07:47.783212+00:00,2026-08-25T00:00,2026-08-24T23:00:00+00:00,19.7,0.0
London,2026-08-21T02:07:47.783212+00:00,2026-08-25T01:00,2026-08-25T00:00:00+00:00,19.5,0.0
London,2026-08-21T02:07:47.783212+00:00,2026-08-25T02:00,2026-08-25T01:00:00+00:00,19.1,2.0
London,2026-08-21T02:07:47.783212+00:00,2026-08-25T03:00,2026-08-25T02:00:00+00:00,18.6,6.0
London,2026-08-21T02:07:47.783212+00:00,2026-08-25T04:00,2026-08-25T03:00:00+00:00,18.2,8.0
London,2026-08-21T02:07:47.783212+00:00,2026-08-25T05:00,2026-08-25T04:00:00+00:00,18.0,8.0
London,2026-08-21T02:07:47.783212+00:00,2026-08-25T06:00,2026-08-25T05:00:00+00:00,17.8,7.0
London,2026-08-21T02:07:47.783212+00:00,2026-08-25T07:00,2026-08-25T06:00:00+00:00,17.9,6.0
London,2026-08-21T02:07:47.783212+00:00,2026-08-25T08:00,2026-08-25T07:00:00+00:00,18.4,6.0
London,2026-08-21T02:07:47.783212+00:00,2026-08-25T09:00,2026-08-25T08:00:00+00:00,19.1,7.0
London,2026-08-21T02:07:47.783212+00:00,2026-08-25T10:00,2026-08-25T09:00:00+00:00,20.1,8.0
London,2026-08-21T02:07:47.783212+00:00,2026-08-25T11:00,2026-08-25T10:00:00+00:00,21.3,9.0
London,2026-08-21T02:07:47.783212+00:00,2026-08-25T12:00,2026-08-25T11:00:00+00:00,22.8,10.0
London,2026-08-21T02:07:47.783212+00:00,2026-08-25T13:00,2026-08-25T12:00:00+00:00,24.1,10.0
London,2026-08-21T02:07:47.783212+00:00,2026-08-25T14:00,2026-08-25T13:00:00+00:00,25.2,9.0
London,2026-08-21T02:07:47.783212+00:00,2026-08-25T15:00,2026-08-25T14:00:00+00:00,26.2,7.0
London,2026-08-21T02:07:47.783212+00:00,2026-08-25T16:00,2026-08-25T15:00:00+00:00,26.7,6.0
London,2026-08-21T02:07:47.783212+00:00,2026-08-25T17:00,2026-08-25T16:00:00+00:00,26.5,7.0
London,2026-08-21T02:07:47.783212+00:00,2026-08-25T18:00,2026-08-25T17:00:00+00:00,26.0,8.0
London,2026-08-21T02:07:47.783212+00:00,2026-08-25T19:00,2026-08-25T18:00:00+00:00,25.3,10.0
London,2026-08-21T02:07:47.783212+00:00,2026-08-25T20:00,2026-08-25T19:00:00+00:00,24.7,13.0
London,2026-08-21T02:07:47.783212+00:00,2026-08-25T21:00,2026-08-25T20:00:00+00:00,24.0,16.0
London,2026-08-21T02:07:47.783212+00:00,2026-08-25T22:00,2026-08-25T21:00:00+00:00,23.2,20.0
London,2026-08-21T02:07:47.783212+00:00,2026-08-25T23:00,2026-08-25T22:00:00+00:00,22.3,24.0
London,2026-08-21T02:07:47.783212+00:00,2026-08-26T00:00,2026-08-25T23:00:00+00:00,21.2,29.0
London,2026-08-21T02:07:47.783212+00:00,2026-08-26T01:00,2026-08-26T00:00:00+00:00,20.5,31.0
London,2026-08-21T02:07:47.783212+00:00,2026-08-26T02:00,2026-08-26T01:00:00+00:00,20.2,28.0
London,2026-08-21T02:07:47.783212+00:00,2026-08-26T03:00,2026-08-26T02:00:00+00:00,20.2,23.0
London,2026-08-21T02:07:47.783212+00:00,2026-08-26T04:00,2026-08-26T03:00:00+00:00,20.1,18.0
London,2026-08-21T02:07:47.783212+00:00,2026-08-26T05:00,2026-08-26T04:00:00+00:00,19.9,16.0
London,2026-08-21T02:07:47.783212+00:00,2026-08-26T06:00,2026-08-26T05:00:00+00:00,19.7,15.0
London,2026-08-21T02:07:47.783212+00:00,2026-08-26T07:00,2026-08-26T06:00:00+00:00,19.8,14.0
London,2026-08-21T02:07:47.783212+00:00,2026-08-26T08:00,2026-08-26T07:00:00+00:00,20.3,13.0
London,2026-08-21T02:07:47.783212+00:00,2026-08-26T09:00,2026-08-26T08:00:00+00:00,21.0,12.0
London,2026-08-21T02:07:47.783212+00:00,2026-08-26T10:00,2026-08-26T09:00:00+00:00,21.9,12.0
London,2026-08-21T02:07:47.783212+00:00,2026-08-26T11:00,2026-08-26T10:00:00+00:00,23.2,15.0
London,2026-08-21T02:07:47.783212+00:00,2026-08-26T12:00,2026-08-26T11:00:00+00:00,24.2,19.0
London,2026-08-21T02:07:47.783212+00:00,2026-08-26T13:00,2026-08-26T12:00:00+00:00,25.0,22.0
London,2026-08-21T02:07:47.783212+00:00,2026-08-26T14:00,2026-08-26T13:00:00+00:00,25.6,23.0
London,2026-08-21T02:07:47.783212+00:00,2026-08-26T15:00,2026-08-26T14:00:00+00:00,26.2,22.0
London,2026-08-21T02:07:47.783212+00:00,2026-08-26T16:00,2026-08-26T15:00:00+00:00,26.7,22.0
London,2026-08-21T02:07:47.783212+00:00,2026-08-26T17:00,2026-08-26T16:00:00+00:00,27.0,22.0
London,2026-08-21T02:07:47.783212+00:00,2026-08-26T18:00,2026-08-26T17:00:00+00:00,27.2,22.0
London,2026-08-21T02:07:47.783212+00:00,2026-08-26T19:00,2026-08-26T18:00:00+00:00,27.1,24.0
London,2026-08-21T02:07:47.783212+00:00,2026-08-26T20:00,2026-08-26T19:00:00+00:00,26.7,27.0
London,2026-08-21T02:07:47.783212+00:00,2026-08-26T21:00,2026-08-26T20:00:00+00:00,25.9,32.0
London,2026-08-21T02:07:47.783212+00:00,2026-08-26T22:00,2026-08-26T21:00:00+00:00,25.0,37.0
London,2026-08-21T02:07:47.783212+00:00,2026-08-26T23:00,2026-08-26T22:00:00+00:00,24.0,42.0
London,2026-08-21T02:07:47.783212+00:00,2026-08-27T00:00,2026-08-26T23:00:00+00:00,23.1,47.0
London,2026-08-21T02:07:47.783212+00:00,2026-08-27T01:00,2026-08-27T00:00:00+00:00,22.3,51.0
London,2026-08-21T02:07:47.783212+00:00,2026-08-27T02:00,2026-08-27T01:00:00+00:00,21.7,53.0
London,2026-08-21T02:07:47.783212+00:00,2026-08-27T03:00,2026-08-27T02:00:00+00:00,21.2,54.0
London,2026-08-21T02:07:47.783212+00:00,2026-08-27T04:00,2026-08-27T03:00:00+00:00,20.7,55.0
London,2026-08-21T02:07:47.783212+00:00,2026-08-27T05:00,2026-08-27T04:00:00+00:00,20.3,55.0
London,2026-08-21T02:07:47.783212+00:00,2026-08-27T06:00,2026-08-27T05:00:00+00:00,20.1,55.0
London,2026-08-21T02:07:47.783212+00:00,2026-08-27T07:00,2026-08-27T06:00:00+00:00,20.0,55.0
London,2026-08-21T02:07:47.783212+00:00,2026-08-27T08:00,2026-08-27T07:00:00+00:00,20.2,54.0
London,2026-08-21T02:07:47.783212+00:00,2026-08-27T09:00,2026-08-27T08:00:00+00:00,20.6,54.0
London,2026-08-21T02:07:47.783212+00:00,2026-08-27T10:00,2026-08-27T09:00:00+00:00,21.2,53.0
London,2026-08-21T02:07:47.783212+00:00,2026-08-27T11:00,2026-08-27T10:00:00+00:00,21.9,52.0
London,2026-08-21T02:07:47.783212+00:00,2026-08-27T12:00,2026-08-27T11:00:00+00:00,22.8,51.0
London,2026-08-21T02:07:47.783212+00:00,2026-08-27T13:00,2026-08-27T12:00:00+00:00,23.5,51.0
London,2026-08-21T02:07:47.783212+00:00,2026-08-27T14:00,2026-08-27T13:00:00+00:00,23.9,51.0
London,2026-08-21T02:07:47.783212+00:00,2026-08-27T15:00,2026-08-27T14:00:00+00:00,23.8,52.0
London,2026-08-21T02:07:47.783212+00:00,2026-08-27T16:00,2026-08-27T15:00:00+00:00,23.5,53.0
London,2026-08-21T02:07:47.783212+00:00,2026-08-27T17:00,2026-08-27T16:00:00+00:00,23.0,54.0
London,2026-08-21T02:07:47.783212+00:00,2026-08-27T18:00,2026-08-27T17:00:00+00:00,22.4,54.0
London,2026-08-21T02:07:47.783212+00:00,2026-08-27T19:00,2026-08-27T18:00:00+00:00,21.8,53.0
London,2026-08-21T02:07:47.783212+00:00,2026-08-27T20:00,2026-08-27T19:00:00+00:00,21.1,49.0
London,2026-08-21T02:07:47.783212+00:00,2026-08-27T21:00,2026-08-27T20:00:00+00:00,20.2,44.0
London,2026-08-21T02:07:47.783212+00:00,2026-08-27T22:00,2026-08-27T21:00:00+00:00,19.2,39.0
London,2026-08-21T02:07:47.783212+00:00,2026-08-27T23:00,2026-08-27T22:00:00+00:00,18.2,34.0
London,2026-08-21T02:07:47.783212+00:00,2026-08-28T00:00,2026-08-27T23:00:00+00:00,17.3,30.0
London,2026-08-21T02:07:47.783212+00:00,2026-08-28T01:00,2026-08-28T00:00:00+00:00,16.5,27.0
London,2026-08-21T02:07:47.783212+00:00,2026-08-28T02:00,2026-08-28T01:00:00+00:00,15.9,27.0
London,2026-08-21T02:07:47.783212+00:00,2026-08-28T03:00,2026-08-28T02:00:00+00:00,15.3,28.0
London,2026-08-21T02:07:47.783212+00:00,2026-08-28T04:00,2026-08-28T03:00:00+00:00,14.7,30.0
London,2026-08-21T02:07:47.783212+00:00,2026-08-28T05:00,2026-08-28T04:00:00+00:00,14.3,33.0
London,2026-08-21T02:07:47.783212+00:00,2026-08-28T06:00,2026-08-28T05:00:00+00:00,14.2,36.0
London,2026-08-21T02:07:47.783212+00:00,2026-08-28T07:00,2026-08-28T06:00:00+00:00,14.3,39.0
London,2026-08-21T02:07:47.783212+00:00,2026-08-28T08:00,2026-08-28T07:00:00+00:00,14.9,42.0
London,2026-08-21T02:07:47.783212+00:00,2026-08-28T09:00,2026-08-28T08:00:00+00:00,16.0,46.0
London,2026-08-21T02:07:47.783212+00:00,2026-08-28T10:00,2026-08-28T09:00:00+00:00,17.3,49.0
London,2026-08-21T02:07:47.783212+00:00,2026-08-28T11:00,2026-08-28T10:00:00+00:00,18.6,52.0
London,2026-08-21T02:07:47.783212+00:00,2026-08-28T12:00,2026-08-28T11:00:00+00:00,19.5,56.0
London,2026-08-21T02:07:47.783212+00:00,2026-08-28T13:00,2026-08-28T12:00:00+00:00,20.0,59.0
London,2026-08-21T02:07:47.783212+00:00,2026-08-28T14:00,2026-08-28T13:00:00+00:00,19.7,63.0
London,2026-08-21T02:07:47.783212+00:00,2026-08-28T15:00,2026-08-28T14:00:00+00:00,19.0,68.0
London,2026-08-21T02:07:47.783212+00:00,2026-08-28T16:00,2026-08-28T15:00:00+00:00,18.0,71.0
London,2026-08-21T02:07:47.783212+00:00,2026-08-28T17:00,2026-08-28T16:00:00+00:00,16.9,74.0
London,2026-08-21T02:07:47.783212+00:00,2026-08-28T18:00,2026-08-28T17:00:00+00:00,15.9,76.0
London,2026-08-21T02:07:47.783212+00:00,2026-08-28T19:00,2026-08-28T18:00:00+00:00,15.2,75.0
London,2026-08-21T02:07:47.783212+00:00,2026-08-28T20:00,2026-08-28T19:00:00+00:00,14.8,69.0
London,2026-08-21T02:07:47.783212+00:00,2026-08-28T21:00,2026-08-28T20:00:00+00:00,14.6,61.0
London,2026-08-21T02:07:47.783212+00:00,2026-08-28T22:00,2026-08-28T21:00:00+00:00,14.4,52.0
London,2026-08-21T02:07:47.783212+00:00,2026-08-28T23:00,2026-08-28T22:00:00+00:00,14.4,43.0
London,2026-08-21T02:07:47.783212+00:00,2026-08-29T00:00,2026-08-28T23:00:00+00:00,14.3,33.0
London,2026-08-21T02:07:47.783212+00:00,2026-08-29T01:00,2026-08-29T00:00:00+00:00,14.1,25.0
London,2026-08-21T02:07:47.783212+00:00,2026-08-29T02:00,2026-08-29T01:00:00+00:00,13.7,20.0
London,2026-08-21T02:07:47.783212+00:00,2026-08-29T03:00,2026-08-29T02:00:00+00:00,13.2,16.0
London,2026-08-21T02:07:47.783212+00:00,2026-08-29T04:00,2026-08-29T03:00:00+00:00,12.6,13.0
London,2026-08-21T02:07:47.783212+00:00,2026-08-29T05:00,2026-08-29T04:00:00+00:00,12.2,11.0
London,2026-08-21T02:07:47.783212+00:00,2026-08-29T06:00,2026-08-29T05:00:00+00:00,12.0,10.0
London,2026-08-21T02:07:47.783212+00:00,2026-08-29T07:00,2026-08-29T06:00:00+00:00,12.3,10.0
London,2026-08-21T02:07:47.783212+00:00,2026-08-29T08:00,2026-08-29T07:00:00+00:00,13.2,11.0
London,2026-08-21T02:07:47.783212+00:00,2026-08-29T09:00,2026-08-29T08:00:00+00:00,14.7,13.0
London,2026-08-21T02:07:47.783212+00:00,2026-08-29T10:00,2026-08-29T09:00:00+00:00,16.5,15.0
London,2026-08-21T02:07:47.783212+00:00,2026-08-29T11:00,2026-08-29T10:00:00+00:00,18.3,18.0
London,2026-08-21T02:07:47.783212+00:00,2026-08-29T12:00,2026-08-29T11:00:00+00:00,19.7,21.0
London,2026-08-21T02:07:47.783212+00:00,2026-08-29T13:00,2026-08-29T12:00:00+00:00,20.6,25.0
London,2026-08-21T02:07:47.783212+00:00,2026-08-29T14:00,2026-08-29T13:00:00+00:00,20.8,31.0
London,2026-08-21T02:07:47.783212+00:00,2026-08-29T15:00,2026-08-29T14:00:00+00:00,20.5,38.0
London,2026-08-21T02:07:47.783212+00:00,2026-08-29T16:00,2026-08-29T15:00:00+00:00,19.9,44.0
London,2026-08-21T02:07:47.783212+00:00,2026-08-29T17:00,2026-08-29T16:00:00+00:00,19.1,50.0
London,2026-08-21T02:07:47.783212+00:00,2026-08-29T18:00,2026-08-29T17:00:00+00:00,18.4,55.0
London,2026-08-21T02:07:47.783212+00:00,2026-08-29T19:00,2026-08-29T18:00:00+00:00,17.9,57.0
London,2026-08-21T02:07:47.783212+00:00,2026-08-29T20:00,2026-08-29T19:00:00+00:00,17.5,54.0
London,2026-08-21T02:07:47.783212+00:00,2026-08-29T21:00,2026-08-29T20:00:00+00:00,17.1,47.0
London,2026-08-21T02:07:47.783212+00:00,2026-08-29T22:00,2026-08-29T21:00:00+00:00,16.7,40.0
London,2026-08-21T02:07:47.783212+00:00,2026-08-29T23:00,2026-08-29T22:00:00+00:00,16.4,32.0
London,2026-08-21T02:07:47.783212+00:00,2026-08-30T00:00,2026-08-29T23:00:00+00:00,16.0,24.0
London,2026-08-21T02:07:47.783212+00:00,2026-08-30T01:00,2026-08-30T00:00:00+00:00,15.7,18.0
London,2026-08-21T02:07:47.783212+00:00,2026-08-30T02:00,2026-08-30T01:00:00+00:00,15.4,15.0
London,2026-08-21T02:07:47.783212+00:00,2026-08-30T03:00,2026-08-30T02:00:00+00:00,14.9,14.0
London,2026-08-21T02:07:47.783212+00:00,2026-08-30T04:00,2026-08-30T03:00:00+00:00,14.5,14.0
London,2026-08-21T02:07:47.783212+00:00,2026-08-30T05:00,2026-08-30T04:00:00+00:00,14.2,14.0
London,2026-08-21T02:07:47.783212+00:00,2026-08-30T06:00,2026-08-30T05:00:00+00:00,14.2,15.0
London,2026-08-21T02:07:47.783212+00:00,2026-08-30T07:00,2026-08-30T06:00:00+00:00,14.4,16.0
London,2026-08-21T02:07:47.783212+00:00,2026-08-30T08:00,2026-08-30T07:00:00+00:00,15.2,18.0
London,2026-08-21T02:07:47.783212+00:00,2026-08-30T09:00,2026-08-30T08:00:00+00:00,16.4,20.0
London,2026-08-21T02:07:47.783212+00:00,2026-08-30T10:00,2026-08-30T09:00:00+00:00,17.8,22.0
London,2026-08-21T02:07:47.783212+00:00,2026-08-30T11:00,2026-08-30T10:00:00+00:00,19.2,25.0
London,2026-08-21T02:07:47.783212+00:00,2026-08-30T12:00,2026-08-30T11:00:00+00:00,20.4,28.0
London,2026-08-21T02:07:47.783212+00:00,2026-08-30T13:00,2026-08-30T12:00:00+00:00,21.1,31.0
London,2026-08-21T02:07:47.783212+00:00,2026-08-30T14:00,2026-08-30T13:00:00+00:00,21.3,35.0
London,2026-08-21T02:07:47.783212+00:00,2026-08-30T15:00,2026-08-30T14:00:00+00:00,21.1,40.0
London,2026-08-21T02:07:47.783212+00:00,2026-08-30T16:00,2026-08-30T15:00:00+00:00,20.7,44.0
London,2026-08-21T02:07:47.783212+00:00,2026-08-30T17:00,2026-08-30T16:00:00+00:00,20.2,48.0
London,2026-08-21T02:07:47.783212+00:00,2026-08-30T18:00,2026-08-30T17:00:00+00:00,19.6,51.0
London,2026-08-21T02:07:47.783212+00:00,2026-08-30T19:00,2026-08-30T18:00:00+00:00,19.1,51.0
London,2026-08-21T02:07:47.783212+00:00,2026-08-30T20:00,2026-08-30T19:00:00+00:00,18.7,47.0
London,2026-08-21T02:07:47.783212+00:00,2026-08-30T21:00,2026-08-30T20:00:00+00:00,18.1,39.0
London,2026-08-21T02:07:47.783212+00:00,2026-08-30T22:00,2026-08-30T21:00:00+00:00,17.5,32.0
London,2026-08-21T02:07:47.783212+00:00,2026-08-30T23:00,2026-08-30T22:00:00+00:00,17.0,25.0
London,2026-08-21T02:07:47.783212+00:00,2026-08-31T00:00,2026-08-30T23:00:00+00:00,16.4,17.0
London,2026-08-21T02:07:47.783212+00:00,2026-08-31T01:00,2026-08-31T00:00:00+00:00,16.0,12.0
London,2026-08-21T02:07:47.783212+00:00,2026-08-31T02:00,2026-08-31T01:00:00+00:00,15.5,10.0
London,2026-08-21T02:07:47.783212+00:00,2026-08-31T03:00,2026-08-31T02:00:00+00:00,15.0,11.0
London,2026-08-21T02:07:47.783212+00:00,2026-08-31T04:00,2026-08-31T03:00:00+00:00,14.5,12.0
London,2026-08-21T02:07:47.783212+00:00,2026-08-31T05:00,2026-08-31T04:00:00+00:00,14.1,14.0
London,2026-08-21T02:07:47.783212+00:00,2026-08-31T06:00,2026-08-31T05:00:00+00:00,14.0,16.0
London,2026-08-21T02:07:47.783212+00:00,2026-08-31T07:00,2026-08-31T06:00:00+00:00,14.2,18.0
London,2026-08-21T02:07:47.783212+00:00,2026-08-31T08:00,2026-08-31T07:00:00+00:00,14.8,18.0
London,2026-08-21T02:07:47.783212+00:00,2026-08-31T09:00,2026-08-31T08:00:00+00:00,15.9,18.0
London,2026-08-21T02:07:47.783212+00:00,2026-08-31T10:00,2026-08-31T09:00:00+00:00,17.3,18.0
London,2026-08-21T02:07:47.783212+00:00,2026-08-31T11:00,2026-08-31T10:00:00+00:00,18.6,18.0
London,2026-08-21T02:07:47.783212+00:00,2026-08-31T12:00,2026-08-31T11:00:00+00:00,19.7,19.0
London,2026-08-21T02:07:47.783212+00:00,2026-08-31T13:00,2026-08-31T12:00:00+00:00,20.5,22.0
London,2026-08-21T02:07:47.783212+00:00,2026-08-31T14:00,2026-08-31T13:00:00+00:00,20.8,29.0
London,2026-08-21T02:07:47.783212+00:00,2026-08-31T15:00,2026-08-31T14:00:00+00:00,20.9,37.0
London,2026-08-21T02:07:47.783212+00:00,2026-08-31T16:00,2026-08-31T15:00:00+00:00,20.8,45.0
London,2026-08-21T02:07:47.783212+00:00,2026-08-31T17:00,2026-08-31T16:00:00+00:00,20.5,52.0
London,2026-08-21T02:07:47.783212+00:00,2026-08-31T18:00,2026-08-31T17:00:00+00:00,20.2,59.0
London,2026-08-21T02:07:47.783212+00:00,2026-08-31T19:00,2026-08-31T18:00:00+00:00,19.9,61.0
London,2026-08-21T02:07:47.783212+00:00,2026-08-31T20:00,2026-08-31T19:00:00+00:00,19.4,57.0
London,2026-08-21T02:07:47.783212+00:00,2026-08-31T21:00,2026-08-31T20:00:00+00:00,18.9,49.0
London,2026-08-21T02:07:47.783212+00:00,2026-08-31T22:00,2026-08-31T21:00:00+00:00,18.2,41.0
London,2026-08-21T02:07:47.783212+00:00,2026-08-31T23:00,2026-08-31T22:00:00+00:00,17.5,32.0
London,2026-08-21T02:07:47.783212+00:00,2026-09-01T00:00,2026-08-31T23:00:00+00:00,16.9,23.0
London,2026-08-21T02:07:47.783212+00:00,2026-09-01T01:00,2026-09-01T00:00:00+00:00,16.5,16.0
London,2026-08-21T02:07:47.783212+00:00,2026-09-01T02:00,2026-09-01T01:00:00+00:00,16.1,14.0
London,2026-08-21T02:07:47.783212+00:00,2026-09-01T03:00,2026-09-01T02:00:00+00:00,15.9,14.0
London,2026-08-21T02:07:47.783212+00:00,2026-09-01T04:00,2026-09-01T03:00:00+00:00,15.7,15.0
London,2026-08-21T02:07:47.783212+00:00,2026-09-01T05:00,2026-09-01T04:00:00+00:00,15.5,16.0
London,2026-08-21T02:07:47.783212+00:00,2026-09-01T06:00,2026-09-01T05:00:00+00:00,15.6,18.0
London,2026-08-21T02:07:47.783212+00:00,2026-09-01T07:00,2026-09-01T06:00:00+00:00,15.7,20.0
London,2026-08-21T02:07:47.783212+00:00,2026-09-01T08:00,2026-09-01T07:00:00+00:00,16.2,21.0
London,2026-08-21T02:07:47.783212+00:00,2026-09-01T09:00,2026-09-01T08:00:00+00:00,16.9,21.0
London,2026-08-21T02:07:47.783212+00:00,2026-09-01T10:00,2026-09-01T09:00:00+00:00,17.7,22.0
London,2026-08-21T02:07:47.783212+00:00,2026-09-01T11:00,2026-09-01T10:00:00+00:00,18.5,23.0
London,2026-08-21T02:07:47.783212+00:00,2026-09-01T12:00,2026-09-01T11:00:00+00:00,19.1,23.0
London,2026-08-21T02:07:47.783212+00:00,2026-09-01T13:00,2026-09-01T12:00:00+00:00,19.4,25.0
London,2026-08-21T02:07:47.783212+00:00,2026-09-01T14:00,2026-09-01T13:00:00+00:00,19.3,28.0
London,2026-08-21T02:07:47.783212+00:00,2026-09-01T15:00,2026-09-01T14:00:00+00:00,19.0,32.0
London,2026-08-21T02:07:47.783212+00:00,2026-09-01T16:00,2026-09-01T15:00:00+00:00,18.4,35.0
London,2026-08-21T02:07:47.783212+00:00,2026-09-01T17:00,2026-09-01T16:00:00+00:00,17.8,38.0
London,2026-08-21T02:07:47.783212+00:00,2026-09-01T18:00,2026-09-01T17:00:00+00:00,17.2,40.0
London,2026-08-21T02:07:47.783212+00:00,2026-09-01T19:00,2026-09-01T18:00:00+00:00,16.8,41.0
London,2026-08-21T02:07:47.783212+00:00,2026-09-01T20:00,2026-09-01T19:00:00+00:00,16.4,39.0
London,2026-08-21T02:07:47.783212+00:00,2026-09-01T21:00,2026-09-01T20:00:00+00:00,16.0,35.0
London,2026-08-21T02:07:47.783212+00:00,2026-09-01T22:00,2026-09-01T21:00:00+00:00,15.7,31.0
London,2026-08-21T02:07:47.783212+00:00,2026-09-01T23:00,2026-09-01T22:00:00+00:00,15.4,27.0
London,2026-08-21T02:07:47.783212+00:00,2026-09-02T00:00,2026-09-01T23:00:00+00:00,15.1,22.0
London,2026-08-21T02:07:47.783212+00:00,2026-09-02T01:00,2026-09-02T00:00:00+00:00,14.9,18.0
London,2026-08-21T02:07:47.783212+00:00,2026-09-02T02:00,2026-09-02T01:00:00+00:00,14.7,16.0
London,2026-08-21T02:07:47.783212+00:00,2026-09-02T03:00,2026-09-02T02:00:00+00:00,14.5,15.0
London,2026-08-21T02:07:47.783212+00:00,2026-09-02T04:00,2026-09-02T03:00:00+00:00,14.3,14.0
London,2026-08-21T02:07:47.783212+00:00,2026-09-02T05:00,2026-09-02T04:00:00+00:00,14.2,14.0
London,2026-08-21T02:07:47.783212+00:00,2026-09-02T06:00,2026-09-02T05:00:00+00:00,14.3,14.0
London,2026-08-21T02:07:47.783212+00:00,2026-09-02T07:00,2026-09-02T06:00:00+00:00,14.6,14.0
London,2026-08-21T02:07:47.783212+00:00,2026-09-02T08:00,2026-09-02T07:00:00+00:00,15.3,15.0
London,2026-08-21T02:07:47.783212+00:00,2026-09-02T09:00,2026-09-02T08:00:00+00:00,16.4,16.0
London,2026-08-21T02:07:47.783212+00:00,2026-09-02T10:00,2026-09-02T09:00:00+00:00,17.6,17.0
London,2026-08-21T02:07:47.783212+00:00,2026-09-02T11:00,2026-09-02T10:00:00+00:00,18.9,18.0
London,2026-08-21T02:07:47.783212+00:00,2026-09-02T12:00,2026-09-02T11:00:00+00:00,19.9,20.0
London,2026-08-21T02:07:47.783212+00:00,2026-09-02T13:00,2026-09-02T12:00:00+00:00,20.5,22.0
London,2026-08-21T02:07:47.783212+00:00,2026-09-02T14:00,2026-09-02T13:00:00+00:00,20.8,25.0
London,2026-08-21T02:07:47.783212+00:00,2026-09-02T15:00,2026-09-02T14:00:00+00:00,20.7,29.0
London,2026-08-21T02:07:47.783212+00:00,2026-09-02T16:00,2026-09-02T15:00:00+00:00,20.5,33.0
London,2026-08-21T02:07:47.783212+00:00,2026-09-02T17:00,2026-09-02T16:00:00+00:00,20.1,36.0
London,2026-08-21T02:07:47.783212+00:00,2026-09-02T18:00,2026-09-02T17:00:00+00:00,19.6,39.0
London,2026-08-21T02:07:47.783212+00:00,2026-09-02T19:00,2026-09-02T18:00:00+00:00,19.1,39.0
London,2026-08-21T02:07:47.783212+00:00,2026-09-02T20:00,2026-09-02T19:00:00+00:00,18.5,36.0
London,2026-08-21T02:07:47.783212+00:00,2026-09-02T21:00,2026-09-02T20:00:00+00:00,17.7,32.0
London,2026-08-21T02:07:47.783212+00:00,2026-09-02T22:00,2026-09-02T21:00:00+00:00,16.9,27.0
London,2026-08-21T02:07:47.783212+00:00,2026-09-02T23:00,2026-09-02T22:00:00+00:00,16.0,22.0
London,2026-08-21T02:07:47.783212+00:00,2026-09-03T00:00,2026-09-02T23:00:00+00:00,15.2,17.0
London,2026-08-21T02:07:47.783212+00:00,2026-09-03T01:00,2026-09-03T00:00:00+00:00,14.6,14.0
London,2026-08-21T02:07:47.783212+00:00,2026-09-03T02:00,2026-09-03T01:00:00+00:00,14.1,14.0
London,2026-08-21T02:07:47.783212+00:00,2026-09-03T03:00,2026-09-03T02:00:00+00:00,13.6,15.0
London,2026-08-21T02:07:47.783212+00:00,2026-09-03T04:00,2026-09-03T03:00:00+00:00,13.1,17.0
London,2026-08-21T02:07:47.783212+00:00,2026-09-03T05:00,2026-09-03T04:00:00+00:00,12.8,19.0
London,2026-08-21T02:07:47.783212+00:00,2026-09-03T06:00,2026-09-03T05:00:00+00:00,12.8,21.0
London,2026-08-21T02:07:47.783212+00:00,2026-09-03T07:00,2026-09-03T06:00:00+00:00,13.1,22.0
London,2026-08-21T02:07:47.783212+00:00,2026-09-03T08:00,2026-09-03T07:00:00+00:00,13.9,22.0
London,2026-08-21T02:07:47.783212+00:00,2026-09-03T09:00,2026-09-03T08:00:00+00:00,15.3,21.0
London,2026-08-21T02:07:47.783212+00:00,2026-09-03T10:00,2026-09-03T09:00:00+00:00,16.9,20.0
London,2026-08-21T02:07:47.783212+00:00,2026-09-03T11:00,2026-09-03T10:00:00+00:00,18.5,19.0
London,2026-08-21T02:07:47.783212+00:00,2026-09-03T12:00,2026-09-03T11:00:00+00:00,19.8,19.0
London,2026-08-21T02:07:47.783212+00:00,2026-09-03T13:00,2026-09-03T12:00:00+00:00,20.7,20.0
London,2026-08-21T02:07:47.783212+00:00,2026-09-03T14:00,2026-09-03T13:00:00+00:00,20.9,23.0
London,2026-08-21T02:07:47.783212+00:00,2026-09-03T15:00,2026-09-03T14:00:00+00:00,20.9,26.0
London,2026-08-21T02:07:47.783212+00:00,2026-09-03T16:00,2026-09-03T15:00:00+00:00,20.5,30.0
London,2026-08-21T02:07:47.783212+00:00,2026-09-03T17:00,2026-09-03T16:00:00+00:00,20.0,34.0
London,2026-08-21T02:07:47.783212+00:00,2026-09-03T18:00,2026-09-03T17:00:00+00:00,19.4,37.0
London,2026-08-21T02:07:47.783212+00:00,2026-09-03T19:00,2026-09-03T18:00:00+00:00,18.9,39.0
London,2026-08-21T02:07:47.783212+00:00,2026-09-03T20:00,2026-09-03T19:00:00+00:00,18.4,39.0
London,2026-08-21T02:07:47.783212+00:00,2026-09-03T21:00,2026-09-03T20:00:00+00:00,17.7,36.0
London,2026-08-21T02:07:47.783212+00:00,2026-09-03T22:00,2026-09-03T21:00:00+00:00,16.9,34.0
London,2026-08-21T02:07:47.783212+00:00,2026-09-03T23:00,2026-09-03T22:00:00+00:00,16.2,31.0
London,2026-08-21T02:07:47.783212+00:00,2026-09-04T00:00,2026-09-03T23:00:00+00:00,15.6,28.0
London,2026-08-21T02:07:47.783212+00:00,2026-09-04T01:00,2026-09-04T00:00:00+00:00,15.2,25.0
London,2026-08-21T02:07:47.783212+00:00,2026-09-04T02:00,2026-09-04T01:00:00+00:00,15.0,24.0
London,2026-08-21T02:07:47.783212+00:00,2026-09-04T03:00,2026-09-04T02:00:00+00:00,15.0,23.0
London,2026-08-21T02:07:47.783212+00:00,2026-09-04T04:00,2026-09-04T03:00:00+00:00,15.1,22.0
London,2026-08-21T02:07:47.783212+00:00,2026-09-04T05:00,2026-09-04T04:00:00+00:00,15.3,21.0
London,2026-08-21T02:07:47.783212+00:00,2026-09-04T06:00,2026-09-04T05:00:00+00:00,15.5,20.0
London,2026-08-21T02:07:47.783212+00:00,2026-09-04T07:00,2026-09-04T06:00:00+00:00,15.8,20.0
London,2026-08-21T02:07:47.783212+00:00,2026-09-04T08:00,2026-09-04T07:00:00+00:00,16.1,20.0
London,2026-08-21T02:07:47.783212+00:00,2026-09-04T09:00,2026-09-04T08:00:00+00:00,16.7,21.0
London,2026-08-21T02:07:47.783212+00:00,2026-09-04T10:00,2026-09-04T09:00:00+00:00,17.2,21.0
London,2026-08-21T02:07:47.783212+00:00,2026-09-04T11:00,2026-09-04T10:00:00+00:00,17.8,21.0
London,2026-08-21T02:07:47.783212+00:00,2026-09-04T12:00,2026-09-04T11:00:00+00:00,18.3,22.0
London,2026-08-21T02:07:47.783212+00:00,2026-09-04T13:00,2026-09-04T12:00:00+00:00,18.6,22.0
London,2026-08-21T02:07:47.783212+00:00,2026-09-04T14:00,2026-09-04T13:00:00+00:00,18.7,22.0
London,2026-08-21T02:07:47.783212+00:00,2026-09-04T15:00,2026-09-04T14:00:00+00:00,18.7,22.0
London,2026-08-21T02:07:47.783212+00:00,2026-09-04T16:00,2026-09-04T15:00:00+00:00,,
London,2026-08-21T02:07:47.783212+00:00,2026-09-04T17:00,2026-09-04T16:00:00+00:00,,
London,2026-08-21T02:07:47.783212+00:00,2026-09-04T18:00,2026-09-04T17:00:00+00:00,,
London,2026-08-21T02:07:47.783212+00:00,2026-09-04T19:00,2026-09-04T18:00:00+00:00,,
London,2026-08-21T02:07:47.783212+00:00,2026-09-04T20:00,2026-09-04T19:00:00+00:00,,
London,2026-08-21T02:07:47.783212+00:00,2026-09-04T21:00,2026-09-04T20:00:00+00:00,,
London,2026-08-21T02:07:47.783212+00:00,2026-09-04T22:00,2026-09-04T21:00:00+00:00,,
London,2026-08-21T02:07:47.783212+00:00,2026-09-04T23:00,2026-09-04T22:00:00+00:00,,
London,2026-08-21T02:07:47.783212+00:00,2026-09-05T00:00,2026-09-04T23:00:00+00:00,,
London,2026-08-21T02:07:47.783212+00:00,2026-09-05T01:00,2026-09-05T00:00:00+00:00,,
London,2026-08-21T02:07:47.783212+00:00,2026-09-05T02:00,2026-09-05T01:00:00+00:00,,
London,2026-08-21T02:07:47.783212+00:00,2026-09-05T03:00,2026-09-05T02:00:00+00:00,,
London,2026-08-21T02:07:47.783212+00:00,2026-09-05T04:00,2026-09-05T03:00:00+00:00,,
London,2026-08-21T02:07:47.783212+00:00,2026-09-05T05:00,2026-09-05T04:00:00+00:00,,
London,2026-08-21T02:07:47.783212+00:00,2026-09-05T06:00,2026-09-05T05:00:00+00:00,,
London,2026-08-21T02:07:47.783212+00:00,2026-09-05T07:00,2026-09-05T06:00:00+00:00,,
London,2026-08-21T02:07:47.783212+00:00,2026-09-05T08:00,2026-09-05T07:00:00+00:00,,
London,2026-08-21T02:07:47.783212+00:00,2026-09-05T09:00,2026-09-05T08:00:00+00:00,,
London,2026-08-21T02:07:47.783212+00:00,2026-09-05T10:00,2026-09-05T09:00:00+00:00,,
London,2026-08-21T02:07:47.783212+00:00,2026-09-05T11:00,2026-09-05T10:00:00+00:00,,
London,2026-08-21T02:07:47.783212+00:00,2026-09-05T12:00,2026-09-05T11:00:00+00:00,,
London,2026-08-21T02:07:47.783212+00:00,2026-09-05T13:00,2026-09-05T12:00:00+00:00,,
London,2026-08-21T02:07:47.783212+00:00,2026-09-05T14:00,2026-09-05T13:00:00+00:00,,
London,2026-08-21T02:07:47.783212+00:00,2026-09-05T15:00,2026-09-05T14:00:00+00:00,,
London,2026-08-21T02:07:47.783212+00:00,2026-09-05T16:00,2026-09-05T15:00:00+00:00,,
London,2026-08-21T02:07:47.783212+00:00,2026-09-05T17:00,2026-09-05T16:00:00+00:00,,
London,2026-08-21T02:07:47.783212+00:00,2026-09-05T18:00,2026-09-05T17:00:00+00:00,,
London,2026-08-21T02:07:47.783212+00:00,2026-09-05T19:00,2026-09-05T18:00:00+00:00,,
London,2026-08-21T02:07:47.783212+00:00,2026-09-05T20:00,2026-09-05T19:00:00+00:00,,
London,2026-08-21T02:07:47.783212+00:00,2026-09-05T21:00,2026-09-05T20:00:00+00:00,,
London,2026-08-21T02:07:47.783212+00:00,2026-09-05T22:00,2026-09-05T21:00:00+00:00,,
London,2026-08-21T02:07:47.783212+00:00,2026-09-05T23:00,2026-09-05T22:00:00+00:00,,
London,2026-08-21T03:29:38.976930+00:00,2026-08-21T00:00,2026-08-20T23:00:00+00:00,16.1,13.0
London,2026-08-21T03:29:38.976930+00:00,2026-08-21T01:00,2026-08-21T00:00:00+00:00,15.9,0.0
London,2026-08-21T03:29:38.976930+00:00,2026-08-21T02:00,2026-08-21T01:00:00+00:00,15.5,0.0
London,2026-08-21T03:29:38.976930+00:00,2026-08-21T03:00,2026-08-21T02:00:00+00:00,15.5,0.0
London,2026-08-21T03:29:38.976930+00:00,2026-08-21T04:00,2026-08-21T03:00:00+00:00,15.5,0.0
London,2026-08-21T03:29:38.976930+00:00,2026-08-21T05:00,2026-08-21T04:00:00+00:00,15.5,0.0
London,2026-08-21T03:29:38.976930+00:00,2026-08-21T06:00,2026-08-21T05:00:00+00:00,15.3,0.0
London,2026-08-21T03:29:38.976930+00:00,2026-08-21T07:00,2026-08-21T06:00:00+00:00,15.0,0.0
London,2026-08-21T03:29:38.976930+00:00,2026-08-21T08:00,2026-08-21T07:00:00+00:00,15.2,0.0
London,2026-08-21T03:29:38.976930+00:00,2026-08-21T09:00,2026-08-21T08:00:00+00:00,16.0,0.0
London,2026-08-21T03:29:38.976930+00:00,2026-08-21T10:00,2026-08-21T09:00:00+00:00,16.9,0.0
London,2026-08-21T03:29:38.976930+00:00,2026-08-21T11:00,2026-08-21T10:00:00+00:00,18.1,0.0
London,2026-08-21T03:29:38.976930+00:00,2026-08-21T12:00,2026-08-21T11:00:00+00:00,18.7,0.0
London,2026-08-21T03:29:38.976930+00:00,2026-08-21T13:00,2026-08-21T12:00:00+00:00,19.6,0.0
London,2026-08-21T03:29:38.976930+00:00,2026-08-21T14:00,2026-08-21T13:00:00+00:00,19.8,3.0
London,2026-08-21T03:29:38.976930+00:00,2026-08-21T15:00,2026-08-21T14:00:00+00:00,20.4,7.0
London,2026-08-21T03:29:38.976930+00:00,2026-08-21T16:00,2026-08-21T15:00:00+00:00,20.3,14.0
London,2026-08-21T03:29:38.976930+00:00,2026-08-21T17:00,2026-08-21T16:00:00+00:00,20.3,26.0
London,2026-08-21T03:29:38.976930+00:00,2026-08-21T18:00,2026-08-21T17:00:00+00:00,20.1,40.0
London,2026-08-21T03:29:38.976930+00:00,2026-08-21T19:00,2026-08-21T18:00:00+00:00,19.2,47.0
London,2026-08-21T03:29:38.976930+00:00,2026-08-21T20:00,2026-08-21T19:00:00+00:00,17.5,40.0
London,2026-08-21T03:29:38.976930+00:00,2026-08-21T21:00,2026-08-21T20:00:00+00:00,16.2,26.0
London,2026-08-21T03:29:38.976930+00:00,2026-08-21T22:00,2026-08-21T21:00:00+00:00,15.6,14.0
London,2026-08-21T03:29:38.976930+00:00,2026-08-21T23:00,2026-08-21T22:00:00+00:00,15.1,7.0
London,2026-08-21T03:29:38.976930+00:00,2026-08-22T00:00,2026-08-21T23:00:00+00:00,14.8,3.0
London,2026-08-21T03:29:38.976930+00:00,2026-08-22T01:00,2026-08-22T00:00:00+00:00,14.6,0.0
London,2026-08-21T03:29:38.976930+00:00,2026-08-22T02:00,2026-08-22T01:00:00+00:00,14.1,0.0
London,2026-08-21T03:29:38.976930+00:00,2026-08-22T03:00,2026-08-22T02:00:00+00:00,13.8,0.0
London,2026-08-21T03:29:38.976930+00:00,2026-08-22T04:00,2026-08-22T03:00:00+00:00,13.4,0.0
London,2026-08-21T03:29:38.976930+00:00,2026-08-22T05:00,2026-08-22T04:00:00+00:00,12.9,1.0
London,2026-08-21T03:29:38.976930+00:00,2026-08-22T06:00,2026-08-22T05:00:00+00:00,12.6,2.0
London,2026-08-21T03:29:38.976930+00:00,2026-08-22T07:00,2026-08-22T06:00:00+00:00,12.5,2.0
London,2026-08-21T03:29:38.976930+00:00,2026-08-22T08:00,2026-08-22T07:00:00+00:00,13.2,2.0
London,2026-08-21T03:29:38.976930+00:00,2026-08-22T09:00,2026-08-22T08:00:00+00:00,14.5,1.0
London,2026-08-21T03:29:38.976930+00:00,2026-08-22T10:00,2026-08-22T09:00:00+00:00,16.1,0.0
London,2026-08-21T03:29:38.976930+00:00,2026-08-22T11:00,2026-08-22T10:00:00+00:00,17.2,0.0
London,2026-08-21T03:29:38.976930+00:00,2026-08-22T12:00,2026-08-22T11:00:00+00:00,18.2,0.0
London,2026-08-21T03:29:38.976930+00:00,2026-08-22T13:00,2026-08-22T12:00:00+00:00,19.0,0.0
London,2026-08-21T03:29:38.976930+00:00,2026-08-22T14:00,2026-08-22T13:00:00+00:00,19.9,0.0
London,2026-08-21T03:29:38.976930+00:00,2026-08-22T15:00,2026-08-22T14:00:00+00:00,20.5,0.0
London,2026-08-21T03:29:38.976930+00:00,2026-08-22T16:00,2026-08-22T15:00:00+00:00,20.9,0.0
London,2026-08-21T03:29:38.976930+00:00,2026-08-22T17:00,2026-08-22T16:00:00+00:00,21.0,0.0
London,2026-08-21T03:29:38.976930+00:00,2026-08-22T18:00,2026-08-22T17:00:00+00:00,20.9,0.0
London,2026-08-21T03:29:38.976930+00:00,2026-08-22T19:00,2026-08-22T18:00:00+00:00,20.6,0.0
London,2026-08-21T03:29:38.976930+00:00,2026-08-22T20:00,2026-08-22T19:00:00+00:00,19.6,0.0
London,2026-08-21T03:29:38.976930+00:00,2026-08-22T21:00,2026-08-22T20:00:00+00:00,19.0,0.0
London,2026-08-21T03:29:38.976930+00:00,2026-08-22T22:00,2026-08-22T21:00:00+00:00,18.1,0.0
London,2026-08-21T03:29:38.976930+00:00,2026-08-22T23:00,2026-08-22T22:00:00+00:00,17.5,0.0
London,2026-08-21T03:29:38.976930+00:00,2026-08-23T00:00,2026-08-22T23:00:00+00:00,16.7,0.0
London,2026-08-21T03:29:38.976930+00:00,2026-08-23T01:00,2026-08-23T00:00:00+00:00,16.1,0.0
London,2026-08-21T03:29:38.976930+00:00,2026-08-23T02:00,2026-08-23T01:00:00+00:00,16.1,0.0
London,2026-08-21T03:29:38.976930+00:00,2026-08-23T03:00,2026-08-23T02:00:00+00:00,16.1,0.0
London,2026-08-21T03:29:38.976930+00:00,2026-08-23T04:00,2026-08-23T03:00:00+00:00,16.1,0.0
London,2026-08-21T03:29:38.976930+00:00,2026-08-23T05:00,2026-08-23T04:00:00+00:00,16.2,0.0
London,2026-08-21T03:29:38.976930+00:00,2026-08-23T06:00,2026-08-23T05:00:00+00:00,15.7,0.0
London,2026-08-21T03:29:38.976930+00:00,2026-08-23T07:00,2026-08-23T06:00:00+00:00,15.4,0.0
London,2026-08-21T03:29:38.976930+00:00,2026-08-23T08:00,2026-08-23T07:00:00+00:00,16.4,0.0
London,2026-08-21T03:29:38.976930+00:00,2026-08-23T09:00,2026-08-23T08:00:00+00:00,17.0,0.0
London,2026-08-21T03:29:38.976930+00:00,2026-08-23T10:00,2026-08-23T09:00:00+00:00,17.8,0.0
London,2026-08-21T03:29:38.976930+00:00,2026-08-23T11:00,2026-08-23T10:00:00+00:00,18.6,0.0
London,2026-08-21T03:29:38.976930+00:00,2026-08-23T12:00,2026-08-23T11:00:00+00:00,19.6,0.0
London,2026-08-21T03:29:38.976930+00:00,2026-08-23T13:00,2026-08-23T12:00:00+00:00,20.4,0.0
London,2026-08-21T03:29:38.976930+00:00,2026-08-23T14:00,2026-08-23T13:00:00+00:00,21.0,0.0
London,2026-08-21T03:29:38.976930+00:00,2026-08-23T15:00,2026-08-23T14:00:00+00:00,21.4,0.0
London,2026-08-21T03:29:38.976930+00:00,2026-08-23T16:00,2026-08-23T15:00:00+00:00,21.8,0.0
London,2026-08-21T03:29:38.976930+00:00,2026-08-23T17:00,2026-08-23T16:00:00+00:00,22.3,0.0
London,2026-08-21T03:29:38.976930+00:00,2026-08-23T18:00,2026-08-23T17:00:00+00:00,22.7,0.0
London,2026-08-21T03:29:38.976930+00:00,2026-08-23T19:00,2026-08-23T18:00:00+00:00,22.7,0.0
London,2026-08-21T03:29:38.976930+00:00,2026-08-23T20:00,2026-08-23T19:00:00+00:00,22.0,0.0
London,2026-08-21T03:29:38.976930+00:00,2026-08-23T21:00,2026-08-23T20:00:00+00:00,20.9,0.0
London,2026-08-21T03:29:38.976930+00:00,2026-08-23T22:00,2026-08-23T21:00:00+00:00,19.9,0.0
London,2026-08-21T03:29:38.976930+00:00,2026-08-23T23:00,2026-08-23T22:00:00+00:00,19.1,0.0
London,2026-08-21T03:29:38.976930+00:00,2026-08-24T00:00,2026-08-23T23:00:00+00:00,18.4,0.0
London,2026-08-21T03:29:38.976930+00:00,2026-08-24T01:00,2026-08-24T00:00:00+00:00,17.8,0.0
London,2026-08-21T03:29:38.976930+00:00,2026-08-24T02:00,2026-08-24T01:00:00+00:00,17.3,0.0
London,2026-08-21T03:29:38.976930+00:00,2026-08-24T03:00,2026-08-24T02:00:00+00:00,16.9,0.0
London,2026-08-21T03:29:38.976930+00:00,2026-08-24T04:00,2026-08-24T03:00:00+00:00,16.6,0.0
London,2026-08-21T03:29:38.976930+00:00,2026-08-24T05:00,2026-08-24T04:00:00+00:00,16.3,0.0
London,2026-08-21T03:29:38.976930+00:00,2026-08-24T06:00,2026-08-24T05:00:00+00:00,15.9,0.0
London,2026-08-21T03:29:38.976930+00:00,2026-08-24T07:00,2026-08-24T06:00:00+00:00,16.0,0.0
London,2026-08-21T03:29:38.976930+00:00,2026-08-24T08:00,2026-08-24T07:00:00+00:00,16.8,0.0
London,2026-08-21T03:29:38.976930+00:00,2026-08-24T09:00,2026-08-24T08:00:00+00:00,17.9,0.0
London,2026-08-21T03:29:38.976930+00:00,2026-08-24T10:00,2026-08-24T09:00:00+00:00,18.9,0.0
London,2026-08-21T03:29:38.976930+00:00,2026-08-24T11:00,2026-08-24T10:00:00+00:00,19.7,1.0
London,2026-08-21T03:29:38.976930+00:00,2026-08-24T12:00,2026-08-24T11:00:00+00:00,20.5,2.0
London,2026-08-21T03:29:38.976930+00:00,2026-08-24T13:00,2026-08-24T12:00:00+00:00,21.0,2.0
London,2026-08-21T03:29:38.976930+00:00,2026-08-24T14:00,2026-08-24T13:00:00+00:00,21.2,1.0
London,2026-08-21T03:29:38.976930+00:00,2026-08-24T15:00,2026-08-24T14:00:00+00:00,21.3,0.0
London,2026-08-21T03:29:38.976930+00:00,2026-08-24T16:00,2026-08-24T15:00:00+00:00,21.3,0.0
London,2026-08-21T03:29:38.976930+00:00,2026-08-24T17:00,2026-08-24T16:00:00+00:00,21.1,1.0
London,2026-08-21T03:29:38.976930+00:00,2026-08-24T18:00,2026-08-24T17:00:00+00:00,20.9,3.0
London,2026-08-21T03:29:38.976930+00:00,2026-08-24T19:00,2026-08-24T18:00:00+00:00,20.6,4.0
London,2026-08-21T03:29:38.976930+00:00,2026-08-24T20:00,2026-08-24T19:00:00+00:00,20.4,3.0
London,2026-08-21T03:29:38.976930+00:00,2026-08-24T21:00,2026-08-24T20:00:00+00:00,20.1,1.0
London,2026-08-21T03:29:38.976930+00:00,2026-08-24T22:00,2026-08-24T21:00:00+00:00,19.8,0.0
London,2026-08-21T03:29:38.976930+00:00,2026-08-24T23:00,2026-08-24T22:00:00+00:00,19.7,1.0
London,2026-08-21T03:29:38.976930+00:00,2026-08-25T00:00,2026-08-24T23:00:00+00:00,19.7,2.0
London,2026-08-21T03:29:38.976930+00:00,2026-08-25T01:00,2026-08-25T00:00:00+00:00,19.5,4.0
London,2026-08-21T03:29:38.976930+00:00,2026-08-25T02:00,2026-08-25T01:00:00+00:00,19.1,5.0
London,2026-08-21T03:29:38.976930+00:00,2026-08-25T03:00,2026-08-25T02:00:00+00:00,18.6,6.0
London,2026-08-21T03:29:38.976930+00:00,2026-08-25T04:00,2026-08-25T03:00:00+00:00,18.2,8.0
London,2026-08-21T03:29:38.976930+00:00,2026-08-25T05:00,2026-08-25T04:00:00+00:00,18.0,11.0
London,2026-08-21T03:29:38.976930+00:00,2026-08-25T06:00,2026-08-25T05:00:00+00:00,17.8,14.0
London,2026-08-21T03:29:38.976930+00:00,2026-08-25T07:00,2026-08-25T06:00:00+00:00,17.9,16.0
London,2026-08-21T03:29:38.976930+00:00,2026-08-25T08:00,2026-08-25T07:00:00+00:00,18.4,15.0
London,2026-08-21T03:29:38.976930+00:00,2026-08-25T09:00,2026-08-25T08:00:00+00:00,19.1,12.0
London,2026-08-21T03:29:38.976930+00:00,2026-08-25T10:00,2026-08-25T09:00:00+00:00,20.1,10.0
London,2026-08-21T03:29:38.976930+00:00,2026-08-25T11:00,2026-08-25T10:00:00+00:00,21.3,10.0
London,2026-08-21T03:29:38.976930+00:00,2026-08-25T12:00,2026-08-25T11:00:00+00:00,22.8,11.0
London,2026-08-21T03:29:38.976930+00:00,2026-08-25T13:00,2026-08-25T12:00:00+00:00,24.1,12.0
London,2026-08-21T03:29:38.976930+00:00,2026-08-25T14:00,2026-08-25T13:00:00+00:00,25.2,12.0
London,2026-08-21T03:29:38.976930+00:00,2026-08-25T15:00,2026-08-25T14:00:00+00:00,26.2,12.0
London,2026-08-21T03:29:38.976930+00:00,2026-08-25T16:00,2026-08-25T15:00:00+00:00,26.7,12.0
London,2026-08-21T03:29:38.976930+00:00,2026-08-25T17:00,2026-08-25T16:00:00+00:00,26.5,12.0
London,2026-08-21T03:29:38.976930+00:00,2026-08-25T18:00,2026-08-25T17:00:00+00:00,26.0,12.0
London,2026-08-21T03:29:38.976930+00:00,2026-08-25T19:00,2026-08-25T18:00:00+00:00,25.3,12.0
London,2026-08-21T03:29:38.976930+00:00,2026-08-25T20:00,2026-08-25T19:00:00+00:00,24.7,12.0
London,2026-08-21T03:29:38.976930+00:00,2026-08-25T21:00,2026-08-25T20:00:00+00:00,24.0,13.0
London,2026-08-21T03:29:38.976930+00:00,2026-08-25T22:00,2026-08-25T21:00:00+00:00,23.2,14.0
London,2026-08-21T03:29:38.976930+00:00,2026-08-25T23:00,2026-08-25T22:00:00+00:00,22.3,16.0
London,2026-08-21T03:29:38.976930+00:00,2026-08-26T00:00,2026-08-25T23:00:00+00:00,21.2,19.0
London,2026-08-21T03:29:38.976930+00:00,2026-08-26T01:00,2026-08-26T00:00:00+00:00,20.5,22.0
London,2026-08-21T03:29:38.976930+00:00,2026-08-26T02:00,2026-08-26T01:00:00+00:00,20.2,24.0
London,2026-08-21T03:29:38.976930+00:00,2026-08-26T03:00,2026-08-26T02:00:00+00:00,20.2,26.0
London,2026-08-21T03:29:38.976930+00:00,2026-08-26T04:00,2026-08-26T03:00:00+00:00,20.1,27.0
London,2026-08-21T03:29:38.976930+00:00,2026-08-26T05:00,2026-08-26T04:00:00+00:00,19.9,27.0
London,2026-08-21T03:29:38.976930+00:00,2026-08-26T06:00,2026-08-26T05:00:00+00:00,19.7,26.0
London,2026-08-21T03:29:38.976930+00:00,2026-08-26T07:00,2026-08-26T06:00:00+00:00,19.8,24.0
London,2026-08-21T03:29:38.976930+00:00,2026-08-26T08:00,2026-08-26T07:00:00+00:00,20.3,21.0
London,2026-08-21T03:29:38.976930+00:00,2026-08-26T09:00,2026-08-26T08:00:00+00:00,21.0,18.0
London,2026-08-21T03:29:38.976930+00:00,2026-08-26T10:00,2026-08-26T09:00:00+00:00,21.9,16.0
London,2026-08-21T03:29:38.976930+00:00,2026-08-26T11:00,2026-08-26T10:00:00+00:00,23.2,18.0
London,2026-08-21T03:29:38.976930+00:00,2026-08-26T12:00,2026-08-26T11:00:00+00:00,24.2,22.0
London,2026-08-21T03:29:38.976930+00:00,2026-08-26T13:00,2026-08-26T12:00:00+00:00,25.0,25.0
London,2026-08-21T03:29:38.976930+00:00,2026-08-26T14:00,2026-08-26T13:00:00+00:00,25.6,25.0
London,2026-08-21T03:29:38.976930+00:00,2026-08-26T15:00,2026-08-26T14:00:00+00:00,26.2,24.0
London,2026-08-21T03:29:38.976930+00:00,2026-08-26T16:00,2026-08-26T15:00:00+00:00,26.7,22.0
London,2026-08-21T03:29:38.976930+00:00,2026-08-26T17:00,2026-08-26T16:00:00+00:00,27.0,19.0
London,2026-08-21T03:29:38.976930+00:00,2026-08-26T18:00,2026-08-26T17:00:00+00:00,27.2,15.0
London,2026-08-21T03:29:38.976930+00:00,2026-08-26T19:00,2026-08-26T18:00:00+00:00,27.1,14.0
London,2026-08-21T03:29:38.976930+00:00,2026-08-26T20:00,2026-08-26T19:00:00+00:00,26.7,20.0
London,2026-08-21T03:29:38.976930+00:00,2026-08-26T21:00,2026-08-26T20:00:00+00:00,25.9,29.0
London,2026-08-21T03:29:38.976930+00:00,2026-08-26T22:00,2026-08-26T21:00:00+00:00,25.0,37.0
London,2026-08-21T03:29:38.976930+00:00,2026-08-26T23:00,2026-08-26T22:00:00+00:00,24.0,43.0
London,2026-08-21T03:29:38.976930+00:00,2026-08-27T00:00,2026-08-26T23:00:00+00:00,23.1,47.0
London,2026-08-21T03:29:38.976930+00:00,2026-08-27T01:00,2026-08-27T00:00:00+00:00,22.3,51.0
London,2026-08-21T03:29:38.976930+00:00,2026-08-27T02:00,2026-08-27T01:00:00+00:00,21.7,53.0
London,2026-08-21T03:29:38.976930+00:00,2026-08-27T03:00,2026-08-27T02:00:00+00:00,21.2,54.0
London,2026-08-21T03:29:38.976930+00:00,2026-08-27T04:00,2026-08-27T03:00:00+00:00,20.7,55.0
London,2026-08-21T03:29:38.976930+00:00,2026-08-27T05:00,2026-08-27T04:00:00+00:00,20.3,55.0
London,2026-08-21T03:29:38.976930+00:00,2026-08-27T06:00,2026-08-27T05:00:00+00:00,20.1,55.0
London,2026-08-21T03:29:38.976930+00:00,2026-08-27T07:00,2026-08-27T06:00:00+00:00,20.0,55.0
London,2026-08-21T03:29:38.976930+00:00,2026-08-27T08:00,2026-08-27T07:00:00+00:00,20.2,54.0
London,2026-08-21T03:29:38.976930+00:00,2026-08-27T09:00,2026-08-27T08:00:00+00:00,20.6,54.0
London,2026-08-21T03:29:38.976930+00:00,2026-08-27T10:00,2026-08-27T09:00:00+00:00,21.2,53.0
London,2026-08-21T03:29:38.976930+00:00,2026-08-27T11:00,2026-08-27T10:00:00+00:00,21.9,52.0
London,2026-08-21T03:29:38.976930+00:00,2026-08-27T12:00,2026-08-27T11:00:00+00:00,22.8,51.0
London,2026-08-21T03:29:38.976930+00:00,2026-08-27T13:00,2026-08-27T12:00:00+00:00,23.5,51.0
London,2026-08-21T03:29:38.976930+00:00,2026-08-27T14:00,2026-08-27T13:00:00+00:00,23.9,51.0
London,2026-08-21T03:29:38.976930+00:00,2026-08-27T15:00,2026-08-27T14:00:00+00:00,23.8,52.0
London,2026-08-21T03:29:38.976930+00:00,2026-08-27T16:00,2026-08-27T15:00:00+00:00,23.5,53.0
London,2026-08-21T03:29:38.976930+00:00,2026-08-27T17:00,2026-08-27T16:00:00+00:00,23.0,54.0
London,2026-08-21T03:29:38.976930+00:00,2026-08-27T18:00,2026-08-27T17:00:00+00:00,22.4,54.0
London,2026-08-21T03:29:38.976930+00:00,2026-08-27T19:00,2026-08-27T18:00:00+00:00,21.8,53.0
London,2026-08-21T03:29:38.976930+00:00,2026-08-27T20:00,2026-08-27T19:00:00+00:00,21.1,49.0
London,2026-08-21T03:29:38.976930+00:00,2026-08-27T21:00,2026-08-27T20:00:00+00:00,20.2,44.0
London,2026-08-21T03:29:38.976930+00:00,2026-08-27T22:00,2026-08-27T21:00:00+00:00,19.2,39.0
London,2026-08-21T03:29:38.976930+00:00,2026-08-27T23:00,2026-08-27T22:00:00+00:00,18.2,34.0
London,2026-08-21T03:29:38.976930+00:00,2026-08-28T00:00,2026-08-27T23:00:00+00:00,17.3,30.0
London,2026-08-21T03:29:38.976930+00:00,2026-08-28T01:00,2026-08-28T00:00:00+00:00,16.5,27.0
London,2026-08-21T03:29:38.976930+00:00,2026-08-28T02:00,2026-08-28T01:00:00+00:00,15.9,27.0
London,2026-08-21T03:29:38.976930+00:00,2026-08-28T03:00,2026-08-28T02:00:00+00:00,15.3,28.0
London,2026-08-21T03:29:38.976930+00:00,2026-08-28T04:00,2026-08-28T03:00:00+00:00,14.7,30.0
London,2026-08-21T03:29:38.976930+00:00,2026-08-28T05:00,2026-08-28T04:00:00+00:00,14.3,33.0
London,2026-08-21T03:29:38.976930+00:00,2026-08-28T06:00,2026-08-28T05:00:00+00:00,14.2,36.0
London,2026-08-21T03:29:38.976930+00:00,2026-08-28T07:00,2026-08-28T06:00:00+00:00,14.3,39.0
London,2026-08-21T03:29:38.976930+00:00,2026-08-28T08:00,2026-08-28T07:00:00+00:00,14.9,42.0
London,2026-08-21T03:29:38.976930+00:00,2026-08-28T09:00,2026-08-28T08:00:00+00:00,16.0,46.0
London,2026-08-21T03:29:38.976930+00:00,2026-08-28T10:00,2026-08-28T09:00:00+00:00,17.3,49.0
London,2026-08-21T03:29:38.976930+00:00,2026-08-28T11:00,2026-08-28T10:00:00+00:00,18.6,52.0
London,2026-08-21T03:29:38.976930+00:00,2026-08-28T12:00,2026-08-28T11:00:00+00:00,19.5,56.0
London,2026-08-21T03:29:38.976930+00:00,2026-08-28T13:00,2026-08-28T12:00:00+00:00,20.0,59.0
London,2026-08-21T03:29:38.976930+00:00,2026-08-28T14:00,2026-08-28T13:00:00+00:00,19.7,63.0
London,2026-08-21T03:29:38.976930+00:00,2026-08-28T15:00,2026-08-28T14:00:00+00:00,19.0,68.0
London,2026-08-21T03:29:38.976930+00:00,2026-08-28T16:00,2026-08-28T15:00:00+00:00,18.0,71.0
London,2026-08-21T03:29:38.976930+00:00,2026-08-28T17:00,2026-08-28T16:00:00+00:00,16.9,74.0
London,2026-08-21T03:29:38.976930+00:00,2026-08-28T18:00,2026-08-28T17:00:00+00:00,15.9,76.0
London,2026-08-21T03:29:38.976930+00:00,2026-08-28T19:00,2026-08-28T18:00:00+00:00,15.2,75.0
London,2026-08-21T03:29:38.976930+00:00,2026-08-28T20:00,2026-08-28T19:00:00+00:00,14.8,69.0
London,2026-08-21T03:29:38.976930+00:00,2026-08-28T21:00,2026-08-28T20:00:00+00:00,14.6,61.0
London,2026-08-21T03:29:38.976930+00:00,2026-08-28T22:00,2026-08-28T21:00:00+00:00,14.4,52.0
London,2026-08-21T03:29:38.976930+00:00,2026-08-28T23:00,2026-08-28T22:00:00+00:00,14.4,43.0
London,2026-08-21T03:29:38.976930+00:00,2026-08-29T00:00,2026-08-28T23:00:00+00:00,14.3,33.0
London,2026-08-21T03:29:38.976930+00:00,2026-08-29T01:00,2026-08-29T00:00:00+00:00,14.1,25.0
London,2026-08-21T03:29:38.976930+00:00,2026-08-29T02:00,2026-08-29T01:00:00+00:00,13.7,20.0
London,2026-08-21T03:29:38.976930+00:00,2026-08-29T03:00,2026-08-29T02:00:00+00:00,13.2,16.0
London,2026-08-21T03:29:38.976930+00:00,2026-08-29T04:00,2026-08-29T03:00:00+00:00,12.6,13.0
London,2026-08-21T03:29:38.976930+00:00,2026-08-29T05:00,2026-08-29T04:00:00+00:00,12.2,11.0
London,2026-08-21T03:29:38.976930+00:00,2026-08-29T06:00,2026-08-29T05:00:00+00:00,12.0,10.0
London,2026-08-21T03:29:38.976930+00:00,2026-08-29T07:00,2026-08-29T06:00:00+00:00,12.3,10.0
London,2026-08-21T03:29:38.976930+00:00,2026-08-29T08:00,2026-08-29T07:00:00+00:00,13.2,11.0
London,2026-08-21T03:29:38.976930+00:00,2026-08-29T09:00,2026-08-29T08:00:00+00:00,14.7,13.0
London,2026-08-21T03:29:38.976930+00:00,2026-08-29T10:00,2026-08-29T09:00:00+00:00,16.5,15.0
London,2026-08-21T03:29:38.976930+00:00,2026-08-29T11:00,2026-08-29T10:00:00+00:00,18.3,18.0
London,2026-08-21T03:29:38.976930+00:00,2026-08-29T12:00,2026-08-29T11:00:00+00:00,19.7,21.0
London,2026-08-21T03:29:38.976930+00:00,2026-08-29T13:00,2026-08-29T12:00:00+00:00,20.6,25.0
London,2026-08-21T03:29:38.976930+00:00,2026-08-29T14:00,2026-08-29T13:00:00+00:00,20.8,31.0
London,2026-08-21T03:29:38.976930+00:00,2026-08-29T15:00,2026-08-29T14:00:00+00:00,20.5,38.0
London,2026-08-21T03:29:38.976930+00:00,2026-08-29T16:00,2026-08-29T15:00:00+00:00,19.9,44.0
London,2026-08-21T03:29:38.976930+00:00,2026-08-29T17:00,2026-08-29T16:00:00+00:00,19.1,50.0
London,2026-08-21T03:29:38.976930+00:00,2026-08-29T18:00,2026-08-29T17:00:00+00:00,18.4,55.0
London,2026-08-21T03:29:38.976930+00:00,2026-08-29T19:00,2026-08-29T18:00:00+00:00,17.9,57.0
London,2026-08-21T03:29:38.976930+00:00,2026-08-29T20:00,2026-08-29T19:00:00+00:00,17.5,54.0
London,2026-08-21T03:29:38.976930+00:00,2026-08-29T21:00,2026-08-29T20:00:00+00:00,17.1,47.0
London,2026-08-21T03:29:38.976930+00:00,2026-08-29T22:00,2026-08-29T21:00:00+00:00,16.7,40.0
London,2026-08-21T03:29:38.976930+00:00,2026-08-29T23:00,2026-08-29T22:00:00+00:00,16.4,32.0
London,2026-08-21T03:29:38.976930+00:00,2026-08-30T00:00,2026-08-29T23:00:00+00:00,16.0,24.0
London,2026-08-21T03:29:38.976930+00:00,2026-08-30T01:00,2026-08-30T00:00:00+00:00,15.7,18.0
London,2026-08-21T03:29:38.976930+00:00,2026-08-30T02:00,2026-08-30T01:00:00+00:00,15.4,15.0
London,2026-08-21T03:29:38.976930+00:00,2026-08-30T03:00,2026-08-30T02:00:00+00:00,14.9,14.0
London,2026-08-21T03:29:38.976930+00:00,2026-08-30T04:00,2026-08-30T03:00:00+00:00,14.5,14.0
London,2026-08-21T03:29:38.976930+00:00,2026-08-30T05:00,2026-08-30T04:00:00+00:00,14.2,14.0
London,2026-08-21T03:29:38.976930+00:00,2026-08-30T06:00,2026-08-30T05:00:00+00:00,14.2,15.0
London,2026-08-21T03:29:38.976930+00:00,2026-08-30T07:00,2026-08-30T06:00:00+00:00,14.4,16.0
London,2026-08-21T03:29:38.976930+00:00,2026-08-30T08:00,2026-08-30T07:00:00+00:00,15.2,18.0
London,2026-08-21T03:29:38.976930+00:00,2026-08-30T09:00,2026-08-30T08:00:00+00:00,16.4,20.0
London,2026-08-21T03:29:38.976930+00:00,2026-08-30T10:00,2026-08-30T09:00:00+00:00,17.8,22.0
London,2026-08-21T03:29:38.976930+00:00,2026-08-30T11:00,2026-08-30T10:00:00+00:00,19.2,25.0
London,2026-08-21T03:29:38.976930+00:00,2026-08-30T12:00,2026-08-30T11:00:00+00:00,20.4,28.0
London,2026-08-21T03:29:38.976930+00:00,2026-08-30T13:00,2026-08-30T12:00:00+00:00,21.1,31.0
London,2026-08-21T03:29:38.976930+00:00,2026-08-30T14:00,2026-08-30T13:00:00+00:00,21.3,35.0
London,2026-08-21T03:29:38.976930+00:00,2026-08-30T15:00,2026-08-30T14:00:00+00:00,21.1,40.0
London,2026-08-21T03:29:38.976930+00:00,2026-08-30T16:00,2026-08-30T15:00:00+00:00,20.7,44.0
London,2026-08-21T03:29:38.976930+00:00,2026-08-30T17:00,2026-08-30T16:00:00+00:00,20.2,48.0
London,2026-08-21T03:29:38.976930+00:00,2026-08-30T18:00,2026-08-30T17:00:00+00:00,19.6,51.0
London,2026-08-21T03:29:38.976930+00:00,2026-08-30T19:00,2026-08-30T18:00:00+00:00,19.1,51.0
London,2026-08-21T03:29:38.976930+00:00,2026-08-30T20:00,2026-08-30T19:00:00+00:00,18.7,47.0
London,2026-08-21T03:29:38.976930+00:00,2026-08-30T21:00,2026-08-30T20:00:00+00:00,18.1,39.0
London,2026-08-21T03:29:38.976930+00:00,2026-08-30T22:00,2026-08-30T21:00:00+00:00,17.5,32.0
London,2026-08-21T03:29:38.976930+00:00,2026-08-30T23:00,2026-08-30T22:00:00+00:00,17.0,25.0
London,2026-08-21T03:29:38.976930+00:00,2026-08-31T00:00,2026-08-30T23:00:00+00:00,16.4,17.0
London,2026-08-21T03:29:38.976930+00:00,2026-08-31T01:00,2026-08-31T00:00:00+00:00,16.0,12.0
London,2026-08-21T03:29:38.976930+00:00,2026-08-31T02:00,2026-08-31T01:00:00+00:00,15.5,10.0
London,2026-08-21T03:29:38.976930+00:00,2026-08-31T03:00,2026-08-31T02:00:00+00:00,15.0,11.0
London,2026-08-21T03:29:38.976930+00:00,2026-08-31T04:00,2026-08-31T03:00:00+00:00,14.5,12.0
London,2026-08-21T03:29:38.976930+00:00,2026-08-31T05:00,2026-08-31T04:00:00+00:00,14.1,14.0
London,2026-08-21T03:29:38.976930+00:00,2026-08-31T06:00,2026-08-31T05:00:00+00:00,14.0,16.0
London,2026-08-21T03:29:38.976930+00:00,2026-08-31T07:00,2026-08-31T06:00:00+00:00,14.2,18.0
London,2026-08-21T03:29:38.976930+00:00,2026-08-31T08:00,2026-08-31T07:00:00+00:00,14.8,18.0
London,2026-08-21T03:29:38.976930+00:00,2026-08-31T09:00,2026-08-31T08:00:00+00:00,15.9,18.0
London,2026-08-21T03:29:38.976930+00:00,2026-08-31T10:00,2026-08-31T09:00:00+00:00,17.3,18.0
London,2026-08-21T03:29:38.976930+00:00,2026-08-31T11:00,2026-08-31T10:00:00+00:00,18.6,18.0
London,2026-08-21T03:29:38.976930+00:00,2026-08-31T12:00,2026-08-31T11:00:00+00:00,19.7,19.0
London,2026-08-21T03:29:38.976930+00:00,2026-08-31T13:00,2026-08-31T12:00:00+00:00,20.5,22.0
London,2026-08-21T03:29:38.976930+00:00,2026-08-31T14:00,2026-08-31T13:00:00+00:00,20.8,29.0
London,2026-08-21T03:29:38.976930+00:00,2026-08-31T15:00,2026-08-31T14:00:00+00:00,20.9,37.0
London,2026-08-21T03:29:38.976930+00:00,2026-08-31T16:00,2026-08-31T15:00:00+00:00,20.8,45.0
London,2026-08-21T03:29:38.976930+00:00,2026-08-31T17:00,2026-08-31T16:00:00+00:00,20.5,52.0
London,2026-08-21T03:29:38.976930+00:00,2026-08-31T18:00,2026-08-31T17:00:00+00:00,20.2,59.0
London,2026-08-21T03:29:38.976930+00:00,2026-08-31T19:00,2026-08-31T18:00:00+00:00,19.9,61.0
London,2026-08-21T03:29:38.976930+00:00,2026-08-31T20:00,2026-08-31T19:00:00+00:00,19.4,57.0
London,2026-08-21T03:29:38.976930+00:00,2026-08-31T21:00,2026-08-31T20:00:00+00:00,18.9,49.0
London,2026-08-21T03:29:38.976930+00:00,2026-08-31T22:00,2026-08-31T21:00:00+00:00,18.2,41.0
London,2026-08-21T03:29:38.976930+00:00,2026-08-31T23:00,2026-08-31T22:00:00+00:00,17.5,32.0
London,2026-08-21T03:29:38.976930+00:00,2026-09-01T00:00,2026-08-31T23:00:00+00:00,16.9,23.0
London,2026-08-21T03:29:38.976930+00:00,2026-09-01T01:00,2026-09-01T00:00:00+00:00,16.5,16.0
London,2026-08-21T03:29:38.976930+00:00,2026-09-01T02:00,2026-09-01T01:00:00+00:00,16.1,14.0
London,2026-08-21T03:29:38.976930+00:00,2026-09-01T03:00,2026-09-01T02:00:00+00:00,15.9,14.0
London,2026-08-21T03:29:38.976930+00:00,2026-09-01T04:00,2026-09-01T03:00:00+00:00,15.7,15.0
London,2026-08-21T03:29:38.976930+00:00,2026-09-01T05:00,2026-09-01T04:00:00+00:00,15.5,16.0
London,2026-08-21T03:29:38.976930+00:00,2026-09-01T06:00,2026-09-01T05:00:00+00:00,15.6,18.0
London,2026-08-21T03:29:38.976930+00:00,2026-09-01T07:00,2026-09-01T06:00:00+00:00,15.7,20.0
London,2026-08-21T03:29:38.976930+00:00,2026-09-01T08:00,2026-09-01T07:00:00+00:00,16.2,21.0
London,2026-08-21T03:29:38.976930+00:00,2026-09-01T09:00,2026-09-01T08:00:00+00:00,16.9,21.0
London,2026-08-21T03:29:38.976930+00:00,2026-09-01T10:00,2026-09-01T09:00:00+00:00,17.7,22.0
London,2026-08-21T03:29:38.976930+00:00,2026-09-01T11:00,2026-09-01T10:00:00+00:00,18.5,23.0
London,2026-08-21T03:29:38.976930+00:00,2026-09-01T12:00,2026-09-01T11:00:00+00:00,19.1,23.0
London,2026-08-21T03:29:38.976930+00:00,2026-09-01T13:00,2026-09-01T12:00:00+00:00,19.4,25.0
London,2026-08-21T03:29:38.976930+00:00,2026-09-01T14:00,2026-09-01T13:00:00+00:00,19.3,28.0
London,2026-08-21T03:29:38.976930+00:00,2026-09-01T15:00,2026-09-01T14:00:00+00:00,19.0,32.0
London,2026-08-21T03:29:38.976930+00:00,2026-09-01T16:00,2026-09-01T15:00:00+00:00,18.4,35.0
London,2026-08-21T03:29:38.976930+00:00,2026-09-01T17:00,2026-09-01T16:00:00+00:00,17.8,38.0
London,2026-08-21T03:29:38.976930+00:00,2026-09-01T18:00,2026-09-01T17:00:00+00:00,17.2,40.0
London,2026-08-21T03:29:38.976930+00:00,2026-09-01T19:00,2026-09-01T18:00:00+00:00,16.8,41.0
London,2026-08-21T03:29:38.976930+00:00,2026-09-01T20:00,2026-09-01T19:00:00+00:00,16.4,39.0
London,2026-08-21T03:29:38.976930+00:00,2026-09-01T21:00,2026-09-01T20:00:00+00:00,16.0,35.0
London,2026-08-21T03:29:38.976930+00:00,2026-09-01T22:00,2026-09-01T21:00:00+00:00,15.7,31.0
London,2026-08-21T03:29:38.976930+00:00,2026-09-01T23:00,2026-09-01T22:00:00+00:00,15.4,27.0
London,2026-08-21T03:29:38.976930+00:00,2026-09-02T00:00,2026-09-01T23:00:00+00:00,15.1,22.0
London,2026-08-21T03:29:38.976930+00:00,2026-09-02T01:00,2026-09-02T00:00:00+00:00,14.9,18.0
London,2026-08-21T03:29:38.976930+00:00,2026-09-02T02:00,2026-09-02T01:00:00+00:00,14.7,16.0
London,2026-08-21T03:29:38.976930+00:00,2026-09-02T03:00,2026-09-02T02:00:00+00:00,14.5,15.0
London,2026-08-21T03:29:38.976930+00:00,2026-09-02T04:00,2026-09-02T03:00:00+00:00,14.3,14.0
London,2026-08-21T03:29:38.976930+00:00,2026-09-02T05:00,2026-09-02T04:00:00+00:00,14.2,14.0
London,2026-08-21T03:29:38.976930+00:00,2026-09-02T06:00,2026-09-02T05:00:00+00:00,14.3,14.0
London,2026-08-21T03:29:38.976930+00:00,2026-09-02T07:00,2026-09-02T06:00:00+00:00,14.6,14.0
London,2026-08-21T03:29:38.976930+00:00,2026-09-02T08:00,2026-09-02T07:00:00+00:00,15.3,15.0
London,2026-08-21T03:29:38.976930+00:00,2026-09-02T09:00,2026-09-02T08:00:00+00:00,16.4,16.0
London,2026-08-21T03:29:38.976930+00:00,2026-09-02T10:00,2026-09-02T09:00:00+00:00,17.6,17.0
London,2026-08-21T03:29:38.976930+00:00,2026-09-02T11:00,2026-09-02T10:00:00+00:00,18.9,18.0
London,2026-08-21T03:29:38.976930+00:00,2026-09-02T12:00,2026-09-02T11:00:00+00:00,19.9,20.0
London,2026-08-21T03:29:38.976930+00:00,2026-09-02T13:00,2026-09-02T12:00:00+00:00,20.5,22.0
London,2026-08-21T03:29:38.976930+00:00,2026-09-02T14:00,2026-09-02T13:00:00+00:00,20.8,25.0
London,2026-08-21T03:29:38.976930+00:00,2026-09-02T15:00,2026-09-02T14:00:00+00:00,20.7,29.0
London,2026-08-21T03:29:38.976930+00:00,2026-09-02T16:00,2026-09-02T15:00:00+00:00,20.5,33.0
London,2026-08-21T03:29:38.976930+00:00,2026-09-02T17:00,2026-09-02T16:00:00+00:00,20.1,36.0
London,2026-08-21T03:29:38.976930+00:00,2026-09-02T18:00,2026-09-02T17:00:00+00:00,19.6,39.0
London,2026-08-21T03:29:38.976930+00:00,2026-09-02T19:00,2026-09-02T18:00:00+00:00,19.1,39.0
London,2026-08-21T03:29:38.976930+00:00,2026-09-02T20:00,2026-09-02T19:00:00+00:00,18.5,36.0
London,2026-08-21T03:29:38.976930+00:00,2026-09-02T21:00,2026-09-02T20:00:00+00:00,17.7,32.0
London,2026-08-21T03:29:38.976930+00:00,2026-09-02T22:00,2026-09-02T21:00:00+00:00,16.9,27.0
London,2026-08-21T03:29:38.976930+00:00,2026-09-02T23:00,2026-09-02T22:00:00+00:00,16.0,22.0
London,2026-08-21T03:29:38.976930+00:00,2026-09-03T00:00,2026-09-02T23:00:00+00:00,15.2,17.0
London,2026-08-21T03:29:38.976930+00:00,2026-09-03T01:00,2026-09-03T00:00:00+00:00,14.6,14.0
London,2026-08-21T03:29:38.976930+00:00,2026-09-03T02:00,2026-09-03T01:00:00+00:00,14.1,14.0
London,2026-08-21T03:29:38.976930+00:00,2026-09-03T03:00,2026-09-03T02:00:00+00:00,13.6,15.0
London,2026-08-21T03:29:38.976930+00:00,2026-09-03T04:00,2026-09-03T03:00:00+00:00,13.1,17.0
London,2026-08-21T03:29:38.976930+00:00,2026-09-03T05:00,2026-09-03T04:00:00+00:00,12.8,19.0
London,2026-08-21T03:29:38.976930+00:00,2026-09-03T06:00,2026-09-03T05:00:00+00:00,12.8,21.0
London,2026-08-21T03:29:38.976930+00:00,2026-09-03T07:00,2026-09-03T06:00:00+00:00,13.1,22.0
London,2026-08-21T03:29:38.976930+00:00,2026-09-03T08:00,2026-09-03T07:00:00+00:00,13.9,22.0
London,2026-08-21T03:29:38.976930+00:00,2026-09-03T09:00,2026-09-03T08:00:00+00:00,15.3,21.0
London,2026-08-21T03:29:38.976930+00:00,2026-09-03T10:00,2026-09-03T09:00:00+00:00,16.9,20.0
London,2026-08-21T03:29:38.976930+00:00,2026-09-03T11:00,2026-09-03T10:00:00+00:00,18.5,19.0
London,2026-08-21T03:29:38.976930+00:00,2026-09-03T12:00,2026-09-03T11:00:00+00:00,19.8,19.0
London,2026-08-21T03:29:38.976930+00:00,2026-09-03T13:00,2026-09-03T12:00:00+00:00,20.7,20.0
London,2026-08-21T03:29:38.976930+00:00,2026-09-03T14:00,2026-09-03T13:00:00+00:00,20.9,23.0
London,2026-08-21T03:29:38.976930+00:00,2026-09-03T15:00,2026-09-03T14:00:00+00:00,20.9,26.0
London,2026-08-21T03:29:38.976930+00:00,2026-09-03T16:00,2026-09-03T15:00:00+00:00,20.5,30.0
London,2026-08-21T03:29:38.976930+00:00,2026-09-03T17:00,2026-09-03T16:00:00+00:00,20.0,34.0
London,2026-08-21T03:29:38.976930+00:00,2026-09-03T18:00,2026-09-03T17:00:00+00:00,19.4,37.0
London,2026-08-21T03:29:38.976930+00:00,2026-09-03T19:00,2026-09-03T18:00:00+00:00,18.9,39.0
London,2026-08-21T03:29:38.976930+00:00,2026-09-03T20:00,2026-09-03T19:00:00+00:00,18.4,39.0
London,2026-08-21T03:29:38.976930+00:00,2026-09-03T21:00,2026-09-03T20:00:00+00:00,17.7,36.0
London,2026-08-21T03:29:38.976930+00:00,2026-09-03T22:00,2026-09-03T21:00:00+00:00,16.9,34.0
London,2026-08-21T03:29:38.976930+00:00,2026-09-03T23:00,2026-09-03T22:00:00+00:00,16.2,31.0
London,2026-08-21T03:29:38.976930+00:00,2026-09-04T00:00,2026-09-03T23:00:00+00:00,15.6,28.0
London,2026-08-21T03:29:38.976930+00:00,2026-09-04T01:00,2026-09-04T00:00:00+00:00,15.2,25.0
London,2026-08-21T03:29:38.976930+00:00,2026-09-04T02:00,2026-09-04T01:00:00+00:00,15.0,24.0
London,2026-08-21T03:29:38.976930+00:00,2026-09-04T03:00,2026-09-04T02:00:00+00:00,15.0,23.0
London,2026-08-21T03:29:38.976930+00:00,2026-09-04T04:00,2026-09-04T03:00:00+00:00,15.1,22.0
London,2026-08-21T03:29:38.976930+00:00,2026-09-04T05:00,2026-09-04T04:00:00+00:00,15.3,21.0
London,2026-08-21T03:29:38.976930+00:00,2026-09-04T06:00,2026-09-04T05:00:00+00:00,15.5,20.0
London,2026-08-21T03:29:38.976930+00:00,2026-09-04T07:00,2026-09-04T06:00:00+00:00,15.8,20.0
London,2026-08-21T03:29:38.976930+00:00,2026-09-04T08:00,2026-09-04T07:00:00+00:00,16.1,20.0
London,2026-08-21T03:29:38.976930+00:00,2026-09-04T09:00,2026-09-04T08:00:00+00:00,16.7,21.0
London,2026-08-21T03:29:38.976930+00:00,2026-09-04T10:00,2026-09-04T09:00:00+00:00,17.2,21.0
London,2026-08-21T03:29:38.976930+00:00,2026-09-04T11:00,2026-09-04T10:00:00+00:00,17.8,21.0
London,2026-08-21T03:29:38.976930+00:00,2026-09-04T12:00,2026-09-04T11:00:00+00:00,18.3,22.0
London,2026-08-21T03:29:38.976930+00:00,2026-09-04T13:00,2026-09-04T12:00:00+00:00,18.6,22.0
London,2026-08-21T03:29:38.976930+00:00,2026-09-04T14:00,2026-09-04T13:00:00+00:00,18.7,22.0
London,2026-08-21T03:29:38.976930+00:00,2026-09-04T15:00,2026-09-04T14:00:00+00:00,18.7,22.0
London,2026-08-21T03:29:38.976930+00:00,2026-09-04T16:00,2026-09-04T15:00:00+00:00,,
London,2026-08-21T03:29:38.976930+00:00,2026-09-04T17:00,2026-09-04T16:00:00+00:00,,
London,2026-08-21T03:29:38.976930+00:00,2026-09-04T18:00,2026-09-04T17:00:00+00:00,,
London,2026-08-21T03:29:38.976930+00:00,2026-09-04T19:00,2026-09-04T18:00:00+00:00,,
London,2026-08-21T03:29:38.976930+00:00,2026-09-04T20:00,2026-09-04T19:00:00+00:00,,
London,2026-08-21T03:29:38.976930+00:00,2026-09-04T21:00,2026-09-04T20:00:00+00:00,,
London,2026-08-21T03:29:38.976930+00:00,2026-09-04T22:00,2026-09-04T21:00:00+00:00,,
London,2026-08-21T03:29:38.976930+00:00,2026-09-04T23:00,2026-09-04T22:00:00+00:00,,
London,2026-08-21T03:29:38.976930+00:00,2026-09-05T00:00,2026-09-04T23:00:00+00:00,,
London,2026-08-21T03:29:38.976930+00:00,2026-09-05T01:00,2026-09-05T00:00:00+00:00,,
London,2026-08-21T03:29:38.976930+00:00,2026-09-05T02:00,2026-09-05T01:00:00+00:00,,
London,2026-08-21T03:29:38.976930+00:00,2026-09-05T03:00,2026-09-05T02:00:00+00:00,,
London,2026-08-21T03:29:38.976930+00:00,2026-09-05T04:00,2026-09-05T03:00:00+00:00,,
London,2026-08-21T03:29:38.976930+00:00,2026-09-05T05:00,2026-09-05T04:00:00+00:00,,
London,2026-08-21T03:29:38.976930+00:00,2026-09-05T06:00,2026-09-05T05:00:00+00:00,,
London,2026-08-21T03:29:38.976930+00:00,2026-09-05T07:00,2026-09-05T06:00:00+00:00,,
London,2026-08-21T03:29:38.976930+00:00,2026-09-05T08:00,2026-09-05T07:00:00+00:00,,
London,2026-08-21T03:29:38.976930+00:00,2026-09-05T09:00,2026-09-05T08:00:00+00:00,,
London,2026-08-21T03:29:38.976930+00:00,2026-09-05T10:00,2026-09-05T09:00:00+00:00,,
London,2026-08-21T03:29:38.976930+00:00,2026-09-05T11:00,2026-09-05T10:00:00+00:00,,
London,2026-08-21T03:29:38.976930+00:00,2026-09-05T12:00,2026-09-05T11:00:00+00:00,,
London,2026-08-21T03:29:38.976930+00:00,2026-09-05T13:00,2026-09-05T12:00:00+00:00,,
London,2026-08-21T03:29:38.976930+00:00,2026-09-05T14:00,2026-09-05T13:00:00+00:00,,
London,2026-08-21T03:29:38.976930+00:00,2026-09-05T15:00,2026-09-05T14:00:00+00:00,,
London,2026-08-21T03:29:38.976930+00:00,2026-09-05T16:00,2026-09-05T15:00:00+00:00,,
London,2026-08-21T03:29:38.976930+00:00,2026-09-05T17:00,2026-09-05T16:00:00+00:00,,
London,2026-08-21T03:29:38.976930+00:00,2026-09-05T18:00,2026-09-05T17:00:00+00:00,,
London,2026-08-21T03:29:38.976930+00:00,2026-09-05T19:00,2026-09-05T18:00:00+00:00,,
London,2026-08-21T03:29:38.976930+00:00,2026-09-05T20:00,2026-09-05T19:00:00+00:00,,
London,2026-08-21T03:29:38.976930+00:00,2026-09-05T21:00,2026-09-05T20:00:00+00:00,,
London,2026-08-21T03:29:38.976930+00:00,2026-09-05T22:00,2026-09-05T21:00:00+00:00,,
London,2026-08-21T03:29:38.976930+00:00,2026-09-05T23:00,2026-09-05T22:00:00+00:00,,
London,2026-08-21T05:06:11.792270+00:00,2026-08-21T00:00,2026-08-20T23:00:00+00:00,16.1,13.0
London,2026-08-21T05:06:11.792270+00:00,2026-08-21T01:00,2026-08-21T00:00:00+00:00,15.8,0.0
London,2026-08-21T05:06:11.792270+00:00,2026-08-21T02:00,2026-08-21T01:00:00+00:00,15.5,0.0
London,2026-08-21T05:06:11.792270+00:00,2026-08-21T03:00,2026-08-21T02:00:00+00:00,15.4,0.0
London,2026-08-21T05:06:11.792270+00:00,2026-08-21T04:00,2026-08-21T03:00:00+00:00,15.3,0.0
London,2026-08-21T05:06:11.792270+00:00,2026-08-21T05:00,2026-08-21T04:00:00+00:00,15.3,0.0
London,2026-08-21T05:06:11.792270+00:00,2026-08-21T06:00,2026-08-21T05:00:00+00:00,15.1,0.0
London,2026-08-21T05:06:11.792270+00:00,2026-08-21T07:00,2026-08-21T06:00:00+00:00,14.9,0.0
London,2026-08-21T05:06:11.792270+00:00,2026-08-21T08:00,2026-08-21T07:00:00+00:00,15.1,0.0
London,2026-08-21T05:06:11.792270+00:00,2026-08-21T09:00,2026-08-21T08:00:00+00:00,15.6,0.0
London,2026-08-21T05:06:11.792270+00:00,2026-08-21T10:00,2026-08-21T09:00:00+00:00,16.5,0.0
London,2026-08-21T05:06:11.792270+00:00,2026-08-21T11:00,2026-08-21T10:00:00+00:00,17.5,0.0
London,2026-08-21T05:06:11.792270+00:00,2026-08-21T12:00,2026-08-21T11:00:00+00:00,18.5,0.0
London,2026-08-21T05:06:11.792270+00:00,2026-08-21T13:00,2026-08-21T12:00:00+00:00,19.4,0.0
London,2026-08-21T05:06:11.792270+00:00,2026-08-21T14:00,2026-08-21T13:00:00+00:00,20.6,3.0
London,2026-08-21T05:06:11.792270+00:00,2026-08-21T15:00,2026-08-21T14:00:00+00:00,20.7,7.0
London,2026-08-21T05:06:11.792270+00:00,2026-08-21T16:00,2026-08-21T15:00:00+00:00,20.8,14.0
London,2026-08-21T05:06:11.792270+00:00,2026-08-21T17:00,2026-08-21T16:00:00+00:00,20.5,26.0
London,2026-08-21T05:06:11.792270+00:00,2026-08-21T18:00,2026-08-21T17:00:00+00:00,19.6,40.0
London,2026-08-21T05:06:11.792270+00:00,2026-08-21T19:00,2026-08-21T18:00:00+00:00,18.4,47.0
London,2026-08-21T05:06:11.792270+00:00,2026-08-21T20:00,2026-08-21T19:00:00+00:00,17.0,40.0
London,2026-08-21T05:06:11.792270+00:00,2026-08-21T21:00,2026-08-21T20:00:00+00:00,16.1,26.0
London,2026-08-21T05:06:11.792270+00:00,2026-08-21T22:00,2026-08-21T21:00:00+00:00,15.3,14.0
London,2026-08-21T05:06:11.792270+00:00,2026-08-21T23:00,2026-08-21T22:00:00+00:00,15.0,7.0
London,2026-08-21T05:06:11.792270+00:00,2026-08-22T00:00,2026-08-21T23:00:00+00:00,14.6,3.0
London,2026-08-21T05:06:11.792270+00:00,2026-08-22T01:00,2026-08-22T00:00:00+00:00,14.1,0.0
London,2026-08-21T05:06:11.792270+00:00,2026-08-22T02:00,2026-08-22T01:00:00+00:00,13.7,0.0
London,2026-08-21T05:06:11.792270+00:00,2026-08-22T03:00,2026-08-22T02:00:00+00:00,13.2,0.0
London,2026-08-21T05:06:11.792270+00:00,2026-08-22T04:00,2026-08-22T03:00:00+00:00,13.0,0.0
London,2026-08-21T05:06:11.792270+00:00,2026-08-22T05:00,2026-08-22T04:00:00+00:00,12.7,1.0
London,2026-08-21T05:06:11.792270+00:00,2026-08-22T06:00,2026-08-22T05:00:00+00:00,12.4,2.0
London,2026-08-21T05:06:11.792270+00:00,2026-08-22T07:00,2026-08-22T06:00:00+00:00,12.4,2.0
London,2026-08-21T05:06:11.792270+00:00,2026-08-22T08:00,2026-08-22T07:00:00+00:00,13.1,2.0
London,2026-08-21T05:06:11.792270+00:00,2026-08-22T09:00,2026-08-22T08:00:00+00:00,14.3,1.0
London,2026-08-21T05:06:11.792270+00:00,2026-08-22T10:00,2026-08-22T09:00:00+00:00,15.9,0.0
London,2026-08-21T05:06:11.792270+00:00,2026-08-22T11:00,2026-08-22T10:00:00+00:00,17.2,0.0
London,2026-08-21T05:06:11.792270+00:00,2026-08-22T12:00,2026-08-22T11:00:00+00:00,18.0,0.0
London,2026-08-21T05:06:11.792270+00:00,2026-08-22T13:00,2026-08-22T12:00:00+00:00,18.9,0.0
London,2026-08-21T05:06:11.792270+00:00,2026-08-22T14:00,2026-08-22T13:00:00+00:00,19.7,0.0
London,2026-08-21T05:06:11.792270+00:00,2026-08-22T15:00,2026-08-22T14:00:00+00:00,20.2,0.0
London,2026-08-21T05:06:11.792270+00:00,2026-08-22T16:00,2026-08-22T15:00:00+00:00,20.7,0.0
London,2026-08-21T05:06:11.792270+00:00,2026-08-22T17:00,2026-08-22T16:00:00+00:00,20.7,0.0
London,2026-08-21T05:06:11.792270+00:00,2026-08-22T18:00,2026-08-22T17:00:00+00:00,20.5,0.0
London,2026-08-21T05:06:11.792270+00:00,2026-08-22T19:00,2026-08-22T18:00:00+00:00,20.2,0.0
London,2026-08-21T05:06:11.792270+00:00,2026-08-22T20:00,2026-08-22T19:00:00+00:00,19.7,0.0
London,2026-08-21T05:06:11.792270+00:00,2026-08-22T21:00,2026-08-22T20:00:00+00:00,19.1,0.0
London,2026-08-21T05:06:11.792270+00:00,2026-08-22T22:00,2026-08-22T21:00:00+00:00,18.3,0.0
London,2026-08-21T05:06:11.792270+00:00,2026-08-22T23:00,2026-08-22T22:00:00+00:00,17.6,0.0
London,2026-08-21T05:06:11.792270+00:00,2026-08-23T00:00,2026-08-22T23:00:00+00:00,16.9,0.0
London,2026-08-21T05:06:11.792270+00:00,2026-08-23T01:00,2026-08-23T00:00:00+00:00,16.1,0.0
London,2026-08-21T05:06:11.792270+00:00,2026-08-23T02:00,2026-08-23T01:00:00+00:00,15.3,0.0
London,2026-08-21T05:06:11.792270+00:00,2026-08-23T03:00,2026-08-23T02:00:00+00:00,15.0,0.0
London,2026-08-21T05:06:11.792270+00:00,2026-08-23T04:00,2026-08-23T03:00:00+00:00,14.6,0.0
London,2026-08-21T05:06:11.792270+00:00,2026-08-23T05:00,2026-08-23T04:00:00+00:00,15.0,0.0
London,2026-08-21T05:06:11.792270+00:00,2026-08-23T06:00,2026-08-23T05:00:00+00:00,15.0,0.0
London,2026-08-21T05:06:11.792270+00:00,2026-08-23T07:00,2026-08-23T06:00:00+00:00,15.3,0.0
London,2026-08-21T05:06:11.792270+00:00,2026-08-23T08:00,2026-08-23T07:00:00+00:00,16.4,0.0
London,2026-08-21T05:06:11.792270+00:00,2026-08-23T09:00,2026-08-23T08:00:00+00:00,17.0,0.0
London,2026-08-21T05:06:11.792270+00:00,2026-08-23T10:00,2026-08-23T09:00:00+00:00,17.8,0.0
London,2026-08-21T05:06:11.792270+00:00,2026-08-23T11:00,2026-08-23T10:00:00+00:00,18.6,0.0
London,2026-08-21T05:06:11.792270+00:00,2026-08-23T12:00,2026-08-23T11:00:00+00:00,19.6,0.0
London,2026-08-21T05:06:11.792270+00:00,2026-08-23T13:00,2026-08-23T12:00:00+00:00,20.4,0.0
London,2026-08-21T05:06:11.792270+00:00,2026-08-23T14:00,2026-08-23T13:00:00+00:00,21.0,0.0
London,2026-08-21T05:06:11.792270+00:00,2026-08-23T15:00,2026-08-23T14:00:00+00:00,21.4,0.0
London,2026-08-21T05:06:11.792270+00:00,2026-08-23T16:00,2026-08-23T15:00:00+00:00,21.8,0.0
London,2026-08-21T05:06:11.792270+00:00,2026-08-23T17:00,2026-08-23T16:00:00+00:00,22.3,0.0
London,2026-08-21T05:06:11.792270+00:00,2026-08-23T18:00,2026-08-23T17:00:00+00:00,22.7,0.0
London,2026-08-21T05:06:11.792270+00:00,2026-08-23T19:00,2026-08-23T18:00:00+00:00,22.7,0.0
London,2026-08-21T05:06:11.792270+00:00,2026-08-23T20:00,2026-08-23T19:00:00+00:00,22.0,0.0
London,2026-08-21T05:06:11.792270+00:00,2026-08-23T21:00,2026-08-23T20:00:00+00:00,20.9,0.0
London,2026-08-21T05:06:11.792270+00:00,2026-08-23T22:00,2026-08-23T21:00:00+00:00,19.9,0.0
London,2026-08-21T05:06:11.792270+00:00,2026-08-23T23:00,2026-08-23T22:00:00+00:00,19.1,0.0
London,2026-08-21T05:06:11.792270+00:00,2026-08-24T00:00,2026-08-23T23:00:00+00:00,18.4,0.0
London,2026-08-21T05:06:11.792270+00:00,2026-08-24T01:00,2026-08-24T00:00:00+00:00,17.8,0.0
London,2026-08-21T05:06:11.792270+00:00,2026-08-24T02:00,2026-08-24T01:00:00+00:00,17.3,0.0
London,2026-08-21T05:06:11.792270+00:00,2026-08-24T03:00,2026-08-24T02:00:00+00:00,16.9,0.0
London,2026-08-21T05:06:11.792270+00:00,2026-08-24T04:00,2026-08-24T03:00:00+00:00,16.6,0.0
London,2026-08-21T05:06:11.792270+00:00,2026-08-24T05:00,2026-08-24T04:00:00+00:00,16.3,0.0
London,2026-08-21T05:06:11.792270+00:00,2026-08-24T06:00,2026-08-24T05:00:00+00:00,15.9,0.0
London,2026-08-21T05:06:11.792270+00:00,2026-08-24T07:00,2026-08-24T06:00:00+00:00,16.0,0.0
London,2026-08-21T05:06:11.792270+00:00,2026-08-24T08:00,2026-08-24T07:00:00+00:00,16.8,0.0
London,2026-08-21T05:06:11.792270+00:00,2026-08-24T09:00,2026-08-24T08:00:00+00:00,17.9,0.0
London,2026-08-21T05:06:11.792270+00:00,2026-08-24T10:00,2026-08-24T09:00:00+00:00,18.9,0.0
London,2026-08-21T05:06:11.792270+00:00,2026-08-24T11:00,2026-08-24T10:00:00+00:00,19.7,1.0
London,2026-08-21T05:06:11.792270+00:00,2026-08-24T12:00,2026-08-24T11:00:00+00:00,20.5,2.0
London,2026-08-21T05:06:11.792270+00:00,2026-08-24T13:00,2026-08-24T12:00:00+00:00,21.0,2.0
London,2026-08-21T05:06:11.792270+00:00,2026-08-24T14:00,2026-08-24T13:00:00+00:00,21.2,1.0
London,2026-08-21T05:06:11.792270+00:00,2026-08-24T15:00,2026-08-24T14:00:00+00:00,21.3,0.0
London,2026-08-21T05:06:11.792270+00:00,2026-08-24T16:00,2026-08-24T15:00:00+00:00,21.3,0.0
London,2026-08-21T05:06:11.792270+00:00,2026-08-24T17:00,2026-08-24T16:00:00+00:00,21.1,1.0
London,2026-08-21T05:06:11.792270+00:00,2026-08-24T18:00,2026-08-24T17:00:00+00:00,20.9,3.0
London,2026-08-21T05:06:11.792270+00:00,2026-08-24T19:00,2026-08-24T18:00:00+00:00,20.6,4.0
London,2026-08-21T05:06:11.792270+00:00,2026-08-24T20:00,2026-08-24T19:00:00+00:00,20.4,3.0
London,2026-08-21T05:06:11.792270+00:00,2026-08-24T21:00,2026-08-24T20:00:00+00:00,20.1,1.0
London,2026-08-21T05:06:11.792270+00:00,2026-08-24T22:00,2026-08-24T21:00:00+00:00,19.8,0.0
London,2026-08-21T05:06:11.792270+00:00,2026-08-24T23:00,2026-08-24T22:00:00+00:00,19.7,1.0
London,2026-08-21T05:06:11.792270+00:00,2026-08-25T00:00,2026-08-24T23:00:00+00:00,19.7,2.0
London,2026-08-21T05:06:11.792270+00:00,2026-08-25T01:00,2026-08-25T00:00:00+00:00,19.5,4.0
London,2026-08-21T05:06:11.792270+00:00,2026-08-25T02:00,2026-08-25T01:00:00+00:00,19.1,5.0
London,2026-08-21T05:06:11.792270+00:00,2026-08-25T03:00,2026-08-25T02:00:00+00:00,18.6,6.0
London,2026-08-21T05:06:11.792270+00:00,2026-08-25T04:00,2026-08-25T03:00:00+00:00,18.2,8.0
London,2026-08-21T05:06:11.792270+00:00,2026-08-25T05:00,2026-08-25T04:00:00+00:00,18.0,11.0
London,2026-08-21T05:06:11.792270+00:00,2026-08-25T06:00,2026-08-25T05:00:00+00:00,17.8,14.0
London,2026-08-21T05:06:11.792270+00:00,2026-08-25T07:00,2026-08-25T06:00:00+00:00,17.9,16.0
London,2026-08-21T05:06:11.792270+00:00,2026-08-25T08:00,2026-08-25T07:00:00+00:00,18.4,15.0
London,2026-08-21T05:06:11.792270+00:00,2026-08-25T09:00,2026-08-25T08:00:00+00:00,19.1,12.0
London,2026-08-21T05:06:11.792270+00:00,2026-08-25T10:00,2026-08-25T09:00:00+00:00,20.1,10.0
London,2026-08-21T05:06:11.792270+00:00,2026-08-25T11:00,2026-08-25T10:00:00+00:00,21.3,10.0
London,2026-08-21T05:06:11.792270+00:00,2026-08-25T12:00,2026-08-25T11:00:00+00:00,22.8,11.0
London,2026-08-21T05:06:11.792270+00:00,2026-08-25T13:00,2026-08-25T12:00:00+00:00,24.1,12.0
London,2026-08-21T05:06:11.792270+00:00,2026-08-25T14:00,2026-08-25T13:00:00+00:00,25.2,12.0
London,2026-08-21T05:06:11.792270+00:00,2026-08-25T15:00,2026-08-25T14:00:00+00:00,26.2,12.0
London,2026-08-21T05:06:11.792270+00:00,2026-08-25T16:00,2026-08-25T15:00:00+00:00,26.7,12.0
London,2026-08-21T05:06:11.792270+00:00,2026-08-25T17:00,2026-08-25T16:00:00+00:00,26.5,12.0
London,2026-08-21T05:06:11.792270+00:00,2026-08-25T18:00,2026-08-25T17:00:00+00:00,26.0,12.0
London,2026-08-21T05:06:11.792270+00:00,2026-08-25T19:00,2026-08-25T18:00:00+00:00,25.3,12.0
London,2026-08-21T05:06:11.792270+00:00,2026-08-25T20:00,2026-08-25T19:00:00+00:00,24.7,12.0
London,2026-08-21T05:06:11.792270+00:00,2026-08-25T21:00,2026-08-25T20:00:00+00:00,24.0,13.0
London,2026-08-21T05:06:11.792270+00:00,2026-08-25T22:00,2026-08-25T21:00:00+00:00,23.2,14.0
London,2026-08-21T05:06:11.792270+00:00,2026-08-25T23:00,2026-08-25T22:00:00+00:00,22.3,16.0
London,2026-08-21T05:06:11.792270+00:00,2026-08-26T00:00,2026-08-25T23:00:00+00:00,21.2,19.0
London,2026-08-21T05:06:11.792270+00:00,2026-08-26T01:00,2026-08-26T00:00:00+00:00,20.5,22.0
London,2026-08-21T05:06:11.792270+00:00,2026-08-26T02:00,2026-08-26T01:00:00+00:00,20.2,24.0
London,2026-08-21T05:06:11.792270+00:00,2026-08-26T03:00,2026-08-26T02:00:00+00:00,20.2,26.0
London,2026-08-21T05:06:11.792270+00:00,2026-08-26T04:00,2026-08-26T03:00:00+00:00,20.1,27.0
London,2026-08-21T05:06:11.792270+00:00,2026-08-26T05:00,2026-08-26T04:00:00+00:00,19.9,27.0
London,2026-08-21T05:06:11.792270+00:00,2026-08-26T06:00,2026-08-26T05:00:00+00:00,19.7,26.0
London,2026-08-21T05:06:11.792270+00:00,2026-08-26T07:00,2026-08-26T06:00:00+00:00,19.8,24.0
London,2026-08-21T05:06:11.792270+00:00,2026-08-26T08:00,2026-08-26T07:00:00+00:00,20.3,21.0
London,2026-08-21T05:06:11.792270+00:00,2026-08-26T09:00,2026-08-26T08:00:00+00:00,21.0,18.0
London,2026-08-21T05:06:11.792270+00:00,2026-08-26T10:00,2026-08-26T09:00:00+00:00,21.9,16.0
London,2026-08-21T05:06:11.792270+00:00,2026-08-26T11:00,2026-08-26T10:00:00+00:00,23.2,18.0
London,2026-08-21T05:06:11.792270+00:00,2026-08-26T12:00,2026-08-26T11:00:00+00:00,24.2,22.0
London,2026-08-21T05:06:11.792270+00:00,2026-08-26T13:00,2026-08-26T12:00:00+00:00,25.0,25.0
London,2026-08-21T05:06:11.792270+00:00,2026-08-26T14:00,2026-08-26T13:00:00+00:00,25.6,25.0
London,2026-08-21T05:06:11.792270+00:00,2026-08-26T15:00,2026-08-26T14:00:00+00:00,26.2,24.0
London,2026-08-21T05:06:11.792270+00:00,2026-08-26T16:00,2026-08-26T15:00:00+00:00,26.7,22.0
London,2026-08-21T05:06:11.792270+00:00,2026-08-26T17:00,2026-08-26T16:00:00+00:00,27.0,19.0
London,2026-08-21T05:06:11.792270+00:00,2026-08-26T18:00,2026-08-26T17:00:00+00:00,27.2,15.0
London,2026-08-21T05:06:11.792270+00:00,2026-08-26T19:00,2026-08-26T18:00:00+00:00,27.1,14.0
London,2026-08-21T05:06:11.792270+00:00,2026-08-26T20:00,2026-08-26T19:00:00+00:00,26.7,20.0
London,2026-08-21T05:06:11.792270+00:00,2026-08-26T21:00,2026-08-26T20:00:00+00:00,25.9,29.0
London,2026-08-21T05:06:11.792270+00:00,2026-08-26T22:00,2026-08-26T21:00:00+00:00,25.0,37.0
London,2026-08-21T05:06:11.792270+00:00,2026-08-26T23:00,2026-08-26T22:00:00+00:00,24.0,43.0
London,2026-08-21T05:06:11.792270+00:00,2026-08-27T00:00,2026-08-26T23:00:00+00:00,23.1,47.0
London,2026-08-21T05:06:11.792270+00:00,2026-08-27T01:00,2026-08-27T00:00:00+00:00,22.3,51.0
London,2026-08-21T05:06:11.792270+00:00,2026-08-27T02:00,2026-08-27T01:00:00+00:00,21.7,53.0
London,2026-08-21T05:06:11.792270+00:00,2026-08-27T03:00,2026-08-27T02:00:00+00:00,21.2,54.0
London,2026-08-21T05:06:11.792270+00:00,2026-08-27T04:00,2026-08-27T03:00:00+00:00,20.7,55.0
London,2026-08-21T05:06:11.792270+00:00,2026-08-27T05:00,2026-08-27T04:00:00+00:00,20.3,55.0
London,2026-08-21T05:06:11.792270+00:00,2026-08-27T06:00,2026-08-27T05:00:00+00:00,20.1,55.0
London,2026-08-21T05:06:11.792270+00:00,2026-08-27T07:00,2026-08-27T06:00:00+00:00,20.0,55.0
London,2026-08-21T05:06:11.792270+00:00,2026-08-27T08:00,2026-08-27T07:00:00+00:00,20.2,54.0
London,2026-08-21T05:06:11.792270+00:00,2026-08-27T09:00,2026-08-27T08:00:00+00:00,20.6,54.0
London,2026-08-21T05:06:11.792270+00:00,2026-08-27T10:00,2026-08-27T09:00:00+00:00,21.2,53.0
London,2026-08-21T05:06:11.792270+00:00,2026-08-27T11:00,2026-08-27T10:00:00+00:00,21.9,52.0
London,2026-08-21T05:06:11.792270+00:00,2026-08-27T12:00,2026-08-27T11:00:00+00:00,22.8,51.0
London,2026-08-21T05:06:11.792270+00:00,2026-08-27T13:00,2026-08-27T12:00:00+00:00,23.5,51.0
London,2026-08-21T05:06:11.792270+00:00,2026-08-27T14:00,2026-08-27T13:00:00+00:00,23.9,51.0
London,2026-08-21T05:06:11.792270+00:00,2026-08-27T15:00,2026-08-27T14:00:00+00:00,23.8,52.0
London,2026-08-21T05:06:11.792270+00:00,2026-08-27T16:00,2026-08-27T15:00:00+00:00,23.5,53.0
London,2026-08-21T05:06:11.792270+00:00,2026-08-27T17:00,2026-08-27T16:00:00+00:00,23.0,54.0
London,2026-08-21T05:06:11.792270+00:00,2026-08-27T18:00,2026-08-27T17:00:00+00:00,22.4,54.0
London,2026-08-21T05:06:11.792270+00:00,2026-08-27T19:00,2026-08-27T18:00:00+00:00,21.8,53.0
London,2026-08-21T05:06:11.792270+00:00,2026-08-27T20:00,2026-08-27T19:00:00+00:00,21.1,49.0
London,2026-08-21T05:06:11.792270+00:00,2026-08-27T21:00,2026-08-27T20:00:00+00:00,20.2,44.0
London,2026-08-21T05:06:11.792270+00:00,2026-08-27T22:00,2026-08-27T21:00:00+00:00,19.2,39.0
London,2026-08-21T05:06:11.792270+00:00,2026-08-27T23:00,2026-08-27T22:00:00+00:00,18.2,34.0
London,2026-08-21T05:06:11.792270+00:00,2026-08-28T00:00,2026-08-27T23:00:00+00:00,17.3,30.0
London,2026-08-21T05:06:11.792270+00:00,2026-08-28T01:00,2026-08-28T00:00:00+00:00,16.5,27.0
London,2026-08-21T05:06:11.792270+00:00,2026-08-28T02:00,2026-08-28T01:00:00+00:00,15.9,27.0
London,2026-08-21T05:06:11.792270+00:00,2026-08-28T03:00,2026-08-28T02:00:00+00:00,15.3,28.0
London,2026-08-21T05:06:11.792270+00:00,2026-08-28T04:00,2026-08-28T03:00:00+00:00,14.7,30.0
London,2026-08-21T05:06:11.792270+00:00,2026-08-28T05:00,2026-08-28T04:00:00+00:00,14.3,33.0
London,2026-08-21T05:06:11.792270+00:00,2026-08-28T06:00,2026-08-28T05:00:00+00:00,14.2,36.0
London,2026-08-21T05:06:11.792270+00:00,2026-08-28T07:00,2026-08-28T06:00:00+00:00,14.3,39.0
London,2026-08-21T05:06:11.792270+00:00,2026-08-28T08:00,2026-08-28T07:00:00+00:00,14.9,42.0
London,2026-08-21T05:06:11.792270+00:00,2026-08-28T09:00,2026-08-28T08:00:00+00:00,16.0,46.0
London,2026-08-21T05:06:11.792270+00:00,2026-08-28T10:00,2026-08-28T09:00:00+00:00,17.3,49.0
London,2026-08-21T05:06:11.792270+00:00,2026-08-28T11:00,2026-08-28T10:00:00+00:00,18.6,52.0
London,2026-08-21T05:06:11.792270+00:00,2026-08-28T12:00,2026-08-28T11:00:00+00:00,19.5,56.0
London,2026-08-21T05:06:11.792270+00:00,2026-08-28T13:00,2026-08-28T12:00:00+00:00,20.0,59.0
London,2026-08-21T05:06:11.792270+00:00,2026-08-28T14:00,2026-08-28T13:00:00+00:00,19.7,63.0
London,2026-08-21T05:06:11.792270+00:00,2026-08-28T15:00,2026-08-28T14:00:00+00:00,19.0,68.0
London,2026-08-21T05:06:11.792270+00:00,2026-08-28T16:00,2026-08-28T15:00:00+00:00,18.0,71.0
London,2026-08-21T05:06:11.792270+00:00,2026-08-28T17:00,2026-08-28T16:00:00+00:00,16.9,74.0
London,2026-08-21T05:06:11.792270+00:00,2026-08-28T18:00,2026-08-28T17:00:00+00:00,15.9,76.0
London,2026-08-21T05:06:11.792270+00:00,2026-08-28T19:00,2026-08-28T18:00:00+00:00,15.2,75.0
London,2026-08-21T05:06:11.792270+00:00,2026-08-28T20:00,2026-08-28T19:00:00+00:00,14.8,69.0
London,2026-08-21T05:06:11.792270+00:00,2026-08-28T21:00,2026-08-28T20:00:00+00:00,14.6,61.0
London,2026-08-21T05:06:11.792270+00:00,2026-08-28T22:00,2026-08-28T21:00:00+00:00,14.4,52.0
London,2026-08-21T05:06:11.792270+00:00,2026-08-28T23:00,2026-08-28T22:00:00+00:00,14.4,43.0
London,2026-08-21T05:06:11.792270+00:00,2026-08-29T00:00,2026-08-28T23:00:00+00:00,14.3,33.0
London,2026-08-21T05:06:11.792270+00:00,2026-08-29T01:00,2026-08-29T00:00:00+00:00,14.1,25.0
London,2026-08-21T05:06:11.792270+00:00,2026-08-29T02:00,2026-08-29T01:00:00+00:00,13.7,20.0
London,2026-08-21T05:06:11.792270+00:00,2026-08-29T03:00,2026-08-29T02:00:00+00:00,13.2,16.0
London,2026-08-21T05:06:11.792270+00:00,2026-08-29T04:00,2026-08-29T03:00:00+00:00,12.6,13.0
London,2026-08-21T05:06:11.792270+00:00,2026-08-29T05:00,2026-08-29T04:00:00+00:00,12.2,11.0
London,2026-08-21T05:06:11.792270+00:00,2026-08-29T06:00,2026-08-29T05:00:00+00:00,12.0,10.0
London,2026-08-21T05:06:11.792270+00:00,2026-08-29T07:00,2026-08-29T06:00:00+00:00,12.3,10.0
London,2026-08-21T05:06:11.792270+00:00,2026-08-29T08:00,2026-08-29T07:00:00+00:00,13.2,11.0
London,2026-08-21T05:06:11.792270+00:00,2026-08-29T09:00,2026-08-29T08:00:00+00:00,14.7,13.0
London,2026-08-21T05:06:11.792270+00:00,2026-08-29T10:00,2026-08-29T09:00:00+00:00,16.5,15.0
London,2026-08-21T05:06:11.792270+00:00,2026-08-29T11:00,2026-08-29T10:00:00+00:00,18.3,18.0
London,2026-08-21T05:06:11.792270+00:00,2026-08-29T12:00,2026-08-29T11:00:00+00:00,19.7,21.0
London,2026-08-21T05:06:11.792270+00:00,2026-08-29T13:00,2026-08-29T12:00:00+00:00,20.6,25.0
London,2026-08-21T05:06:11.792270+00:00,2026-08-29T14:00,2026-08-29T13:00:00+00:00,20.8,31.0
London,2026-08-21T05:06:11.792270+00:00,2026-08-29T15:00,2026-08-29T14:00:00+00:00,20.5,38.0
London,2026-08-21T05:06:11.792270+00:00,2026-08-29T16:00,2026-08-29T15:00:00+00:00,19.9,44.0
London,2026-08-21T05:06:11.792270+00:00,2026-08-29T17:00,2026-08-29T16:00:00+00:00,19.1,50.0
London,2026-08-21T05:06:11.792270+00:00,2026-08-29T18:00,2026-08-29T17:00:00+00:00,18.4,55.0
London,2026-08-21T05:06:11.792270+00:00,2026-08-29T19:00,2026-08-29T18:00:00+00:00,17.9,57.0
London,2026-08-21T05:06:11.792270+00:00,2026-08-29T20:00,2026-08-29T19:00:00+00:00,17.5,54.0
London,2026-08-21T05:06:11.792270+00:00,2026-08-29T21:00,2026-08-29T20:00:00+00:00,17.1,47.0
London,2026-08-21T05:06:11.792270+00:00,2026-08-29T22:00,2026-08-29T21:00:00+00:00,16.7,40.0
London,2026-08-21T05:06:11.792270+00:00,2026-08-29T23:00,2026-08-29T22:00:00+00:00,16.4,32.0
London,2026-08-21T05:06:11.792270+00:00,2026-08-30T00:00,2026-08-29T23:00:00+00:00,16.0,24.0
London,2026-08-21T05:06:11.792270+00:00,2026-08-30T01:00,2026-08-30T00:00:00+00:00,15.7,18.0
London,2026-08-21T05:06:11.792270+00:00,2026-08-30T02:00,2026-08-30T01:00:00+00:00,15.4,15.0
London,2026-08-21T05:06:11.792270+00:00,2026-08-30T03:00,2026-08-30T02:00:00+00:00,14.9,14.0
London,2026-08-21T05:06:11.792270+00:00,2026-08-30T04:00,2026-08-30T03:00:00+00:00,14.5,14.0
London,2026-08-21T05:06:11.792270+00:00,2026-08-30T05:00,2026-08-30T04:00:00+00:00,14.2,14.0
London,2026-08-21T05:06:11.792270+00:00,2026-08-30T06:00,2026-08-30T05:00:00+00:00,14.2,15.0
London,2026-08-21T05:06:11.792270+00:00,2026-08-30T07:00,2026-08-30T06:00:00+00:00,14.4,16.0
London,2026-08-21T05:06:11.792270+00:00,2026-08-30T08:00,2026-08-30T07:00:00+00:00,15.2,18.0
London,2026-08-21T05:06:11.792270+00:00,2026-08-30T09:00,2026-08-30T08:00:00+00:00,16.4,20.0
London,2026-08-21T05:06:11.792270+00:00,2026-08-30T10:00,2026-08-30T09:00:00+00:00,17.8,22.0
London,2026-08-21T05:06:11.792270+00:00,2026-08-30T11:00,2026-08-30T10:00:00+00:00,19.2,25.0
London,2026-08-21T05:06:11.792270+00:00,2026-08-30T12:00,2026-08-30T11:00:00+00:00,20.4,28.0
London,2026-08-21T05:06:11.792270+00:00,2026-08-30T13:00,2026-08-30T12:00:00+00:00,21.1,31.0
London,2026-08-21T05:06:11.792270+00:00,2026-08-30T14:00,2026-08-30T13:00:00+00:00,21.3,35.0
London,2026-08-21T05:06:11.792270+00:00,2026-08-30T15:00,2026-08-30T14:00:00+00:00,21.1,40.0
London,2026-08-21T05:06:11.792270+00:00,2026-08-30T16:00,2026-08-30T15:00:00+00:00,20.7,44.0
London,2026-08-21T05:06:11.792270+00:00,2026-08-30T17:00,2026-08-30T16:00:00+00:00,20.2,48.0
London,2026-08-21T05:06:11.792270+00:00,2026-08-30T18:00,2026-08-30T17:00:00+00:00,19.6,51.0
London,2026-08-21T05:06:11.792270+00:00,2026-08-30T19:00,2026-08-30T18:00:00+00:00,19.1,51.0
London,2026-08-21T05:06:11.792270+00:00,2026-08-30T20:00,2026-08-30T19:00:00+00:00,18.7,47.0
London,2026-08-21T05:06:11.792270+00:00,2026-08-30T21:00,2026-08-30T20:00:00+00:00,18.1,39.0
London,2026-08-21T05:06:11.792270+00:00,2026-08-30T22:00,2026-08-30T21:00:00+00:00,17.5,32.0
London,2026-08-21T05:06:11.792270+00:00,2026-08-30T23:00,2026-08-30T22:00:00+00:00,17.0,25.0
London,2026-08-21T05:06:11.792270+00:00,2026-08-31T00:00,2026-08-30T23:00:00+00:00,16.4,17.0
London,2026-08-21T05:06:11.792270+00:00,2026-08-31T01:00,2026-08-31T00:00:00+00:00,16.0,12.0
London,2026-08-21T05:06:11.792270+00:00,2026-08-31T02:00,2026-08-31T01:00:00+00:00,15.5,10.0
London,2026-08-21T05:06:11.792270+00:00,2026-08-31T03:00,2026-08-31T02:00:00+00:00,15.0,11.0
London,2026-08-21T05:06:11.792270+00:00,2026-08-31T04:00,2026-08-31T03:00:00+00:00,14.5,12.0
London,2026-08-21T05:06:11.792270+00:00,2026-08-31T05:00,2026-08-31T04:00:00+00:00,14.1,14.0
London,2026-08-21T05:06:11.792270+00:00,2026-08-31T06:00,2026-08-31T05:00:00+00:00,14.0,16.0
London,2026-08-21T05:06:11.792270+00:00,2026-08-31T07:00,2026-08-31T06:00:00+00:00,14.2,18.0
London,2026-08-21T05:06:11.792270+00:00,2026-08-31T08:00,2026-08-31T07:00:00+00:00,14.8,18.0
London,2026-08-21T05:06:11.792270+00:00,2026-08-31T09:00,2026-08-31T08:00:00+00:00,15.9,18.0
London,2026-08-21T05:06:11.792270+00:00,2026-08-31T10:00,2026-08-31T09:00:00+00:00,17.3,18.0
London,2026-08-21T05:06:11.792270+00:00,2026-08-31T11:00,2026-08-31T10:00:00+00:00,18.6,18.0
London,2026-08-21T05:06:11.792270+00:00,2026-08-31T12:00,2026-08-31T11:00:00+00:00,19.7,19.0
London,2026-08-21T05:06:11.792270+00:00,2026-08-31T13:00,2026-08-31T12:00:00+00:00,20.5,22.0
London,2026-08-21T05:06:11.792270+00:00,2026-08-31T14:00,2026-08-31T13:00:00+00:00,20.8,29.0
London,2026-08-21T05:06:11.792270+00:00,2026-08-31T15:00,2026-08-31T14:00:00+00:00,20.9,37.0
London,2026-08-21T05:06:11.792270+00:00,2026-08-31T16:00,2026-08-31T15:00:00+00:00,20.8,45.0
London,2026-08-21T05:06:11.792270+00:00,2026-08-31T17:00,2026-08-31T16:00:00+00:00,20.5,52.0
London,2026-08-21T05:06:11.792270+00:00,2026-08-31T18:00,2026-08-31T17:00:00+00:00,20.2,59.0
London,2026-08-21T05:06:11.792270+00:00,2026-08-31T19:00,2026-08-31T18:00:00+00:00,19.9,61.0
London,2026-08-21T05:06:11.792270+00:00,2026-08-31T20:00,2026-08-31T19:00:00+00:00,19.4,57.0
London,2026-08-21T05:06:11.792270+00:00,2026-08-31T21:00,2026-08-31T20:00:00+00:00,18.9,49.0
London,2026-08-21T05:06:11.792270+00:00,2026-08-31T22:00,2026-08-31T21:00:00+00:00,18.2,41.0
London,2026-08-21T05:06:11.792270+00:00,2026-08-31T23:00,2026-08-31T22:00:00+00:00,17.5,32.0
London,2026-08-21T05:06:11.792270+00:00,2026-09-01T00:00,2026-08-31T23:00:00+00:00,16.9,23.0
London,2026-08-21T05:06:11.792270+00:00,2026-09-01T01:00,2026-09-01T00:00:00+00:00,16.5,16.0
London,2026-08-21T05:06:11.792270+00:00,2026-09-01T02:00,2026-09-01T01:00:00+00:00,16.1,14.0
London,2026-08-21T05:06:11.792270+00:00,2026-09-01T03:00,2026-09-01T02:00:00+00:00,15.9,14.0
London,2026-08-21T05:06:11.792270+00:00,2026-09-01T04:00,2026-09-01T03:00:00+00:00,15.7,15.0
London,2026-08-21T05:06:11.792270+00:00,2026-09-01T05:00,2026-09-01T04:00:00+00:00,15.5,16.0
London,2026-08-21T05:06:11.792270+00:00,2026-09-01T06:00,2026-09-01T05:00:00+00:00,15.6,18.0
London,2026-08-21T05:06:11.792270+00:00,2026-09-01T07:00,2026-09-01T06:00:00+00:00,15.7,20.0
London,2026-08-21T05:06:11.792270+00:00,2026-09-01T08:00,2026-09-01T07:00:00+00:00,16.2,21.0
London,2026-08-21T05:06:11.792270+00:00,2026-09-01T09:00,2026-09-01T08:00:00+00:00,16.9,21.0
London,2026-08-21T05:06:11.792270+00:00,2026-09-01T10:00,2026-09-01T09:00:00+00:00,17.7,22.0
London,2026-08-21T05:06:11.792270+00:00,2026-09-01T11:00,2026-09-01T10:00:00+00:00,18.5,23.0
London,2026-08-21T05:06:11.792270+00:00,2026-09-01T12:00,2026-09-01T11:00:00+00:00,19.1,23.0
London,2026-08-21T05:06:11.792270+00:00,2026-09-01T13:00,2026-09-01T12:00:00+00:00,19.4,25.0
London,2026-08-21T05:06:11.792270+00:00,2026-09-01T14:00,2026-09-01T13:00:00+00:00,19.3,28.0
London,2026-08-21T05:06:11.792270+00:00,2026-09-01T15:00,2026-09-01T14:00:00+00:00,19.0,32.0
London,2026-08-21T05:06:11.792270+00:00,2026-09-01T16:00,2026-09-01T15:00:00+00:00,18.4,35.0
London,2026-08-21T05:06:11.792270+00:00,2026-09-01T17:00,2026-09-01T16:00:00+00:00,17.8,38.0
London,2026-08-21T05:06:11.792270+00:00,2026-09-01T18:00,2026-09-01T17:00:00+00:00,17.2,40.0
London,2026-08-21T05:06:11.792270+00:00,2026-09-01T19:00,2026-09-01T18:00:00+00:00,16.8,41.0
London,2026-08-21T05:06:11.792270+00:00,2026-09-01T20:00,2026-09-01T19:00:00+00:00,16.4,39.0
London,2026-08-21T05:06:11.792270+00:00,2026-09-01T21:00,2026-09-01T20:00:00+00:00,16.0,35.0
London,2026-08-21T05:06:11.792270+00:00,2026-09-01T22:00,2026-09-01T21:00:00+00:00,15.7,31.0
London,2026-08-21T05:06:11.792270+00:00,2026-09-01T23:00,2026-09-01T22:00:00+00:00,15.4,27.0
London,2026-08-21T05:06:11.792270+00:00,2026-09-02T00:00,2026-09-01T23:00:00+00:00,15.1,22.0
London,2026-08-21T05:06:11.792270+00:00,2026-09-02T01:00,2026-09-02T00:00:00+00:00,14.9,18.0
London,2026-08-21T05:06:11.792270+00:00,2026-09-02T02:00,2026-09-02T01:00:00+00:00,14.7,16.0
London,2026-08-21T05:06:11.792270+00:00,2026-09-02T03:00,2026-09-02T02:00:00+00:00,14.5,15.0
London,2026-08-21T05:06:11.792270+00:00,2026-09-02T04:00,2026-09-02T03:00:00+00:00,14.3,14.0
London,2026-08-21T05:06:11.792270+00:00,2026-09-02T05:00,2026-09-02T04:00:00+00:00,14.2,14.0
London,2026-08-21T05:06:11.792270+00:00,2026-09-02T06:00,2026-09-02T05:00:00+00:00,14.3,14.0
London,2026-08-21T05:06:11.792270+00:00,2026-09-02T07:00,2026-09-02T06:00:00+00:00,14.6,14.0
London,2026-08-21T05:06:11.792270+00:00,2026-09-02T08:00,2026-09-02T07:00:00+00:00,15.3,15.0
London,2026-08-21T05:06:11.792270+00:00,2026-09-02T09:00,2026-09-02T08:00:00+00:00,16.4,16.0
London,2026-08-21T05:06:11.792270+00:00,2026-09-02T10:00,2026-09-02T09:00:00+00:00,17.6,17.0
London,2026-08-21T05:06:11.792270+00:00,2026-09-02T11:00,2026-09-02T10:00:00+00:00,18.9,18.0
London,2026-08-21T05:06:11.792270+00:00,2026-09-02T12:00,2026-09-02T11:00:00+00:00,19.9,20.0
London,2026-08-21T05:06:11.792270+00:00,2026-09-02T13:00,2026-09-02T12:00:00+00:00,20.5,22.0
London,2026-08-21T05:06:11.792270+00:00,2026-09-02T14:00,2026-09-02T13:00:00+00:00,20.8,25.0
London,2026-08-21T05:06:11.792270+00:00,2026-09-02T15:00,2026-09-02T14:00:00+00:00,20.7,29.0
London,2026-08-21T05:06:11.792270+00:00,2026-09-02T16:00,2026-09-02T15:00:00+00:00,20.5,33.0
London,2026-08-21T05:06:11.792270+00:00,2026-09-02T17:00,2026-09-02T16:00:00+00:00,20.1,36.0
London,2026-08-21T05:06:11.792270+00:00,2026-09-02T18:00,2026-09-02T17:00:00+00:00,19.6,39.0
London,2026-08-21T05:06:11.792270+00:00,2026-09-02T19:00,2026-09-02T18:00:00+00:00,19.1,39.0
London,2026-08-21T05:06:11.792270+00:00,2026-09-02T20:00,2026-09-02T19:00:00+00:00,18.5,36.0
London,2026-08-21T05:06:11.792270+00:00,2026-09-02T21:00,2026-09-02T20:00:00+00:00,17.7,32.0
London,2026-08-21T05:06:11.792270+00:00,2026-09-02T22:00,2026-09-02T21:00:00+00:00,16.9,27.0
London,2026-08-21T05:06:11.792270+00:00,2026-09-02T23:00,2026-09-02T22:00:00+00:00,16.0,22.0
London,2026-08-21T05:06:11.792270+00:00,2026-09-03T00:00,2026-09-02T23:00:00+00:00,15.2,17.0
London,2026-08-21T05:06:11.792270+00:00,2026-09-03T01:00,2026-09-03T00:00:00+00:00,14.6,14.0
London,2026-08-21T05:06:11.792270+00:00,2026-09-03T02:00,2026-09-03T01:00:00+00:00,14.1,14.0
London,2026-08-21T05:06:11.792270+00:00,2026-09-03T03:00,2026-09-03T02:00:00+00:00,13.6,15.0
London,2026-08-21T05:06:11.792270+00:00,2026-09-03T04:00,2026-09-03T03:00:00+00:00,13.1,17.0
London,2026-08-21T05:06:11.792270+00:00,2026-09-03T05:00,2026-09-03T04:00:00+00:00,12.8,19.0
London,2026-08-21T05:06:11.792270+00:00,2026-09-03T06:00,2026-09-03T05:00:00+00:00,12.8,21.0
London,2026-08-21T05:06:11.792270+00:00,2026-09-03T07:00,2026-09-03T06:00:00+00:00,13.1,22.0
London,2026-08-21T05:06:11.792270+00:00,2026-09-03T08:00,2026-09-03T07:00:00+00:00,13.9,22.0
London,2026-08-21T05:06:11.792270+00:00,2026-09-03T09:00,2026-09-03T08:00:00+00:00,15.3,21.0
London,2026-08-21T05:06:11.792270+00:00,2026-09-03T10:00,2026-09-03T09:00:00+00:00,16.9,20.0
London,2026-08-21T05:06:11.792270+00:00,2026-09-03T11:00,2026-09-03T10:00:00+00:00,18.5,19.0
London,2026-08-21T05:06:11.792270+00:00,2026-09-03T12:00,2026-09-03T11:00:00+00:00,19.8,19.0
London,2026-08-21T05:06:11.792270+00:00,2026-09-03T13:00,2026-09-03T12:00:00+00:00,20.7,20.0
London,2026-08-21T05:06:11.792270+00:00,2026-09-03T14:00,2026-09-03T13:00:00+00:00,20.9,23.0
London,2026-08-21T05:06:11.792270+00:00,2026-09-03T15:00,2026-09-03T14:00:00+00:00,20.9,26.0
London,2026-08-21T05:06:11.792270+00:00,2026-09-03T16:00,2026-09-03T15:00:00+00:00,20.5,30.0
London,2026-08-21T05:06:11.792270+00:00,2026-09-03T17:00,2026-09-03T16:00:00+00:00,20.0,34.0
London,2026-08-21T05:06:11.792270+00:00,2026-09-03T18:00,2026-09-03T17:00:00+00:00,19.4,37.0
London,2026-08-21T05:06:11.792270+00:00,2026-09-03T19:00,2026-09-03T18:00:00+00:00,18.9,39.0
London,2026-08-21T05:06:11.792270+00:00,2026-09-03T20:00,2026-09-03T19:00:00+00:00,18.4,39.0
London,2026-08-21T05:06:11.792270+00:00,2026-09-03T21:00,2026-09-03T20:00:00+00:00,17.7,36.0
London,2026-08-21T05:06:11.792270+00:00,2026-09-03T22:00,2026-09-03T21:00:00+00:00,16.9,34.0
London,2026-08-21T05:06:11.792270+00:00,2026-09-03T23:00,2026-09-03T22:00:00+00:00,16.2,31.0
London,2026-08-21T05:06:11.792270+00:00,2026-09-04T00:00,2026-09-03T23:00:00+00:00,15.6,28.0
London,2026-08-21T05:06:11.792270+00:00,2026-09-04T01:00,2026-09-04T00:00:00+00:00,15.2,25.0
London,2026-08-21T05:06:11.792270+00:00,2026-09-04T02:00,2026-09-04T01:00:00+00:00,15.0,24.0
London,2026-08-21T05:06:11.792270+00:00,2026-09-04T03:00,2026-09-04T02:00:00+00:00,15.0,23.0
London,2026-08-21T05:06:11.792270+00:00,2026-09-04T04:00,2026-09-04T03:00:00+00:00,15.1,22.0
London,2026-08-21T05:06:11.792270+00:00,2026-09-04T05:00,2026-09-04T04:00:00+00:00,15.3,21.0
London,2026-08-21T05:06:11.792270+00:00,2026-09-04T06:00,2026-09-04T05:00:00+00:00,15.5,20.0
London,2026-08-21T05:06:11.792270+00:00,2026-09-04T07:00,2026-09-04T06:00:00+00:00,15.8,20.0
London,2026-08-21T05:06:11.792270+00:00,2026-09-04T08:00,2026-09-04T07:00:00+00:00,16.1,20.0
London,2026-08-21T05:06:11.792270+00:00,2026-09-04T09:00,2026-09-04T08:00:00+00:00,16.7,21.0
London,2026-08-21T05:06:11.792270+00:00,2026-09-04T10:00,2026-09-04T09:00:00+00:00,17.2,21.0
London,2026-08-21T05:06:11.792270+00:00,2026-09-04T11:00,2026-09-04T10:00:00+00:00,17.8,21.0
London,2026-08-21T05:06:11.792270+00:00,2026-09-04T12:00,2026-09-04T11:00:00+00:00,18.3,22.0
London,2026-08-21T05:06:11.792270+00:00,2026-09-04T13:00,2026-09-04T12:00:00+00:00,18.6,22.0
London,2026-08-21T05:06:11.792270+00:00,2026-09-04T14:00,2026-09-04T13:00:00+00:00,18.7,22.0
London,2026-08-21T05:06:11.792270+00:00,2026-09-04T15:00,2026-09-04T14:00:00+00:00,18.7,22.0
London,2026-08-21T05:06:11.792270+00:00,2026-09-04T16:00,2026-09-04T15:00:00+00:00,,
London,2026-08-21T05:06:11.792270+00:00,2026-09-04T17:00,2026-09-04T16:00:00+00:00,,
London,2026-08-21T05:06:11.792270+00:00,2026-09-04T18:00,2026-09-04T17:00:00+00:00,,
London,2026-08-21T05:06:11.792270+00:00,2026-09-04T19:00,2026-09-04T18:00:00+00:00,,
London,2026-08-21T05:06:11.792270+00:00,2026-09-04T20:00,2026-09-04T19:00:00+00:00,,
London,2026-08-21T05:06:11.792270+00:00,2026-09-04T21:00,2026-09-04T20:00:00+00:00,,
London,2026-08-21T05:06:11.792270+00:00,2026-09-04T22:00,2026-09-04T21:00:00+00:00,,
London,2026-08-21T05:06:11.792270+00:00,2026-09-04T23:00,2026-09-04T22:00:00+00:00,,
London,2026-08-21T05:06:11.792270+00:00,2026-09-05T00:00,2026-09-04T23:00:00+00:00,,
London,2026-08-21T05:06:11.792270+00:00,2026-09-05T01:00,2026-09-05T00:00:00+00:00,,
London,2026-08-21T05:06:11.792270+00:00,2026-09-05T02:00,2026-09-05T01:00:00+00:00,,
London,2026-08-21T05:06:11.792270+00:00,2026-09-05T03:00,2026-09-05T02:00:00+00:00,,
London,2026-08-21T05:06:11.792270+00:00,2026-09-05T04:00,2026-09-05T03:00:00+00:00,,
London,2026-08-21T05:06:11.792270+00:00,2026-09-05T05:00,2026-09-05T04:00:00+00:00,,
London,2026-08-21T05:06:11.792270+00:00,2026-09-05T06:00,2026-09-05T05:00:00+00:00,,
London,2026-08-21T05:06:11.792270+00:00,2026-09-05T07:00,2026-09-05T06:00:00+00:00,,
London,2026-08-21T05:06:11.792270+00:00,2026-09-05T08:00,2026-09-05T07:00:00+00:00,,
London,2026-08-21T05:06:11.792270+00:00,2026-09-05T09:00,2026-09-05T08:00:00+00:00,,
London,2026-08-21T05:06:11.792270+00:00,2026-09-05T10:00,2026-09-05T09:00:00+00:00,,
London,2026-08-21T05:06:11.792270+00:00,2026-09-05T11:00,2026-09-05T10:00:00+00:00,,
London,2026-08-21T05:06:11.792270+00:00,2026-09-05T12:00,2026-09-05T11:00:00+00:00,,
London,2026-08-21T05:06:11.792270+00:00,2026-09-05T13:00,2026-09-05T12:00:00+00:00,,
London,2026-08-21T05:06:11.792270+00:00,2026-09-05T14:00,2026-09-05T13:00:00+00:00,,
London,2026-08-21T05:06:11.792270+00:00,2026-09-05T15:00,2026-09-05T14:00:00+00:00,,
London,2026-08-21T05:06:11.792270+00:00,2026-09-05T16:00,2026-09-05T15:00:00+00:00,,
London,2026-08-21T05:06:11.792270+00:00,2026-09-05T17:00,2026-09-05T16:00:00+00:00,,
London,2026-08-21T05:06:11.792270+00:00,2026-09-05T18:00,2026-09-05T17:00:00+00:00,,
London,2026-08-21T05:06:11.792270+00:00,2026-09-05T19:00,2026-09-05T18:00:00+00:00,,
London,2026-08-21T05:06:11.792270+00:00,2026-09-05T20:00,2026-09-05T19:00:00+00:00,,
London,2026-08-21T05:06:11.792270+00:00,2026-09-05T21:00,2026-09-05T20:00:00+00:00,,
London,2026-08-21T05:06:11.792270+00:00,2026-09-05T22:00,2026-09-05T21:00:00+00:00,,
London,2026-08-21T05:06:11.792270+00:00,2026-09-05T23:00,2026-09-05T22:00:00+00:00,,
London,2026-08-21T05:59:18.531138+00:00,2026-08-21T00:00,2026-08-20T23:00:00+00:00,16.1,13.0
London,2026-08-21T05:59:18.531138+00:00,2026-08-21T01:00,2026-08-21T00:00:00+00:00,15.8,0.0
London,2026-08-21T05:59:18.531138+00:00,2026-08-21T02:00,2026-08-21T01:00:00+00:00,15.5,0.0
London,2026-08-21T05:59:18.531138+00:00,2026-08-21T03:00,2026-08-21T02:00:00+00:00,15.4,0.0
London,2026-08-21T05:59:18.531138+00:00,2026-08-21T04:00,2026-08-21T03:00:00+00:00,15.3,0.0
London,2026-08-21T05:59:18.531138+00:00,2026-08-21T05:00,2026-08-21T04:00:00+00:00,15.2,0.0
London,2026-08-21T05:59:18.531138+00:00,2026-08-21T06:00,2026-08-21T05:00:00+00:00,15.0,0.0
London,2026-08-21T05:59:18.531138+00:00,2026-08-21T07:00,2026-08-21T06:00:00+00:00,15.0,0.0
London,2026-08-21T05:59:18.531138+00:00,2026-08-21T08:00,2026-08-21T07:00:00+00:00,15.0,0.0
London,2026-08-21T05:59:18.531138+00:00,2026-08-21T09:00,2026-08-21T08:00:00+00:00,15.5,0.0
London,2026-08-21T05:59:18.531138+00:00,2026-08-21T10:00,2026-08-21T09:00:00+00:00,16.5,0.0
London,2026-08-21T05:59:18.531138+00:00,2026-08-21T11:00,2026-08-21T10:00:00+00:00,17.5,0.0
London,2026-08-21T05:59:18.531138+00:00,2026-08-21T12:00,2026-08-21T11:00:00+00:00,18.4,0.0
London,2026-08-21T05:59:18.531138+00:00,2026-08-21T13:00,2026-08-21T12:00:00+00:00,19.5,0.0
London,2026-08-21T05:59:18.531138+00:00,2026-08-21T14:00,2026-08-21T13:00:00+00:00,20.4,3.0
London,2026-08-21T05:59:18.531138+00:00,2026-08-21T15:00,2026-08-21T14:00:00+00:00,20.7,7.0
London,2026-08-21T05:59:18.531138+00:00,2026-08-21T16:00,2026-08-21T15:00:00+00:00,20.8,14.0
London,2026-08-21T05:59:18.531138+00:00,2026-08-21T17:00,2026-08-21T16:00:00+00:00,20.5,26.0
London,2026-08-21T05:59:18.531138+00:00,2026-08-21T18:00,2026-08-21T17:00:00+00:00,19.6,40.0
London,2026-08-21T05:59:18.531138+00:00,2026-08-21T19:00,2026-08-21T18:00:00+00:00,18.4,47.0
London,2026-08-21T05:59:18.531138+00:00,2026-08-21T20:00,2026-08-21T19:00:00+00:00,17.0,40.0
London,2026-08-21T05:59:18.531138+00:00,2026-08-21T21:00,2026-08-21T20:00:00+00:00,16.1,26.0
London,2026-08-21T05:59:18.531138+00:00,2026-08-21T22:00,2026-08-21T21:00:00+00:00,15.3,14.0
London,2026-08-21T05:59:18.531138+00:00,2026-08-21T23:00,2026-08-21T22:00:00+00:00,15.0,7.0
London,2026-08-21T05:59:18.531138+00:00,2026-08-22T00:00,2026-08-21T23:00:00+00:00,14.6,3.0
London,2026-08-21T05:59:18.531138+00:00,2026-08-22T01:00,2026-08-22T00:00:00+00:00,14.1,0.0
London,2026-08-21T05:59:18.531138+00:00,2026-08-22T02:00,2026-08-22T01:00:00+00:00,13.7,0.0
London,2026-08-21T05:59:18.531138+00:00,2026-08-22T03:00,2026-08-22T02:00:00+00:00,13.2,0.0
London,2026-08-21T05:59:18.531138+00:00,2026-08-22T04:00,2026-08-22T03:00:00+00:00,13.0,0.0
London,2026-08-21T05:59:18.531138+00:00,2026-08-22T05:00,2026-08-22T04:00:00+00:00,12.7,1.0
London,2026-08-21T05:59:18.531138+00:00,2026-08-22T06:00,2026-08-22T05:00:00+00:00,12.4,2.0
London,2026-08-21T05:59:18.531138+00:00,2026-08-22T07:00,2026-08-22T06:00:00+00:00,12.4,2.0
London,2026-08-21T05:59:18.531138+00:00,2026-08-22T08:00,2026-08-22T07:00:00+00:00,13.1,2.0
London,2026-08-21T05:59:18.531138+00:00,2026-08-22T09:00,2026-08-22T08:00:00+00:00,14.3,1.0
London,2026-08-21T05:59:18.531138+00:00,2026-08-22T10:00,2026-08-22T09:00:00+00:00,15.9,0.0
London,2026-08-21T05:59:18.531138+00:00,2026-08-22T11:00,2026-08-22T10:00:00+00:00,17.2,0.0
London,2026-08-21T05:59:18.531138+00:00,2026-08-22T12:00,2026-08-22T11:00:00+00:00,18.0,0.0
London,2026-08-21T05:59:18.531138+00:00,2026-08-22T13:00,2026-08-22T12:00:00+00:00,18.9,0.0
London,2026-08-21T05:59:18.531138+00:00,2026-08-22T14:00,2026-08-22T13:00:00+00:00,19.7,0.0
London,2026-08-21T05:59:18.531138+00:00,2026-08-22T15:00,2026-08-22T14:00:00+00:00,20.2,0.0
London,2026-08-21T05:59:18.531138+00:00,2026-08-22T16:00,2026-08-22T15:00:00+00:00,20.7,0.0
London,2026-08-21T05:59:18.531138+00:00,2026-08-22T17:00,2026-08-22T16:00:00+00:00,20.7,0.0
London,2026-08-21T05:59:18.531138+00:00,2026-08-22T18:00,2026-08-22T17:00:00+00:00,20.5,0.0
London,2026-08-21T05:59:18.531138+00:00,2026-08-22T19:00,2026-08-22T18:00:00+00:00,20.2,0.0
London,2026-08-21T05:59:18.531138+00:00,2026-08-22T20:00,2026-08-22T19:00:00+00:00,19.7,0.0
London,2026-08-21T05:59:18.531138+00:00,2026-08-22T21:00,2026-08-22T20:00:00+00:00,19.1,0.0
London,2026-08-21T05:59:18.531138+00:00,2026-08-22T22:00,2026-08-22T21:00:00+00:00,18.3,0.0
London,2026-08-21T05:59:18.531138+00:00,2026-08-22T23:00,2026-08-22T22:00:00+00:00,17.6,0.0
London,2026-08-21T05:59:18.531138+00:00,2026-08-23T00:00,2026-08-22T23:00:00+00:00,16.9,0.0
London,2026-08-21T05:59:18.531138+00:00,2026-08-23T01:00,2026-08-23T00:00:00+00:00,16.1,0.0
London,2026-08-21T05:59:18.531138+00:00,2026-08-23T02:00,2026-08-23T01:00:00+00:00,15.3,0.0
London,2026-08-21T05:59:18.531138+00:00,2026-08-23T03:00,2026-08-23T02:00:00+00:00,15.0,0.0
London,2026-08-21T05:59:18.531138+00:00,2026-08-23T04:00,2026-08-23T03:00:00+00:00,14.6,0.0
London,2026-08-21T05:59:18.531138+00:00,2026-08-23T05:00,2026-08-23T04:00:00+00:00,15.0,0.0
London,2026-08-21T05:59:18.531138+00:00,2026-08-23T06:00,2026-08-23T05:00:00+00:00,15.0,0.0
London,2026-08-21T05:59:18.531138+00:00,2026-08-23T07:00,2026-08-23T06:00:00+00:00,15.3,0.0
London,2026-08-21T05:59:18.531138+00:00,2026-08-23T08:00,2026-08-23T07:00:00+00:00,16.4,0.0
London,2026-08-21T05:59:18.531138+00:00,2026-08-23T09:00,2026-08-23T08:00:00+00:00,17.0,0.0
London,2026-08-21T05:59:18.531138+00:00,2026-08-23T10:00,2026-08-23T09:00:00+00:00,17.8,0.0
London,2026-08-21T05:59:18.531138+00:00,2026-08-23T11:00,2026-08-23T10:00:00+00:00,18.6,0.0
London,2026-08-21T05:59:18.531138+00:00,2026-08-23T12:00,2026-08-23T11:00:00+00:00,19.6,0.0
London,2026-08-21T05:59:18.531138+00:00,2026-08-23T13:00,2026-08-23T12:00:00+00:00,20.4,0.0
London,2026-08-21T05:59:18.531138+00:00,2026-08-23T14:00,2026-08-23T13:00:00+00:00,21.0,0.0
London,2026-08-21T05:59:18.531138+00:00,2026-08-23T15:00,2026-08-23T14:00:00+00:00,21.4,0.0
London,2026-08-21T05:59:18.531138+00:00,2026-08-23T16:00,2026-08-23T15:00:00+00:00,21.8,0.0
London,2026-08-21T05:59:18.531138+00:00,2026-08-23T17:00,2026-08-23T16:00:00+00:00,22.3,0.0
London,2026-08-21T05:59:18.531138+00:00,2026-08-23T18:00,2026-08-23T17:00:00+00:00,22.7,0.0
London,2026-08-21T05:59:18.531138+00:00,2026-08-23T19:00,2026-08-23T18:00:00+00:00,22.7,0.0
London,2026-08-21T05:59:18.531138+00:00,2026-08-23T20:00,2026-08-23T19:00:00+00:00,22.0,0.0
London,2026-08-21T05:59:18.531138+00:00,2026-08-23T21:00,2026-08-23T20:00:00+00:00,20.9,0.0
London,2026-08-21T05:59:18.531138+00:00,2026-08-23T22:00,2026-08-23T21:00:00+00:00,19.9,0.0
London,2026-08-21T05:59:18.531138+00:00,2026-08-23T23:00,2026-08-23T22:00:00+00:00,19.1,0.0
London,2026-08-21T05:59:18.531138+00:00,2026-08-24T00:00,2026-08-23T23:00:00+00:00,18.4,0.0
London,2026-08-21T05:59:18.531138+00:00,2026-08-24T01:00,2026-08-24T00:00:00+00:00,17.8,0.0
London,2026-08-21T05:59:18.531138+00:00,2026-08-24T02:00,2026-08-24T01:00:00+00:00,17.3,0.0
London,2026-08-21T05:59:18.531138+00:00,2026-08-24T03:00,2026-08-24T02:00:00+00:00,16.9,0.0
London,2026-08-21T05:59:18.531138+00:00,2026-08-24T04:00,2026-08-24T03:00:00+00:00,16.6,0.0
London,2026-08-21T05:59:18.531138+00:00,2026-08-24T05:00,2026-08-24T04:00:00+00:00,16.3,0.0
London,2026-08-21T05:59:18.531138+00:00,2026-08-24T06:00,2026-08-24T05:00:00+00:00,15.9,0.0
London,2026-08-21T05:59:18.531138+00:00,2026-08-24T07:00,2026-08-24T06:00:00+00:00,16.0,0.0
London,2026-08-21T05:59:18.531138+00:00,2026-08-24T08:00,2026-08-24T07:00:00+00:00,16.8,0.0
London,2026-08-21T05:59:18.531138+00:00,2026-08-24T09:00,2026-08-24T08:00:00+00:00,17.9,0.0
London,2026-08-21T05:59:18.531138+00:00,2026-08-24T10:00,2026-08-24T09:00:00+00:00,18.9,0.0
London,2026-08-21T05:59:18.531138+00:00,2026-08-24T11:00,2026-08-24T10:00:00+00:00,19.7,1.0
London,2026-08-21T05:59:18.531138+00:00,2026-08-24T12:00,2026-08-24T11:00:00+00:00,20.5,2.0
London,2026-08-21T05:59:18.531138+00:00,2026-08-24T13:00,2026-08-24T12:00:00+00:00,21.0,2.0
London,2026-08-21T05:59:18.531138+00:00,2026-08-24T14:00,2026-08-24T13:00:00+00:00,21.2,1.0
London,2026-08-21T05:59:18.531138+00:00,2026-08-24T15:00,2026-08-24T14:00:00+00:00,21.3,0.0
London,2026-08-21T05:59:18.531138+00:00,2026-08-24T16:00,2026-08-24T15:00:00+00:00,21.3,0.0
London,2026-08-21T05:59:18.531138+00:00,2026-08-24T17:00,2026-08-24T16:00:00+00:00,21.1,1.0
London,2026-08-21T05:59:18.531138+00:00,2026-08-24T18:00,2026-08-24T17:00:00+00:00,20.9,3.0
London,2026-08-21T05:59:18.531138+00:00,2026-08-24T19:00,2026-08-24T18:00:00+00:00,20.6,4.0
London,2026-08-21T05:59:18.531138+00:00,2026-08-24T20:00,2026-08-24T19:00:00+00:00,20.4,3.0
London,2026-08-21T05:59:18.531138+00:00,2026-08-24T21:00,2026-08-24T20:00:00+00:00,20.1,1.0
London,2026-08-21T05:59:18.531138+00:00,2026-08-24T22:00,2026-08-24T21:00:00+00:00,19.8,0.0
London,2026-08-21T05:59:18.531138+00:00,2026-08-24T23:00,2026-08-24T22:00:00+00:00,19.7,1.0
London,2026-08-21T05:59:18.531138+00:00,2026-08-25T00:00,2026-08-24T23:00:00+00:00,19.7,2.0
London,2026-08-21T05:59:18.531138+00:00,2026-08-25T01:00,2026-08-25T00:00:00+00:00,19.5,4.0
London,2026-08-21T05:59:18.531138+00:00,2026-08-25T02:00,2026-08-25T01:00:00+00:00,19.1,5.0
London,2026-08-21T05:59:18.531138+00:00,2026-08-25T03:00,2026-08-25T02:00:00+00:00,18.6,6.0
London,2026-08-21T05:59:18.531138+00:00,2026-08-25T04:00,2026-08-25T03:00:00+00:00,18.2,8.0
London,2026-08-21T05:59:18.531138+00:00,2026-08-25T05:00,2026-08-25T04:00:00+00:00,18.0,11.0
London,2026-08-21T05:59:18.531138+00:00,2026-08-25T06:00,2026-08-25T05:00:00+00:00,17.8,14.0
London,2026-08-21T05:59:18.531138+00:00,2026-08-25T07:00,2026-08-25T06:00:00+00:00,17.9,16.0
London,2026-08-21T05:59:18.531138+00:00,2026-08-25T08:00,2026-08-25T07:00:00+00:00,18.4,15.0
London,2026-08-21T05:59:18.531138+00:00,2026-08-25T09:00,2026-08-25T08:00:00+00:00,19.1,12.0
London,2026-08-21T05:59:18.531138+00:00,2026-08-25T10:00,2026-08-25T09:00:00+00:00,20.1,10.0
London,2026-08-21T05:59:18.531138+00:00,2026-08-25T11:00,2026-08-25T10:00:00+00:00,21.3,10.0
London,2026-08-21T05:59:18.531138+00:00,2026-08-25T12:00,2026-08-25T11:00:00+00:00,22.8,11.0
London,2026-08-21T05:59:18.531138+00:00,2026-08-25T13:00,2026-08-25T12:00:00+00:00,24.1,12.0
London,2026-08-21T05:59:18.531138+00:00,2026-08-25T14:00,2026-08-25T13:00:00+00:00,25.2,12.0
London,2026-08-21T05:59:18.531138+00:00,2026-08-25T15:00,2026-08-25T14:00:00+00:00,26.2,12.0
London,2026-08-21T05:59:18.531138+00:00,2026-08-25T16:00,2026-08-25T15:00:00+00:00,26.7,12.0
London,2026-08-21T05:59:18.531138+00:00,2026-08-25T17:00,2026-08-25T16:00:00+00:00,26.5,12.0
London,2026-08-21T05:59:18.531138+00:00,2026-08-25T18:00,2026-08-25T17:00:00+00:00,26.0,12.0
London,2026-08-21T05:59:18.531138+00:00,2026-08-25T19:00,2026-08-25T18:00:00+00:00,25.3,12.0
London,2026-08-21T05:59:18.531138+00:00,2026-08-25T20:00,2026-08-25T19:00:00+00:00,24.7,12.0
London,2026-08-21T05:59:18.531138+00:00,2026-08-25T21:00,2026-08-25T20:00:00+00:00,24.0,13.0
London,2026-08-21T05:59:18.531138+00:00,2026-08-25T22:00,2026-08-25T21:00:00+00:00,23.2,14.0
London,2026-08-21T05:59:18.531138+00:00,2026-08-25T23:00,2026-08-25T22:00:00+00:00,22.3,16.0
London,2026-08-21T05:59:18.531138+00:00,2026-08-26T00:00,2026-08-25T23:00:00+00:00,21.2,19.0
London,2026-08-21T05:59:18.531138+00:00,2026-08-26T01:00,2026-08-26T00:00:00+00:00,20.5,22.0
London,2026-08-21T05:59:18.531138+00:00,2026-08-26T02:00,2026-08-26T01:00:00+00:00,20.2,24.0
London,2026-08-21T05:59:18.531138+00:00,2026-08-26T03:00,2026-08-26T02:00:00+00:00,20.2,26.0
London,2026-08-21T05:59:18.531138+00:00,2026-08-26T04:00,2026-08-26T03:00:00+00:00,20.1,27.0
London,2026-08-21T05:59:18.531138+00:00,2026-08-26T05:00,2026-08-26T04:00:00+00:00,19.9,27.0
London,2026-08-21T05:59:18.531138+00:00,2026-08-26T06:00,2026-08-26T05:00:00+00:00,19.7,26.0
London,2026-08-21T05:59:18.531138+00:00,2026-08-26T07:00,2026-08-26T06:00:00+00:00,19.8,24.0
London,2026-08-21T05:59:18.531138+00:00,2026-08-26T08:00,2026-08-26T07:00:00+00:00,20.3,21.0
London,2026-08-21T05:59:18.531138+00:00,2026-08-26T09:00,2026-08-26T08:00:00+00:00,21.0,18.0
London,2026-08-21T05:59:18.531138+00:00,2026-08-26T10:00,2026-08-26T09:00:00+00:00,21.9,16.0
London,2026-08-21T05:59:18.531138+00:00,2026-08-26T11:00,2026-08-26T10:00:00+00:00,23.2,18.0
London,2026-08-21T05:59:18.531138+00:00,2026-08-26T12:00,2026-08-26T11:00:00+00:00,24.2,22.0
London,2026-08-21T05:59:18.531138+00:00,2026-08-26T13:00,2026-08-26T12:00:00+00:00,25.0,25.0
London,2026-08-21T05:59:18.531138+00:00,2026-08-26T14:00,2026-08-26T13:00:00+00:00,25.6,25.0
London,2026-08-21T05:59:18.531138+00:00,2026-08-26T15:00,2026-08-26T14:00:00+00:00,26.2,24.0
London,2026-08-21T05:59:18.531138+00:00,2026-08-26T16:00,2026-08-26T15:00:00+00:00,26.7,22.0
London,2026-08-21T05:59:18.531138+00:00,2026-08-26T17:00,2026-08-26T16:00:00+00:00,27.0,19.0
London,2026-08-21T05:59:18.531138+00:00,2026-08-26T18:00,2026-08-26T17:00:00+00:00,27.2,15.0
London,2026-08-21T05:59:18.531138+00:00,2026-08-26T19:00,2026-08-26T18:00:00+00:00,27.1,14.0
London,2026-08-21T05:59:18.531138+00:00,2026-08-26T20:00,2026-08-26T19:00:00+00:00,26.7,20.0
London,2026-08-21T05:59:18.531138+00:00,2026-08-26T21:00,2026-08-26T20:00:00+00:00,25.9,29.0
London,2026-08-21T05:59:18.531138+00:00,2026-08-26T22:00,2026-08-26T21:00:00+00:00,25.0,37.0
London,2026-08-21T05:59:18.531138+00:00,2026-08-26T23:00,2026-08-26T22:00:00+00:00,24.0,43.0
London,2026-08-21T05:59:18.531138+00:00,2026-08-27T00:00,2026-08-26T23:00:00+00:00,23.1,47.0
London,2026-08-21T05:59:18.531138+00:00,2026-08-27T01:00,2026-08-27T00:00:00+00:00,22.3,51.0
London,2026-08-21T05:59:18.531138+00:00,2026-08-27T02:00,2026-08-27T01:00:00+00:00,21.7,53.0
London,2026-08-21T05:59:18.531138+00:00,2026-08-27T03:00,2026-08-27T02:00:00+00:00,21.2,54.0
London,2026-08-21T05:59:18.531138+00:00,2026-08-27T04:00,2026-08-27T03:00:00+00:00,20.7,55.0
London,2026-08-21T05:59:18.531138+00:00,2026-08-27T05:00,2026-08-27T04:00:00+00:00,20.3,55.0
London,2026-08-21T05:59:18.531138+00:00,2026-08-27T06:00,2026-08-27T05:00:00+00:00,20.1,55.0
London,2026-08-21T05:59:18.531138+00:00,2026-08-27T07:00,2026-08-27T06:00:00+00:00,20.0,55.0
London,2026-08-21T05:59:18.531138+00:00,2026-08-27T08:00,2026-08-27T07:00:00+00:00,20.2,54.0
London,2026-08-21T05:59:18.531138+00:00,2026-08-27T09:00,2026-08-27T08:00:00+00:00,20.6,54.0
London,2026-08-21T05:59:18.531138+00:00,2026-08-27T10:00,2026-08-27T09:00:00+00:00,21.2,53.0
London,2026-08-21T05:59:18.531138+00:00,2026-08-27T11:00,2026-08-27T10:00:00+00:00,21.9,52.0
London,2026-08-21T05:59:18.531138+00:00,2026-08-27T12:00,2026-08-27T11:00:00+00:00,22.8,51.0
London,2026-08-21T05:59:18.531138+00:00,2026-08-27T13:00,2026-08-27T12:00:00+00:00,23.5,51.0
London,2026-08-21T05:59:18.531138+00:00,2026-08-27T14:00,2026-08-27T13:00:00+00:00,23.9,51.0
London,2026-08-21T05:59:18.531138+00:00,2026-08-27T15:00,2026-08-27T14:00:00+00:00,23.8,52.0
London,2026-08-21T05:59:18.531138+00:00,2026-08-27T16:00,2026-08-27T15:00:00+00:00,23.5,53.0
London,2026-08-21T05:59:18.531138+00:00,2026-08-27T17:00,2026-08-27T16:00:00+00:00,23.0,54.0
London,2026-08-21T05:59:18.531138+00:00,2026-08-27T18:00,2026-08-27T17:00:00+00:00,22.4,54.0
London,2026-08-21T05:59:18.531138+00:00,2026-08-27T19:00,2026-08-27T18:00:00+00:00,21.8,53.0
London,2026-08-21T05:59:18.531138+00:00,2026-08-27T20:00,2026-08-27T19:00:00+00:00,21.1,49.0
London,2026-08-21T05:59:18.531138+00:00,2026-08-27T21:00,2026-08-27T20:00:00+00:00,20.2,44.0
London,2026-08-21T05:59:18.531138+00:00,2026-08-27T22:00,2026-08-27T21:00:00+00:00,19.2,39.0
London,2026-08-21T05:59:18.531138+00:00,2026-08-27T23:00,2026-08-27T22:00:00+00:00,18.2,34.0
London,2026-08-21T05:59:18.531138+00:00,2026-08-28T00:00,2026-08-27T23:00:00+00:00,17.3,30.0
London,2026-08-21T05:59:18.531138+00:00,2026-08-28T01:00,2026-08-28T00:00:00+00:00,16.5,27.0
London,2026-08-21T05:59:18.531138+00:00,2026-08-28T02:00,2026-08-28T01:00:00+00:00,15.9,27.0
London,2026-08-21T05:59:18.531138+00:00,2026-08-28T03:00,2026-08-28T02:00:00+00:00,15.3,28.0
London,2026-08-21T05:59:18.531138+00:00,2026-08-28T04:00,2026-08-28T03:00:00+00:00,14.7,30.0
London,2026-08-21T05:59:18.531138+00:00,2026-08-28T05:00,2026-08-28T04:00:00+00:00,14.3,33.0
London,2026-08-21T05:59:18.531138+00:00,2026-08-28T06:00,2026-08-28T05:00:00+00:00,14.2,36.0
London,2026-08-21T05:59:18.531138+00:00,2026-08-28T07:00,2026-08-28T06:00:00+00:00,14.3,39.0
London,2026-08-21T05:59:18.531138+00:00,2026-08-28T08:00,2026-08-28T07:00:00+00:00,14.9,42.0
London,2026-08-21T05:59:18.531138+00:00,2026-08-28T09:00,2026-08-28T08:00:00+00:00,16.0,46.0
London,2026-08-21T05:59:18.531138+00:00,2026-08-28T10:00,2026-08-28T09:00:00+00:00,17.3,49.0
London,2026-08-21T05:59:18.531138+00:00,2026-08-28T11:00,2026-08-28T10:00:00+00:00,18.6,52.0
London,2026-08-21T05:59:18.531138+00:00,2026-08-28T12:00,2026-08-28T11:00:00+00:00,19.5,56.0
London,2026-08-21T05:59:18.531138+00:00,2026-08-28T13:00,2026-08-28T12:00:00+00:00,20.0,59.0
London,2026-08-21T05:59:18.531138+00:00,2026-08-28T14:00,2026-08-28T13:00:00+00:00,19.7,63.0
London,2026-08-21T05:59:18.531138+00:00,2026-08-28T15:00,2026-08-28T14:00:00+00:00,19.0,68.0
London,2026-08-21T05:59:18.531138+00:00,2026-08-28T16:00,2026-08-28T15:00:00+00:00,18.0,71.0
London,2026-08-21T05:59:18.531138+00:00,2026-08-28T17:00,2026-08-28T16:00:00+00:00,16.9,74.0
London,2026-08-21T05:59:18.531138+00:00,2026-08-28T18:00,2026-08-28T17:00:00+00:00,15.9,76.0
London,2026-08-21T05:59:18.531138+00:00,2026-08-28T19:00,2026-08-28T18:00:00+00:00,15.2,75.0
London,2026-08-21T05:59:18.531138+00:00,2026-08-28T20:00,2026-08-28T19:00:00+00:00,14.8,69.0
London,2026-08-21T05:59:18.531138+00:00,2026-08-28T21:00,2026-08-28T20:00:00+00:00,14.6,61.0
London,2026-08-21T05:59:18.531138+00:00,2026-08-28T22:00,2026-08-28T21:00:00+00:00,14.4,52.0
London,2026-08-21T05:59:18.531138+00:00,2026-08-28T23:00,2026-08-28T22:00:00+00:00,14.4,43.0
London,2026-08-21T05:59:18.531138+00:00,2026-08-29T00:00,2026-08-28T23:00:00+00:00,14.3,33.0
London,2026-08-21T05:59:18.531138+00:00,2026-08-29T01:00,2026-08-29T00:00:00+00:00,14.1,25.0
London,2026-08-21T05:59:18.531138+00:00,2026-08-29T02:00,2026-08-29T01:00:00+00:00,13.7,20.0
London,2026-08-21T05:59:18.531138+00:00,2026-08-29T03:00,2026-08-29T02:00:00+00:00,13.2,16.0
London,2026-08-21T05:59:18.531138+00:00,2026-08-29T04:00,2026-08-29T03:00:00+00:00,12.6,13.0
London,2026-08-21T05:59:18.531138+00:00,2026-08-29T05:00,2026-08-29T04:00:00+00:00,12.2,11.0
London,2026-08-21T05:59:18.531138+00:00,2026-08-29T06:00,2026-08-29T05:00:00+00:00,12.0,10.0
London,2026-08-21T05:59:18.531138+00:00,2026-08-29T07:00,2026-08-29T06:00:00+00:00,12.3,10.0
London,2026-08-21T05:59:18.531138+00:00,2026-08-29T08:00,2026-08-29T07:00:00+00:00,13.2,11.0
London,2026-08-21T05:59:18.531138+00:00,2026-08-29T09:00,2026-08-29T08:00:00+00:00,14.7,13.0
London,2026-08-21T05:59:18.531138+00:00,2026-08-29T10:00,2026-08-29T09:00:00+00:00,16.5,15.0
London,2026-08-21T05:59:18.531138+00:00,2026-08-29T11:00,2026-08-29T10:00:00+00:00,18.3,18.0
London,2026-08-21T05:59:18.531138+00:00,2026-08-29T12:00,2026-08-29T11:00:00+00:00,19.7,21.0
London,2026-08-21T05:59:18.531138+00:00,2026-08-29T13:00,2026-08-29T12:00:00+00:00,20.6,25.0
London,2026-08-21T05:59:18.531138+00:00,2026-08-29T14:00,2026-08-29T13:00:00+00:00,20.8,31.0
London,2026-08-21T05:59:18.531138+00:00,2026-08-29T15:00,2026-08-29T14:00:00+00:00,20.5,38.0
London,2026-08-21T05:59:18.531138+00:00,2026-08-29T16:00,2026-08-29T15:00:00+00:00,19.9,44.0
London,2026-08-21T05:59:18.531138+00:00,2026-08-29T17:00,2026-08-29T16:00:00+00:00,19.1,50.0
London,2026-08-21T05:59:18.531138+00:00,2026-08-29T18:00,2026-08-29T17:00:00+00:00,18.4,55.0
London,2026-08-21T05:59:18.531138+00:00,2026-08-29T19:00,2026-08-29T18:00:00+00:00,17.9,57.0
London,2026-08-21T05:59:18.531138+00:00,2026-08-29T20:00,2026-08-29T19:00:00+00:00,17.5,54.0
London,2026-08-21T05:59:18.531138+00:00,2026-08-29T21:00,2026-08-29T20:00:00+00:00,17.1,47.0
London,2026-08-21T05:59:18.531138+00:00,2026-08-29T22:00,2026-08-29T21:00:00+00:00,16.7,40.0
London,2026-08-21T05:59:18.531138+00:00,2026-08-29T23:00,2026-08-29T22:00:00+00:00,16.4,32.0
London,2026-08-21T05:59:18.531138+00:00,2026-08-30T00:00,2026-08-29T23:00:00+00:00,16.0,24.0
London,2026-08-21T05:59:18.531138+00:00,2026-08-30T01:00,2026-08-30T00:00:00+00:00,15.7,18.0
London,2026-08-21T05:59:18.531138+00:00,2026-08-30T02:00,2026-08-30T01:00:00+00:00,15.4,15.0
London,2026-08-21T05:59:18.531138+00:00,2026-08-30T03:00,2026-08-30T02:00:00+00:00,14.9,14.0
London,2026-08-21T05:59:18.531138+00:00,2026-08-30T04:00,2026-08-30T03:00:00+00:00,14.5,14.0
London,2026-08-21T05:59:18.531138+00:00,2026-08-30T05:00,2026-08-30T04:00:00+00:00,14.2,14.0
London,2026-08-21T05:59:18.531138+00:00,2026-08-30T06:00,2026-08-30T05:00:00+00:00,14.2,15.0
London,2026-08-21T05:59:18.531138+00:00,2026-08-30T07:00,2026-08-30T06:00:00+00:00,14.4,16.0
London,2026-08-21T05:59:18.531138+00:00,2026-08-30T08:00,2026-08-30T07:00:00+00:00,15.2,18.0
London,2026-08-21T05:59:18.531138+00:00,2026-08-30T09:00,2026-08-30T08:00:00+00:00,16.4,20.0
London,2026-08-21T05:59:18.531138+00:00,2026-08-30T10:00,2026-08-30T09:00:00+00:00,17.8,22.0
London,2026-08-21T05:59:18.531138+00:00,2026-08-30T11:00,2026-08-30T10:00:00+00:00,19.2,25.0
London,2026-08-21T05:59:18.531138+00:00,2026-08-30T12:00,2026-08-30T11:00:00+00:00,20.4,28.0
London,2026-08-21T05:59:18.531138+00:00,2026-08-30T13:00,2026-08-30T12:00:00+00:00,21.1,31.0
London,2026-08-21T05:59:18.531138+00:00,2026-08-30T14:00,2026-08-30T13:00:00+00:00,21.3,35.0
London,2026-08-21T05:59:18.531138+00:00,2026-08-30T15:00,2026-08-30T14:00:00+00:00,21.1,40.0
London,2026-08-21T05:59:18.531138+00:00,2026-08-30T16:00,2026-08-30T15:00:00+00:00,20.7,44.0
London,2026-08-21T05:59:18.531138+00:00,2026-08-30T17:00,2026-08-30T16:00:00+00:00,20.2,48.0
London,2026-08-21T05:59:18.531138+00:00,2026-08-30T18:00,2026-08-30T17:00:00+00:00,19.6,51.0
London,2026-08-21T05:59:18.531138+00:00,2026-08-30T19:00,2026-08-30T18:00:00+00:00,19.1,51.0
London,2026-08-21T05:59:18.531138+00:00,2026-08-30T20:00,2026-08-30T19:00:00+00:00,18.7,47.0
London,2026-08-21T05:59:18.531138+00:00,2026-08-30T21:00,2026-08-30T20:00:00+00:00,18.1,39.0
London,2026-08-21T05:59:18.531138+00:00,2026-08-30T22:00,2026-08-30T21:00:00+00:00,17.5,32.0
London,2026-08-21T05:59:18.531138+00:00,2026-08-30T23:00,2026-08-30T22:00:00+00:00,17.0,25.0
London,2026-08-21T05:59:18.531138+00:00,2026-08-31T00:00,2026-08-30T23:00:00+00:00,16.4,17.0
London,2026-08-21T05:59:18.531138+00:00,2026-08-31T01:00,2026-08-31T00:00:00+00:00,16.0,12.0
London,2026-08-21T05:59:18.531138+00:00,2026-08-31T02:00,2026-08-31T01:00:00+00:00,15.5,10.0
London,2026-08-21T05:59:18.531138+00:00,2026-08-31T03:00,2026-08-31T02:00:00+00:00,15.0,11.0
London,2026-08-21T05:59:18.531138+00:00,2026-08-31T04:00,2026-08-31T03:00:00+00:00,14.5,12.0
London,2026-08-21T05:59:18.531138+00:00,2026-08-31T05:00,2026-08-31T04:00:00+00:00,14.1,14.0
London,2026-08-21T05:59:18.531138+00:00,2026-08-31T06:00,2026-08-31T05:00:00+00:00,14.0,16.0
London,2026-08-21T05:59:18.531138+00:00,2026-08-31T07:00,2026-08-31T06:00:00+00:00,14.2,18.0
London,2026-08-21T05:59:18.531138+00:00,2026-08-31T08:00,2026-08-31T07:00:00+00:00,14.8,18.0
London,2026-08-21T05:59:18.531138+00:00,2026-08-31T09:00,2026-08-31T08:00:00+00:00,15.9,18.0
London,2026-08-21T05:59:18.531138+00:00,2026-08-31T10:00,2026-08-31T09:00:00+00:00,17.3,18.0
London,2026-08-21T05:59:18.531138+00:00,2026-08-31T11:00,2026-08-31T10:00:00+00:00,18.6,18.0
London,2026-08-21T05:59:18.531138+00:00,2026-08-31T12:00,2026-08-31T11:00:00+00:00,19.7,19.0
London,2026-08-21T05:59:18.531138+00:00,2026-08-31T13:00,2026-08-31T12:00:00+00:00,20.5,22.0
London,2026-08-21T05:59:18.531138+00:00,2026-08-31T14:00,2026-08-31T13:00:00+00:00,20.8,29.0
London,2026-08-21T05:59:18.531138+00:00,2026-08-31T15:00,2026-08-31T14:00:00+00:00,20.9,37.0
London,2026-08-21T05:59:18.531138+00:00,2026-08-31T16:00,2026-08-31T15:00:00+00:00,20.8,45.0
London,2026-08-21T05:59:18.531138+00:00,2026-08-31T17:00,2026-08-31T16:00:00+00:00,20.5,52.0
London,2026-08-21T05:59:18.531138+00:00,2026-08-31T18:00,2026-08-31T17:00:00+00:00,20.2,59.0
London,2026-08-21T05:59:18.531138+00:00,2026-08-31T19:00,2026-08-31T18:00:00+00:00,19.9,61.0
London,2026-08-21T05:59:18.531138+00:00,2026-08-31T20:00,2026-08-31T19:00:00+00:00,19.4,57.0
London,2026-08-21T05:59:18.531138+00:00,2026-08-31T21:00,2026-08-31T20:00:00+00:00,18.9,49.0
London,2026-08-21T05:59:18.531138+00:00,2026-08-31T22:00,2026-08-31T21:00:00+00:00,18.2,41.0
London,2026-08-21T05:59:18.531138+00:00,2026-08-31T23:00,2026-08-31T22:00:00+00:00,17.5,32.0
London,2026-08-21T05:59:18.531138+00:00,2026-09-01T00:00,2026-08-31T23:00:00+00:00,16.9,23.0
London,2026-08-21T05:59:18.531138+00:00,2026-09-01T01:00,2026-09-01T00:00:00+00:00,16.5,16.0
London,2026-08-21T05:59:18.531138+00:00,2026-09-01T02:00,2026-09-01T01:00:00+00:00,16.1,14.0
London,2026-08-21T05:59:18.531138+00:00,2026-09-01T03:00,2026-09-01T02:00:00+00:00,15.9,14.0
London,2026-08-21T05:59:18.531138+00:00,2026-09-01T04:00,2026-09-01T03:00:00+00:00,15.7,15.0
London,2026-08-21T05:59:18.531138+00:00,2026-09-01T05:00,2026-09-01T04:00:00+00:00,15.5,16.0
London,2026-08-21T05:59:18.531138+00:00,2026-09-01T06:00,2026-09-01T05:00:00+00:00,15.6,18.0
London,2026-08-21T05:59:18.531138+00:00,2026-09-01T07:00,2026-09-01T06:00:00+00:00,15.7,20.0
London,2026-08-21T05:59:18.531138+00:00,2026-09-01T08:00,2026-09-01T07:00:00+00:00,16.2,21.0
London,2026-08-21T05:59:18.531138+00:00,2026-09-01T09:00,2026-09-01T08:00:00+00:00,16.9,21.0
London,2026-08-21T05:59:18.531138+00:00,2026-09-01T10:00,2026-09-01T09:00:00+00:00,17.7,22.0
London,2026-08-21T05:59:18.531138+00:00,2026-09-01T11:00,2026-09-01T10:00:00+00:00,18.5,23.0
London,2026-08-21T05:59:18.531138+00:00,2026-09-01T12:00,2026-09-01T11:00:00+00:00,19.1,23.0
London,2026-08-21T05:59:18.531138+00:00,2026-09-01T13:00,2026-09-01T12:00:00+00:00,19.4,25.0
London,2026-08-21T05:59:18.531138+00:00,2026-09-01T14:00,2026-09-01T13:00:00+00:00,19.3,28.0
London,2026-08-21T05:59:18.531138+00:00,2026-09-01T15:00,2026-09-01T14:00:00+00:00,19.0,32.0
London,2026-08-21T05:59:18.531138+00:00,2026-09-01T16:00,2026-09-01T15:00:00+00:00,18.4,35.0
London,2026-08-21T05:59:18.531138+00:00,2026-09-01T17:00,2026-09-01T16:00:00+00:00,17.8,38.0
London,2026-08-21T05:59:18.531138+00:00,2026-09-01T18:00,2026-09-01T17:00:00+00:00,17.2,40.0
London,2026-08-21T05:59:18.531138+00:00,2026-09-01T19:00,2026-09-01T18:00:00+00:00,16.8,41.0
London,2026-08-21T05:59:18.531138+00:00,2026-09-01T20:00,2026-09-01T19:00:00+00:00,16.4,39.0
London,2026-08-21T05:59:18.531138+00:00,2026-09-01T21:00,2026-09-01T20:00:00+00:00,16.0,35.0
London,2026-08-21T05:59:18.531138+00:00,2026-09-01T22:00,2026-09-01T21:00:00+00:00,15.7,31.0
London,2026-08-21T05:59:18.531138+00:00,2026-09-01T23:00,2026-09-01T22:00:00+00:00,15.4,27.0
London,2026-08-21T05:59:18.531138+00:00,2026-09-02T00:00,2026-09-01T23:00:00+00:00,15.1,22.0
London,2026-08-21T05:59:18.531138+00:00,2026-09-02T01:00,2026-09-02T00:00:00+00:00,14.9,18.0
London,2026-08-21T05:59:18.531138+00:00,2026-09-02T02:00,2026-09-02T01:00:00+00:00,14.7,16.0
London,2026-08-21T05:59:18.531138+00:00,2026-09-02T03:00,2026-09-02T02:00:00+00:00,14.5,15.0
London,2026-08-21T05:59:18.531138+00:00,2026-09-02T04:00,2026-09-02T03:00:00+00:00,14.3,14.0
London,2026-08-21T05:59:18.531138+00:00,2026-09-02T05:00,2026-09-02T04:00:00+00:00,14.2,14.0
London,2026-08-21T05:59:18.531138+00:00,2026-09-02T06:00,2026-09-02T05:00:00+00:00,14.3,14.0
London,2026-08-21T05:59:18.531138+00:00,2026-09-02T07:00,2026-09-02T06:00:00+00:00,14.6,14.0
London,2026-08-21T05:59:18.531138+00:00,2026-09-02T08:00,2026-09-02T07:00:00+00:00,15.3,15.0
London,2026-08-21T05:59:18.531138+00:00,2026-09-02T09:00,2026-09-02T08:00:00+00:00,16.4,16.0
London,2026-08-21T05:59:18.531138+00:00,2026-09-02T10:00,2026-09-02T09:00:00+00:00,17.6,17.0
London,2026-08-21T05:59:18.531138+00:00,2026-09-02T11:00,2026-09-02T10:00:00+00:00,18.9,18.0
London,2026-08-21T05:59:18.531138+00:00,2026-09-02T12:00,2026-09-02T11:00:00+00:00,19.9,20.0
London,2026-08-21T05:59:18.531138+00:00,2026-09-02T13:00,2026-09-02T12:00:00+00:00,20.5,22.0
London,2026-08-21T05:59:18.531138+00:00,2026-09-02T14:00,2026-09-02T13:00:00+00:00,20.8,25.0
London,2026-08-21T05:59:18.531138+00:00,2026-09-02T15:00,2026-09-02T14:00:00+00:00,20.7,29.0
London,2026-08-21T05:59:18.531138+00:00,2026-09-02T16:00,2026-09-02T15:00:00+00:00,20.5,33.0
London,2026-08-21T05:59:18.531138+00:00,2026-09-02T17:00,2026-09-02T16:00:00+00:00,20.1,36.0
London,2026-08-21T05:59:18.531138+00:00,2026-09-02T18:00,2026-09-02T17:00:00+00:00,19.6,39.0
London,2026-08-21T05:59:18.531138+00:00,2026-09-02T19:00,2026-09-02T18:00:00+00:00,19.1,39.0
London,2026-08-21T05:59:18.531138+00:00,2026-09-02T20:00,2026-09-02T19:00:00+00:00,18.5,36.0
London,2026-08-21T05:59:18.531138+00:00,2026-09-02T21:00,2026-09-02T20:00:00+00:00,17.7,32.0
London,2026-08-21T05:59:18.531138+00:00,2026-09-02T22:00,2026-09-02T21:00:00+00:00,16.9,27.0
London,2026-08-21T05:59:18.531138+00:00,2026-09-02T23:00,2026-09-02T22:00:00+00:00,16.0,22.0
London,2026-08-21T05:59:18.531138+00:00,2026-09-03T00:00,2026-09-02T23:00:00+00:00,15.2,17.0
London,2026-08-21T05:59:18.531138+00:00,2026-09-03T01:00,2026-09-03T00:00:00+00:00,14.6,14.0
London,2026-08-21T05:59:18.531138+00:00,2026-09-03T02:00,2026-09-03T01:00:00+00:00,14.1,14.0
London,2026-08-21T05:59:18.531138+00:00,2026-09-03T03:00,2026-09-03T02:00:00+00:00,13.6,15.0
London,2026-08-21T05:59:18.531138+00:00,2026-09-03T04:00,2026-09-03T03:00:00+00:00,13.1,17.0
London,2026-08-21T05:59:18.531138+00:00,2026-09-03T05:00,2026-09-03T04:00:00+00:00,12.8,19.0
London,2026-08-21T05:59:18.531138+00:00,2026-09-03T06:00,2026-09-03T05:00:00+00:00,12.8,21.0
London,2026-08-21T05:59:18.531138+00:00,2026-09-03T07:00,2026-09-03T06:00:00+00:00,13.1,22.0
London,2026-08-21T05:59:18.531138+00:00,2026-09-03T08:00,2026-09-03T07:00:00+00:00,13.9,22.0
London,2026-08-21T05:59:18.531138+00:00,2026-09-03T09:00,2026-09-03T08:00:00+00:00,15.3,21.0
London,2026-08-21T05:59:18.531138+00:00,2026-09-03T10:00,2026-09-03T09:00:00+00:00,16.9,20.0
London,2026-08-21T05:59:18.531138+00:00,2026-09-03T11:00,2026-09-03T10:00:00+00:00,18.5,19.0
London,2026-08-21T05:59:18.531138+00:00,2026-09-03T12:00,2026-09-03T11:00:00+00:00,19.8,19.0
London,2026-08-21T05:59:18.531138+00:00,2026-09-03T13:00,2026-09-03T12:00:00+00:00,20.7,20.0
London,2026-08-21T05:59:18.531138+00:00,2026-09-03T14:00,2026-09-03T13:00:00+00:00,20.9,23.0
London,2026-08-21T05:59:18.531138+00:00,2026-09-03T15:00,2026-09-03T14:00:00+00:00,20.9,26.0
London,2026-08-21T05:59:18.531138+00:00,2026-09-03T16:00,2026-09-03T15:00:00+00:00,20.5,30.0
London,2026-08-21T05:59:18.531138+00:00,2026-09-03T17:00,2026-09-03T16:00:00+00:00,20.0,34.0
London,2026-08-21T05:59:18.531138+00:00,2026-09-03T18:00,2026-09-03T17:00:00+00:00,19.4,37.0
London,2026-08-21T05:59:18.531138+00:00,2026-09-03T19:00,2026-09-03T18:00:00+00:00,18.9,39.0
London,2026-08-21T05:59:18.531138+00:00,2026-09-03T20:00,2026-09-03T19:00:00+00:00,18.4,39.0
London,2026-08-21T05:59:18.531138+00:00,2026-09-03T21:00,2026-09-03T20:00:00+00:00,17.7,36.0
London,2026-08-21T05:59:18.531138+00:00,2026-09-03T22:00,2026-09-03T21:00:00+00:00,16.9,34.0
London,2026-08-21T05:59:18.531138+00:00,2026-09-03T23:00,2026-09-03T22:00:00+00:00,16.2,31.0
London,2026-08-21T05:59:18.531138+00:00,2026-09-04T00:00,2026-09-03T23:00:00+00:00,15.6,28.0
London,2026-08-21T05:59:18.531138+00:00,2026-09-04T01:00,2026-09-04T00:00:00+00:00,15.2,25.0
London,2026-08-21T05:59:18.531138+00:00,2026-09-04T02:00,2026-09-04T01:00:00+00:00,15.0,24.0
London,2026-08-21T05:59:18.531138+00:00,2026-09-04T03:00,2026-09-04T02:00:00+00:00,15.0,23.0
London,2026-08-21T05:59:18.531138+00:00,2026-09-04T04:00,2026-09-04T03:00:00+00:00,15.1,22.0
London,2026-08-21T05:59:18.531138+00:00,2026-09-04T05:00,2026-09-04T04:00:00+00:00,15.3,21.0
London,2026-08-21T05:59:18.531138+00:00,2026-09-04T06:00,2026-09-04T05:00:00+00:00,15.5,20.0
London,2026-08-21T05:59:18.531138+00:00,2026-09-04T07:00,2026-09-04T06:00:00+00:00,15.8,20.0
London,2026-08-21T05:59:18.531138+00:00,2026-09-04T08:00,2026-09-04T07:00:00+00:00,16.1,20.0
London,2026-08-21T05:59:18.531138+00:00,2026-09-04T09:00,2026-09-04T08:00:00+00:00,16.7,21.0
London,2026-08-21T05:59:18.531138+00:00,2026-09-04T10:00,2026-09-04T09:00:00+00:00,17.2,21.0
London,2026-08-21T05:59:18.531138+00:00,2026-09-04T11:00,2026-09-04T10:00:00+00:00,17.8,21.0
London,2026-08-21T05:59:18.531138+00:00,2026-09-04T12:00,2026-09-04T11:00:00+00:00,18.3,22.0
London,2026-08-21T05:59:18.531138+00:00,2026-09-04T13:00,2026-09-04T12:00:00+00:00,18.6,22.0
London,2026-08-21T05:59:18.531138+00:00,2026-09-04T14:00,2026-09-04T13:00:00+00:00,18.7,22.0
London,2026-08-21T05:59:18.531138+00:00,2026-09-04T15:00,2026-09-04T14:00:00+00:00,18.7,22.0
London,2026-08-21T05:59:18.531138+00:00,2026-09-04T16:00,2026-09-04T15:00:00+00:00,,
London,2026-08-21T05:59:18.531138+00:00,2026-09-04T17:00,2026-09-04T16:00:00+00:00,,
London,2026-08-21T05:59:18.531138+00:00,2026-09-04T18:00,2026-09-04T17:00:00+00:00,,
London,2026-08-21T05:59:18.531138+00:00,2026-09-04T19:00,2026-09-04T18:00:00+00:00,,
London,2026-08-21T05:59:18.531138+00:00,2026-09-04T20:00,2026-09-04T19:00:00+00:00,,
London,2026-08-21T05:59:18.531138+00:00,2026-09-04T21:00,2026-09-04T20:00:00+00:00,,
London,2026-08-21T05:59:18.531138+00:00,2026-09-04T22:00,2026-09-04T21:00:00+00:00,,
London,2026-08-21T05:59:18.531138+00:00,2026-09-04T23:00,2026-09-04T22:00:00+00:00,,
London,2026-08-21T05:59:18.531138+00:00,2026-09-05T00:00,2026-09-04T23:00:00+00:00,,
London,2026-08-21T05:59:18.531138+00:00,2026-09-05T01:00,2026-09-05T00:00:00+00:00,,
London,2026-08-21T05:59:18.531138+00:00,2026-09-05T02:00,2026-09-05T01:00:00+00:00,,
London,2026-08-21T05:59:18.531138+00:00,2026-09-05T03:00,2026-09-05T02:00:00+00:00,,
London,2026-08-21T05:59:18.531138+00:00,2026-09-05T04:00,2026-09-05T03:00:00+00:00,,
London,2026-08-21T05:59:18.531138+00:00,2026-09-05T05:00,2026-09-05T04:00:00+00:00,,
London,2026-08-21T05:59:18.531138+00:00,2026-09-05T06:00,2026-09-05T05:00:00+00:00,,
London,2026-08-21T05:59:18.531138+00:00,2026-09-05T07:00,2026-09-05T06:00:00+00:00,,
London,2026-08-21T05:59:18.531138+00:00,2026-09-05T08:00,2026-09-05T07:00:00+00:00,,
London,2026-08-21T05:59:18.531138+00:00,2026-09-05T09:00,2026-09-05T08:00:00+00:00,,
London,2026-08-21T05:59:18.531138+00:00,2026-09-05T10:00,2026-09-05T09:00:00+00:00,,
London,2026-08-21T05:59:18.531138+00:00,2026-09-05T11:00,2026-09-05T10:00:00+00:00,,
London,2026-08-21T05:59:18.531138+00:00,2026-09-05T12:00,2026-09-05T11:00:00+00:00,,
London,2026-08-21T05:59:18.531138+00:00,2026-09-05T13:00,2026-09-05T12:00:00+00:00,,
London,2026-08-21T05:59:18.531138+00:00,2026-09-05T14:00,2026-09-05T13:00:00+00:00,,
London,2026-08-21T05:59:18.531138+00:00,2026-09-05T15:00,2026-09-05T14:00:00+00:00,,
London,2026-08-21T05:59:18.531138+00:00,2026-09-05T16:00,2026-09-05T15:00:00+00:00,,
London,2026-08-21T05:59:18.531138+00:00,2026-09-05T17:00,2026-09-05T16:00:00+00:00,,
London,2026-08-21T05:59:18.531138+00:00,2026-09-05T18:00,2026-09-05T17:00:00+00:00,,
London,2026-08-21T05:59:18.531138+00:00,2026-09-05T19:00,2026-09-05T18:00:00+00:00,,
London,2026-08-21T05:59:18.531138+00:00,2026-09-05T20:00,2026-09-05T19:00:00+00:00,,
London,2026-08-21T05:59:18.531138+00:00,2026-09-05T21:00,2026-09-05T20:00:00+00:00,,
London,2026-08-21T05:59:18.531138+00:00,2026-09-05T22:00,2026-09-05T21:00:00+00:00,,
London,2026-08-21T05:59:18.531138+00:00,2026-09-05T23:00,2026-09-05T22:00:00+00:00,,
London,2026-08-21T07:18:04.729505+00:00,2026-08-21T00:00,2026-08-20T23:00:00+00:00,16.1,13.0
London,2026-08-21T07:18:04.729505+00:00,2026-08-21T01:00,2026-08-21T00:00:00+00:00,15.8,0.0
London,2026-08-21T07:18:04.729505+00:00,2026-08-21T02:00,2026-08-21T01:00:00+00:00,15.5,0.0
London,2026-08-21T07:18:04.729505+00:00,2026-08-21T03:00,2026-08-21T02:00:00+00:00,15.4,0.0
London,2026-08-21T07:18:04.729505+00:00,2026-08-21T04:00,2026-08-21T03:00:00+00:00,15.2,0.0
London,2026-08-21T07:18:04.729505+00:00,2026-08-21T05:00,2026-08-21T04:00:00+00:00,15.0,0.0
London,2026-08-21T07:18:04.729505+00:00,2026-08-21T06:00,2026-08-21T05:00:00+00:00,14.8,0.0
London,2026-08-21T07:18:04.729505+00:00,2026-08-21T07:00,2026-08-21T06:00:00+00:00,14.8,0.0
London,2026-08-21T07:18:04.729505+00:00,2026-08-21T08:00,2026-08-21T07:00:00+00:00,15.0,0.0
London,2026-08-21T07:18:04.729505+00:00,2026-08-21T09:00,2026-08-21T08:00:00+00:00,15.6,0.0
London,2026-08-21T07:18:04.729505+00:00,2026-08-21T10:00,2026-08-21T09:00:00+00:00,16.5,0.0
London,2026-08-21T07:18:04.729505+00:00,2026-08-21T11:00,2026-08-21T10:00:00+00:00,17.4,0.0
London,2026-08-21T07:18:04.729505+00:00,2026-08-21T12:00,2026-08-21T11:00:00+00:00,18.6,0.0
London,2026-08-21T07:18:04.729505+00:00,2026-08-21T13:00,2026-08-21T12:00:00+00:00,19.9,0.0
London,2026-08-21T07:18:04.729505+00:00,2026-08-21T14:00,2026-08-21T13:00:00+00:00,20.5,3.0
London,2026-08-21T07:18:04.729505+00:00,2026-08-21T15:00,2026-08-21T14:00:00+00:00,20.5,7.0
London,2026-08-21T07:18:04.729505+00:00,2026-08-21T16:00,2026-08-21T15:00:00+00:00,20.8,14.0
London,2026-08-21T07:18:04.729505+00:00,2026-08-21T17:00,2026-08-21T16:00:00+00:00,20.5,26.0
London,2026-08-21T07:18:04.729505+00:00,2026-08-21T18:00,2026-08-21T17:00:00+00:00,19.6,40.0
London,2026-08-21T07:18:04.729505+00:00,2026-08-21T19:00,2026-08-21T18:00:00+00:00,18.4,47.0
London,2026-08-21T07:18:04.729505+00:00,2026-08-21T20:00,2026-08-21T19:00:00+00:00,17.0,40.0
London,2026-08-21T07:18:04.729505+00:00,2026-08-21T21:00,2026-08-21T20:00:00+00:00,16.1,26.0
London,2026-08-21T07:18:04.729505+00:00,2026-08-21T22:00,2026-08-21T21:00:00+00:00,15.3,14.0
London,2026-08-21T07:18:04.729505+00:00,2026-08-21T23:00,2026-08-21T22:00:00+00:00,15.0,7.0
London,2026-08-21T07:18:04.729505+00:00,2026-08-22T00:00,2026-08-21T23:00:00+00:00,14.6,3.0
London,2026-08-21T07:18:04.729505+00:00,2026-08-22T01:00,2026-08-22T00:00:00+00:00,14.1,0.0
London,2026-08-21T07:18:04.729505+00:00,2026-08-22T02:00,2026-08-22T01:00:00+00:00,13.7,0.0
London,2026-08-21T07:18:04.729505+00:00,2026-08-22T03:00,2026-08-22T02:00:00+00:00,13.2,0.0
London,2026-08-21T07:18:04.729505+00:00,2026-08-22T04:00,2026-08-22T03:00:00+00:00,13.0,0.0
London,2026-08-21T07:18:04.729505+00:00,2026-08-22T05:00,2026-08-22T04:00:00+00:00,12.7,1.0
London,2026-08-21T07:18:04.729505+00:00,2026-08-22T06:00,2026-08-22T05:00:00+00:00,12.4,2.0
London,2026-08-21T07:18:04.729505+00:00,2026-08-22T07:00,2026-08-22T06:00:00+00:00,12.4,2.0
London,2026-08-21T07:18:04.729505+00:00,2026-08-22T08:00,2026-08-22T07:00:00+00:00,13.1,2.0
London,2026-08-21T07:18:04.729505+00:00,2026-08-22T09:00,2026-08-22T08:00:00+00:00,14.3,1.0
London,2026-08-21T07:18:04.729505+00:00,2026-08-22T10:00,2026-08-22T09:00:00+00:00,15.9,0.0
London,2026-08-21T07:18:04.729505+00:00,2026-08-22T11:00,2026-08-22T10:00:00+00:00,17.2,0.0
London,2026-08-21T07:18:04.729505+00:00,2026-08-22T12:00,2026-08-22T11:00:00+00:00,18.0,0.0
London,2026-08-21T07:18:04.729505+00:00,2026-08-22T13:00,2026-08-22T12:00:00+00:00,18.9,0.0
London,2026-08-21T07:18:04.729505+00:00,2026-08-22T14:00,2026-08-22T13:00:00+00:00,19.7,0.0
London,2026-08-21T07:18:04.729505+00:00,2026-08-22T15:00,2026-08-22T14:00:00+00:00,20.2,0.0
London,2026-08-21T07:18:04.729505+00:00,2026-08-22T16:00,2026-08-22T15:00:00+00:00,20.7,0.0
London,2026-08-21T07:18:04.729505+00:00,2026-08-22T17:00,2026-08-22T16:00:00+00:00,20.7,0.0
London,2026-08-21T07:18:04.729505+00:00,2026-08-22T18:00,2026-08-22T17:00:00+00:00,20.5,0.0
London,2026-08-21T07:18:04.729505+00:00,2026-08-22T19:00,2026-08-22T18:00:00+00:00,20.2,0.0
London,2026-08-21T07:18:04.729505+00:00,2026-08-22T20:00,2026-08-22T19:00:00+00:00,19.7,0.0
London,2026-08-21T07:18:04.729505+00:00,2026-08-22T21:00,2026-08-22T20:00:00+00:00,19.1,0.0
London,2026-08-21T07:18:04.729505+00:00,2026-08-22T22:00,2026-08-22T21:00:00+00:00,18.3,0.0
London,2026-08-21T07:18:04.729505+00:00,2026-08-22T23:00,2026-08-22T22:00:00+00:00,17.6,0.0
London,2026-08-21T07:18:04.729505+00:00,2026-08-23T00:00,2026-08-22T23:00:00+00:00,16.9,0.0
London,2026-08-21T07:18:04.729505+00:00,2026-08-23T01:00,2026-08-23T00:00:00+00:00,16.1,0.0
London,2026-08-21T07:18:04.729505+00:00,2026-08-23T02:00,2026-08-23T01:00:00+00:00,15.3,0.0
London,2026-08-21T07:18:04.729505+00:00,2026-08-23T03:00,2026-08-23T02:00:00+00:00,15.0,0.0
London,2026-08-21T07:18:04.729505+00:00,2026-08-23T04:00,2026-08-23T03:00:00+00:00,14.6,0.0
London,2026-08-21T07:18:04.729505+00:00,2026-08-23T05:00,2026-08-23T04:00:00+00:00,15.0,0.0
London,2026-08-21T07:18:04.729505+00:00,2026-08-23T06:00,2026-08-23T05:00:00+00:00,15.0,0.0
London,2026-08-21T07:18:04.729505+00:00,2026-08-23T07:00,2026-08-23T06:00:00+00:00,15.3,0.0
London,2026-08-21T07:18:04.729505+00:00,2026-08-23T08:00,2026-08-23T07:00:00+00:00,16.4,0.0
London,2026-08-21T07:18:04.729505+00:00,2026-08-23T09:00,2026-08-23T08:00:00+00:00,17.0,0.0
London,2026-08-21T07:18:04.729505+00:00,2026-08-23T10:00,2026-08-23T09:00:00+00:00,17.8,0.0
London,2026-08-21T07:18:04.729505+00:00,2026-08-23T11:00,2026-08-23T10:00:00+00:00,18.6,0.0
London,2026-08-21T07:18:04.729505+00:00,2026-08-23T12:00,2026-08-23T11:00:00+00:00,19.6,0.0
London,2026-08-21T07:18:04.729505+00:00,2026-08-23T13:00,2026-08-23T12:00:00+00:00,20.4,0.0
London,2026-08-21T07:18:04.729505+00:00,2026-08-23T14:00,2026-08-23T13:00:00+00:00,21.0,0.0
London,2026-08-21T07:18:04.729505+00:00,2026-08-23T15:00,2026-08-23T14:00:00+00:00,21.4,0.0
London,2026-08-21T07:18:04.729505+00:00,2026-08-23T16:00,2026-08-23T15:00:00+00:00,21.8,0.0
London,2026-08-21T07:18:04.729505+00:00,2026-08-23T17:00,2026-08-23T16:00:00+00:00,22.3,0.0
London,2026-08-21T07:18:04.729505+00:00,2026-08-23T18:00,2026-08-23T17:00:00+00:00,22.7,0.0
London,2026-08-21T07:18:04.729505+00:00,2026-08-23T19:00,2026-08-23T18:00:00+00:00,22.7,0.0
London,2026-08-21T07:18:04.729505+00:00,2026-08-23T20:00,2026-08-23T19:00:00+00:00,22.0,0.0
London,2026-08-21T07:18:04.729505+00:00,2026-08-23T21:00,2026-08-23T20:00:00+00:00,20.9,0.0
London,2026-08-21T07:18:04.729505+00:00,2026-08-23T22:00,2026-08-23T21:00:00+00:00,19.9,0.0
London,2026-08-21T07:18:04.729505+00:00,2026-08-23T23:00,2026-08-23T22:00:00+00:00,19.1,0.0
London,2026-08-21T07:18:04.729505+00:00,2026-08-24T00:00,2026-08-23T23:00:00+00:00,18.4,0.0
London,2026-08-21T07:18:04.729505+00:00,2026-08-24T01:00,2026-08-24T00:00:00+00:00,17.8,0.0
London,2026-08-21T07:18:04.729505+00:00,2026-08-24T02:00,2026-08-24T01:00:00+00:00,17.3,0.0
London,2026-08-21T07:18:04.729505+00:00,2026-08-24T03:00,2026-08-24T02:00:00+00:00,16.9,0.0
London,2026-08-21T07:18:04.729505+00:00,2026-08-24T04:00,2026-08-24T03:00:00+00:00,16.6,0.0
London,2026-08-21T07:18:04.729505+00:00,2026-08-24T05:00,2026-08-24T04:00:00+00:00,16.3,0.0
London,2026-08-21T07:18:04.729505+00:00,2026-08-24T06:00,2026-08-24T05:00:00+00:00,15.9,0.0
London,2026-08-21T07:18:04.729505+00:00,2026-08-24T07:00,2026-08-24T06:00:00+00:00,16.0,0.0
London,2026-08-21T07:18:04.729505+00:00,2026-08-24T08:00,2026-08-24T07:00:00+00:00,16.8,0.0
London,2026-08-21T07:18:04.729505+00:00,2026-08-24T09:00,2026-08-24T08:00:00+00:00,17.9,0.0
London,2026-08-21T07:18:04.729505+00:00,2026-08-24T10:00,2026-08-24T09:00:00+00:00,18.9,0.0
London,2026-08-21T07:18:04.729505+00:00,2026-08-24T11:00,2026-08-24T10:00:00+00:00,19.7,1.0
London,2026-08-21T07:18:04.729505+00:00,2026-08-24T12:00,2026-08-24T11:00:00+00:00,20.5,2.0
London,2026-08-21T07:18:04.729505+00:00,2026-08-24T13:00,2026-08-24T12:00:00+00:00,21.0,2.0
London,2026-08-21T07:18:04.729505+00:00,2026-08-24T14:00,2026-08-24T13:00:00+00:00,21.2,1.0
London,2026-08-21T07:18:04.729505+00:00,2026-08-24T15:00,2026-08-24T14:00:00+00:00,21.3,0.0
London,2026-08-21T07:18:04.729505+00:00,2026-08-24T16:00,2026-08-24T15:00:00+00:00,21.3,0.0
London,2026-08-21T07:18:04.729505+00:00,2026-08-24T17:00,2026-08-24T16:00:00+00:00,21.1,1.0
London,2026-08-21T07:18:04.729505+00:00,2026-08-24T18:00,2026-08-24T17:00:00+00:00,20.9,3.0
London,2026-08-21T07:18:04.729505+00:00,2026-08-24T19:00,2026-08-24T18:00:00+00:00,20.6,4.0
London,2026-08-21T07:18:04.729505+00:00,2026-08-24T20:00,2026-08-24T19:00:00+00:00,20.4,3.0
London,2026-08-21T07:18:04.729505+00:00,2026-08-24T21:00,2026-08-24T20:00:00+00:00,20.1,1.0
London,2026-08-21T07:18:04.729505+00:00,2026-08-24T22:00,2026-08-24T21:00:00+00:00,19.8,0.0
London,2026-08-21T07:18:04.729505+00:00,2026-08-24T23:00,2026-08-24T22:00:00+00:00,19.7,1.0
London,2026-08-21T07:18:04.729505+00:00,2026-08-25T00:00,2026-08-24T23:00:00+00:00,19.7,2.0
London,2026-08-21T07:18:04.729505+00:00,2026-08-25T01:00,2026-08-25T00:00:00+00:00,19.5,4.0
London,2026-08-21T07:18:04.729505+00:00,2026-08-25T02:00,2026-08-25T01:00:00+00:00,19.1,5.0
London,2026-08-21T07:18:04.729505+00:00,2026-08-25T03:00,2026-08-25T02:00:00+00:00,18.6,6.0
London,2026-08-21T07:18:04.729505+00:00,2026-08-25T04:00,2026-08-25T03:00:00+00:00,18.2,8.0
London,2026-08-21T07:18:04.729505+00:00,2026-08-25T05:00,2026-08-25T04:00:00+00:00,18.0,11.0
London,2026-08-21T07:18:04.729505+00:00,2026-08-25T06:00,2026-08-25T05:00:00+00:00,17.8,14.0
London,2026-08-21T07:18:04.729505+00:00,2026-08-25T07:00,2026-08-25T06:00:00+00:00,17.9,16.0
London,2026-08-21T07:18:04.729505+00:00,2026-08-25T08:00,2026-08-25T07:00:00+00:00,18.4,15.0
London,2026-08-21T07:18:04.729505+00:00,2026-08-25T09:00,2026-08-25T08:00:00+00:00,19.1,12.0
London,2026-08-21T07:18:04.729505+00:00,2026-08-25T10:00,2026-08-25T09:00:00+00:00,20.1,10.0
London,2026-08-21T07:18:04.729505+00:00,2026-08-25T11:00,2026-08-25T10:00:00+00:00,21.3,10.0
London,2026-08-21T07:18:04.729505+00:00,2026-08-25T12:00,2026-08-25T11:00:00+00:00,22.8,11.0
London,2026-08-21T07:18:04.729505+00:00,2026-08-25T13:00,2026-08-25T12:00:00+00:00,24.1,12.0
London,2026-08-21T07:18:04.729505+00:00,2026-08-25T14:00,2026-08-25T13:00:00+00:00,25.2,12.0
London,2026-08-21T07:18:04.729505+00:00,2026-08-25T15:00,2026-08-25T14:00:00+00:00,26.2,12.0
London,2026-08-21T07:18:04.729505+00:00,2026-08-25T16:00,2026-08-25T15:00:00+00:00,26.7,12.0
London,2026-08-21T07:18:04.729505+00:00,2026-08-25T17:00,2026-08-25T16:00:00+00:00,26.5,12.0
London,2026-08-21T07:18:04.729505+00:00,2026-08-25T18:00,2026-08-25T17:00:00+00:00,26.0,12.0
London,2026-08-21T07:18:04.729505+00:00,2026-08-25T19:00,2026-08-25T18:00:00+00:00,25.3,12.0
London,2026-08-21T07:18:04.729505+00:00,2026-08-25T20:00,2026-08-25T19:00:00+00:00,24.7,12.0
London,2026-08-21T07:18:04.729505+00:00,2026-08-25T21:00,2026-08-25T20:00:00+00:00,24.0,13.0
London,2026-08-21T07:18:04.729505+00:00,2026-08-25T22:00,2026-08-25T21:00:00+00:00,23.2,14.0
London,2026-08-21T07:18:04.729505+00:00,2026-08-25T23:00,2026-08-25T22:00:00+00:00,22.3,16.0
London,2026-08-21T07:18:04.729505+00:00,2026-08-26T00:00,2026-08-25T23:00:00+00:00,21.2,19.0
London,2026-08-21T07:18:04.729505+00:00,2026-08-26T01:00,2026-08-26T00:00:00+00:00,20.5,22.0
London,2026-08-21T07:18:04.729505+00:00,2026-08-26T02:00,2026-08-26T01:00:00+00:00,20.2,24.0
London,2026-08-21T07:18:04.729505+00:00,2026-08-26T03:00,2026-08-26T02:00:00+00:00,20.2,26.0
London,2026-08-21T07:18:04.729505+00:00,2026-08-26T04:00,2026-08-26T03:00:00+00:00,20.1,27.0
London,2026-08-21T07:18:04.729505+00:00,2026-08-26T05:00,2026-08-26T04:00:00+00:00,19.9,27.0
London,2026-08-21T07:18:04.729505+00:00,2026-08-26T06:00,2026-08-26T05:00:00+00:00,19.7,26.0
London,2026-08-21T07:18:04.729505+00:00,2026-08-26T07:00,2026-08-26T06:00:00+00:00,19.8,24.0
London,2026-08-21T07:18:04.729505+00:00,2026-08-26T08:00,2026-08-26T07:00:00+00:00,20.3,21.0
London,2026-08-21T07:18:04.729505+00:00,2026-08-26T09:00,2026-08-26T08:00:00+00:00,21.0,18.0
London,2026-08-21T07:18:04.729505+00:00,2026-08-26T10:00,2026-08-26T09:00:00+00:00,21.9,16.0
London,2026-08-21T07:18:04.729505+00:00,2026-08-26T11:00,2026-08-26T10:00:00+00:00,23.2,18.0
London,2026-08-21T07:18:04.729505+00:00,2026-08-26T12:00,2026-08-26T11:00:00+00:00,24.2,22.0
London,2026-08-21T07:18:04.729505+00:00,2026-08-26T13:00,2026-08-26T12:00:00+00:00,25.0,25.0
London,2026-08-21T07:18:04.729505+00:00,2026-08-26T14:00,2026-08-26T13:00:00+00:00,25.6,25.0
London,2026-08-21T07:18:04.729505+00:00,2026-08-26T15:00,2026-08-26T14:00:00+00:00,26.2,24.0
London,2026-08-21T07:18:04.729505+00:00,2026-08-26T16:00,2026-08-26T15:00:00+00:00,26.7,22.0
London,2026-08-21T07:18:04.729505+00:00,2026-08-26T17:00,2026-08-26T16:00:00+00:00,27.0,19.0
London,2026-08-21T07:18:04.729505+00:00,2026-08-26T18:00,2026-08-26T17:00:00+00:00,27.2,15.0
London,2026-08-21T07:18:04.729505+00:00,2026-08-26T19:00,2026-08-26T18:00:00+00:00,27.1,14.0
London,2026-08-21T07:18:04.729505+00:00,2026-08-26T20:00,2026-08-26T19:00:00+00:00,26.7,20.0
London,2026-08-21T07:18:04.729505+00:00,2026-08-26T21:00,2026-08-26T20:00:00+00:00,25.9,29.0
London,2026-08-21T07:18:04.729505+00:00,2026-08-26T22:00,2026-08-26T21:00:00+00:00,25.0,37.0
London,2026-08-21T07:18:04.729505+00:00,2026-08-26T23:00,2026-08-26T22:00:00+00:00,24.0,43.0
London,2026-08-21T07:18:04.729505+00:00,2026-08-27T00:00,2026-08-26T23:00:00+00:00,23.1,47.0
London,2026-08-21T07:18:04.729505+00:00,2026-08-27T01:00,2026-08-27T00:00:00+00:00,22.3,51.0
London,2026-08-21T07:18:04.729505+00:00,2026-08-27T02:00,2026-08-27T01:00:00+00:00,21.7,53.0
London,2026-08-21T07:18:04.729505+00:00,2026-08-27T03:00,2026-08-27T02:00:00+00:00,21.2,54.0
London,2026-08-21T07:18:04.729505+00:00,2026-08-27T04:00,2026-08-27T03:00:00+00:00,20.7,55.0
London,2026-08-21T07:18:04.729505+00:00,2026-08-27T05:00,2026-08-27T04:00:00+00:00,20.3,55.0
London,2026-08-21T07:18:04.729505+00:00,2026-08-27T06:00,2026-08-27T05:00:00+00:00,20.1,55.0
London,2026-08-21T07:18:04.729505+00:00,2026-08-27T07:00,2026-08-27T06:00:00+00:00,20.0,55.0
London,2026-08-21T07:18:04.729505+00:00,2026-08-27T08:00,2026-08-27T07:00:00+00:00,20.2,54.0
London,2026-08-21T07:18:04.729505+00:00,2026-08-27T09:00,2026-08-27T08:00:00+00:00,20.6,54.0
London,2026-08-21T07:18:04.729505+00:00,2026-08-27T10:00,2026-08-27T09:00:00+00:00,21.2,53.0
London,2026-08-21T07:18:04.729505+00:00,2026-08-27T11:00,2026-08-27T10:00:00+00:00,21.7,52.0
London,2026-08-21T07:18:04.729505+00:00,2026-08-27T12:00,2026-08-27T11:00:00+00:00,22.1,51.0
London,2026-08-21T07:18:04.729505+00:00,2026-08-27T13:00,2026-08-27T12:00:00+00:00,22.3,51.0
London,2026-08-21T07:18:04.729505+00:00,2026-08-27T14:00,2026-08-27T13:00:00+00:00,22.2,51.0
London,2026-08-21T07:18:04.729505+00:00,2026-08-27T15:00,2026-08-27T14:00:00+00:00,21.9,52.0
London,2026-08-21T07:18:04.729505+00:00,2026-08-27T16:00,2026-08-27T15:00:00+00:00,21.4,53.0
London,2026-08-21T07:18:04.729505+00:00,2026-08-27T17:00,2026-08-27T16:00:00+00:00,20.9,54.0
London,2026-08-21T07:18:04.729505+00:00,2026-08-27T18:00,2026-08-27T17:00:00+00:00,20.2,54.0
London,2026-08-21T07:18:04.729505+00:00,2026-08-27T19:00,2026-08-27T18:00:00+00:00,19.6,53.0
London,2026-08-21T07:18:04.729505+00:00,2026-08-27T20:00,2026-08-27T19:00:00+00:00,18.9,49.0
London,2026-08-21T07:18:04.729505+00:00,2026-08-27T21:00,2026-08-27T20:00:00+00:00,18.1,44.0
London,2026-08-21T07:18:04.729505+00:00,2026-08-27T22:00,2026-08-27T21:00:00+00:00,17.3,39.0
London,2026-08-21T07:18:04.729505+00:00,2026-08-27T23:00,2026-08-27T22:00:00+00:00,16.5,34.0
London,2026-08-21T07:18:04.729505+00:00,2026-08-28T00:00,2026-08-27T23:00:00+00:00,15.7,30.0
London,2026-08-21T07:18:04.729505+00:00,2026-08-28T01:00,2026-08-28T00:00:00+00:00,15.1,27.0
London,2026-08-21T07:18:04.729505+00:00,2026-08-28T02:00,2026-08-28T01:00:00+00:00,14.6,27.0
London,2026-08-21T07:18:04.729505+00:00,2026-08-28T03:00,2026-08-28T02:00:00+00:00,14.2,28.0
London,2026-08-21T07:18:04.729505+00:00,2026-08-28T04:00,2026-08-28T03:00:00+00:00,13.8,30.0
London,2026-08-21T07:18:04.729505+00:00,2026-08-28T05:00,2026-08-28T04:00:00+00:00,13.6,33.0
London,2026-08-21T07:18:04.729505+00:00,2026-08-28T06:00,2026-08-28T05:00:00+00:00,13.6,36.0
London,2026-08-21T07:18:04.729505+00:00,2026-08-28T07:00,2026-08-28T06:00:00+00:00,13.8,39.0
London,2026-08-21T07:18:04.729505+00:00,2026-08-28T08:00,2026-08-28T07:00:00+00:00,14.5,42.0
London,2026-08-21T07:18:04.729505+00:00,2026-08-28T09:00,2026-08-28T08:00:00+00:00,15.6,46.0
London,2026-08-21T07:18:04.729505+00:00,2026-08-28T10:00,2026-08-28T09:00:00+00:00,16.9,49.0
London,2026-08-21T07:18:04.729505+00:00,2026-08-28T11:00,2026-08-28T10:00:00+00:00,18.2,52.0
London,2026-08-21T07:18:04.729505+00:00,2026-08-28T12:00,2026-08-28T11:00:00+00:00,19.3,56.0
London,2026-08-21T07:18:04.729505+00:00,2026-08-28T13:00,2026-08-28T12:00:00+00:00,19.9,59.0
London,2026-08-21T07:18:04.729505+00:00,2026-08-28T14:00,2026-08-28T13:00:00+00:00,19.9,63.0
London,2026-08-21T07:18:04.729505+00:00,2026-08-28T15:00,2026-08-28T14:00:00+00:00,19.6,68.0
London,2026-08-21T07:18:04.729505+00:00,2026-08-28T16:00,2026-08-28T15:00:00+00:00,19.0,71.0
London,2026-08-21T07:18:04.729505+00:00,2026-08-28T17:00,2026-08-28T16:00:00+00:00,18.3,74.0
London,2026-08-21T07:18:04.729505+00:00,2026-08-28T18:00,2026-08-28T17:00:00+00:00,17.6,76.0
London,2026-08-21T07:18:04.729505+00:00,2026-08-28T19:00,2026-08-28T18:00:00+00:00,17.1,75.0
London,2026-08-21T07:18:04.729505+00:00,2026-08-28T20:00,2026-08-28T19:00:00+00:00,16.8,69.0
London,2026-08-21T07:18:04.729505+00:00,2026-08-28T21:00,2026-08-28T20:00:00+00:00,16.6,61.0
London,2026-08-21T07:18:04.729505+00:00,2026-08-28T22:00,2026-08-28T21:00:00+00:00,16.4,52.0
London,2026-08-21T07:18:04.729505+00:00,2026-08-28T23:00,2026-08-28T22:00:00+00:00,16.2,43.0
London,2026-08-21T07:18:04.729505+00:00,2026-08-29T00:00,2026-08-28T23:00:00+00:00,16.0,33.0
London,2026-08-21T07:18:04.729505+00:00,2026-08-29T01:00,2026-08-29T00:00:00+00:00,15.9,25.0
London,2026-08-21T07:18:04.729505+00:00,2026-08-29T02:00,2026-08-29T01:00:00+00:00,15.7,20.0
London,2026-08-21T07:18:04.729505+00:00,2026-08-29T03:00,2026-08-29T02:00:00+00:00,15.4,16.0
London,2026-08-21T07:18:04.729505+00:00,2026-08-29T04:00,2026-08-29T03:00:00+00:00,15.1,13.0
London,2026-08-21T07:18:04.729505+00:00,2026-08-29T05:00,2026-08-29T04:00:00+00:00,15.0,11.0
London,2026-08-21T07:18:04.729505+00:00,2026-08-29T06:00,2026-08-29T05:00:00+00:00,15.0,10.0
London,2026-08-21T07:18:04.729505+00:00,2026-08-29T07:00,2026-08-29T06:00:00+00:00,15.3,10.0
London,2026-08-21T07:18:04.729505+00:00,2026-08-29T08:00,2026-08-29T07:00:00+00:00,16.0,11.0
London,2026-08-21T07:18:04.729505+00:00,2026-08-29T09:00,2026-08-29T08:00:00+00:00,17.1,13.0
London,2026-08-21T07:18:04.729505+00:00,2026-08-29T10:00,2026-08-29T09:00:00+00:00,18.4,15.0
London,2026-08-21T07:18:04.729505+00:00,2026-08-29T11:00,2026-08-29T10:00:00+00:00,19.7,18.0
London,2026-08-21T07:18:04.729505+00:00,2026-08-29T12:00,2026-08-29T11:00:00+00:00,20.7,21.0
London,2026-08-21T07:18:04.729505+00:00,2026-08-29T13:00,2026-08-29T12:00:00+00:00,21.3,25.0
London,2026-08-21T07:18:04.729505+00:00,2026-08-29T14:00,2026-08-29T13:00:00+00:00,21.5,31.0
London,2026-08-21T07:18:04.729505+00:00,2026-08-29T15:00,2026-08-29T14:00:00+00:00,21.3,38.0
London,2026-08-21T07:18:04.729505+00:00,2026-08-29T16:00,2026-08-29T15:00:00+00:00,20.9,44.0
London,2026-08-21T07:18:04.729505+00:00,2026-08-29T17:00,2026-08-29T16:00:00+00:00,20.4,50.0
London,2026-08-21T07:18:04.729505+00:00,2026-08-29T18:00,2026-08-29T17:00:00+00:00,19.8,55.0
London,2026-08-21T07:18:04.729505+00:00,2026-08-29T19:00,2026-08-29T18:00:00+00:00,19.3,57.0
London,2026-08-21T07:18:04.729505+00:00,2026-08-29T20:00,2026-08-29T19:00:00+00:00,18.7,54.0
London,2026-08-21T07:18:04.729505+00:00,2026-08-29T21:00,2026-08-29T20:00:00+00:00,18.0,47.0
London,2026-08-21T07:18:04.729505+00:00,2026-08-29T22:00,2026-08-29T21:00:00+00:00,17.2,40.0
London,2026-08-21T07:18:04.729505+00:00,2026-08-29T23:00,2026-08-29T22:00:00+00:00,16.5,32.0
London,2026-08-21T07:18:04.729505+00:00,2026-08-30T00:00,2026-08-29T23:00:00+00:00,15.8,24.0
London,2026-08-21T07:18:04.729505+00:00,2026-08-30T01:00,2026-08-30T00:00:00+00:00,15.2,18.0
London,2026-08-21T07:18:04.729505+00:00,2026-08-30T02:00,2026-08-30T01:00:00+00:00,14.6,15.0
London,2026-08-21T07:18:04.729505+00:00,2026-08-30T03:00,2026-08-30T02:00:00+00:00,14.0,14.0
London,2026-08-21T07:18:04.729505+00:00,2026-08-30T04:00,2026-08-30T03:00:00+00:00,13.5,14.0
London,2026-08-21T07:18:04.729505+00:00,2026-08-30T05:00,2026-08-30T04:00:00+00:00,13.1,14.0
London,2026-08-21T07:18:04.729505+00:00,2026-08-30T06:00,2026-08-30T05:00:00+00:00,13.0,15.0
London,2026-08-21T07:18:04.729505+00:00,2026-08-30T07:00,2026-08-30T06:00:00+00:00,13.2,16.0
London,2026-08-21T07:18:04.729505+00:00,2026-08-30T08:00,2026-08-30T07:00:00+00:00,14.0,18.0
London,2026-08-21T07:18:04.729505+00:00,2026-08-30T09:00,2026-08-30T08:00:00+00:00,15.3,20.0
London,2026-08-21T07:18:04.729505+00:00,2026-08-30T10:00,2026-08-30T09:00:00+00:00,16.9,22.0
London,2026-08-21T07:18:04.729505+00:00,2026-08-30T11:00,2026-08-30T10:00:00+00:00,18.5,25.0
London,2026-08-21T07:18:04.729505+00:00,2026-08-30T12:00,2026-08-30T11:00:00+00:00,19.8,28.0
London,2026-08-21T07:18:04.729505+00:00,2026-08-30T13:00,2026-08-30T12:00:00+00:00,20.5,31.0
London,2026-08-21T07:18:04.729505+00:00,2026-08-30T14:00,2026-08-30T13:00:00+00:00,20.7,35.0
London,2026-08-21T07:18:04.729505+00:00,2026-08-30T15:00,2026-08-30T14:00:00+00:00,20.5,40.0
London,2026-08-21T07:18:04.729505+00:00,2026-08-30T16:00,2026-08-30T15:00:00+00:00,20.0,44.0
London,2026-08-21T07:18:04.729505+00:00,2026-08-30T17:00,2026-08-30T16:00:00+00:00,19.3,48.0
London,2026-08-21T07:18:04.729505+00:00,2026-08-30T18:00,2026-08-30T17:00:00+00:00,18.7,51.0
London,2026-08-21T07:18:04.729505+00:00,2026-08-30T19:00,2026-08-30T18:00:00+00:00,18.1,51.0
London,2026-08-21T07:18:04.729505+00:00,2026-08-30T20:00,2026-08-30T19:00:00+00:00,17.6,47.0
London,2026-08-21T07:18:04.729505+00:00,2026-08-30T21:00,2026-08-30T20:00:00+00:00,17.1,39.0
London,2026-08-21T07:18:04.729505+00:00,2026-08-30T22:00,2026-08-30T21:00:00+00:00,16.5,32.0
London,2026-08-21T07:18:04.729505+00:00,2026-08-30T23:00,2026-08-30T22:00:00+00:00,15.9,25.0
London,2026-08-21T07:18:04.729505+00:00,2026-08-31T00:00,2026-08-30T23:00:00+00:00,15.5,17.0
London,2026-08-21T07:18:04.729505+00:00,2026-08-31T01:00,2026-08-31T00:00:00+00:00,15.2,12.0
London,2026-08-21T07:18:04.729505+00:00,2026-08-31T02:00,2026-08-31T01:00:00+00:00,15.0,10.0
London,2026-08-21T07:18:04.729505+00:00,2026-08-31T03:00,2026-08-31T02:00:00+00:00,14.8,11.0
London,2026-08-21T07:18:04.729505+00:00,2026-08-31T04:00,2026-08-31T03:00:00+00:00,14.8,12.0
London,2026-08-21T07:18:04.729505+00:00,2026-08-31T05:00,2026-08-31T04:00:00+00:00,14.8,14.0
London,2026-08-21T07:18:04.729505+00:00,2026-08-31T06:00,2026-08-31T05:00:00+00:00,15.1,16.0
London,2026-08-21T07:18:04.729505+00:00,2026-08-31T07:00,2026-08-31T06:00:00+00:00,15.4,18.0
London,2026-08-21T07:18:04.729505+00:00,2026-08-31T08:00,2026-08-31T07:00:00+00:00,16.1,18.0
London,2026-08-21T07:18:04.729505+00:00,2026-08-31T09:00,2026-08-31T08:00:00+00:00,17.1,18.0
London,2026-08-21T07:18:04.729505+00:00,2026-08-31T10:00,2026-08-31T09:00:00+00:00,18.2,18.0
London,2026-08-21T07:18:04.729505+00:00,2026-08-31T11:00,2026-08-31T10:00:00+00:00,19.3,18.0
London,2026-08-21T07:18:04.729505+00:00,2026-08-31T12:00,2026-08-31T11:00:00+00:00,20.2,19.0
London,2026-08-21T07:18:04.729505+00:00,2026-08-31T13:00,2026-08-31T12:00:00+00:00,20.7,22.0
London,2026-08-21T07:18:04.729505+00:00,2026-08-31T14:00,2026-08-31T13:00:00+00:00,20.9,29.0
London,2026-08-21T07:18:04.729505+00:00,2026-08-31T15:00,2026-08-31T14:00:00+00:00,20.7,37.0
London,2026-08-21T07:18:04.729505+00:00,2026-08-31T16:00,2026-08-31T15:00:00+00:00,20.4,45.0
London,2026-08-21T07:18:04.729505+00:00,2026-08-31T17:00,2026-08-31T16:00:00+00:00,19.9,52.0
London,2026-08-21T07:18:04.729505+00:00,2026-08-31T18:00,2026-08-31T17:00:00+00:00,19.4,59.0
London,2026-08-21T07:18:04.729505+00:00,2026-08-31T19:00,2026-08-31T18:00:00+00:00,18.8,61.0
London,2026-08-21T07:18:04.729505+00:00,2026-08-31T20:00,2026-08-31T19:00:00+00:00,18.2,57.0
London,2026-08-21T07:18:04.729505+00:00,2026-08-31T21:00,2026-08-31T20:00:00+00:00,17.5,49.0
London,2026-08-21T07:18:04.729505+00:00,2026-08-31T22:00,2026-08-31T21:00:00+00:00,16.7,41.0
London,2026-08-21T07:18:04.729505+00:00,2026-08-31T23:00,2026-08-31T22:00:00+00:00,15.9,32.0
London,2026-08-21T07:18:04.729505+00:00,2026-09-01T00:00,2026-08-31T23:00:00+00:00,15.2,23.0
London,2026-08-21T07:18:04.729505+00:00,2026-09-01T01:00,2026-09-01T00:00:00+00:00,14.7,16.0
London,2026-08-21T07:18:04.729505+00:00,2026-09-01T02:00,2026-09-01T01:00:00+00:00,14.2,14.0
London,2026-08-21T07:18:04.729505+00:00,2026-09-01T03:00,2026-09-01T02:00:00+00:00,13.7,14.0
London,2026-08-21T07:18:04.729505+00:00,2026-09-01T04:00,2026-09-01T03:00:00+00:00,13.2,15.0
London,2026-08-21T07:18:04.729505+00:00,2026-09-01T05:00,2026-09-01T04:00:00+00:00,13.0,16.0
London,2026-08-21T07:18:04.729505+00:00,2026-09-01T06:00,2026-09-01T05:00:00+00:00,12.9,18.0
London,2026-08-21T07:18:04.729505+00:00,2026-09-01T07:00,2026-09-01T06:00:00+00:00,13.3,20.0
London,2026-08-21T07:18:04.729505+00:00,2026-09-01T08:00,2026-09-01T07:00:00+00:00,14.1,21.0
London,2026-08-21T07:18:04.729505+00:00,2026-09-01T09:00,2026-09-01T08:00:00+00:00,15.5,21.0
London,2026-08-21T07:18:04.729505+00:00,2026-09-01T10:00,2026-09-01T09:00:00+00:00,17.1,22.0
London,2026-08-21T07:18:04.729505+00:00,2026-09-01T11:00,2026-09-01T10:00:00+00:00,18.8,23.0
London,2026-08-21T07:18:04.729505+00:00,2026-09-01T12:00,2026-09-01T11:00:00+00:00,20.2,23.0
London,2026-08-21T07:18:04.729505+00:00,2026-09-01T13:00,2026-09-01T12:00:00+00:00,21.1,25.0
London,2026-08-21T07:18:04.729505+00:00,2026-09-01T14:00,2026-09-01T13:00:00+00:00,21.5,28.0
London,2026-08-21T07:18:04.729505+00:00,2026-09-01T15:00,2026-09-01T14:00:00+00:00,21.7,32.0
London,2026-08-21T07:18:04.729505+00:00,2026-09-01T16:00,2026-09-01T15:00:00+00:00,21.6,35.0
London,2026-08-21T07:18:04.729505+00:00,2026-09-01T17:00,2026-09-01T16:00:00+00:00,21.3,38.0
London,2026-08-21T07:18:04.729505+00:00,2026-09-01T18:00,2026-09-01T17:00:00+00:00,20.9,40.0
London,2026-08-21T07:18:04.729505+00:00,2026-09-01T19:00,2026-09-01T18:00:00+00:00,20.4,41.0
London,2026-08-21T07:18:04.729505+00:00,2026-09-01T20:00,2026-09-01T19:00:00+00:00,19.8,39.0
London,2026-08-21T07:18:04.729505+00:00,2026-09-01T21:00,2026-09-01T20:00:00+00:00,18.9,35.0
London,2026-08-21T07:18:04.729505+00:00,2026-09-01T22:00,2026-09-01T21:00:00+00:00,17.9,31.0
London,2026-08-21T07:18:04.729505+00:00,2026-09-01T23:00,2026-09-01T22:00:00+00:00,16.8,27.0
London,2026-08-21T07:18:04.729505+00:00,2026-09-02T00:00,2026-09-01T23:00:00+00:00,15.9,22.0
London,2026-08-21T07:18:04.729505+00:00,2026-09-02T01:00,2026-09-02T00:00:00+00:00,15.1,18.0
London,2026-08-21T07:18:04.729505+00:00,2026-09-02T02:00,2026-09-02T01:00:00+00:00,14.4,16.0
London,2026-08-21T07:18:04.729505+00:00,2026-09-02T03:00,2026-09-02T02:00:00+00:00,13.6,15.0
London,2026-08-21T07:18:04.729505+00:00,2026-09-02T04:00,2026-09-02T03:00:00+00:00,12.9,14.0
London,2026-08-21T07:18:04.729505+00:00,2026-09-02T05:00,2026-09-02T04:00:00+00:00,12.4,14.0
London,2026-08-21T07:18:04.729505+00:00,2026-09-02T06:00,2026-09-02T05:00:00+00:00,12.2,14.0
London,2026-08-21T07:18:04.729505+00:00,2026-09-02T07:00,2026-09-02T06:00:00+00:00,12.5,14.0
London,2026-08-21T07:18:04.729505+00:00,2026-09-02T08:00,2026-09-02T07:00:00+00:00,13.3,15.0
London,2026-08-21T07:18:04.729505+00:00,2026-09-02T09:00,2026-09-02T08:00:00+00:00,14.7,16.0
London,2026-08-21T07:18:04.729505+00:00,2026-09-02T10:00,2026-09-02T09:00:00+00:00,16.5,17.0
London,2026-08-21T07:18:04.729505+00:00,2026-09-02T11:00,2026-09-02T10:00:00+00:00,18.2,18.0
London,2026-08-21T07:18:04.729505+00:00,2026-09-02T12:00,2026-09-02T11:00:00+00:00,19.7,20.0
London,2026-08-21T07:18:04.729505+00:00,2026-09-02T13:00,2026-09-02T12:00:00+00:00,20.8,22.0
London,2026-08-21T07:18:04.729505+00:00,2026-09-02T14:00,2026-09-02T13:00:00+00:00,21.3,25.0
London,2026-08-21T07:18:04.729505+00:00,2026-09-02T15:00,2026-09-02T14:00:00+00:00,21.7,29.0
London,2026-08-21T07:18:04.729505+00:00,2026-09-02T16:00,2026-09-02T15:00:00+00:00,21.8,33.0
London,2026-08-21T07:18:04.729505+00:00,2026-09-02T17:00,2026-09-02T16:00:00+00:00,21.7,36.0
London,2026-08-21T07:18:04.729505+00:00,2026-09-02T18:00,2026-09-02T17:00:00+00:00,21.4,39.0
London,2026-08-21T07:18:04.729505+00:00,2026-09-02T19:00,2026-09-02T18:00:00+00:00,20.9,39.0
London,2026-08-21T07:18:04.729505+00:00,2026-09-02T20:00,2026-09-02T19:00:00+00:00,20.1,36.0
London,2026-08-21T07:18:04.729505+00:00,2026-09-02T21:00,2026-09-02T20:00:00+00:00,19.0,32.0
London,2026-08-21T07:18:04.729505+00:00,2026-09-02T22:00,2026-09-02T21:00:00+00:00,17.6,27.0
London,2026-08-21T07:18:04.729505+00:00,2026-09-02T23:00,2026-09-02T22:00:00+00:00,16.3,22.0
London,2026-08-21T07:18:04.729505+00:00,2026-09-03T00:00,2026-09-02T23:00:00+00:00,15.1,17.0
London,2026-08-21T07:18:04.729505+00:00,2026-09-03T01:00,2026-09-03T00:00:00+00:00,14.4,14.0
London,2026-08-21T07:18:04.729505+00:00,2026-09-03T02:00,2026-09-03T01:00:00+00:00,14.1,14.0
London,2026-08-21T07:18:04.729505+00:00,2026-09-03T03:00,2026-09-03T02:00:00+00:00,14.0,15.0
London,2026-08-21T07:18:04.729505+00:00,2026-09-03T04:00,2026-09-03T03:00:00+00:00,14.1,17.0
London,2026-08-21T07:18:04.729505+00:00,2026-09-03T05:00,2026-09-03T04:00:00+00:00,14.5,19.0
London,2026-08-21T07:18:04.729505+00:00,2026-09-03T06:00,2026-09-03T05:00:00+00:00,15.0,21.0
London,2026-08-21T07:18:04.729505+00:00,2026-09-03T07:00,2026-09-03T06:00:00+00:00,15.6,22.0
London,2026-08-21T07:18:04.729505+00:00,2026-09-03T08:00,2026-09-03T07:00:00+00:00,16.6,22.0
London,2026-08-21T07:18:04.729505+00:00,2026-09-03T09:00,2026-09-03T08:00:00+00:00,18.0,21.0
London,2026-08-21T07:18:04.729505+00:00,2026-09-03T10:00,2026-09-03T09:00:00+00:00,19.6,20.0
London,2026-08-21T07:18:04.729505+00:00,2026-09-03T11:00,2026-09-03T10:00:00+00:00,21.2,19.0
London,2026-08-21T07:18:04.729505+00:00,2026-09-03T12:00,2026-09-03T11:00:00+00:00,22.4,19.0
London,2026-08-21T07:18:04.729505+00:00,2026-09-03T13:00,2026-09-03T12:00:00+00:00,23.3,20.0
London,2026-08-21T07:18:04.729505+00:00,2026-09-03T14:00,2026-09-03T13:00:00+00:00,23.6,23.0
London,2026-08-21T07:18:04.729505+00:00,2026-09-03T15:00,2026-09-03T14:00:00+00:00,23.6,26.0
London,2026-08-21T07:18:04.729505+00:00,2026-09-03T16:00,2026-09-03T15:00:00+00:00,23.3,30.0
London,2026-08-21T07:18:04.729505+00:00,2026-09-03T17:00,2026-09-03T16:00:00+00:00,22.9,34.0
London,2026-08-21T07:18:04.729505+00:00,2026-09-03T18:00,2026-09-03T17:00:00+00:00,22.4,37.0
London,2026-08-21T07:18:04.729505+00:00,2026-09-03T19:00,2026-09-03T18:00:00+00:00,21.9,39.0
London,2026-08-21T07:18:04.729505+00:00,2026-09-03T20:00,2026-09-03T19:00:00+00:00,21.3,39.0
London,2026-08-21T07:18:04.729505+00:00,2026-09-03T21:00,2026-09-03T20:00:00+00:00,20.4,36.0
London,2026-08-21T07:18:04.729505+00:00,2026-09-03T22:00,2026-09-03T21:00:00+00:00,19.6,34.0
London,2026-08-21T07:18:04.729505+00:00,2026-09-03T23:00,2026-09-03T22:00:00+00:00,18.7,31.0
London,2026-08-21T07:18:04.729505+00:00,2026-09-04T00:00,2026-09-03T23:00:00+00:00,17.9,28.0
London,2026-08-21T07:18:04.729505+00:00,2026-09-04T01:00,2026-09-04T00:00:00+00:00,17.3,25.0
London,2026-08-21T07:18:04.729505+00:00,2026-09-04T02:00,2026-09-04T01:00:00+00:00,16.8,24.0
London,2026-08-21T07:18:04.729505+00:00,2026-09-04T03:00,2026-09-04T02:00:00+00:00,16.5,23.0
London,2026-08-21T07:18:04.729505+00:00,2026-09-04T04:00,2026-09-04T03:00:00+00:00,16.2,22.0
London,2026-08-21T07:18:04.729505+00:00,2026-09-04T05:00,2026-09-04T04:00:00+00:00,16.0,21.0
London,2026-08-21T07:18:04.729505+00:00,2026-09-04T06:00,2026-09-04T05:00:00+00:00,16.0,20.0
London,2026-08-21T07:18:04.729505+00:00,2026-09-04T07:00,2026-09-04T06:00:00+00:00,16.2,20.0
London,2026-08-21T07:18:04.729505+00:00,2026-09-04T08:00,2026-09-04T07:00:00+00:00,16.7,20.0
London,2026-08-21T07:18:04.729505+00:00,2026-09-04T09:00,2026-09-04T08:00:00+00:00,17.5,21.0
London,2026-08-21T07:18:04.729505+00:00,2026-09-04T10:00,2026-09-04T09:00:00+00:00,18.4,21.0
London,2026-08-21T07:18:04.729505+00:00,2026-09-04T11:00,2026-09-04T10:00:00+00:00,19.4,21.0
London,2026-08-21T07:18:04.729505+00:00,2026-09-04T12:00,2026-09-04T11:00:00+00:00,20.2,22.0
London,2026-08-21T07:18:04.729505+00:00,2026-09-04T13:00,2026-09-04T12:00:00+00:00,20.7,22.0
London,2026-08-21T07:18:04.729505+00:00,2026-09-04T14:00,2026-09-04T13:00:00+00:00,20.9,22.0
London,2026-08-21T07:18:04.729505+00:00,2026-09-04T15:00,2026-09-04T14:00:00+00:00,21.0,22.0
London,2026-08-21T07:18:04.729505+00:00,2026-09-04T16:00,2026-09-04T15:00:00+00:00,20.9,
London,2026-08-21T07:18:04.729505+00:00,2026-09-04T17:00,2026-09-04T16:00:00+00:00,20.8,
London,2026-08-21T07:18:04.729505+00:00,2026-09-04T18:00,2026-09-04T17:00:00+00:00,20.5,
London,2026-08-21T07:18:04.729505+00:00,2026-09-04T19:00,2026-09-04T18:00:00+00:00,20.2,
London,2026-08-21T07:18:04.729505+00:00,2026-09-04T20:00,2026-09-04T19:00:00+00:00,19.8,
London,2026-08-21T07:18:04.729505+00:00,2026-09-04T21:00,2026-09-04T20:00:00+00:00,19.2,
London,2026-08-21T07:18:04.729505+00:00,2026-09-04T22:00,2026-09-04T21:00:00+00:00,18.5,
London,2026-08-21T07:18:04.729505+00:00,2026-09-04T23:00,2026-09-04T22:00:00+00:00,17.8,
London,2026-08-21T07:18:04.729505+00:00,2026-09-05T00:00,2026-09-04T23:00:00+00:00,17.2,
London,2026-08-21T07:18:04.729505+00:00,2026-09-05T01:00,2026-09-05T00:00:00+00:00,16.8,
London,2026-08-21T07:18:04.729505+00:00,2026-09-05T02:00,2026-09-05T01:00:00+00:00,,
London,2026-08-21T07:18:04.729505+00:00,2026-09-05T03:00,2026-09-05T02:00:00+00:00,,
London,2026-08-21T07:18:04.729505+00:00,2026-09-05T04:00,2026-09-05T03:00:00+00:00,,
London,2026-08-21T07:18:04.729505+00:00,2026-09-05T05:00,2026-09-05T04:00:00+00:00,,
London,2026-08-21T07:18:04.729505+00:00,2026-09-05T06:00,2026-09-05T05:00:00+00:00,,
London,2026-08-21T07:18:04.729505+00:00,2026-09-05T07:00,2026-09-05T06:00:00+00:00,,
London,2026-08-21T07:18:04.729505+00:00,2026-09-05T08:00,2026-09-05T07:00:00+00:00,,
London,2026-08-21T07:18:04.729505+00:00,2026-09-05T09:00,2026-09-05T08:00:00+00:00,,
London,2026-08-21T07:18:04.729505+00:00,2026-09-05T10:00,2026-09-05T09:00:00+00:00,,
London,2026-08-21T07:18:04.729505+00:00,2026-09-05T11:00,2026-09-05T10:00:00+00:00,,
London,2026-08-21T07:18:04.729505+00:00,2026-09-05T12:00,2026-09-05T11:00:00+00:00,,
London,2026-08-21T07:18:04.729505+00:00,2026-09-05T13:00,2026-09-05T12:00:00+00:00,,
London,2026-08-21T07:18:04.729505+00:00,2026-09-05T14:00,2026-09-05T13:00:00+00:00,,
London,2026-08-21T07:18:04.729505+00:00,2026-09-05T15:00,2026-09-05T14:00:00+00:00,,
London,2026-08-21T07:18:04.729505+00:00,2026-09-05T16:00,2026-09-05T15:00:00+00:00,,
London,2026-08-21T07:18:04.729505+00:00,2026-09-05T17:00,2026-09-05T16:00:00+00:00,,
London,2026-08-21T07:18:04.729505+00:00,2026-09-05T18:00,2026-09-05T17:00:00+00:00,,
London,2026-08-21T07:18:04.729505+00:00,2026-09-05T19:00,2026-09-05T18:00:00+00:00,,
London,2026-08-21T07:18:04.729505+00:00,2026-09-05T20:00,2026-09-05T19:00:00+00:00,,
London,2026-08-21T07:18:04.729505+00:00,2026-09-05T21:00,2026-09-05T20:00:00+00:00,,
London,2026-08-21T07:18:04.729505+00:00,2026-09-05T22:00,2026-09-05T21:00:00+00:00,,
London,2026-08-21T07:18:04.729505+00:00,2026-09-05T23:00,2026-09-05T22:00:00+00:00,,
London,2026-08-21T08:06:25.133664+00:00,2026-08-21T00:00,2026-08-20T23:00:00+00:00,16.1,13.0
London,2026-08-21T08:06:25.133664+00:00,2026-08-21T01:00,2026-08-21T00:00:00+00:00,15.8,0.0
London,2026-08-21T08:06:25.133664+00:00,2026-08-21T02:00,2026-08-21T01:00:00+00:00,15.5,0.0
London,2026-08-21T08:06:25.133664+00:00,2026-08-21T03:00,2026-08-21T02:00:00+00:00,15.4,0.0
London,2026-08-21T08:06:25.133664+00:00,2026-08-21T04:00,2026-08-21T03:00:00+00:00,15.4,0.0
London,2026-08-21T08:06:25.133664+00:00,2026-08-21T05:00,2026-08-21T04:00:00+00:00,15.3,0.0
London,2026-08-21T08:06:25.133664+00:00,2026-08-21T06:00,2026-08-21T05:00:00+00:00,15.1,0.0
London,2026-08-21T08:06:25.133664+00:00,2026-08-21T07:00,2026-08-21T06:00:00+00:00,14.8,0.0
London,2026-08-21T08:06:25.133664+00:00,2026-08-21T08:00,2026-08-21T07:00:00+00:00,15.1,0.0
London,2026-08-21T08:06:25.133664+00:00,2026-08-21T09:00,2026-08-21T08:00:00+00:00,15.9,0.0
London,2026-08-21T08:06:25.133664+00:00,2026-08-21T10:00,2026-08-21T09:00:00+00:00,16.8,0.0
London,2026-08-21T08:06:25.133664+00:00,2026-08-21T11:00,2026-08-21T10:00:00+00:00,17.7,0.0
London,2026-08-21T08:06:25.133664+00:00,2026-08-21T12:00,2026-08-21T11:00:00+00:00,18.6,0.0
London,2026-08-21T08:06:25.133664+00:00,2026-08-21T13:00,2026-08-21T12:00:00+00:00,20.1,0.0
London,2026-08-21T08:06:25.133664+00:00,2026-08-21T14:00,2026-08-21T13:00:00+00:00,20.6,3.0
London,2026-08-21T08:06:25.133664+00:00,2026-08-21T15:00,2026-08-21T14:00:00+00:00,20.8,7.0
London,2026-08-21T08:06:25.133664+00:00,2026-08-21T16:00,2026-08-21T15:00:00+00:00,20.5,14.0
London,2026-08-21T08:06:25.133664+00:00,2026-08-21T17:00,2026-08-21T16:00:00+00:00,20.4,26.0
London,2026-08-21T08:06:25.133664+00:00,2026-08-21T18:00,2026-08-21T17:00:00+00:00,19.7,40.0
London,2026-08-21T08:06:25.133664+00:00,2026-08-21T19:00,2026-08-21T18:00:00+00:00,19.2,47.0
London,2026-08-21T08:06:25.133664+00:00,2026-08-21T20:00,2026-08-21T19:00:00+00:00,17.8,40.0
London,2026-08-21T08:06:25.133664+00:00,2026-08-21T21:00,2026-08-21T20:00:00+00:00,16.5,26.0
London,2026-08-21T08:06:25.133664+00:00,2026-08-21T22:00,2026-08-21T21:00:00+00:00,15.7,14.0
London,2026-08-21T08:06:25.133664+00:00,2026-08-21T23:00,2026-08-21T22:00:00+00:00,15.3,7.0
London,2026-08-21T08:06:25.133664+00:00,2026-08-22T00:00,2026-08-21T23:00:00+00:00,15.4,3.0
London,2026-08-21T08:06:25.133664+00:00,2026-08-22T01:00,2026-08-22T00:00:00+00:00,15.0,0.0
London,2026-08-21T08:06:25.133664+00:00,2026-08-22T02:00,2026-08-22T01:00:00+00:00,14.5,0.0
London,2026-08-21T08:06:25.133664+00:00,2026-08-22T03:00,2026-08-22T02:00:00+00:00,14.2,0.0
London,2026-08-21T08:06:25.133664+00:00,2026-08-22T04:00,2026-08-22T03:00:00+00:00,13.6,0.0
London,2026-08-21T08:06:25.133664+00:00,2026-08-22T05:00,2026-08-22T04:00:00+00:00,13.3,1.0
London,2026-08-21T08:06:25.133664+00:00,2026-08-22T06:00,2026-08-22T05:00:00+00:00,12.9,2.0
London,2026-08-21T08:06:25.133664+00:00,2026-08-22T07:00,2026-08-22T06:00:00+00:00,12.7,2.0
London,2026-08-21T08:06:25.133664+00:00,2026-08-22T08:00,2026-08-22T07:00:00+00:00,13.4,2.0
London,2026-08-21T08:06:25.133664+00:00,2026-08-22T09:00,2026-08-22T08:00:00+00:00,14.6,1.0
London,2026-08-21T08:06:25.133664+00:00,2026-08-22T10:00,2026-08-22T09:00:00+00:00,16.2,0.0
London,2026-08-21T08:06:25.133664+00:00,2026-08-22T11:00,2026-08-22T10:00:00+00:00,17.6,0.0
London,2026-08-21T08:06:25.133664+00:00,2026-08-22T12:00,2026-08-22T11:00:00+00:00,18.7,0.0
London,2026-08-21T08:06:25.133664+00:00,2026-08-22T13:00,2026-08-22T12:00:00+00:00,19.3,0.0
London,2026-08-21T08:06:25.133664+00:00,2026-08-22T14:00,2026-08-22T13:00:00+00:00,19.9,0.0
London,2026-08-21T08:06:25.133664+00:00,2026-08-22T15:00,2026-08-22T14:00:00+00:00,20.3,0.0
London,2026-08-21T08:06:25.133664+00:00,2026-08-22T16:00,2026-08-22T15:00:00+00:00,20.6,0.0
London,2026-08-21T08:06:25.133664+00:00,2026-08-22T17:00,2026-08-22T16:00:00+00:00,20.6,0.0
London,2026-08-21T08:06:25.133664+00:00,2026-08-22T18:00,2026-08-22T17:00:00+00:00,20.5,0.0
London,2026-08-21T08:06:25.133664+00:00,2026-08-22T19:00,2026-08-22T18:00:00+00:00,20.1,0.0
London,2026-08-21T08:06:25.133664+00:00,2026-08-22T20:00,2026-08-22T19:00:00+00:00,19.4,0.0
London,2026-08-21T08:06:25.133664+00:00,2026-08-22T21:00,2026-08-22T20:00:00+00:00,19.1,0.0
London,2026-08-21T08:06:25.133664+00:00,2026-08-22T22:00,2026-08-22T21:00:00+00:00,18.1,0.0
London,2026-08-21T08:06:25.133664+00:00,2026-08-22T23:00,2026-08-22T22:00:00+00:00,17.4,0.0
London,2026-08-21T08:06:25.133664+00:00,2026-08-23T00:00,2026-08-22T23:00:00+00:00,16.7,0.0
London,2026-08-21T08:06:25.133664+00:00,2026-08-23T01:00,2026-08-23T00:00:00+00:00,16.4,0.0
London,2026-08-21T08:06:25.133664+00:00,2026-08-23T02:00,2026-08-23T01:00:00+00:00,16.0,0.0
London,2026-08-21T08:06:25.133664+00:00,2026-08-23T03:00,2026-08-23T02:00:00+00:00,15.7,0.0
London,2026-08-21T08:06:25.133664+00:00,2026-08-23T04:00,2026-08-23T03:00:00+00:00,15.2,0.0
London,2026-08-21T08:06:25.133664+00:00,2026-08-23T05:00,2026-08-23T04:00:00+00:00,15.0,0.0
London,2026-08-21T08:06:25.133664+00:00,2026-08-23T06:00,2026-08-23T05:00:00+00:00,14.9,0.0
London,2026-08-21T08:06:25.133664+00:00,2026-08-23T07:00,2026-08-23T06:00:00+00:00,15.0,0.0
London,2026-08-21T08:06:25.133664+00:00,2026-08-23T08:00,2026-08-23T07:00:00+00:00,15.8,0.0
London,2026-08-21T08:06:25.133664+00:00,2026-08-23T09:00,2026-08-23T08:00:00+00:00,16.6,0.0
London,2026-08-21T08:06:25.133664+00:00,2026-08-23T10:00,2026-08-23T09:00:00+00:00,17.4,0.0
London,2026-08-21T08:06:25.133664+00:00,2026-08-23T11:00,2026-08-23T10:00:00+00:00,18.2,0.0
London,2026-08-21T08:06:25.133664+00:00,2026-08-23T12:00,2026-08-23T11:00:00+00:00,19.3,0.0
London,2026-08-21T08:06:25.133664+00:00,2026-08-23T13:00,2026-08-23T12:00:00+00:00,20.2,0.0
London,2026-08-21T08:06:25.133664+00:00,2026-08-23T14:00,2026-08-23T13:00:00+00:00,20.8,0.0
London,2026-08-21T08:06:25.133664+00:00,2026-08-23T15:00,2026-08-23T14:00:00+00:00,21.3,0.0
London,2026-08-21T08:06:25.133664+00:00,2026-08-23T16:00,2026-08-23T15:00:00+00:00,21.6,0.0
London,2026-08-21T08:06:25.133664+00:00,2026-08-23T17:00,2026-08-23T16:00:00+00:00,22.0,0.0
London,2026-08-21T08:06:25.133664+00:00,2026-08-23T18:00,2026-08-23T17:00:00+00:00,22.3,0.0
London,2026-08-21T08:06:25.133664+00:00,2026-08-23T19:00,2026-08-23T18:00:00+00:00,22.3,0.0
London,2026-08-21T08:06:25.133664+00:00,2026-08-23T20:00,2026-08-23T19:00:00+00:00,21.7,0.0
London,2026-08-21T08:06:25.133664+00:00,2026-08-23T21:00,2026-08-23T20:00:00+00:00,20.8,0.0
London,2026-08-21T08:06:25.133664+00:00,2026-08-23T22:00,2026-08-23T21:00:00+00:00,19.9,0.0
London,2026-08-21T08:06:25.133664+00:00,2026-08-23T23:00,2026-08-23T22:00:00+00:00,19.2,0.0
London,2026-08-21T08:06:25.133664+00:00,2026-08-24T00:00,2026-08-23T23:00:00+00:00,18.5,0.0
London,2026-08-21T08:06:25.133664+00:00,2026-08-24T01:00,2026-08-24T00:00:00+00:00,17.9,0.0
London,2026-08-21T08:06:25.133664+00:00,2026-08-24T02:00,2026-08-24T01:00:00+00:00,17.5,0.0
London,2026-08-21T08:06:25.133664+00:00,2026-08-24T03:00,2026-08-24T02:00:00+00:00,17.1,0.0
London,2026-08-21T08:06:25.133664+00:00,2026-08-24T04:00,2026-08-24T03:00:00+00:00,16.8,0.0
London,2026-08-21T08:06:25.133664+00:00,2026-08-24T05:00,2026-08-24T04:00:00+00:00,16.3,0.0
London,2026-08-21T08:06:25.133664+00:00,2026-08-24T06:00,2026-08-24T05:00:00+00:00,15.8,0.0
London,2026-08-21T08:06:25.133664+00:00,2026-08-24T07:00,2026-08-24T06:00:00+00:00,15.7,0.0
London,2026-08-21T08:06:25.133664+00:00,2026-08-24T08:00,2026-08-24T07:00:00+00:00,16.4,0.0
London,2026-08-21T08:06:25.133664+00:00,2026-08-24T09:00,2026-08-24T08:00:00+00:00,17.5,0.0
London,2026-08-21T08:06:25.133664+00:00,2026-08-24T10:00,2026-08-24T09:00:00+00:00,18.5,0.0
London,2026-08-21T08:06:25.133664+00:00,2026-08-24T11:00,2026-08-24T10:00:00+00:00,19.2,1.0
London,2026-08-21T08:06:25.133664+00:00,2026-08-24T12:00,2026-08-24T11:00:00+00:00,19.8,2.0
London,2026-08-21T08:06:25.133664+00:00,2026-08-24T13:00,2026-08-24T12:00:00+00:00,20.3,2.0
London,2026-08-21T08:06:25.133664+00:00,2026-08-24T14:00,2026-08-24T13:00:00+00:00,20.6,1.0
London,2026-08-21T08:06:25.133664+00:00,2026-08-24T15:00,2026-08-24T14:00:00+00:00,20.7,0.0
London,2026-08-21T08:06:25.133664+00:00,2026-08-24T16:00,2026-08-24T15:00:00+00:00,20.7,0.0
London,2026-08-21T08:06:25.133664+00:00,2026-08-24T17:00,2026-08-24T16:00:00+00:00,20.5,1.0
London,2026-08-21T08:06:25.133664+00:00,2026-08-24T18:00,2026-08-24T17:00:00+00:00,20.2,3.0
London,2026-08-21T08:06:25.133664+00:00,2026-08-24T19:00,2026-08-24T18:00:00+00:00,19.9,4.0
London,2026-08-21T08:06:25.133664+00:00,2026-08-24T20:00,2026-08-24T19:00:00+00:00,19.6,3.0
London,2026-08-21T08:06:25.133664+00:00,2026-08-24T21:00,2026-08-24T20:00:00+00:00,19.4,1.0
London,2026-08-21T08:06:25.133664+00:00,2026-08-24T22:00,2026-08-24T21:00:00+00:00,19.3,0.0
London,2026-08-21T08:06:25.133664+00:00,2026-08-24T23:00,2026-08-24T22:00:00+00:00,19.2,1.0
London,2026-08-21T08:06:25.133664+00:00,2026-08-25T00:00,2026-08-24T23:00:00+00:00,19.1,2.0
London,2026-08-21T08:06:25.133664+00:00,2026-08-25T01:00,2026-08-25T00:00:00+00:00,19.0,4.0
London,2026-08-21T08:06:25.133664+00:00,2026-08-25T02:00,2026-08-25T01:00:00+00:00,18.8,5.0
London,2026-08-21T08:06:25.133664+00:00,2026-08-25T03:00,2026-08-25T02:00:00+00:00,18.5,6.0
London,2026-08-21T08:06:25.133664+00:00,2026-08-25T04:00,2026-08-25T03:00:00+00:00,18.3,8.0
London,2026-08-21T08:06:25.133664+00:00,2026-08-25T05:00,2026-08-25T04:00:00+00:00,17.8,11.0
London,2026-08-21T08:06:25.133664+00:00,2026-08-25T06:00,2026-08-25T05:00:00+00:00,17.4,14.0
London,2026-08-21T08:06:25.133664+00:00,2026-08-25T07:00,2026-08-25T06:00:00+00:00,17.2,16.0
London,2026-08-21T08:06:25.133664+00:00,2026-08-25T08:00,2026-08-25T07:00:00+00:00,17.7,15.0
London,2026-08-21T08:06:25.133664+00:00,2026-08-25T09:00,2026-08-25T08:00:00+00:00,18.4,12.0
London,2026-08-21T08:06:25.133664+00:00,2026-08-25T10:00,2026-08-25T09:00:00+00:00,19.1,10.0
London,2026-08-21T08:06:25.133664+00:00,2026-08-25T11:00,2026-08-25T10:00:00+00:00,19.7,10.0
London,2026-08-21T08:06:25.133664+00:00,2026-08-25T12:00,2026-08-25T11:00:00+00:00,20.2,11.0
London,2026-08-21T08:06:25.133664+00:00,2026-08-25T13:00,2026-08-25T12:00:00+00:00,20.7,12.0
London,2026-08-21T08:06:25.133664+00:00,2026-08-25T14:00,2026-08-25T13:00:00+00:00,21.2,12.0
London,2026-08-21T08:06:25.133664+00:00,2026-08-25T15:00,2026-08-25T14:00:00+00:00,21.6,12.0
London,2026-08-21T08:06:25.133664+00:00,2026-08-25T16:00,2026-08-25T15:00:00+00:00,22.0,12.0
London,2026-08-21T08:06:25.133664+00:00,2026-08-25T17:00,2026-08-25T16:00:00+00:00,22.4,12.0
London,2026-08-21T08:06:25.133664+00:00,2026-08-25T18:00,2026-08-25T17:00:00+00:00,22.8,12.0
London,2026-08-21T08:06:25.133664+00:00,2026-08-25T19:00,2026-08-25T18:00:00+00:00,22.8,12.0
London,2026-08-21T08:06:25.133664+00:00,2026-08-25T20:00,2026-08-25T19:00:00+00:00,21.9,12.0
London,2026-08-21T08:06:25.133664+00:00,2026-08-25T21:00,2026-08-25T20:00:00+00:00,20.6,13.0
London,2026-08-21T08:06:25.133664+00:00,2026-08-25T22:00,2026-08-25T21:00:00+00:00,19.6,14.0
London,2026-08-21T08:06:25.133664+00:00,2026-08-25T23:00,2026-08-25T22:00:00+00:00,19.2,16.0
London,2026-08-21T08:06:25.133664+00:00,2026-08-26T00:00,2026-08-25T23:00:00+00:00,19.1,19.0
London,2026-08-21T08:06:25.133664+00:00,2026-08-26T01:00,2026-08-26T00:00:00+00:00,19.0,22.0
London,2026-08-21T08:06:25.133664+00:00,2026-08-26T02:00,2026-08-26T01:00:00+00:00,18.7,24.0
London,2026-08-21T08:06:25.133664+00:00,2026-08-26T03:00,2026-08-26T02:00:00+00:00,18.4,26.0
London,2026-08-21T08:06:25.133664+00:00,2026-08-26T04:00,2026-08-26T03:00:00+00:00,18.2,27.0
London,2026-08-21T08:06:25.133664+00:00,2026-08-26T05:00,2026-08-26T04:00:00+00:00,18.0,27.0
London,2026-08-21T08:06:25.133664+00:00,2026-08-26T06:00,2026-08-26T05:00:00+00:00,17.9,26.0
London,2026-08-21T08:06:25.133664+00:00,2026-08-26T07:00,2026-08-26T06:00:00+00:00,18.0,24.0
London,2026-08-21T08:06:25.133664+00:00,2026-08-26T08:00,2026-08-26T07:00:00+00:00,18.3,21.0
London,2026-08-21T08:06:25.133664+00:00,2026-08-26T09:00,2026-08-26T08:00:00+00:00,18.9,18.0
London,2026-08-21T08:06:25.133664+00:00,2026-08-26T10:00,2026-08-26T09:00:00+00:00,19.6,16.0
London,2026-08-21T08:06:25.133664+00:00,2026-08-26T11:00,2026-08-26T10:00:00+00:00,20.8,18.0
London,2026-08-21T08:06:25.133664+00:00,2026-08-26T12:00,2026-08-26T11:00:00+00:00,22.3,22.0
London,2026-08-21T08:06:25.133664+00:00,2026-08-26T13:00,2026-08-26T12:00:00+00:00,23.5,25.0
London,2026-08-21T08:06:25.133664+00:00,2026-08-26T14:00,2026-08-26T13:00:00+00:00,24.4,25.0
London,2026-08-21T08:06:25.133664+00:00,2026-08-26T15:00,2026-08-26T14:00:00+00:00,25.1,24.0
London,2026-08-21T08:06:25.133664+00:00,2026-08-26T16:00,2026-08-26T15:00:00+00:00,25.4,22.0
London,2026-08-21T08:06:25.133664+00:00,2026-08-26T17:00,2026-08-26T16:00:00+00:00,25.5,19.0
London,2026-08-21T08:06:25.133664+00:00,2026-08-26T18:00,2026-08-26T17:00:00+00:00,25.2,15.0
London,2026-08-21T08:06:25.133664+00:00,2026-08-26T19:00,2026-08-26T18:00:00+00:00,24.7,14.0
London,2026-08-21T08:06:25.133664+00:00,2026-08-26T20:00,2026-08-26T19:00:00+00:00,24.0,20.0
London,2026-08-21T08:06:25.133664+00:00,2026-08-26T21:00,2026-08-26T20:00:00+00:00,23.0,29.0
London,2026-08-21T08:06:25.133664+00:00,2026-08-26T22:00,2026-08-26T21:00:00+00:00,22.2,37.0
London,2026-08-21T08:06:25.133664+00:00,2026-08-26T23:00,2026-08-26T22:00:00+00:00,21.9,43.0
London,2026-08-21T08:06:25.133664+00:00,2026-08-27T00:00,2026-08-26T23:00:00+00:00,21.1,47.0
London,2026-08-21T08:06:25.133664+00:00,2026-08-27T01:00,2026-08-27T00:00:00+00:00,20.5,51.0
London,2026-08-21T08:06:25.133664+00:00,2026-08-27T02:00,2026-08-27T01:00:00+00:00,20.0,53.0
London,2026-08-21T08:06:25.133664+00:00,2026-08-27T03:00,2026-08-27T02:00:00+00:00,19.6,54.0
London,2026-08-21T08:06:25.133664+00:00,2026-08-27T04:00,2026-08-27T03:00:00+00:00,19.2,55.0
London,2026-08-21T08:06:25.133664+00:00,2026-08-27T05:00,2026-08-27T04:00:00+00:00,18.9,55.0
London,2026-08-21T08:06:25.133664+00:00,2026-08-27T06:00,2026-08-27T05:00:00+00:00,18.8,55.0
London,2026-08-21T08:06:25.133664+00:00,2026-08-27T07:00,2026-08-27T06:00:00+00:00,18.9,55.0
London,2026-08-21T08:06:25.133664+00:00,2026-08-27T08:00,2026-08-27T07:00:00+00:00,19.2,54.0
London,2026-08-21T08:06:25.133664+00:00,2026-08-27T09:00,2026-08-27T08:00:00+00:00,19.8,54.0
London,2026-08-21T08:06:25.133664+00:00,2026-08-27T10:00,2026-08-27T09:00:00+00:00,20.5,53.0
London,2026-08-21T08:06:25.133664+00:00,2026-08-27T11:00,2026-08-27T10:00:00+00:00,21.2,52.0
London,2026-08-21T08:06:25.133664+00:00,2026-08-27T12:00,2026-08-27T11:00:00+00:00,21.9,51.0
London,2026-08-21T08:06:25.133664+00:00,2026-08-27T13:00,2026-08-27T12:00:00+00:00,22.4,51.0
London,2026-08-21T08:06:25.133664+00:00,2026-08-27T14:00,2026-08-27T13:00:00+00:00,22.8,51.0
London,2026-08-21T08:06:25.133664+00:00,2026-08-27T15:00,2026-08-27T14:00:00+00:00,23.1,52.0
London,2026-08-21T08:06:25.133664+00:00,2026-08-27T16:00,2026-08-27T15:00:00+00:00,23.4,53.0
London,2026-08-21T08:06:25.133664+00:00,2026-08-27T17:00,2026-08-27T16:00:00+00:00,23.5,54.0
London,2026-08-21T08:06:25.133664+00:00,2026-08-27T18:00,2026-08-27T17:00:00+00:00,23.6,54.0
London,2026-08-21T08:06:25.133664+00:00,2026-08-27T19:00,2026-08-27T18:00:00+00:00,23.4,53.0
London,2026-08-21T08:06:25.133664+00:00,2026-08-27T20:00,2026-08-27T19:00:00+00:00,23.1,49.0
London,2026-08-21T08:06:25.133664+00:00,2026-08-27T21:00,2026-08-27T20:00:00+00:00,22.4,44.0
London,2026-08-21T08:06:25.133664+00:00,2026-08-27T22:00,2026-08-27T21:00:00+00:00,21.7,39.0
London,2026-08-21T08:06:25.133664+00:00,2026-08-27T23:00,2026-08-27T22:00:00+00:00,19.8,34.0
London,2026-08-21T08:06:25.133664+00:00,2026-08-28T00:00,2026-08-27T23:00:00+00:00,18.0,30.0
London,2026-08-21T08:06:25.133664+00:00,2026-08-28T01:00,2026-08-28T00:00:00+00:00,16.3,27.0
London,2026-08-21T08:06:25.133664+00:00,2026-08-28T02:00,2026-08-28T01:00:00+00:00,14.6,27.0
London,2026-08-21T08:06:25.133664+00:00,2026-08-28T03:00,2026-08-28T02:00:00+00:00,14.2,28.0
London,2026-08-21T08:06:25.133664+00:00,2026-08-28T04:00,2026-08-28T03:00:00+00:00,13.8,30.0
London,2026-08-21T08:06:25.133664+00:00,2026-08-28T05:00,2026-08-28T04:00:00+00:00,13.6,33.0
London,2026-08-21T08:06:25.133664+00:00,2026-08-28T06:00,2026-08-28T05:00:00+00:00,13.6,36.0
London,2026-08-21T08:06:25.133664+00:00,2026-08-28T07:00,2026-08-28T06:00:00+00:00,13.8,39.0
London,2026-08-21T08:06:25.133664+00:00,2026-08-28T08:00,2026-08-28T07:00:00+00:00,14.5,42.0
London,2026-08-21T08:06:25.133664+00:00,2026-08-28T09:00,2026-08-28T08:00:00+00:00,15.6,46.0
London,2026-08-21T08:06:25.133664+00:00,2026-08-28T10:00,2026-08-28T09:00:00+00:00,16.9,49.0
London,2026-08-21T08:06:25.133664+00:00,2026-08-28T11:00,2026-08-28T10:00:00+00:00,18.2,52.0
London,2026-08-21T08:06:25.133664+00:00,2026-08-28T12:00,2026-08-28T11:00:00+00:00,19.3,56.0
London,2026-08-21T08:06:25.133664+00:00,2026-08-28T13:00,2026-08-28T12:00:00+00:00,19.9,59.0
London,2026-08-21T08:06:25.133664+00:00,2026-08-28T14:00,2026-08-28T13:00:00+00:00,19.9,63.0
London,2026-08-21T08:06:25.133664+00:00,2026-08-28T15:00,2026-08-28T14:00:00+00:00,19.6,68.0
London,2026-08-21T08:06:25.133664+00:00,2026-08-28T16:00,2026-08-28T15:00:00+00:00,19.0,71.0
London,2026-08-21T08:06:25.133664+00:00,2026-08-28T17:00,2026-08-28T16:00:00+00:00,18.3,74.0
London,2026-08-21T08:06:25.133664+00:00,2026-08-28T18:00,2026-08-28T17:00:00+00:00,17.6,76.0
London,2026-08-21T08:06:25.133664+00:00,2026-08-28T19:00,2026-08-28T18:00:00+00:00,17.1,75.0
London,2026-08-21T08:06:25.133664+00:00,2026-08-28T20:00,2026-08-28T19:00:00+00:00,16.8,69.0
London,2026-08-21T08:06:25.133664+00:00,2026-08-28T21:00,2026-08-28T20:00:00+00:00,16.6,61.0
London,2026-08-21T08:06:25.133664+00:00,2026-08-28T22:00,2026-08-28T21:00:00+00:00,16.4,52.0
London,2026-08-21T08:06:25.133664+00:00,2026-08-28T23:00,2026-08-28T22:00:00+00:00,16.2,43.0
London,2026-08-21T08:06:25.133664+00:00,2026-08-29T00:00,2026-08-28T23:00:00+00:00,16.0,33.0
London,2026-08-21T08:06:25.133664+00:00,2026-08-29T01:00,2026-08-29T00:00:00+00:00,15.9,25.0
London,2026-08-21T08:06:25.133664+00:00,2026-08-29T02:00,2026-08-29T01:00:00+00:00,15.7,20.0
London,2026-08-21T08:06:25.133664+00:00,2026-08-29T03:00,2026-08-29T02:00:00+00:00,15.4,16.0
London,2026-08-21T08:06:25.133664+00:00,2026-08-29T04:00,2026-08-29T03:00:00+00:00,15.1,13.0
London,2026-08-21T08:06:25.133664+00:00,2026-08-29T05:00,2026-08-29T04:00:00+00:00,15.0,11.0
London,2026-08-21T08:06:25.133664+00:00,2026-08-29T06:00,2026-08-29T05:00:00+00:00,15.0,10.0
London,2026-08-21T08:06:25.133664+00:00,2026-08-29T07:00,2026-08-29T06:00:00+00:00,15.3,10.0
London,2026-08-21T08:06:25.133664+00:00,2026-08-29T08:00,2026-08-29T07:00:00+00:00,16.0,11.0
London,2026-08-21T08:06:25.133664+00:00,2026-08-29T09:00,2026-08-29T08:00:00+00:00,17.1,13.0
London,2026-08-21T08:06:25.133664+00:00,2026-08-29T10:00,2026-08-29T09:00:00+00:00,18.4,15.0
London,2026-08-21T08:06:25.133664+00:00,2026-08-29T11:00,2026-08-29T10:00:00+00:00,19.7,18.0
London,2026-08-21T08:06:25.133664+00:00,2026-08-29T12:00,2026-08-29T11:00:00+00:00,20.7,21.0
London,2026-08-21T08:06:25.133664+00:00,2026-08-29T13:00,2026-08-29T12:00:00+00:00,21.3,25.0
London,2026-08-21T08:06:25.133664+00:00,2026-08-29T14:00,2026-08-29T13:00:00+00:00,21.5,31.0
London,2026-08-21T08:06:25.133664+00:00,2026-08-29T15:00,2026-08-29T14:00:00+00:00,21.3,38.0
London,2026-08-21T08:06:25.133664+00:00,2026-08-29T16:00,2026-08-29T15:00:00+00:00,20.9,44.0
London,2026-08-21T08:06:25.133664+00:00,2026-08-29T17:00,2026-08-29T16:00:00+00:00,20.4,50.0
London,2026-08-21T08:06:25.133664+00:00,2026-08-29T18:00,2026-08-29T17:00:00+00:00,19.8,55.0
London,2026-08-21T08:06:25.133664+00:00,2026-08-29T19:00,2026-08-29T18:00:00+00:00,19.3,57.0
London,2026-08-21T08:06:25.133664+00:00,2026-08-29T20:00,2026-08-29T19:00:00+00:00,18.7,54.0
London,2026-08-21T08:06:25.133664+00:00,2026-08-29T21:00,2026-08-29T20:00:00+00:00,18.0,47.0
London,2026-08-21T08:06:25.133664+00:00,2026-08-29T22:00,2026-08-29T21:00:00+00:00,17.2,40.0
London,2026-08-21T08:06:25.133664+00:00,2026-08-29T23:00,2026-08-29T22:00:00+00:00,16.5,32.0
London,2026-08-21T08:06:25.133664+00:00,2026-08-30T00:00,2026-08-29T23:00:00+00:00,15.8,24.0
London,2026-08-21T08:06:25.133664+00:00,2026-08-30T01:00,2026-08-30T00:00:00+00:00,15.2,18.0
London,2026-08-21T08:06:25.133664+00:00,2026-08-30T02:00,2026-08-30T01:00:00+00:00,14.6,15.0
London,2026-08-21T08:06:25.133664+00:00,2026-08-30T03:00,2026-08-30T02:00:00+00:00,14.0,14.0
London,2026-08-21T08:06:25.133664+00:00,2026-08-30T04:00,2026-08-30T03:00:00+00:00,13.5,14.0
London,2026-08-21T08:06:25.133664+00:00,2026-08-30T05:00,2026-08-30T04:00:00+00:00,13.1,14.0
London,2026-08-21T08:06:25.133664+00:00,2026-08-30T06:00,2026-08-30T05:00:00+00:00,13.0,15.0
London,2026-08-21T08:06:25.133664+00:00,2026-08-30T07:00,2026-08-30T06:00:00+00:00,13.2,16.0
London,2026-08-21T08:06:25.133664+00:00,2026-08-30T08:00,2026-08-30T07:00:00+00:00,14.0,18.0
London,2026-08-21T08:06:25.133664+00:00,2026-08-30T09:00,2026-08-30T08:00:00+00:00,15.3,20.0
London,2026-08-21T08:06:25.133664+00:00,2026-08-30T10:00,2026-08-30T09:00:00+00:00,16.9,22.0
London,2026-08-21T08:06:25.133664+00:00,2026-08-30T11:00,2026-08-30T10:00:00+00:00,18.5,25.0
London,2026-08-21T08:06:25.133664+00:00,2026-08-30T12:00,2026-08-30T11:00:00+00:00,19.8,28.0
London,2026-08-21T08:06:25.133664+00:00,2026-08-30T13:00,2026-08-30T12:00:00+00:00,20.5,31.0
London,2026-08-21T08:06:25.133664+00:00,2026-08-30T14:00,2026-08-30T13:00:00+00:00,20.7,35.0
London,2026-08-21T08:06:25.133664+00:00,2026-08-30T15:00,2026-08-30T14:00:00+00:00,20.5,40.0
London,2026-08-21T08:06:25.133664+00:00,2026-08-30T16:00,2026-08-30T15:00:00+00:00,20.0,44.0
London,2026-08-21T08:06:25.133664+00:00,2026-08-30T17:00,2026-08-30T16:00:00+00:00,19.3,48.0
London,2026-08-21T08:06:25.133664+00:00,2026-08-30T18:00,2026-08-30T17:00:00+00:00,18.7,51.0
London,2026-08-21T08:06:25.133664+00:00,2026-08-30T19:00,2026-08-30T18:00:00+00:00,18.1,51.0
London,2026-08-21T08:06:25.133664+00:00,2026-08-30T20:00,2026-08-30T19:00:00+00:00,17.6,47.0
London,2026-08-21T08:06:25.133664+00:00,2026-08-30T21:00,2026-08-30T20:00:00+00:00,17.1,39.0
London,2026-08-21T08:06:25.133664+00:00,2026-08-30T22:00,2026-08-30T21:00:00+00:00,16.5,32.0
London,2026-08-21T08:06:25.133664+00:00,2026-08-30T23:00,2026-08-30T22:00:00+00:00,15.9,25.0
London,2026-08-21T08:06:25.133664+00:00,2026-08-31T00:00,2026-08-30T23:00:00+00:00,15.5,17.0
London,2026-08-21T08:06:25.133664+00:00,2026-08-31T01:00,2026-08-31T00:00:00+00:00,15.2,12.0
London,2026-08-21T08:06:25.133664+00:00,2026-08-31T02:00,2026-08-31T01:00:00+00:00,15.0,10.0
London,2026-08-21T08:06:25.133664+00:00,2026-08-31T03:00,2026-08-31T02:00:00+00:00,14.8,11.0
London,2026-08-21T08:06:25.133664+00:00,2026-08-31T04:00,2026-08-31T03:00:00+00:00,14.8,12.0
London,2026-08-21T08:06:25.133664+00:00,2026-08-31T05:00,2026-08-31T04:00:00+00:00,14.8,14.0
London,2026-08-21T08:06:25.133664+00:00,2026-08-31T06:00,2026-08-31T05:00:00+00:00,15.1,16.0
London,2026-08-21T08:06:25.133664+00:00,2026-08-31T07:00,2026-08-31T06:00:00+00:00,15.4,18.0
London,2026-08-21T08:06:25.133664+00:00,2026-08-31T08:00,2026-08-31T07:00:00+00:00,16.1,18.0
London,2026-08-21T08:06:25.133664+00:00,2026-08-31T09:00,2026-08-31T08:00:00+00:00,17.1,18.0
London,2026-08-21T08:06:25.133664+00:00,2026-08-31T10:00,2026-08-31T09:00:00+00:00,18.2,18.0
London,2026-08-21T08:06:25.133664+00:00,2026-08-31T11:00,2026-08-31T10:00:00+00:00,19.3,18.0
London,2026-08-21T08:06:25.133664+00:00,2026-08-31T12:00,2026-08-31T11:00:00+00:00,20.2,19.0
London,2026-08-21T08:06:25.133664+00:00,2026-08-31T13:00,2026-08-31T12:00:00+00:00,20.7,22.0
London,2026-08-21T08:06:25.133664+00:00,2026-08-31T14:00,2026-08-31T13:00:00+00:00,20.9,29.0
London,2026-08-21T08:06:25.133664+00:00,2026-08-31T15:00,2026-08-31T14:00:00+00:00,20.7,37.0
London,2026-08-21T08:06:25.133664+00:00,2026-08-31T16:00,2026-08-31T15:00:00+00:00,20.4,45.0
London,2026-08-21T08:06:25.133664+00:00,2026-08-31T17:00,2026-08-31T16:00:00+00:00,19.9,52.0
London,2026-08-21T08:06:25.133664+00:00,2026-08-31T18:00,2026-08-31T17:00:00+00:00,19.4,59.0
London,2026-08-21T08:06:25.133664+00:00,2026-08-31T19:00,2026-08-31T18:00:00+00:00,18.8,61.0
London,2026-08-21T08:06:25.133664+00:00,2026-08-31T20:00,2026-08-31T19:00:00+00:00,18.2,57.0
London,2026-08-21T08:06:25.133664+00:00,2026-08-31T21:00,2026-08-31T20:00:00+00:00,17.5,49.0
London,2026-08-21T08:06:25.133664+00:00,2026-08-31T22:00,2026-08-31T21:00:00+00:00,16.7,41.0
London,2026-08-21T08:06:25.133664+00:00,2026-08-31T23:00,2026-08-31T22:00:00+00:00,15.9,32.0
London,2026-08-21T08:06:25.133664+00:00,2026-09-01T00:00,2026-08-31T23:00:00+00:00,15.2,23.0
London,2026-08-21T08:06:25.133664+00:00,2026-09-01T01:00,2026-09-01T00:00:00+00:00,14.7,16.0
London,2026-08-21T08:06:25.133664+00:00,2026-09-01T02:00,2026-09-01T01:00:00+00:00,14.2,14.0
London,2026-08-21T08:06:25.133664+00:00,2026-09-01T03:00,2026-09-01T02:00:00+00:00,13.7,14.0
London,2026-08-21T08:06:25.133664+00:00,2026-09-01T04:00,2026-09-01T03:00:00+00:00,13.2,15.0
London,2026-08-21T08:06:25.133664+00:00,2026-09-01T05:00,2026-09-01T04:00:00+00:00,13.0,16.0
London,2026-08-21T08:06:25.133664+00:00,2026-09-01T06:00,2026-09-01T05:00:00+00:00,12.9,18.0
London,2026-08-21T08:06:25.133664+00:00,2026-09-01T07:00,2026-09-01T06:00:00+00:00,13.3,20.0
London,2026-08-21T08:06:25.133664+00:00,2026-09-01T08:00,2026-09-01T07:00:00+00:00,14.1,21.0
London,2026-08-21T08:06:25.133664+00:00,2026-09-01T09:00,2026-09-01T08:00:00+00:00,15.5,21.0
London,2026-08-21T08:06:25.133664+00:00,2026-09-01T10:00,2026-09-01T09:00:00+00:00,17.1,22.0
London,2026-08-21T08:06:25.133664+00:00,2026-09-01T11:00,2026-09-01T10:00:00+00:00,18.8,23.0
London,2026-08-21T08:06:25.133664+00:00,2026-09-01T12:00,2026-09-01T11:00:00+00:00,20.2,23.0
London,2026-08-21T08:06:25.133664+00:00,2026-09-01T13:00,2026-09-01T12:00:00+00:00,21.1,25.0
London,2026-08-21T08:06:25.133664+00:00,2026-09-01T14:00,2026-09-01T13:00:00+00:00,21.5,28.0
London,2026-08-21T08:06:25.133664+00:00,2026-09-01T15:00,2026-09-01T14:00:00+00:00,21.7,32.0
London,2026-08-21T08:06:25.133664+00:00,2026-09-01T16:00,2026-09-01T15:00:00+00:00,21.6,35.0
London,2026-08-21T08:06:25.133664+00:00,2026-09-01T17:00,2026-09-01T16:00:00+00:00,21.3,38.0
London,2026-08-21T08:06:25.133664+00:00,2026-09-01T18:00,2026-09-01T17:00:00+00:00,20.9,40.0
London,2026-08-21T08:06:25.133664+00:00,2026-09-01T19:00,2026-09-01T18:00:00+00:00,20.4,41.0
London,2026-08-21T08:06:25.133664+00:00,2026-09-01T20:00,2026-09-01T19:00:00+00:00,19.8,39.0
London,2026-08-21T08:06:25.133664+00:00,2026-09-01T21:00,2026-09-01T20:00:00+00:00,18.9,35.0
London,2026-08-21T08:06:25.133664+00:00,2026-09-01T22:00,2026-09-01T21:00:00+00:00,17.9,31.0
London,2026-08-21T08:06:25.133664+00:00,2026-09-01T23:00,2026-09-01T22:00:00+00:00,16.8,27.0
London,2026-08-21T08:06:25.133664+00:00,2026-09-02T00:00,2026-09-01T23:00:00+00:00,15.9,22.0
London,2026-08-21T08:06:25.133664+00:00,2026-09-02T01:00,2026-09-02T00:00:00+00:00,15.1,18.0
London,2026-08-21T08:06:25.133664+00:00,2026-09-02T02:00,2026-09-02T01:00:00+00:00,14.4,16.0
London,2026-08-21T08:06:25.133664+00:00,2026-09-02T03:00,2026-09-02T02:00:00+00:00,13.6,15.0
London,2026-08-21T08:06:25.133664+00:00,2026-09-02T04:00,2026-09-02T03:00:00+00:00,12.9,14.0
London,2026-08-21T08:06:25.133664+00:00,2026-09-02T05:00,2026-09-02T04:00:00+00:00,12.4,14.0
London,2026-08-21T08:06:25.133664+00:00,2026-09-02T06:00,2026-09-02T05:00:00+00:00,12.2,14.0
London,2026-08-21T08:06:25.133664+00:00,2026-09-02T07:00,2026-09-02T06:00:00+00:00,12.5,14.0
London,2026-08-21T08:06:25.133664+00:00,2026-09-02T08:00,2026-09-02T07:00:00+00:00,13.3,15.0
London,2026-08-21T08:06:25.133664+00:00,2026-09-02T09:00,2026-09-02T08:00:00+00:00,14.7,16.0
London,2026-08-21T08:06:25.133664+00:00,2026-09-02T10:00,2026-09-02T09:00:00+00:00,16.5,17.0
London,2026-08-21T08:06:25.133664+00:00,2026-09-02T11:00,2026-09-02T10:00:00+00:00,18.2,18.0
London,2026-08-21T08:06:25.133664+00:00,2026-09-02T12:00,2026-09-02T11:00:00+00:00,19.7,20.0
London,2026-08-21T08:06:25.133664+00:00,2026-09-02T13:00,2026-09-02T12:00:00+00:00,20.8,22.0
London,2026-08-21T08:06:25.133664+00:00,2026-09-02T14:00,2026-09-02T13:00:00+00:00,21.3,25.0
London,2026-08-21T08:06:25.133664+00:00,2026-09-02T15:00,2026-09-02T14:00:00+00:00,21.7,29.0
London,2026-08-21T08:06:25.133664+00:00,2026-09-02T16:00,2026-09-02T15:00:00+00:00,21.8,33.0
London,2026-08-21T08:06:25.133664+00:00,2026-09-02T17:00,2026-09-02T16:00:00+00:00,21.7,36.0
London,2026-08-21T08:06:25.133664+00:00,2026-09-02T18:00,2026-09-02T17:00:00+00:00,21.4,39.0
London,2026-08-21T08:06:25.133664+00:00,2026-09-02T19:00,2026-09-02T18:00:00+00:00,20.9,39.0
London,2026-08-21T08:06:25.133664+00:00,2026-09-02T20:00,2026-09-02T19:00:00+00:00,20.1,36.0
London,2026-08-21T08:06:25.133664+00:00,2026-09-02T21:00,2026-09-02T20:00:00+00:00,19.0,32.0
London,2026-08-21T08:06:25.133664+00:00,2026-09-02T22:00,2026-09-02T21:00:00+00:00,17.6,27.0
London,2026-08-21T08:06:25.133664+00:00,2026-09-02T23:00,2026-09-02T22:00:00+00:00,16.3,22.0
London,2026-08-21T08:06:25.133664+00:00,2026-09-03T00:00,2026-09-02T23:00:00+00:00,15.1,17.0
London,2026-08-21T08:06:25.133664+00:00,2026-09-03T01:00,2026-09-03T00:00:00+00:00,14.4,14.0
London,2026-08-21T08:06:25.133664+00:00,2026-09-03T02:00,2026-09-03T01:00:00+00:00,14.1,14.0
London,2026-08-21T08:06:25.133664+00:00,2026-09-03T03:00,2026-09-03T02:00:00+00:00,14.0,15.0
London,2026-08-21T08:06:25.133664+00:00,2026-09-03T04:00,2026-09-03T03:00:00+00:00,14.1,17.0
London,2026-08-21T08:06:25.133664+00:00,2026-09-03T05:00,2026-09-03T04:00:00+00:00,14.5,19.0
London,2026-08-21T08:06:25.133664+00:00,2026-09-03T06:00,2026-09-03T05:00:00+00:00,15.0,21.0
London,2026-08-21T08:06:25.133664+00:00,2026-09-03T07:00,2026-09-03T06:00:00+00:00,15.6,22.0
London,2026-08-21T08:06:25.133664+00:00,2026-09-03T08:00,2026-09-03T07:00:00+00:00,16.6,22.0
London,2026-08-21T08:06:25.133664+00:00,2026-09-03T09:00,2026-09-03T08:00:00+00:00,18.0,21.0
London,2026-08-21T08:06:25.133664+00:00,2026-09-03T10:00,2026-09-03T09:00:00+00:00,19.6,20.0
London,2026-08-21T08:06:25.133664+00:00,2026-09-03T11:00,2026-09-03T10:00:00+00:00,21.2,19.0
London,2026-08-21T08:06:25.133664+00:00,2026-09-03T12:00,2026-09-03T11:00:00+00:00,22.4,19.0
London,2026-08-21T08:06:25.133664+00:00,2026-09-03T13:00,2026-09-03T12:00:00+00:00,23.3,20.0
London,2026-08-21T08:06:25.133664+00:00,2026-09-03T14:00,2026-09-03T13:00:00+00:00,23.6,23.0
London,2026-08-21T08:06:25.133664+00:00,2026-09-03T15:00,2026-09-03T14:00:00+00:00,23.6,26.0
London,2026-08-21T08:06:25.133664+00:00,2026-09-03T16:00,2026-09-03T15:00:00+00:00,23.3,30.0
London,2026-08-21T08:06:25.133664+00:00,2026-09-03T17:00,2026-09-03T16:00:00+00:00,22.9,34.0
London,2026-08-21T08:06:25.133664+00:00,2026-09-03T18:00,2026-09-03T17:00:00+00:00,22.4,37.0
London,2026-08-21T08:06:25.133664+00:00,2026-09-03T19:00,2026-09-03T18:00:00+00:00,21.9,39.0
London,2026-08-21T08:06:25.133664+00:00,2026-09-03T20:00,2026-09-03T19:00:00+00:00,21.3,39.0
London,2026-08-21T08:06:25.133664+00:00,2026-09-03T21:00,2026-09-03T20:00:00+00:00,20.4,36.0
London,2026-08-21T08:06:25.133664+00:00,2026-09-03T22:00,2026-09-03T21:00:00+00:00,19.6,34.0
London,2026-08-21T08:06:25.133664+00:00,2026-09-03T23:00,2026-09-03T22:00:00+00:00,18.7,31.0
London,2026-08-21T08:06:25.133664+00:00,2026-09-04T00:00,2026-09-03T23:00:00+00:00,17.9,28.0
London,2026-08-21T08:06:25.133664+00:00,2026-09-04T01:00,2026-09-04T00:00:00+00:00,17.3,25.0
London,2026-08-21T08:06:25.133664+00:00,2026-09-04T02:00,2026-09-04T01:00:00+00:00,16.8,24.0
London,2026-08-21T08:06:25.133664+00:00,2026-09-04T03:00,2026-09-04T02:00:00+00:00,16.5,23.0
London,2026-08-21T08:06:25.133664+00:00,2026-09-04T04:00,2026-09-04T03:00:00+00:00,16.2,22.0
London,2026-08-21T08:06:25.133664+00:00,2026-09-04T05:00,2026-09-04T04:00:00+00:00,16.0,21.0
London,2026-08-21T08:06:25.133664+00:00,2026-09-04T06:00,2026-09-04T05:00:00+00:00,16.0,20.0
London,2026-08-21T08:06:25.133664+00:00,2026-09-04T07:00,2026-09-04T06:00:00+00:00,16.2,20.0
London,2026-08-21T08:06:25.133664+00:00,2026-09-04T08:00,2026-09-04T07:00:00+00:00,16.7,20.0
London,2026-08-21T08:06:25.133664+00:00,2026-09-04T09:00,2026-09-04T08:00:00+00:00,17.5,21.0
London,2026-08-21T08:06:25.133664+00:00,2026-09-04T10:00,2026-09-04T09:00:00+00:00,18.4,21.0
London,2026-08-21T08:06:25.133664+00:00,2026-09-04T11:00,2026-09-04T10:00:00+00:00,19.4,21.0
London,2026-08-21T08:06:25.133664+00:00,2026-09-04T12:00,2026-09-04T11:00:00+00:00,20.2,22.0
London,2026-08-21T08:06:25.133664+00:00,2026-09-04T13:00,2026-09-04T12:00:00+00:00,20.7,22.0
London,2026-08-21T08:06:25.133664+00:00,2026-09-04T14:00,2026-09-04T13:00:00+00:00,20.9,22.0
London,2026-08-21T08:06:25.133664+00:00,2026-09-04T15:00,2026-09-04T14:00:00+00:00,21.0,22.0
London,2026-08-21T08:06:25.133664+00:00,2026-09-04T16:00,2026-09-04T15:00:00+00:00,20.9,
London,2026-08-21T08:06:25.133664+00:00,2026-09-04T17:00,2026-09-04T16:00:00+00:00,20.8,
London,2026-08-21T08:06:25.133664+00:00,2026-09-04T18:00,2026-09-04T17:00:00+00:00,20.5,
London,2026-08-21T08:06:25.133664+00:00,2026-09-04T19:00,2026-09-04T18:00:00+00:00,20.2,
London,2026-08-21T08:06:25.133664+00:00,2026-09-04T20:00,2026-09-04T19:00:00+00:00,19.8,
London,2026-08-21T08:06:25.133664+00:00,2026-09-04T21:00,2026-09-04T20:00:00+00:00,19.2,
London,2026-08-21T08:06:25.133664+00:00,2026-09-04T22:00,2026-09-04T21:00:00+00:00,18.5,
London,2026-08-21T08:06:25.133664+00:00,2026-09-04T23:00,2026-09-04T22:00:00+00:00,17.8,
London,2026-08-21T08:06:25.133664+00:00,2026-09-05T00:00,2026-09-04T23:00:00+00:00,17.2,
London,2026-08-21T08:06:25.133664+00:00,2026-09-05T01:00,2026-09-05T00:00:00+00:00,16.9,
London,2026-08-21T08:06:25.133664+00:00,2026-09-05T02:00,2026-09-05T01:00:00+00:00,16.7,
London,2026-08-21T08:06:25.133664+00:00,2026-09-05T03:00,2026-09-05T02:00:00+00:00,16.8,
London,2026-08-21T08:06:25.133664+00:00,2026-09-05T04:00,2026-09-05T03:00:00+00:00,,
London,2026-08-21T08:06:25.133664+00:00,2026-09-05T05:00,2026-09-05T04:00:00+00:00,,
London,2026-08-21T08:06:25.133664+00:00,2026-09-05T06:00,2026-09-05T05:00:00+00:00,,
London,2026-08-21T08:06:25.133664+00:00,2026-09-05T07:00,2026-09-05T06:00:00+00:00,,
London,2026-08-21T08:06:25.133664+00:00,2026-09-05T08:00,2026-09-05T07:00:00+00:00,,
London,2026-08-21T08:06:25.133664+00:00,2026-09-05T09:00,2026-09-05T08:00:00+00:00,,
London,2026-08-21T08:06:25.133664+00:00,2026-09-05T10:00,2026-09-05T09:00:00+00:00,,
London,2026-08-21T08:06:25.133664+00:00,2026-09-05T11:00,2026-09-05T10:00:00+00:00,,
London,2026-08-21T08:06:25.133664+00:00,2026-09-05T12:00,2026-09-05T11:00:00+00:00,,
London,2026-08-21T08:06:25.133664+00:00,2026-09-05T13:00,2026-09-05T12:00:00+00:00,,
London,2026-08-21T08:06:25.133664+00:00,2026-09-05T14:00,2026-09-05T13:00:00+00:00,,
London,2026-08-21T08:06:25.133664+00:00,2026-09-05T15:00,2026-09-05T14:00:00+00:00,,
London,2026-08-21T08:06:25.133664+00:00,2026-09-05T16:00,2026-09-05T15:00:00+00:00,,
London,2026-08-21T08:06:25.133664+00:00,2026-09-05T17:00,2026-09-05T16:00:00+00:00,,
London,2026-08-21T08:06:25.133664+00:00,2026-09-05T18:00,2026-09-05T17:00:00+00:00,,
London,2026-08-21T08:06:25.133664+00:00,2026-09-05T19:00,2026-09-05T18:00:00+00:00,,
London,2026-08-21T08:06:25.133664+00:00,2026-09-05T20:00,2026-09-05T19:00:00+00:00,,
London,2026-08-21T08:06:25.133664+00:00,2026-09-05T21:00,2026-09-05T20:00:00+00:00,,
London,2026-08-21T08:06:25.133664+00:00,2026-09-05T22:00,2026-09-05T21:00:00+00:00,,
London,2026-08-21T08:06:25.133664+00:00,2026-09-05T23:00,2026-09-05T22:00:00+00:00,,
London,2026-08-21T09:07:49.451991+00:00,2026-08-21T00:00,2026-08-20T23:00:00+00:00,16.1,13.0
London,2026-08-21T09:07:49.451991+00:00,2026-08-21T01:00,2026-08-21T00:00:00+00:00,15.8,0.0
London,2026-08-21T09:07:49.451991+00:00,2026-08-21T02:00,2026-08-21T01:00:00+00:00,15.5,0.0
London,2026-08-21T09:07:49.451991+00:00,2026-08-21T03:00,2026-08-21T02:00:00+00:00,15.4,0.0
London,2026-08-21T09:07:49.451991+00:00,2026-08-21T04:00,2026-08-21T03:00:00+00:00,15.4,0.0
London,2026-08-21T09:07:49.451991+00:00,2026-08-21T05:00,2026-08-21T04:00:00+00:00,15.0,0.0
London,2026-08-21T09:07:49.451991+00:00,2026-08-21T06:00,2026-08-21T05:00:00+00:00,14.8,0.0
London,2026-08-21T09:07:49.451991+00:00,2026-08-21T07:00,2026-08-21T06:00:00+00:00,14.6,0.0
London,2026-08-21T09:07:49.451991+00:00,2026-08-21T08:00,2026-08-21T07:00:00+00:00,14.7,0.0
London,2026-08-21T09:07:49.451991+00:00,2026-08-21T09:00,2026-08-21T08:00:00+00:00,15.7,0.0
London,2026-08-21T09:07:49.451991+00:00,2026-08-21T10:00,2026-08-21T09:00:00+00:00,16.7,0.0
London,2026-08-21T09:07:49.451991+00:00,2026-08-21T11:00,2026-08-21T10:00:00+00:00,17.5,0.0
London,2026-08-21T09:07:49.451991+00:00,2026-08-21T12:00,2026-08-21T11:00:00+00:00,18.6,0.0
London,2026-08-21T09:07:49.451991+00:00,2026-08-21T13:00,2026-08-21T12:00:00+00:00,19.4,0.0
London,2026-08-21T09:07:49.451991+00:00,2026-08-21T14:00,2026-08-21T13:00:00+00:00,20.4,3.0
London,2026-08-21T09:07:49.451991+00:00,2026-08-21T15:00,2026-08-21T14:00:00+00:00,20.6,7.0
London,2026-08-21T09:07:49.451991+00:00,2026-08-21T16:00,2026-08-21T15:00:00+00:00,20.5,14.0
London,2026-08-21T09:07:49.451991+00:00,2026-08-21T17:00,2026-08-21T16:00:00+00:00,20.3,26.0
London,2026-08-21T09:07:49.451991+00:00,2026-08-21T18:00,2026-08-21T17:00:00+00:00,19.7,40.0
London,2026-08-21T09:07:49.451991+00:00,2026-08-21T19:00,2026-08-21T18:00:00+00:00,19.2,47.0
London,2026-08-21T09:07:49.451991+00:00,2026-08-21T20:00,2026-08-21T19:00:00+00:00,17.8,40.0
London,2026-08-21T09:07:49.451991+00:00,2026-08-21T21:00,2026-08-21T20:00:00+00:00,16.5,26.0
London,2026-08-21T09:07:49.451991+00:00,2026-08-21T22:00,2026-08-21T21:00:00+00:00,15.7,14.0
London,2026-08-21T09:07:49.451991+00:00,2026-08-21T23:00,2026-08-21T22:00:00+00:00,15.3,7.0
London,2026-08-21T09:07:49.451991+00:00,2026-08-22T00:00,2026-08-21T23:00:00+00:00,15.4,3.0
London,2026-08-21T09:07:49.451991+00:00,2026-08-22T01:00,2026-08-22T00:00:00+00:00,15.0,0.0
London,2026-08-21T09:07:49.451991+00:00,2026-08-22T02:00,2026-08-22T01:00:00+00:00,14.5,0.0
London,2026-08-21T09:07:49.451991+00:00,2026-08-22T03:00,2026-08-22T02:00:00+00:00,14.2,0.0
London,2026-08-21T09:07:49.451991+00:00,2026-08-22T04:00,2026-08-22T03:00:00+00:00,13.6,0.0
London,2026-08-21T09:07:49.451991+00:00,2026-08-22T05:00,2026-08-22T04:00:00+00:00,13.3,1.0
London,2026-08-21T09:07:49.451991+00:00,2026-08-22T06:00,2026-08-22T05:00:00+00:00,12.9,2.0
London,2026-08-21T09:07:49.451991+00:00,2026-08-22T07:00,2026-08-22T06:00:00+00:00,12.7,2.0
London,2026-08-21T09:07:49.451991+00:00,2026-08-22T08:00,2026-08-22T07:00:00+00:00,13.4,2.0
London,2026-08-21T09:07:49.451991+00:00,2026-08-22T09:00,2026-08-22T08:00:00+00:00,14.6,1.0
London,2026-08-21T09:07:49.451991+00:00,2026-08-22T10:00,2026-08-22T09:00:00+00:00,16.2,0.0
London,2026-08-21T09:07:49.451991+00:00,2026-08-22T11:00,2026-08-22T10:00:00+00:00,17.6,0.0
London,2026-08-21T09:07:49.451991+00:00,2026-08-22T12:00,2026-08-22T11:00:00+00:00,18.7,0.0
London,2026-08-21T09:07:49.451991+00:00,2026-08-22T13:00,2026-08-22T12:00:00+00:00,19.3,0.0
London,2026-08-21T09:07:49.451991+00:00,2026-08-22T14:00,2026-08-22T13:00:00+00:00,19.9,0.0
London,2026-08-21T09:07:49.451991+00:00,2026-08-22T15:00,2026-08-22T14:00:00+00:00,20.3,0.0
London,2026-08-21T09:07:49.451991+00:00,2026-08-22T16:00,2026-08-22T15:00:00+00:00,20.6,0.0
London,2026-08-21T09:07:49.451991+00:00,2026-08-22T17:00,2026-08-22T16:00:00+00:00,20.6,0.0
London,2026-08-21T09:07:49.451991+00:00,2026-08-22T18:00,2026-08-22T17:00:00+00:00,20.5,0.0
London,2026-08-21T09:07:49.451991+00:00,2026-08-22T19:00,2026-08-22T18:00:00+00:00,20.1,0.0
London,2026-08-21T09:07:49.451991+00:00,2026-08-22T20:00,2026-08-22T19:00:00+00:00,19.4,0.0
London,2026-08-21T09:07:49.451991+00:00,2026-08-22T21:00,2026-08-22T20:00:00+00:00,19.1,0.0
London,2026-08-21T09:07:49.451991+00:00,2026-08-22T22:00,2026-08-22T21:00:00+00:00,18.1,0.0
London,2026-08-21T09:07:49.451991+00:00,2026-08-22T23:00,2026-08-22T22:00:00+00:00,17.4,0.0
London,2026-08-21T09:07:49.451991+00:00,2026-08-23T00:00,2026-08-22T23:00:00+00:00,16.7,0.0
London,2026-08-21T09:07:49.451991+00:00,2026-08-23T01:00,2026-08-23T00:00:00+00:00,16.4,0.0
London,2026-08-21T09:07:49.451991+00:00,2026-08-23T02:00,2026-08-23T01:00:00+00:00,16.0,0.0
London,2026-08-21T09:07:49.451991+00:00,2026-08-23T03:00,2026-08-23T02:00:00+00:00,15.7,0.0
London,2026-08-21T09:07:49.451991+00:00,2026-08-23T04:00,2026-08-23T03:00:00+00:00,15.2,0.0
London,2026-08-21T09:07:49.451991+00:00,2026-08-23T05:00,2026-08-23T04:00:00+00:00,15.0,0.0
London,2026-08-21T09:07:49.451991+00:00,2026-08-23T06:00,2026-08-23T05:00:00+00:00,14.9,0.0
London,2026-08-21T09:07:49.451991+00:00,2026-08-23T07:00,2026-08-23T06:00:00+00:00,15.0,0.0
London,2026-08-21T09:07:49.451991+00:00,2026-08-23T08:00,2026-08-23T07:00:00+00:00,15.8,0.0
London,2026-08-21T09:07:49.451991+00:00,2026-08-23T09:00,2026-08-23T08:00:00+00:00,16.6,0.0
London,2026-08-21T09:07:49.451991+00:00,2026-08-23T10:00,2026-08-23T09:00:00+00:00,17.4,0.0
London,2026-08-21T09:07:49.451991+00:00,2026-08-23T11:00,2026-08-23T10:00:00+00:00,18.2,0.0
London,2026-08-21T09:07:49.451991+00:00,2026-08-23T12:00,2026-08-23T11:00:00+00:00,19.3,0.0
London,2026-08-21T09:07:49.451991+00:00,2026-08-23T13:00,2026-08-23T12:00:00+00:00,20.2,0.0
London,2026-08-21T09:07:49.451991+00:00,2026-08-23T14:00,2026-08-23T13:00:00+00:00,20.8,0.0
London,2026-08-21T09:07:49.451991+00:00,2026-08-23T15:00,2026-08-23T14:00:00+00:00,21.3,0.0
London,2026-08-21T09:07:49.451991+00:00,2026-08-23T16:00,2026-08-23T15:00:00+00:00,21.6,0.0
London,2026-08-21T09:07:49.451991+00:00,2026-08-23T17:00,2026-08-23T16:00:00+00:00,22.0,0.0
London,2026-08-21T09:07:49.451991+00:00,2026-08-23T18:00,2026-08-23T17:00:00+00:00,22.3,0.0
London,2026-08-21T09:07:49.451991+00:00,2026-08-23T19:00,2026-08-23T18:00:00+00:00,22.3,0.0
London,2026-08-21T09:07:49.451991+00:00,2026-08-23T20:00,2026-08-23T19:00:00+00:00,21.7,0.0
London,2026-08-21T09:07:49.451991+00:00,2026-08-23T21:00,2026-08-23T20:00:00+00:00,20.8,0.0
London,2026-08-21T09:07:49.451991+00:00,2026-08-23T22:00,2026-08-23T21:00:00+00:00,19.9,0.0
London,2026-08-21T09:07:49.451991+00:00,2026-08-23T23:00,2026-08-23T22:00:00+00:00,19.2,0.0
London,2026-08-21T09:07:49.451991+00:00,2026-08-24T00:00,2026-08-23T23:00:00+00:00,18.5,0.0
London,2026-08-21T09:07:49.451991+00:00,2026-08-24T01:00,2026-08-24T00:00:00+00:00,17.9,0.0
London,2026-08-21T09:07:49.451991+00:00,2026-08-24T02:00,2026-08-24T01:00:00+00:00,17.5,0.0
London,2026-08-21T09:07:49.451991+00:00,2026-08-24T03:00,2026-08-24T02:00:00+00:00,17.1,0.0
London,2026-08-21T09:07:49.451991+00:00,2026-08-24T04:00,2026-08-24T03:00:00+00:00,16.8,0.0
London,2026-08-21T09:07:49.451991+00:00,2026-08-24T05:00,2026-08-24T04:00:00+00:00,16.3,0.0
London,2026-08-21T09:07:49.451991+00:00,2026-08-24T06:00,2026-08-24T05:00:00+00:00,15.8,0.0
London,2026-08-21T09:07:49.451991+00:00,2026-08-24T07:00,2026-08-24T06:00:00+00:00,15.7,0.0
London,2026-08-21T09:07:49.451991+00:00,2026-08-24T08:00,2026-08-24T07:00:00+00:00,16.4,0.0
London,2026-08-21T09:07:49.451991+00:00,2026-08-24T09:00,2026-08-24T08:00:00+00:00,17.5,0.0
London,2026-08-21T09:07:49.451991+00:00,2026-08-24T10:00,2026-08-24T09:00:00+00:00,18.5,0.0
London,2026-08-21T09:07:49.451991+00:00,2026-08-24T11:00,2026-08-24T10:00:00+00:00,19.2,1.0
London,2026-08-21T09:07:49.451991+00:00,2026-08-24T12:00,2026-08-24T11:00:00+00:00,19.8,2.0
London,2026-08-21T09:07:49.451991+00:00,2026-08-24T13:00,2026-08-24T12:00:00+00:00,20.3,2.0
London,2026-08-21T09:07:49.451991+00:00,2026-08-24T14:00,2026-08-24T13:00:00+00:00,20.6,1.0
London,2026-08-21T09:07:49.451991+00:00,2026-08-24T15:00,2026-08-24T14:00:00+00:00,20.7,0.0
London,2026-08-21T09:07:49.451991+00:00,2026-08-24T16:00,2026-08-24T15:00:00+00:00,20.7,0.0
London,2026-08-21T09:07:49.451991+00:00,2026-08-24T17:00,2026-08-24T16:00:00+00:00,20.5,1.0
London,2026-08-21T09:07:49.451991+00:00,2026-08-24T18:00,2026-08-24T17:00:00+00:00,20.2,3.0
London,2026-08-21T09:07:49.451991+00:00,2026-08-24T19:00,2026-08-24T18:00:00+00:00,19.9,4.0
London,2026-08-21T09:07:49.451991+00:00,2026-08-24T20:00,2026-08-24T19:00:00+00:00,19.6,3.0
London,2026-08-21T09:07:49.451991+00:00,2026-08-24T21:00,2026-08-24T20:00:00+00:00,19.4,1.0
London,2026-08-21T09:07:49.451991+00:00,2026-08-24T22:00,2026-08-24T21:00:00+00:00,19.3,0.0
London,2026-08-21T09:07:49.451991+00:00,2026-08-24T23:00,2026-08-24T22:00:00+00:00,19.2,1.0
London,2026-08-21T09:07:49.451991+00:00,2026-08-25T00:00,2026-08-24T23:00:00+00:00,19.1,2.0
London,2026-08-21T09:07:49.451991+00:00,2026-08-25T01:00,2026-08-25T00:00:00+00:00,19.0,4.0
London,2026-08-21T09:07:49.451991+00:00,2026-08-25T02:00,2026-08-25T01:00:00+00:00,18.8,5.0
London,2026-08-21T09:07:49.451991+00:00,2026-08-25T03:00,2026-08-25T02:00:00+00:00,18.5,6.0
London,2026-08-21T09:07:49.451991+00:00,2026-08-25T04:00,2026-08-25T03:00:00+00:00,18.3,8.0
London,2026-08-21T09:07:49.451991+00:00,2026-08-25T05:00,2026-08-25T04:00:00+00:00,17.8,11.0
London,2026-08-21T09:07:49.451991+00:00,2026-08-25T06:00,2026-08-25T05:00:00+00:00,17.4,14.0
London,2026-08-21T09:07:49.451991+00:00,2026-08-25T07:00,2026-08-25T06:00:00+00:00,17.2,16.0
London,2026-08-21T09:07:49.451991+00:00,2026-08-25T08:00,2026-08-25T07:00:00+00:00,17.7,15.0
London,2026-08-21T09:07:49.451991+00:00,2026-08-25T09:00,2026-08-25T08:00:00+00:00,18.4,12.0
London,2026-08-21T09:07:49.451991+00:00,2026-08-25T10:00,2026-08-25T09:00:00+00:00,19.1,10.0
London,2026-08-21T09:07:49.451991+00:00,2026-08-25T11:00,2026-08-25T10:00:00+00:00,19.7,10.0
London,2026-08-21T09:07:49.451991+00:00,2026-08-25T12:00,2026-08-25T11:00:00+00:00,20.2,11.0
London,2026-08-21T09:07:49.451991+00:00,2026-08-25T13:00,2026-08-25T12:00:00+00:00,20.7,12.0
London,2026-08-21T09:07:49.451991+00:00,2026-08-25T14:00,2026-08-25T13:00:00+00:00,21.2,12.0
London,2026-08-21T09:07:49.451991+00:00,2026-08-25T15:00,2026-08-25T14:00:00+00:00,21.6,12.0
London,2026-08-21T09:07:49.451991+00:00,2026-08-25T16:00,2026-08-25T15:00:00+00:00,22.0,12.0
London,2026-08-21T09:07:49.451991+00:00,2026-08-25T17:00,2026-08-25T16:00:00+00:00,22.4,12.0
London,2026-08-21T09:07:49.451991+00:00,2026-08-25T18:00,2026-08-25T17:00:00+00:00,22.8,12.0
London,2026-08-21T09:07:49.451991+00:00,2026-08-25T19:00,2026-08-25T18:00:00+00:00,22.8,12.0
London,2026-08-21T09:07:49.451991+00:00,2026-08-25T20:00,2026-08-25T19:00:00+00:00,21.9,12.0
London,2026-08-21T09:07:49.451991+00:00,2026-08-25T21:00,2026-08-25T20:00:00+00:00,20.6,13.0
London,2026-08-21T09:07:49.451991+00:00,2026-08-25T22:00,2026-08-25T21:00:00+00:00,19.6,14.0
London,2026-08-21T09:07:49.451991+00:00,2026-08-25T23:00,2026-08-25T22:00:00+00:00,19.2,16.0
London,2026-08-21T09:07:49.451991+00:00,2026-08-26T00:00,2026-08-25T23:00:00+00:00,19.1,19.0
London,2026-08-21T09:07:49.451991+00:00,2026-08-26T01:00,2026-08-26T00:00:00+00:00,19.0,22.0
London,2026-08-21T09:07:49.451991+00:00,2026-08-26T02:00,2026-08-26T01:00:00+00:00,18.7,24.0
London,2026-08-21T09:07:49.451991+00:00,2026-08-26T03:00,2026-08-26T02:00:00+00:00,18.4,26.0
London,2026-08-21T09:07:49.451991+00:00,2026-08-26T04:00,2026-08-26T03:00:00+00:00,18.2,27.0
London,2026-08-21T09:07:49.451991+00:00,2026-08-26T05:00,2026-08-26T04:00:00+00:00,18.0,27.0
London,2026-08-21T09:07:49.451991+00:00,2026-08-26T06:00,2026-08-26T05:00:00+00:00,17.9,26.0
London,2026-08-21T09:07:49.451991+00:00,2026-08-26T07:00,2026-08-26T06:00:00+00:00,18.0,24.0
London,2026-08-21T09:07:49.451991+00:00,2026-08-26T08:00,2026-08-26T07:00:00+00:00,18.3,21.0
London,2026-08-21T09:07:49.451991+00:00,2026-08-26T09:00,2026-08-26T08:00:00+00:00,18.9,18.0
London,2026-08-21T09:07:49.451991+00:00,2026-08-26T10:00,2026-08-26T09:00:00+00:00,19.6,16.0
London,2026-08-21T09:07:49.451991+00:00,2026-08-26T11:00,2026-08-26T10:00:00+00:00,20.8,18.0
London,2026-08-21T09:07:49.451991+00:00,2026-08-26T12:00,2026-08-26T11:00:00+00:00,22.3,22.0
London,2026-08-21T09:07:49.451991+00:00,2026-08-26T13:00,2026-08-26T12:00:00+00:00,23.5,25.0
London,2026-08-21T09:07:49.451991+00:00,2026-08-26T14:00,2026-08-26T13:00:00+00:00,24.4,25.0
London,2026-08-21T09:07:49.451991+00:00,2026-08-26T15:00,2026-08-26T14:00:00+00:00,25.1,24.0
London,2026-08-21T09:07:49.451991+00:00,2026-08-26T16:00,2026-08-26T15:00:00+00:00,25.4,22.0
London,2026-08-21T09:07:49.451991+00:00,2026-08-26T17:00,2026-08-26T16:00:00+00:00,25.5,19.0
London,2026-08-21T09:07:49.451991+00:00,2026-08-26T18:00,2026-08-26T17:00:00+00:00,25.2,15.0
London,2026-08-21T09:07:49.451991+00:00,2026-08-26T19:00,2026-08-26T18:00:00+00:00,24.7,14.0
London,2026-08-21T09:07:49.451991+00:00,2026-08-26T20:00,2026-08-26T19:00:00+00:00,24.0,20.0
London,2026-08-21T09:07:49.451991+00:00,2026-08-26T21:00,2026-08-26T20:00:00+00:00,23.0,29.0
London,2026-08-21T09:07:49.451991+00:00,2026-08-26T22:00,2026-08-26T21:00:00+00:00,22.2,37.0
London,2026-08-21T09:07:49.451991+00:00,2026-08-26T23:00,2026-08-26T22:00:00+00:00,21.9,43.0
London,2026-08-21T09:07:49.451991+00:00,2026-08-27T00:00,2026-08-26T23:00:00+00:00,21.1,47.0
London,2026-08-21T09:07:49.451991+00:00,2026-08-27T01:00,2026-08-27T00:00:00+00:00,20.5,51.0
London,2026-08-21T09:07:49.451991+00:00,2026-08-27T02:00,2026-08-27T01:00:00+00:00,20.0,53.0
London,2026-08-21T09:07:49.451991+00:00,2026-08-27T03:00,2026-08-27T02:00:00+00:00,19.6,54.0
London,2026-08-21T09:07:49.451991+00:00,2026-08-27T04:00,2026-08-27T03:00:00+00:00,19.2,55.0
London,2026-08-21T09:07:49.451991+00:00,2026-08-27T05:00,2026-08-27T04:00:00+00:00,18.9,55.0
London,2026-08-21T09:07:49.451991+00:00,2026-08-27T06:00,2026-08-27T05:00:00+00:00,18.8,55.0
London,2026-08-21T09:07:49.451991+00:00,2026-08-27T07:00,2026-08-27T06:00:00+00:00,18.9,55.0
London,2026-08-21T09:07:49.451991+00:00,2026-08-27T08:00,2026-08-27T07:00:00+00:00,19.2,54.0
London,2026-08-21T09:07:49.451991+00:00,2026-08-27T09:00,2026-08-27T08:00:00+00:00,19.8,54.0
London,2026-08-21T09:07:49.451991+00:00,2026-08-27T10:00,2026-08-27T09:00:00+00:00,20.5,53.0
London,2026-08-21T09:07:49.451991+00:00,2026-08-27T11:00,2026-08-27T10:00:00+00:00,21.2,52.0
London,2026-08-21T09:07:49.451991+00:00,2026-08-27T12:00,2026-08-27T11:00:00+00:00,21.9,51.0
London,2026-08-21T09:07:49.451991+00:00,2026-08-27T13:00,2026-08-27T12:00:00+00:00,22.4,51.0
London,2026-08-21T09:07:49.451991+00:00,2026-08-27T14:00,2026-08-27T13:00:00+00:00,22.8,51.0
London,2026-08-21T09:07:49.451991+00:00,2026-08-27T15:00,2026-08-27T14:00:00+00:00,23.1,52.0
London,2026-08-21T09:07:49.451991+00:00,2026-08-27T16:00,2026-08-27T15:00:00+00:00,23.4,53.0
London,2026-08-21T09:07:49.451991+00:00,2026-08-27T17:00,2026-08-27T16:00:00+00:00,23.5,54.0
London,2026-08-21T09:07:49.451991+00:00,2026-08-27T18:00,2026-08-27T17:00:00+00:00,23.6,54.0
London,2026-08-21T09:07:49.451991+00:00,2026-08-27T19:00,2026-08-27T18:00:00+00:00,23.4,53.0
London,2026-08-21T09:07:49.451991+00:00,2026-08-27T20:00,2026-08-27T19:00:00+00:00,23.1,49.0
London,2026-08-21T09:07:49.451991+00:00,2026-08-27T21:00,2026-08-27T20:00:00+00:00,22.4,44.0
London,2026-08-21T09:07:49.451991+00:00,2026-08-27T22:00,2026-08-27T21:00:00+00:00,21.7,39.0
London,2026-08-21T09:07:49.451991+00:00,2026-08-27T23:00,2026-08-27T22:00:00+00:00,19.8,34.0
London,2026-08-21T09:07:49.451991+00:00,2026-08-28T00:00,2026-08-27T23:00:00+00:00,18.0,30.0
London,2026-08-21T09:07:49.451991+00:00,2026-08-28T01:00,2026-08-28T00:00:00+00:00,16.3,27.0
London,2026-08-21T09:07:49.451991+00:00,2026-08-28T02:00,2026-08-28T01:00:00+00:00,14.6,27.0
London,2026-08-21T09:07:49.451991+00:00,2026-08-28T03:00,2026-08-28T02:00:00+00:00,14.2,28.0
London,2026-08-21T09:07:49.451991+00:00,2026-08-28T04:00,2026-08-28T03:00:00+00:00,13.8,30.0
London,2026-08-21T09:07:49.451991+00:00,2026-08-28T05:00,2026-08-28T04:00:00+00:00,13.6,33.0
London,2026-08-21T09:07:49.451991+00:00,2026-08-28T06:00,2026-08-28T05:00:00+00:00,13.6,36.0
London,2026-08-21T09:07:49.451991+00:00,2026-08-28T07:00,2026-08-28T06:00:00+00:00,13.8,39.0
London,2026-08-21T09:07:49.451991+00:00,2026-08-28T08:00,2026-08-28T07:00:00+00:00,14.5,42.0
London,2026-08-21T09:07:49.451991+00:00,2026-08-28T09:00,2026-08-28T08:00:00+00:00,15.6,46.0
London,2026-08-21T09:07:49.451991+00:00,2026-08-28T10:00,2026-08-28T09:00:00+00:00,16.9,49.0
London,2026-08-21T09:07:49.451991+00:00,2026-08-28T11:00,2026-08-28T10:00:00+00:00,18.2,52.0
London,2026-08-21T09:07:49.451991+00:00,2026-08-28T12:00,2026-08-28T11:00:00+00:00,19.3,56.0
London,2026-08-21T09:07:49.451991+00:00,2026-08-28T13:00,2026-08-28T12:00:00+00:00,19.9,59.0
London,2026-08-21T09:07:49.451991+00:00,2026-08-28T14:00,2026-08-28T13:00:00+00:00,19.9,63.0
London,2026-08-21T09:07:49.451991+00:00,2026-08-28T15:00,2026-08-28T14:00:00+00:00,19.6,68.0
London,2026-08-21T09:07:49.451991+00:00,2026-08-28T16:00,2026-08-28T15:00:00+00:00,19.0,71.0
London,2026-08-21T09:07:49.451991+00:00,2026-08-28T17:00,2026-08-28T16:00:00+00:00,18.3,74.0
London,2026-08-21T09:07:49.451991+00:00,2026-08-28T18:00,2026-08-28T17:00:00+00:00,17.6,76.0
London,2026-08-21T09:07:49.451991+00:00,2026-08-28T19:00,2026-08-28T18:00:00+00:00,17.1,75.0
London,2026-08-21T09:07:49.451991+00:00,2026-08-28T20:00,2026-08-28T19:00:00+00:00,16.8,69.0
London,2026-08-21T09:07:49.451991+00:00,2026-08-28T21:00,2026-08-28T20:00:00+00:00,16.6,61.0
London,2026-08-21T09:07:49.451991+00:00,2026-08-28T22:00,2026-08-28T21:00:00+00:00,16.4,52.0
London,2026-08-21T09:07:49.451991+00:00,2026-08-28T23:00,2026-08-28T22:00:00+00:00,16.2,43.0
London,2026-08-21T09:07:49.451991+00:00,2026-08-29T00:00,2026-08-28T23:00:00+00:00,16.0,33.0
London,2026-08-21T09:07:49.451991+00:00,2026-08-29T01:00,2026-08-29T00:00:00+00:00,15.9,25.0
London,2026-08-21T09:07:49.451991+00:00,2026-08-29T02:00,2026-08-29T01:00:00+00:00,15.7,20.0
London,2026-08-21T09:07:49.451991+00:00,2026-08-29T03:00,2026-08-29T02:00:00+00:00,15.4,16.0
London,2026-08-21T09:07:49.451991+00:00,2026-08-29T04:00,2026-08-29T03:00:00+00:00,15.1,13.0
London,2026-08-21T09:07:49.451991+00:00,2026-08-29T05:00,2026-08-29T04:00:00+00:00,15.0,11.0
London,2026-08-21T09:07:49.451991+00:00,2026-08-29T06:00,2026-08-29T05:00:00+00:00,15.0,10.0
London,2026-08-21T09:07:49.451991+00:00,2026-08-29T07:00,2026-08-29T06:00:00+00:00,15.3,10.0
London,2026-08-21T09:07:49.451991+00:00,2026-08-29T08:00,2026-08-29T07:00:00+00:00,16.0,11.0
London,2026-08-21T09:07:49.451991+00:00,2026-08-29T09:00,2026-08-29T08:00:00+00:00,17.1,13.0
London,2026-08-21T09:07:49.451991+00:00,2026-08-29T10:00,2026-08-29T09:00:00+00:00,18.4,15.0
London,2026-08-21T09:07:49.451991+00:00,2026-08-29T11:00,2026-08-29T10:00:00+00:00,19.7,18.0
London,2026-08-21T09:07:49.451991+00:00,2026-08-29T12:00,2026-08-29T11:00:00+00:00,20.7,21.0
London,2026-08-21T09:07:49.451991+00:00,2026-08-29T13:00,2026-08-29T12:00:00+00:00,21.3,25.0
London,2026-08-21T09:07:49.451991+00:00,2026-08-29T14:00,2026-08-29T13:00:00+00:00,21.5,31.0
London,2026-08-21T09:07:49.451991+00:00,2026-08-29T15:00,2026-08-29T14:00:00+00:00,21.3,38.0
London,2026-08-21T09:07:49.451991+00:00,2026-08-29T16:00,2026-08-29T15:00:00+00:00,20.9,44.0
London,2026-08-21T09:07:49.451991+00:00,2026-08-29T17:00,2026-08-29T16:00:00+00:00,20.4,50.0
London,2026-08-21T09:07:49.451991+00:00,2026-08-29T18:00,2026-08-29T17:00:00+00:00,19.8,55.0
London,2026-08-21T09:07:49.451991+00:00,2026-08-29T19:00,2026-08-29T18:00:00+00:00,19.3,57.0
London,2026-08-21T09:07:49.451991+00:00,2026-08-29T20:00,2026-08-29T19:00:00+00:00,18.7,54.0
London,2026-08-21T09:07:49.451991+00:00,2026-08-29T21:00,2026-08-29T20:00:00+00:00,18.0,47.0
London,2026-08-21T09:07:49.451991+00:00,2026-08-29T22:00,2026-08-29T21:00:00+00:00,17.2,40.0
London,2026-08-21T09:07:49.451991+00:00,2026-08-29T23:00,2026-08-29T22:00:00+00:00,16.5,32.0
London,2026-08-21T09:07:49.451991+00:00,2026-08-30T00:00,2026-08-29T23:00:00+00:00,15.8,24.0
London,2026-08-21T09:07:49.451991+00:00,2026-08-30T01:00,2026-08-30T00:00:00+00:00,15.2,18.0
London,2026-08-21T09:07:49.451991+00:00,2026-08-30T02:00,2026-08-30T01:00:00+00:00,14.6,15.0
London,2026-08-21T09:07:49.451991+00:00,2026-08-30T03:00,2026-08-30T02:00:00+00:00,14.0,14.0
London,2026-08-21T09:07:49.451991+00:00,2026-08-30T04:00,2026-08-30T03:00:00+00:00,13.5,14.0
London,2026-08-21T09:07:49.451991+00:00,2026-08-30T05:00,2026-08-30T04:00:00+00:00,13.1,14.0
London,2026-08-21T09:07:49.451991+00:00,2026-08-30T06:00,2026-08-30T05:00:00+00:00,13.0,15.0
London,2026-08-21T09:07:49.451991+00:00,2026-08-30T07:00,2026-08-30T06:00:00+00:00,13.2,16.0
London,2026-08-21T09:07:49.451991+00:00,2026-08-30T08:00,2026-08-30T07:00:00+00:00,14.0,18.0
London,2026-08-21T09:07:49.451991+00:00,2026-08-30T09:00,2026-08-30T08:00:00+00:00,15.3,20.0
London,2026-08-21T09:07:49.451991+00:00,2026-08-30T10:00,2026-08-30T09:00:00+00:00,16.9,22.0
London,2026-08-21T09:07:49.451991+00:00,2026-08-30T11:00,2026-08-30T10:00:00+00:00,18.5,25.0
London,2026-08-21T09:07:49.451991+00:00,2026-08-30T12:00,2026-08-30T11:00:00+00:00,19.8,28.0
London,2026-08-21T09:07:49.451991+00:00,2026-08-30T13:00,2026-08-30T12:00:00+00:00,20.5,31.0
London,2026-08-21T09:07:49.451991+00:00,2026-08-30T14:00,2026-08-30T13:00:00+00:00,20.7,35.0
London,2026-08-21T09:07:49.451991+00:00,2026-08-30T15:00,2026-08-30T14:00:00+00:00,20.5,40.0
London,2026-08-21T09:07:49.451991+00:00,2026-08-30T16:00,2026-08-30T15:00:00+00:00,20.0,44.0
London,2026-08-21T09:07:49.451991+00:00,2026-08-30T17:00,2026-08-30T16:00:00+00:00,19.3,48.0
London,2026-08-21T09:07:49.451991+00:00,2026-08-30T18:00,2026-08-30T17:00:00+00:00,18.7,51.0
London,2026-08-21T09:07:49.451991+00:00,2026-08-30T19:00,2026-08-30T18:00:00+00:00,18.1,51.0
London,2026-08-21T09:07:49.451991+00:00,2026-08-30T20:00,2026-08-30T19:00:00+00:00,17.6,47.0
London,2026-08-21T09:07:49.451991+00:00,2026-08-30T21:00,2026-08-30T20:00:00+00:00,17.1,39.0
London,2026-08-21T09:07:49.451991+00:00,2026-08-30T22:00,2026-08-30T21:00:00+00:00,16.5,32.0
London,2026-08-21T09:07:49.451991+00:00,2026-08-30T23:00,2026-08-30T22:00:00+00:00,15.9,25.0
London,2026-08-21T09:07:49.451991+00:00,2026-08-31T00:00,2026-08-30T23:00:00+00:00,15.5,17.0
London,2026-08-21T09:07:49.451991+00:00,2026-08-31T01:00,2026-08-31T00:00:00+00:00,15.2,12.0
London,2026-08-21T09:07:49.451991+00:00,2026-08-31T02:00,2026-08-31T01:00:00+00:00,15.0,10.0
London,2026-08-21T09:07:49.451991+00:00,2026-08-31T03:00,2026-08-31T02:00:00+00:00,14.8,11.0
London,2026-08-21T09:07:49.451991+00:00,2026-08-31T04:00,2026-08-31T03:00:00+00:00,14.8,12.0
London,2026-08-21T09:07:49.451991+00:00,2026-08-31T05:00,2026-08-31T04:00:00+00:00,14.8,14.0
London,2026-08-21T09:07:49.451991+00:00,2026-08-31T06:00,2026-08-31T05:00:00+00:00,15.1,16.0
London,2026-08-21T09:07:49.451991+00:00,2026-08-31T07:00,2026-08-31T06:00:00+00:00,15.4,18.0
London,2026-08-21T09:07:49.451991+00:00,2026-08-31T08:00,2026-08-31T07:00:00+00:00,16.1,18.0
London,2026-08-21T09:07:49.451991+00:00,2026-08-31T09:00,2026-08-31T08:00:00+00:00,17.1,18.0
London,2026-08-21T09:07:49.451991+00:00,2026-08-31T10:00,2026-08-31T09:00:00+00:00,18.2,18.0
London,2026-08-21T09:07:49.451991+00:00,2026-08-31T11:00,2026-08-31T10:00:00+00:00,19.3,18.0
London,2026-08-21T09:07:49.451991+00:00,2026-08-31T12:00,2026-08-31T11:00:00+00:00,20.2,19.0
London,2026-08-21T09:07:49.451991+00:00,2026-08-31T13:00,2026-08-31T12:00:00+00:00,20.7,22.0
London,2026-08-21T09:07:49.451991+00:00,2026-08-31T14:00,2026-08-31T13:00:00+00:00,20.9,29.0
London,2026-08-21T09:07:49.451991+00:00,2026-08-31T15:00,2026-08-31T14:00:00+00:00,20.7,37.0
London,2026-08-21T09:07:49.451991+00:00,2026-08-31T16:00,2026-08-31T15:00:00+00:00,20.4,45.0
London,2026-08-21T09:07:49.451991+00:00,2026-08-31T17:00,2026-08-31T16:00:00+00:00,19.9,52.0
London,2026-08-21T09:07:49.451991+00:00,2026-08-31T18:00,2026-08-31T17:00:00+00:00,19.4,59.0
London,2026-08-21T09:07:49.451991+00:00,2026-08-31T19:00,2026-08-31T18:00:00+00:00,18.8,61.0
London,2026-08-21T09:07:49.451991+00:00,2026-08-31T20:00,2026-08-31T19:00:00+00:00,18.2,57.0
London,2026-08-21T09:07:49.451991+00:00,2026-08-31T21:00,2026-08-31T20:00:00+00:00,17.5,49.0
London,2026-08-21T09:07:49.451991+00:00,2026-08-31T22:00,2026-08-31T21:00:00+00:00,16.7,41.0
London,2026-08-21T09:07:49.451991+00:00,2026-08-31T23:00,2026-08-31T22:00:00+00:00,15.9,32.0
London,2026-08-21T09:07:49.451991+00:00,2026-09-01T00:00,2026-08-31T23:00:00+00:00,15.2,23.0
London,2026-08-21T09:07:49.451991+00:00,2026-09-01T01:00,2026-09-01T00:00:00+00:00,14.7,16.0
London,2026-08-21T09:07:49.451991+00:00,2026-09-01T02:00,2026-09-01T01:00:00+00:00,14.2,14.0
London,2026-08-21T09:07:49.451991+00:00,2026-09-01T03:00,2026-09-01T02:00:00+00:00,13.7,14.0
London,2026-08-21T09:07:49.451991+00:00,2026-09-01T04:00,2026-09-01T03:00:00+00:00,13.2,15.0
London,2026-08-21T09:07:49.451991+00:00,2026-09-01T05:00,2026-09-01T04:00:00+00:00,13.0,16.0
London,2026-08-21T09:07:49.451991+00:00,2026-09-01T06:00,2026-09-01T05:00:00+00:00,12.9,18.0
London,2026-08-21T09:07:49.451991+00:00,2026-09-01T07:00,2026-09-01T06:00:00+00:00,13.3,20.0
London,2026-08-21T09:07:49.451991+00:00,2026-09-01T08:00,2026-09-01T07:00:00+00:00,14.1,21.0
London,2026-08-21T09:07:49.451991+00:00,2026-09-01T09:00,2026-09-01T08:00:00+00:00,15.5,21.0
London,2026-08-21T09:07:49.451991+00:00,2026-09-01T10:00,2026-09-01T09:00:00+00:00,17.1,22.0
London,2026-08-21T09:07:49.451991+00:00,2026-09-01T11:00,2026-09-01T10:00:00+00:00,18.8,23.0
London,2026-08-21T09:07:49.451991+00:00,2026-09-01T12:00,2026-09-01T11:00:00+00:00,20.2,23.0
London,2026-08-21T09:07:49.451991+00:00,2026-09-01T13:00,2026-09-01T12:00:00+00:00,21.1,25.0
London,2026-08-21T09:07:49.451991+00:00,2026-09-01T14:00,2026-09-01T13:00:00+00:00,21.5,28.0
London,2026-08-21T09:07:49.451991+00:00,2026-09-01T15:00,2026-09-01T14:00:00+00:00,21.7,32.0
London,2026-08-21T09:07:49.451991+00:00,2026-09-01T16:00,2026-09-01T15:00:00+00:00,21.6,35.0
London,2026-08-21T09:07:49.451991+00:00,2026-09-01T17:00,2026-09-01T16:00:00+00:00,21.3,38.0
London,2026-08-21T09:07:49.451991+00:00,2026-09-01T18:00,2026-09-01T17:00:00+00:00,20.9,40.0
London,2026-08-21T09:07:49.451991+00:00,2026-09-01T19:00,2026-09-01T18:00:00+00:00,20.4,41.0
London,2026-08-21T09:07:49.451991+00:00,2026-09-01T20:00,2026-09-01T19:00:00+00:00,19.8,39.0
London,2026-08-21T09:07:49.451991+00:00,2026-09-01T21:00,2026-09-01T20:00:00+00:00,18.9,35.0
London,2026-08-21T09:07:49.451991+00:00,2026-09-01T22:00,2026-09-01T21:00:00+00:00,17.9,31.0
London,2026-08-21T09:07:49.451991+00:00,2026-09-01T23:00,2026-09-01T22:00:00+00:00,16.8,27.0
London,2026-08-21T09:07:49.451991+00:00,2026-09-02T00:00,2026-09-01T23:00:00+00:00,15.9,22.0
London,2026-08-21T09:07:49.451991+00:00,2026-09-02T01:00,2026-09-02T00:00:00+00:00,15.1,18.0
London,2026-08-21T09:07:49.451991+00:00,2026-09-02T02:00,2026-09-02T01:00:00+00:00,14.4,16.0
London,2026-08-21T09:07:49.451991+00:00,2026-09-02T03:00,2026-09-02T02:00:00+00:00,13.6,15.0
London,2026-08-21T09:07:49.451991+00:00,2026-09-02T04:00,2026-09-02T03:00:00+00:00,12.9,14.0
London,2026-08-21T09:07:49.451991+00:00,2026-09-02T05:00,2026-09-02T04:00:00+00:00,12.4,14.0
London,2026-08-21T09:07:49.451991+00:00,2026-09-02T06:00,2026-09-02T05:00:00+00:00,12.2,14.0
London,2026-08-21T09:07:49.451991+00:00,2026-09-02T07:00,2026-09-02T06:00:00+00:00,12.5,14.0
London,2026-08-21T09:07:49.451991+00:00,2026-09-02T08:00,2026-09-02T07:00:00+00:00,13.3,15.0
London,2026-08-21T09:07:49.451991+00:00,2026-09-02T09:00,2026-09-02T08:00:00+00:00,14.7,16.0
London,2026-08-21T09:07:49.451991+00:00,2026-09-02T10:00,2026-09-02T09:00:00+00:00,16.5,17.0
London,2026-08-21T09:07:49.451991+00:00,2026-09-02T11:00,2026-09-02T10:00:00+00:00,18.2,18.0
London,2026-08-21T09:07:49.451991+00:00,2026-09-02T12:00,2026-09-02T11:00:00+00:00,19.7,20.0
London,2026-08-21T09:07:49.451991+00:00,2026-09-02T13:00,2026-09-02T12:00:00+00:00,20.8,22.0
London,2026-08-21T09:07:49.451991+00:00,2026-09-02T14:00,2026-09-02T13:00:00+00:00,21.3,25.0
London,2026-08-21T09:07:49.451991+00:00,2026-09-02T15:00,2026-09-02T14:00:00+00:00,21.7,29.0
London,2026-08-21T09:07:49.451991+00:00,2026-09-02T16:00,2026-09-02T15:00:00+00:00,21.8,33.0
London,2026-08-21T09:07:49.451991+00:00,2026-09-02T17:00,2026-09-02T16:00:00+00:00,21.7,36.0
London,2026-08-21T09:07:49.451991+00:00,2026-09-02T18:00,2026-09-02T17:00:00+00:00,21.4,39.0
London,2026-08-21T09:07:49.451991+00:00,2026-09-02T19:00,2026-09-02T18:00:00+00:00,20.9,39.0
London,2026-08-21T09:07:49.451991+00:00,2026-09-02T20:00,2026-09-02T19:00:00+00:00,20.1,36.0
London,2026-08-21T09:07:49.451991+00:00,2026-09-02T21:00,2026-09-02T20:00:00+00:00,19.0,32.0
London,2026-08-21T09:07:49.451991+00:00,2026-09-02T22:00,2026-09-02T21:00:00+00:00,17.6,27.0
London,2026-08-21T09:07:49.451991+00:00,2026-09-02T23:00,2026-09-02T22:00:00+00:00,16.3,22.0
London,2026-08-21T09:07:49.451991+00:00,2026-09-03T00:00,2026-09-02T23:00:00+00:00,15.1,17.0
London,2026-08-21T09:07:49.451991+00:00,2026-09-03T01:00,2026-09-03T00:00:00+00:00,14.4,14.0
London,2026-08-21T09:07:49.451991+00:00,2026-09-03T02:00,2026-09-03T01:00:00+00:00,14.1,14.0
London,2026-08-21T09:07:49.451991+00:00,2026-09-03T03:00,2026-09-03T02:00:00+00:00,14.0,15.0
London,2026-08-21T09:07:49.451991+00:00,2026-09-03T04:00,2026-09-03T03:00:00+00:00,14.1,17.0
London,2026-08-21T09:07:49.451991+00:00,2026-09-03T05:00,2026-09-03T04:00:00+00:00,14.5,19.0
London,2026-08-21T09:07:49.451991+00:00,2026-09-03T06:00,2026-09-03T05:00:00+00:00,15.0,21.0
London,2026-08-21T09:07:49.451991+00:00,2026-09-03T07:00,2026-09-03T06:00:00+00:00,15.6,22.0
London,2026-08-21T09:07:49.451991+00:00,2026-09-03T08:00,2026-09-03T07:00:00+00:00,16.6,22.0
London,2026-08-21T09:07:49.451991+00:00,2026-09-03T09:00,2026-09-03T08:00:00+00:00,18.0,21.0
London,2026-08-21T09:07:49.451991+00:00,2026-09-03T10:00,2026-09-03T09:00:00+00:00,19.6,20.0
London,2026-08-21T09:07:49.451991+00:00,2026-09-03T11:00,2026-09-03T10:00:00+00:00,21.2,19.0
London,2026-08-21T09:07:49.451991+00:00,2026-09-03T12:00,2026-09-03T11:00:00+00:00,22.4,19.0
London,2026-08-21T09:07:49.451991+00:00,2026-09-03T13:00,2026-09-03T12:00:00+00:00,23.3,20.0
London,2026-08-21T09:07:49.451991+00:00,2026-09-03T14:00,2026-09-03T13:00:00+00:00,23.6,23.0
London,2026-08-21T09:07:49.451991+00:00,2026-09-03T15:00,2026-09-03T14:00:00+00:00,23.6,26.0
London,2026-08-21T09:07:49.451991+00:00,2026-09-03T16:00,2026-09-03T15:00:00+00:00,23.3,30.0
London,2026-08-21T09:07:49.451991+00:00,2026-09-03T17:00,2026-09-03T16:00:00+00:00,22.9,34.0
London,2026-08-21T09:07:49.451991+00:00,2026-09-03T18:00,2026-09-03T17:00:00+00:00,22.4,37.0
London,2026-08-21T09:07:49.451991+00:00,2026-09-03T19:00,2026-09-03T18:00:00+00:00,21.9,39.0
London,2026-08-21T09:07:49.451991+00:00,2026-09-03T20:00,2026-09-03T19:00:00+00:00,21.3,39.0
London,2026-08-21T09:07:49.451991+00:00,2026-09-03T21:00,2026-09-03T20:00:00+00:00,20.4,36.0
London,2026-08-21T09:07:49.451991+00:00,2026-09-03T22:00,2026-09-03T21:00:00+00:00,19.6,34.0
London,2026-08-21T09:07:49.451991+00:00,2026-09-03T23:00,2026-09-03T22:00:00+00:00,18.7,31.0
London,2026-08-21T09:07:49.451991+00:00,2026-09-04T00:00,2026-09-03T23:00:00+00:00,17.9,28.0
London,2026-08-21T09:07:49.451991+00:00,2026-09-04T01:00,2026-09-04T00:00:00+00:00,17.3,25.0
London,2026-08-21T09:07:49.451991+00:00,2026-09-04T02:00,2026-09-04T01:00:00+00:00,16.8,24.0
London,2026-08-21T09:07:49.451991+00:00,2026-09-04T03:00,2026-09-04T02:00:00+00:00,16.5,23.0
London,2026-08-21T09:07:49.451991+00:00,2026-09-04T04:00,2026-09-04T03:00:00+00:00,16.2,22.0
London,2026-08-21T09:07:49.451991+00:00,2026-09-04T05:00,2026-09-04T04:00:00+00:00,16.0,21.0
London,2026-08-21T09:07:49.451991+00:00,2026-09-04T06:00,2026-09-04T05:00:00+00:00,16.0,20.0
London,2026-08-21T09:07:49.451991+00:00,2026-09-04T07:00,2026-09-04T06:00:00+00:00,16.2,20.0
London,2026-08-21T09:07:49.451991+00:00,2026-09-04T08:00,2026-09-04T07:00:00+00:00,16.7,20.0
London,2026-08-21T09:07:49.451991+00:00,2026-09-04T09:00,2026-09-04T08:00:00+00:00,17.5,21.0
London,2026-08-21T09:07:49.451991+00:00,2026-09-04T10:00,2026-09-04T09:00:00+00:00,18.4,21.0
London,2026-08-21T09:07:49.451991+00:00,2026-09-04T11:00,2026-09-04T10:00:00+00:00,19.4,21.0
London,2026-08-21T09:07:49.451991+00:00,2026-09-04T12:00,2026-09-04T11:00:00+00:00,20.2,22.0
London,2026-08-21T09:07:49.451991+00:00,2026-09-04T13:00,2026-09-04T12:00:00+00:00,20.7,22.0
London,2026-08-21T09:07:49.451991+00:00,2026-09-04T14:00,2026-09-04T13:00:00+00:00,20.9,22.0
London,2026-08-21T09:07:49.451991+00:00,2026-09-04T15:00,2026-09-04T14:00:00+00:00,21.0,22.0
London,2026-08-21T09:07:49.451991+00:00,2026-09-04T16:00,2026-09-04T15:00:00+00:00,20.9,
London,2026-08-21T09:07:49.451991+00:00,2026-09-04T17:00,2026-09-04T16:00:00+00:00,20.8,
London,2026-08-21T09:07:49.451991+00:00,2026-09-04T18:00,2026-09-04T17:00:00+00:00,20.5,
London,2026-08-21T09:07:49.451991+00:00,2026-09-04T19:00,2026-09-04T18:00:00+00:00,20.2,
London,2026-08-21T09:07:49.451991+00:00,2026-09-04T20:00,2026-09-04T19:00:00+00:00,19.8,
London,2026-08-21T09:07:49.451991+00:00,2026-09-04T21:00,2026-09-04T20:00:00+00:00,19.2,
London,2026-08-21T09:07:49.451991+00:00,2026-09-04T22:00,2026-09-04T21:00:00+00:00,18.5,
London,2026-08-21T09:07:49.451991+00:00,2026-09-04T23:00,2026-09-04T22:00:00+00:00,17.8,
London,2026-08-21T09:07:49.451991+00:00,2026-09-05T00:00,2026-09-04T23:00:00+00:00,17.2,
London,2026-08-21T09:07:49.451991+00:00,2026-09-05T01:00,2026-09-05T00:00:00+00:00,16.9,
London,2026-08-21T09:07:49.451991+00:00,2026-09-05T02:00,2026-09-05T01:00:00+00:00,16.7,
London,2026-08-21T09:07:49.451991+00:00,2026-09-05T03:00,2026-09-05T02:00:00+00:00,16.8,
London,2026-08-21T09:07:49.451991+00:00,2026-09-05T04:00,2026-09-05T03:00:00+00:00,,
London,2026-08-21T09:07:49.451991+00:00,2026-09-05T05:00,2026-09-05T04:00:00+00:00,,
London,2026-08-21T09:07:49.451991+00:00,2026-09-05T06:00,2026-09-05T05:00:00+00:00,,
London,2026-08-21T09:07:49.451991+00:00,2026-09-05T07:00,2026-09-05T06:00:00+00:00,,
London,2026-08-21T09:07:49.451991+00:00,2026-09-05T08:00,2026-09-05T07:00:00+00:00,,
London,2026-08-21T09:07:49.451991+00:00,2026-09-05T09:00,2026-09-05T08:00:00+00:00,,
London,2026-08-21T09:07:49.451991+00:00,2026-09-05T10:00,2026-09-05T09:00:00+00:00,,
London,2026-08-21T09:07:49.451991+00:00,2026-09-05T11:00,2026-09-05T10:00:00+00:00,,
London,2026-08-21T09:07:49.451991+00:00,2026-09-05T12:00,2026-09-05T11:00:00+00:00,,
London,2026-08-21T09:07:49.451991+00:00,2026-09-05T13:00,2026-09-05T12:00:00+00:00,,
London,2026-08-21T09:07:49.451991+00:00,2026-09-05T14:00,2026-09-05T13:00:00+00:00,,
London,2026-08-21T09:07:49.451991+00:00,2026-09-05T15:00,2026-09-05T14:00:00+00:00,,
London,2026-08-21T09:07:49.451991+00:00,2026-09-05T16:00,2026-09-05T15:00:00+00:00,,
London,2026-08-21T09:07:49.451991+00:00,2026-09-05T17:00,2026-09-05T16:00:00+00:00,,
London,2026-08-21T09:07:49.451991+00:00,2026-09-05T18:00,2026-09-05T17:00:00+00:00,,
London,2026-08-21T09:07:49.451991+00:00,2026-09-05T19:00,2026-09-05T18:00:00+00:00,,
London,2026-08-21T09:07:49.451991+00:00,2026-09-05T20:00,2026-09-05T19:00:00+00:00,,
London,2026-08-21T09:07:49.451991+00:00,2026-09-05T21:00,2026-09-05T20:00:00+00:00,,
London,2026-08-21T09:07:49.451991+00:00,2026-09-05T22:00,2026-09-05T21:00:00+00:00,,
London,2026-08-21T09:07:49.451991+00:00,2026-09-05T23:00,2026-09-05T22:00:00+00:00,,
London,2026-08-21T10:02:47.534299+00:00,2026-08-21T00:00,2026-08-20T23:00:00+00:00,16.1,13.0
London,2026-08-21T10:02:47.534299+00:00,2026-08-21T01:00,2026-08-21T00:00:00+00:00,15.8,0.0
London,2026-08-21T10:02:47.534299+00:00,2026-08-21T02:00,2026-08-21T01:00:00+00:00,15.5,0.0
London,2026-08-21T10:02:47.534299+00:00,2026-08-21T03:00,2026-08-21T02:00:00+00:00,15.4,0.0
London,2026-08-21T10:02:47.534299+00:00,2026-08-21T04:00,2026-08-21T03:00:00+00:00,15.4,0.0
London,2026-08-21T10:02:47.534299+00:00,2026-08-21T05:00,2026-08-21T04:00:00+00:00,15.0,0.0
London,2026-08-21T10:02:47.534299+00:00,2026-08-21T06:00,2026-08-21T05:00:00+00:00,14.7,0.0
London,2026-08-21T10:02:47.534299+00:00,2026-08-21T07:00,2026-08-21T06:00:00+00:00,14.6,0.0
London,2026-08-21T10:02:47.534299+00:00,2026-08-21T08:00,2026-08-21T07:00:00+00:00,14.8,0.0
London,2026-08-21T10:02:47.534299+00:00,2026-08-21T09:00,2026-08-21T08:00:00+00:00,15.8,0.0
London,2026-08-21T10:02:47.534299+00:00,2026-08-21T10:00,2026-08-21T09:00:00+00:00,17.0,0.0
London,2026-08-21T10:02:47.534299+00:00,2026-08-21T11:00,2026-08-21T10:00:00+00:00,18.1,0.0
London,2026-08-21T10:02:47.534299+00:00,2026-08-21T12:00,2026-08-21T11:00:00+00:00,19.3,0.0
London,2026-08-21T10:02:47.534299+00:00,2026-08-21T13:00,2026-08-21T12:00:00+00:00,20.2,0.0
London,2026-08-21T10:02:47.534299+00:00,2026-08-21T14:00,2026-08-21T13:00:00+00:00,20.6,3.0
London,2026-08-21T10:02:47.534299+00:00,2026-08-21T15:00,2026-08-21T14:00:00+00:00,20.8,7.0
London,2026-08-21T10:02:47.534299+00:00,2026-08-21T16:00,2026-08-21T15:00:00+00:00,20.6,14.0
London,2026-08-21T10:02:47.534299+00:00,2026-08-21T17:00,2026-08-21T16:00:00+00:00,21.0,26.0
London,2026-08-21T10:02:47.534299+00:00,2026-08-21T18:00,2026-08-21T17:00:00+00:00,20.9,40.0
London,2026-08-21T10:02:47.534299+00:00,2026-08-21T19:00,2026-08-21T18:00:00+00:00,19.2,47.0
London,2026-08-21T10:02:47.534299+00:00,2026-08-21T20:00,2026-08-21T19:00:00+00:00,17.8,40.0
London,2026-08-21T10:02:47.534299+00:00,2026-08-21T21:00,2026-08-21T20:00:00+00:00,16.5,26.0
London,2026-08-21T10:02:47.534299+00:00,2026-08-21T22:00,2026-08-21T21:00:00+00:00,15.7,14.0
London,2026-08-21T10:02:47.534299+00:00,2026-08-21T23:00,2026-08-21T22:00:00+00:00,15.3,7.0
London,2026-08-21T10:02:47.534299+00:00,2026-08-22T00:00,2026-08-21T23:00:00+00:00,15.4,3.0
London,2026-08-21T10:02:47.534299+00:00,2026-08-22T01:00,2026-08-22T00:00:00+00:00,15.0,0.0
London,2026-08-21T10:02:47.534299+00:00,2026-08-22T02:00,2026-08-22T01:00:00+00:00,14.5,0.0
London,2026-08-21T10:02:47.534299+00:00,2026-08-22T03:00,2026-08-22T02:00:00+00:00,14.2,0.0
London,2026-08-21T10:02:47.534299+00:00,2026-08-22T04:00,2026-08-22T03:00:00+00:00,13.6,0.0
London,2026-08-21T10:02:47.534299+00:00,2026-08-22T05:00,2026-08-22T04:00:00+00:00,13.3,1.0
London,2026-08-21T10:02:47.534299+00:00,2026-08-22T06:00,2026-08-22T05:00:00+00:00,12.9,2.0
London,2026-08-21T10:02:47.534299+00:00,2026-08-22T07:00,2026-08-22T06:00:00+00:00,12.7,2.0
London,2026-08-21T10:02:47.534299+00:00,2026-08-22T08:00,2026-08-22T07:00:00+00:00,13.4,2.0
London,2026-08-21T10:02:47.534299+00:00,2026-08-22T09:00,2026-08-22T08:00:00+00:00,14.6,1.0
London,2026-08-21T10:02:47.534299+00:00,2026-08-22T10:00,2026-08-22T09:00:00+00:00,16.2,0.0
London,2026-08-21T10:02:47.534299+00:00,2026-08-22T11:00,2026-08-22T10:00:00+00:00,17.6,0.0
London,2026-08-21T10:02:47.534299+00:00,2026-08-22T12:00,2026-08-22T11:00:00+00:00,18.7,0.0
London,2026-08-21T10:02:47.534299+00:00,2026-08-22T13:00,2026-08-22T12:00:00+00:00,19.3,0.0
London,2026-08-21T10:02:47.534299+00:00,2026-08-22T14:00,2026-08-22T13:00:00+00:00,19.9,0.0
London,2026-08-21T10:02:47.534299+00:00,2026-08-22T15:00,2026-08-22T14:00:00+00:00,20.3,0.0
London,2026-08-21T10:02:47.534299+00:00,2026-08-22T16:00,2026-08-22T15:00:00+00:00,20.6,0.0
London,2026-08-21T10:02:47.534299+00:00,2026-08-22T17:00,2026-08-22T16:00:00+00:00,20.6,0.0
London,2026-08-21T10:02:47.534299+00:00,2026-08-22T18:00,2026-08-22T17:00:00+00:00,20.5,0.0
London,2026-08-21T10:02:47.534299+00:00,2026-08-22T19:00,2026-08-22T18:00:00+00:00,20.1,0.0
London,2026-08-21T10:02:47.534299+00:00,2026-08-22T20:00,2026-08-22T19:00:00+00:00,19.4,0.0
London,2026-08-21T10:02:47.534299+00:00,2026-08-22T21:00,2026-08-22T20:00:00+00:00,19.1,0.0
London,2026-08-21T10:02:47.534299+00:00,2026-08-22T22:00,2026-08-22T21:00:00+00:00,18.1,0.0
London,2026-08-21T10:02:47.534299+00:00,2026-08-22T23:00,2026-08-22T22:00:00+00:00,17.4,0.0
London,2026-08-21T10:02:47.534299+00:00,2026-08-23T00:00,2026-08-22T23:00:00+00:00,16.7,0.0
London,2026-08-21T10:02:47.534299+00:00,2026-08-23T01:00,2026-08-23T00:00:00+00:00,16.4,0.0
London,2026-08-21T10:02:47.534299+00:00,2026-08-23T02:00,2026-08-23T01:00:00+00:00,16.0,0.0
London,2026-08-21T10:02:47.534299+00:00,2026-08-23T03:00,2026-08-23T02:00:00+00:00,15.7,0.0
London,2026-08-21T10:02:47.534299+00:00,2026-08-23T04:00,2026-08-23T03:00:00+00:00,15.2,0.0
London,2026-08-21T10:02:47.534299+00:00,2026-08-23T05:00,2026-08-23T04:00:00+00:00,15.0,0.0
London,2026-08-21T10:02:47.534299+00:00,2026-08-23T06:00,2026-08-23T05:00:00+00:00,14.9,0.0
London,2026-08-21T10:02:47.534299+00:00,2026-08-23T07:00,2026-08-23T06:00:00+00:00,15.0,0.0
London,2026-08-21T10:02:47.534299+00:00,2026-08-23T08:00,2026-08-23T07:00:00+00:00,15.8,0.0
London,2026-08-21T10:02:47.534299+00:00,2026-08-23T09:00,2026-08-23T08:00:00+00:00,16.6,0.0
London,2026-08-21T10:02:47.534299+00:00,2026-08-23T10:00,2026-08-23T09:00:00+00:00,17.4,0.0
London,2026-08-21T10:02:47.534299+00:00,2026-08-23T11:00,2026-08-23T10:00:00+00:00,18.2,0.0
London,2026-08-21T10:02:47.534299+00:00,2026-08-23T12:00,2026-08-23T11:00:00+00:00,19.3,0.0
London,2026-08-21T10:02:47.534299+00:00,2026-08-23T13:00,2026-08-23T12:00:00+00:00,20.2,0.0
London,2026-08-21T10:02:47.534299+00:00,2026-08-23T14:00,2026-08-23T13:00:00+00:00,20.8,0.0
London,2026-08-21T10:02:47.534299+00:00,2026-08-23T15:00,2026-08-23T14:00:00+00:00,21.3,0.0
London,2026-08-21T10:02:47.534299+00:00,2026-08-23T16:00,2026-08-23T15:00:00+00:00,21.6,0.0
London,2026-08-21T10:02:47.534299+00:00,2026-08-23T17:00,2026-08-23T16:00:00+00:00,22.0,0.0
London,2026-08-21T10:02:47.534299+00:00,2026-08-23T18:00,2026-08-23T17:00:00+00:00,22.3,0.0
London,2026-08-21T10:02:47.534299+00:00,2026-08-23T19:00,2026-08-23T18:00:00+00:00,22.3,0.0
London,2026-08-21T10:02:47.534299+00:00,2026-08-23T20:00,2026-08-23T19:00:00+00:00,21.7,0.0
London,2026-08-21T10:02:47.534299+00:00,2026-08-23T21:00,2026-08-23T20:00:00+00:00,20.8,0.0
London,2026-08-21T10:02:47.534299+00:00,2026-08-23T22:00,2026-08-23T21:00:00+00:00,19.9,0.0
London,2026-08-21T10:02:47.534299+00:00,2026-08-23T23:00,2026-08-23T22:00:00+00:00,19.2,0.0
London,2026-08-21T10:02:47.534299+00:00,2026-08-24T00:00,2026-08-23T23:00:00+00:00,18.5,0.0
London,2026-08-21T10:02:47.534299+00:00,2026-08-24T01:00,2026-08-24T00:00:00+00:00,17.9,0.0
London,2026-08-21T10:02:47.534299+00:00,2026-08-24T02:00,2026-08-24T01:00:00+00:00,17.5,0.0
London,2026-08-21T10:02:47.534299+00:00,2026-08-24T03:00,2026-08-24T02:00:00+00:00,17.1,0.0
London,2026-08-21T10:02:47.534299+00:00,2026-08-24T04:00,2026-08-24T03:00:00+00:00,16.8,0.0
London,2026-08-21T10:02:47.534299+00:00,2026-08-24T05:00,2026-08-24T04:00:00+00:00,16.3,0.0
London,2026-08-21T10:02:47.534299+00:00,2026-08-24T06:00,2026-08-24T05:00:00+00:00,15.8,0.0
London,2026-08-21T10:02:47.534299+00:00,2026-08-24T07:00,2026-08-24T06:00:00+00:00,15.7,0.0
London,2026-08-21T10:02:47.534299+00:00,2026-08-24T08:00,2026-08-24T07:00:00+00:00,16.4,0.0
London,2026-08-21T10:02:47.534299+00:00,2026-08-24T09:00,2026-08-24T08:00:00+00:00,17.5,0.0
London,2026-08-21T10:02:47.534299+00:00,2026-08-24T10:00,2026-08-24T09:00:00+00:00,18.5,0.0
London,2026-08-21T10:02:47.534299+00:00,2026-08-24T11:00,2026-08-24T10:00:00+00:00,19.2,1.0
London,2026-08-21T10:02:47.534299+00:00,2026-08-24T12:00,2026-08-24T11:00:00+00:00,19.8,2.0
London,2026-08-21T10:02:47.534299+00:00,2026-08-24T13:00,2026-08-24T12:00:00+00:00,20.3,2.0
London,2026-08-21T10:02:47.534299+00:00,2026-08-24T14:00,2026-08-24T13:00:00+00:00,20.6,1.0
London,2026-08-21T10:02:47.534299+00:00,2026-08-24T15:00,2026-08-24T14:00:00+00:00,20.7,0.0
London,2026-08-21T10:02:47.534299+00:00,2026-08-24T16:00,2026-08-24T15:00:00+00:00,20.7,0.0
London,2026-08-21T10:02:47.534299+00:00,2026-08-24T17:00,2026-08-24T16:00:00+00:00,20.5,1.0
London,2026-08-21T10:02:47.534299+00:00,2026-08-24T18:00,2026-08-24T17:00:00+00:00,20.2,3.0
London,2026-08-21T10:02:47.534299+00:00,2026-08-24T19:00,2026-08-24T18:00:00+00:00,19.9,4.0
London,2026-08-21T10:02:47.534299+00:00,2026-08-24T20:00,2026-08-24T19:00:00+00:00,19.6,3.0
London,2026-08-21T10:02:47.534299+00:00,2026-08-24T21:00,2026-08-24T20:00:00+00:00,19.4,1.0
London,2026-08-21T10:02:47.534299+00:00,2026-08-24T22:00,2026-08-24T21:00:00+00:00,19.3,0.0
London,2026-08-21T10:02:47.534299+00:00,2026-08-24T23:00,2026-08-24T22:00:00+00:00,19.2,1.0
London,2026-08-21T10:02:47.534299+00:00,2026-08-25T00:00,2026-08-24T23:00:00+00:00,19.1,2.0
London,2026-08-21T10:02:47.534299+00:00,2026-08-25T01:00,2026-08-25T00:00:00+00:00,19.0,4.0
London,2026-08-21T10:02:47.534299+00:00,2026-08-25T02:00,2026-08-25T01:00:00+00:00,18.8,5.0
London,2026-08-21T10:02:47.534299+00:00,2026-08-25T03:00,2026-08-25T02:00:00+00:00,18.5,6.0
London,2026-08-21T10:02:47.534299+00:00,2026-08-25T04:00,2026-08-25T03:00:00+00:00,18.3,8.0
London,2026-08-21T10:02:47.534299+00:00,2026-08-25T05:00,2026-08-25T04:00:00+00:00,17.8,11.0
London,2026-08-21T10:02:47.534299+00:00,2026-08-25T06:00,2026-08-25T05:00:00+00:00,17.4,14.0
London,2026-08-21T10:02:47.534299+00:00,2026-08-25T07:00,2026-08-25T06:00:00+00:00,17.2,16.0
London,2026-08-21T10:02:47.534299+00:00,2026-08-25T08:00,2026-08-25T07:00:00+00:00,17.7,15.0
London,2026-08-21T10:02:47.534299+00:00,2026-08-25T09:00,2026-08-25T08:00:00+00:00,18.4,12.0
London,2026-08-21T10:02:47.534299+00:00,2026-08-25T10:00,2026-08-25T09:00:00+00:00,19.1,10.0
London,2026-08-21T10:02:47.534299+00:00,2026-08-25T11:00,2026-08-25T10:00:00+00:00,19.7,10.0
London,2026-08-21T10:02:47.534299+00:00,2026-08-25T12:00,2026-08-25T11:00:00+00:00,20.2,11.0
London,2026-08-21T10:02:47.534299+00:00,2026-08-25T13:00,2026-08-25T12:00:00+00:00,20.7,12.0
London,2026-08-21T10:02:47.534299+00:00,2026-08-25T14:00,2026-08-25T13:00:00+00:00,21.2,12.0
London,2026-08-21T10:02:47.534299+00:00,2026-08-25T15:00,2026-08-25T14:00:00+00:00,21.6,12.0
London,2026-08-21T10:02:47.534299+00:00,2026-08-25T16:00,2026-08-25T15:00:00+00:00,22.0,12.0
London,2026-08-21T10:02:47.534299+00:00,2026-08-25T17:00,2026-08-25T16:00:00+00:00,22.4,12.0
London,2026-08-21T10:02:47.534299+00:00,2026-08-25T18:00,2026-08-25T17:00:00+00:00,22.8,12.0
London,2026-08-21T10:02:47.534299+00:00,2026-08-25T19:00,2026-08-25T18:00:00+00:00,22.8,12.0
London,2026-08-21T10:02:47.534299+00:00,2026-08-25T20:00,2026-08-25T19:00:00+00:00,21.9,12.0
London,2026-08-21T10:02:47.534299+00:00,2026-08-25T21:00,2026-08-25T20:00:00+00:00,20.6,13.0
London,2026-08-21T10:02:47.534299+00:00,2026-08-25T22:00,2026-08-25T21:00:00+00:00,19.6,14.0
London,2026-08-21T10:02:47.534299+00:00,2026-08-25T23:00,2026-08-25T22:00:00+00:00,19.2,16.0
London,2026-08-21T10:02:47.534299+00:00,2026-08-26T00:00,2026-08-25T23:00:00+00:00,19.1,19.0
London,2026-08-21T10:02:47.534299+00:00,2026-08-26T01:00,2026-08-26T00:00:00+00:00,19.0,22.0
London,2026-08-21T10:02:47.534299+00:00,2026-08-26T02:00,2026-08-26T01:00:00+00:00,18.7,24.0
London,2026-08-21T10:02:47.534299+00:00,2026-08-26T03:00,2026-08-26T02:00:00+00:00,18.4,26.0
London,2026-08-21T10:02:47.534299+00:00,2026-08-26T04:00,2026-08-26T03:00:00+00:00,18.2,27.0
London,2026-08-21T10:02:47.534299+00:00,2026-08-26T05:00,2026-08-26T04:00:00+00:00,18.0,27.0
London,2026-08-21T10:02:47.534299+00:00,2026-08-26T06:00,2026-08-26T05:00:00+00:00,17.9,26.0
London,2026-08-21T10:02:47.534299+00:00,2026-08-26T07:00,2026-08-26T06:00:00+00:00,18.0,24.0
London,2026-08-21T10:02:47.534299+00:00,2026-08-26T08:00,2026-08-26T07:00:00+00:00,18.3,21.0
London,2026-08-21T10:02:47.534299+00:00,2026-08-26T09:00,2026-08-26T08:00:00+00:00,18.9,18.0
London,2026-08-21T10:02:47.534299+00:00,2026-08-26T10:00,2026-08-26T09:00:00+00:00,19.6,16.0
London,2026-08-21T10:02:47.534299+00:00,2026-08-26T11:00,2026-08-26T10:00:00+00:00,20.8,18.0
London,2026-08-21T10:02:47.534299+00:00,2026-08-26T12:00,2026-08-26T11:00:00+00:00,22.3,22.0
London,2026-08-21T10:02:47.534299+00:00,2026-08-26T13:00,2026-08-26T12:00:00+00:00,23.5,25.0
London,2026-08-21T10:02:47.534299+00:00,2026-08-26T14:00,2026-08-26T13:00:00+00:00,24.4,25.0
London,2026-08-21T10:02:47.534299+00:00,2026-08-26T15:00,2026-08-26T14:00:00+00:00,25.1,24.0
London,2026-08-21T10:02:47.534299+00:00,2026-08-26T16:00,2026-08-26T15:00:00+00:00,25.4,22.0
London,2026-08-21T10:02:47.534299+00:00,2026-08-26T17:00,2026-08-26T16:00:00+00:00,25.5,19.0
London,2026-08-21T10:02:47.534299+00:00,2026-08-26T18:00,2026-08-26T17:00:00+00:00,25.2,15.0
London,2026-08-21T10:02:47.534299+00:00,2026-08-26T19:00,2026-08-26T18:00:00+00:00,24.7,14.0
London,2026-08-21T10:02:47.534299+00:00,2026-08-26T20:00,2026-08-26T19:00:00+00:00,24.0,20.0
London,2026-08-21T10:02:47.534299+00:00,2026-08-26T21:00,2026-08-26T20:00:00+00:00,23.0,29.0
London,2026-08-21T10:02:47.534299+00:00,2026-08-26T22:00,2026-08-26T21:00:00+00:00,22.2,37.0
London,2026-08-21T10:02:47.534299+00:00,2026-08-26T23:00,2026-08-26T22:00:00+00:00,21.9,43.0
London,2026-08-21T10:02:47.534299+00:00,2026-08-27T00:00,2026-08-26T23:00:00+00:00,21.1,47.0
London,2026-08-21T10:02:47.534299+00:00,2026-08-27T01:00,2026-08-27T00:00:00+00:00,20.5,51.0
London,2026-08-21T10:02:47.534299+00:00,2026-08-27T02:00,2026-08-27T01:00:00+00:00,20.0,53.0
London,2026-08-21T10:02:47.534299+00:00,2026-08-27T03:00,2026-08-27T02:00:00+00:00,19.6,54.0
London,2026-08-21T10:02:47.534299+00:00,2026-08-27T04:00,2026-08-27T03:00:00+00:00,19.2,55.0
London,2026-08-21T10:02:47.534299+00:00,2026-08-27T05:00,2026-08-27T04:00:00+00:00,18.9,55.0
London,2026-08-21T10:02:47.534299+00:00,2026-08-27T06:00,2026-08-27T05:00:00+00:00,18.8,55.0
London,2026-08-21T10:02:47.534299+00:00,2026-08-27T07:00,2026-08-27T06:00:00+00:00,18.9,55.0
London,2026-08-21T10:02:47.534299+00:00,2026-08-27T08:00,2026-08-27T07:00:00+00:00,19.2,54.0
London,2026-08-21T10:02:47.534299+00:00,2026-08-27T09:00,2026-08-27T08:00:00+00:00,19.8,54.0
London,2026-08-21T10:02:47.534299+00:00,2026-08-27T10:00,2026-08-27T09:00:00+00:00,20.5,53.0
London,2026-08-21T10:02:47.534299+00:00,2026-08-27T11:00,2026-08-27T10:00:00+00:00,21.2,52.0
London,2026-08-21T10:02:47.534299+00:00,2026-08-27T12:00,2026-08-27T11:00:00+00:00,21.9,51.0
London,2026-08-21T10:02:47.534299+00:00,2026-08-27T13:00,2026-08-27T12:00:00+00:00,22.4,51.0
London,2026-08-21T10:02:47.534299+00:00,2026-08-27T14:00,2026-08-27T13:00:00+00:00,22.8,51.0
London,2026-08-21T10:02:47.534299+00:00,2026-08-27T15:00,2026-08-27T14:00:00+00:00,23.1,52.0
London,2026-08-21T10:02:47.534299+00:00,2026-08-27T16:00,2026-08-27T15:00:00+00:00,23.4,53.0
London,2026-08-21T10:02:47.534299+00:00,2026-08-27T17:00,2026-08-27T16:00:00+00:00,23.5,54.0
London,2026-08-21T10:02:47.534299+00:00,2026-08-27T18:00,2026-08-27T17:00:00+00:00,23.6,54.0
London,2026-08-21T10:02:47.534299+00:00,2026-08-27T19:00,2026-08-27T18:00:00+00:00,23.4,53.0
London,2026-08-21T10:02:47.534299+00:00,2026-08-27T20:00,2026-08-27T19:00:00+00:00,23.1,49.0
London,2026-08-21T10:02:47.534299+00:00,2026-08-27T21:00,2026-08-27T20:00:00+00:00,22.4,44.0
London,2026-08-21T10:02:47.534299+00:00,2026-08-27T22:00,2026-08-27T21:00:00+00:00,21.7,39.0
London,2026-08-21T10:02:47.534299+00:00,2026-08-27T23:00,2026-08-27T22:00:00+00:00,19.8,34.0
London,2026-08-21T10:02:47.534299+00:00,2026-08-28T00:00,2026-08-27T23:00:00+00:00,18.0,30.0
London,2026-08-21T10:02:47.534299+00:00,2026-08-28T01:00,2026-08-28T00:00:00+00:00,16.3,27.0
London,2026-08-21T10:02:47.534299+00:00,2026-08-28T02:00,2026-08-28T01:00:00+00:00,14.6,27.0
London,2026-08-21T10:02:47.534299+00:00,2026-08-28T03:00,2026-08-28T02:00:00+00:00,14.2,28.0
London,2026-08-21T10:02:47.534299+00:00,2026-08-28T04:00,2026-08-28T03:00:00+00:00,13.8,30.0
London,2026-08-21T10:02:47.534299+00:00,2026-08-28T05:00,2026-08-28T04:00:00+00:00,13.6,33.0
London,2026-08-21T10:02:47.534299+00:00,2026-08-28T06:00,2026-08-28T05:00:00+00:00,13.6,36.0
London,2026-08-21T10:02:47.534299+00:00,2026-08-28T07:00,2026-08-28T06:00:00+00:00,13.8,39.0
London,2026-08-21T10:02:47.534299+00:00,2026-08-28T08:00,2026-08-28T07:00:00+00:00,14.5,42.0
London,2026-08-21T10:02:47.534299+00:00,2026-08-28T09:00,2026-08-28T08:00:00+00:00,15.6,46.0
London,2026-08-21T10:02:47.534299+00:00,2026-08-28T10:00,2026-08-28T09:00:00+00:00,16.9,49.0
London,2026-08-21T10:02:47.534299+00:00,2026-08-28T11:00,2026-08-28T10:00:00+00:00,18.2,52.0
London,2026-08-21T10:02:47.534299+00:00,2026-08-28T12:00,2026-08-28T11:00:00+00:00,19.3,56.0
London,2026-08-21T10:02:47.534299+00:00,2026-08-28T13:00,2026-08-28T12:00:00+00:00,19.9,59.0
London,2026-08-21T10:02:47.534299+00:00,2026-08-28T14:00,2026-08-28T13:00:00+00:00,19.9,63.0
London,2026-08-21T10:02:47.534299+00:00,2026-08-28T15:00,2026-08-28T14:00:00+00:00,19.6,68.0
London,2026-08-21T10:02:47.534299+00:00,2026-08-28T16:00,2026-08-28T15:00:00+00:00,19.0,71.0
London,2026-08-21T10:02:47.534299+00:00,2026-08-28T17:00,2026-08-28T16:00:00+00:00,18.3,74.0
London,2026-08-21T10:02:47.534299+00:00,2026-08-28T18:00,2026-08-28T17:00:00+00:00,17.6,76.0
London,2026-08-21T10:02:47.534299+00:00,2026-08-28T19:00,2026-08-28T18:00:00+00:00,17.1,75.0
London,2026-08-21T10:02:47.534299+00:00,2026-08-28T20:00,2026-08-28T19:00:00+00:00,16.8,69.0
London,2026-08-21T10:02:47.534299+00:00,2026-08-28T21:00,2026-08-28T20:00:00+00:00,16.6,61.0
London,2026-08-21T10:02:47.534299+00:00,2026-08-28T22:00,2026-08-28T21:00:00+00:00,16.4,52.0
London,2026-08-21T10:02:47.534299+00:00,2026-08-28T23:00,2026-08-28T22:00:00+00:00,16.2,43.0
London,2026-08-21T10:02:47.534299+00:00,2026-08-29T00:00,2026-08-28T23:00:00+00:00,16.0,33.0
London,2026-08-21T10:02:47.534299+00:00,2026-08-29T01:00,2026-08-29T00:00:00+00:00,15.9,25.0
London,2026-08-21T10:02:47.534299+00:00,2026-08-29T02:00,2026-08-29T01:00:00+00:00,15.7,20.0
London,2026-08-21T10:02:47.534299+00:00,2026-08-29T03:00,2026-08-29T02:00:00+00:00,15.4,16.0
London,2026-08-21T10:02:47.534299+00:00,2026-08-29T04:00,2026-08-29T03:00:00+00:00,15.1,13.0
London,2026-08-21T10:02:47.534299+00:00,2026-08-29T05:00,2026-08-29T04:00:00+00:00,15.0,11.0
London,2026-08-21T10:02:47.534299+00:00,2026-08-29T06:00,2026-08-29T05:00:00+00:00,15.0,10.0
London,2026-08-21T10:02:47.534299+00:00,2026-08-29T07:00,2026-08-29T06:00:00+00:00,15.3,10.0
London,2026-08-21T10:02:47.534299+00:00,2026-08-29T08:00,2026-08-29T07:00:00+00:00,16.0,11.0
London,2026-08-21T10:02:47.534299+00:00,2026-08-29T09:00,2026-08-29T08:00:00+00:00,17.1,13.0
London,2026-08-21T10:02:47.534299+00:00,2026-08-29T10:00,2026-08-29T09:00:00+00:00,18.4,15.0
London,2026-08-21T10:02:47.534299+00:00,2026-08-29T11:00,2026-08-29T10:00:00+00:00,19.7,18.0
London,2026-08-21T10:02:47.534299+00:00,2026-08-29T12:00,2026-08-29T11:00:00+00:00,20.7,21.0
London,2026-08-21T10:02:47.534299+00:00,2026-08-29T13:00,2026-08-29T12:00:00+00:00,21.3,25.0
London,2026-08-21T10:02:47.534299+00:00,2026-08-29T14:00,2026-08-29T13:00:00+00:00,21.5,31.0
London,2026-08-21T10:02:47.534299+00:00,2026-08-29T15:00,2026-08-29T14:00:00+00:00,21.3,38.0
London,2026-08-21T10:02:47.534299+00:00,2026-08-29T16:00,2026-08-29T15:00:00+00:00,20.9,44.0
London,2026-08-21T10:02:47.534299+00:00,2026-08-29T17:00,2026-08-29T16:00:00+00:00,20.4,50.0
London,2026-08-21T10:02:47.534299+00:00,2026-08-29T18:00,2026-08-29T17:00:00+00:00,19.8,55.0
London,2026-08-21T10:02:47.534299+00:00,2026-08-29T19:00,2026-08-29T18:00:00+00:00,19.3,57.0
London,2026-08-21T10:02:47.534299+00:00,2026-08-29T20:00,2026-08-29T19:00:00+00:00,18.7,54.0
London,2026-08-21T10:02:47.534299+00:00,2026-08-29T21:00,2026-08-29T20:00:00+00:00,18.0,47.0
London,2026-08-21T10:02:47.534299+00:00,2026-08-29T22:00,2026-08-29T21:00:00+00:00,17.2,40.0
London,2026-08-21T10:02:47.534299+00:00,2026-08-29T23:00,2026-08-29T22:00:00+00:00,16.5,32.0
London,2026-08-21T10:02:47.534299+00:00,2026-08-30T00:00,2026-08-29T23:00:00+00:00,15.8,24.0
London,2026-08-21T10:02:47.534299+00:00,2026-08-30T01:00,2026-08-30T00:00:00+00:00,15.2,18.0
London,2026-08-21T10:02:47.534299+00:00,2026-08-30T02:00,2026-08-30T01:00:00+00:00,14.6,15.0
London,2026-08-21T10:02:47.534299+00:00,2026-08-30T03:00,2026-08-30T02:00:00+00:00,14.0,14.0
London,2026-08-21T10:02:47.534299+00:00,2026-08-30T04:00,2026-08-30T03:00:00+00:00,13.5,14.0
London,2026-08-21T10:02:47.534299+00:00,2026-08-30T05:00,2026-08-30T04:00:00+00:00,13.1,14.0
London,2026-08-21T10:02:47.534299+00:00,2026-08-30T06:00,2026-08-30T05:00:00+00:00,13.0,15.0
London,2026-08-21T10:02:47.534299+00:00,2026-08-30T07:00,2026-08-30T06:00:00+00:00,13.2,16.0
London,2026-08-21T10:02:47.534299+00:00,2026-08-30T08:00,2026-08-30T07:00:00+00:00,14.0,18.0
London,2026-08-21T10:02:47.534299+00:00,2026-08-30T09:00,2026-08-30T08:00:00+00:00,15.3,20.0
London,2026-08-21T10:02:47.534299+00:00,2026-08-30T10:00,2026-08-30T09:00:00+00:00,16.9,22.0
London,2026-08-21T10:02:47.534299+00:00,2026-08-30T11:00,2026-08-30T10:00:00+00:00,18.5,25.0
London,2026-08-21T10:02:47.534299+00:00,2026-08-30T12:00,2026-08-30T11:00:00+00:00,19.8,28.0
London,2026-08-21T10:02:47.534299+00:00,2026-08-30T13:00,2026-08-30T12:00:00+00:00,20.5,31.0
London,2026-08-21T10:02:47.534299+00:00,2026-08-30T14:00,2026-08-30T13:00:00+00:00,20.7,35.0
London,2026-08-21T10:02:47.534299+00:00,2026-08-30T15:00,2026-08-30T14:00:00+00:00,20.5,40.0
London,2026-08-21T10:02:47.534299+00:00,2026-08-30T16:00,2026-08-30T15:00:00+00:00,20.0,44.0
London,2026-08-21T10:02:47.534299+00:00,2026-08-30T17:00,2026-08-30T16:00:00+00:00,19.3,48.0
London,2026-08-21T10:02:47.534299+00:00,2026-08-30T18:00,2026-08-30T17:00:00+00:00,18.7,51.0
London,2026-08-21T10:02:47.534299+00:00,2026-08-30T19:00,2026-08-30T18:00:00+00:00,18.1,51.0
London,2026-08-21T10:02:47.534299+00:00,2026-08-30T20:00,2026-08-30T19:00:00+00:00,17.6,47.0
London,2026-08-21T10:02:47.534299+00:00,2026-08-30T21:00,2026-08-30T20:00:00+00:00,17.1,39.0
London,2026-08-21T10:02:47.534299+00:00,2026-08-30T22:00,2026-08-30T21:00:00+00:00,16.5,32.0
London,2026-08-21T10:02:47.534299+00:00,2026-08-30T23:00,2026-08-30T22:00:00+00:00,15.9,25.0
London,2026-08-21T10:02:47.534299+00:00,2026-08-31T00:00,2026-08-30T23:00:00+00:00,15.5,17.0
London,2026-08-21T10:02:47.534299+00:00,2026-08-31T01:00,2026-08-31T00:00:00+00:00,15.2,12.0
London,2026-08-21T10:02:47.534299+00:00,2026-08-31T02:00,2026-08-31T01:00:00+00:00,15.0,10.0
London,2026-08-21T10:02:47.534299+00:00,2026-08-31T03:00,2026-08-31T02:00:00+00:00,14.8,11.0
London,2026-08-21T10:02:47.534299+00:00,2026-08-31T04:00,2026-08-31T03:00:00+00:00,14.8,12.0
London,2026-08-21T10:02:47.534299+00:00,2026-08-31T05:00,2026-08-31T04:00:00+00:00,14.8,14.0
London,2026-08-21T10:02:47.534299+00:00,2026-08-31T06:00,2026-08-31T05:00:00+00:00,15.1,16.0
London,2026-08-21T10:02:47.534299+00:00,2026-08-31T07:00,2026-08-31T06:00:00+00:00,15.4,18.0
London,2026-08-21T10:02:47.534299+00:00,2026-08-31T08:00,2026-08-31T07:00:00+00:00,16.1,18.0
London,2026-08-21T10:02:47.534299+00:00,2026-08-31T09:00,2026-08-31T08:00:00+00:00,17.1,18.0
London,2026-08-21T10:02:47.534299+00:00,2026-08-31T10:00,2026-08-31T09:00:00+00:00,18.2,18.0
London,2026-08-21T10:02:47.534299+00:00,2026-08-31T11:00,2026-08-31T10:00:00+00:00,19.3,18.0
London,2026-08-21T10:02:47.534299+00:00,2026-08-31T12:00,2026-08-31T11:00:00+00:00,20.2,19.0
London,2026-08-21T10:02:47.534299+00:00,2026-08-31T13:00,2026-08-31T12:00:00+00:00,20.7,22.0
London,2026-08-21T10:02:47.534299+00:00,2026-08-31T14:00,2026-08-31T13:00:00+00:00,20.9,29.0
London,2026-08-21T10:02:47.534299+00:00,2026-08-31T15:00,2026-08-31T14:00:00+00:00,20.7,37.0
London,2026-08-21T10:02:47.534299+00:00,2026-08-31T16:00,2026-08-31T15:00:00+00:00,20.4,45.0
London,2026-08-21T10:02:47.534299+00:00,2026-08-31T17:00,2026-08-31T16:00:00+00:00,19.9,52.0
London,2026-08-21T10:02:47.534299+00:00,2026-08-31T18:00,2026-08-31T17:00:00+00:00,19.4,59.0
London,2026-08-21T10:02:47.534299+00:00,2026-08-31T19:00,2026-08-31T18:00:00+00:00,18.8,61.0
London,2026-08-21T10:02:47.534299+00:00,2026-08-31T20:00,2026-08-31T19:00:00+00:00,18.2,57.0
London,2026-08-21T10:02:47.534299+00:00,2026-08-31T21:00,2026-08-31T20:00:00+00:00,17.5,49.0
London,2026-08-21T10:02:47.534299+00:00,2026-08-31T22:00,2026-08-31T21:00:00+00:00,16.7,41.0
London,2026-08-21T10:02:47.534299+00:00,2026-08-31T23:00,2026-08-31T22:00:00+00:00,15.9,32.0
London,2026-08-21T10:02:47.534299+00:00,2026-09-01T00:00,2026-08-31T23:00:00+00:00,15.2,23.0
London,2026-08-21T10:02:47.534299+00:00,2026-09-01T01:00,2026-09-01T00:00:00+00:00,14.7,16.0
London,2026-08-21T10:02:47.534299+00:00,2026-09-01T02:00,2026-09-01T01:00:00+00:00,14.2,14.0
London,2026-08-21T10:02:47.534299+00:00,2026-09-01T03:00,2026-09-01T02:00:00+00:00,13.7,14.0
London,2026-08-21T10:02:47.534299+00:00,2026-09-01T04:00,2026-09-01T03:00:00+00:00,13.2,15.0
London,2026-08-21T10:02:47.534299+00:00,2026-09-01T05:00,2026-09-01T04:00:00+00:00,13.0,16.0
London,2026-08-21T10:02:47.534299+00:00,2026-09-01T06:00,2026-09-01T05:00:00+00:00,12.9,18.0
London,2026-08-21T10:02:47.534299+00:00,2026-09-01T07:00,2026-09-01T06:00:00+00:00,13.3,20.0
London,2026-08-21T10:02:47.534299+00:00,2026-09-01T08:00,2026-09-01T07:00:00+00:00,14.1,21.0
London,2026-08-21T10:02:47.534299+00:00,2026-09-01T09:00,2026-09-01T08:00:00+00:00,15.5,21.0
London,2026-08-21T10:02:47.534299+00:00,2026-09-01T10:00,2026-09-01T09:00:00+00:00,17.1,22.0
London,2026-08-21T10:02:47.534299+00:00,2026-09-01T11:00,2026-09-01T10:00:00+00:00,18.8,23.0
London,2026-08-21T10:02:47.534299+00:00,2026-09-01T12:00,2026-09-01T11:00:00+00:00,20.2,23.0
London,2026-08-21T10:02:47.534299+00:00,2026-09-01T13:00,2026-09-01T12:00:00+00:00,21.1,25.0
London,2026-08-21T10:02:47.534299+00:00,2026-09-01T14:00,2026-09-01T13:00:00+00:00,21.5,28.0
London,2026-08-21T10:02:47.534299+00:00,2026-09-01T15:00,2026-09-01T14:00:00+00:00,21.7,32.0
London,2026-08-21T10:02:47.534299+00:00,2026-09-01T16:00,2026-09-01T15:00:00+00:00,21.6,35.0
London,2026-08-21T10:02:47.534299+00:00,2026-09-01T17:00,2026-09-01T16:00:00+00:00,21.3,38.0
London,2026-08-21T10:02:47.534299+00:00,2026-09-01T18:00,2026-09-01T17:00:00+00:00,20.9,40.0
London,2026-08-21T10:02:47.534299+00:00,2026-09-01T19:00,2026-09-01T18:00:00+00:00,20.4,41.0
London,2026-08-21T10:02:47.534299+00:00,2026-09-01T20:00,2026-09-01T19:00:00+00:00,19.8,39.0
London,2026-08-21T10:02:47.534299+00:00,2026-09-01T21:00,2026-09-01T20:00:00+00:00,18.9,35.0
London,2026-08-21T10:02:47.534299+00:00,2026-09-01T22:00,2026-09-01T21:00:00+00:00,17.9,31.0
London,2026-08-21T10:02:47.534299+00:00,2026-09-01T23:00,2026-09-01T22:00:00+00:00,16.8,27.0
London,2026-08-21T10:02:47.534299+00:00,2026-09-02T00:00,2026-09-01T23:00:00+00:00,15.9,22.0
London,2026-08-21T10:02:47.534299+00:00,2026-09-02T01:00,2026-09-02T00:00:00+00:00,15.1,18.0
London,2026-08-21T10:02:47.534299+00:00,2026-09-02T02:00,2026-09-02T01:00:00+00:00,14.4,16.0
London,2026-08-21T10:02:47.534299+00:00,2026-09-02T03:00,2026-09-02T02:00:00+00:00,13.6,15.0
London,2026-08-21T10:02:47.534299+00:00,2026-09-02T04:00,2026-09-02T03:00:00+00:00,12.9,14.0
London,2026-08-21T10:02:47.534299+00:00,2026-09-02T05:00,2026-09-02T04:00:00+00:00,12.4,14.0
London,2026-08-21T10:02:47.534299+00:00,2026-09-02T06:00,2026-09-02T05:00:00+00:00,12.2,14.0
London,2026-08-21T10:02:47.534299+00:00,2026-09-02T07:00,2026-09-02T06:00:00+00:00,12.5,14.0
London,2026-08-21T10:02:47.534299+00:00,2026-09-02T08:00,2026-09-02T07:00:00+00:00,13.3,15.0
London,2026-08-21T10:02:47.534299+00:00,2026-09-02T09:00,2026-09-02T08:00:00+00:00,14.7,16.0
London,2026-08-21T10:02:47.534299+00:00,2026-09-02T10:00,2026-09-02T09:00:00+00:00,16.5,17.0
London,2026-08-21T10:02:47.534299+00:00,2026-09-02T11:00,2026-09-02T10:00:00+00:00,18.2,18.0
London,2026-08-21T10:02:47.534299+00:00,2026-09-02T12:00,2026-09-02T11:00:00+00:00,19.7,20.0
London,2026-08-21T10:02:47.534299+00:00,2026-09-02T13:00,2026-09-02T12:00:00+00:00,20.8,22.0
London,2026-08-21T10:02:47.534299+00:00,2026-09-02T14:00,2026-09-02T13:00:00+00:00,21.3,25.0
London,2026-08-21T10:02:47.534299+00:00,2026-09-02T15:00,2026-09-02T14:00:00+00:00,21.7,29.0
London,2026-08-21T10:02:47.534299+00:00,2026-09-02T16:00,2026-09-02T15:00:00+00:00,21.8,33.0
London,2026-08-21T10:02:47.534299+00:00,2026-09-02T17:00,2026-09-02T16:00:00+00:00,21.7,36.0
London,2026-08-21T10:02:47.534299+00:00,2026-09-02T18:00,2026-09-02T17:00:00+00:00,21.4,39.0
London,2026-08-21T10:02:47.534299+00:00,2026-09-02T19:00,2026-09-02T18:00:00+00:00,20.9,39.0
London,2026-08-21T10:02:47.534299+00:00,2026-09-02T20:00,2026-09-02T19:00:00+00:00,20.1,36.0
London,2026-08-21T10:02:47.534299+00:00,2026-09-02T21:00,2026-09-02T20:00:00+00:00,19.0,32.0
London,2026-08-21T10:02:47.534299+00:00,2026-09-02T22:00,2026-09-02T21:00:00+00:00,17.6,27.0
London,2026-08-21T10:02:47.534299+00:00,2026-09-02T23:00,2026-09-02T22:00:00+00:00,16.3,22.0
London,2026-08-21T10:02:47.534299+00:00,2026-09-03T00:00,2026-09-02T23:00:00+00:00,15.1,17.0
London,2026-08-21T10:02:47.534299+00:00,2026-09-03T01:00,2026-09-03T00:00:00+00:00,14.4,14.0
London,2026-08-21T10:02:47.534299+00:00,2026-09-03T02:00,2026-09-03T01:00:00+00:00,14.1,14.0
London,2026-08-21T10:02:47.534299+00:00,2026-09-03T03:00,2026-09-03T02:00:00+00:00,14.0,15.0
London,2026-08-21T10:02:47.534299+00:00,2026-09-03T04:00,2026-09-03T03:00:00+00:00,14.1,17.0
London,2026-08-21T10:02:47.534299+00:00,2026-09-03T05:00,2026-09-03T04:00:00+00:00,14.5,19.0
London,2026-08-21T10:02:47.534299+00:00,2026-09-03T06:00,2026-09-03T05:00:00+00:00,15.0,21.0
London,2026-08-21T10:02:47.534299+00:00,2026-09-03T07:00,2026-09-03T06:00:00+00:00,15.6,22.0
London,2026-08-21T10:02:47.534299+00:00,2026-09-03T08:00,2026-09-03T07:00:00+00:00,16.6,22.0
London,2026-08-21T10:02:47.534299+00:00,2026-09-03T09:00,2026-09-03T08:00:00+00:00,18.0,21.0
London,2026-08-21T10:02:47.534299+00:00,2026-09-03T10:00,2026-09-03T09:00:00+00:00,19.6,20.0
London,2026-08-21T10:02:47.534299+00:00,2026-09-03T11:00,2026-09-03T10:00:00+00:00,21.2,19.0
London,2026-08-21T10:02:47.534299+00:00,2026-09-03T12:00,2026-09-03T11:00:00+00:00,22.4,19.0
London,2026-08-21T10:02:47.534299+00:00,2026-09-03T13:00,2026-09-03T12:00:00+00:00,23.3,20.0
London,2026-08-21T10:02:47.534299+00:00,2026-09-03T14:00,2026-09-03T13:00:00+00:00,23.6,23.0
London,2026-08-21T10:02:47.534299+00:00,2026-09-03T15:00,2026-09-03T14:00:00+00:00,23.6,26.0
London,2026-08-21T10:02:47.534299+00:00,2026-09-03T16:00,2026-09-03T15:00:00+00:00,23.3,30.0
London,2026-08-21T10:02:47.534299+00:00,2026-09-03T17:00,2026-09-03T16:00:00+00:00,22.9,34.0
London,2026-08-21T10:02:47.534299+00:00,2026-09-03T18:00,2026-09-03T17:00:00+00:00,22.4,37.0
London,2026-08-21T10:02:47.534299+00:00,2026-09-03T19:00,2026-09-03T18:00:00+00:00,21.9,39.0
London,2026-08-21T10:02:47.534299+00:00,2026-09-03T20:00,2026-09-03T19:00:00+00:00,21.3,39.0
London,2026-08-21T10:02:47.534299+00:00,2026-09-03T21:00,2026-09-03T20:00:00+00:00,20.4,36.0
London,2026-08-21T10:02:47.534299+00:00,2026-09-03T22:00,2026-09-03T21:00:00+00:00,19.6,34.0
London,2026-08-21T10:02:47.534299+00:00,2026-09-03T23:00,2026-09-03T22:00:00+00:00,18.7,31.0
London,2026-08-21T10:02:47.534299+00:00,2026-09-04T00:00,2026-09-03T23:00:00+00:00,17.9,28.0
London,2026-08-21T10:02:47.534299+00:00,2026-09-04T01:00,2026-09-04T00:00:00+00:00,17.3,25.0
London,2026-08-21T10:02:47.534299+00:00,2026-09-04T02:00,2026-09-04T01:00:00+00:00,16.8,24.0
London,2026-08-21T10:02:47.534299+00:00,2026-09-04T03:00,2026-09-04T02:00:00+00:00,16.5,23.0
London,2026-08-21T10:02:47.534299+00:00,2026-09-04T04:00,2026-09-04T03:00:00+00:00,16.2,22.0
London,2026-08-21T10:02:47.534299+00:00,2026-09-04T05:00,2026-09-04T04:00:00+00:00,16.0,21.0
London,2026-08-21T10:02:47.534299+00:00,2026-09-04T06:00,2026-09-04T05:00:00+00:00,16.0,20.0
London,2026-08-21T10:02:47.534299+00:00,2026-09-04T07:00,2026-09-04T06:00:00+00:00,16.2,20.0
London,2026-08-21T10:02:47.534299+00:00,2026-09-04T08:00,2026-09-04T07:00:00+00:00,16.7,20.0
London,2026-08-21T10:02:47.534299+00:00,2026-09-04T09:00,2026-09-04T08:00:00+00:00,17.5,21.0
London,2026-08-21T10:02:47.534299+00:00,2026-09-04T10:00,2026-09-04T09:00:00+00:00,18.4,21.0
London,2026-08-21T10:02:47.534299+00:00,2026-09-04T11:00,2026-09-04T10:00:00+00:00,19.4,21.0
London,2026-08-21T10:02:47.534299+00:00,2026-09-04T12:00,2026-09-04T11:00:00+00:00,20.2,22.0
London,2026-08-21T10:02:47.534299+00:00,2026-09-04T13:00,2026-09-04T12:00:00+00:00,20.7,22.0
London,2026-08-21T10:02:47.534299+00:00,2026-09-04T14:00,2026-09-04T13:00:00+00:00,20.9,22.0
London,2026-08-21T10:02:47.534299+00:00,2026-09-04T15:00,2026-09-04T14:00:00+00:00,21.0,22.0
London,2026-08-21T10:02:47.534299+00:00,2026-09-04T16:00,2026-09-04T15:00:00+00:00,20.9,
London,2026-08-21T10:02:47.534299+00:00,2026-09-04T17:00,2026-09-04T16:00:00+00:00,20.8,
London,2026-08-21T10:02:47.534299+00:00,2026-09-04T18:00,2026-09-04T17:00:00+00:00,20.5,
London,2026-08-21T10:02:47.534299+00:00,2026-09-04T19:00,2026-09-04T18:00:00+00:00,20.2,
London,2026-08-21T10:02:47.534299+00:00,2026-09-04T20:00,2026-09-04T19:00:00+00:00,19.8,
London,2026-08-21T10:02:47.534299+00:00,2026-09-04T21:00,2026-09-04T20:00:00+00:00,19.2,
London,2026-08-21T10:02:47.534299+00:00,2026-09-04T22:00,2026-09-04T21:00:00+00:00,18.5,
London,2026-08-21T10:02:47.534299+00:00,2026-09-04T23:00,2026-09-04T22:00:00+00:00,17.8,
London,2026-08-21T10:02:47.534299+00:00,2026-09-05T00:00,2026-09-04T23:00:00+00:00,17.2,
London,2026-08-21T10:02:47.534299+00:00,2026-09-05T01:00,2026-09-05T00:00:00+00:00,16.9,
London,2026-08-21T10:02:47.534299+00:00,2026-09-05T02:00,2026-09-05T01:00:00+00:00,16.7,
London,2026-08-21T10:02:47.534299+00:00,2026-09-05T03:00,2026-09-05T02:00:00+00:00,16.8,
London,2026-08-21T10:02:47.534299+00:00,2026-09-05T04:00,2026-09-05T03:00:00+00:00,,
London,2026-08-21T10:02:47.534299+00:00,2026-09-05T05:00,2026-09-05T04:00:00+00:00,,
London,2026-08-21T10:02:47.534299+00:00,2026-09-05T06:00,2026-09-05T05:00:00+00:00,,
London,2026-08-21T10:02:47.534299+00:00,2026-09-05T07:00,2026-09-05T06:00:00+00:00,,
London,2026-08-21T10:02:47.534299+00:00,2026-09-05T08:00,2026-09-05T07:00:00+00:00,,
London,2026-08-21T10:02:47.534299+00:00,2026-09-05T09:00,2026-09-05T08:00:00+00:00,,
London,2026-08-21T10:02:47.534299+00:00,2026-09-05T10:00,2026-09-05T09:00:00+00:00,,
London,2026-08-21T10:02:47.534299+00:00,2026-09-05T11:00,2026-09-05T10:00:00+00:00,,
London,2026-08-21T10:02:47.534299+00:00,2026-09-05T12:00,2026-09-05T11:00:00+00:00,,
London,2026-08-21T10:02:47.534299+00:00,2026-09-05T13:00,2026-09-05T12:00:00+00:00,,
London,2026-08-21T10:02:47.534299+00:00,2026-09-05T14:00,2026-09-05T13:00:00+00:00,,
London,2026-08-21T10:02:47.534299+00:00,2026-09-05T15:00,2026-09-05T14:00:00+00:00,,
London,2026-08-21T10:02:47.534299+00:00,2026-09-05T16:00,2026-09-05T15:00:00+00:00,,
London,2026-08-21T10:02:47.534299+00:00,2026-09-05T17:00,2026-09-05T16:00:00+00:00,,
London,2026-08-21T10:02:47.534299+00:00,2026-09-05T18:00,2026-09-05T17:00:00+00:00,,
London,2026-08-21T10:02:47.534299+00:00,2026-09-05T19:00,2026-09-05T18:00:00+00:00,,
London,2026-08-21T10:02:47.534299+00:00,2026-09-05T20:00,2026-09-05T19:00:00+00:00,,
London,2026-08-21T10:02:47.534299+00:00,2026-09-05T21:00,2026-09-05T20:00:00+00:00,,
London,2026-08-21T10:02:47.534299+00:00,2026-09-05T22:00,2026-09-05T21:00:00+00:00,,
London,2026-08-21T10:02:47.534299+00:00,2026-09-05T23:00,2026-09-05T22:00:00+00:00,,
London,2026-08-21T10:56:56.491785+00:00,2026-08-21T00:00,2026-08-20T23:00:00+00:00,16.1,13.0
London,2026-08-21T10:56:56.491785+00:00,2026-08-21T01:00,2026-08-21T00:00:00+00:00,15.8,0.0
London,2026-08-21T10:56:56.491785+00:00,2026-08-21T02:00,2026-08-21T01:00:00+00:00,15.5,0.0
London,2026-08-21T10:56:56.491785+00:00,2026-08-21T03:00,2026-08-21T02:00:00+00:00,15.4,0.0
London,2026-08-21T10:56:56.491785+00:00,2026-08-21T04:00,2026-08-21T03:00:00+00:00,15.4,0.0
London,2026-08-21T10:56:56.491785+00:00,2026-08-21T05:00,2026-08-21T04:00:00+00:00,15.0,0.0
London,2026-08-21T10:56:56.491785+00:00,2026-08-21T06:00,2026-08-21T05:00:00+00:00,14.7,0.0
London,2026-08-21T10:56:56.491785+00:00,2026-08-21T07:00,2026-08-21T06:00:00+00:00,14.6,0.0
London,2026-08-21T10:56:56.491785+00:00,2026-08-21T08:00,2026-08-21T07:00:00+00:00,14.9,0.0
London,2026-08-21T10:56:56.491785+00:00,2026-08-21T09:00,2026-08-21T08:00:00+00:00,16.0,0.0
London,2026-08-21T10:56:56.491785+00:00,2026-08-21T10:00,2026-08-21T09:00:00+00:00,17.3,0.0
London,2026-08-21T10:56:56.491785+00:00,2026-08-21T11:00,2026-08-21T10:00:00+00:00,18.2,0.0
London,2026-08-21T10:56:56.491785+00:00,2026-08-21T12:00,2026-08-21T11:00:00+00:00,19.3,0.0
London,2026-08-21T10:56:56.491785+00:00,2026-08-21T13:00,2026-08-21T12:00:00+00:00,20.1,0.0
London,2026-08-21T10:56:56.491785+00:00,2026-08-21T14:00,2026-08-21T13:00:00+00:00,20.4,3.0
London,2026-08-21T10:56:56.491785+00:00,2026-08-21T15:00,2026-08-21T14:00:00+00:00,20.3,7.0
London,2026-08-21T10:56:56.491785+00:00,2026-08-21T16:00,2026-08-21T15:00:00+00:00,20.7,14.0
London,2026-08-21T10:56:56.491785+00:00,2026-08-21T17:00,2026-08-21T16:00:00+00:00,20.8,26.0
London,2026-08-21T10:56:56.491785+00:00,2026-08-21T18:00,2026-08-21T17:00:00+00:00,20.6,40.0
London,2026-08-21T10:56:56.491785+00:00,2026-08-21T19:00,2026-08-21T18:00:00+00:00,19.9,47.0
London,2026-08-21T10:56:56.491785+00:00,2026-08-21T20:00,2026-08-21T19:00:00+00:00,18.1,40.0
London,2026-08-21T10:56:56.491785+00:00,2026-08-21T21:00,2026-08-21T20:00:00+00:00,16.7,26.0
London,2026-08-21T10:56:56.491785+00:00,2026-08-21T22:00,2026-08-21T21:00:00+00:00,15.6,14.0
London,2026-08-21T10:56:56.491785+00:00,2026-08-21T23:00,2026-08-21T22:00:00+00:00,15.3,7.0
London,2026-08-21T10:56:56.491785+00:00,2026-08-22T00:00,2026-08-21T23:00:00+00:00,15.2,3.0
London,2026-08-21T10:56:56.491785+00:00,2026-08-22T01:00,2026-08-22T00:00:00+00:00,15.1,0.0
London,2026-08-21T10:56:56.491785+00:00,2026-08-22T02:00,2026-08-22T01:00:00+00:00,14.5,0.0
London,2026-08-21T10:56:56.491785+00:00,2026-08-22T03:00,2026-08-22T02:00:00+00:00,14.0,0.0
London,2026-08-21T10:56:56.491785+00:00,2026-08-22T04:00,2026-08-22T03:00:00+00:00,13.6,0.0
London,2026-08-21T10:56:56.491785+00:00,2026-08-22T05:00,2026-08-22T04:00:00+00:00,13.1,1.0
London,2026-08-21T10:56:56.491785+00:00,2026-08-22T06:00,2026-08-22T05:00:00+00:00,12.8,2.0
London,2026-08-21T10:56:56.491785+00:00,2026-08-22T07:00,2026-08-22T06:00:00+00:00,12.8,2.0
London,2026-08-21T10:56:56.491785+00:00,2026-08-22T08:00,2026-08-22T07:00:00+00:00,13.5,2.0
London,2026-08-21T10:56:56.491785+00:00,2026-08-22T09:00,2026-08-22T08:00:00+00:00,14.9,1.0
London,2026-08-21T10:56:56.491785+00:00,2026-08-22T10:00,2026-08-22T09:00:00+00:00,16.5,0.0
London,2026-08-21T10:56:56.491785+00:00,2026-08-22T11:00,2026-08-22T10:00:00+00:00,17.8,0.0
London,2026-08-21T10:56:56.491785+00:00,2026-08-22T12:00,2026-08-22T11:00:00+00:00,18.6,0.0
London,2026-08-21T10:56:56.491785+00:00,2026-08-22T13:00,2026-08-22T12:00:00+00:00,19.3,0.0
London,2026-08-21T10:56:56.491785+00:00,2026-08-22T14:00,2026-08-22T13:00:00+00:00,19.9,0.0
London,2026-08-21T10:56:56.491785+00:00,2026-08-22T15:00,2026-08-22T14:00:00+00:00,20.1,0.0
London,2026-08-21T10:56:56.491785+00:00,2026-08-22T16:00,2026-08-22T15:00:00+00:00,20.5,0.0
London,2026-08-21T10:56:56.491785+00:00,2026-08-22T17:00,2026-08-22T16:00:00+00:00,20.6,0.0
London,2026-08-21T10:56:56.491785+00:00,2026-08-22T18:00,2026-08-22T17:00:00+00:00,20.5,0.0
London,2026-08-21T10:56:56.491785+00:00,2026-08-22T19:00,2026-08-22T18:00:00+00:00,20.3,0.0
London,2026-08-21T10:56:56.491785+00:00,2026-08-22T20:00,2026-08-22T19:00:00+00:00,19.8,0.0
London,2026-08-21T10:56:56.491785+00:00,2026-08-22T21:00,2026-08-22T20:00:00+00:00,19.2,0.0
London,2026-08-21T10:56:56.491785+00:00,2026-08-22T22:00,2026-08-22T21:00:00+00:00,18.4,0.0
London,2026-08-21T10:56:56.491785+00:00,2026-08-22T23:00,2026-08-22T22:00:00+00:00,17.6,0.0
London,2026-08-21T10:56:56.491785+00:00,2026-08-23T00:00,2026-08-22T23:00:00+00:00,17.1,0.0
London,2026-08-21T10:56:56.491785+00:00,2026-08-23T01:00,2026-08-23T00:00:00+00:00,17.1,0.0
London,2026-08-21T10:56:56.491785+00:00,2026-08-23T02:00,2026-08-23T01:00:00+00:00,16.7,0.0
London,2026-08-21T10:56:56.491785+00:00,2026-08-23T03:00,2026-08-23T02:00:00+00:00,16.3,0.0
London,2026-08-21T10:56:56.491785+00:00,2026-08-23T04:00,2026-08-23T03:00:00+00:00,15.9,0.0
London,2026-08-21T10:56:56.491785+00:00,2026-08-23T05:00,2026-08-23T04:00:00+00:00,15.7,0.0
London,2026-08-21T10:56:56.491785+00:00,2026-08-23T06:00,2026-08-23T05:00:00+00:00,15.4,0.0
London,2026-08-21T10:56:56.491785+00:00,2026-08-23T07:00,2026-08-23T06:00:00+00:00,15.6,0.0
London,2026-08-21T10:56:56.491785+00:00,2026-08-23T08:00,2026-08-23T07:00:00+00:00,16.3,0.0
London,2026-08-21T10:56:56.491785+00:00,2026-08-23T09:00,2026-08-23T08:00:00+00:00,17.0,0.0
London,2026-08-21T10:56:56.491785+00:00,2026-08-23T10:00,2026-08-23T09:00:00+00:00,18.4,0.0
London,2026-08-21T10:56:56.491785+00:00,2026-08-23T11:00,2026-08-23T10:00:00+00:00,19.2,0.0
London,2026-08-21T10:56:56.491785+00:00,2026-08-23T12:00,2026-08-23T11:00:00+00:00,19.8,0.0
London,2026-08-21T10:56:56.491785+00:00,2026-08-23T13:00,2026-08-23T12:00:00+00:00,20.4,0.0
London,2026-08-21T10:56:56.491785+00:00,2026-08-23T14:00,2026-08-23T13:00:00+00:00,20.8,0.0
London,2026-08-21T10:56:56.491785+00:00,2026-08-23T15:00,2026-08-23T14:00:00+00:00,21.3,0.0
London,2026-08-21T10:56:56.491785+00:00,2026-08-23T16:00,2026-08-23T15:00:00+00:00,21.6,0.0
London,2026-08-21T10:56:56.491785+00:00,2026-08-23T17:00,2026-08-23T16:00:00+00:00,22.0,0.0
London,2026-08-21T10:56:56.491785+00:00,2026-08-23T18:00,2026-08-23T17:00:00+00:00,22.3,0.0
London,2026-08-21T10:56:56.491785+00:00,2026-08-23T19:00,2026-08-23T18:00:00+00:00,22.3,0.0
London,2026-08-21T10:56:56.491785+00:00,2026-08-23T20:00,2026-08-23T19:00:00+00:00,21.7,0.0
London,2026-08-21T10:56:56.491785+00:00,2026-08-23T21:00,2026-08-23T20:00:00+00:00,20.8,0.0
London,2026-08-21T10:56:56.491785+00:00,2026-08-23T22:00,2026-08-23T21:00:00+00:00,19.9,0.0
London,2026-08-21T10:56:56.491785+00:00,2026-08-23T23:00,2026-08-23T22:00:00+00:00,19.2,0.0
London,2026-08-21T10:56:56.491785+00:00,2026-08-24T00:00,2026-08-23T23:00:00+00:00,18.5,0.0
London,2026-08-21T10:56:56.491785+00:00,2026-08-24T01:00,2026-08-24T00:00:00+00:00,17.9,0.0
London,2026-08-21T10:56:56.491785+00:00,2026-08-24T02:00,2026-08-24T01:00:00+00:00,17.5,0.0
London,2026-08-21T10:56:56.491785+00:00,2026-08-24T03:00,2026-08-24T02:00:00+00:00,17.1,0.0
London,2026-08-21T10:56:56.491785+00:00,2026-08-24T04:00,2026-08-24T03:00:00+00:00,16.8,0.0
London,2026-08-21T10:56:56.491785+00:00,2026-08-24T05:00,2026-08-24T04:00:00+00:00,16.3,0.0
London,2026-08-21T10:56:56.491785+00:00,2026-08-24T06:00,2026-08-24T05:00:00+00:00,15.8,0.0
London,2026-08-21T10:56:56.491785+00:00,2026-08-24T07:00,2026-08-24T06:00:00+00:00,15.7,0.0
London,2026-08-21T10:56:56.491785+00:00,2026-08-24T08:00,2026-08-24T07:00:00+00:00,16.4,0.0
London,2026-08-21T10:56:56.491785+00:00,2026-08-24T09:00,2026-08-24T08:00:00+00:00,17.5,0.0
London,2026-08-21T10:56:56.491785+00:00,2026-08-24T10:00,2026-08-24T09:00:00+00:00,18.5,0.0
London,2026-08-21T10:56:56.491785+00:00,2026-08-24T11:00,2026-08-24T10:00:00+00:00,19.2,1.0
London,2026-08-21T10:56:56.491785+00:00,2026-08-24T12:00,2026-08-24T11:00:00+00:00,19.8,2.0
London,2026-08-21T10:56:56.491785+00:00,2026-08-24T13:00,2026-08-24T12:00:00+00:00,20.3,2.0
London,2026-08-21T10:56:56.491785+00:00,2026-08-24T14:00,2026-08-24T13:00:00+00:00,20.6,1.0
London,2026-08-21T10:56:56.491785+00:00,2026-08-24T15:00,2026-08-24T14:00:00+00:00,20.7,0.0
London,2026-08-21T10:56:56.491785+00:00,2026-08-24T16:00,2026-08-24T15:00:00+00:00,20.7,0.0
London,2026-08-21T10:56:56.491785+00:00,2026-08-24T17:00,2026-08-24T16:00:00+00:00,20.5,1.0
London,2026-08-21T10:56:56.491785+00:00,2026-08-24T18:00,2026-08-24T17:00:00+00:00,20.2,3.0
London,2026-08-21T10:56:56.491785+00:00,2026-08-24T19:00,2026-08-24T18:00:00+00:00,19.9,4.0
London,2026-08-21T10:56:56.491785+00:00,2026-08-24T20:00,2026-08-24T19:00:00+00:00,19.6,3.0
London,2026-08-21T10:56:56.491785+00:00,2026-08-24T21:00,2026-08-24T20:00:00+00:00,19.4,1.0
London,2026-08-21T10:56:56.491785+00:00,2026-08-24T22:00,2026-08-24T21:00:00+00:00,19.3,0.0
London,2026-08-21T10:56:56.491785+00:00,2026-08-24T23:00,2026-08-24T22:00:00+00:00,19.2,1.0
London,2026-08-21T10:56:56.491785+00:00,2026-08-25T00:00,2026-08-24T23:00:00+00:00,19.1,2.0
London,2026-08-21T10:56:56.491785+00:00,2026-08-25T01:00,2026-08-25T00:00:00+00:00,19.0,4.0
London,2026-08-21T10:56:56.491785+00:00,2026-08-25T02:00,2026-08-25T01:00:00+00:00,18.8,5.0
London,2026-08-21T10:56:56.491785+00:00,2026-08-25T03:00,2026-08-25T02:00:00+00:00,18.5,6.0
London,2026-08-21T10:56:56.491785+00:00,2026-08-25T04:00,2026-08-25T03:00:00+00:00,18.3,8.0
London,2026-08-21T10:56:56.491785+00:00,2026-08-25T05:00,2026-08-25T04:00:00+00:00,17.8,11.0
London,2026-08-21T10:56:56.491785+00:00,2026-08-25T06:00,2026-08-25T05:00:00+00:00,17.4,14.0
London,2026-08-21T10:56:56.491785+00:00,2026-08-25T07:00,2026-08-25T06:00:00+00:00,17.2,16.0
London,2026-08-21T10:56:56.491785+00:00,2026-08-25T08:00,2026-08-25T07:00:00+00:00,17.7,15.0
London,2026-08-21T10:56:56.491785+00:00,2026-08-25T09:00,2026-08-25T08:00:00+00:00,18.4,12.0
London,2026-08-21T10:56:56.491785+00:00,2026-08-25T10:00,2026-08-25T09:00:00+00:00,19.1,10.0
London,2026-08-21T10:56:56.491785+00:00,2026-08-25T11:00,2026-08-25T10:00:00+00:00,19.7,10.0
London,2026-08-21T10:56:56.491785+00:00,2026-08-25T12:00,2026-08-25T11:00:00+00:00,20.2,11.0
London,2026-08-21T10:56:56.491785+00:00,2026-08-25T13:00,2026-08-25T12:00:00+00:00,20.7,12.0
London,2026-08-21T10:56:56.491785+00:00,2026-08-25T14:00,2026-08-25T13:00:00+00:00,21.2,12.0
London,2026-08-21T10:56:56.491785+00:00,2026-08-25T15:00,2026-08-25T14:00:00+00:00,21.6,12.0
London,2026-08-21T10:56:56.491785+00:00,2026-08-25T16:00,2026-08-25T15:00:00+00:00,22.0,12.0
London,2026-08-21T10:56:56.491785+00:00,2026-08-25T17:00,2026-08-25T16:00:00+00:00,22.4,12.0
London,2026-08-21T10:56:56.491785+00:00,2026-08-25T18:00,2026-08-25T17:00:00+00:00,22.8,12.0
London,2026-08-21T10:56:56.491785+00:00,2026-08-25T19:00,2026-08-25T18:00:00+00:00,22.8,12.0
London,2026-08-21T10:56:56.491785+00:00,2026-08-25T20:00,2026-08-25T19:00:00+00:00,21.9,12.0
London,2026-08-21T10:56:56.491785+00:00,2026-08-25T21:00,2026-08-25T20:00:00+00:00,20.6,13.0
London,2026-08-21T10:56:56.491785+00:00,2026-08-25T22:00,2026-08-25T21:00:00+00:00,19.6,14.0
London,2026-08-21T10:56:56.491785+00:00,2026-08-25T23:00,2026-08-25T22:00:00+00:00,19.2,16.0
London,2026-08-21T10:56:56.491785+00:00,2026-08-26T00:00,2026-08-25T23:00:00+00:00,19.1,19.0
London,2026-08-21T10:56:56.491785+00:00,2026-08-26T01:00,2026-08-26T00:00:00+00:00,19.0,22.0
London,2026-08-21T10:56:56.491785+00:00,2026-08-26T02:00,2026-08-26T01:00:00+00:00,18.7,24.0
London,2026-08-21T10:56:56.491785+00:00,2026-08-26T03:00,2026-08-26T02:00:00+00:00,18.4,26.0
London,2026-08-21T10:56:56.491785+00:00,2026-08-26T04:00,2026-08-26T03:00:00+00:00,18.2,27.0
London,2026-08-21T10:56:56.491785+00:00,2026-08-26T05:00,2026-08-26T04:00:00+00:00,18.0,27.0
London,2026-08-21T10:56:56.491785+00:00,2026-08-26T06:00,2026-08-26T05:00:00+00:00,17.9,26.0
London,2026-08-21T10:56:56.491785+00:00,2026-08-26T07:00,2026-08-26T06:00:00+00:00,18.0,24.0
London,2026-08-21T10:56:56.491785+00:00,2026-08-26T08:00,2026-08-26T07:00:00+00:00,18.3,21.0
London,2026-08-21T10:56:56.491785+00:00,2026-08-26T09:00,2026-08-26T08:00:00+00:00,18.9,18.0
London,2026-08-21T10:56:56.491785+00:00,2026-08-26T10:00,2026-08-26T09:00:00+00:00,19.6,16.0
London,2026-08-21T10:56:56.491785+00:00,2026-08-26T11:00,2026-08-26T10:00:00+00:00,20.8,18.0
London,2026-08-21T10:56:56.491785+00:00,2026-08-26T12:00,2026-08-26T11:00:00+00:00,22.3,22.0
London,2026-08-21T10:56:56.491785+00:00,2026-08-26T13:00,2026-08-26T12:00:00+00:00,23.5,25.0
London,2026-08-21T10:56:56.491785+00:00,2026-08-26T14:00,2026-08-26T13:00:00+00:00,24.4,25.0
London,2026-08-21T10:56:56.491785+00:00,2026-08-26T15:00,2026-08-26T14:00:00+00:00,25.1,24.0
London,2026-08-21T10:56:56.491785+00:00,2026-08-26T16:00,2026-08-26T15:00:00+00:00,25.4,22.0
London,2026-08-21T10:56:56.491785+00:00,2026-08-26T17:00,2026-08-26T16:00:00+00:00,25.5,19.0
London,2026-08-21T10:56:56.491785+00:00,2026-08-26T18:00,2026-08-26T17:00:00+00:00,25.2,15.0
London,2026-08-21T10:56:56.491785+00:00,2026-08-26T19:00,2026-08-26T18:00:00+00:00,24.7,14.0
London,2026-08-21T10:56:56.491785+00:00,2026-08-26T20:00,2026-08-26T19:00:00+00:00,24.0,20.0
London,2026-08-21T10:56:56.491785+00:00,2026-08-26T21:00,2026-08-26T20:00:00+00:00,23.0,29.0
London,2026-08-21T10:56:56.491785+00:00,2026-08-26T22:00,2026-08-26T21:00:00+00:00,22.2,37.0
London,2026-08-21T10:56:56.491785+00:00,2026-08-26T23:00,2026-08-26T22:00:00+00:00,21.9,43.0
London,2026-08-21T10:56:56.491785+00:00,2026-08-27T00:00,2026-08-26T23:00:00+00:00,21.1,47.0
London,2026-08-21T10:56:56.491785+00:00,2026-08-27T01:00,2026-08-27T00:00:00+00:00,20.5,51.0
London,2026-08-21T10:56:56.491785+00:00,2026-08-27T02:00,2026-08-27T01:00:00+00:00,20.0,53.0
London,2026-08-21T10:56:56.491785+00:00,2026-08-27T03:00,2026-08-27T02:00:00+00:00,19.6,54.0
London,2026-08-21T10:56:56.491785+00:00,2026-08-27T04:00,2026-08-27T03:00:00+00:00,19.2,55.0
London,2026-08-21T10:56:56.491785+00:00,2026-08-27T05:00,2026-08-27T04:00:00+00:00,18.9,55.0
London,2026-08-21T10:56:56.491785+00:00,2026-08-27T06:00,2026-08-27T05:00:00+00:00,18.8,55.0
London,2026-08-21T10:56:56.491785+00:00,2026-08-27T07:00,2026-08-27T06:00:00+00:00,18.9,55.0
London,2026-08-21T10:56:56.491785+00:00,2026-08-27T08:00,2026-08-27T07:00:00+00:00,19.2,54.0
London,2026-08-21T10:56:56.491785+00:00,2026-08-27T09:00,2026-08-27T08:00:00+00:00,19.8,54.0
London,2026-08-21T10:56:56.491785+00:00,2026-08-27T10:00,2026-08-27T09:00:00+00:00,20.5,53.0
London,2026-08-21T10:56:56.491785+00:00,2026-08-27T11:00,2026-08-27T10:00:00+00:00,21.2,52.0
London,2026-08-21T10:56:56.491785+00:00,2026-08-27T12:00,2026-08-27T11:00:00+00:00,21.9,51.0
London,2026-08-21T10:56:56.491785+00:00,2026-08-27T13:00,2026-08-27T12:00:00+00:00,22.4,51.0
London,2026-08-21T10:56:56.491785+00:00,2026-08-27T14:00,2026-08-27T13:00:00+00:00,22.8,51.0
London,2026-08-21T10:56:56.491785+00:00,2026-08-27T15:00,2026-08-27T14:00:00+00:00,23.1,52.0
London,2026-08-21T10:56:56.491785+00:00,2026-08-27T16:00,2026-08-27T15:00:00+00:00,23.4,53.0
London,2026-08-21T10:56:56.491785+00:00,2026-08-27T17:00,2026-08-27T16:00:00+00:00,23.5,54.0
London,2026-08-21T10:56:56.491785+00:00,2026-08-27T18:00,2026-08-27T17:00:00+00:00,23.6,54.0
London,2026-08-21T10:56:56.491785+00:00,2026-08-27T19:00,2026-08-27T18:00:00+00:00,23.4,53.0
London,2026-08-21T10:56:56.491785+00:00,2026-08-27T20:00,2026-08-27T19:00:00+00:00,23.1,49.0
London,2026-08-21T10:56:56.491785+00:00,2026-08-27T21:00,2026-08-27T20:00:00+00:00,22.4,44.0
London,2026-08-21T10:56:56.491785+00:00,2026-08-27T22:00,2026-08-27T21:00:00+00:00,21.7,39.0
London,2026-08-21T10:56:56.491785+00:00,2026-08-27T23:00,2026-08-27T22:00:00+00:00,19.8,34.0
London,2026-08-21T10:56:56.491785+00:00,2026-08-28T00:00,2026-08-27T23:00:00+00:00,18.0,30.0
London,2026-08-21T10:56:56.491785+00:00,2026-08-28T01:00,2026-08-28T00:00:00+00:00,16.3,27.0
London,2026-08-21T10:56:56.491785+00:00,2026-08-28T02:00,2026-08-28T01:00:00+00:00,14.6,27.0
London,2026-08-21T10:56:56.491785+00:00,2026-08-28T03:00,2026-08-28T02:00:00+00:00,14.2,28.0
London,2026-08-21T10:56:56.491785+00:00,2026-08-28T04:00,2026-08-28T03:00:00+00:00,13.8,30.0
London,2026-08-21T10:56:56.491785+00:00,2026-08-28T05:00,2026-08-28T04:00:00+00:00,13.6,33.0
London,2026-08-21T10:56:56.491785+00:00,2026-08-28T06:00,2026-08-28T05:00:00+00:00,13.6,36.0
London,2026-08-21T10:56:56.491785+00:00,2026-08-28T07:00,2026-08-28T06:00:00+00:00,13.8,39.0
London,2026-08-21T10:56:56.491785+00:00,2026-08-28T08:00,2026-08-28T07:00:00+00:00,14.5,42.0
London,2026-08-21T10:56:56.491785+00:00,2026-08-28T09:00,2026-08-28T08:00:00+00:00,15.6,46.0
London,2026-08-21T10:56:56.491785+00:00,2026-08-28T10:00,2026-08-28T09:00:00+00:00,16.9,49.0
London,2026-08-21T10:56:56.491785+00:00,2026-08-28T11:00,2026-08-28T10:00:00+00:00,18.2,52.0
London,2026-08-21T10:56:56.491785+00:00,2026-08-28T12:00,2026-08-28T11:00:00+00:00,19.3,56.0
London,2026-08-21T10:56:56.491785+00:00,2026-08-28T13:00,2026-08-28T12:00:00+00:00,19.9,59.0
London,2026-08-21T10:56:56.491785+00:00,2026-08-28T14:00,2026-08-28T13:00:00+00:00,19.9,63.0
London,2026-08-21T10:56:56.491785+00:00,2026-08-28T15:00,2026-08-28T14:00:00+00:00,19.6,68.0
London,2026-08-21T10:56:56.491785+00:00,2026-08-28T16:00,2026-08-28T15:00:00+00:00,19.0,71.0
London,2026-08-21T10:56:56.491785+00:00,2026-08-28T17:00,2026-08-28T16:00:00+00:00,18.3,74.0
London,2026-08-21T10:56:56.491785+00:00,2026-08-28T18:00,2026-08-28T17:00:00+00:00,17.6,76.0
London,2026-08-21T10:56:56.491785+00:00,2026-08-28T19:00,2026-08-28T18:00:00+00:00,17.1,75.0
London,2026-08-21T10:56:56.491785+00:00,2026-08-28T20:00,2026-08-28T19:00:00+00:00,16.8,69.0
London,2026-08-21T10:56:56.491785+00:00,2026-08-28T21:00,2026-08-28T20:00:00+00:00,16.6,61.0
London,2026-08-21T10:56:56.491785+00:00,2026-08-28T22:00,2026-08-28T21:00:00+00:00,16.4,52.0
London,2026-08-21T10:56:56.491785+00:00,2026-08-28T23:00,2026-08-28T22:00:00+00:00,16.2,43.0
London,2026-08-21T10:56:56.491785+00:00,2026-08-29T00:00,2026-08-28T23:00:00+00:00,16.0,33.0
London,2026-08-21T10:56:56.491785+00:00,2026-08-29T01:00,2026-08-29T00:00:00+00:00,15.9,25.0
London,2026-08-21T10:56:56.491785+00:00,2026-08-29T02:00,2026-08-29T01:00:00+00:00,15.7,20.0
London,2026-08-21T10:56:56.491785+00:00,2026-08-29T03:00,2026-08-29T02:00:00+00:00,15.4,16.0
London,2026-08-21T10:56:56.491785+00:00,2026-08-29T04:00,2026-08-29T03:00:00+00:00,15.1,13.0
London,2026-08-21T10:56:56.491785+00:00,2026-08-29T05:00,2026-08-29T04:00:00+00:00,15.0,11.0
London,2026-08-21T10:56:56.491785+00:00,2026-08-29T06:00,2026-08-29T05:00:00+00:00,15.0,10.0
London,2026-08-21T10:56:56.491785+00:00,2026-08-29T07:00,2026-08-29T06:00:00+00:00,15.3,10.0
London,2026-08-21T10:56:56.491785+00:00,2026-08-29T08:00,2026-08-29T07:00:00+00:00,16.0,11.0
London,2026-08-21T10:56:56.491785+00:00,2026-08-29T09:00,2026-08-29T08:00:00+00:00,17.1,13.0
London,2026-08-21T10:56:56.491785+00:00,2026-08-29T10:00,2026-08-29T09:00:00+00:00,18.4,15.0
London,2026-08-21T10:56:56.491785+00:00,2026-08-29T11:00,2026-08-29T10:00:00+00:00,19.7,18.0
London,2026-08-21T10:56:56.491785+00:00,2026-08-29T12:00,2026-08-29T11:00:00+00:00,20.7,21.0
London,2026-08-21T10:56:56.491785+00:00,2026-08-29T13:00,2026-08-29T12:00:00+00:00,21.3,25.0
London,2026-08-21T10:56:56.491785+00:00,2026-08-29T14:00,2026-08-29T13:00:00+00:00,21.5,31.0
London,2026-08-21T10:56:56.491785+00:00,2026-08-29T15:00,2026-08-29T14:00:00+00:00,21.3,38.0
London,2026-08-21T10:56:56.491785+00:00,2026-08-29T16:00,2026-08-29T15:00:00+00:00,20.9,44.0
London,2026-08-21T10:56:56.491785+00:00,2026-08-29T17:00,2026-08-29T16:00:00+00:00,20.4,50.0
London,2026-08-21T10:56:56.491785+00:00,2026-08-29T18:00,2026-08-29T17:00:00+00:00,19.8,55.0
London,2026-08-21T10:56:56.491785+00:00,2026-08-29T19:00,2026-08-29T18:00:00+00:00,19.3,57.0
London,2026-08-21T10:56:56.491785+00:00,2026-08-29T20:00,2026-08-29T19:00:00+00:00,18.7,54.0
London,2026-08-21T10:56:56.491785+00:00,2026-08-29T21:00,2026-08-29T20:00:00+00:00,18.0,47.0
London,2026-08-21T10:56:56.491785+00:00,2026-08-29T22:00,2026-08-29T21:00:00+00:00,17.2,40.0
London,2026-08-21T10:56:56.491785+00:00,2026-08-29T23:00,2026-08-29T22:00:00+00:00,16.5,32.0
London,2026-08-21T10:56:56.491785+00:00,2026-08-30T00:00,2026-08-29T23:00:00+00:00,15.8,24.0
London,2026-08-21T10:56:56.491785+00:00,2026-08-30T01:00,2026-08-30T00:00:00+00:00,15.2,18.0
London,2026-08-21T10:56:56.491785+00:00,2026-08-30T02:00,2026-08-30T01:00:00+00:00,14.6,15.0
London,2026-08-21T10:56:56.491785+00:00,2026-08-30T03:00,2026-08-30T02:00:00+00:00,14.0,14.0
London,2026-08-21T10:56:56.491785+00:00,2026-08-30T04:00,2026-08-30T03:00:00+00:00,13.5,14.0
London,2026-08-21T10:56:56.491785+00:00,2026-08-30T05:00,2026-08-30T04:00:00+00:00,13.1,14.0
London,2026-08-21T10:56:56.491785+00:00,2026-08-30T06:00,2026-08-30T05:00:00+00:00,13.0,15.0
London,2026-08-21T10:56:56.491785+00:00,2026-08-30T07:00,2026-08-30T06:00:00+00:00,13.2,16.0
London,2026-08-21T10:56:56.491785+00:00,2026-08-30T08:00,2026-08-30T07:00:00+00:00,14.0,18.0
London,2026-08-21T10:56:56.491785+00:00,2026-08-30T09:00,2026-08-30T08:00:00+00:00,15.3,20.0
London,2026-08-21T10:56:56.491785+00:00,2026-08-30T10:00,2026-08-30T09:00:00+00:00,16.9,22.0
London,2026-08-21T10:56:56.491785+00:00,2026-08-30T11:00,2026-08-30T10:00:00+00:00,18.5,25.0
London,2026-08-21T10:56:56.491785+00:00,2026-08-30T12:00,2026-08-30T11:00:00+00:00,19.8,28.0
London,2026-08-21T10:56:56.491785+00:00,2026-08-30T13:00,2026-08-30T12:00:00+00:00,20.5,31.0
London,2026-08-21T10:56:56.491785+00:00,2026-08-30T14:00,2026-08-30T13:00:00+00:00,20.7,35.0
London,2026-08-21T10:56:56.491785+00:00,2026-08-30T15:00,2026-08-30T14:00:00+00:00,20.5,40.0
London,2026-08-21T10:56:56.491785+00:00,2026-08-30T16:00,2026-08-30T15:00:00+00:00,20.0,44.0
London,2026-08-21T10:56:56.491785+00:00,2026-08-30T17:00,2026-08-30T16:00:00+00:00,19.3,48.0
London,2026-08-21T10:56:56.491785+00:00,2026-08-30T18:00,2026-08-30T17:00:00+00:00,18.7,51.0
London,2026-08-21T10:56:56.491785+00:00,2026-08-30T19:00,2026-08-30T18:00:00+00:00,18.1,51.0
London,2026-08-21T10:56:56.491785+00:00,2026-08-30T20:00,2026-08-30T19:00:00+00:00,17.6,47.0
London,2026-08-21T10:56:56.491785+00:00,2026-08-30T21:00,2026-08-30T20:00:00+00:00,17.1,39.0
London,2026-08-21T10:56:56.491785+00:00,2026-08-30T22:00,2026-08-30T21:00:00+00:00,16.5,32.0
London,2026-08-21T10:56:56.491785+00:00,2026-08-30T23:00,2026-08-30T22:00:00+00:00,15.9,25.0
London,2026-08-21T10:56:56.491785+00:00,2026-08-31T00:00,2026-08-30T23:00:00+00:00,15.5,17.0
London,2026-08-21T10:56:56.491785+00:00,2026-08-31T01:00,2026-08-31T00:00:00+00:00,15.2,12.0
London,2026-08-21T10:56:56.491785+00:00,2026-08-31T02:00,2026-08-31T01:00:00+00:00,15.0,10.0
London,2026-08-21T10:56:56.491785+00:00,2026-08-31T03:00,2026-08-31T02:00:00+00:00,14.8,11.0
London,2026-08-21T10:56:56.491785+00:00,2026-08-31T04:00,2026-08-31T03:00:00+00:00,14.8,12.0
London,2026-08-21T10:56:56.491785+00:00,2026-08-31T05:00,2026-08-31T04:00:00+00:00,14.8,14.0
London,2026-08-21T10:56:56.491785+00:00,2026-08-31T06:00,2026-08-31T05:00:00+00:00,15.1,16.0
London,2026-08-21T10:56:56.491785+00:00,2026-08-31T07:00,2026-08-31T06:00:00+00:00,15.4,18.0
London,2026-08-21T10:56:56.491785+00:00,2026-08-31T08:00,2026-08-31T07:00:00+00:00,16.1,18.0
London,2026-08-21T10:56:56.491785+00:00,2026-08-31T09:00,2026-08-31T08:00:00+00:00,17.1,18.0
London,2026-08-21T10:56:56.491785+00:00,2026-08-31T10:00,2026-08-31T09:00:00+00:00,18.2,18.0
London,2026-08-21T10:56:56.491785+00:00,2026-08-31T11:00,2026-08-31T10:00:00+00:00,19.3,18.0
London,2026-08-21T10:56:56.491785+00:00,2026-08-31T12:00,2026-08-31T11:00:00+00:00,20.2,19.0
London,2026-08-21T10:56:56.491785+00:00,2026-08-31T13:00,2026-08-31T12:00:00+00:00,20.7,22.0
London,2026-08-21T10:56:56.491785+00:00,2026-08-31T14:00,2026-08-31T13:00:00+00:00,20.9,29.0
London,2026-08-21T10:56:56.491785+00:00,2026-08-31T15:00,2026-08-31T14:00:00+00:00,20.7,37.0
London,2026-08-21T10:56:56.491785+00:00,2026-08-31T16:00,2026-08-31T15:00:00+00:00,20.4,45.0
London,2026-08-21T10:56:56.491785+00:00,2026-08-31T17:00,2026-08-31T16:00:00+00:00,19.9,52.0
London,2026-08-21T10:56:56.491785+00:00,2026-08-31T18:00,2026-08-31T17:00:00+00:00,19.4,59.0
London,2026-08-21T10:56:56.491785+00:00,2026-08-31T19:00,2026-08-31T18:00:00+00:00,18.8,61.0
London,2026-08-21T10:56:56.491785+00:00,2026-08-31T20:00,2026-08-31T19:00:00+00:00,18.2,57.0
London,2026-08-21T10:56:56.491785+00:00,2026-08-31T21:00,2026-08-31T20:00:00+00:00,17.5,49.0
London,2026-08-21T10:56:56.491785+00:00,2026-08-31T22:00,2026-08-31T21:00:00+00:00,16.7,41.0
London,2026-08-21T10:56:56.491785+00:00,2026-08-31T23:00,2026-08-31T22:00:00+00:00,15.9,32.0
London,2026-08-21T10:56:56.491785+00:00,2026-09-01T00:00,2026-08-31T23:00:00+00:00,15.2,23.0
London,2026-08-21T10:56:56.491785+00:00,2026-09-01T01:00,2026-09-01T00:00:00+00:00,14.7,16.0
London,2026-08-21T10:56:56.491785+00:00,2026-09-01T02:00,2026-09-01T01:00:00+00:00,14.2,14.0
London,2026-08-21T10:56:56.491785+00:00,2026-09-01T03:00,2026-09-01T02:00:00+00:00,13.7,14.0
London,2026-08-21T10:56:56.491785+00:00,2026-09-01T04:00,2026-09-01T03:00:00+00:00,13.2,15.0
London,2026-08-21T10:56:56.491785+00:00,2026-09-01T05:00,2026-09-01T04:00:00+00:00,13.0,16.0
London,2026-08-21T10:56:56.491785+00:00,2026-09-01T06:00,2026-09-01T05:00:00+00:00,12.9,18.0
London,2026-08-21T10:56:56.491785+00:00,2026-09-01T07:00,2026-09-01T06:00:00+00:00,13.3,20.0
London,2026-08-21T10:56:56.491785+00:00,2026-09-01T08:00,2026-09-01T07:00:00+00:00,14.1,21.0
London,2026-08-21T10:56:56.491785+00:00,2026-09-01T09:00,2026-09-01T08:00:00+00:00,15.5,21.0
London,2026-08-21T10:56:56.491785+00:00,2026-09-01T10:00,2026-09-01T09:00:00+00:00,17.1,22.0
London,2026-08-21T10:56:56.491785+00:00,2026-09-01T11:00,2026-09-01T10:00:00+00:00,18.8,23.0
London,2026-08-21T10:56:56.491785+00:00,2026-09-01T12:00,2026-09-01T11:00:00+00:00,20.2,23.0
London,2026-08-21T10:56:56.491785+00:00,2026-09-01T13:00,2026-09-01T12:00:00+00:00,21.1,25.0
London,2026-08-21T10:56:56.491785+00:00,2026-09-01T14:00,2026-09-01T13:00:00+00:00,21.5,28.0
London,2026-08-21T10:56:56.491785+00:00,2026-09-01T15:00,2026-09-01T14:00:00+00:00,21.7,32.0
London,2026-08-21T10:56:56.491785+00:00,2026-09-01T16:00,2026-09-01T15:00:00+00:00,21.6,35.0
London,2026-08-21T10:56:56.491785+00:00,2026-09-01T17:00,2026-09-01T16:00:00+00:00,21.3,38.0
London,2026-08-21T10:56:56.491785+00:00,2026-09-01T18:00,2026-09-01T17:00:00+00:00,20.9,40.0
London,2026-08-21T10:56:56.491785+00:00,2026-09-01T19:00,2026-09-01T18:00:00+00:00,20.4,41.0
London,2026-08-21T10:56:56.491785+00:00,2026-09-01T20:00,2026-09-01T19:00:00+00:00,19.8,39.0
London,2026-08-21T10:56:56.491785+00:00,2026-09-01T21:00,2026-09-01T20:00:00+00:00,18.9,35.0
London,2026-08-21T10:56:56.491785+00:00,2026-09-01T22:00,2026-09-01T21:00:00+00:00,17.9,31.0
London,2026-08-21T10:56:56.491785+00:00,2026-09-01T23:00,2026-09-01T22:00:00+00:00,16.8,27.0
London,2026-08-21T10:56:56.491785+00:00,2026-09-02T00:00,2026-09-01T23:00:00+00:00,15.9,22.0
London,2026-08-21T10:56:56.491785+00:00,2026-09-02T01:00,2026-09-02T00:00:00+00:00,15.1,18.0
London,2026-08-21T10:56:56.491785+00:00,2026-09-02T02:00,2026-09-02T01:00:00+00:00,14.4,16.0
London,2026-08-21T10:56:56.491785+00:00,2026-09-02T03:00,2026-09-02T02:00:00+00:00,13.6,15.0
London,2026-08-21T10:56:56.491785+00:00,2026-09-02T04:00,2026-09-02T03:00:00+00:00,12.9,14.0
London,2026-08-21T10:56:56.491785+00:00,2026-09-02T05:00,2026-09-02T04:00:00+00:00,12.4,14.0
London,2026-08-21T10:56:56.491785+00:00,2026-09-02T06:00,2026-09-02T05:00:00+00:00,12.2,14.0
London,2026-08-21T10:56:56.491785+00:00,2026-09-02T07:00,2026-09-02T06:00:00+00:00,12.5,14.0
London,2026-08-21T10:56:56.491785+00:00,2026-09-02T08:00,2026-09-02T07:00:00+00:00,13.3,15.0
London,2026-08-21T10:56:56.491785+00:00,2026-09-02T09:00,2026-09-02T08:00:00+00:00,14.7,16.0
London,2026-08-21T10:56:56.491785+00:00,2026-09-02T10:00,2026-09-02T09:00:00+00:00,16.5,17.0
London,2026-08-21T10:56:56.491785+00:00,2026-09-02T11:00,2026-09-02T10:00:00+00:00,18.2,18.0
London,2026-08-21T10:56:56.491785+00:00,2026-09-02T12:00,2026-09-02T11:00:00+00:00,19.7,20.0
London,2026-08-21T10:56:56.491785+00:00,2026-09-02T13:00,2026-09-02T12:00:00+00:00,20.8,22.0
London,2026-08-21T10:56:56.491785+00:00,2026-09-02T14:00,2026-09-02T13:00:00+00:00,21.3,25.0
London,2026-08-21T10:56:56.491785+00:00,2026-09-02T15:00,2026-09-02T14:00:00+00:00,21.7,29.0
London,2026-08-21T10:56:56.491785+00:00,2026-09-02T16:00,2026-09-02T15:00:00+00:00,21.8,33.0
London,2026-08-21T10:56:56.491785+00:00,2026-09-02T17:00,2026-09-02T16:00:00+00:00,21.7,36.0
London,2026-08-21T10:56:56.491785+00:00,2026-09-02T18:00,2026-09-02T17:00:00+00:00,21.4,39.0
London,2026-08-21T10:56:56.491785+00:00,2026-09-02T19:00,2026-09-02T18:00:00+00:00,20.9,39.0
London,2026-08-21T10:56:56.491785+00:00,2026-09-02T20:00,2026-09-02T19:00:00+00:00,20.1,36.0
London,2026-08-21T10:56:56.491785+00:00,2026-09-02T21:00,2026-09-02T20:00:00+00:00,19.0,32.0
London,2026-08-21T10:56:56.491785+00:00,2026-09-02T22:00,2026-09-02T21:00:00+00:00,17.6,27.0
London,2026-08-21T10:56:56.491785+00:00,2026-09-02T23:00,2026-09-02T22:00:00+00:00,16.3,22.0
London,2026-08-21T10:56:56.491785+00:00,2026-09-03T00:00,2026-09-02T23:00:00+00:00,15.1,17.0
London,2026-08-21T10:56:56.491785+00:00,2026-09-03T01:00,2026-09-03T00:00:00+00:00,14.4,14.0
London,2026-08-21T10:56:56.491785+00:00,2026-09-03T02:00,2026-09-03T01:00:00+00:00,14.1,14.0
London,2026-08-21T10:56:56.491785+00:00,2026-09-03T03:00,2026-09-03T02:00:00+00:00,14.0,15.0
London,2026-08-21T10:56:56.491785+00:00,2026-09-03T04:00,2026-09-03T03:00:00+00:00,14.1,17.0
London,2026-08-21T10:56:56.491785+00:00,2026-09-03T05:00,2026-09-03T04:00:00+00:00,14.5,19.0
London,2026-08-21T10:56:56.491785+00:00,2026-09-03T06:00,2026-09-03T05:00:00+00:00,15.0,21.0
London,2026-08-21T10:56:56.491785+00:00,2026-09-03T07:00,2026-09-03T06:00:00+00:00,15.6,22.0
London,2026-08-21T10:56:56.491785+00:00,2026-09-03T08:00,2026-09-03T07:00:00+00:00,16.6,22.0
London,2026-08-21T10:56:56.491785+00:00,2026-09-03T09:00,2026-09-03T08:00:00+00:00,18.0,21.0
London,2026-08-21T10:56:56.491785+00:00,2026-09-03T10:00,2026-09-03T09:00:00+00:00,19.6,20.0
London,2026-08-21T10:56:56.491785+00:00,2026-09-03T11:00,2026-09-03T10:00:00+00:00,21.2,19.0
London,2026-08-21T10:56:56.491785+00:00,2026-09-03T12:00,2026-09-03T11:00:00+00:00,22.4,19.0
London,2026-08-21T10:56:56.491785+00:00,2026-09-03T13:00,2026-09-03T12:00:00+00:00,23.3,20.0
London,2026-08-21T10:56:56.491785+00:00,2026-09-03T14:00,2026-09-03T13:00:00+00:00,23.6,23.0
London,2026-08-21T10:56:56.491785+00:00,2026-09-03T15:00,2026-09-03T14:00:00+00:00,23.6,26.0
London,2026-08-21T10:56:56.491785+00:00,2026-09-03T16:00,2026-09-03T15:00:00+00:00,23.3,30.0
London,2026-08-21T10:56:56.491785+00:00,2026-09-03T17:00,2026-09-03T16:00:00+00:00,22.9,34.0
London,2026-08-21T10:56:56.491785+00:00,2026-09-03T18:00,2026-09-03T17:00:00+00:00,22.4,37.0
London,2026-08-21T10:56:56.491785+00:00,2026-09-03T19:00,2026-09-03T18:00:00+00:00,21.9,39.0
London,2026-08-21T10:56:56.491785+00:00,2026-09-03T20:00,2026-09-03T19:00:00+00:00,21.3,39.0
London,2026-08-21T10:56:56.491785+00:00,2026-09-03T21:00,2026-09-03T20:00:00+00:00,20.4,36.0
London,2026-08-21T10:56:56.491785+00:00,2026-09-03T22:00,2026-09-03T21:00:00+00:00,19.6,34.0
London,2026-08-21T10:56:56.491785+00:00,2026-09-03T23:00,2026-09-03T22:00:00+00:00,18.7,31.0
London,2026-08-21T10:56:56.491785+00:00,2026-09-04T00:00,2026-09-03T23:00:00+00:00,17.9,28.0
London,2026-08-21T10:56:56.491785+00:00,2026-09-04T01:00,2026-09-04T00:00:00+00:00,17.3,25.0
London,2026-08-21T10:56:56.491785+00:00,2026-09-04T02:00,2026-09-04T01:00:00+00:00,16.8,24.0
London,2026-08-21T10:56:56.491785+00:00,2026-09-04T03:00,2026-09-04T02:00:00+00:00,16.5,23.0
London,2026-08-21T10:56:56.491785+00:00,2026-09-04T04:00,2026-09-04T03:00:00+00:00,16.2,22.0
London,2026-08-21T10:56:56.491785+00:00,2026-09-04T05:00,2026-09-04T04:00:00+00:00,16.0,21.0
London,2026-08-21T10:56:56.491785+00:00,2026-09-04T06:00,2026-09-04T05:00:00+00:00,16.0,20.0
London,2026-08-21T10:56:56.491785+00:00,2026-09-04T07:00,2026-09-04T06:00:00+00:00,16.2,20.0
London,2026-08-21T10:56:56.491785+00:00,2026-09-04T08:00,2026-09-04T07:00:00+00:00,16.7,20.0
London,2026-08-21T10:56:56.491785+00:00,2026-09-04T09:00,2026-09-04T08:00:00+00:00,17.5,21.0
London,2026-08-21T10:56:56.491785+00:00,2026-09-04T10:00,2026-09-04T09:00:00+00:00,18.4,21.0
London,2026-08-21T10:56:56.491785+00:00,2026-09-04T11:00,2026-09-04T10:00:00+00:00,19.4,21.0
London,2026-08-21T10:56:56.491785+00:00,2026-09-04T12:00,2026-09-04T11:00:00+00:00,20.2,22.0
London,2026-08-21T10:56:56.491785+00:00,2026-09-04T13:00,2026-09-04T12:00:00+00:00,20.7,22.0
London,2026-08-21T10:56:56.491785+00:00,2026-09-04T14:00,2026-09-04T13:00:00+00:00,20.9,22.0
London,2026-08-21T10:56:56.491785+00:00,2026-09-04T15:00,2026-09-04T14:00:00+00:00,21.0,22.0
London,2026-08-21T10:56:56.491785+00:00,2026-09-04T16:00,2026-09-04T15:00:00+00:00,20.9,
London,2026-08-21T10:56:56.491785+00:00,2026-09-04T17:00,2026-09-04T16:00:00+00:00,20.8,
London,2026-08-21T10:56:56.491785+00:00,2026-09-04T18:00,2026-09-04T17:00:00+00:00,20.5,
London,2026-08-21T10:56:56.491785+00:00,2026-09-04T19:00,2026-09-04T18:00:00+00:00,20.2,
London,2026-08-21T10:56:56.491785+00:00,2026-09-04T20:00,2026-09-04T19:00:00+00:00,19.8,
London,2026-08-21T10:56:56.491785+00:00,2026-09-04T21:00,2026-09-04T20:00:00+00:00,19.2,
London,2026-08-21T10:56:56.491785+00:00,2026-09-04T22:00,2026-09-04T21:00:00+00:00,18.5,
London,2026-08-21T10:56:56.491785+00:00,2026-09-04T23:00,2026-09-04T22:00:00+00:00,17.8,
London,2026-08-21T10:56:56.491785+00:00,2026-09-05T00:00,2026-09-04T23:00:00+00:00,17.2,
London,2026-08-21T10:56:56.491785+00:00,2026-09-05T01:00,2026-09-05T00:00:00+00:00,16.9,
London,2026-08-21T10:56:56.491785+00:00,2026-09-05T02:00,2026-09-05T01:00:00+00:00,16.7,
London,2026-08-21T10:56:56.491785+00:00,2026-09-05T03:00,2026-09-05T02:00:00+00:00,16.8,
London,2026-08-21T10:56:56.491785+00:00,2026-09-05T04:00,2026-09-05T03:00:00+00:00,,
London,2026-08-21T10:56:56.491785+00:00,2026-09-05T05:00,2026-09-05T04:00:00+00:00,,
London,2026-08-21T10:56:56.491785+00:00,2026-09-05T06:00,2026-09-05T05:00:00+00:00,,
London,2026-08-21T10:56:56.491785+00:00,2026-09-05T07:00,2026-09-05T06:00:00+00:00,,
London,2026-08-21T10:56:56.491785+00:00,2026-09-05T08:00,2026-09-05T07:00:00+00:00,,
London,2026-08-21T10:56:56.491785+00:00,2026-09-05T09:00,2026-09-05T08:00:00+00:00,,
London,2026-08-21T10:56:56.491785+00:00,2026-09-05T10:00,2026-09-05T09:00:00+00:00,,
London,2026-08-21T10:56:56.491785+00:00,2026-09-05T11:00,2026-09-05T10:00:00+00:00,,
London,2026-08-21T10:56:56.491785+00:00,2026-09-05T12:00,2026-09-05T11:00:00+00:00,,
London,2026-08-21T10:56:56.491785+00:00,2026-09-05T13:00,2026-09-05T12:00:00+00:00,,
London,2026-08-21T10:56:56.491785+00:00,2026-09-05T14:00,2026-09-05T13:00:00+00:00,,
London,2026-08-21T10:56:56.491785+00:00,2026-09-05T15:00,2026-09-05T14:00:00+00:00,,
London,2026-08-21T10:56:56.491785+00:00,2026-09-05T16:00,2026-09-05T15:00:00+00:00,,
London,2026-08-21T10:56:56.491785+00:00,2026-09-05T17:00,2026-09-05T16:00:00+00:00,,
London,2026-08-21T10:56:56.491785+00:00,2026-09-05T18:00,2026-09-05T17:00:00+00:00,,
London,2026-08-21T10:56:56.491785+00:00,2026-09-05T19:00,2026-09-05T18:00:00+00:00,,
London,2026-08-21T10:56:56.491785+00:00,2026-09-05T20:00,2026-09-05T19:00:00+00:00,,
London,2026-08-21T10:56:56.491785+00:00,2026-09-05T21:00,2026-09-05T20:00:00+00:00,,
London,2026-08-21T10:56:56.491785+00:00,2026-09-05T22:00,2026-09-05T21:00:00+00:00,,
London,2026-08-21T10:56:56.491785+00:00,2026-09-05T23:00,2026-09-05T22:00:00+00:00,,
London,2026-08-21T11:52:16.314289+00:00,2026-08-21T00:00,2026-08-20T23:00:00+00:00,16.1,12.0
London,2026-08-21T11:52:16.314289+00:00,2026-08-21T01:00,2026-08-21T00:00:00+00:00,15.8,0.0
London,2026-08-21T11:52:16.314289+00:00,2026-08-21T02:00,2026-08-21T01:00:00+00:00,15.5,3.0
London,2026-08-21T11:52:16.314289+00:00,2026-08-21T03:00,2026-08-21T02:00:00+00:00,15.4,13.0
London,2026-08-21T11:52:16.314289+00:00,2026-08-21T04:00,2026-08-21T03:00:00+00:00,15.4,20.0
London,2026-08-21T11:52:16.314289+00:00,2026-08-21T05:00,2026-08-21T04:00:00+00:00,15.0,18.0
London,2026-08-21T11:52:16.314289+00:00,2026-08-21T06:00,2026-08-21T05:00:00+00:00,14.7,13.0
London,2026-08-21T11:52:16.314289+00:00,2026-08-21T07:00,2026-08-21T06:00:00+00:00,14.6,8.0
London,2026-08-21T11:52:16.314289+00:00,2026-08-21T08:00,2026-08-21T07:00:00+00:00,15.1,5.0
London,2026-08-21T11:52:16.314289+00:00,2026-08-21T09:00,2026-08-21T08:00:00+00:00,16.1,2.0
London,2026-08-21T11:52:16.314289+00:00,2026-08-21T10:00,2026-08-21T09:00:00+00:00,17.4,0.0
London,2026-08-21T11:52:16.314289+00:00,2026-08-21T11:00,2026-08-21T10:00:00+00:00,18.4,0.0
London,2026-08-21T11:52:16.314289+00:00,2026-08-21T12:00,2026-08-21T11:00:00+00:00,19.5,0.0
London,2026-08-21T11:52:16.314289+00:00,2026-08-21T13:00,2026-08-21T12:00:00+00:00,20.5,0.0
London,2026-08-21T11:52:16.314289+00:00,2026-08-21T14:00,2026-08-21T13:00:00+00:00,20.7,0.0
London,2026-08-21T11:52:16.314289+00:00,2026-08-21T15:00,2026-08-21T14:00:00+00:00,20.7,0.0
London,2026-08-21T11:52:16.314289+00:00,2026-08-21T16:00,2026-08-21T15:00:00+00:00,20.9,0.0
London,2026-08-21T11:52:16.314289+00:00,2026-08-21T17:00,2026-08-21T16:00:00+00:00,20.9,7.0
London,2026-08-21T11:52:16.314289+00:00,2026-08-21T18:00,2026-08-21T17:00:00+00:00,20.5,17.0
London,2026-08-21T11:52:16.314289+00:00,2026-08-21T19:00,2026-08-21T18:00:00+00:00,19.4,22.0
London,2026-08-21T11:52:16.314289+00:00,2026-08-21T20:00,2026-08-21T19:00:00+00:00,17.3,19.0
London,2026-08-21T11:52:16.314289+00:00,2026-08-21T21:00,2026-08-21T20:00:00+00:00,16.7,13.0
London,2026-08-21T11:52:16.314289+00:00,2026-08-21T22:00,2026-08-21T21:00:00+00:00,15.6,8.0
London,2026-08-21T11:52:16.314289+00:00,2026-08-21T23:00,2026-08-21T22:00:00+00:00,15.3,7.0
London,2026-08-21T11:52:16.314289+00:00,2026-08-22T00:00,2026-08-21T23:00:00+00:00,15.2,8.0
London,2026-08-21T11:52:16.314289+00:00,2026-08-22T01:00,2026-08-22T00:00:00+00:00,15.1,8.0
London,2026-08-21T11:52:16.314289+00:00,2026-08-22T02:00,2026-08-22T01:00:00+00:00,14.5,6.0
London,2026-08-21T11:52:16.314289+00:00,2026-08-22T03:00,2026-08-22T02:00:00+00:00,14.0,4.0
London,2026-08-21T11:52:16.314289+00:00,2026-08-22T04:00,2026-08-22T03:00:00+00:00,13.6,2.0
London,2026-08-21T11:52:16.314289+00:00,2026-08-22T05:00,2026-08-22T04:00:00+00:00,13.1,1.0
London,2026-08-21T11:52:16.314289+00:00,2026-08-22T06:00,2026-08-22T05:00:00+00:00,12.8,0.0
London,2026-08-21T11:52:16.314289+00:00,2026-08-22T07:00,2026-08-22T06:00:00+00:00,12.8,0.0
London,2026-08-21T11:52:16.314289+00:00,2026-08-22T08:00,2026-08-22T07:00:00+00:00,13.5,0.0
London,2026-08-21T11:52:16.314289+00:00,2026-08-22T09:00,2026-08-22T08:00:00+00:00,14.9,0.0
London,2026-08-21T11:52:16.314289+00:00,2026-08-22T10:00,2026-08-22T09:00:00+00:00,16.5,0.0
London,2026-08-21T11:52:16.314289+00:00,2026-08-22T11:00,2026-08-22T10:00:00+00:00,17.8,0.0
London,2026-08-21T11:52:16.314289+00:00,2026-08-22T12:00,2026-08-22T11:00:00+00:00,18.6,0.0
London,2026-08-21T11:52:16.314289+00:00,2026-08-22T13:00,2026-08-22T12:00:00+00:00,19.3,0.0
London,2026-08-21T11:52:16.314289+00:00,2026-08-22T14:00,2026-08-22T13:00:00+00:00,19.9,0.0
London,2026-08-21T11:52:16.314289+00:00,2026-08-22T15:00,2026-08-22T14:00:00+00:00,20.1,0.0
London,2026-08-21T11:52:16.314289+00:00,2026-08-22T16:00,2026-08-22T15:00:00+00:00,20.5,0.0
London,2026-08-21T11:52:16.314289+00:00,2026-08-22T17:00,2026-08-22T16:00:00+00:00,20.6,0.0
London,2026-08-21T11:52:16.314289+00:00,2026-08-22T18:00,2026-08-22T17:00:00+00:00,20.5,0.0
London,2026-08-21T11:52:16.314289+00:00,2026-08-22T19:00,2026-08-22T18:00:00+00:00,20.3,0.0
London,2026-08-21T11:52:16.314289+00:00,2026-08-22T20:00,2026-08-22T19:00:00+00:00,19.8,0.0
London,2026-08-21T11:52:16.314289+00:00,2026-08-22T21:00,2026-08-22T20:00:00+00:00,19.2,0.0
London,2026-08-21T11:52:16.314289+00:00,2026-08-22T22:00,2026-08-22T21:00:00+00:00,18.4,0.0
London,2026-08-21T11:52:16.314289+00:00,2026-08-22T23:00,2026-08-22T22:00:00+00:00,17.6,0.0
London,2026-08-21T11:52:16.314289+00:00,2026-08-23T00:00,2026-08-22T23:00:00+00:00,17.1,0.0
London,2026-08-21T11:52:16.314289+00:00,2026-08-23T01:00,2026-08-23T00:00:00+00:00,17.1,0.0
London,2026-08-21T11:52:16.314289+00:00,2026-08-23T02:00,2026-08-23T01:00:00+00:00,16.7,0.0
London,2026-08-21T11:52:16.314289+00:00,2026-08-23T03:00,2026-08-23T02:00:00+00:00,16.3,0.0
London,2026-08-21T11:52:16.314289+00:00,2026-08-23T04:00,2026-08-23T03:00:00+00:00,15.9,0.0
London,2026-08-21T11:52:16.314289+00:00,2026-08-23T05:00,2026-08-23T04:00:00+00:00,15.7,0.0
London,2026-08-21T11:52:16.314289+00:00,2026-08-23T06:00,2026-08-23T05:00:00+00:00,15.4,0.0
London,2026-08-21T11:52:16.314289+00:00,2026-08-23T07:00,2026-08-23T06:00:00+00:00,15.6,0.0
London,2026-08-21T11:52:16.314289+00:00,2026-08-23T08:00,2026-08-23T07:00:00+00:00,16.3,0.0
London,2026-08-21T11:52:16.314289+00:00,2026-08-23T09:00,2026-08-23T08:00:00+00:00,17.0,0.0
London,2026-08-21T11:52:16.314289+00:00,2026-08-23T10:00,2026-08-23T09:00:00+00:00,18.4,0.0
London,2026-08-21T11:52:16.314289+00:00,2026-08-23T11:00,2026-08-23T10:00:00+00:00,19.2,0.0
London,2026-08-21T11:52:16.314289+00:00,2026-08-23T12:00,2026-08-23T11:00:00+00:00,19.8,0.0
London,2026-08-21T11:52:16.314289+00:00,2026-08-23T13:00,2026-08-23T12:00:00+00:00,20.4,0.0
London,2026-08-21T11:52:16.314289+00:00,2026-08-23T14:00,2026-08-23T13:00:00+00:00,20.8,0.0
London,2026-08-21T11:52:16.314289+00:00,2026-08-23T15:00,2026-08-23T14:00:00+00:00,21.3,0.0
London,2026-08-21T11:52:16.314289+00:00,2026-08-23T16:00,2026-08-23T15:00:00+00:00,21.6,0.0
London,2026-08-21T11:52:16.314289+00:00,2026-08-23T17:00,2026-08-23T16:00:00+00:00,22.0,0.0
London,2026-08-21T11:52:16.314289+00:00,2026-08-23T18:00,2026-08-23T17:00:00+00:00,22.3,0.0
London,2026-08-21T11:52:16.314289+00:00,2026-08-23T19:00,2026-08-23T18:00:00+00:00,22.3,0.0
London,2026-08-21T11:52:16.314289+00:00,2026-08-23T20:00,2026-08-23T19:00:00+00:00,21.7,0.0
London,2026-08-21T11:52:16.314289+00:00,2026-08-23T21:00,2026-08-23T20:00:00+00:00,20.8,0.0
London,2026-08-21T11:52:16.314289+00:00,2026-08-23T22:00,2026-08-23T21:00:00+00:00,19.9,0.0
London,2026-08-21T11:52:16.314289+00:00,2026-08-23T23:00,2026-08-23T22:00:00+00:00,19.2,0.0
London,2026-08-21T11:52:16.314289+00:00,2026-08-24T00:00,2026-08-23T23:00:00+00:00,18.5,0.0
London,2026-08-21T11:52:16.314289+00:00,2026-08-24T01:00,2026-08-24T00:00:00+00:00,17.9,0.0
London,2026-08-21T11:52:16.314289+00:00,2026-08-24T02:00,2026-08-24T01:00:00+00:00,17.5,0.0
London,2026-08-21T11:52:16.314289+00:00,2026-08-24T03:00,2026-08-24T02:00:00+00:00,17.1,0.0
London,2026-08-21T11:52:16.314289+00:00,2026-08-24T04:00,2026-08-24T03:00:00+00:00,16.8,0.0
London,2026-08-21T11:52:16.314289+00:00,2026-08-24T05:00,2026-08-24T04:00:00+00:00,16.3,0.0
London,2026-08-21T11:52:16.314289+00:00,2026-08-24T06:00,2026-08-24T05:00:00+00:00,15.8,0.0
London,2026-08-21T11:52:16.314289+00:00,2026-08-24T07:00,2026-08-24T06:00:00+00:00,15.7,0.0
London,2026-08-21T11:52:16.314289+00:00,2026-08-24T08:00,2026-08-24T07:00:00+00:00,16.4,0.0
London,2026-08-21T11:52:16.314289+00:00,2026-08-24T09:00,2026-08-24T08:00:00+00:00,17.5,0.0
London,2026-08-21T11:52:16.314289+00:00,2026-08-24T10:00,2026-08-24T09:00:00+00:00,18.5,0.0
London,2026-08-21T11:52:16.314289+00:00,2026-08-24T11:00,2026-08-24T10:00:00+00:00,19.2,0.0
London,2026-08-21T11:52:16.314289+00:00,2026-08-24T12:00,2026-08-24T11:00:00+00:00,19.8,0.0
London,2026-08-21T11:52:16.314289+00:00,2026-08-24T13:00,2026-08-24T12:00:00+00:00,20.3,0.0
London,2026-08-21T11:52:16.314289+00:00,2026-08-24T14:00,2026-08-24T13:00:00+00:00,20.6,0.0
London,2026-08-21T11:52:16.314289+00:00,2026-08-24T15:00,2026-08-24T14:00:00+00:00,20.7,0.0
London,2026-08-21T11:52:16.314289+00:00,2026-08-24T16:00,2026-08-24T15:00:00+00:00,20.7,0.0
London,2026-08-21T11:52:16.314289+00:00,2026-08-24T17:00,2026-08-24T16:00:00+00:00,20.5,0.0
London,2026-08-21T11:52:16.314289+00:00,2026-08-24T18:00,2026-08-24T17:00:00+00:00,20.2,0.0
London,2026-08-21T11:52:16.314289+00:00,2026-08-24T19:00,2026-08-24T18:00:00+00:00,19.9,0.0
London,2026-08-21T11:52:16.314289+00:00,2026-08-24T20:00,2026-08-24T19:00:00+00:00,19.6,0.0
London,2026-08-21T11:52:16.314289+00:00,2026-08-24T21:00,2026-08-24T20:00:00+00:00,19.4,1.0
London,2026-08-21T11:52:16.314289+00:00,2026-08-24T22:00,2026-08-24T21:00:00+00:00,19.3,2.0
London,2026-08-21T11:52:16.314289+00:00,2026-08-24T23:00,2026-08-24T22:00:00+00:00,19.2,3.0
London,2026-08-21T11:52:16.314289+00:00,2026-08-25T00:00,2026-08-24T23:00:00+00:00,19.1,4.0
London,2026-08-21T11:52:16.314289+00:00,2026-08-25T01:00,2026-08-25T00:00:00+00:00,19.0,6.0
London,2026-08-21T11:52:16.314289+00:00,2026-08-25T02:00,2026-08-25T01:00:00+00:00,18.8,10.0
London,2026-08-21T11:52:16.314289+00:00,2026-08-25T03:00,2026-08-25T02:00:00+00:00,18.5,14.0
London,2026-08-21T11:52:16.314289+00:00,2026-08-25T04:00,2026-08-25T03:00:00+00:00,18.3,18.0
London,2026-08-21T11:52:16.314289+00:00,2026-08-25T05:00,2026-08-25T04:00:00+00:00,17.8,20.0
London,2026-08-21T11:52:16.314289+00:00,2026-08-25T06:00,2026-08-25T05:00:00+00:00,17.4,21.0
London,2026-08-21T11:52:16.314289+00:00,2026-08-25T07:00,2026-08-25T06:00:00+00:00,17.2,22.0
London,2026-08-21T11:52:16.314289+00:00,2026-08-25T08:00,2026-08-25T07:00:00+00:00,17.7,23.0
London,2026-08-21T11:52:16.314289+00:00,2026-08-25T09:00,2026-08-25T08:00:00+00:00,18.4,23.0
London,2026-08-21T11:52:16.314289+00:00,2026-08-25T10:00,2026-08-25T09:00:00+00:00,19.1,22.0
London,2026-08-21T11:52:16.314289+00:00,2026-08-25T11:00,2026-08-25T10:00:00+00:00,19.7,20.0
London,2026-08-21T11:52:16.314289+00:00,2026-08-25T12:00,2026-08-25T11:00:00+00:00,20.2,16.0
London,2026-08-21T11:52:16.314289+00:00,2026-08-25T13:00,2026-08-25T12:00:00+00:00,20.7,14.0
London,2026-08-21T11:52:16.314289+00:00,2026-08-25T14:00,2026-08-25T13:00:00+00:00,21.2,14.0
London,2026-08-21T11:52:16.314289+00:00,2026-08-25T15:00,2026-08-25T14:00:00+00:00,21.6,16.0
London,2026-08-21T11:52:16.314289+00:00,2026-08-25T16:00,2026-08-25T15:00:00+00:00,22.0,16.0
London,2026-08-21T11:52:16.314289+00:00,2026-08-25T17:00,2026-08-25T16:00:00+00:00,22.4,13.0
London,2026-08-21T11:52:16.314289+00:00,2026-08-25T18:00,2026-08-25T17:00:00+00:00,22.8,9.0
London,2026-08-21T11:52:16.314289+00:00,2026-08-25T19:00,2026-08-25T18:00:00+00:00,22.8,6.0
London,2026-08-21T11:52:16.314289+00:00,2026-08-25T20:00,2026-08-25T19:00:00+00:00,21.9,6.0
London,2026-08-21T11:52:16.314289+00:00,2026-08-25T21:00,2026-08-25T20:00:00+00:00,20.6,8.0
London,2026-08-21T11:52:16.314289+00:00,2026-08-25T22:00,2026-08-25T21:00:00+00:00,19.6,10.0
London,2026-08-21T11:52:16.314289+00:00,2026-08-25T23:00,2026-08-25T22:00:00+00:00,19.2,11.0
London,2026-08-21T11:52:16.314289+00:00,2026-08-26T00:00,2026-08-25T23:00:00+00:00,19.1,12.0
London,2026-08-21T11:52:16.314289+00:00,2026-08-26T01:00,2026-08-26T00:00:00+00:00,19.0,12.0
London,2026-08-21T11:52:16.314289+00:00,2026-08-26T02:00,2026-08-26T01:00:00+00:00,18.7,11.0
London,2026-08-21T11:52:16.314289+00:00,2026-08-26T03:00,2026-08-26T02:00:00+00:00,18.4,10.0
London,2026-08-21T11:52:16.314289+00:00,2026-08-26T04:00,2026-08-26T03:00:00+00:00,18.2,10.0
London,2026-08-21T11:52:16.314289+00:00,2026-08-26T05:00,2026-08-26T04:00:00+00:00,18.0,12.0
London,2026-08-21T11:52:16.314289+00:00,2026-08-26T06:00,2026-08-26T05:00:00+00:00,17.9,16.0
London,2026-08-21T11:52:16.314289+00:00,2026-08-26T07:00,2026-08-26T06:00:00+00:00,18.0,18.0
London,2026-08-21T11:52:16.314289+00:00,2026-08-26T08:00,2026-08-26T07:00:00+00:00,18.3,16.0
London,2026-08-21T11:52:16.314289+00:00,2026-08-26T09:00,2026-08-26T08:00:00+00:00,18.9,13.0
London,2026-08-21T11:52:16.314289+00:00,2026-08-26T10:00,2026-08-26T09:00:00+00:00,19.6,12.0
London,2026-08-21T11:52:16.314289+00:00,2026-08-26T11:00,2026-08-26T10:00:00+00:00,20.8,15.0
London,2026-08-21T11:52:16.314289+00:00,2026-08-26T12:00,2026-08-26T11:00:00+00:00,22.3,20.0
London,2026-08-21T11:52:16.314289+00:00,2026-08-26T13:00,2026-08-26T12:00:00+00:00,23.5,24.0
London,2026-08-21T11:52:16.314289+00:00,2026-08-26T14:00,2026-08-26T13:00:00+00:00,24.4,26.0
London,2026-08-21T11:52:16.314289+00:00,2026-08-26T15:00,2026-08-26T14:00:00+00:00,25.1,27.0
London,2026-08-21T11:52:16.314289+00:00,2026-08-26T16:00,2026-08-26T15:00:00+00:00,25.4,27.0
London,2026-08-21T11:52:16.314289+00:00,2026-08-26T17:00,2026-08-26T16:00:00+00:00,25.5,26.0
London,2026-08-21T11:52:16.314289+00:00,2026-08-26T18:00,2026-08-26T17:00:00+00:00,25.2,24.0
London,2026-08-21T11:52:16.314289+00:00,2026-08-26T19:00,2026-08-26T18:00:00+00:00,24.7,22.0
London,2026-08-21T11:52:16.314289+00:00,2026-08-26T20:00,2026-08-26T19:00:00+00:00,24.0,17.0
London,2026-08-21T11:52:16.314289+00:00,2026-08-26T21:00,2026-08-26T20:00:00+00:00,23.0,12.0
London,2026-08-21T11:52:16.314289+00:00,2026-08-26T22:00,2026-08-26T21:00:00+00:00,22.2,10.0
London,2026-08-21T11:52:16.314289+00:00,2026-08-26T23:00,2026-08-26T22:00:00+00:00,21.9,14.0
London,2026-08-21T11:52:16.314289+00:00,2026-08-27T00:00,2026-08-26T23:00:00+00:00,21.1,22.0
London,2026-08-21T11:52:16.314289+00:00,2026-08-27T01:00,2026-08-27T00:00:00+00:00,20.5,29.0
London,2026-08-21T11:52:16.314289+00:00,2026-08-27T02:00,2026-08-27T01:00:00+00:00,20.0,35.0
London,2026-08-21T11:52:16.314289+00:00,2026-08-27T03:00,2026-08-27T02:00:00+00:00,19.6,40.0
London,2026-08-21T11:52:16.314289+00:00,2026-08-27T04:00,2026-08-27T03:00:00+00:00,19.2,46.0
London,2026-08-21T11:52:16.314289+00:00,2026-08-27T05:00,2026-08-27T04:00:00+00:00,18.9,52.0
London,2026-08-21T11:52:16.314289+00:00,2026-08-27T06:00,2026-08-27T05:00:00+00:00,18.8,58.0
London,2026-08-21T11:52:16.314289+00:00,2026-08-27T07:00,2026-08-27T06:00:00+00:00,18.9,63.0
London,2026-08-21T11:52:16.314289+00:00,2026-08-27T08:00,2026-08-27T07:00:00+00:00,19.2,66.0
London,2026-08-21T11:52:16.314289+00:00,2026-08-27T09:00,2026-08-27T08:00:00+00:00,19.8,68.0
London,2026-08-21T11:52:16.314289+00:00,2026-08-27T10:00,2026-08-27T09:00:00+00:00,20.5,69.0
London,2026-08-21T11:52:16.314289+00:00,2026-08-27T11:00,2026-08-27T10:00:00+00:00,21.2,70.0
London,2026-08-21T11:52:16.314289+00:00,2026-08-27T12:00,2026-08-27T11:00:00+00:00,21.9,70.0
London,2026-08-21T11:52:16.314289+00:00,2026-08-27T13:00,2026-08-27T12:00:00+00:00,22.4,71.0
London,2026-08-21T11:52:16.314289+00:00,2026-08-27T14:00,2026-08-27T13:00:00+00:00,22.8,72.0
London,2026-08-21T11:52:16.314289+00:00,2026-08-27T15:00,2026-08-27T14:00:00+00:00,23.1,73.0
London,2026-08-21T11:52:16.314289+00:00,2026-08-27T16:00,2026-08-27T15:00:00+00:00,23.4,74.0
London,2026-08-21T11:52:16.314289+00:00,2026-08-27T17:00,2026-08-27T16:00:00+00:00,23.5,74.0
London,2026-08-21T11:52:16.314289+00:00,2026-08-27T18:00,2026-08-27T17:00:00+00:00,23.6,74.0
London,2026-08-21T11:52:16.314289+00:00,2026-08-27T19:00,2026-08-27T18:00:00+00:00,23.4,71.0
London,2026-08-21T11:52:16.314289+00:00,2026-08-27T20:00,2026-08-27T19:00:00+00:00,23.1,65.0
London,2026-08-21T11:52:16.314289+00:00,2026-08-27T21:00,2026-08-27T20:00:00+00:00,22.4,56.0
London,2026-08-21T11:52:16.314289+00:00,2026-08-27T22:00,2026-08-27T21:00:00+00:00,21.7,48.0
London,2026-08-21T11:52:16.314289+00:00,2026-08-27T23:00,2026-08-27T22:00:00+00:00,19.8,40.0
London,2026-08-21T11:52:16.314289+00:00,2026-08-28T00:00,2026-08-27T23:00:00+00:00,18.0,31.0
London,2026-08-21T11:52:16.314289+00:00,2026-08-28T01:00,2026-08-28T00:00:00+00:00,16.3,25.0
London,2026-08-21T11:52:16.314289+00:00,2026-08-28T02:00,2026-08-28T01:00:00+00:00,14.6,22.0
London,2026-08-21T11:52:16.314289+00:00,2026-08-28T03:00,2026-08-28T02:00:00+00:00,14.2,22.0
London,2026-08-21T11:52:16.314289+00:00,2026-08-28T04:00,2026-08-28T03:00:00+00:00,13.8,22.0
London,2026-08-21T11:52:16.314289+00:00,2026-08-28T05:00,2026-08-28T04:00:00+00:00,13.6,23.0
London,2026-08-21T11:52:16.314289+00:00,2026-08-28T06:00,2026-08-28T05:00:00+00:00,13.6,25.0
London,2026-08-21T11:52:16.314289+00:00,2026-08-28T07:00,2026-08-28T06:00:00+00:00,13.8,27.0
London,2026-08-21T11:52:16.314289+00:00,2026-08-28T08:00,2026-08-28T07:00:00+00:00,14.5,30.0
London,2026-08-21T11:52:16.314289+00:00,2026-08-28T09:00,2026-08-28T08:00:00+00:00,15.6,34.0
London,2026-08-21T11:52:16.314289+00:00,2026-08-28T10:00,2026-08-28T09:00:00+00:00,16.9,38.0
London,2026-08-21T11:52:16.314289+00:00,2026-08-28T11:00,2026-08-28T10:00:00+00:00,18.2,42.0
London,2026-08-21T11:52:16.314289+00:00,2026-08-28T12:00,2026-08-28T11:00:00+00:00,19.3,46.0
London,2026-08-21T11:52:16.314289+00:00,2026-08-28T13:00,2026-08-28T12:00:00+00:00,19.9,51.0
London,2026-08-21T11:52:16.314289+00:00,2026-08-28T14:00,2026-08-28T13:00:00+00:00,19.9,56.0
London,2026-08-21T11:52:16.314289+00:00,2026-08-28T15:00,2026-08-28T14:00:00+00:00,19.6,62.0
London,2026-08-21T11:52:16.314289+00:00,2026-08-28T16:00,2026-08-28T15:00:00+00:00,19.0,66.0
London,2026-08-21T11:52:16.314289+00:00,2026-08-28T17:00,2026-08-28T16:00:00+00:00,18.3,70.0
London,2026-08-21T11:52:16.314289+00:00,2026-08-28T18:00,2026-08-28T17:00:00+00:00,17.6,72.0
London,2026-08-21T11:52:16.314289+00:00,2026-08-28T19:00,2026-08-28T18:00:00+00:00,17.1,71.0
London,2026-08-21T11:52:16.314289+00:00,2026-08-28T20:00,2026-08-28T19:00:00+00:00,16.8,64.0
London,2026-08-21T11:52:16.314289+00:00,2026-08-28T21:00,2026-08-28T20:00:00+00:00,16.6,54.0
London,2026-08-21T11:52:16.314289+00:00,2026-08-28T22:00,2026-08-28T21:00:00+00:00,16.4,43.0
London,2026-08-21T11:52:16.314289+00:00,2026-08-28T23:00,2026-08-28T22:00:00+00:00,16.2,32.0
London,2026-08-21T11:52:16.314289+00:00,2026-08-29T00:00,2026-08-28T23:00:00+00:00,16.0,21.0
London,2026-08-21T11:52:16.314289+00:00,2026-08-29T01:00,2026-08-29T00:00:00+00:00,15.9,14.0
London,2026-08-21T11:52:16.314289+00:00,2026-08-29T02:00,2026-08-29T01:00:00+00:00,15.7,12.0
London,2026-08-21T11:52:16.314289+00:00,2026-08-29T03:00,2026-08-29T02:00:00+00:00,15.4,14.0
London,2026-08-21T11:52:16.314289+00:00,2026-08-29T04:00,2026-08-29T03:00:00+00:00,15.1,17.0
London,2026-08-21T11:52:16.314289+00:00,2026-08-29T05:00,2026-08-29T04:00:00+00:00,15.0,20.0
London,2026-08-21T11:52:16.314289+00:00,2026-08-29T06:00,2026-08-29T05:00:00+00:00,15.0,24.0
London,2026-08-21T11:52:16.314289+00:00,2026-08-29T07:00,2026-08-29T06:00:00+00:00,15.3,27.0
London,2026-08-21T11:52:16.314289+00:00,2026-08-29T08:00,2026-08-29T07:00:00+00:00,16.0,28.0
London,2026-08-21T11:52:16.314289+00:00,2026-08-29T09:00,2026-08-29T08:00:00+00:00,17.1,28.0
London,2026-08-21T11:52:16.314289+00:00,2026-08-29T10:00,2026-08-29T09:00:00+00:00,18.4,29.0
London,2026-08-21T11:52:16.314289+00:00,2026-08-29T11:00,2026-08-29T10:00:00+00:00,19.7,30.0
London,2026-08-21T11:52:16.314289+00:00,2026-08-29T12:00,2026-08-29T11:00:00+00:00,20.7,31.0
London,2026-08-21T11:52:16.314289+00:00,2026-08-29T13:00,2026-08-29T12:00:00+00:00,21.3,33.0
London,2026-08-21T11:52:16.314289+00:00,2026-08-29T14:00,2026-08-29T13:00:00+00:00,21.5,37.0
London,2026-08-21T11:52:16.314289+00:00,2026-08-29T15:00,2026-08-29T14:00:00+00:00,21.3,42.0
London,2026-08-21T11:52:16.314289+00:00,2026-08-29T16:00,2026-08-29T15:00:00+00:00,20.9,47.0
London,2026-08-21T11:52:16.314289+00:00,2026-08-29T17:00,2026-08-29T16:00:00+00:00,20.4,51.0
London,2026-08-21T11:52:16.314289+00:00,2026-08-29T18:00,2026-08-29T17:00:00+00:00,19.8,55.0
London,2026-08-21T11:52:16.314289+00:00,2026-08-29T19:00,2026-08-29T18:00:00+00:00,19.3,55.0
London,2026-08-21T11:52:16.314289+00:00,2026-08-29T20:00,2026-08-29T19:00:00+00:00,18.7,50.0
London,2026-08-21T11:52:16.314289+00:00,2026-08-29T21:00,2026-08-29T20:00:00+00:00,18.0,42.0
London,2026-08-21T11:52:16.314289+00:00,2026-08-29T22:00,2026-08-29T21:00:00+00:00,17.2,33.0
London,2026-08-21T11:52:16.314289+00:00,2026-08-29T23:00,2026-08-29T22:00:00+00:00,16.5,24.0
London,2026-08-21T11:52:16.314289+00:00,2026-08-30T00:00,2026-08-29T23:00:00+00:00,15.8,16.0
London,2026-08-21T11:52:16.314289+00:00,2026-08-30T01:00,2026-08-30T00:00:00+00:00,15.2,10.0
London,2026-08-21T11:52:16.314289+00:00,2026-08-30T02:00,2026-08-30T01:00:00+00:00,14.6,9.0
London,2026-08-21T11:52:16.314289+00:00,2026-08-30T03:00,2026-08-30T02:00:00+00:00,14.0,10.0
London,2026-08-21T11:52:16.314289+00:00,2026-08-30T04:00,2026-08-30T03:00:00+00:00,13.5,12.0
London,2026-08-21T11:52:16.314289+00:00,2026-08-30T05:00,2026-08-30T04:00:00+00:00,13.1,14.0
London,2026-08-21T11:52:16.314289+00:00,2026-08-30T06:00,2026-08-30T05:00:00+00:00,13.0,17.0
London,2026-08-21T11:52:16.314289+00:00,2026-08-30T07:00,2026-08-30T06:00:00+00:00,13.2,20.0
London,2026-08-21T11:52:16.314289+00:00,2026-08-30T08:00,2026-08-30T07:00:00+00:00,14.0,21.0
London,2026-08-21T11:52:16.314289+00:00,2026-08-30T09:00,2026-08-30T08:00:00+00:00,15.3,22.0
London,2026-08-21T11:52:16.314289+00:00,2026-08-30T10:00,2026-08-30T09:00:00+00:00,16.9,23.0
London,2026-08-21T11:52:16.314289+00:00,2026-08-30T11:00,2026-08-30T10:00:00+00:00,18.5,24.0
London,2026-08-21T11:52:16.314289+00:00,2026-08-30T12:00,2026-08-30T11:00:00+00:00,19.8,25.0
London,2026-08-21T11:52:16.314289+00:00,2026-08-30T13:00,2026-08-30T12:00:00+00:00,20.5,27.0
London,2026-08-21T11:52:16.314289+00:00,2026-08-30T14:00,2026-08-30T13:00:00+00:00,20.7,31.0
London,2026-08-21T11:52:16.314289+00:00,2026-08-30T15:00,2026-08-30T14:00:00+00:00,20.5,35.0
London,2026-08-21T11:52:16.314289+00:00,2026-08-30T16:00,2026-08-30T15:00:00+00:00,20.0,39.0
London,2026-08-21T11:52:16.314289+00:00,2026-08-30T17:00,2026-08-30T16:00:00+00:00,19.3,43.0
London,2026-08-21T11:52:16.314289+00:00,2026-08-30T18:00,2026-08-30T17:00:00+00:00,18.7,46.0
London,2026-08-21T11:52:16.314289+00:00,2026-08-30T19:00,2026-08-30T18:00:00+00:00,18.1,47.0
London,2026-08-21T11:52:16.314289+00:00,2026-08-30T20:00,2026-08-30T19:00:00+00:00,17.6,45.0
London,2026-08-21T11:52:16.314289+00:00,2026-08-30T21:00,2026-08-30T20:00:00+00:00,17.1,41.0
London,2026-08-21T11:52:16.314289+00:00,2026-08-30T22:00,2026-08-30T21:00:00+00:00,16.5,36.0
London,2026-08-21T11:52:16.314289+00:00,2026-08-30T23:00,2026-08-30T22:00:00+00:00,15.9,31.0
London,2026-08-21T11:52:16.314289+00:00,2026-08-31T00:00,2026-08-30T23:00:00+00:00,15.5,26.0
London,2026-08-21T11:52:16.314289+00:00,2026-08-31T01:00,2026-08-31T00:00:00+00:00,15.2,22.0
London,2026-08-21T11:52:16.314289+00:00,2026-08-31T02:00,2026-08-31T01:00:00+00:00,15.0,20.0
London,2026-08-21T11:52:16.314289+00:00,2026-08-31T03:00,2026-08-31T02:00:00+00:00,14.8,18.0
London,2026-08-21T11:52:16.314289+00:00,2026-08-31T04:00,2026-08-31T03:00:00+00:00,14.8,17.0
London,2026-08-21T11:52:16.314289+00:00,2026-08-31T05:00,2026-08-31T04:00:00+00:00,14.8,16.0
London,2026-08-21T11:52:16.314289+00:00,2026-08-31T06:00,2026-08-31T05:00:00+00:00,15.1,16.0
London,2026-08-21T11:52:16.314289+00:00,2026-08-31T07:00,2026-08-31T06:00:00+00:00,15.4,16.0
London,2026-08-21T11:52:16.314289+00:00,2026-08-31T08:00,2026-08-31T07:00:00+00:00,16.1,16.0
London,2026-08-21T11:52:16.314289+00:00,2026-08-31T09:00,2026-08-31T08:00:00+00:00,17.1,16.0
London,2026-08-21T11:52:16.314289+00:00,2026-08-31T10:00,2026-08-31T09:00:00+00:00,18.2,16.0
London,2026-08-21T11:52:16.314289+00:00,2026-08-31T11:00,2026-08-31T10:00:00+00:00,19.3,17.0
London,2026-08-21T11:52:16.314289+00:00,2026-08-31T12:00,2026-08-31T11:00:00+00:00,20.2,18.0
London,2026-08-21T11:52:16.314289+00:00,2026-08-31T13:00,2026-08-31T12:00:00+00:00,20.7,20.0
London,2026-08-21T11:52:16.314289+00:00,2026-08-31T14:00,2026-08-31T13:00:00+00:00,20.9,24.0
London,2026-08-21T11:52:16.314289+00:00,2026-08-31T15:00,2026-08-31T14:00:00+00:00,20.7,29.0
London,2026-08-21T11:52:16.314289+00:00,2026-08-31T16:00,2026-08-31T15:00:00+00:00,20.4,34.0
London,2026-08-21T11:52:16.314289+00:00,2026-08-31T17:00,2026-08-31T16:00:00+00:00,19.9,38.0
London,2026-08-21T11:52:16.314289+00:00,2026-08-31T18:00,2026-08-31T17:00:00+00:00,19.4,42.0
London,2026-08-21T11:52:16.314289+00:00,2026-08-31T19:00,2026-08-31T18:00:00+00:00,18.8,43.0
London,2026-08-21T11:52:16.314289+00:00,2026-08-31T20:00,2026-08-31T19:00:00+00:00,18.2,39.0
London,2026-08-21T11:52:16.314289+00:00,2026-08-31T21:00,2026-08-31T20:00:00+00:00,17.5,33.0
London,2026-08-21T11:52:16.314289+00:00,2026-08-31T22:00,2026-08-31T21:00:00+00:00,16.7,26.0
London,2026-08-21T11:52:16.314289+00:00,2026-08-31T23:00,2026-08-31T22:00:00+00:00,15.9,19.0
London,2026-08-21T11:52:16.314289+00:00,2026-09-01T00:00,2026-08-31T23:00:00+00:00,15.2,11.0
London,2026-08-21T11:52:16.314289+00:00,2026-09-01T01:00,2026-09-01T00:00:00+00:00,14.7,6.0
London,2026-08-21T11:52:16.314289+00:00,2026-09-01T02:00,2026-09-01T01:00:00+00:00,14.2,4.0
London,2026-08-21T11:52:16.314289+00:00,2026-09-01T03:00,2026-09-01T02:00:00+00:00,13.7,4.0
London,2026-08-21T11:52:16.314289+00:00,2026-09-01T04:00,2026-09-01T03:00:00+00:00,13.2,5.0
London,2026-08-21T11:52:16.314289+00:00,2026-09-01T05:00,2026-09-01T04:00:00+00:00,13.0,6.0
London,2026-08-21T11:52:16.314289+00:00,2026-09-01T06:00,2026-09-01T05:00:00+00:00,12.9,8.0
London,2026-08-21T11:52:16.314289+00:00,2026-09-01T07:00,2026-09-01T06:00:00+00:00,13.3,10.0
London,2026-08-21T11:52:16.314289+00:00,2026-09-01T08:00,2026-09-01T07:00:00+00:00,14.1,13.0
London,2026-08-21T11:52:16.314289+00:00,2026-09-01T09:00,2026-09-01T08:00:00+00:00,15.5,16.0
London,2026-08-21T11:52:16.314289+00:00,2026-09-01T10:00,2026-09-01T09:00:00+00:00,17.1,19.0
London,2026-08-21T11:52:16.314289+00:00,2026-09-01T11:00,2026-09-01T10:00:00+00:00,18.8,22.0
London,2026-08-21T11:52:16.314289+00:00,2026-09-01T12:00,2026-09-01T11:00:00+00:00,20.2,25.0
London,2026-08-21T11:52:16.314289+00:00,2026-09-01T13:00,2026-09-01T12:00:00+00:00,21.1,29.0
London,2026-08-21T11:52:16.314289+00:00,2026-09-01T14:00,2026-09-01T13:00:00+00:00,21.5,34.0
London,2026-08-21T11:52:16.314289+00:00,2026-09-01T15:00,2026-09-01T14:00:00+00:00,21.7,39.0
London,2026-08-21T11:52:16.314289+00:00,2026-09-01T16:00,2026-09-01T15:00:00+00:00,21.6,43.0
London,2026-08-21T11:52:16.314289+00:00,2026-09-01T17:00,2026-09-01T16:00:00+00:00,21.3,46.0
London,2026-08-21T11:52:16.314289+00:00,2026-09-01T18:00,2026-09-01T17:00:00+00:00,20.9,49.0
London,2026-08-21T11:52:16.314289+00:00,2026-09-01T19:00,2026-09-01T18:00:00+00:00,20.4,49.0
London,2026-08-21T11:52:16.314289+00:00,2026-09-01T20:00,2026-09-01T19:00:00+00:00,19.8,45.0
London,2026-08-21T11:52:16.314289+00:00,2026-09-01T21:00,2026-09-01T20:00:00+00:00,18.9,38.0
London,2026-08-21T11:52:16.314289+00:00,2026-09-01T22:00,2026-09-01T21:00:00+00:00,17.9,31.0
London,2026-08-21T11:52:16.314289+00:00,2026-09-01T23:00,2026-09-01T22:00:00+00:00,16.8,24.0
London,2026-08-21T11:52:16.314289+00:00,2026-09-02T00:00,2026-09-01T23:00:00+00:00,15.9,16.0
London,2026-08-21T11:52:16.314289+00:00,2026-09-02T01:00,2026-09-02T00:00:00+00:00,15.1,10.0
London,2026-08-21T11:52:16.314289+00:00,2026-09-02T02:00,2026-09-02T01:00:00+00:00,14.4,7.0
London,2026-08-21T11:52:16.314289+00:00,2026-09-02T03:00,2026-09-02T02:00:00+00:00,13.6,7.0
London,2026-08-21T11:52:16.314289+00:00,2026-09-02T04:00,2026-09-02T03:00:00+00:00,12.9,7.0
London,2026-08-21T11:52:16.314289+00:00,2026-09-02T05:00,2026-09-02T04:00:00+00:00,12.4,7.0
London,2026-08-21T11:52:16.314289+00:00,2026-09-02T06:00,2026-09-02T05:00:00+00:00,12.2,9.0
London,2026-08-21T11:52:16.314289+00:00,2026-09-02T07:00,2026-09-02T06:00:00+00:00,12.5,10.0
London,2026-08-21T11:52:16.314289+00:00,2026-09-02T08:00,2026-09-02T07:00:00+00:00,13.3,12.0
London,2026-08-21T11:52:16.314289+00:00,2026-09-02T09:00,2026-09-02T08:00:00+00:00,14.7,14.0
London,2026-08-21T11:52:16.314289+00:00,2026-09-02T10:00,2026-09-02T09:00:00+00:00,16.5,16.0
London,2026-08-21T11:52:16.314289+00:00,2026-09-02T11:00,2026-09-02T10:00:00+00:00,18.2,18.0
London,2026-08-21T11:52:16.314289+00:00,2026-09-02T12:00,2026-09-02T11:00:00+00:00,19.7,20.0
London,2026-08-21T11:52:16.314289+00:00,2026-09-02T13:00,2026-09-02T12:00:00+00:00,20.8,22.0
London,2026-08-21T11:52:16.314289+00:00,2026-09-02T14:00,2026-09-02T13:00:00+00:00,21.3,23.0
London,2026-08-21T11:52:16.314289+00:00,2026-09-02T15:00,2026-09-02T14:00:00+00:00,21.7,24.0
London,2026-08-21T11:52:16.314289+00:00,2026-09-02T16:00,2026-09-02T15:00:00+00:00,21.8,25.0
London,2026-08-21T11:52:16.314289+00:00,2026-09-02T17:00,2026-09-02T16:00:00+00:00,21.7,25.0
London,2026-08-21T11:52:16.314289+00:00,2026-09-02T18:00,2026-09-02T17:00:00+00:00,21.4,26.0
London,2026-08-21T11:52:16.314289+00:00,2026-09-02T19:00,2026-09-02T18:00:00+00:00,20.9,25.0
London,2026-08-21T11:52:16.314289+00:00,2026-09-02T20:00,2026-09-02T19:00:00+00:00,20.1,23.0
London,2026-08-21T11:52:16.314289+00:00,2026-09-02T21:00,2026-09-02T20:00:00+00:00,19.0,21.0
London,2026-08-21T11:52:16.314289+00:00,2026-09-02T22:00,2026-09-02T21:00:00+00:00,17.6,18.0
London,2026-08-21T11:52:16.314289+00:00,2026-09-02T23:00,2026-09-02T22:00:00+00:00,16.3,15.0
London,2026-08-21T11:52:16.314289+00:00,2026-09-03T00:00,2026-09-02T23:00:00+00:00,15.1,12.0
London,2026-08-21T11:52:16.314289+00:00,2026-09-03T01:00,2026-09-03T00:00:00+00:00,14.4,10.0
London,2026-08-21T11:52:16.314289+00:00,2026-09-03T02:00,2026-09-03T01:00:00+00:00,14.1,8.0
London,2026-08-21T11:52:16.314289+00:00,2026-09-03T03:00,2026-09-03T02:00:00+00:00,14.0,7.0
London,2026-08-21T11:52:16.314289+00:00,2026-09-03T04:00,2026-09-03T03:00:00+00:00,14.1,6.0
London,2026-08-21T11:52:16.314289+00:00,2026-09-03T05:00,2026-09-03T04:00:00+00:00,14.5,6.0
London,2026-08-21T11:52:16.314289+00:00,2026-09-03T06:00,2026-09-03T05:00:00+00:00,15.0,5.0
London,2026-08-21T11:52:16.314289+00:00,2026-09-03T07:00,2026-09-03T06:00:00+00:00,15.6,6.0
London,2026-08-21T11:52:16.314289+00:00,2026-09-03T08:00,2026-09-03T07:00:00+00:00,16.6,7.0
London,2026-08-21T11:52:16.314289+00:00,2026-09-03T09:00,2026-09-03T08:00:00+00:00,18.0,9.0
London,2026-08-21T11:52:16.314289+00:00,2026-09-03T10:00,2026-09-03T09:00:00+00:00,19.6,11.0
London,2026-08-21T11:52:16.314289+00:00,2026-09-03T11:00,2026-09-03T10:00:00+00:00,21.2,13.0
London,2026-08-21T11:52:16.314289+00:00,2026-09-03T12:00,2026-09-03T11:00:00+00:00,22.4,16.0
London,2026-08-21T11:52:16.314289+00:00,2026-09-03T13:00,2026-09-03T12:00:00+00:00,23.3,18.0
London,2026-08-21T11:52:16.314289+00:00,2026-09-03T14:00,2026-09-03T13:00:00+00:00,23.6,20.0
London,2026-08-21T11:52:16.314289+00:00,2026-09-03T15:00,2026-09-03T14:00:00+00:00,23.6,21.0
London,2026-08-21T11:52:16.314289+00:00,2026-09-03T16:00,2026-09-03T15:00:00+00:00,23.3,22.0
London,2026-08-21T11:52:16.314289+00:00,2026-09-03T17:00,2026-09-03T16:00:00+00:00,22.9,23.0
London,2026-08-21T11:52:16.314289+00:00,2026-09-03T18:00,2026-09-03T17:00:00+00:00,22.4,24.0
London,2026-08-21T11:52:16.314289+00:00,2026-09-03T19:00,2026-09-03T18:00:00+00:00,21.9,25.0
London,2026-08-21T11:52:16.314289+00:00,2026-09-03T20:00,2026-09-03T19:00:00+00:00,21.3,25.0
London,2026-08-21T11:52:16.314289+00:00,2026-09-03T21:00,2026-09-03T20:00:00+00:00,20.4,25.0
London,2026-08-21T11:52:16.314289+00:00,2026-09-03T22:00,2026-09-03T21:00:00+00:00,19.6,24.0
London,2026-08-21T11:52:16.314289+00:00,2026-09-03T23:00,2026-09-03T22:00:00+00:00,18.7,23.0
London,2026-08-21T11:52:16.314289+00:00,2026-09-04T00:00,2026-09-03T23:00:00+00:00,17.9,22.0
London,2026-08-21T11:52:16.314289+00:00,2026-09-04T01:00,2026-09-04T00:00:00+00:00,17.3,22.0
London,2026-08-21T11:52:16.314289+00:00,2026-09-04T02:00,2026-09-04T01:00:00+00:00,16.8,23.0
London,2026-08-21T11:52:16.314289+00:00,2026-09-04T03:00,2026-09-04T02:00:00+00:00,16.5,24.0
London,2026-08-21T11:52:16.314289+00:00,2026-09-04T04:00,2026-09-04T03:00:00+00:00,16.2,25.0
London,2026-08-21T11:52:16.314289+00:00,2026-09-04T05:00,2026-09-04T04:00:00+00:00,16.0,26.0
London,2026-08-21T11:52:16.314289+00:00,2026-09-04T06:00,2026-09-04T05:00:00+00:00,16.0,28.0
London,2026-08-21T11:52:16.314289+00:00,2026-09-04T07:00,2026-09-04T06:00:00+00:00,16.2,29.0
London,2026-08-21T11:52:16.314289+00:00,2026-09-04T08:00,2026-09-04T07:00:00+00:00,16.7,29.0
London,2026-08-21T11:52:16.314289+00:00,2026-09-04T09:00,2026-09-04T08:00:00+00:00,17.5,29.0
London,2026-08-21T11:52:16.314289+00:00,2026-09-04T10:00,2026-09-04T09:00:00+00:00,18.4,29.0
London,2026-08-21T11:52:16.314289+00:00,2026-09-04T11:00,2026-09-04T10:00:00+00:00,19.4,29.0
London,2026-08-21T11:52:16.314289+00:00,2026-09-04T12:00,2026-09-04T11:00:00+00:00,20.2,29.0
London,2026-08-21T11:52:16.314289+00:00,2026-09-04T13:00,2026-09-04T12:00:00+00:00,20.7,29.0
London,2026-08-21T11:52:16.314289+00:00,2026-09-04T14:00,2026-09-04T13:00:00+00:00,20.9,30.0
London,2026-08-21T11:52:16.314289+00:00,2026-09-04T15:00,2026-09-04T14:00:00+00:00,21.0,31.0
London,2026-08-21T11:52:16.314289+00:00,2026-09-04T16:00,2026-09-04T15:00:00+00:00,20.9,32.0
London,2026-08-21T11:52:16.314289+00:00,2026-09-04T17:00,2026-09-04T16:00:00+00:00,20.8,33.0
London,2026-08-21T11:52:16.314289+00:00,2026-09-04T18:00,2026-09-04T17:00:00+00:00,20.5,33.0
London,2026-08-21T11:52:16.314289+00:00,2026-09-04T19:00,2026-09-04T18:00:00+00:00,20.2,33.0
London,2026-08-21T11:52:16.314289+00:00,2026-09-04T20:00,2026-09-04T19:00:00+00:00,19.8,31.0
London,2026-08-21T11:52:16.314289+00:00,2026-09-04T21:00,2026-09-04T20:00:00+00:00,19.2,29.0
London,2026-08-21T11:52:16.314289+00:00,2026-09-04T22:00,2026-09-04T21:00:00+00:00,18.5,26.0
London,2026-08-21T11:52:16.314289+00:00,2026-09-04T23:00,2026-09-04T22:00:00+00:00,17.8,23.0
London,2026-08-21T11:52:16.314289+00:00,2026-09-05T00:00,2026-09-04T23:00:00+00:00,17.2,20.0
London,2026-08-21T11:52:16.314289+00:00,2026-09-05T01:00,2026-09-05T00:00:00+00:00,16.9,18.0
London,2026-08-21T11:52:16.314289+00:00,2026-09-05T02:00,2026-09-05T01:00:00+00:00,16.7,17.0
London,2026-08-21T11:52:16.314289+00:00,2026-09-05T03:00,2026-09-05T02:00:00+00:00,16.8,18.0
London,2026-08-21T11:52:16.314289+00:00,2026-09-05T04:00,2026-09-05T03:00:00+00:00,,
London,2026-08-21T11:52:16.314289+00:00,2026-09-05T05:00,2026-09-05T04:00:00+00:00,,
London,2026-08-21T11:52:16.314289+00:00,2026-09-05T06:00,2026-09-05T05:00:00+00:00,,
London,2026-08-21T11:52:16.314289+00:00,2026-09-05T07:00,2026-09-05T06:00:00+00:00,,
London,2026-08-21T11:52:16.314289+00:00,2026-09-05T08:00,2026-09-05T07:00:00+00:00,,
London,2026-08-21T11:52:16.314289+00:00,2026-09-05T09:00,2026-09-05T08:00:00+00:00,,
London,2026-08-21T11:52:16.314289+00:00,2026-09-05T10:00,2026-09-05T09:00:00+00:00,,
London,2026-08-21T11:52:16.314289+00:00,2026-09-05T11:00,2026-09-05T10:00:00+00:00,,
London,2026-08-21T11:52:16.314289+00:00,2026-09-05T12:00,2026-09-05T11:00:00+00:00,,
London,2026-08-21T11:52:16.314289+00:00,2026-09-05T13:00,2026-09-05T12:00:00+00:00,,
London,2026-08-21T11:52:16.314289+00:00,2026-09-05T14:00,2026-09-05T13:00:00+00:00,,
London,2026-08-21T11:52:16.314289+00:00,2026-09-05T15:00,2026-09-05T14:00:00+00:00,,
London,2026-08-21T11:52:16.314289+00:00,2026-09-05T16:00,2026-09-05T15:00:00+00:00,,
London,2026-08-21T11:52:16.314289+00:00,2026-09-05T17:00,2026-09-05T16:00:00+00:00,,
London,2026-08-21T11:52:16.314289+00:00,2026-09-05T18:00,2026-09-05T17:00:00+00:00,,
London,2026-08-21T11:52:16.314289+00:00,2026-09-05T19:00,2026-09-05T18:00:00+00:00,,
London,2026-08-21T11:52:16.314289+00:00,2026-09-05T20:00,2026-09-05T19:00:00+00:00,,
London,2026-08-21T11:52:16.314289+00:00,2026-09-05T21:00,2026-09-05T20:00:00+00:00,,
London,2026-08-21T11:52:16.314289+00:00,2026-09-05T22:00,2026-09-05T21:00:00+00:00,,
London,2026-08-21T11:52:16.314289+00:00,2026-09-05T23:00,2026-09-05T22:00:00+00:00,,
London,2026-08-21T13:22:13.909727+00:00,2026-08-21T00:00,2026-08-20T23:00:00+00:00,16.1,12.0
London,2026-08-21T13:22:13.909727+00:00,2026-08-21T01:00,2026-08-21T00:00:00+00:00,15.8,0.0
London,2026-08-21T13:22:13.909727+00:00,2026-08-21T02:00,2026-08-21T01:00:00+00:00,15.5,3.0
London,2026-08-21T13:22:13.909727+00:00,2026-08-21T03:00,2026-08-21T02:00:00+00:00,15.4,13.0
London,2026-08-21T13:22:13.909727+00:00,2026-08-21T04:00,2026-08-21T03:00:00+00:00,15.4,20.0
London,2026-08-21T13:22:13.909727+00:00,2026-08-21T05:00,2026-08-21T04:00:00+00:00,15.0,18.0
London,2026-08-21T13:22:13.909727+00:00,2026-08-21T06:00,2026-08-21T05:00:00+00:00,14.7,13.0
London,2026-08-21T13:22:13.909727+00:00,2026-08-21T07:00,2026-08-21T06:00:00+00:00,14.6,8.0
London,2026-08-21T13:22:13.909727+00:00,2026-08-21T08:00,2026-08-21T07:00:00+00:00,15.1,5.0
London,2026-08-21T13:22:13.909727+00:00,2026-08-21T09:00,2026-08-21T08:00:00+00:00,16.2,2.0
London,2026-08-21T13:22:13.909727+00:00,2026-08-21T10:00,2026-08-21T09:00:00+00:00,17.2,0.0
London,2026-08-21T13:22:13.909727+00:00,2026-08-21T11:00,2026-08-21T10:00:00+00:00,18.3,0.0
London,2026-08-21T13:22:13.909727+00:00,2026-08-21T12:00,2026-08-21T11:00:00+00:00,19.7,0.0
London,2026-08-21T13:22:13.909727+00:00,2026-08-21T13:00,2026-08-21T12:00:00+00:00,20.6,0.0
London,2026-08-21T13:22:13.909727+00:00,2026-08-21T14:00,2026-08-21T13:00:00+00:00,21.0,0.0
London,2026-08-21T13:22:13.909727+00:00,2026-08-21T15:00,2026-08-21T14:00:00+00:00,21.2,0.0
London,2026-08-21T13:22:13.909727+00:00,2026-08-21T16:00,2026-08-21T15:00:00+00:00,21.1,0.0
London,2026-08-21T13:22:13.909727+00:00,2026-08-21T17:00,2026-08-21T16:00:00+00:00,21.0,7.0
London,2026-08-21T13:22:13.909727+00:00,2026-08-21T18:00,2026-08-21T17:00:00+00:00,20.5,17.0
London,2026-08-21T13:22:13.909727+00:00,2026-08-21T19:00,2026-08-21T18:00:00+00:00,19.0,22.0
London,2026-08-21T13:22:13.909727+00:00,2026-08-21T20:00,2026-08-21T19:00:00+00:00,18.0,19.0
London,2026-08-21T13:22:13.909727+00:00,2026-08-21T21:00,2026-08-21T20:00:00+00:00,16.7,13.0
London,2026-08-21T13:22:13.909727+00:00,2026-08-21T22:00,2026-08-21T21:00:00+00:00,15.6,8.0
London,2026-08-21T13:22:13.909727+00:00,2026-08-21T23:00,2026-08-21T22:00:00+00:00,15.3,7.0
London,2026-08-21T13:22:13.909727+00:00,2026-08-22T00:00,2026-08-21T23:00:00+00:00,15.2,8.0
London,2026-08-21T13:22:13.909727+00:00,2026-08-22T01:00,2026-08-22T00:00:00+00:00,15.1,8.0
London,2026-08-21T13:22:13.909727+00:00,2026-08-22T02:00,2026-08-22T01:00:00+00:00,14.5,6.0
London,2026-08-21T13:22:13.909727+00:00,2026-08-22T03:00,2026-08-22T02:00:00+00:00,14.0,4.0
London,2026-08-21T13:22:13.909727+00:00,2026-08-22T04:00,2026-08-22T03:00:00+00:00,13.6,2.0
London,2026-08-21T13:22:13.909727+00:00,2026-08-22T05:00,2026-08-22T04:00:00+00:00,13.1,1.0
London,2026-08-21T13:22:13.909727+00:00,2026-08-22T06:00,2026-08-22T05:00:00+00:00,12.8,0.0
London,2026-08-21T13:22:13.909727+00:00,2026-08-22T07:00,2026-08-22T06:00:00+00:00,12.8,0.0
London,2026-08-21T13:22:13.909727+00:00,2026-08-22T08:00,2026-08-22T07:00:00+00:00,13.5,0.0
London,2026-08-21T13:22:13.909727+00:00,2026-08-22T09:00,2026-08-22T08:00:00+00:00,14.9,0.0
London,2026-08-21T13:22:13.909727+00:00,2026-08-22T10:00,2026-08-22T09:00:00+00:00,16.5,0.0
London,2026-08-21T13:22:13.909727+00:00,2026-08-22T11:00,2026-08-22T10:00:00+00:00,17.8,0.0
London,2026-08-21T13:22:13.909727+00:00,2026-08-22T12:00,2026-08-22T11:00:00+00:00,18.6,0.0
London,2026-08-21T13:22:13.909727+00:00,2026-08-22T13:00,2026-08-22T12:00:00+00:00,19.3,0.0
London,2026-08-21T13:22:13.909727+00:00,2026-08-22T14:00,2026-08-22T13:00:00+00:00,19.9,0.0
London,2026-08-21T13:22:13.909727+00:00,2026-08-22T15:00,2026-08-22T14:00:00+00:00,20.1,0.0
London,2026-08-21T13:22:13.909727+00:00,2026-08-22T16:00,2026-08-22T15:00:00+00:00,20.5,0.0
London,2026-08-21T13:22:13.909727+00:00,2026-08-22T17:00,2026-08-22T16:00:00+00:00,20.6,0.0
London,2026-08-21T13:22:13.909727+00:00,2026-08-22T18:00,2026-08-22T17:00:00+00:00,20.5,0.0
London,2026-08-21T13:22:13.909727+00:00,2026-08-22T19:00,2026-08-22T18:00:00+00:00,20.3,0.0
London,2026-08-21T13:22:13.909727+00:00,2026-08-22T20:00,2026-08-22T19:00:00+00:00,19.8,0.0
London,2026-08-21T13:22:13.909727+00:00,2026-08-22T21:00,2026-08-22T20:00:00+00:00,19.2,0.0
London,2026-08-21T13:22:13.909727+00:00,2026-08-22T22:00,2026-08-22T21:00:00+00:00,18.4,0.0
London,2026-08-21T13:22:13.909727+00:00,2026-08-22T23:00,2026-08-22T22:00:00+00:00,17.6,0.0
London,2026-08-21T13:22:13.909727+00:00,2026-08-23T00:00,2026-08-22T23:00:00+00:00,17.1,0.0
London,2026-08-21T13:22:13.909727+00:00,2026-08-23T01:00,2026-08-23T00:00:00+00:00,17.1,0.0
London,2026-08-21T13:22:13.909727+00:00,2026-08-23T02:00,2026-08-23T01:00:00+00:00,16.7,0.0
London,2026-08-21T13:22:13.909727+00:00,2026-08-23T03:00,2026-08-23T02:00:00+00:00,16.3,0.0
London,2026-08-21T13:22:13.909727+00:00,2026-08-23T04:00,2026-08-23T03:00:00+00:00,15.9,0.0
London,2026-08-21T13:22:13.909727+00:00,2026-08-23T05:00,2026-08-23T04:00:00+00:00,15.7,0.0
London,2026-08-21T13:22:13.909727+00:00,2026-08-23T06:00,2026-08-23T05:00:00+00:00,15.4,0.0
London,2026-08-21T13:22:13.909727+00:00,2026-08-23T07:00,2026-08-23T06:00:00+00:00,15.6,0.0
London,2026-08-21T13:22:13.909727+00:00,2026-08-23T08:00,2026-08-23T07:00:00+00:00,16.3,0.0
London,2026-08-21T13:22:13.909727+00:00,2026-08-23T09:00,2026-08-23T08:00:00+00:00,17.0,0.0
London,2026-08-21T13:22:13.909727+00:00,2026-08-23T10:00,2026-08-23T09:00:00+00:00,18.4,0.0
London,2026-08-21T13:22:13.909727+00:00,2026-08-23T11:00,2026-08-23T10:00:00+00:00,19.2,0.0
London,2026-08-21T13:22:13.909727+00:00,2026-08-23T12:00,2026-08-23T11:00:00+00:00,19.6,0.0
London,2026-08-21T13:22:13.909727+00:00,2026-08-23T13:00,2026-08-23T12:00:00+00:00,20.3,0.0
London,2026-08-21T13:22:13.909727+00:00,2026-08-23T14:00,2026-08-23T13:00:00+00:00,20.8,0.0
London,2026-08-21T13:22:13.909727+00:00,2026-08-23T15:00,2026-08-23T14:00:00+00:00,21.3,0.0
London,2026-08-21T13:22:13.909727+00:00,2026-08-23T16:00,2026-08-23T15:00:00+00:00,21.8,0.0
London,2026-08-21T13:22:13.909727+00:00,2026-08-23T17:00,2026-08-23T16:00:00+00:00,22.2,0.0
London,2026-08-21T13:22:13.909727+00:00,2026-08-23T18:00,2026-08-23T17:00:00+00:00,22.5,0.0
London,2026-08-21T13:22:13.909727+00:00,2026-08-23T19:00,2026-08-23T18:00:00+00:00,22.7,0.0
London,2026-08-21T13:22:13.909727+00:00,2026-08-23T20:00,2026-08-23T19:00:00+00:00,21.7,0.0
London,2026-08-21T13:22:13.909727+00:00,2026-08-23T21:00,2026-08-23T20:00:00+00:00,20.8,0.0
London,2026-08-21T13:22:13.909727+00:00,2026-08-23T22:00,2026-08-23T21:00:00+00:00,19.9,0.0
London,2026-08-21T13:22:13.909727+00:00,2026-08-23T23:00,2026-08-23T22:00:00+00:00,19.2,0.0
London,2026-08-21T13:22:13.909727+00:00,2026-08-24T00:00,2026-08-23T23:00:00+00:00,18.5,0.0
London,2026-08-21T13:22:13.909727+00:00,2026-08-24T01:00,2026-08-24T00:00:00+00:00,17.9,0.0
London,2026-08-21T13:22:13.909727+00:00,2026-08-24T02:00,2026-08-24T01:00:00+00:00,17.5,0.0
London,2026-08-21T13:22:13.909727+00:00,2026-08-24T03:00,2026-08-24T02:00:00+00:00,17.1,0.0
London,2026-08-21T13:22:13.909727+00:00,2026-08-24T04:00,2026-08-24T03:00:00+00:00,16.8,0.0
London,2026-08-21T13:22:13.909727+00:00,2026-08-24T05:00,2026-08-24T04:00:00+00:00,16.3,0.0
London,2026-08-21T13:22:13.909727+00:00,2026-08-24T06:00,2026-08-24T05:00:00+00:00,15.8,0.0
London,2026-08-21T13:22:13.909727+00:00,2026-08-24T07:00,2026-08-24T06:00:00+00:00,15.7,0.0
London,2026-08-21T13:22:13.909727+00:00,2026-08-24T08:00,2026-08-24T07:00:00+00:00,16.4,0.0
London,2026-08-21T13:22:13.909727+00:00,2026-08-24T09:00,2026-08-24T08:00:00+00:00,17.5,0.0
London,2026-08-21T13:22:13.909727+00:00,2026-08-24T10:00,2026-08-24T09:00:00+00:00,18.5,0.0
London,2026-08-21T13:22:13.909727+00:00,2026-08-24T11:00,2026-08-24T10:00:00+00:00,19.2,0.0
London,2026-08-21T13:22:13.909727+00:00,2026-08-24T12:00,2026-08-24T11:00:00+00:00,19.8,0.0
London,2026-08-21T13:22:13.909727+00:00,2026-08-24T13:00,2026-08-24T12:00:00+00:00,20.3,0.0
London,2026-08-21T13:22:13.909727+00:00,2026-08-24T14:00,2026-08-24T13:00:00+00:00,20.6,0.0
London,2026-08-21T13:22:13.909727+00:00,2026-08-24T15:00,2026-08-24T14:00:00+00:00,20.7,0.0
London,2026-08-21T13:22:13.909727+00:00,2026-08-24T16:00,2026-08-24T15:00:00+00:00,20.7,0.0
London,2026-08-21T13:22:13.909727+00:00,2026-08-24T17:00,2026-08-24T16:00:00+00:00,20.5,0.0
London,2026-08-21T13:22:13.909727+00:00,2026-08-24T18:00,2026-08-24T17:00:00+00:00,20.2,0.0
London,2026-08-21T13:22:13.909727+00:00,2026-08-24T19:00,2026-08-24T18:00:00+00:00,19.9,0.0
London,2026-08-21T13:22:13.909727+00:00,2026-08-24T20:00,2026-08-24T19:00:00+00:00,19.6,0.0
London,2026-08-21T13:22:13.909727+00:00,2026-08-24T21:00,2026-08-24T20:00:00+00:00,19.4,1.0
London,2026-08-21T13:22:13.909727+00:00,2026-08-24T22:00,2026-08-24T21:00:00+00:00,19.3,2.0
London,2026-08-21T13:22:13.909727+00:00,2026-08-24T23:00,2026-08-24T22:00:00+00:00,19.2,3.0
London,2026-08-21T13:22:13.909727+00:00,2026-08-25T00:00,2026-08-24T23:00:00+00:00,19.1,4.0
London,2026-08-21T13:22:13.909727+00:00,2026-08-25T01:00,2026-08-25T00:00:00+00:00,19.0,6.0
London,2026-08-21T13:22:13.909727+00:00,2026-08-25T02:00,2026-08-25T01:00:00+00:00,18.8,10.0
London,2026-08-21T13:22:13.909727+00:00,2026-08-25T03:00,2026-08-25T02:00:00+00:00,18.5,14.0
London,2026-08-21T13:22:13.909727+00:00,2026-08-25T04:00,2026-08-25T03:00:00+00:00,18.3,18.0
London,2026-08-21T13:22:13.909727+00:00,2026-08-25T05:00,2026-08-25T04:00:00+00:00,17.8,20.0
London,2026-08-21T13:22:13.909727+00:00,2026-08-25T06:00,2026-08-25T05:00:00+00:00,17.4,21.0
London,2026-08-21T13:22:13.909727+00:00,2026-08-25T07:00,2026-08-25T06:00:00+00:00,17.2,22.0
London,2026-08-21T13:22:13.909727+00:00,2026-08-25T08:00,2026-08-25T07:00:00+00:00,17.7,23.0
London,2026-08-21T13:22:13.909727+00:00,2026-08-25T09:00,2026-08-25T08:00:00+00:00,18.4,23.0
London,2026-08-21T13:22:13.909727+00:00,2026-08-25T10:00,2026-08-25T09:00:00+00:00,19.1,22.0
London,2026-08-21T13:22:13.909727+00:00,2026-08-25T11:00,2026-08-25T10:00:00+00:00,19.7,20.0
London,2026-08-21T13:22:13.909727+00:00,2026-08-25T12:00,2026-08-25T11:00:00+00:00,20.2,16.0
London,2026-08-21T13:22:13.909727+00:00,2026-08-25T13:00,2026-08-25T12:00:00+00:00,20.7,14.0
London,2026-08-21T13:22:13.909727+00:00,2026-08-25T14:00,2026-08-25T13:00:00+00:00,21.2,14.0
London,2026-08-21T13:22:13.909727+00:00,2026-08-25T15:00,2026-08-25T14:00:00+00:00,21.6,16.0
London,2026-08-21T13:22:13.909727+00:00,2026-08-25T16:00,2026-08-25T15:00:00+00:00,22.0,16.0
London,2026-08-21T13:22:13.909727+00:00,2026-08-25T17:00,2026-08-25T16:00:00+00:00,22.4,13.0
London,2026-08-21T13:22:13.909727+00:00,2026-08-25T18:00,2026-08-25T17:00:00+00:00,22.8,9.0
London,2026-08-21T13:22:13.909727+00:00,2026-08-25T19:00,2026-08-25T18:00:00+00:00,22.8,6.0
London,2026-08-21T13:22:13.909727+00:00,2026-08-25T20:00,2026-08-25T19:00:00+00:00,21.9,6.0
London,2026-08-21T13:22:13.909727+00:00,2026-08-25T21:00,2026-08-25T20:00:00+00:00,20.6,8.0
London,2026-08-21T13:22:13.909727+00:00,2026-08-25T22:00,2026-08-25T21:00:00+00:00,19.6,10.0
London,2026-08-21T13:22:13.909727+00:00,2026-08-25T23:00,2026-08-25T22:00:00+00:00,19.2,11.0
London,2026-08-21T13:22:13.909727+00:00,2026-08-26T00:00,2026-08-25T23:00:00+00:00,19.1,12.0
London,2026-08-21T13:22:13.909727+00:00,2026-08-26T01:00,2026-08-26T00:00:00+00:00,19.0,12.0
London,2026-08-21T13:22:13.909727+00:00,2026-08-26T02:00,2026-08-26T01:00:00+00:00,18.7,11.0
London,2026-08-21T13:22:13.909727+00:00,2026-08-26T03:00,2026-08-26T02:00:00+00:00,18.4,10.0
London,2026-08-21T13:22:13.909727+00:00,2026-08-26T04:00,2026-08-26T03:00:00+00:00,18.2,10.0
London,2026-08-21T13:22:13.909727+00:00,2026-08-26T05:00,2026-08-26T04:00:00+00:00,18.0,12.0
London,2026-08-21T13:22:13.909727+00:00,2026-08-26T06:00,2026-08-26T05:00:00+00:00,17.9,16.0
London,2026-08-21T13:22:13.909727+00:00,2026-08-26T07:00,2026-08-26T06:00:00+00:00,18.0,18.0
London,2026-08-21T13:22:13.909727+00:00,2026-08-26T08:00,2026-08-26T07:00:00+00:00,18.3,16.0
London,2026-08-21T13:22:13.909727+00:00,2026-08-26T09:00,2026-08-26T08:00:00+00:00,18.9,13.0
London,2026-08-21T13:22:13.909727+00:00,2026-08-26T10:00,2026-08-26T09:00:00+00:00,19.6,12.0
London,2026-08-21T13:22:13.909727+00:00,2026-08-26T11:00,2026-08-26T10:00:00+00:00,20.8,15.0
London,2026-08-21T13:22:13.909727+00:00,2026-08-26T12:00,2026-08-26T11:00:00+00:00,22.3,20.0
London,2026-08-21T13:22:13.909727+00:00,2026-08-26T13:00,2026-08-26T12:00:00+00:00,23.5,24.0
London,2026-08-21T13:22:13.909727+00:00,2026-08-26T14:00,2026-08-26T13:00:00+00:00,24.4,26.0
London,2026-08-21T13:22:13.909727+00:00,2026-08-26T15:00,2026-08-26T14:00:00+00:00,25.1,27.0
London,2026-08-21T13:22:13.909727+00:00,2026-08-26T16:00,2026-08-26T15:00:00+00:00,25.4,27.0
London,2026-08-21T13:22:13.909727+00:00,2026-08-26T17:00,2026-08-26T16:00:00+00:00,25.5,26.0
London,2026-08-21T13:22:13.909727+00:00,2026-08-26T18:00,2026-08-26T17:00:00+00:00,25.2,24.0
London,2026-08-21T13:22:13.909727+00:00,2026-08-26T19:00,2026-08-26T18:00:00+00:00,24.7,22.0
London,2026-08-21T13:22:13.909727+00:00,2026-08-26T20:00,2026-08-26T19:00:00+00:00,24.0,17.0
London,2026-08-21T13:22:13.909727+00:00,2026-08-26T21:00,2026-08-26T20:00:00+00:00,23.0,12.0
London,2026-08-21T13:22:13.909727+00:00,2026-08-26T22:00,2026-08-26T21:00:00+00:00,22.2,10.0
London,2026-08-21T13:22:13.909727+00:00,2026-08-26T23:00,2026-08-26T22:00:00+00:00,21.9,14.0
London,2026-08-21T13:22:13.909727+00:00,2026-08-27T00:00,2026-08-26T23:00:00+00:00,21.1,22.0
London,2026-08-21T13:22:13.909727+00:00,2026-08-27T01:00,2026-08-27T00:00:00+00:00,20.5,29.0
London,2026-08-21T13:22:13.909727+00:00,2026-08-27T02:00,2026-08-27T01:00:00+00:00,20.0,35.0
London,2026-08-21T13:22:13.909727+00:00,2026-08-27T03:00,2026-08-27T02:00:00+00:00,19.6,40.0
London,2026-08-21T13:22:13.909727+00:00,2026-08-27T04:00,2026-08-27T03:00:00+00:00,19.2,46.0
London,2026-08-21T13:22:13.909727+00:00,2026-08-27T05:00,2026-08-27T04:00:00+00:00,18.9,52.0
London,2026-08-21T13:22:13.909727+00:00,2026-08-27T06:00,2026-08-27T05:00:00+00:00,18.8,58.0
London,2026-08-21T13:22:13.909727+00:00,2026-08-27T07:00,2026-08-27T06:00:00+00:00,18.9,63.0
London,2026-08-21T13:22:13.909727+00:00,2026-08-27T08:00,2026-08-27T07:00:00+00:00,19.2,66.0
London,2026-08-21T13:22:13.909727+00:00,2026-08-27T09:00,2026-08-27T08:00:00+00:00,19.8,68.0
London,2026-08-21T13:22:13.909727+00:00,2026-08-27T10:00,2026-08-27T09:00:00+00:00,20.5,69.0
London,2026-08-21T13:22:13.909727+00:00,2026-08-27T11:00,2026-08-27T10:00:00+00:00,21.2,70.0
London,2026-08-21T13:22:13.909727+00:00,2026-08-27T12:00,2026-08-27T11:00:00+00:00,21.9,70.0
London,2026-08-21T13:22:13.909727+00:00,2026-08-27T13:00,2026-08-27T12:00:00+00:00,22.4,71.0
London,2026-08-21T13:22:13.909727+00:00,2026-08-27T14:00,2026-08-27T13:00:00+00:00,22.8,72.0
London,2026-08-21T13:22:13.909727+00:00,2026-08-27T15:00,2026-08-27T14:00:00+00:00,23.1,73.0
London,2026-08-21T13:22:13.909727+00:00,2026-08-27T16:00,2026-08-27T15:00:00+00:00,23.4,74.0
London,2026-08-21T13:22:13.909727+00:00,2026-08-27T17:00,2026-08-27T16:00:00+00:00,23.5,74.0
London,2026-08-21T13:22:13.909727+00:00,2026-08-27T18:00,2026-08-27T17:00:00+00:00,23.6,74.0
London,2026-08-21T13:22:13.909727+00:00,2026-08-27T19:00,2026-08-27T18:00:00+00:00,23.4,71.0
London,2026-08-21T13:22:13.909727+00:00,2026-08-27T20:00,2026-08-27T19:00:00+00:00,23.1,65.0
London,2026-08-21T13:22:13.909727+00:00,2026-08-27T21:00,2026-08-27T20:00:00+00:00,22.4,56.0
London,2026-08-21T13:22:13.909727+00:00,2026-08-27T22:00,2026-08-27T21:00:00+00:00,21.7,48.0
London,2026-08-21T13:22:13.909727+00:00,2026-08-27T23:00,2026-08-27T22:00:00+00:00,19.8,40.0
London,2026-08-21T13:22:13.909727+00:00,2026-08-28T00:00,2026-08-27T23:00:00+00:00,18.0,31.0
London,2026-08-21T13:22:13.909727+00:00,2026-08-28T01:00,2026-08-28T00:00:00+00:00,16.3,25.0
London,2026-08-21T13:22:13.909727+00:00,2026-08-28T02:00,2026-08-28T01:00:00+00:00,14.6,22.0
London,2026-08-21T13:22:13.909727+00:00,2026-08-28T03:00,2026-08-28T02:00:00+00:00,14.2,22.0
London,2026-08-21T13:22:13.909727+00:00,2026-08-28T04:00,2026-08-28T03:00:00+00:00,13.8,22.0
London,2026-08-21T13:22:13.909727+00:00,2026-08-28T05:00,2026-08-28T04:00:00+00:00,13.6,23.0
London,2026-08-21T13:22:13.909727+00:00,2026-08-28T06:00,2026-08-28T05:00:00+00:00,13.6,25.0
London,2026-08-21T13:22:13.909727+00:00,2026-08-28T07:00,2026-08-28T06:00:00+00:00,13.8,27.0
London,2026-08-21T13:22:13.909727+00:00,2026-08-28T08:00,2026-08-28T07:00:00+00:00,14.5,30.0
London,2026-08-21T13:22:13.909727+00:00,2026-08-28T09:00,2026-08-28T08:00:00+00:00,15.6,34.0
London,2026-08-21T13:22:13.909727+00:00,2026-08-28T10:00,2026-08-28T09:00:00+00:00,16.9,38.0
London,2026-08-21T13:22:13.909727+00:00,2026-08-28T11:00,2026-08-28T10:00:00+00:00,18.2,42.0
London,2026-08-21T13:22:13.909727+00:00,2026-08-28T12:00,2026-08-28T11:00:00+00:00,19.3,46.0
London,2026-08-21T13:22:13.909727+00:00,2026-08-28T13:00,2026-08-28T12:00:00+00:00,19.9,51.0
London,2026-08-21T13:22:13.909727+00:00,2026-08-28T14:00,2026-08-28T13:00:00+00:00,19.9,56.0
London,2026-08-21T13:22:13.909727+00:00,2026-08-28T15:00,2026-08-28T14:00:00+00:00,19.6,62.0
London,2026-08-21T13:22:13.909727+00:00,2026-08-28T16:00,2026-08-28T15:00:00+00:00,19.0,66.0
London,2026-08-21T13:22:13.909727+00:00,2026-08-28T17:00,2026-08-28T16:00:00+00:00,18.3,70.0
London,2026-08-21T13:22:13.909727+00:00,2026-08-28T18:00,2026-08-28T17:00:00+00:00,17.6,72.0
London,2026-08-21T13:22:13.909727+00:00,2026-08-28T19:00,2026-08-28T18:00:00+00:00,17.1,71.0
London,2026-08-21T13:22:13.909727+00:00,2026-08-28T20:00,2026-08-28T19:00:00+00:00,16.8,64.0
London,2026-08-21T13:22:13.909727+00:00,2026-08-28T21:00,2026-08-28T20:00:00+00:00,16.6,54.0
London,2026-08-21T13:22:13.909727+00:00,2026-08-28T22:00,2026-08-28T21:00:00+00:00,16.4,43.0
London,2026-08-21T13:22:13.909727+00:00,2026-08-28T23:00,2026-08-28T22:00:00+00:00,16.2,32.0
London,2026-08-21T13:22:13.909727+00:00,2026-08-29T00:00,2026-08-28T23:00:00+00:00,16.0,21.0
London,2026-08-21T13:22:13.909727+00:00,2026-08-29T01:00,2026-08-29T00:00:00+00:00,15.9,14.0
London,2026-08-21T13:22:13.909727+00:00,2026-08-29T02:00,2026-08-29T01:00:00+00:00,15.7,12.0
London,2026-08-21T13:22:13.909727+00:00,2026-08-29T03:00,2026-08-29T02:00:00+00:00,15.4,14.0
London,2026-08-21T13:22:13.909727+00:00,2026-08-29T04:00,2026-08-29T03:00:00+00:00,15.1,17.0
London,2026-08-21T13:22:13.909727+00:00,2026-08-29T05:00,2026-08-29T04:00:00+00:00,15.0,20.0
London,2026-08-21T13:22:13.909727+00:00,2026-08-29T06:00,2026-08-29T05:00:00+00:00,15.0,24.0
London,2026-08-21T13:22:13.909727+00:00,2026-08-29T07:00,2026-08-29T06:00:00+00:00,15.3,27.0
London,2026-08-21T13:22:13.909727+00:00,2026-08-29T08:00,2026-08-29T07:00:00+00:00,16.0,28.0
London,2026-08-21T13:22:13.909727+00:00,2026-08-29T09:00,2026-08-29T08:00:00+00:00,17.1,28.0
London,2026-08-21T13:22:13.909727+00:00,2026-08-29T10:00,2026-08-29T09:00:00+00:00,18.4,29.0
London,2026-08-21T13:22:13.909727+00:00,2026-08-29T11:00,2026-08-29T10:00:00+00:00,19.7,30.0
London,2026-08-21T13:22:13.909727+00:00,2026-08-29T12:00,2026-08-29T11:00:00+00:00,20.7,31.0
London,2026-08-21T13:22:13.909727+00:00,2026-08-29T13:00,2026-08-29T12:00:00+00:00,21.3,33.0
London,2026-08-21T13:22:13.909727+00:00,2026-08-29T14:00,2026-08-29T13:00:00+00:00,21.5,37.0
London,2026-08-21T13:22:13.909727+00:00,2026-08-29T15:00,2026-08-29T14:00:00+00:00,21.3,42.0
London,2026-08-21T13:22:13.909727+00:00,2026-08-29T16:00,2026-08-29T15:00:00+00:00,20.9,47.0
London,2026-08-21T13:22:13.909727+00:00,2026-08-29T17:00,2026-08-29T16:00:00+00:00,20.4,51.0
London,2026-08-21T13:22:13.909727+00:00,2026-08-29T18:00,2026-08-29T17:00:00+00:00,19.8,55.0
London,2026-08-21T13:22:13.909727+00:00,2026-08-29T19:00,2026-08-29T18:00:00+00:00,19.3,55.0
London,2026-08-21T13:22:13.909727+00:00,2026-08-29T20:00,2026-08-29T19:00:00+00:00,18.7,50.0
London,2026-08-21T13:22:13.909727+00:00,2026-08-29T21:00,2026-08-29T20:00:00+00:00,18.0,42.0
London,2026-08-21T13:22:13.909727+00:00,2026-08-29T22:00,2026-08-29T21:00:00+00:00,17.2,33.0
London,2026-08-21T13:22:13.909727+00:00,2026-08-29T23:00,2026-08-29T22:00:00+00:00,16.5,24.0
London,2026-08-21T13:22:13.909727+00:00,2026-08-30T00:00,2026-08-29T23:00:00+00:00,15.8,16.0
London,2026-08-21T13:22:13.909727+00:00,2026-08-30T01:00,2026-08-30T00:00:00+00:00,15.2,10.0
London,2026-08-21T13:22:13.909727+00:00,2026-08-30T02:00,2026-08-30T01:00:00+00:00,14.6,9.0
London,2026-08-21T13:22:13.909727+00:00,2026-08-30T03:00,2026-08-30T02:00:00+00:00,14.0,10.0
London,2026-08-21T13:22:13.909727+00:00,2026-08-30T04:00,2026-08-30T03:00:00+00:00,13.5,12.0
London,2026-08-21T13:22:13.909727+00:00,2026-08-30T05:00,2026-08-30T04:00:00+00:00,13.1,14.0
London,2026-08-21T13:22:13.909727+00:00,2026-08-30T06:00,2026-08-30T05:00:00+00:00,13.0,17.0
London,2026-08-21T13:22:13.909727+00:00,2026-08-30T07:00,2026-08-30T06:00:00+00:00,13.2,20.0
London,2026-08-21T13:22:13.909727+00:00,2026-08-30T08:00,2026-08-30T07:00:00+00:00,14.0,21.0
London,2026-08-21T13:22:13.909727+00:00,2026-08-30T09:00,2026-08-30T08:00:00+00:00,15.3,22.0
London,2026-08-21T13:22:13.909727+00:00,2026-08-30T10:00,2026-08-30T09:00:00+00:00,16.9,23.0
London,2026-08-21T13:22:13.909727+00:00,2026-08-30T11:00,2026-08-30T10:00:00+00:00,18.5,24.0
London,2026-08-21T13:22:13.909727+00:00,2026-08-30T12:00,2026-08-30T11:00:00+00:00,19.8,25.0
London,2026-08-21T13:22:13.909727+00:00,2026-08-30T13:00,2026-08-30T12:00:00+00:00,20.5,27.0
London,2026-08-21T13:22:13.909727+00:00,2026-08-30T14:00,2026-08-30T13:00:00+00:00,20.7,31.0
London,2026-08-21T13:22:13.909727+00:00,2026-08-30T15:00,2026-08-30T14:00:00+00:00,20.5,35.0
London,2026-08-21T13:22:13.909727+00:00,2026-08-30T16:00,2026-08-30T15:00:00+00:00,20.0,39.0
London,2026-08-21T13:22:13.909727+00:00,2026-08-30T17:00,2026-08-30T16:00:00+00:00,19.3,43.0
London,2026-08-21T13:22:13.909727+00:00,2026-08-30T18:00,2026-08-30T17:00:00+00:00,18.7,46.0
London,2026-08-21T13:22:13.909727+00:00,2026-08-30T19:00,2026-08-30T18:00:00+00:00,18.1,47.0
London,2026-08-21T13:22:13.909727+00:00,2026-08-30T20:00,2026-08-30T19:00:00+00:00,17.6,45.0
London,2026-08-21T13:22:13.909727+00:00,2026-08-30T21:00,2026-08-30T20:00:00+00:00,17.1,41.0
London,2026-08-21T13:22:13.909727+00:00,2026-08-30T22:00,2026-08-30T21:00:00+00:00,16.5,36.0
London,2026-08-21T13:22:13.909727+00:00,2026-08-30T23:00,2026-08-30T22:00:00+00:00,15.9,31.0
London,2026-08-21T13:22:13.909727+00:00,2026-08-31T00:00,2026-08-30T23:00:00+00:00,15.5,26.0
London,2026-08-21T13:22:13.909727+00:00,2026-08-31T01:00,2026-08-31T00:00:00+00:00,15.2,22.0
London,2026-08-21T13:22:13.909727+00:00,2026-08-31T02:00,2026-08-31T01:00:00+00:00,15.0,20.0
London,2026-08-21T13:22:13.909727+00:00,2026-08-31T03:00,2026-08-31T02:00:00+00:00,14.8,18.0
London,2026-08-21T13:22:13.909727+00:00,2026-08-31T04:00,2026-08-31T03:00:00+00:00,14.8,17.0
London,2026-08-21T13:22:13.909727+00:00,2026-08-31T05:00,2026-08-31T04:00:00+00:00,14.8,16.0
London,2026-08-21T13:22:13.909727+00:00,2026-08-31T06:00,2026-08-31T05:00:00+00:00,15.1,16.0
London,2026-08-21T13:22:13.909727+00:00,2026-08-31T07:00,2026-08-31T06:00:00+00:00,15.4,16.0
London,2026-08-21T13:22:13.909727+00:00,2026-08-31T08:00,2026-08-31T07:00:00+00:00,16.1,16.0
London,2026-08-21T13:22:13.909727+00:00,2026-08-31T09:00,2026-08-31T08:00:00+00:00,17.1,16.0
London,2026-08-21T13:22:13.909727+00:00,2026-08-31T10:00,2026-08-31T09:00:00+00:00,18.2,16.0
London,2026-08-21T13:22:13.909727+00:00,2026-08-31T11:00,2026-08-31T10:00:00+00:00,19.3,17.0
London,2026-08-21T13:22:13.909727+00:00,2026-08-31T12:00,2026-08-31T11:00:00+00:00,20.2,18.0
London,2026-08-21T13:22:13.909727+00:00,2026-08-31T13:00,2026-08-31T12:00:00+00:00,20.7,20.0
London,2026-08-21T13:22:13.909727+00:00,2026-08-31T14:00,2026-08-31T13:00:00+00:00,20.9,24.0
London,2026-08-21T13:22:13.909727+00:00,2026-08-31T15:00,2026-08-31T14:00:00+00:00,20.7,29.0
London,2026-08-21T13:22:13.909727+00:00,2026-08-31T16:00,2026-08-31T15:00:00+00:00,20.4,34.0
London,2026-08-21T13:22:13.909727+00:00,2026-08-31T17:00,2026-08-31T16:00:00+00:00,19.9,38.0
London,2026-08-21T13:22:13.909727+00:00,2026-08-31T18:00,2026-08-31T17:00:00+00:00,19.4,42.0
London,2026-08-21T13:22:13.909727+00:00,2026-08-31T19:00,2026-08-31T18:00:00+00:00,18.8,43.0
London,2026-08-21T13:22:13.909727+00:00,2026-08-31T20:00,2026-08-31T19:00:00+00:00,18.2,39.0
London,2026-08-21T13:22:13.909727+00:00,2026-08-31T21:00,2026-08-31T20:00:00+00:00,17.5,33.0
London,2026-08-21T13:22:13.909727+00:00,2026-08-31T22:00,2026-08-31T21:00:00+00:00,16.7,26.0
London,2026-08-21T13:22:13.909727+00:00,2026-08-31T23:00,2026-08-31T22:00:00+00:00,15.9,19.0
London,2026-08-21T13:22:13.909727+00:00,2026-09-01T00:00,2026-08-31T23:00:00+00:00,15.2,11.0
London,2026-08-21T13:22:13.909727+00:00,2026-09-01T01:00,2026-09-01T00:00:00+00:00,14.7,6.0
London,2026-08-21T13:22:13.909727+00:00,2026-09-01T02:00,2026-09-01T01:00:00+00:00,14.2,4.0
London,2026-08-21T13:22:13.909727+00:00,2026-09-01T03:00,2026-09-01T02:00:00+00:00,13.7,4.0
London,2026-08-21T13:22:13.909727+00:00,2026-09-01T04:00,2026-09-01T03:00:00+00:00,13.2,5.0
London,2026-08-21T13:22:13.909727+00:00,2026-09-01T05:00,2026-09-01T04:00:00+00:00,13.0,6.0
London,2026-08-21T13:22:13.909727+00:00,2026-09-01T06:00,2026-09-01T05:00:00+00:00,12.9,8.0
London,2026-08-21T13:22:13.909727+00:00,2026-09-01T07:00,2026-09-01T06:00:00+00:00,13.3,10.0
London,2026-08-21T13:22:13.909727+00:00,2026-09-01T08:00,2026-09-01T07:00:00+00:00,14.1,13.0
London,2026-08-21T13:22:13.909727+00:00,2026-09-01T09:00,2026-09-01T08:00:00+00:00,15.5,16.0
London,2026-08-21T13:22:13.909727+00:00,2026-09-01T10:00,2026-09-01T09:00:00+00:00,17.1,19.0
London,2026-08-21T13:22:13.909727+00:00,2026-09-01T11:00,2026-09-01T10:00:00+00:00,18.8,22.0
London,2026-08-21T13:22:13.909727+00:00,2026-09-01T12:00,2026-09-01T11:00:00+00:00,20.2,25.0
London,2026-08-21T13:22:13.909727+00:00,2026-09-01T13:00,2026-09-01T12:00:00+00:00,21.1,29.0
London,2026-08-21T13:22:13.909727+00:00,2026-09-01T14:00,2026-09-01T13:00:00+00:00,21.5,34.0
London,2026-08-21T13:22:13.909727+00:00,2026-09-01T15:00,2026-09-01T14:00:00+00:00,21.7,39.0
London,2026-08-21T13:22:13.909727+00:00,2026-09-01T16:00,2026-09-01T15:00:00+00:00,21.6,43.0
London,2026-08-21T13:22:13.909727+00:00,2026-09-01T17:00,2026-09-01T16:00:00+00:00,21.3,46.0
London,2026-08-21T13:22:13.909727+00:00,2026-09-01T18:00,2026-09-01T17:00:00+00:00,20.9,49.0
London,2026-08-21T13:22:13.909727+00:00,2026-09-01T19:00,2026-09-01T18:00:00+00:00,20.4,49.0
London,2026-08-21T13:22:13.909727+00:00,2026-09-01T20:00,2026-09-01T19:00:00+00:00,19.8,45.0
London,2026-08-21T13:22:13.909727+00:00,2026-09-01T21:00,2026-09-01T20:00:00+00:00,18.9,38.0
London,2026-08-21T13:22:13.909727+00:00,2026-09-01T22:00,2026-09-01T21:00:00+00:00,17.9,31.0
London,2026-08-21T13:22:13.909727+00:00,2026-09-01T23:00,2026-09-01T22:00:00+00:00,16.8,24.0
London,2026-08-21T13:22:13.909727+00:00,2026-09-02T00:00,2026-09-01T23:00:00+00:00,15.9,16.0
London,2026-08-21T13:22:13.909727+00:00,2026-09-02T01:00,2026-09-02T00:00:00+00:00,15.1,10.0
London,2026-08-21T13:22:13.909727+00:00,2026-09-02T02:00,2026-09-02T01:00:00+00:00,14.4,7.0
London,2026-08-21T13:22:13.909727+00:00,2026-09-02T03:00,2026-09-02T02:00:00+00:00,13.6,7.0
London,2026-08-21T13:22:13.909727+00:00,2026-09-02T04:00,2026-09-02T03:00:00+00:00,12.9,7.0
London,2026-08-21T13:22:13.909727+00:00,2026-09-02T05:00,2026-09-02T04:00:00+00:00,12.4,7.0
London,2026-08-21T13:22:13.909727+00:00,2026-09-02T06:00,2026-09-02T05:00:00+00:00,12.2,9.0
London,2026-08-21T13:22:13.909727+00:00,2026-09-02T07:00,2026-09-02T06:00:00+00:00,12.5,10.0
London,2026-08-21T13:22:13.909727+00:00,2026-09-02T08:00,2026-09-02T07:00:00+00:00,13.3,12.0
London,2026-08-21T13:22:13.909727+00:00,2026-09-02T09:00,2026-09-02T08:00:00+00:00,14.7,14.0
London,2026-08-21T13:22:13.909727+00:00,2026-09-02T10:00,2026-09-02T09:00:00+00:00,16.5,16.0
London,2026-08-21T13:22:13.909727+00:00,2026-09-02T11:00,2026-09-02T10:00:00+00:00,18.2,18.0
London,2026-08-21T13:22:13.909727+00:00,2026-09-02T12:00,2026-09-02T11:00:00+00:00,19.7,20.0
London,2026-08-21T13:22:13.909727+00:00,2026-09-02T13:00,2026-09-02T12:00:00+00:00,20.8,22.0
London,2026-08-21T13:22:13.909727+00:00,2026-09-02T14:00,2026-09-02T13:00:00+00:00,21.3,23.0
London,2026-08-21T13:22:13.909727+00:00,2026-09-02T15:00,2026-09-02T14:00:00+00:00,21.7,24.0
London,2026-08-21T13:22:13.909727+00:00,2026-09-02T16:00,2026-09-02T15:00:00+00:00,21.8,25.0
London,2026-08-21T13:22:13.909727+00:00,2026-09-02T17:00,2026-09-02T16:00:00+00:00,21.7,25.0
London,2026-08-21T13:22:13.909727+00:00,2026-09-02T18:00,2026-09-02T17:00:00+00:00,21.4,26.0
London,2026-08-21T13:22:13.909727+00:00,2026-09-02T19:00,2026-09-02T18:00:00+00:00,20.9,25.0
London,2026-08-21T13:22:13.909727+00:00,2026-09-02T20:00,2026-09-02T19:00:00+00:00,20.1,23.0
London,2026-08-21T13:22:13.909727+00:00,2026-09-02T21:00,2026-09-02T20:00:00+00:00,19.0,21.0
London,2026-08-21T13:22:13.909727+00:00,2026-09-02T22:00,2026-09-02T21:00:00+00:00,17.6,18.0
London,2026-08-21T13:22:13.909727+00:00,2026-09-02T23:00,2026-09-02T22:00:00+00:00,16.3,15.0
London,2026-08-21T13:22:13.909727+00:00,2026-09-03T00:00,2026-09-02T23:00:00+00:00,15.1,12.0
London,2026-08-21T13:22:13.909727+00:00,2026-09-03T01:00,2026-09-03T00:00:00+00:00,14.4,10.0
London,2026-08-21T13:22:13.909727+00:00,2026-09-03T02:00,2026-09-03T01:00:00+00:00,14.1,8.0
London,2026-08-21T13:22:13.909727+00:00,2026-09-03T03:00,2026-09-03T02:00:00+00:00,14.0,7.0
London,2026-08-21T13:22:13.909727+00:00,2026-09-03T04:00,2026-09-03T03:00:00+00:00,14.1,6.0
London,2026-08-21T13:22:13.909727+00:00,2026-09-03T05:00,2026-09-03T04:00:00+00:00,14.5,6.0
London,2026-08-21T13:22:13.909727+00:00,2026-09-03T06:00,2026-09-03T05:00:00+00:00,15.0,5.0
London,2026-08-21T13:22:13.909727+00:00,2026-09-03T07:00,2026-09-03T06:00:00+00:00,15.6,6.0
London,2026-08-21T13:22:13.909727+00:00,2026-09-03T08:00,2026-09-03T07:00:00+00:00,16.6,7.0
London,2026-08-21T13:22:13.909727+00:00,2026-09-03T09:00,2026-09-03T08:00:00+00:00,18.0,9.0
London,2026-08-21T13:22:13.909727+00:00,2026-09-03T10:00,2026-09-03T09:00:00+00:00,19.6,11.0
London,2026-08-21T13:22:13.909727+00:00,2026-09-03T11:00,2026-09-03T10:00:00+00:00,21.2,13.0
London,2026-08-21T13:22:13.909727+00:00,2026-09-03T12:00,2026-09-03T11:00:00+00:00,22.4,16.0
London,2026-08-21T13:22:13.909727+00:00,2026-09-03T13:00,2026-09-03T12:00:00+00:00,23.3,18.0
London,2026-08-21T13:22:13.909727+00:00,2026-09-03T14:00,2026-09-03T13:00:00+00:00,23.6,20.0
London,2026-08-21T13:22:13.909727+00:00,2026-09-03T15:00,2026-09-03T14:00:00+00:00,23.6,21.0
London,2026-08-21T13:22:13.909727+00:00,2026-09-03T16:00,2026-09-03T15:00:00+00:00,23.3,22.0
London,2026-08-21T13:22:13.909727+00:00,2026-09-03T17:00,2026-09-03T16:00:00+00:00,22.9,23.0
London,2026-08-21T13:22:13.909727+00:00,2026-09-03T18:00,2026-09-03T17:00:00+00:00,22.4,24.0
London,2026-08-21T13:22:13.909727+00:00,2026-09-03T19:00,2026-09-03T18:00:00+00:00,21.9,25.0
London,2026-08-21T13:22:13.909727+00:00,2026-09-03T20:00,2026-09-03T19:00:00+00:00,21.3,25.0
London,2026-08-21T13:22:13.909727+00:00,2026-09-03T21:00,2026-09-03T20:00:00+00:00,20.4,25.0
London,2026-08-21T13:22:13.909727+00:00,2026-09-03T22:00,2026-09-03T21:00:00+00:00,19.6,24.0
London,2026-08-21T13:22:13.909727+00:00,2026-09-03T23:00,2026-09-03T22:00:00+00:00,18.7,23.0
London,2026-08-21T13:22:13.909727+00:00,2026-09-04T00:00,2026-09-03T23:00:00+00:00,17.9,22.0
London,2026-08-21T13:22:13.909727+00:00,2026-09-04T01:00,2026-09-04T00:00:00+00:00,17.3,22.0
London,2026-08-21T13:22:13.909727+00:00,2026-09-04T02:00,2026-09-04T01:00:00+00:00,16.8,23.0
London,2026-08-21T13:22:13.909727+00:00,2026-09-04T03:00,2026-09-04T02:00:00+00:00,16.5,24.0
London,2026-08-21T13:22:13.909727+00:00,2026-09-04T04:00,2026-09-04T03:00:00+00:00,16.2,25.0
London,2026-08-21T13:22:13.909727+00:00,2026-09-04T05:00,2026-09-04T04:00:00+00:00,16.0,26.0
London,2026-08-21T13:22:13.909727+00:00,2026-09-04T06:00,2026-09-04T05:00:00+00:00,16.0,28.0
London,2026-08-21T13:22:13.909727+00:00,2026-09-04T07:00,2026-09-04T06:00:00+00:00,16.2,29.0
London,2026-08-21T13:22:13.909727+00:00,2026-09-04T08:00,2026-09-04T07:00:00+00:00,16.7,29.0
London,2026-08-21T13:22:13.909727+00:00,2026-09-04T09:00,2026-09-04T08:00:00+00:00,17.5,29.0
London,2026-08-21T13:22:13.909727+00:00,2026-09-04T10:00,2026-09-04T09:00:00+00:00,18.4,29.0
London,2026-08-21T13:22:13.909727+00:00,2026-09-04T11:00,2026-09-04T10:00:00+00:00,19.4,29.0
London,2026-08-21T13:22:13.909727+00:00,2026-09-04T12:00,2026-09-04T11:00:00+00:00,20.2,29.0
London,2026-08-21T13:22:13.909727+00:00,2026-09-04T13:00,2026-09-04T12:00:00+00:00,20.7,29.0
London,2026-08-21T13:22:13.909727+00:00,2026-09-04T14:00,2026-09-04T13:00:00+00:00,20.9,30.0
London,2026-08-21T13:22:13.909727+00:00,2026-09-04T15:00,2026-09-04T14:00:00+00:00,21.0,31.0
London,2026-08-21T13:22:13.909727+00:00,2026-09-04T16:00,2026-09-04T15:00:00+00:00,20.9,32.0
London,2026-08-21T13:22:13.909727+00:00,2026-09-04T17:00,2026-09-04T16:00:00+00:00,20.8,33.0
London,2026-08-21T13:22:13.909727+00:00,2026-09-04T18:00,2026-09-04T17:00:00+00:00,20.5,33.0
London,2026-08-21T13:22:13.909727+00:00,2026-09-04T19:00,2026-09-04T18:00:00+00:00,20.2,33.0
London,2026-08-21T13:22:13.909727+00:00,2026-09-04T20:00,2026-09-04T19:00:00+00:00,19.8,31.0
London,2026-08-21T13:22:13.909727+00:00,2026-09-04T21:00,2026-09-04T20:00:00+00:00,19.2,29.0
London,2026-08-21T13:22:13.909727+00:00,2026-09-04T22:00,2026-09-04T21:00:00+00:00,18.5,26.0
London,2026-08-21T13:22:13.909727+00:00,2026-09-04T23:00,2026-09-04T22:00:00+00:00,17.8,23.0
London,2026-08-21T13:22:13.909727+00:00,2026-09-05T00:00,2026-09-04T23:00:00+00:00,17.2,20.0
London,2026-08-21T13:22:13.909727+00:00,2026-09-05T01:00,2026-09-05T00:00:00+00:00,16.9,18.0
London,2026-08-21T13:22:13.909727+00:00,2026-09-05T02:00,2026-09-05T01:00:00+00:00,16.7,17.0
London,2026-08-21T13:22:13.909727+00:00,2026-09-05T03:00,2026-09-05T02:00:00+00:00,16.8,18.0
London,2026-08-21T13:22:13.909727+00:00,2026-09-05T04:00,2026-09-05T03:00:00+00:00,,
London,2026-08-21T13:22:13.909727+00:00,2026-09-05T05:00,2026-09-05T04:00:00+00:00,,
London,2026-08-21T13:22:13.909727+00:00,2026-09-05T06:00,2026-09-05T05:00:00+00:00,,
London,2026-08-21T13:22:13.909727+00:00,2026-09-05T07:00,2026-09-05T06:00:00+00:00,,
London,2026-08-21T13:22:13.909727+00:00,2026-09-05T08:00,2026-09-05T07:00:00+00:00,,
London,2026-08-21T13:22:13.909727+00:00,2026-09-05T09:00,2026-09-05T08:00:00+00:00,,
London,2026-08-21T13:22:13.909727+00:00,2026-09-05T10:00,2026-09-05T09:00:00+00:00,,
London,2026-08-21T13:22:13.909727+00:00,2026-09-05T11:00,2026-09-05T10:00:00+00:00,,
London,2026-08-21T13:22:13.909727+00:00,2026-09-05T12:00,2026-09-05T11:00:00+00:00,,
London,2026-08-21T13:22:13.909727+00:00,2026-09-05T13:00,2026-09-05T12:00:00+00:00,,
London,2026-08-21T13:22:13.909727+00:00,2026-09-05T14:00,2026-09-05T13:00:00+00:00,,
London,2026-08-21T13:22:13.909727+00:00,2026-09-05T15:00,2026-09-05T14:00:00+00:00,,
London,2026-08-21T13:22:13.909727+00:00,2026-09-05T16:00,2026-09-05T15:00:00+00:00,,
London,2026-08-21T13:22:13.909727+00:00,2026-09-05T17:00,2026-09-05T16:00:00+00:00,,
London,2026-08-21T13:22:13.909727+00:00,2026-09-05T18:00,2026-09-05T17:00:00+00:00,,
London,2026-08-21T13:22:13.909727+00:00,2026-09-05T19:00,2026-09-05T18:00:00+00:00,,
London,2026-08-21T13:22:13.909727+00:00,2026-09-05T20:00,2026-09-05T19:00:00+00:00,,
London,2026-08-21T13:22:13.909727+00:00,2026-09-05T21:00,2026-09-05T20:00:00+00:00,,
London,2026-08-21T13:22:13.909727+00:00,2026-09-05T22:00,2026-09-05T21:00:00+00:00,,
London,2026-08-21T13:22:13.909727+00:00,2026-09-05T23:00,2026-09-05T22:00:00+00:00,,
London,2026-08-21T14:11:14.662972+00:00,2026-08-21T00:00,2026-08-20T23:00:00+00:00,16.1,12.0
London,2026-08-21T14:11:14.662972+00:00,2026-08-21T01:00,2026-08-21T00:00:00+00:00,15.8,0.0
London,2026-08-21T14:11:14.662972+00:00,2026-08-21T02:00,2026-08-21T01:00:00+00:00,15.5,3.0
London,2026-08-21T14:11:14.662972+00:00,2026-08-21T03:00,2026-08-21T02:00:00+00:00,15.4,13.0
London,2026-08-21T14:11:14.662972+00:00,2026-08-21T04:00,2026-08-21T03:00:00+00:00,15.4,20.0
London,2026-08-21T14:11:14.662972+00:00,2026-08-21T05:00,2026-08-21T04:00:00+00:00,15.0,18.0
London,2026-08-21T14:11:14.662972+00:00,2026-08-21T06:00,2026-08-21T05:00:00+00:00,14.7,13.0
London,2026-08-21T14:11:14.662972+00:00,2026-08-21T07:00,2026-08-21T06:00:00+00:00,14.6,8.0
London,2026-08-21T14:11:14.662972+00:00,2026-08-21T08:00,2026-08-21T07:00:00+00:00,15.1,5.0
London,2026-08-21T14:11:14.662972+00:00,2026-08-21T09:00,2026-08-21T08:00:00+00:00,16.2,2.0
London,2026-08-21T14:11:14.662972+00:00,2026-08-21T10:00,2026-08-21T09:00:00+00:00,17.2,0.0
London,2026-08-21T14:11:14.662972+00:00,2026-08-21T11:00,2026-08-21T10:00:00+00:00,18.0,0.0
London,2026-08-21T14:11:14.662972+00:00,2026-08-21T12:00,2026-08-21T11:00:00+00:00,19.4,0.0
London,2026-08-21T14:11:14.662972+00:00,2026-08-21T13:00,2026-08-21T12:00:00+00:00,20.2,0.0
London,2026-08-21T14:11:14.662972+00:00,2026-08-21T14:00,2026-08-21T13:00:00+00:00,20.9,0.0
London,2026-08-21T14:11:14.662972+00:00,2026-08-21T15:00,2026-08-21T14:00:00+00:00,21.1,0.0
London,2026-08-21T14:11:14.662972+00:00,2026-08-21T16:00,2026-08-21T15:00:00+00:00,21.0,0.0
London,2026-08-21T14:11:14.662972+00:00,2026-08-21T17:00,2026-08-21T16:00:00+00:00,20.9,7.0
London,2026-08-21T14:11:14.662972+00:00,2026-08-21T18:00,2026-08-21T17:00:00+00:00,20.5,17.0
London,2026-08-21T14:11:14.662972+00:00,2026-08-21T19:00,2026-08-21T18:00:00+00:00,19.8,22.0
London,2026-08-21T14:11:14.662972+00:00,2026-08-21T20:00,2026-08-21T19:00:00+00:00,18.2,19.0
London,2026-08-21T14:11:14.662972+00:00,2026-08-21T21:00,2026-08-21T20:00:00+00:00,16.7,13.0
London,2026-08-21T14:11:14.662972+00:00,2026-08-21T22:00,2026-08-21T21:00:00+00:00,15.9,8.0
London,2026-08-21T14:11:14.662972+00:00,2026-08-21T23:00,2026-08-21T22:00:00+00:00,15.7,7.0
London,2026-08-21T14:11:14.662972+00:00,2026-08-22T00:00,2026-08-21T23:00:00+00:00,15.5,8.0
London,2026-08-21T14:11:14.662972+00:00,2026-08-22T01:00,2026-08-22T00:00:00+00:00,14.9,8.0
London,2026-08-21T14:11:14.662972+00:00,2026-08-22T02:00,2026-08-22T01:00:00+00:00,14.3,6.0
London,2026-08-21T14:11:14.662972+00:00,2026-08-22T03:00,2026-08-22T02:00:00+00:00,13.9,4.0
London,2026-08-21T14:11:14.662972+00:00,2026-08-22T04:00,2026-08-22T03:00:00+00:00,13.6,2.0
London,2026-08-21T14:11:14.662972+00:00,2026-08-22T05:00,2026-08-22T04:00:00+00:00,13.3,1.0
London,2026-08-21T14:11:14.662972+00:00,2026-08-22T06:00,2026-08-22T05:00:00+00:00,13.0,0.0
London,2026-08-21T14:11:14.662972+00:00,2026-08-22T07:00,2026-08-22T06:00:00+00:00,13.0,0.0
London,2026-08-21T14:11:14.662972+00:00,2026-08-22T08:00,2026-08-22T07:00:00+00:00,13.6,0.0
London,2026-08-21T14:11:14.662972+00:00,2026-08-22T09:00,2026-08-22T08:00:00+00:00,14.9,0.0
London,2026-08-21T14:11:14.662972+00:00,2026-08-22T10:00,2026-08-22T09:00:00+00:00,16.5,0.0
London,2026-08-21T14:11:14.662972+00:00,2026-08-22T11:00,2026-08-22T10:00:00+00:00,17.6,0.0
London,2026-08-21T14:11:14.662972+00:00,2026-08-22T12:00,2026-08-22T11:00:00+00:00,18.7,0.0
London,2026-08-21T14:11:14.662972+00:00,2026-08-22T13:00,2026-08-22T12:00:00+00:00,19.6,0.0
London,2026-08-21T14:11:14.662972+00:00,2026-08-22T14:00,2026-08-22T13:00:00+00:00,20.2,0.0
London,2026-08-21T14:11:14.662972+00:00,2026-08-22T15:00,2026-08-22T14:00:00+00:00,20.5,0.0
London,2026-08-21T14:11:14.662972+00:00,2026-08-22T16:00,2026-08-22T15:00:00+00:00,20.8,0.0
London,2026-08-21T14:11:14.662972+00:00,2026-08-22T17:00,2026-08-22T16:00:00+00:00,21.1,0.0
London,2026-08-21T14:11:14.662972+00:00,2026-08-22T18:00,2026-08-22T17:00:00+00:00,20.9,0.0
London,2026-08-21T14:11:14.662972+00:00,2026-08-22T19:00,2026-08-22T18:00:00+00:00,20.4,0.0
London,2026-08-21T14:11:14.662972+00:00,2026-08-22T20:00,2026-08-22T19:00:00+00:00,19.9,0.0
London,2026-08-21T14:11:14.662972+00:00,2026-08-22T21:00,2026-08-22T20:00:00+00:00,19.3,0.0
London,2026-08-21T14:11:14.662972+00:00,2026-08-22T22:00,2026-08-22T21:00:00+00:00,18.3,0.0
London,2026-08-21T14:11:14.662972+00:00,2026-08-22T23:00,2026-08-22T22:00:00+00:00,17.7,0.0
London,2026-08-21T14:11:14.662972+00:00,2026-08-23T00:00,2026-08-22T23:00:00+00:00,17.2,0.0
London,2026-08-21T14:11:14.662972+00:00,2026-08-23T01:00,2026-08-23T00:00:00+00:00,16.4,0.0
London,2026-08-21T14:11:14.662972+00:00,2026-08-23T02:00,2026-08-23T01:00:00+00:00,16.2,0.0
London,2026-08-21T14:11:14.662972+00:00,2026-08-23T03:00,2026-08-23T02:00:00+00:00,16.0,0.0
London,2026-08-21T14:11:14.662972+00:00,2026-08-23T04:00,2026-08-23T03:00:00+00:00,15.8,0.0
London,2026-08-21T14:11:14.662972+00:00,2026-08-23T05:00,2026-08-23T04:00:00+00:00,16.0,0.0
London,2026-08-21T14:11:14.662972+00:00,2026-08-23T06:00,2026-08-23T05:00:00+00:00,15.6,0.0
London,2026-08-21T14:11:14.662972+00:00,2026-08-23T07:00,2026-08-23T06:00:00+00:00,16.2,0.0
London,2026-08-21T14:11:14.662972+00:00,2026-08-23T08:00,2026-08-23T07:00:00+00:00,15.9,0.0
London,2026-08-21T14:11:14.662972+00:00,2026-08-23T09:00,2026-08-23T08:00:00+00:00,16.9,0.0
London,2026-08-21T14:11:14.662972+00:00,2026-08-23T10:00,2026-08-23T09:00:00+00:00,18.0,0.0
London,2026-08-21T14:11:14.662972+00:00,2026-08-23T11:00,2026-08-23T10:00:00+00:00,19.5,0.0
London,2026-08-21T14:11:14.662972+00:00,2026-08-23T12:00,2026-08-23T11:00:00+00:00,20.2,0.0
London,2026-08-21T14:11:14.662972+00:00,2026-08-23T13:00,2026-08-23T12:00:00+00:00,21.1,0.0
London,2026-08-21T14:11:14.662972+00:00,2026-08-23T14:00,2026-08-23T13:00:00+00:00,21.6,0.0
London,2026-08-21T14:11:14.662972+00:00,2026-08-23T15:00,2026-08-23T14:00:00+00:00,21.8,0.0
London,2026-08-21T14:11:14.662972+00:00,2026-08-23T16:00,2026-08-23T15:00:00+00:00,21.9,0.0
London,2026-08-21T14:11:14.662972+00:00,2026-08-23T17:00,2026-08-23T16:00:00+00:00,22.2,0.0
London,2026-08-21T14:11:14.662972+00:00,2026-08-23T18:00,2026-08-23T17:00:00+00:00,22.5,0.0
London,2026-08-21T14:11:14.662972+00:00,2026-08-23T19:00,2026-08-23T18:00:00+00:00,22.7,0.0
London,2026-08-21T14:11:14.662972+00:00,2026-08-23T20:00,2026-08-23T19:00:00+00:00,21.7,0.0
London,2026-08-21T14:11:14.662972+00:00,2026-08-23T21:00,2026-08-23T20:00:00+00:00,20.8,0.0
London,2026-08-21T14:11:14.662972+00:00,2026-08-23T22:00,2026-08-23T21:00:00+00:00,19.9,0.0
London,2026-08-21T14:11:14.662972+00:00,2026-08-23T23:00,2026-08-23T22:00:00+00:00,19.2,0.0
London,2026-08-21T14:11:14.662972+00:00,2026-08-24T00:00,2026-08-23T23:00:00+00:00,18.5,0.0
London,2026-08-21T14:11:14.662972+00:00,2026-08-24T01:00,2026-08-24T00:00:00+00:00,17.9,0.0
London,2026-08-21T14:11:14.662972+00:00,2026-08-24T02:00,2026-08-24T01:00:00+00:00,17.5,0.0
London,2026-08-21T14:11:14.662972+00:00,2026-08-24T03:00,2026-08-24T02:00:00+00:00,17.1,0.0
London,2026-08-21T14:11:14.662972+00:00,2026-08-24T04:00,2026-08-24T03:00:00+00:00,16.8,0.0
London,2026-08-21T14:11:14.662972+00:00,2026-08-24T05:00,2026-08-24T04:00:00+00:00,16.3,0.0
London,2026-08-21T14:11:14.662972+00:00,2026-08-24T06:00,2026-08-24T05:00:00+00:00,15.8,0.0
London,2026-08-21T14:11:14.662972+00:00,2026-08-24T07:00,2026-08-24T06:00:00+00:00,15.7,0.0
London,2026-08-21T14:11:14.662972+00:00,2026-08-24T08:00,2026-08-24T07:00:00+00:00,16.4,0.0
London,2026-08-21T14:11:14.662972+00:00,2026-08-24T09:00,2026-08-24T08:00:00+00:00,17.5,0.0
London,2026-08-21T14:11:14.662972+00:00,2026-08-24T10:00,2026-08-24T09:00:00+00:00,18.5,0.0
London,2026-08-21T14:11:14.662972+00:00,2026-08-24T11:00,2026-08-24T10:00:00+00:00,19.2,0.0
London,2026-08-21T14:11:14.662972+00:00,2026-08-24T12:00,2026-08-24T11:00:00+00:00,19.8,0.0
London,2026-08-21T14:11:14.662972+00:00,2026-08-24T13:00,2026-08-24T12:00:00+00:00,20.3,0.0
London,2026-08-21T14:11:14.662972+00:00,2026-08-24T14:00,2026-08-24T13:00:00+00:00,20.6,0.0
London,2026-08-21T14:11:14.662972+00:00,2026-08-24T15:00,2026-08-24T14:00:00+00:00,20.7,0.0
London,2026-08-21T14:11:14.662972+00:00,2026-08-24T16:00,2026-08-24T15:00:00+00:00,20.7,0.0
London,2026-08-21T14:11:14.662972+00:00,2026-08-24T17:00,2026-08-24T16:00:00+00:00,20.5,0.0
London,2026-08-21T14:11:14.662972+00:00,2026-08-24T18:00,2026-08-24T17:00:00+00:00,20.2,0.0
London,2026-08-21T14:11:14.662972+00:00,2026-08-24T19:00,2026-08-24T18:00:00+00:00,19.9,0.0
London,2026-08-21T14:11:14.662972+00:00,2026-08-24T20:00,2026-08-24T19:00:00+00:00,19.6,0.0
London,2026-08-21T14:11:14.662972+00:00,2026-08-24T21:00,2026-08-24T20:00:00+00:00,19.4,1.0
London,2026-08-21T14:11:14.662972+00:00,2026-08-24T22:00,2026-08-24T21:00:00+00:00,19.3,2.0
London,2026-08-21T14:11:14.662972+00:00,2026-08-24T23:00,2026-08-24T22:00:00+00:00,19.2,3.0
London,2026-08-21T14:11:14.662972+00:00,2026-08-25T00:00,2026-08-24T23:00:00+00:00,19.1,4.0
London,2026-08-21T14:11:14.662972+00:00,2026-08-25T01:00,2026-08-25T00:00:00+00:00,19.0,6.0
London,2026-08-21T14:11:14.662972+00:00,2026-08-25T02:00,2026-08-25T01:00:00+00:00,18.8,10.0
London,2026-08-21T14:11:14.662972+00:00,2026-08-25T03:00,2026-08-25T02:00:00+00:00,18.5,14.0
London,2026-08-21T14:11:14.662972+00:00,2026-08-25T04:00,2026-08-25T03:00:00+00:00,18.3,18.0
London,2026-08-21T14:11:14.662972+00:00,2026-08-25T05:00,2026-08-25T04:00:00+00:00,17.8,20.0
London,2026-08-21T14:11:14.662972+00:00,2026-08-25T06:00,2026-08-25T05:00:00+00:00,17.4,21.0
London,2026-08-21T14:11:14.662972+00:00,2026-08-25T07:00,2026-08-25T06:00:00+00:00,17.2,22.0
London,2026-08-21T14:11:14.662972+00:00,2026-08-25T08:00,2026-08-25T07:00:00+00:00,17.7,23.0
London,2026-08-21T14:11:14.662972+00:00,2026-08-25T09:00,2026-08-25T08:00:00+00:00,18.4,23.0
London,2026-08-21T14:11:14.662972+00:00,2026-08-25T10:00,2026-08-25T09:00:00+00:00,19.1,22.0
London,2026-08-21T14:11:14.662972+00:00,2026-08-25T11:00,2026-08-25T10:00:00+00:00,19.7,20.0
London,2026-08-21T14:11:14.662972+00:00,2026-08-25T12:00,2026-08-25T11:00:00+00:00,20.2,16.0
London,2026-08-21T14:11:14.662972+00:00,2026-08-25T13:00,2026-08-25T12:00:00+00:00,20.7,14.0
London,2026-08-21T14:11:14.662972+00:00,2026-08-25T14:00,2026-08-25T13:00:00+00:00,21.2,14.0
London,2026-08-21T14:11:14.662972+00:00,2026-08-25T15:00,2026-08-25T14:00:00+00:00,21.6,16.0
London,2026-08-21T14:11:14.662972+00:00,2026-08-25T16:00,2026-08-25T15:00:00+00:00,22.0,16.0
London,2026-08-21T14:11:14.662972+00:00,2026-08-25T17:00,2026-08-25T16:00:00+00:00,22.4,13.0
London,2026-08-21T14:11:14.662972+00:00,2026-08-25T18:00,2026-08-25T17:00:00+00:00,22.8,9.0
London,2026-08-21T14:11:14.662972+00:00,2026-08-25T19:00,2026-08-25T18:00:00+00:00,22.8,6.0
London,2026-08-21T14:11:14.662972+00:00,2026-08-25T20:00,2026-08-25T19:00:00+00:00,21.9,6.0
London,2026-08-21T14:11:14.662972+00:00,2026-08-25T21:00,2026-08-25T20:00:00+00:00,20.6,8.0
London,2026-08-21T14:11:14.662972+00:00,2026-08-25T22:00,2026-08-25T21:00:00+00:00,19.6,10.0
London,2026-08-21T14:11:14.662972+00:00,2026-08-25T23:00,2026-08-25T22:00:00+00:00,19.2,11.0
London,2026-08-21T14:11:14.662972+00:00,2026-08-26T00:00,2026-08-25T23:00:00+00:00,19.1,12.0
London,2026-08-21T14:11:14.662972+00:00,2026-08-26T01:00,2026-08-26T00:00:00+00:00,19.0,12.0
London,2026-08-21T14:11:14.662972+00:00,2026-08-26T02:00,2026-08-26T01:00:00+00:00,18.7,11.0
London,2026-08-21T14:11:14.662972+00:00,2026-08-26T03:00,2026-08-26T02:00:00+00:00,18.4,10.0
London,2026-08-21T14:11:14.662972+00:00,2026-08-26T04:00,2026-08-26T03:00:00+00:00,18.2,10.0
London,2026-08-21T14:11:14.662972+00:00,2026-08-26T05:00,2026-08-26T04:00:00+00:00,18.0,12.0
London,2026-08-21T14:11:14.662972+00:00,2026-08-26T06:00,2026-08-26T05:00:00+00:00,17.9,16.0
London,2026-08-21T14:11:14.662972+00:00,2026-08-26T07:00,2026-08-26T06:00:00+00:00,18.0,18.0
London,2026-08-21T14:11:14.662972+00:00,2026-08-26T08:00,2026-08-26T07:00:00+00:00,18.3,16.0
London,2026-08-21T14:11:14.662972+00:00,2026-08-26T09:00,2026-08-26T08:00:00+00:00,18.9,13.0
London,2026-08-21T14:11:14.662972+00:00,2026-08-26T10:00,2026-08-26T09:00:00+00:00,19.6,12.0
London,2026-08-21T14:11:14.662972+00:00,2026-08-26T11:00,2026-08-26T10:00:00+00:00,20.8,15.0
London,2026-08-21T14:11:14.662972+00:00,2026-08-26T12:00,2026-08-26T11:00:00+00:00,22.3,20.0
London,2026-08-21T14:11:14.662972+00:00,2026-08-26T13:00,2026-08-26T12:00:00+00:00,23.5,24.0
London,2026-08-21T14:11:14.662972+00:00,2026-08-26T14:00,2026-08-26T13:00:00+00:00,24.4,26.0
London,2026-08-21T14:11:14.662972+00:00,2026-08-26T15:00,2026-08-26T14:00:00+00:00,25.1,27.0
London,2026-08-21T14:11:14.662972+00:00,2026-08-26T16:00,2026-08-26T15:00:00+00:00,25.4,27.0
London,2026-08-21T14:11:14.662972+00:00,2026-08-26T17:00,2026-08-26T16:00:00+00:00,25.5,26.0
London,2026-08-21T14:11:14.662972+00:00,2026-08-26T18:00,2026-08-26T17:00:00+00:00,25.2,24.0
London,2026-08-21T14:11:14.662972+00:00,2026-08-26T19:00,2026-08-26T18:00:00+00:00,24.7,22.0
London,2026-08-21T14:11:14.662972+00:00,2026-08-26T20:00,2026-08-26T19:00:00+00:00,24.0,17.0
London,2026-08-21T14:11:14.662972+00:00,2026-08-26T21:00,2026-08-26T20:00:00+00:00,23.0,12.0
London,2026-08-21T14:11:14.662972+00:00,2026-08-26T22:00,2026-08-26T21:00:00+00:00,22.2,10.0
London,2026-08-21T14:11:14.662972+00:00,2026-08-26T23:00,2026-08-26T22:00:00+00:00,21.9,14.0
London,2026-08-21T14:11:14.662972+00:00,2026-08-27T00:00,2026-08-26T23:00:00+00:00,21.1,22.0
London,2026-08-21T14:11:14.662972+00:00,2026-08-27T01:00,2026-08-27T00:00:00+00:00,20.5,29.0
London,2026-08-21T14:11:14.662972+00:00,2026-08-27T02:00,2026-08-27T01:00:00+00:00,20.0,35.0
London,2026-08-21T14:11:14.662972+00:00,2026-08-27T03:00,2026-08-27T02:00:00+00:00,19.6,40.0
London,2026-08-21T14:11:14.662972+00:00,2026-08-27T04:00,2026-08-27T03:00:00+00:00,19.2,46.0
London,2026-08-21T14:11:14.662972+00:00,2026-08-27T05:00,2026-08-27T04:00:00+00:00,18.9,52.0
London,2026-08-21T14:11:14.662972+00:00,2026-08-27T06:00,2026-08-27T05:00:00+00:00,18.8,58.0
London,2026-08-21T14:11:14.662972+00:00,2026-08-27T07:00,2026-08-27T06:00:00+00:00,18.9,63.0
London,2026-08-21T14:11:14.662972+00:00,2026-08-27T08:00,2026-08-27T07:00:00+00:00,19.2,66.0
London,2026-08-21T14:11:14.662972+00:00,2026-08-27T09:00,2026-08-27T08:00:00+00:00,19.8,68.0
London,2026-08-21T14:11:14.662972+00:00,2026-08-27T10:00,2026-08-27T09:00:00+00:00,20.5,69.0
London,2026-08-21T14:11:14.662972+00:00,2026-08-27T11:00,2026-08-27T10:00:00+00:00,21.2,70.0
London,2026-08-21T14:11:14.662972+00:00,2026-08-27T12:00,2026-08-27T11:00:00+00:00,21.9,70.0
London,2026-08-21T14:11:14.662972+00:00,2026-08-27T13:00,2026-08-27T12:00:00+00:00,22.4,71.0
London,2026-08-21T14:11:14.662972+00:00,2026-08-27T14:00,2026-08-27T13:00:00+00:00,22.8,72.0
London,2026-08-21T14:11:14.662972+00:00,2026-08-27T15:00,2026-08-27T14:00:00+00:00,23.1,73.0
London,2026-08-21T14:11:14.662972+00:00,2026-08-27T16:00,2026-08-27T15:00:00+00:00,23.4,74.0
London,2026-08-21T14:11:14.662972+00:00,2026-08-27T17:00,2026-08-27T16:00:00+00:00,23.5,74.0
London,2026-08-21T14:11:14.662972+00:00,2026-08-27T18:00,2026-08-27T17:00:00+00:00,23.6,74.0
London,2026-08-21T14:11:14.662972+00:00,2026-08-27T19:00,2026-08-27T18:00:00+00:00,23.4,71.0
London,2026-08-21T14:11:14.662972+00:00,2026-08-27T20:00,2026-08-27T19:00:00+00:00,23.1,65.0
London,2026-08-21T14:11:14.662972+00:00,2026-08-27T21:00,2026-08-27T20:00:00+00:00,22.4,56.0
London,2026-08-21T14:11:14.662972+00:00,2026-08-27T22:00,2026-08-27T21:00:00+00:00,21.7,48.0
London,2026-08-21T14:11:14.662972+00:00,2026-08-27T23:00,2026-08-27T22:00:00+00:00,19.8,40.0
London,2026-08-21T14:11:14.662972+00:00,2026-08-28T00:00,2026-08-27T23:00:00+00:00,18.0,31.0
London,2026-08-21T14:11:14.662972+00:00,2026-08-28T01:00,2026-08-28T00:00:00+00:00,16.3,25.0
London,2026-08-21T14:11:14.662972+00:00,2026-08-28T02:00,2026-08-28T01:00:00+00:00,14.6,22.0
London,2026-08-21T14:11:14.662972+00:00,2026-08-28T03:00,2026-08-28T02:00:00+00:00,14.2,22.0
London,2026-08-21T14:11:14.662972+00:00,2026-08-28T04:00,2026-08-28T03:00:00+00:00,13.8,22.0
London,2026-08-21T14:11:14.662972+00:00,2026-08-28T05:00,2026-08-28T04:00:00+00:00,13.6,23.0
London,2026-08-21T14:11:14.662972+00:00,2026-08-28T06:00,2026-08-28T05:00:00+00:00,13.6,25.0
London,2026-08-21T14:11:14.662972+00:00,2026-08-28T07:00,2026-08-28T06:00:00+00:00,13.8,27.0
London,2026-08-21T14:11:14.662972+00:00,2026-08-28T08:00,2026-08-28T07:00:00+00:00,14.5,30.0
London,2026-08-21T14:11:14.662972+00:00,2026-08-28T09:00,2026-08-28T08:00:00+00:00,15.6,34.0
London,2026-08-21T14:11:14.662972+00:00,2026-08-28T10:00,2026-08-28T09:00:00+00:00,16.9,38.0
London,2026-08-21T14:11:14.662972+00:00,2026-08-28T11:00,2026-08-28T10:00:00+00:00,18.2,42.0
London,2026-08-21T14:11:14.662972+00:00,2026-08-28T12:00,2026-08-28T11:00:00+00:00,19.3,46.0
London,2026-08-21T14:11:14.662972+00:00,2026-08-28T13:00,2026-08-28T12:00:00+00:00,19.9,51.0
London,2026-08-21T14:11:14.662972+00:00,2026-08-28T14:00,2026-08-28T13:00:00+00:00,19.9,56.0
London,2026-08-21T14:11:14.662972+00:00,2026-08-28T15:00,2026-08-28T14:00:00+00:00,19.6,62.0
London,2026-08-21T14:11:14.662972+00:00,2026-08-28T16:00,2026-08-28T15:00:00+00:00,19.0,66.0
London,2026-08-21T14:11:14.662972+00:00,2026-08-28T17:00,2026-08-28T16:00:00+00:00,18.3,70.0
London,2026-08-21T14:11:14.662972+00:00,2026-08-28T18:00,2026-08-28T17:00:00+00:00,17.6,72.0
London,2026-08-21T14:11:14.662972+00:00,2026-08-28T19:00,2026-08-28T18:00:00+00:00,17.1,71.0
London,2026-08-21T14:11:14.662972+00:00,2026-08-28T20:00,2026-08-28T19:00:00+00:00,16.8,64.0
London,2026-08-21T14:11:14.662972+00:00,2026-08-28T21:00,2026-08-28T20:00:00+00:00,16.6,54.0
London,2026-08-21T14:11:14.662972+00:00,2026-08-28T22:00,2026-08-28T21:00:00+00:00,16.4,43.0
London,2026-08-21T14:11:14.662972+00:00,2026-08-28T23:00,2026-08-28T22:00:00+00:00,16.2,32.0
London,2026-08-21T14:11:14.662972+00:00,2026-08-29T00:00,2026-08-28T23:00:00+00:00,16.0,21.0
London,2026-08-21T14:11:14.662972+00:00,2026-08-29T01:00,2026-08-29T00:00:00+00:00,15.9,14.0
London,2026-08-21T14:11:14.662972+00:00,2026-08-29T02:00,2026-08-29T01:00:00+00:00,15.7,12.0
London,2026-08-21T14:11:14.662972+00:00,2026-08-29T03:00,2026-08-29T02:00:00+00:00,15.4,14.0
London,2026-08-21T14:11:14.662972+00:00,2026-08-29T04:00,2026-08-29T03:00:00+00:00,15.1,17.0
London,2026-08-21T14:11:14.662972+00:00,2026-08-29T05:00,2026-08-29T04:00:00+00:00,15.0,20.0
London,2026-08-21T14:11:14.662972+00:00,2026-08-29T06:00,2026-08-29T05:00:00+00:00,15.0,24.0
London,2026-08-21T14:11:14.662972+00:00,2026-08-29T07:00,2026-08-29T06:00:00+00:00,15.3,27.0
London,2026-08-21T14:11:14.662972+00:00,2026-08-29T08:00,2026-08-29T07:00:00+00:00,16.0,28.0
London,2026-08-21T14:11:14.662972+00:00,2026-08-29T09:00,2026-08-29T08:00:00+00:00,17.1,28.0
London,2026-08-21T14:11:14.662972+00:00,2026-08-29T10:00,2026-08-29T09:00:00+00:00,18.4,29.0
London,2026-08-21T14:11:14.662972+00:00,2026-08-29T11:00,2026-08-29T10:00:00+00:00,19.7,30.0
London,2026-08-21T14:11:14.662972+00:00,2026-08-29T12:00,2026-08-29T11:00:00+00:00,20.7,31.0
London,2026-08-21T14:11:14.662972+00:00,2026-08-29T13:00,2026-08-29T12:00:00+00:00,21.3,33.0
London,2026-08-21T14:11:14.662972+00:00,2026-08-29T14:00,2026-08-29T13:00:00+00:00,21.5,37.0
London,2026-08-21T14:11:14.662972+00:00,2026-08-29T15:00,2026-08-29T14:00:00+00:00,21.3,42.0
London,2026-08-21T14:11:14.662972+00:00,2026-08-29T16:00,2026-08-29T15:00:00+00:00,20.9,47.0
London,2026-08-21T14:11:14.662972+00:00,2026-08-29T17:00,2026-08-29T16:00:00+00:00,20.4,51.0
London,2026-08-21T14:11:14.662972+00:00,2026-08-29T18:00,2026-08-29T17:00:00+00:00,19.8,55.0
London,2026-08-21T14:11:14.662972+00:00,2026-08-29T19:00,2026-08-29T18:00:00+00:00,19.3,55.0
London,2026-08-21T14:11:14.662972+00:00,2026-08-29T20:00,2026-08-29T19:00:00+00:00,18.7,50.0
London,2026-08-21T14:11:14.662972+00:00,2026-08-29T21:00,2026-08-29T20:00:00+00:00,18.0,42.0
London,2026-08-21T14:11:14.662972+00:00,2026-08-29T22:00,2026-08-29T21:00:00+00:00,17.2,33.0
London,2026-08-21T14:11:14.662972+00:00,2026-08-29T23:00,2026-08-29T22:00:00+00:00,16.5,24.0
London,2026-08-21T14:11:14.662972+00:00,2026-08-30T00:00,2026-08-29T23:00:00+00:00,15.8,16.0
London,2026-08-21T14:11:14.662972+00:00,2026-08-30T01:00,2026-08-30T00:00:00+00:00,15.2,10.0
London,2026-08-21T14:11:14.662972+00:00,2026-08-30T02:00,2026-08-30T01:00:00+00:00,14.6,9.0
London,2026-08-21T14:11:14.662972+00:00,2026-08-30T03:00,2026-08-30T02:00:00+00:00,14.0,10.0
London,2026-08-21T14:11:14.662972+00:00,2026-08-30T04:00,2026-08-30T03:00:00+00:00,13.5,12.0
London,2026-08-21T14:11:14.662972+00:00,2026-08-30T05:00,2026-08-30T04:00:00+00:00,13.1,14.0
London,2026-08-21T14:11:14.662972+00:00,2026-08-30T06:00,2026-08-30T05:00:00+00:00,13.0,17.0
London,2026-08-21T14:11:14.662972+00:00,2026-08-30T07:00,2026-08-30T06:00:00+00:00,13.2,20.0
London,2026-08-21T14:11:14.662972+00:00,2026-08-30T08:00,2026-08-30T07:00:00+00:00,14.0,21.0
London,2026-08-21T14:11:14.662972+00:00,2026-08-30T09:00,2026-08-30T08:00:00+00:00,15.3,22.0
London,2026-08-21T14:11:14.662972+00:00,2026-08-30T10:00,2026-08-30T09:00:00+00:00,16.9,23.0
London,2026-08-21T14:11:14.662972+00:00,2026-08-30T11:00,2026-08-30T10:00:00+00:00,18.5,24.0
London,2026-08-21T14:11:14.662972+00:00,2026-08-30T12:00,2026-08-30T11:00:00+00:00,19.8,25.0
London,2026-08-21T14:11:14.662972+00:00,2026-08-30T13:00,2026-08-30T12:00:00+00:00,20.5,27.0
London,2026-08-21T14:11:14.662972+00:00,2026-08-30T14:00,2026-08-30T13:00:00+00:00,20.7,31.0
London,2026-08-21T14:11:14.662972+00:00,2026-08-30T15:00,2026-08-30T14:00:00+00:00,20.5,35.0
London,2026-08-21T14:11:14.662972+00:00,2026-08-30T16:00,2026-08-30T15:00:00+00:00,20.0,39.0
London,2026-08-21T14:11:14.662972+00:00,2026-08-30T17:00,2026-08-30T16:00:00+00:00,19.3,43.0
London,2026-08-21T14:11:14.662972+00:00,2026-08-30T18:00,2026-08-30T17:00:00+00:00,18.7,46.0
London,2026-08-21T14:11:14.662972+00:00,2026-08-30T19:00,2026-08-30T18:00:00+00:00,18.1,47.0
London,2026-08-21T14:11:14.662972+00:00,2026-08-30T20:00,2026-08-30T19:00:00+00:00,17.6,45.0
London,2026-08-21T14:11:14.662972+00:00,2026-08-30T21:00,2026-08-30T20:00:00+00:00,17.1,41.0
London,2026-08-21T14:11:14.662972+00:00,2026-08-30T22:00,2026-08-30T21:00:00+00:00,16.5,36.0
London,2026-08-21T14:11:14.662972+00:00,2026-08-30T23:00,2026-08-30T22:00:00+00:00,15.9,31.0
London,2026-08-21T14:11:14.662972+00:00,2026-08-31T00:00,2026-08-30T23:00:00+00:00,15.5,26.0
London,2026-08-21T14:11:14.662972+00:00,2026-08-31T01:00,2026-08-31T00:00:00+00:00,15.2,22.0
London,2026-08-21T14:11:14.662972+00:00,2026-08-31T02:00,2026-08-31T01:00:00+00:00,15.0,20.0
London,2026-08-21T14:11:14.662972+00:00,2026-08-31T03:00,2026-08-31T02:00:00+00:00,14.8,18.0
London,2026-08-21T14:11:14.662972+00:00,2026-08-31T04:00,2026-08-31T03:00:00+00:00,14.8,17.0
London,2026-08-21T14:11:14.662972+00:00,2026-08-31T05:00,2026-08-31T04:00:00+00:00,14.8,16.0
London,2026-08-21T14:11:14.662972+00:00,2026-08-31T06:00,2026-08-31T05:00:00+00:00,15.1,16.0
London,2026-08-21T14:11:14.662972+00:00,2026-08-31T07:00,2026-08-31T06:00:00+00:00,15.4,16.0
London,2026-08-21T14:11:14.662972+00:00,2026-08-31T08:00,2026-08-31T07:00:00+00:00,16.1,16.0
London,2026-08-21T14:11:14.662972+00:00,2026-08-31T09:00,2026-08-31T08:00:00+00:00,17.1,16.0
London,2026-08-21T14:11:14.662972+00:00,2026-08-31T10:00,2026-08-31T09:00:00+00:00,18.2,16.0
London,2026-08-21T14:11:14.662972+00:00,2026-08-31T11:00,2026-08-31T10:00:00+00:00,19.3,17.0
London,2026-08-21T14:11:14.662972+00:00,2026-08-31T12:00,2026-08-31T11:00:00+00:00,20.2,18.0
London,2026-08-21T14:11:14.662972+00:00,2026-08-31T13:00,2026-08-31T12:00:00+00:00,20.7,20.0
London,2026-08-21T14:11:14.662972+00:00,2026-08-31T14:00,2026-08-31T13:00:00+00:00,20.9,24.0
London,2026-08-21T14:11:14.662972+00:00,2026-08-31T15:00,2026-08-31T14:00:00+00:00,20.7,29.0
London,2026-08-21T14:11:14.662972+00:00,2026-08-31T16:00,2026-08-31T15:00:00+00:00,20.4,34.0
London,2026-08-21T14:11:14.662972+00:00,2026-08-31T17:00,2026-08-31T16:00:00+00:00,19.9,38.0
London,2026-08-21T14:11:14.662972+00:00,2026-08-31T18:00,2026-08-31T17:00:00+00:00,19.4,42.0
London,2026-08-21T14:11:14.662972+00:00,2026-08-31T19:00,2026-08-31T18:00:00+00:00,18.8,43.0
London,2026-08-21T14:11:14.662972+00:00,2026-08-31T20:00,2026-08-31T19:00:00+00:00,18.2,39.0
London,2026-08-21T14:11:14.662972+00:00,2026-08-31T21:00,2026-08-31T20:00:00+00:00,17.5,33.0
London,2026-08-21T14:11:14.662972+00:00,2026-08-31T22:00,2026-08-31T21:00:00+00:00,16.7,26.0
London,2026-08-21T14:11:14.662972+00:00,2026-08-31T23:00,2026-08-31T22:00:00+00:00,15.9,19.0
London,2026-08-21T14:11:14.662972+00:00,2026-09-01T00:00,2026-08-31T23:00:00+00:00,15.2,11.0
London,2026-08-21T14:11:14.662972+00:00,2026-09-01T01:00,2026-09-01T00:00:00+00:00,14.7,6.0
London,2026-08-21T14:11:14.662972+00:00,2026-09-01T02:00,2026-09-01T01:00:00+00:00,14.2,4.0
London,2026-08-21T14:11:14.662972+00:00,2026-09-01T03:00,2026-09-01T02:00:00+00:00,13.7,4.0
London,2026-08-21T14:11:14.662972+00:00,2026-09-01T04:00,2026-09-01T03:00:00+00:00,13.2,5.0
London,2026-08-21T14:11:14.662972+00:00,2026-09-01T05:00,2026-09-01T04:00:00+00:00,13.0,6.0
London,2026-08-21T14:11:14.662972+00:00,2026-09-01T06:00,2026-09-01T05:00:00+00:00,12.9,8.0
London,2026-08-21T14:11:14.662972+00:00,2026-09-01T07:00,2026-09-01T06:00:00+00:00,13.3,10.0
London,2026-08-21T14:11:14.662972+00:00,2026-09-01T08:00,2026-09-01T07:00:00+00:00,14.1,13.0
London,2026-08-21T14:11:14.662972+00:00,2026-09-01T09:00,2026-09-01T08:00:00+00:00,15.5,16.0
London,2026-08-21T14:11:14.662972+00:00,2026-09-01T10:00,2026-09-01T09:00:00+00:00,17.1,19.0
London,2026-08-21T14:11:14.662972+00:00,2026-09-01T11:00,2026-09-01T10:00:00+00:00,18.8,22.0
London,2026-08-21T14:11:14.662972+00:00,2026-09-01T12:00,2026-09-01T11:00:00+00:00,20.2,25.0
London,2026-08-21T14:11:14.662972+00:00,2026-09-01T13:00,2026-09-01T12:00:00+00:00,21.1,29.0
London,2026-08-21T14:11:14.662972+00:00,2026-09-01T14:00,2026-09-01T13:00:00+00:00,21.5,34.0
London,2026-08-21T14:11:14.662972+00:00,2026-09-01T15:00,2026-09-01T14:00:00+00:00,21.7,39.0
London,2026-08-21T14:11:14.662972+00:00,2026-09-01T16:00,2026-09-01T15:00:00+00:00,21.6,43.0
London,2026-08-21T14:11:14.662972+00:00,2026-09-01T17:00,2026-09-01T16:00:00+00:00,21.3,46.0
London,2026-08-21T14:11:14.662972+00:00,2026-09-01T18:00,2026-09-01T17:00:00+00:00,20.9,49.0
London,2026-08-21T14:11:14.662972+00:00,2026-09-01T19:00,2026-09-01T18:00:00+00:00,20.4,49.0
London,2026-08-21T14:11:14.662972+00:00,2026-09-01T20:00,2026-09-01T19:00:00+00:00,19.8,45.0
London,2026-08-21T14:11:14.662972+00:00,2026-09-01T21:00,2026-09-01T20:00:00+00:00,18.9,38.0
London,2026-08-21T14:11:14.662972+00:00,2026-09-01T22:00,2026-09-01T21:00:00+00:00,17.9,31.0
London,2026-08-21T14:11:14.662972+00:00,2026-09-01T23:00,2026-09-01T22:00:00+00:00,16.8,24.0
London,2026-08-21T14:11:14.662972+00:00,2026-09-02T00:00,2026-09-01T23:00:00+00:00,15.9,16.0
London,2026-08-21T14:11:14.662972+00:00,2026-09-02T01:00,2026-09-02T00:00:00+00:00,15.1,10.0
London,2026-08-21T14:11:14.662972+00:00,2026-09-02T02:00,2026-09-02T01:00:00+00:00,14.4,7.0
London,2026-08-21T14:11:14.662972+00:00,2026-09-02T03:00,2026-09-02T02:00:00+00:00,13.6,7.0
London,2026-08-21T14:11:14.662972+00:00,2026-09-02T04:00,2026-09-02T03:00:00+00:00,12.9,7.0
London,2026-08-21T14:11:14.662972+00:00,2026-09-02T05:00,2026-09-02T04:00:00+00:00,12.4,7.0
London,2026-08-21T14:11:14.662972+00:00,2026-09-02T06:00,2026-09-02T05:00:00+00:00,12.2,9.0
London,2026-08-21T14:11:14.662972+00:00,2026-09-02T07:00,2026-09-02T06:00:00+00:00,12.5,10.0
London,2026-08-21T14:11:14.662972+00:00,2026-09-02T08:00,2026-09-02T07:00:00+00:00,13.3,12.0
London,2026-08-21T14:11:14.662972+00:00,2026-09-02T09:00,2026-09-02T08:00:00+00:00,14.7,14.0
London,2026-08-21T14:11:14.662972+00:00,2026-09-02T10:00,2026-09-02T09:00:00+00:00,16.5,16.0
London,2026-08-21T14:11:14.662972+00:00,2026-09-02T11:00,2026-09-02T10:00:00+00:00,18.2,18.0
London,2026-08-21T14:11:14.662972+00:00,2026-09-02T12:00,2026-09-02T11:00:00+00:00,19.7,20.0
London,2026-08-21T14:11:14.662972+00:00,2026-09-02T13:00,2026-09-02T12:00:00+00:00,20.8,22.0
London,2026-08-21T14:11:14.662972+00:00,2026-09-02T14:00,2026-09-02T13:00:00+00:00,21.3,23.0
London,2026-08-21T14:11:14.662972+00:00,2026-09-02T15:00,2026-09-02T14:00:00+00:00,21.7,24.0
London,2026-08-21T14:11:14.662972+00:00,2026-09-02T16:00,2026-09-02T15:00:00+00:00,21.8,25.0
London,2026-08-21T14:11:14.662972+00:00,2026-09-02T17:00,2026-09-02T16:00:00+00:00,21.7,25.0
London,2026-08-21T14:11:14.662972+00:00,2026-09-02T18:00,2026-09-02T17:00:00+00:00,21.4,26.0
London,2026-08-21T14:11:14.662972+00:00,2026-09-02T19:00,2026-09-02T18:00:00+00:00,20.9,25.0
London,2026-08-21T14:11:14.662972+00:00,2026-09-02T20:00,2026-09-02T19:00:00+00:00,20.1,23.0
London,2026-08-21T14:11:14.662972+00:00,2026-09-02T21:00,2026-09-02T20:00:00+00:00,19.0,21.0
London,2026-08-21T14:11:14.662972+00:00,2026-09-02T22:00,2026-09-02T21:00:00+00:00,17.6,18.0
London,2026-08-21T14:11:14.662972+00:00,2026-09-02T23:00,2026-09-02T22:00:00+00:00,16.3,15.0
London,2026-08-21T14:11:14.662972+00:00,2026-09-03T00:00,2026-09-02T23:00:00+00:00,15.1,12.0
London,2026-08-21T14:11:14.662972+00:00,2026-09-03T01:00,2026-09-03T00:00:00+00:00,14.4,10.0
London,2026-08-21T14:11:14.662972+00:00,2026-09-03T02:00,2026-09-03T01:00:00+00:00,14.1,8.0
London,2026-08-21T14:11:14.662972+00:00,2026-09-03T03:00,2026-09-03T02:00:00+00:00,14.0,7.0
London,2026-08-21T14:11:14.662972+00:00,2026-09-03T04:00,2026-09-03T03:00:00+00:00,14.1,6.0
London,2026-08-21T14:11:14.662972+00:00,2026-09-03T05:00,2026-09-03T04:00:00+00:00,14.5,6.0
London,2026-08-21T14:11:14.662972+00:00,2026-09-03T06:00,2026-09-03T05:00:00+00:00,15.0,5.0
London,2026-08-21T14:11:14.662972+00:00,2026-09-03T07:00,2026-09-03T06:00:00+00:00,15.6,6.0
London,2026-08-21T14:11:14.662972+00:00,2026-09-03T08:00,2026-09-03T07:00:00+00:00,16.6,7.0
London,2026-08-21T14:11:14.662972+00:00,2026-09-03T09:00,2026-09-03T08:00:00+00:00,18.0,9.0
London,2026-08-21T14:11:14.662972+00:00,2026-09-03T10:00,2026-09-03T09:00:00+00:00,19.6,11.0
London,2026-08-21T14:11:14.662972+00:00,2026-09-03T11:00,2026-09-03T10:00:00+00:00,21.2,13.0
London,2026-08-21T14:11:14.662972+00:00,2026-09-03T12:00,2026-09-03T11:00:00+00:00,22.4,16.0
London,2026-08-21T14:11:14.662972+00:00,2026-09-03T13:00,2026-09-03T12:00:00+00:00,23.3,18.0
London,2026-08-21T14:11:14.662972+00:00,2026-09-03T14:00,2026-09-03T13:00:00+00:00,23.6,20.0
London,2026-08-21T14:11:14.662972+00:00,2026-09-03T15:00,2026-09-03T14:00:00+00:00,23.6,21.0
London,2026-08-21T14:11:14.662972+00:00,2026-09-03T16:00,2026-09-03T15:00:00+00:00,23.3,22.0
London,2026-08-21T14:11:14.662972+00:00,2026-09-03T17:00,2026-09-03T16:00:00+00:00,22.9,23.0
London,2026-08-21T14:11:14.662972+00:00,2026-09-03T18:00,2026-09-03T17:00:00+00:00,22.4,24.0
London,2026-08-21T14:11:14.662972+00:00,2026-09-03T19:00,2026-09-03T18:00:00+00:00,21.9,25.0
London,2026-08-21T14:11:14.662972+00:00,2026-09-03T20:00,2026-09-03T19:00:00+00:00,21.3,25.0
London,2026-08-21T14:11:14.662972+00:00,2026-09-03T21:00,2026-09-03T20:00:00+00:00,20.4,25.0
London,2026-08-21T14:11:14.662972+00:00,2026-09-03T22:00,2026-09-03T21:00:00+00:00,19.6,24.0
London,2026-08-21T14:11:14.662972+00:00,2026-09-03T23:00,2026-09-03T22:00:00+00:00,18.7,23.0
London,2026-08-21T14:11:14.662972+00:00,2026-09-04T00:00,2026-09-03T23:00:00+00:00,17.9,22.0
London,2026-08-21T14:11:14.662972+00:00,2026-09-04T01:00,2026-09-04T00:00:00+00:00,17.3,22.0
London,2026-08-21T14:11:14.662972+00:00,2026-09-04T02:00,2026-09-04T01:00:00+00:00,16.8,23.0
London,2026-08-21T14:11:14.662972+00:00,2026-09-04T03:00,2026-09-04T02:00:00+00:00,16.5,24.0
London,2026-08-21T14:11:14.662972+00:00,2026-09-04T04:00,2026-09-04T03:00:00+00:00,16.2,25.0
London,2026-08-21T14:11:14.662972+00:00,2026-09-04T05:00,2026-09-04T04:00:00+00:00,16.0,26.0
London,2026-08-21T14:11:14.662972+00:00,2026-09-04T06:00,2026-09-04T05:00:00+00:00,16.0,28.0
London,2026-08-21T14:11:14.662972+00:00,2026-09-04T07:00,2026-09-04T06:00:00+00:00,16.2,29.0
London,2026-08-21T14:11:14.662972+00:00,2026-09-04T08:00,2026-09-04T07:00:00+00:00,16.7,29.0
London,2026-08-21T14:11:14.662972+00:00,2026-09-04T09:00,2026-09-04T08:00:00+00:00,17.5,29.0
London,2026-08-21T14:11:14.662972+00:00,2026-09-04T10:00,2026-09-04T09:00:00+00:00,18.4,29.0
London,2026-08-21T14:11:14.662972+00:00,2026-09-04T11:00,2026-09-04T10:00:00+00:00,19.4,29.0
London,2026-08-21T14:11:14.662972+00:00,2026-09-04T12:00,2026-09-04T11:00:00+00:00,20.2,29.0
London,2026-08-21T14:11:14.662972+00:00,2026-09-04T13:00,2026-09-04T12:00:00+00:00,20.7,29.0
London,2026-08-21T14:11:14.662972+00:00,2026-09-04T14:00,2026-09-04T13:00:00+00:00,20.9,30.0
London,2026-08-21T14:11:14.662972+00:00,2026-09-04T15:00,2026-09-04T14:00:00+00:00,21.0,31.0
London,2026-08-21T14:11:14.662972+00:00,2026-09-04T16:00,2026-09-04T15:00:00+00:00,20.9,32.0
London,2026-08-21T14:11:14.662972+00:00,2026-09-04T17:00,2026-09-04T16:00:00+00:00,20.8,33.0
London,2026-08-21T14:11:14.662972+00:00,2026-09-04T18:00,2026-09-04T17:00:00+00:00,20.5,33.0
London,2026-08-21T14:11:14.662972+00:00,2026-09-04T19:00,2026-09-04T18:00:00+00:00,20.2,33.0
London,2026-08-21T14:11:14.662972+00:00,2026-09-04T20:00,2026-09-04T19:00:00+00:00,19.8,31.0
London,2026-08-21T14:11:14.662972+00:00,2026-09-04T21:00,2026-09-04T20:00:00+00:00,19.2,29.0
London,2026-08-21T14:11:14.662972+00:00,2026-09-04T22:00,2026-09-04T21:00:00+00:00,18.5,26.0
London,2026-08-21T14:11:14.662972+00:00,2026-09-04T23:00,2026-09-04T22:00:00+00:00,17.8,23.0
London,2026-08-21T14:11:14.662972+00:00,2026-09-05T00:00,2026-09-04T23:00:00+00:00,17.2,20.0
London,2026-08-21T14:11:14.662972+00:00,2026-09-05T01:00,2026-09-05T00:00:00+00:00,16.9,18.0
London,2026-08-21T14:11:14.662972+00:00,2026-09-05T02:00,2026-09-05T01:00:00+00:00,16.7,17.0
London,2026-08-21T14:11:14.662972+00:00,2026-09-05T03:00,2026-09-05T02:00:00+00:00,16.8,18.0
London,2026-08-21T14:11:14.662972+00:00,2026-09-05T04:00,2026-09-05T03:00:00+00:00,,
London,2026-08-21T14:11:14.662972+00:00,2026-09-05T05:00,2026-09-05T04:00:00+00:00,,
London,2026-08-21T14:11:14.662972+00:00,2026-09-05T06:00,2026-09-05T05:00:00+00:00,,
London,2026-08-21T14:11:14.662972+00:00,2026-09-05T07:00,2026-09-05T06:00:00+00:00,,
London,2026-08-21T14:11:14.662972+00:00,2026-09-05T08:00,2026-09-05T07:00:00+00:00,,
London,2026-08-21T14:11:14.662972+00:00,2026-09-05T09:00,2026-09-05T08:00:00+00:00,,
London,2026-08-21T14:11:14.662972+00:00,2026-09-05T10:00,2026-09-05T09:00:00+00:00,,
London,2026-08-21T14:11:14.662972+00:00,2026-09-05T11:00,2026-09-05T10:00:00+00:00,,
London,2026-08-21T14:11:14.662972+00:00,2026-09-05T12:00,2026-09-05T11:00:00+00:00,,
London,2026-08-21T14:11:14.662972+00:00,2026-09-05T13:00,2026-09-05T12:00:00+00:00,,
London,2026-08-21T14:11:14.662972+00:00,2026-09-05T14:00,2026-09-05T13:00:00+00:00,,
London,2026-08-21T14:11:14.662972+00:00,2026-09-05T15:00,2026-09-05T14:00:00+00:00,,
London,2026-08-21T14:11:14.662972+00:00,2026-09-05T16:00,2026-09-05T15:00:00+00:00,,
London,2026-08-21T14:11:14.662972+00:00,2026-09-05T17:00,2026-09-05T16:00:00+00:00,,
London,2026-08-21T14:11:14.662972+00:00,2026-09-05T18:00,2026-09-05T17:00:00+00:00,,
London,2026-08-21T14:11:14.662972+00:00,2026-09-05T19:00,2026-09-05T18:00:00+00:00,,
London,2026-08-21T14:11:14.662972+00:00,2026-09-05T20:00,2026-09-05T19:00:00+00:00,,
London,2026-08-21T14:11:14.662972+00:00,2026-09-05T21:00,2026-09-05T20:00:00+00:00,,
London,2026-08-21T14:11:14.662972+00:00,2026-09-05T22:00,2026-09-05T21:00:00+00:00,,
London,2026-08-21T14:11:14.662972+00:00,2026-09-05T23:00,2026-09-05T22:00:00+00:00,,
London,2026-08-21T15:04:45.967629+00:00,2026-08-21T00:00,2026-08-20T23:00:00+00:00,16.1,12.0
London,2026-08-21T15:04:45.967629+00:00,2026-08-21T01:00,2026-08-21T00:00:00+00:00,15.8,0.0
London,2026-08-21T15:04:45.967629+00:00,2026-08-21T02:00,2026-08-21T01:00:00+00:00,15.5,3.0
London,2026-08-21T15:04:45.967629+00:00,2026-08-21T03:00,2026-08-21T02:00:00+00:00,15.4,13.0
London,2026-08-21T15:04:45.967629+00:00,2026-08-21T04:00,2026-08-21T03:00:00+00:00,15.4,20.0
London,2026-08-21T15:04:45.967629+00:00,2026-08-21T05:00,2026-08-21T04:00:00+00:00,15.0,18.0
London,2026-08-21T15:04:45.967629+00:00,2026-08-21T06:00,2026-08-21T05:00:00+00:00,14.7,13.0
London,2026-08-21T15:04:45.967629+00:00,2026-08-21T07:00,2026-08-21T06:00:00+00:00,14.6,8.0
London,2026-08-21T15:04:45.967629+00:00,2026-08-21T08:00,2026-08-21T07:00:00+00:00,15.1,5.0
London,2026-08-21T15:04:45.967629+00:00,2026-08-21T09:00,2026-08-21T08:00:00+00:00,16.2,3.0
London,2026-08-21T15:04:45.967629+00:00,2026-08-21T10:00,2026-08-21T09:00:00+00:00,17.2,2.0
London,2026-08-21T15:04:45.967629+00:00,2026-08-21T11:00,2026-08-21T10:00:00+00:00,18.1,1.0
London,2026-08-21T15:04:45.967629+00:00,2026-08-21T12:00,2026-08-21T11:00:00+00:00,19.3,0.0
London,2026-08-21T15:04:45.967629+00:00,2026-08-21T13:00,2026-08-21T12:00:00+00:00,20.2,0.0
London,2026-08-21T15:04:45.967629+00:00,2026-08-21T14:00,2026-08-21T13:00:00+00:00,20.8,0.0
London,2026-08-21T15:04:45.967629+00:00,2026-08-21T15:00,2026-08-21T14:00:00+00:00,21.0,0.0
London,2026-08-21T15:04:45.967629+00:00,2026-08-21T16:00,2026-08-21T15:00:00+00:00,20.8,0.0
London,2026-08-21T15:04:45.967629+00:00,2026-08-21T17:00,2026-08-21T16:00:00+00:00,20.8,1.0
London,2026-08-21T15:04:45.967629+00:00,2026-08-21T18:00,2026-08-21T17:00:00+00:00,20.3,3.0
London,2026-08-21T15:04:45.967629+00:00,2026-08-21T19:00,2026-08-21T18:00:00+00:00,19.0,4.0
London,2026-08-21T15:04:45.967629+00:00,2026-08-21T20:00,2026-08-21T19:00:00+00:00,17.9,4.0
London,2026-08-21T15:04:45.967629+00:00,2026-08-21T21:00,2026-08-21T20:00:00+00:00,16.6,2.0
London,2026-08-21T15:04:45.967629+00:00,2026-08-21T22:00,2026-08-21T21:00:00+00:00,15.8,2.0
London,2026-08-21T15:04:45.967629+00:00,2026-08-21T23:00,2026-08-21T22:00:00+00:00,15.4,3.0
London,2026-08-21T15:04:45.967629+00:00,2026-08-22T00:00,2026-08-21T23:00:00+00:00,15.5,5.0
London,2026-08-21T15:04:45.967629+00:00,2026-08-22T01:00,2026-08-22T00:00:00+00:00,14.9,6.0
London,2026-08-21T15:04:45.967629+00:00,2026-08-22T02:00,2026-08-22T01:00:00+00:00,14.3,5.0
London,2026-08-21T15:04:45.967629+00:00,2026-08-22T03:00,2026-08-22T02:00:00+00:00,13.9,2.0
London,2026-08-21T15:04:45.967629+00:00,2026-08-22T04:00,2026-08-22T03:00:00+00:00,13.6,0.0
London,2026-08-21T15:04:45.967629+00:00,2026-08-22T05:00,2026-08-22T04:00:00+00:00,13.3,0.0
London,2026-08-21T15:04:45.967629+00:00,2026-08-22T06:00,2026-08-22T05:00:00+00:00,13.0,0.0
London,2026-08-21T15:04:45.967629+00:00,2026-08-22T07:00,2026-08-22T06:00:00+00:00,13.0,0.0
London,2026-08-21T15:04:45.967629+00:00,2026-08-22T08:00,2026-08-22T07:00:00+00:00,13.6,0.0
London,2026-08-21T15:04:45.967629+00:00,2026-08-22T09:00,2026-08-22T08:00:00+00:00,14.9,0.0
London,2026-08-21T15:04:45.967629+00:00,2026-08-22T10:00,2026-08-22T09:00:00+00:00,16.5,0.0
London,2026-08-21T15:04:45.967629+00:00,2026-08-22T11:00,2026-08-22T10:00:00+00:00,17.6,0.0
London,2026-08-21T15:04:45.967629+00:00,2026-08-22T12:00,2026-08-22T11:00:00+00:00,18.7,0.0
London,2026-08-21T15:04:45.967629+00:00,2026-08-22T13:00,2026-08-22T12:00:00+00:00,19.6,0.0
London,2026-08-21T15:04:45.967629+00:00,2026-08-22T14:00,2026-08-22T13:00:00+00:00,20.2,0.0
London,2026-08-21T15:04:45.967629+00:00,2026-08-22T15:00,2026-08-22T14:00:00+00:00,20.5,0.0
London,2026-08-21T15:04:45.967629+00:00,2026-08-22T16:00,2026-08-22T15:00:00+00:00,20.8,0.0
London,2026-08-21T15:04:45.967629+00:00,2026-08-22T17:00,2026-08-22T16:00:00+00:00,21.1,0.0
London,2026-08-21T15:04:45.967629+00:00,2026-08-22T18:00,2026-08-22T17:00:00+00:00,20.9,0.0
London,2026-08-21T15:04:45.967629+00:00,2026-08-22T19:00,2026-08-22T18:00:00+00:00,20.4,0.0
London,2026-08-21T15:04:45.967629+00:00,2026-08-22T20:00,2026-08-22T19:00:00+00:00,19.9,0.0
London,2026-08-21T15:04:45.967629+00:00,2026-08-22T21:00,2026-08-22T20:00:00+00:00,19.3,0.0
London,2026-08-21T15:04:45.967629+00:00,2026-08-22T22:00,2026-08-22T21:00:00+00:00,18.3,0.0
London,2026-08-21T15:04:45.967629+00:00,2026-08-22T23:00,2026-08-22T22:00:00+00:00,17.7,0.0
London,2026-08-21T15:04:45.967629+00:00,2026-08-23T00:00,2026-08-22T23:00:00+00:00,17.2,0.0
London,2026-08-21T15:04:45.967629+00:00,2026-08-23T01:00,2026-08-23T00:00:00+00:00,16.4,0.0
London,2026-08-21T15:04:45.967629+00:00,2026-08-23T02:00,2026-08-23T01:00:00+00:00,16.2,0.0
London,2026-08-21T15:04:45.967629+00:00,2026-08-23T03:00,2026-08-23T02:00:00+00:00,16.0,0.0
London,2026-08-21T15:04:45.967629+00:00,2026-08-23T04:00,2026-08-23T03:00:00+00:00,15.8,0.0
London,2026-08-21T15:04:45.967629+00:00,2026-08-23T05:00,2026-08-23T04:00:00+00:00,16.0,0.0
London,2026-08-21T15:04:45.967629+00:00,2026-08-23T06:00,2026-08-23T05:00:00+00:00,15.6,0.0
London,2026-08-21T15:04:45.967629+00:00,2026-08-23T07:00,2026-08-23T06:00:00+00:00,16.2,0.0
London,2026-08-21T15:04:45.967629+00:00,2026-08-23T08:00,2026-08-23T07:00:00+00:00,15.9,0.0
London,2026-08-21T15:04:45.967629+00:00,2026-08-23T09:00,2026-08-23T08:00:00+00:00,16.9,0.0
London,2026-08-21T15:04:45.967629+00:00,2026-08-23T10:00,2026-08-23T09:00:00+00:00,18.0,0.0
London,2026-08-21T15:04:45.967629+00:00,2026-08-23T11:00,2026-08-23T10:00:00+00:00,19.5,0.0
London,2026-08-21T15:04:45.967629+00:00,2026-08-23T12:00,2026-08-23T11:00:00+00:00,20.2,0.0
London,2026-08-21T15:04:45.967629+00:00,2026-08-23T13:00,2026-08-23T12:00:00+00:00,21.1,0.0
London,2026-08-21T15:04:45.967629+00:00,2026-08-23T14:00,2026-08-23T13:00:00+00:00,21.6,0.0
London,2026-08-21T15:04:45.967629+00:00,2026-08-23T15:00,2026-08-23T14:00:00+00:00,21.8,0.0
London,2026-08-21T15:04:45.967629+00:00,2026-08-23T16:00,2026-08-23T15:00:00+00:00,21.9,0.0
London,2026-08-21T15:04:45.967629+00:00,2026-08-23T17:00,2026-08-23T16:00:00+00:00,22.2,0.0
London,2026-08-21T15:04:45.967629+00:00,2026-08-23T18:00,2026-08-23T17:00:00+00:00,22.5,0.0
London,2026-08-21T15:04:45.967629+00:00,2026-08-23T19:00,2026-08-23T18:00:00+00:00,22.7,0.0
London,2026-08-21T15:04:45.967629+00:00,2026-08-23T20:00,2026-08-23T19:00:00+00:00,21.7,0.0
London,2026-08-21T15:04:45.967629+00:00,2026-08-23T21:00,2026-08-23T20:00:00+00:00,20.8,0.0
London,2026-08-21T15:04:45.967629+00:00,2026-08-23T22:00,2026-08-23T21:00:00+00:00,19.9,0.0
London,2026-08-21T15:04:45.967629+00:00,2026-08-23T23:00,2026-08-23T22:00:00+00:00,19.2,0.0
London,2026-08-21T15:04:45.967629+00:00,2026-08-24T00:00,2026-08-23T23:00:00+00:00,18.5,0.0
London,2026-08-21T15:04:45.967629+00:00,2026-08-24T01:00,2026-08-24T00:00:00+00:00,17.9,0.0
London,2026-08-21T15:04:45.967629+00:00,2026-08-24T02:00,2026-08-24T01:00:00+00:00,17.5,0.0
London,2026-08-21T15:04:45.967629+00:00,2026-08-24T03:00,2026-08-24T02:00:00+00:00,17.1,0.0
London,2026-08-21T15:04:45.967629+00:00,2026-08-24T04:00,2026-08-24T03:00:00+00:00,16.8,0.0
London,2026-08-21T15:04:45.967629+00:00,2026-08-24T05:00,2026-08-24T04:00:00+00:00,16.3,0.0
London,2026-08-21T15:04:45.967629+00:00,2026-08-24T06:00,2026-08-24T05:00:00+00:00,15.8,0.0
London,2026-08-21T15:04:45.967629+00:00,2026-08-24T07:00,2026-08-24T06:00:00+00:00,15.7,0.0
London,2026-08-21T15:04:45.967629+00:00,2026-08-24T08:00,2026-08-24T07:00:00+00:00,16.4,0.0
London,2026-08-21T15:04:45.967629+00:00,2026-08-24T09:00,2026-08-24T08:00:00+00:00,17.5,1.0
London,2026-08-21T15:04:45.967629+00:00,2026-08-24T10:00,2026-08-24T09:00:00+00:00,18.5,2.0
London,2026-08-21T15:04:45.967629+00:00,2026-08-24T11:00,2026-08-24T10:00:00+00:00,19.2,4.0
London,2026-08-21T15:04:45.967629+00:00,2026-08-24T12:00,2026-08-24T11:00:00+00:00,19.8,5.0
London,2026-08-21T15:04:45.967629+00:00,2026-08-24T13:00,2026-08-24T12:00:00+00:00,20.3,6.0
London,2026-08-21T15:04:45.967629+00:00,2026-08-24T14:00,2026-08-24T13:00:00+00:00,20.6,4.0
London,2026-08-21T15:04:45.967629+00:00,2026-08-24T15:00,2026-08-24T14:00:00+00:00,20.7,2.0
London,2026-08-21T15:04:45.967629+00:00,2026-08-24T16:00,2026-08-24T15:00:00+00:00,20.7,0.0
London,2026-08-21T15:04:45.967629+00:00,2026-08-24T17:00,2026-08-24T16:00:00+00:00,20.5,0.0
London,2026-08-21T15:04:45.967629+00:00,2026-08-24T18:00,2026-08-24T17:00:00+00:00,20.2,1.0
London,2026-08-21T15:04:45.967629+00:00,2026-08-24T19:00,2026-08-24T18:00:00+00:00,19.9,2.0
London,2026-08-21T15:04:45.967629+00:00,2026-08-24T20:00,2026-08-24T19:00:00+00:00,19.6,2.0
London,2026-08-21T15:04:45.967629+00:00,2026-08-24T21:00,2026-08-24T20:00:00+00:00,19.4,2.0
London,2026-08-21T15:04:45.967629+00:00,2026-08-24T22:00,2026-08-24T21:00:00+00:00,19.3,2.0
London,2026-08-21T15:04:45.967629+00:00,2026-08-24T23:00,2026-08-24T22:00:00+00:00,19.2,4.0
London,2026-08-21T15:04:45.967629+00:00,2026-08-25T00:00,2026-08-24T23:00:00+00:00,19.1,6.0
London,2026-08-21T15:04:45.967629+00:00,2026-08-25T01:00,2026-08-25T00:00:00+00:00,19.0,8.0
London,2026-08-21T15:04:45.967629+00:00,2026-08-25T02:00,2026-08-25T01:00:00+00:00,18.8,8.0
London,2026-08-21T15:04:45.967629+00:00,2026-08-25T03:00,2026-08-25T02:00:00+00:00,18.5,8.0
London,2026-08-21T15:04:45.967629+00:00,2026-08-25T04:00,2026-08-25T03:00:00+00:00,18.3,8.0
London,2026-08-21T15:04:45.967629+00:00,2026-08-25T05:00,2026-08-25T04:00:00+00:00,17.8,10.0
London,2026-08-21T15:04:45.967629+00:00,2026-08-25T06:00,2026-08-25T05:00:00+00:00,17.4,12.0
London,2026-08-21T15:04:45.967629+00:00,2026-08-25T07:00,2026-08-25T06:00:00+00:00,17.2,14.0
London,2026-08-21T15:04:45.967629+00:00,2026-08-25T08:00,2026-08-25T07:00:00+00:00,17.7,16.0
London,2026-08-21T15:04:45.967629+00:00,2026-08-25T09:00,2026-08-25T08:00:00+00:00,18.4,18.0
London,2026-08-21T15:04:45.967629+00:00,2026-08-25T10:00,2026-08-25T09:00:00+00:00,19.1,20.0
London,2026-08-21T15:04:45.967629+00:00,2026-08-25T11:00,2026-08-25T10:00:00+00:00,19.7,23.0
London,2026-08-21T15:04:45.967629+00:00,2026-08-25T12:00,2026-08-25T11:00:00+00:00,20.2,26.0
London,2026-08-21T15:04:45.967629+00:00,2026-08-25T13:00,2026-08-25T12:00:00+00:00,20.7,27.0
London,2026-08-21T15:04:45.967629+00:00,2026-08-25T14:00,2026-08-25T13:00:00+00:00,21.2,22.0
London,2026-08-21T15:04:45.967629+00:00,2026-08-25T15:00,2026-08-25T14:00:00+00:00,21.6,15.0
London,2026-08-21T15:04:45.967629+00:00,2026-08-25T16:00,2026-08-25T15:00:00+00:00,22.0,10.0
London,2026-08-21T15:04:45.967629+00:00,2026-08-25T17:00,2026-08-25T16:00:00+00:00,22.4,9.0
London,2026-08-21T15:04:45.967629+00:00,2026-08-25T18:00,2026-08-25T17:00:00+00:00,22.8,9.0
London,2026-08-21T15:04:45.967629+00:00,2026-08-25T19:00,2026-08-25T18:00:00+00:00,22.8,10.0
London,2026-08-21T15:04:45.967629+00:00,2026-08-25T20:00,2026-08-25T19:00:00+00:00,21.9,10.0
London,2026-08-21T15:04:45.967629+00:00,2026-08-25T21:00,2026-08-25T20:00:00+00:00,20.6,10.0
London,2026-08-21T15:04:45.967629+00:00,2026-08-25T22:00,2026-08-25T21:00:00+00:00,19.6,12.0
London,2026-08-21T15:04:45.967629+00:00,2026-08-25T23:00,2026-08-25T22:00:00+00:00,19.2,16.0
London,2026-08-21T15:04:45.967629+00:00,2026-08-26T00:00,2026-08-25T23:00:00+00:00,19.1,21.0
London,2026-08-21T15:04:45.967629+00:00,2026-08-26T01:00,2026-08-26T00:00:00+00:00,19.0,25.0
London,2026-08-21T15:04:45.967629+00:00,2026-08-26T02:00,2026-08-26T01:00:00+00:00,18.7,26.0
London,2026-08-21T15:04:45.967629+00:00,2026-08-26T03:00,2026-08-26T02:00:00+00:00,18.4,27.0
London,2026-08-21T15:04:45.967629+00:00,2026-08-26T04:00,2026-08-26T03:00:00+00:00,18.2,27.0
London,2026-08-21T15:04:45.967629+00:00,2026-08-26T05:00,2026-08-26T04:00:00+00:00,18.0,28.0
London,2026-08-21T15:04:45.967629+00:00,2026-08-26T06:00,2026-08-26T05:00:00+00:00,17.9,29.0
London,2026-08-21T15:04:45.967629+00:00,2026-08-26T07:00,2026-08-26T06:00:00+00:00,18.0,29.0
London,2026-08-21T15:04:45.967629+00:00,2026-08-26T08:00,2026-08-26T07:00:00+00:00,18.3,27.0
London,2026-08-21T15:04:45.967629+00:00,2026-08-26T09:00,2026-08-26T08:00:00+00:00,18.9,23.0
London,2026-08-21T15:04:45.967629+00:00,2026-08-26T10:00,2026-08-26T09:00:00+00:00,19.6,22.0
London,2026-08-21T15:04:45.967629+00:00,2026-08-26T11:00,2026-08-26T10:00:00+00:00,20.8,25.0
London,2026-08-21T15:04:45.967629+00:00,2026-08-26T12:00,2026-08-26T11:00:00+00:00,22.3,30.0
London,2026-08-21T15:04:45.967629+00:00,2026-08-26T13:00,2026-08-26T12:00:00+00:00,23.5,35.0
London,2026-08-21T15:04:45.967629+00:00,2026-08-26T14:00,2026-08-26T13:00:00+00:00,24.4,39.0
London,2026-08-21T15:04:45.967629+00:00,2026-08-26T15:00,2026-08-26T14:00:00+00:00,25.1,42.0
London,2026-08-21T15:04:45.967629+00:00,2026-08-26T16:00,2026-08-26T15:00:00+00:00,25.4,41.0
London,2026-08-21T15:04:45.967629+00:00,2026-08-26T17:00,2026-08-26T16:00:00+00:00,25.5,32.0
London,2026-08-21T15:04:45.967629+00:00,2026-08-26T18:00,2026-08-26T17:00:00+00:00,25.2,19.0
London,2026-08-21T15:04:45.967629+00:00,2026-08-26T19:00,2026-08-26T18:00:00+00:00,24.7,10.0
London,2026-08-21T15:04:45.967629+00:00,2026-08-26T20:00,2026-08-26T19:00:00+00:00,24.0,9.0
London,2026-08-21T15:04:45.967629+00:00,2026-08-26T21:00,2026-08-26T20:00:00+00:00,23.0,13.0
London,2026-08-21T15:04:45.967629+00:00,2026-08-26T22:00,2026-08-26T21:00:00+00:00,22.2,18.0
London,2026-08-21T15:04:45.967629+00:00,2026-08-26T23:00,2026-08-26T22:00:00+00:00,21.9,24.0
London,2026-08-21T15:04:45.967629+00:00,2026-08-27T00:00,2026-08-26T23:00:00+00:00,21.1,32.0
London,2026-08-21T15:04:45.967629+00:00,2026-08-27T01:00,2026-08-27T00:00:00+00:00,20.5,39.0
London,2026-08-21T15:04:45.967629+00:00,2026-08-27T02:00,2026-08-27T01:00:00+00:00,20.0,44.0
London,2026-08-21T15:04:45.967629+00:00,2026-08-27T03:00,2026-08-27T02:00:00+00:00,19.6,48.0
London,2026-08-21T15:04:45.967629+00:00,2026-08-27T04:00,2026-08-27T03:00:00+00:00,19.2,51.0
London,2026-08-21T15:04:45.967629+00:00,2026-08-27T05:00,2026-08-27T04:00:00+00:00,18.9,51.0
London,2026-08-21T15:04:45.967629+00:00,2026-08-27T06:00,2026-08-27T05:00:00+00:00,18.8,49.0
London,2026-08-21T15:04:45.967629+00:00,2026-08-27T07:00,2026-08-27T06:00:00+00:00,18.9,49.0
London,2026-08-21T15:04:45.967629+00:00,2026-08-27T08:00,2026-08-27T07:00:00+00:00,19.2,55.0
London,2026-08-21T15:04:45.967629+00:00,2026-08-27T09:00,2026-08-27T08:00:00+00:00,19.8,63.0
London,2026-08-21T15:04:45.967629+00:00,2026-08-27T10:00,2026-08-27T09:00:00+00:00,20.5,69.0
London,2026-08-21T15:04:45.967629+00:00,2026-08-27T11:00,2026-08-27T10:00:00+00:00,21.2,71.0
London,2026-08-21T15:04:45.967629+00:00,2026-08-27T12:00,2026-08-27T11:00:00+00:00,21.9,71.0
London,2026-08-21T15:04:45.967629+00:00,2026-08-27T13:00,2026-08-27T12:00:00+00:00,22.4,71.0
London,2026-08-21T15:04:45.967629+00:00,2026-08-27T14:00,2026-08-27T13:00:00+00:00,22.8,72.0
London,2026-08-21T15:04:45.967629+00:00,2026-08-27T15:00,2026-08-27T14:00:00+00:00,23.1,73.0
London,2026-08-21T15:04:45.967629+00:00,2026-08-27T16:00,2026-08-27T15:00:00+00:00,23.4,74.0
London,2026-08-21T15:04:45.967629+00:00,2026-08-27T17:00,2026-08-27T16:00:00+00:00,23.5,74.0
London,2026-08-21T15:04:45.967629+00:00,2026-08-27T18:00,2026-08-27T17:00:00+00:00,23.6,74.0
London,2026-08-21T15:04:45.967629+00:00,2026-08-27T19:00,2026-08-27T18:00:00+00:00,23.4,71.0
London,2026-08-21T15:04:45.967629+00:00,2026-08-27T20:00,2026-08-27T19:00:00+00:00,23.1,65.0
London,2026-08-21T15:04:45.967629+00:00,2026-08-27T21:00,2026-08-27T20:00:00+00:00,22.4,56.0
London,2026-08-21T15:04:45.967629+00:00,2026-08-27T22:00,2026-08-27T21:00:00+00:00,21.7,48.0
London,2026-08-21T15:04:45.967629+00:00,2026-08-27T23:00,2026-08-27T22:00:00+00:00,19.8,40.0
London,2026-08-21T15:04:45.967629+00:00,2026-08-28T00:00,2026-08-27T23:00:00+00:00,18.0,31.0
London,2026-08-21T15:04:45.967629+00:00,2026-08-28T01:00,2026-08-28T00:00:00+00:00,16.3,25.0
London,2026-08-21T15:04:45.967629+00:00,2026-08-28T02:00,2026-08-28T01:00:00+00:00,14.6,22.0
London,2026-08-21T15:04:45.967629+00:00,2026-08-28T03:00,2026-08-28T02:00:00+00:00,14.2,22.0
London,2026-08-21T15:04:45.967629+00:00,2026-08-28T04:00,2026-08-28T03:00:00+00:00,13.8,22.0
London,2026-08-21T15:04:45.967629+00:00,2026-08-28T05:00,2026-08-28T04:00:00+00:00,13.6,23.0
London,2026-08-21T15:04:45.967629+00:00,2026-08-28T06:00,2026-08-28T05:00:00+00:00,13.6,25.0
London,2026-08-21T15:04:45.967629+00:00,2026-08-28T07:00,2026-08-28T06:00:00+00:00,13.8,27.0
London,2026-08-21T15:04:45.967629+00:00,2026-08-28T08:00,2026-08-28T07:00:00+00:00,14.5,30.0
London,2026-08-21T15:04:45.967629+00:00,2026-08-28T09:00,2026-08-28T08:00:00+00:00,15.6,34.0
London,2026-08-21T15:04:45.967629+00:00,2026-08-28T10:00,2026-08-28T09:00:00+00:00,16.9,38.0
London,2026-08-21T15:04:45.967629+00:00,2026-08-28T11:00,2026-08-28T10:00:00+00:00,18.2,42.0
London,2026-08-21T15:04:45.967629+00:00,2026-08-28T12:00,2026-08-28T11:00:00+00:00,19.3,46.0
London,2026-08-21T15:04:45.967629+00:00,2026-08-28T13:00,2026-08-28T12:00:00+00:00,19.9,51.0
London,2026-08-21T15:04:45.967629+00:00,2026-08-28T14:00,2026-08-28T13:00:00+00:00,19.9,56.0
London,2026-08-21T15:04:45.967629+00:00,2026-08-28T15:00,2026-08-28T14:00:00+00:00,19.6,62.0
London,2026-08-21T15:04:45.967629+00:00,2026-08-28T16:00,2026-08-28T15:00:00+00:00,19.0,66.0
London,2026-08-21T15:04:45.967629+00:00,2026-08-28T17:00,2026-08-28T16:00:00+00:00,18.3,70.0
London,2026-08-21T15:04:45.967629+00:00,2026-08-28T18:00,2026-08-28T17:00:00+00:00,17.6,72.0
London,2026-08-21T15:04:45.967629+00:00,2026-08-28T19:00,2026-08-28T18:00:00+00:00,17.1,71.0
London,2026-08-21T15:04:45.967629+00:00,2026-08-28T20:00,2026-08-28T19:00:00+00:00,16.8,64.0
London,2026-08-21T15:04:45.967629+00:00,2026-08-28T21:00,2026-08-28T20:00:00+00:00,16.6,54.0
London,2026-08-21T15:04:45.967629+00:00,2026-08-28T22:00,2026-08-28T21:00:00+00:00,16.4,43.0
London,2026-08-21T15:04:45.967629+00:00,2026-08-28T23:00,2026-08-28T22:00:00+00:00,16.2,32.0
London,2026-08-21T15:04:45.967629+00:00,2026-08-29T00:00,2026-08-28T23:00:00+00:00,16.0,21.0
London,2026-08-21T15:04:45.967629+00:00,2026-08-29T01:00,2026-08-29T00:00:00+00:00,15.9,14.0
London,2026-08-21T15:04:45.967629+00:00,2026-08-29T02:00,2026-08-29T01:00:00+00:00,15.7,12.0
London,2026-08-21T15:04:45.967629+00:00,2026-08-29T03:00,2026-08-29T02:00:00+00:00,15.4,14.0
London,2026-08-21T15:04:45.967629+00:00,2026-08-29T04:00,2026-08-29T03:00:00+00:00,15.1,17.0
London,2026-08-21T15:04:45.967629+00:00,2026-08-29T05:00,2026-08-29T04:00:00+00:00,15.0,20.0
London,2026-08-21T15:04:45.967629+00:00,2026-08-29T06:00,2026-08-29T05:00:00+00:00,15.0,24.0
London,2026-08-21T15:04:45.967629+00:00,2026-08-29T07:00,2026-08-29T06:00:00+00:00,15.3,27.0
London,2026-08-21T15:04:45.967629+00:00,2026-08-29T08:00,2026-08-29T07:00:00+00:00,16.0,28.0
London,2026-08-21T15:04:45.967629+00:00,2026-08-29T09:00,2026-08-29T08:00:00+00:00,17.1,28.0
London,2026-08-21T15:04:45.967629+00:00,2026-08-29T10:00,2026-08-29T09:00:00+00:00,18.4,29.0
London,2026-08-21T15:04:45.967629+00:00,2026-08-29T11:00,2026-08-29T10:00:00+00:00,19.7,30.0
London,2026-08-21T15:04:45.967629+00:00,2026-08-29T12:00,2026-08-29T11:00:00+00:00,20.7,31.0
London,2026-08-21T15:04:45.967629+00:00,2026-08-29T13:00,2026-08-29T12:00:00+00:00,21.3,33.0
London,2026-08-21T15:04:45.967629+00:00,2026-08-29T14:00,2026-08-29T13:00:00+00:00,21.5,37.0
London,2026-08-21T15:04:45.967629+00:00,2026-08-29T15:00,2026-08-29T14:00:00+00:00,21.3,42.0
London,2026-08-21T15:04:45.967629+00:00,2026-08-29T16:00,2026-08-29T15:00:00+00:00,20.9,47.0
London,2026-08-21T15:04:45.967629+00:00,2026-08-29T17:00,2026-08-29T16:00:00+00:00,20.4,51.0
London,2026-08-21T15:04:45.967629+00:00,2026-08-29T18:00,2026-08-29T17:00:00+00:00,19.8,55.0
London,2026-08-21T15:04:45.967629+00:00,2026-08-29T19:00,2026-08-29T18:00:00+00:00,19.3,55.0
London,2026-08-21T15:04:45.967629+00:00,2026-08-29T20:00,2026-08-29T19:00:00+00:00,18.7,50.0
London,2026-08-21T15:04:45.967629+00:00,2026-08-29T21:00,2026-08-29T20:00:00+00:00,18.0,42.0
London,2026-08-21T15:04:45.967629+00:00,2026-08-29T22:00,2026-08-29T21:00:00+00:00,17.2,33.0
London,2026-08-21T15:04:45.967629+00:00,2026-08-29T23:00,2026-08-29T22:00:00+00:00,16.5,24.0
London,2026-08-21T15:04:45.967629+00:00,2026-08-30T00:00,2026-08-29T23:00:00+00:00,15.8,16.0
London,2026-08-21T15:04:45.967629+00:00,2026-08-30T01:00,2026-08-30T00:00:00+00:00,15.2,10.0
London,2026-08-21T15:04:45.967629+00:00,2026-08-30T02:00,2026-08-30T01:00:00+00:00,14.6,9.0
London,2026-08-21T15:04:45.967629+00:00,2026-08-30T03:00,2026-08-30T02:00:00+00:00,14.0,10.0
London,2026-08-21T15:04:45.967629+00:00,2026-08-30T04:00,2026-08-30T03:00:00+00:00,13.5,12.0
London,2026-08-21T15:04:45.967629+00:00,2026-08-30T05:00,2026-08-30T04:00:00+00:00,13.1,14.0
London,2026-08-21T15:04:45.967629+00:00,2026-08-30T06:00,2026-08-30T05:00:00+00:00,13.0,17.0
London,2026-08-21T15:04:45.967629+00:00,2026-08-30T07:00,2026-08-30T06:00:00+00:00,13.2,20.0
London,2026-08-21T15:04:45.967629+00:00,2026-08-30T08:00,2026-08-30T07:00:00+00:00,14.0,21.0
London,2026-08-21T15:04:45.967629+00:00,2026-08-30T09:00,2026-08-30T08:00:00+00:00,15.3,22.0
London,2026-08-21T15:04:45.967629+00:00,2026-08-30T10:00,2026-08-30T09:00:00+00:00,16.9,23.0
London,2026-08-21T15:04:45.967629+00:00,2026-08-30T11:00,2026-08-30T10:00:00+00:00,18.5,24.0
London,2026-08-21T15:04:45.967629+00:00,2026-08-30T12:00,2026-08-30T11:00:00+00:00,19.8,25.0
London,2026-08-21T15:04:45.967629+00:00,2026-08-30T13:00,2026-08-30T12:00:00+00:00,20.5,27.0
London,2026-08-21T15:04:45.967629+00:00,2026-08-30T14:00,2026-08-30T13:00:00+00:00,20.7,31.0
London,2026-08-21T15:04:45.967629+00:00,2026-08-30T15:00,2026-08-30T14:00:00+00:00,20.5,35.0
London,2026-08-21T15:04:45.967629+00:00,2026-08-30T16:00,2026-08-30T15:00:00+00:00,20.0,39.0
London,2026-08-21T15:04:45.967629+00:00,2026-08-30T17:00,2026-08-30T16:00:00+00:00,19.3,43.0
London,2026-08-21T15:04:45.967629+00:00,2026-08-30T18:00,2026-08-30T17:00:00+00:00,18.7,46.0
London,2026-08-21T15:04:45.967629+00:00,2026-08-30T19:00,2026-08-30T18:00:00+00:00,18.1,47.0
London,2026-08-21T15:04:45.967629+00:00,2026-08-30T20:00,2026-08-30T19:00:00+00:00,17.6,45.0
London,2026-08-21T15:04:45.967629+00:00,2026-08-30T21:00,2026-08-30T20:00:00+00:00,17.1,41.0
London,2026-08-21T15:04:45.967629+00:00,2026-08-30T22:00,2026-08-30T21:00:00+00:00,16.5,36.0
London,2026-08-21T15:04:45.967629+00:00,2026-08-30T23:00,2026-08-30T22:00:00+00:00,15.9,31.0
London,2026-08-21T15:04:45.967629+00:00,2026-08-31T00:00,2026-08-30T23:00:00+00:00,15.5,26.0
London,2026-08-21T15:04:45.967629+00:00,2026-08-31T01:00,2026-08-31T00:00:00+00:00,15.2,22.0
London,2026-08-21T15:04:45.967629+00:00,2026-08-31T02:00,2026-08-31T01:00:00+00:00,15.0,20.0
London,2026-08-21T15:04:45.967629+00:00,2026-08-31T03:00,2026-08-31T02:00:00+00:00,14.8,18.0
London,2026-08-21T15:04:45.967629+00:00,2026-08-31T04:00,2026-08-31T03:00:00+00:00,14.8,17.0
London,2026-08-21T15:04:45.967629+00:00,2026-08-31T05:00,2026-08-31T04:00:00+00:00,14.8,16.0
London,2026-08-21T15:04:45.967629+00:00,2026-08-31T06:00,2026-08-31T05:00:00+00:00,15.1,16.0
London,2026-08-21T15:04:45.967629+00:00,2026-08-31T07:00,2026-08-31T06:00:00+00:00,15.4,16.0
London,2026-08-21T15:04:45.967629+00:00,2026-08-31T08:00,2026-08-31T07:00:00+00:00,16.1,16.0
London,2026-08-21T15:04:45.967629+00:00,2026-08-31T09:00,2026-08-31T08:00:00+00:00,17.1,16.0
London,2026-08-21T15:04:45.967629+00:00,2026-08-31T10:00,2026-08-31T09:00:00+00:00,18.2,16.0
London,2026-08-21T15:04:45.967629+00:00,2026-08-31T11:00,2026-08-31T10:00:00+00:00,19.3,17.0
London,2026-08-21T15:04:45.967629+00:00,2026-08-31T12:00,2026-08-31T11:00:00+00:00,20.2,18.0
London,2026-08-21T15:04:45.967629+00:00,2026-08-31T13:00,2026-08-31T12:00:00+00:00,20.7,20.0
London,2026-08-21T15:04:45.967629+00:00,2026-08-31T14:00,2026-08-31T13:00:00+00:00,20.9,24.0
London,2026-08-21T15:04:45.967629+00:00,2026-08-31T15:00,2026-08-31T14:00:00+00:00,20.7,29.0
London,2026-08-21T15:04:45.967629+00:00,2026-08-31T16:00,2026-08-31T15:00:00+00:00,20.4,34.0
London,2026-08-21T15:04:45.967629+00:00,2026-08-31T17:00,2026-08-31T16:00:00+00:00,19.9,38.0
London,2026-08-21T15:04:45.967629+00:00,2026-08-31T18:00,2026-08-31T17:00:00+00:00,19.4,42.0
London,2026-08-21T15:04:45.967629+00:00,2026-08-31T19:00,2026-08-31T18:00:00+00:00,18.8,43.0
London,2026-08-21T15:04:45.967629+00:00,2026-08-31T20:00,2026-08-31T19:00:00+00:00,18.2,39.0
London,2026-08-21T15:04:45.967629+00:00,2026-08-31T21:00,2026-08-31T20:00:00+00:00,17.5,33.0
London,2026-08-21T15:04:45.967629+00:00,2026-08-31T22:00,2026-08-31T21:00:00+00:00,16.7,26.0
London,2026-08-21T15:04:45.967629+00:00,2026-08-31T23:00,2026-08-31T22:00:00+00:00,15.9,19.0
London,2026-08-21T15:04:45.967629+00:00,2026-09-01T00:00,2026-08-31T23:00:00+00:00,15.2,11.0
London,2026-08-21T15:04:45.967629+00:00,2026-09-01T01:00,2026-09-01T00:00:00+00:00,14.7,6.0
London,2026-08-21T15:04:45.967629+00:00,2026-09-01T02:00,2026-09-01T01:00:00+00:00,14.2,4.0
London,2026-08-21T15:04:45.967629+00:00,2026-09-01T03:00,2026-09-01T02:00:00+00:00,13.7,4.0
London,2026-08-21T15:04:45.967629+00:00,2026-09-01T04:00,2026-09-01T03:00:00+00:00,13.2,5.0
London,2026-08-21T15:04:45.967629+00:00,2026-09-01T05:00,2026-09-01T04:00:00+00:00,13.0,6.0
London,2026-08-21T15:04:45.967629+00:00,2026-09-01T06:00,2026-09-01T05:00:00+00:00,12.9,8.0
London,2026-08-21T15:04:45.967629+00:00,2026-09-01T07:00,2026-09-01T06:00:00+00:00,13.3,10.0
London,2026-08-21T15:04:45.967629+00:00,2026-09-01T08:00,2026-09-01T07:00:00+00:00,14.1,13.0
London,2026-08-21T15:04:45.967629+00:00,2026-09-01T09:00,2026-09-01T08:00:00+00:00,15.5,16.0
London,2026-08-21T15:04:45.967629+00:00,2026-09-01T10:00,2026-09-01T09:00:00+00:00,17.1,19.0
London,2026-08-21T15:04:45.967629+00:00,2026-09-01T11:00,2026-09-01T10:00:00+00:00,18.8,22.0
London,2026-08-21T15:04:45.967629+00:00,2026-09-01T12:00,2026-09-01T11:00:00+00:00,20.2,25.0
London,2026-08-21T15:04:45.967629+00:00,2026-09-01T13:00,2026-09-01T12:00:00+00:00,21.1,29.0
London,2026-08-21T15:04:45.967629+00:00,2026-09-01T14:00,2026-09-01T13:00:00+00:00,21.5,34.0
London,2026-08-21T15:04:45.967629+00:00,2026-09-01T15:00,2026-09-01T14:00:00+00:00,21.7,39.0
London,2026-08-21T15:04:45.967629+00:00,2026-09-01T16:00,2026-09-01T15:00:00+00:00,21.6,43.0
London,2026-08-21T15:04:45.967629+00:00,2026-09-01T17:00,2026-09-01T16:00:00+00:00,21.3,46.0
London,2026-08-21T15:04:45.967629+00:00,2026-09-01T18:00,2026-09-01T17:00:00+00:00,20.9,49.0
London,2026-08-21T15:04:45.967629+00:00,2026-09-01T19:00,2026-09-01T18:00:00+00:00,20.4,49.0
London,2026-08-21T15:04:45.967629+00:00,2026-09-01T20:00,2026-09-01T19:00:00+00:00,19.8,45.0
London,2026-08-21T15:04:45.967629+00:00,2026-09-01T21:00,2026-09-01T20:00:00+00:00,18.9,38.0
London,2026-08-21T15:04:45.967629+00:00,2026-09-01T22:00,2026-09-01T21:00:00+00:00,17.9,31.0
London,2026-08-21T15:04:45.967629+00:00,2026-09-01T23:00,2026-09-01T22:00:00+00:00,16.8,24.0
London,2026-08-21T15:04:45.967629+00:00,2026-09-02T00:00,2026-09-01T23:00:00+00:00,15.9,16.0
London,2026-08-21T15:04:45.967629+00:00,2026-09-02T01:00,2026-09-02T00:00:00+00:00,15.1,10.0
London,2026-08-21T15:04:45.967629+00:00,2026-09-02T02:00,2026-09-02T01:00:00+00:00,14.4,7.0
London,2026-08-21T15:04:45.967629+00:00,2026-09-02T03:00,2026-09-02T02:00:00+00:00,13.6,7.0
London,2026-08-21T15:04:45.967629+00:00,2026-09-02T04:00,2026-09-02T03:00:00+00:00,12.9,7.0
London,2026-08-21T15:04:45.967629+00:00,2026-09-02T05:00,2026-09-02T04:00:00+00:00,12.4,7.0
London,2026-08-21T15:04:45.967629+00:00,2026-09-02T06:00,2026-09-02T05:00:00+00:00,12.2,9.0
London,2026-08-21T15:04:45.967629+00:00,2026-09-02T07:00,2026-09-02T06:00:00+00:00,12.5,10.0
London,2026-08-21T15:04:45.967629+00:00,2026-09-02T08:00,2026-09-02T07:00:00+00:00,13.3,12.0
London,2026-08-21T15:04:45.967629+00:00,2026-09-02T09:00,2026-09-02T08:00:00+00:00,14.7,14.0
London,2026-08-21T15:04:45.967629+00:00,2026-09-02T10:00,2026-09-02T09:00:00+00:00,16.5,16.0
London,2026-08-21T15:04:45.967629+00:00,2026-09-02T11:00,2026-09-02T10:00:00+00:00,18.2,18.0
London,2026-08-21T15:04:45.967629+00:00,2026-09-02T12:00,2026-09-02T11:00:00+00:00,19.7,20.0
London,2026-08-21T15:04:45.967629+00:00,2026-09-02T13:00,2026-09-02T12:00:00+00:00,20.8,22.0
London,2026-08-21T15:04:45.967629+00:00,2026-09-02T14:00,2026-09-02T13:00:00+00:00,21.3,23.0
London,2026-08-21T15:04:45.967629+00:00,2026-09-02T15:00,2026-09-02T14:00:00+00:00,21.7,24.0
London,2026-08-21T15:04:45.967629+00:00,2026-09-02T16:00,2026-09-02T15:00:00+00:00,21.8,25.0
London,2026-08-21T15:04:45.967629+00:00,2026-09-02T17:00,2026-09-02T16:00:00+00:00,21.7,25.0
London,2026-08-21T15:04:45.967629+00:00,2026-09-02T18:00,2026-09-02T17:00:00+00:00,21.4,26.0
London,2026-08-21T15:04:45.967629+00:00,2026-09-02T19:00,2026-09-02T18:00:00+00:00,20.9,25.0
London,2026-08-21T15:04:45.967629+00:00,2026-09-02T20:00,2026-09-02T19:00:00+00:00,20.1,23.0
London,2026-08-21T15:04:45.967629+00:00,2026-09-02T21:00,2026-09-02T20:00:00+00:00,19.0,21.0
London,2026-08-21T15:04:45.967629+00:00,2026-09-02T22:00,2026-09-02T21:00:00+00:00,17.6,18.0
London,2026-08-21T15:04:45.967629+00:00,2026-09-02T23:00,2026-09-02T22:00:00+00:00,16.3,15.0
London,2026-08-21T15:04:45.967629+00:00,2026-09-03T00:00,2026-09-02T23:00:00+00:00,15.1,12.0
London,2026-08-21T15:04:45.967629+00:00,2026-09-03T01:00,2026-09-03T00:00:00+00:00,14.4,10.0
London,2026-08-21T15:04:45.967629+00:00,2026-09-03T02:00,2026-09-03T01:00:00+00:00,14.1,8.0
London,2026-08-21T15:04:45.967629+00:00,2026-09-03T03:00,2026-09-03T02:00:00+00:00,14.0,7.0
London,2026-08-21T15:04:45.967629+00:00,2026-09-03T04:00,2026-09-03T03:00:00+00:00,14.1,6.0
London,2026-08-21T15:04:45.967629+00:00,2026-09-03T05:00,2026-09-03T04:00:00+00:00,14.5,6.0
London,2026-08-21T15:04:45.967629+00:00,2026-09-03T06:00,2026-09-03T05:00:00+00:00,15.0,5.0
London,2026-08-21T15:04:45.967629+00:00,2026-09-03T07:00,2026-09-03T06:00:00+00:00,15.6,6.0
London,2026-08-21T15:04:45.967629+00:00,2026-09-03T08:00,2026-09-03T07:00:00+00:00,16.6,7.0
London,2026-08-21T15:04:45.967629+00:00,2026-09-03T09:00,2026-09-03T08:00:00+00:00,18.0,9.0
London,2026-08-21T15:04:45.967629+00:00,2026-09-03T10:00,2026-09-03T09:00:00+00:00,19.6,11.0
London,2026-08-21T15:04:45.967629+00:00,2026-09-03T11:00,2026-09-03T10:00:00+00:00,21.2,13.0
London,2026-08-21T15:04:45.967629+00:00,2026-09-03T12:00,2026-09-03T11:00:00+00:00,22.4,16.0
London,2026-08-21T15:04:45.967629+00:00,2026-09-03T13:00,2026-09-03T12:00:00+00:00,23.3,18.0
London,2026-08-21T15:04:45.967629+00:00,2026-09-03T14:00,2026-09-03T13:00:00+00:00,23.6,20.0
London,2026-08-21T15:04:45.967629+00:00,2026-09-03T15:00,2026-09-03T14:00:00+00:00,23.6,21.0
London,2026-08-21T15:04:45.967629+00:00,2026-09-03T16:00,2026-09-03T15:00:00+00:00,23.3,22.0
London,2026-08-21T15:04:45.967629+00:00,2026-09-03T17:00,2026-09-03T16:00:00+00:00,22.9,23.0
London,2026-08-21T15:04:45.967629+00:00,2026-09-03T18:00,2026-09-03T17:00:00+00:00,22.4,24.0
London,2026-08-21T15:04:45.967629+00:00,2026-09-03T19:00,2026-09-03T18:00:00+00:00,21.9,25.0
London,2026-08-21T15:04:45.967629+00:00,2026-09-03T20:00,2026-09-03T19:00:00+00:00,21.3,25.0
London,2026-08-21T15:04:45.967629+00:00,2026-09-03T21:00,2026-09-03T20:00:00+00:00,20.4,25.0
London,2026-08-21T15:04:45.967629+00:00,2026-09-03T22:00,2026-09-03T21:00:00+00:00,19.6,24.0
London,2026-08-21T15:04:45.967629+00:00,2026-09-03T23:00,2026-09-03T22:00:00+00:00,18.7,23.0
London,2026-08-21T15:04:45.967629+00:00,2026-09-04T00:00,2026-09-03T23:00:00+00:00,17.9,22.0
London,2026-08-21T15:04:45.967629+00:00,2026-09-04T01:00,2026-09-04T00:00:00+00:00,17.3,22.0
London,2026-08-21T15:04:45.967629+00:00,2026-09-04T02:00,2026-09-04T01:00:00+00:00,16.8,23.0
London,2026-08-21T15:04:45.967629+00:00,2026-09-04T03:00,2026-09-04T02:00:00+00:00,16.5,24.0
London,2026-08-21T15:04:45.967629+00:00,2026-09-04T04:00,2026-09-04T03:00:00+00:00,16.2,25.0
London,2026-08-21T15:04:45.967629+00:00,2026-09-04T05:00,2026-09-04T04:00:00+00:00,16.0,26.0
London,2026-08-21T15:04:45.967629+00:00,2026-09-04T06:00,2026-09-04T05:00:00+00:00,16.0,28.0
London,2026-08-21T15:04:45.967629+00:00,2026-09-04T07:00,2026-09-04T06:00:00+00:00,16.2,29.0
London,2026-08-21T15:04:45.967629+00:00,2026-09-04T08:00,2026-09-04T07:00:00+00:00,16.7,29.0
London,2026-08-21T15:04:45.967629+00:00,2026-09-04T09:00,2026-09-04T08:00:00+00:00,17.5,29.0
London,2026-08-21T15:04:45.967629+00:00,2026-09-04T10:00,2026-09-04T09:00:00+00:00,18.4,29.0
London,2026-08-21T15:04:45.967629+00:00,2026-09-04T11:00,2026-09-04T10:00:00+00:00,19.4,29.0
London,2026-08-21T15:04:45.967629+00:00,2026-09-04T12:00,2026-09-04T11:00:00+00:00,20.2,29.0
London,2026-08-21T15:04:45.967629+00:00,2026-09-04T13:00,2026-09-04T12:00:00+00:00,20.7,29.0
London,2026-08-21T15:04:45.967629+00:00,2026-09-04T14:00,2026-09-04T13:00:00+00:00,20.9,30.0
London,2026-08-21T15:04:45.967629+00:00,2026-09-04T15:00,2026-09-04T14:00:00+00:00,21.0,31.0
London,2026-08-21T15:04:45.967629+00:00,2026-09-04T16:00,2026-09-04T15:00:00+00:00,20.9,32.0
London,2026-08-21T15:04:45.967629+00:00,2026-09-04T17:00,2026-09-04T16:00:00+00:00,20.8,33.0
London,2026-08-21T15:04:45.967629+00:00,2026-09-04T18:00,2026-09-04T17:00:00+00:00,20.5,33.0
London,2026-08-21T15:04:45.967629+00:00,2026-09-04T19:00,2026-09-04T18:00:00+00:00,20.2,33.0
London,2026-08-21T15:04:45.967629+00:00,2026-09-04T20:00,2026-09-04T19:00:00+00:00,19.8,31.0
London,2026-08-21T15:04:45.967629+00:00,2026-09-04T21:00,2026-09-04T20:00:00+00:00,19.2,29.0
London,2026-08-21T15:04:45.967629+00:00,2026-09-04T22:00,2026-09-04T21:00:00+00:00,18.5,26.0
London,2026-08-21T15:04:45.967629+00:00,2026-09-04T23:00,2026-09-04T22:00:00+00:00,17.8,23.0
London,2026-08-21T15:04:45.967629+00:00,2026-09-05T00:00,2026-09-04T23:00:00+00:00,17.2,20.0
London,2026-08-21T15:04:45.967629+00:00,2026-09-05T01:00,2026-09-05T00:00:00+00:00,16.9,18.0
London,2026-08-21T15:04:45.967629+00:00,2026-09-05T02:00,2026-09-05T01:00:00+00:00,16.7,17.0
London,2026-08-21T15:04:45.967629+00:00,2026-09-05T03:00,2026-09-05T02:00:00+00:00,16.8,18.0
London,2026-08-21T15:04:45.967629+00:00,2026-09-05T04:00,2026-09-05T03:00:00+00:00,,
London,2026-08-21T15:04:45.967629+00:00,2026-09-05T05:00,2026-09-05T04:00:00+00:00,,
London,2026-08-21T15:04:45.967629+00:00,2026-09-05T06:00,2026-09-05T05:00:00+00:00,,
London,2026-08-21T15:04:45.967629+00:00,2026-09-05T07:00,2026-09-05T06:00:00+00:00,,
London,2026-08-21T15:04:45.967629+00:00,2026-09-05T08:00,2026-09-05T07:00:00+00:00,,
London,2026-08-21T15:04:45.967629+00:00,2026-09-05T09:00,2026-09-05T08:00:00+00:00,,
London,2026-08-21T15:04:45.967629+00:00,2026-09-05T10:00,2026-09-05T09:00:00+00:00,,
London,2026-08-21T15:04:45.967629+00:00,2026-09-05T11:00,2026-09-05T10:00:00+00:00,,
London,2026-08-21T15:04:45.967629+00:00,2026-09-05T12:00,2026-09-05T11:00:00+00:00,,
London,2026-08-21T15:04:45.967629+00:00,2026-09-05T13:00,2026-09-05T12:00:00+00:00,,
London,2026-08-21T15:04:45.967629+00:00,2026-09-05T14:00,2026-09-05T13:00:00+00:00,,
London,2026-08-21T15:04:45.967629+00:00,2026-09-05T15:00,2026-09-05T14:00:00+00:00,,
London,2026-08-21T15:04:45.967629+00:00,2026-09-05T16:00,2026-09-05T15:00:00+00:00,,
London,2026-08-21T15:04:45.967629+00:00,2026-09-05T17:00,2026-09-05T16:00:00+00:00,,
London,2026-08-21T15:04:45.967629+00:00,2026-09-05T18:00,2026-09-05T17:00:00+00:00,,
London,2026-08-21T15:04:45.967629+00:00,2026-09-05T19:00,2026-09-05T18:00:00+00:00,,
London,2026-08-21T15:04:45.967629+00:00,2026-09-05T20:00,2026-09-05T19:00:00+00:00,,
London,2026-08-21T15:04:45.967629+00:00,2026-09-05T21:00,2026-09-05T20:00:00+00:00,,
London,2026-08-21T15:04:45.967629+00:00,2026-09-05T22:00,2026-09-05T21:00:00+00:00,,
London,2026-08-21T15:04:45.967629+00:00,2026-09-05T23:00,2026-09-05T22:00:00+00:00,,
London,2026-08-21T15:58:45.637310+00:00,2026-08-21T00:00,2026-08-20T23:00:00+00:00,16.1,12.0
London,2026-08-21T15:58:45.637310+00:00,2026-08-21T01:00,2026-08-21T00:00:00+00:00,15.8,0.0
London,2026-08-21T15:58:45.637310+00:00,2026-08-21T02:00,2026-08-21T01:00:00+00:00,15.5,3.0
London,2026-08-21T15:58:45.637310+00:00,2026-08-21T03:00,2026-08-21T02:00:00+00:00,15.4,13.0
London,2026-08-21T15:58:45.637310+00:00,2026-08-21T04:00,2026-08-21T03:00:00+00:00,15.4,20.0
London,2026-08-21T15:58:45.637310+00:00,2026-08-21T05:00,2026-08-21T04:00:00+00:00,15.0,18.0
London,2026-08-21T15:58:45.637310+00:00,2026-08-21T06:00,2026-08-21T05:00:00+00:00,14.7,13.0
London,2026-08-21T15:58:45.637310+00:00,2026-08-21T07:00,2026-08-21T06:00:00+00:00,14.6,8.0
London,2026-08-21T15:58:45.637310+00:00,2026-08-21T08:00,2026-08-21T07:00:00+00:00,15.1,5.0
London,2026-08-21T15:58:45.637310+00:00,2026-08-21T09:00,2026-08-21T08:00:00+00:00,16.2,3.0
London,2026-08-21T15:58:45.637310+00:00,2026-08-21T10:00,2026-08-21T09:00:00+00:00,17.2,2.0
London,2026-08-21T15:58:45.637310+00:00,2026-08-21T11:00,2026-08-21T10:00:00+00:00,18.1,1.0
London,2026-08-21T15:58:45.637310+00:00,2026-08-21T12:00,2026-08-21T11:00:00+00:00,19.2,0.0
London,2026-08-21T15:58:45.637310+00:00,2026-08-21T13:00,2026-08-21T12:00:00+00:00,20.1,0.0
London,2026-08-21T15:58:45.637310+00:00,2026-08-21T14:00,2026-08-21T13:00:00+00:00,21.0,0.0
London,2026-08-21T15:58:45.637310+00:00,2026-08-21T15:00,2026-08-21T14:00:00+00:00,21.2,0.0
London,2026-08-21T15:58:45.637310+00:00,2026-08-21T16:00,2026-08-21T15:00:00+00:00,21.0,0.0
London,2026-08-21T15:58:45.637310+00:00,2026-08-21T17:00,2026-08-21T16:00:00+00:00,21.0,1.0
London,2026-08-21T15:58:45.637310+00:00,2026-08-21T18:00,2026-08-21T17:00:00+00:00,20.0,3.0
London,2026-08-21T15:58:45.637310+00:00,2026-08-21T19:00,2026-08-21T18:00:00+00:00,18.6,4.0
London,2026-08-21T15:58:45.637310+00:00,2026-08-21T20:00,2026-08-21T19:00:00+00:00,17.8,4.0
London,2026-08-21T15:58:45.637310+00:00,2026-08-21T21:00,2026-08-21T20:00:00+00:00,16.8,2.0
London,2026-08-21T15:58:45.637310+00:00,2026-08-21T22:00,2026-08-21T21:00:00+00:00,16.0,2.0
London,2026-08-21T15:58:45.637310+00:00,2026-08-21T23:00,2026-08-21T22:00:00+00:00,15.7,3.0
London,2026-08-21T15:58:45.637310+00:00,2026-08-22T00:00,2026-08-21T23:00:00+00:00,15.2,5.0
London,2026-08-21T15:58:45.637310+00:00,2026-08-22T01:00,2026-08-22T00:00:00+00:00,14.9,6.0
London,2026-08-21T15:58:45.637310+00:00,2026-08-22T02:00,2026-08-22T01:00:00+00:00,14.3,5.0
London,2026-08-21T15:58:45.637310+00:00,2026-08-22T03:00,2026-08-22T02:00:00+00:00,13.9,2.0
London,2026-08-21T15:58:45.637310+00:00,2026-08-22T04:00,2026-08-22T03:00:00+00:00,13.6,0.0
London,2026-08-21T15:58:45.637310+00:00,2026-08-22T05:00,2026-08-22T04:00:00+00:00,13.3,0.0
London,2026-08-21T15:58:45.637310+00:00,2026-08-22T06:00,2026-08-22T05:00:00+00:00,13.0,0.0
London,2026-08-21T15:58:45.637310+00:00,2026-08-22T07:00,2026-08-22T06:00:00+00:00,13.0,0.0
London,2026-08-21T15:58:45.637310+00:00,2026-08-22T08:00,2026-08-22T07:00:00+00:00,13.6,0.0
London,2026-08-21T15:58:45.637310+00:00,2026-08-22T09:00,2026-08-22T08:00:00+00:00,14.9,0.0
London,2026-08-21T15:58:45.637310+00:00,2026-08-22T10:00,2026-08-22T09:00:00+00:00,16.5,0.0
London,2026-08-21T15:58:45.637310+00:00,2026-08-22T11:00,2026-08-22T10:00:00+00:00,17.6,0.0
London,2026-08-21T15:58:45.637310+00:00,2026-08-22T12:00,2026-08-22T11:00:00+00:00,18.7,0.0
London,2026-08-21T15:58:45.637310+00:00,2026-08-22T13:00,2026-08-22T12:00:00+00:00,19.6,0.0
London,2026-08-21T15:58:45.637310+00:00,2026-08-22T14:00,2026-08-22T13:00:00+00:00,20.2,0.0
London,2026-08-21T15:58:45.637310+00:00,2026-08-22T15:00,2026-08-22T14:00:00+00:00,20.5,0.0
London,2026-08-21T15:58:45.637310+00:00,2026-08-22T16:00,2026-08-22T15:00:00+00:00,20.8,0.0
London,2026-08-21T15:58:45.637310+00:00,2026-08-22T17:00,2026-08-22T16:00:00+00:00,21.1,0.0
London,2026-08-21T15:58:45.637310+00:00,2026-08-22T18:00,2026-08-22T17:00:00+00:00,20.9,0.0
London,2026-08-21T15:58:45.637310+00:00,2026-08-22T19:00,2026-08-22T18:00:00+00:00,20.4,0.0
London,2026-08-21T15:58:45.637310+00:00,2026-08-22T20:00,2026-08-22T19:00:00+00:00,19.9,0.0
London,2026-08-21T15:58:45.637310+00:00,2026-08-22T21:00,2026-08-22T20:00:00+00:00,19.3,0.0
London,2026-08-21T15:58:45.637310+00:00,2026-08-22T22:00,2026-08-22T21:00:00+00:00,18.3,0.0
London,2026-08-21T15:58:45.637310+00:00,2026-08-22T23:00,2026-08-22T22:00:00+00:00,17.7,0.0
London,2026-08-21T15:58:45.637310+00:00,2026-08-23T00:00,2026-08-22T23:00:00+00:00,17.2,0.0
London,2026-08-21T15:58:45.637310+00:00,2026-08-23T01:00,2026-08-23T00:00:00+00:00,16.4,0.0
London,2026-08-21T15:58:45.637310+00:00,2026-08-23T02:00,2026-08-23T01:00:00+00:00,16.2,0.0
London,2026-08-21T15:58:45.637310+00:00,2026-08-23T03:00,2026-08-23T02:00:00+00:00,16.0,0.0
London,2026-08-21T15:58:45.637310+00:00,2026-08-23T04:00,2026-08-23T03:00:00+00:00,15.8,0.0
London,2026-08-21T15:58:45.637310+00:00,2026-08-23T05:00,2026-08-23T04:00:00+00:00,16.0,0.0
London,2026-08-21T15:58:45.637310+00:00,2026-08-23T06:00,2026-08-23T05:00:00+00:00,15.6,0.0
London,2026-08-21T15:58:45.637310+00:00,2026-08-23T07:00,2026-08-23T06:00:00+00:00,16.2,0.0
London,2026-08-21T15:58:45.637310+00:00,2026-08-23T08:00,2026-08-23T07:00:00+00:00,15.9,0.0
London,2026-08-21T15:58:45.637310+00:00,2026-08-23T09:00,2026-08-23T08:00:00+00:00,16.9,0.0
London,2026-08-21T15:58:45.637310+00:00,2026-08-23T10:00,2026-08-23T09:00:00+00:00,18.0,0.0
London,2026-08-21T15:58:45.637310+00:00,2026-08-23T11:00,2026-08-23T10:00:00+00:00,19.5,0.0
London,2026-08-21T15:58:45.637310+00:00,2026-08-23T12:00,2026-08-23T11:00:00+00:00,20.2,0.0
London,2026-08-21T15:58:45.637310+00:00,2026-08-23T13:00,2026-08-23T12:00:00+00:00,21.1,0.0
London,2026-08-21T15:58:45.637310+00:00,2026-08-23T14:00,2026-08-23T13:00:00+00:00,21.6,0.0
London,2026-08-21T15:58:45.637310+00:00,2026-08-23T15:00,2026-08-23T14:00:00+00:00,21.8,0.0
London,2026-08-21T15:58:45.637310+00:00,2026-08-23T16:00,2026-08-23T15:00:00+00:00,21.9,0.0
London,2026-08-21T15:58:45.637310+00:00,2026-08-23T17:00,2026-08-23T16:00:00+00:00,22.2,0.0
London,2026-08-21T15:58:45.637310+00:00,2026-08-23T18:00,2026-08-23T17:00:00+00:00,22.5,0.0
London,2026-08-21T15:58:45.637310+00:00,2026-08-23T19:00,2026-08-23T18:00:00+00:00,22.7,0.0
London,2026-08-21T15:58:45.637310+00:00,2026-08-23T20:00,2026-08-23T19:00:00+00:00,21.7,0.0
London,2026-08-21T15:58:45.637310+00:00,2026-08-23T21:00,2026-08-23T20:00:00+00:00,20.8,0.0
London,2026-08-21T15:58:45.637310+00:00,2026-08-23T22:00,2026-08-23T21:00:00+00:00,19.9,0.0
London,2026-08-21T15:58:45.637310+00:00,2026-08-23T23:00,2026-08-23T22:00:00+00:00,19.2,0.0
London,2026-08-21T15:58:45.637310+00:00,2026-08-24T00:00,2026-08-23T23:00:00+00:00,18.5,0.0
London,2026-08-21T15:58:45.637310+00:00,2026-08-24T01:00,2026-08-24T00:00:00+00:00,17.9,0.0
London,2026-08-21T15:58:45.637310+00:00,2026-08-24T02:00,2026-08-24T01:00:00+00:00,17.5,0.0
London,2026-08-21T15:58:45.637310+00:00,2026-08-24T03:00,2026-08-24T02:00:00+00:00,17.1,0.0
London,2026-08-21T15:58:45.637310+00:00,2026-08-24T04:00,2026-08-24T03:00:00+00:00,16.8,0.0
London,2026-08-21T15:58:45.637310+00:00,2026-08-24T05:00,2026-08-24T04:00:00+00:00,16.3,0.0
London,2026-08-21T15:58:45.637310+00:00,2026-08-24T06:00,2026-08-24T05:00:00+00:00,15.8,0.0
London,2026-08-21T15:58:45.637310+00:00,2026-08-24T07:00,2026-08-24T06:00:00+00:00,15.7,0.0
London,2026-08-21T15:58:45.637310+00:00,2026-08-24T08:00,2026-08-24T07:00:00+00:00,16.4,0.0
London,2026-08-21T15:58:45.637310+00:00,2026-08-24T09:00,2026-08-24T08:00:00+00:00,17.5,1.0
London,2026-08-21T15:58:45.637310+00:00,2026-08-24T10:00,2026-08-24T09:00:00+00:00,18.5,2.0
London,2026-08-21T15:58:45.637310+00:00,2026-08-24T11:00,2026-08-24T10:00:00+00:00,19.2,4.0
London,2026-08-21T15:58:45.637310+00:00,2026-08-24T12:00,2026-08-24T11:00:00+00:00,19.8,5.0
London,2026-08-21T15:58:45.637310+00:00,2026-08-24T13:00,2026-08-24T12:00:00+00:00,20.3,6.0
London,2026-08-21T15:58:45.637310+00:00,2026-08-24T14:00,2026-08-24T13:00:00+00:00,20.6,4.0
London,2026-08-21T15:58:45.637310+00:00,2026-08-24T15:00,2026-08-24T14:00:00+00:00,20.7,2.0
London,2026-08-21T15:58:45.637310+00:00,2026-08-24T16:00,2026-08-24T15:00:00+00:00,20.7,0.0
London,2026-08-21T15:58:45.637310+00:00,2026-08-24T17:00,2026-08-24T16:00:00+00:00,20.5,0.0
London,2026-08-21T15:58:45.637310+00:00,2026-08-24T18:00,2026-08-24T17:00:00+00:00,20.2,1.0
London,2026-08-21T15:58:45.637310+00:00,2026-08-24T19:00,2026-08-24T18:00:00+00:00,19.9,2.0
London,2026-08-21T15:58:45.637310+00:00,2026-08-24T20:00,2026-08-24T19:00:00+00:00,19.6,2.0
London,2026-08-21T15:58:45.637310+00:00,2026-08-24T21:00,2026-08-24T20:00:00+00:00,19.4,2.0
London,2026-08-21T15:58:45.637310+00:00,2026-08-24T22:00,2026-08-24T21:00:00+00:00,19.3,2.0
London,2026-08-21T15:58:45.637310+00:00,2026-08-24T23:00,2026-08-24T22:00:00+00:00,19.2,4.0
London,2026-08-21T15:58:45.637310+00:00,2026-08-25T00:00,2026-08-24T23:00:00+00:00,19.1,6.0
London,2026-08-21T15:58:45.637310+00:00,2026-08-25T01:00,2026-08-25T00:00:00+00:00,19.0,8.0
London,2026-08-21T15:58:45.637310+00:00,2026-08-25T02:00,2026-08-25T01:00:00+00:00,18.8,8.0
London,2026-08-21T15:58:45.637310+00:00,2026-08-25T03:00,2026-08-25T02:00:00+00:00,18.5,8.0
London,2026-08-21T15:58:45.637310+00:00,2026-08-25T04:00,2026-08-25T03:00:00+00:00,18.3,8.0
London,2026-08-21T15:58:45.637310+00:00,2026-08-25T05:00,2026-08-25T04:00:00+00:00,17.8,10.0
London,2026-08-21T15:58:45.637310+00:00,2026-08-25T06:00,2026-08-25T05:00:00+00:00,17.4,12.0
London,2026-08-21T15:58:45.637310+00:00,2026-08-25T07:00,2026-08-25T06:00:00+00:00,17.2,14.0
London,2026-08-21T15:58:45.637310+00:00,2026-08-25T08:00,2026-08-25T07:00:00+00:00,17.7,16.0
London,2026-08-21T15:58:45.637310+00:00,2026-08-25T09:00,2026-08-25T08:00:00+00:00,18.4,18.0
London,2026-08-21T15:58:45.637310+00:00,2026-08-25T10:00,2026-08-25T09:00:00+00:00,19.1,20.0
London,2026-08-21T15:58:45.637310+00:00,2026-08-25T11:00,2026-08-25T10:00:00+00:00,19.7,23.0
London,2026-08-21T15:58:45.637310+00:00,2026-08-25T12:00,2026-08-25T11:00:00+00:00,20.2,26.0
London,2026-08-21T15:58:45.637310+00:00,2026-08-25T13:00,2026-08-25T12:00:00+00:00,20.7,27.0
London,2026-08-21T15:58:45.637310+00:00,2026-08-25T14:00,2026-08-25T13:00:00+00:00,21.2,22.0
London,2026-08-21T15:58:45.637310+00:00,2026-08-25T15:00,2026-08-25T14:00:00+00:00,21.6,15.0
London,2026-08-21T15:58:45.637310+00:00,2026-08-25T16:00,2026-08-25T15:00:00+00:00,22.0,10.0
London,2026-08-21T15:58:45.637310+00:00,2026-08-25T17:00,2026-08-25T16:00:00+00:00,22.4,9.0
London,2026-08-21T15:58:45.637310+00:00,2026-08-25T18:00,2026-08-25T17:00:00+00:00,22.8,9.0
London,2026-08-21T15:58:45.637310+00:00,2026-08-25T19:00,2026-08-25T18:00:00+00:00,22.8,10.0
London,2026-08-21T15:58:45.637310+00:00,2026-08-25T20:00,2026-08-25T19:00:00+00:00,21.9,10.0
London,2026-08-21T15:58:45.637310+00:00,2026-08-25T21:00,2026-08-25T20:00:00+00:00,20.6,10.0
London,2026-08-21T15:58:45.637310+00:00,2026-08-25T22:00,2026-08-25T21:00:00+00:00,19.6,12.0
London,2026-08-21T15:58:45.637310+00:00,2026-08-25T23:00,2026-08-25T22:00:00+00:00,19.2,16.0
London,2026-08-21T15:58:45.637310+00:00,2026-08-26T00:00,2026-08-25T23:00:00+00:00,19.1,21.0
London,2026-08-21T15:58:45.637310+00:00,2026-08-26T01:00,2026-08-26T00:00:00+00:00,19.0,25.0
London,2026-08-21T15:58:45.637310+00:00,2026-08-26T02:00,2026-08-26T01:00:00+00:00,18.7,26.0
London,2026-08-21T15:58:45.637310+00:00,2026-08-26T03:00,2026-08-26T02:00:00+00:00,18.4,27.0
London,2026-08-21T15:58:45.637310+00:00,2026-08-26T04:00,2026-08-26T03:00:00+00:00,18.2,27.0
London,2026-08-21T15:58:45.637310+00:00,2026-08-26T05:00,2026-08-26T04:00:00+00:00,18.0,28.0
London,2026-08-21T15:58:45.637310+00:00,2026-08-26T06:00,2026-08-26T05:00:00+00:00,17.9,29.0
London,2026-08-21T15:58:45.637310+00:00,2026-08-26T07:00,2026-08-26T06:00:00+00:00,18.0,29.0
London,2026-08-21T15:58:45.637310+00:00,2026-08-26T08:00,2026-08-26T07:00:00+00:00,18.3,27.0
London,2026-08-21T15:58:45.637310+00:00,2026-08-26T09:00,2026-08-26T08:00:00+00:00,18.9,23.0
London,2026-08-21T15:58:45.637310+00:00,2026-08-26T10:00,2026-08-26T09:00:00+00:00,19.6,22.0
London,2026-08-21T15:58:45.637310+00:00,2026-08-26T11:00,2026-08-26T10:00:00+00:00,20.8,25.0
London,2026-08-21T15:58:45.637310+00:00,2026-08-26T12:00,2026-08-26T11:00:00+00:00,22.3,30.0
London,2026-08-21T15:58:45.637310+00:00,2026-08-26T13:00,2026-08-26T12:00:00+00:00,23.5,35.0
London,2026-08-21T15:58:45.637310+00:00,2026-08-26T14:00,2026-08-26T13:00:00+00:00,24.4,39.0
London,2026-08-21T15:58:45.637310+00:00,2026-08-26T15:00,2026-08-26T14:00:00+00:00,25.1,42.0
London,2026-08-21T15:58:45.637310+00:00,2026-08-26T16:00,2026-08-26T15:00:00+00:00,25.4,41.0
London,2026-08-21T15:58:45.637310+00:00,2026-08-26T17:00,2026-08-26T16:00:00+00:00,25.5,32.0
London,2026-08-21T15:58:45.637310+00:00,2026-08-26T18:00,2026-08-26T17:00:00+00:00,25.2,19.0
London,2026-08-21T15:58:45.637310+00:00,2026-08-26T19:00,2026-08-26T18:00:00+00:00,24.7,10.0
London,2026-08-21T15:58:45.637310+00:00,2026-08-26T20:00,2026-08-26T19:00:00+00:00,24.0,9.0
London,2026-08-21T15:58:45.637310+00:00,2026-08-26T21:00,2026-08-26T20:00:00+00:00,23.0,13.0
London,2026-08-21T15:58:45.637310+00:00,2026-08-26T22:00,2026-08-26T21:00:00+00:00,22.2,18.0
London,2026-08-21T15:58:45.637310+00:00,2026-08-26T23:00,2026-08-26T22:00:00+00:00,21.9,24.0
London,2026-08-21T15:58:45.637310+00:00,2026-08-27T00:00,2026-08-26T23:00:00+00:00,21.1,32.0
London,2026-08-21T15:58:45.637310+00:00,2026-08-27T01:00,2026-08-27T00:00:00+00:00,20.5,39.0
London,2026-08-21T15:58:45.637310+00:00,2026-08-27T02:00,2026-08-27T01:00:00+00:00,20.0,44.0
London,2026-08-21T15:58:45.637310+00:00,2026-08-27T03:00,2026-08-27T02:00:00+00:00,19.6,48.0
London,2026-08-21T15:58:45.637310+00:00,2026-08-27T04:00,2026-08-27T03:00:00+00:00,19.2,51.0
London,2026-08-21T15:58:45.637310+00:00,2026-08-27T05:00,2026-08-27T04:00:00+00:00,18.9,51.0
London,2026-08-21T15:58:45.637310+00:00,2026-08-27T06:00,2026-08-27T05:00:00+00:00,18.8,49.0
London,2026-08-21T15:58:45.637310+00:00,2026-08-27T07:00,2026-08-27T06:00:00+00:00,18.9,49.0
London,2026-08-21T15:58:45.637310+00:00,2026-08-27T08:00,2026-08-27T07:00:00+00:00,19.2,55.0
London,2026-08-21T15:58:45.637310+00:00,2026-08-27T09:00,2026-08-27T08:00:00+00:00,19.8,63.0
London,2026-08-21T15:58:45.637310+00:00,2026-08-27T10:00,2026-08-27T09:00:00+00:00,20.5,69.0
London,2026-08-21T15:58:45.637310+00:00,2026-08-27T11:00,2026-08-27T10:00:00+00:00,21.2,71.0
London,2026-08-21T15:58:45.637310+00:00,2026-08-27T12:00,2026-08-27T11:00:00+00:00,21.9,71.0
London,2026-08-21T15:58:45.637310+00:00,2026-08-27T13:00,2026-08-27T12:00:00+00:00,22.4,71.0
London,2026-08-21T15:58:45.637310+00:00,2026-08-27T14:00,2026-08-27T13:00:00+00:00,22.8,72.0
London,2026-08-21T15:58:45.637310+00:00,2026-08-27T15:00,2026-08-27T14:00:00+00:00,23.1,73.0
London,2026-08-21T15:58:45.637310+00:00,2026-08-27T16:00,2026-08-27T15:00:00+00:00,23.4,74.0
London,2026-08-21T15:58:45.637310+00:00,2026-08-27T17:00,2026-08-27T16:00:00+00:00,23.5,74.0
London,2026-08-21T15:58:45.637310+00:00,2026-08-27T18:00,2026-08-27T17:00:00+00:00,23.6,74.0
London,2026-08-21T15:58:45.637310+00:00,2026-08-27T19:00,2026-08-27T18:00:00+00:00,23.4,71.0
London,2026-08-21T15:58:45.637310+00:00,2026-08-27T20:00,2026-08-27T19:00:00+00:00,23.1,65.0
London,2026-08-21T15:58:45.637310+00:00,2026-08-27T21:00,2026-08-27T20:00:00+00:00,22.4,56.0
London,2026-08-21T15:58:45.637310+00:00,2026-08-27T22:00,2026-08-27T21:00:00+00:00,21.7,48.0
London,2026-08-21T15:58:45.637310+00:00,2026-08-27T23:00,2026-08-27T22:00:00+00:00,19.8,40.0
London,2026-08-21T15:58:45.637310+00:00,2026-08-28T00:00,2026-08-27T23:00:00+00:00,18.0,31.0
London,2026-08-21T15:58:45.637310+00:00,2026-08-28T01:00,2026-08-28T00:00:00+00:00,16.3,25.0
London,2026-08-21T15:58:45.637310+00:00,2026-08-28T02:00,2026-08-28T01:00:00+00:00,14.6,22.0
London,2026-08-21T15:58:45.637310+00:00,2026-08-28T03:00,2026-08-28T02:00:00+00:00,14.2,22.0
London,2026-08-21T15:58:45.637310+00:00,2026-08-28T04:00,2026-08-28T03:00:00+00:00,13.8,22.0
London,2026-08-21T15:58:45.637310+00:00,2026-08-28T05:00,2026-08-28T04:00:00+00:00,13.6,23.0
London,2026-08-21T15:58:45.637310+00:00,2026-08-28T06:00,2026-08-28T05:00:00+00:00,13.6,25.0
London,2026-08-21T15:58:45.637310+00:00,2026-08-28T07:00,2026-08-28T06:00:00+00:00,13.8,27.0
London,2026-08-21T15:58:45.637310+00:00,2026-08-28T08:00,2026-08-28T07:00:00+00:00,14.5,30.0
London,2026-08-21T15:58:45.637310+00:00,2026-08-28T09:00,2026-08-28T08:00:00+00:00,15.6,34.0
London,2026-08-21T15:58:45.637310+00:00,2026-08-28T10:00,2026-08-28T09:00:00+00:00,16.9,38.0
London,2026-08-21T15:58:45.637310+00:00,2026-08-28T11:00,2026-08-28T10:00:00+00:00,18.2,42.0
London,2026-08-21T15:58:45.637310+00:00,2026-08-28T12:00,2026-08-28T11:00:00+00:00,19.3,46.0
London,2026-08-21T15:58:45.637310+00:00,2026-08-28T13:00,2026-08-28T12:00:00+00:00,19.9,51.0
London,2026-08-21T15:58:45.637310+00:00,2026-08-28T14:00,2026-08-28T13:00:00+00:00,19.9,56.0
London,2026-08-21T15:58:45.637310+00:00,2026-08-28T15:00,2026-08-28T14:00:00+00:00,19.6,62.0
London,2026-08-21T15:58:45.637310+00:00,2026-08-28T16:00,2026-08-28T15:00:00+00:00,19.0,66.0
London,2026-08-21T15:58:45.637310+00:00,2026-08-28T17:00,2026-08-28T16:00:00+00:00,18.3,70.0
London,2026-08-21T15:58:45.637310+00:00,2026-08-28T18:00,2026-08-28T17:00:00+00:00,17.6,72.0
London,2026-08-21T15:58:45.637310+00:00,2026-08-28T19:00,2026-08-28T18:00:00+00:00,17.1,71.0
London,2026-08-21T15:58:45.637310+00:00,2026-08-28T20:00,2026-08-28T19:00:00+00:00,16.8,64.0
London,2026-08-21T15:58:45.637310+00:00,2026-08-28T21:00,2026-08-28T20:00:00+00:00,16.6,54.0
London,2026-08-21T15:58:45.637310+00:00,2026-08-28T22:00,2026-08-28T21:00:00+00:00,16.4,43.0
London,2026-08-21T15:58:45.637310+00:00,2026-08-28T23:00,2026-08-28T22:00:00+00:00,16.2,32.0
London,2026-08-21T15:58:45.637310+00:00,2026-08-29T00:00,2026-08-28T23:00:00+00:00,16.0,21.0
London,2026-08-21T15:58:45.637310+00:00,2026-08-29T01:00,2026-08-29T00:00:00+00:00,15.9,14.0
London,2026-08-21T15:58:45.637310+00:00,2026-08-29T02:00,2026-08-29T01:00:00+00:00,15.7,12.0
London,2026-08-21T15:58:45.637310+00:00,2026-08-29T03:00,2026-08-29T02:00:00+00:00,15.4,14.0
London,2026-08-21T15:58:45.637310+00:00,2026-08-29T04:00,2026-08-29T03:00:00+00:00,15.1,17.0
London,2026-08-21T15:58:45.637310+00:00,2026-08-29T05:00,2026-08-29T04:00:00+00:00,15.0,20.0
London,2026-08-21T15:58:45.637310+00:00,2026-08-29T06:00,2026-08-29T05:00:00+00:00,15.0,24.0
London,2026-08-21T15:58:45.637310+00:00,2026-08-29T07:00,2026-08-29T06:00:00+00:00,15.3,27.0
London,2026-08-21T15:58:45.637310+00:00,2026-08-29T08:00,2026-08-29T07:00:00+00:00,16.0,28.0
London,2026-08-21T15:58:45.637310+00:00,2026-08-29T09:00,2026-08-29T08:00:00+00:00,17.1,28.0
London,2026-08-21T15:58:45.637310+00:00,2026-08-29T10:00,2026-08-29T09:00:00+00:00,18.4,29.0
London,2026-08-21T15:58:45.637310+00:00,2026-08-29T11:00,2026-08-29T10:00:00+00:00,19.7,30.0
London,2026-08-21T15:58:45.637310+00:00,2026-08-29T12:00,2026-08-29T11:00:00+00:00,20.7,31.0
London,2026-08-21T15:58:45.637310+00:00,2026-08-29T13:00,2026-08-29T12:00:00+00:00,21.3,33.0
London,2026-08-21T15:58:45.637310+00:00,2026-08-29T14:00,2026-08-29T13:00:00+00:00,21.5,37.0
London,2026-08-21T15:58:45.637310+00:00,2026-08-29T15:00,2026-08-29T14:00:00+00:00,21.3,42.0
London,2026-08-21T15:58:45.637310+00:00,2026-08-29T16:00,2026-08-29T15:00:00+00:00,20.9,47.0
London,2026-08-21T15:58:45.637310+00:00,2026-08-29T17:00,2026-08-29T16:00:00+00:00,20.4,51.0
London,2026-08-21T15:58:45.637310+00:00,2026-08-29T18:00,2026-08-29T17:00:00+00:00,19.8,55.0
London,2026-08-21T15:58:45.637310+00:00,2026-08-29T19:00,2026-08-29T18:00:00+00:00,19.3,55.0
London,2026-08-21T15:58:45.637310+00:00,2026-08-29T20:00,2026-08-29T19:00:00+00:00,18.7,50.0
London,2026-08-21T15:58:45.637310+00:00,2026-08-29T21:00,2026-08-29T20:00:00+00:00,18.0,42.0
London,2026-08-21T15:58:45.637310+00:00,2026-08-29T22:00,2026-08-29T21:00:00+00:00,17.2,33.0
London,2026-08-21T15:58:45.637310+00:00,2026-08-29T23:00,2026-08-29T22:00:00+00:00,16.5,24.0
London,2026-08-21T15:58:45.637310+00:00,2026-08-30T00:00,2026-08-29T23:00:00+00:00,15.8,16.0
London,2026-08-21T15:58:45.637310+00:00,2026-08-30T01:00,2026-08-30T00:00:00+00:00,15.2,10.0
London,2026-08-21T15:58:45.637310+00:00,2026-08-30T02:00,2026-08-30T01:00:00+00:00,14.6,9.0
London,2026-08-21T15:58:45.637310+00:00,2026-08-30T03:00,2026-08-30T02:00:00+00:00,14.0,10.0
London,2026-08-21T15:58:45.637310+00:00,2026-08-30T04:00,2026-08-30T03:00:00+00:00,13.5,12.0
London,2026-08-21T15:58:45.637310+00:00,2026-08-30T05:00,2026-08-30T04:00:00+00:00,13.1,14.0
London,2026-08-21T15:58:45.637310+00:00,2026-08-30T06:00,2026-08-30T05:00:00+00:00,13.0,17.0
London,2026-08-21T15:58:45.637310+00:00,2026-08-30T07:00,2026-08-30T06:00:00+00:00,13.2,20.0
London,2026-08-21T15:58:45.637310+00:00,2026-08-30T08:00,2026-08-30T07:00:00+00:00,14.0,21.0
London,2026-08-21T15:58:45.637310+00:00,2026-08-30T09:00,2026-08-30T08:00:00+00:00,15.3,22.0
London,2026-08-21T15:58:45.637310+00:00,2026-08-30T10:00,2026-08-30T09:00:00+00:00,16.9,23.0
London,2026-08-21T15:58:45.637310+00:00,2026-08-30T11:00,2026-08-30T10:00:00+00:00,18.5,24.0
London,2026-08-21T15:58:45.637310+00:00,2026-08-30T12:00,2026-08-30T11:00:00+00:00,19.8,25.0
London,2026-08-21T15:58:45.637310+00:00,2026-08-30T13:00,2026-08-30T12:00:00+00:00,20.5,27.0
London,2026-08-21T15:58:45.637310+00:00,2026-08-30T14:00,2026-08-30T13:00:00+00:00,20.7,31.0
London,2026-08-21T15:58:45.637310+00:00,2026-08-30T15:00,2026-08-30T14:00:00+00:00,20.5,35.0
London,2026-08-21T15:58:45.637310+00:00,2026-08-30T16:00,2026-08-30T15:00:00+00:00,20.0,39.0
London,2026-08-21T15:58:45.637310+00:00,2026-08-30T17:00,2026-08-30T16:00:00+00:00,19.3,43.0
London,2026-08-21T15:58:45.637310+00:00,2026-08-30T18:00,2026-08-30T17:00:00+00:00,18.7,46.0
London,2026-08-21T15:58:45.637310+00:00,2026-08-30T19:00,2026-08-30T18:00:00+00:00,18.1,47.0
London,2026-08-21T15:58:45.637310+00:00,2026-08-30T20:00,2026-08-30T19:00:00+00:00,17.6,45.0
London,2026-08-21T15:58:45.637310+00:00,2026-08-30T21:00,2026-08-30T20:00:00+00:00,17.1,41.0
London,2026-08-21T15:58:45.637310+00:00,2026-08-30T22:00,2026-08-30T21:00:00+00:00,16.5,36.0
London,2026-08-21T15:58:45.637310+00:00,2026-08-30T23:00,2026-08-30T22:00:00+00:00,15.9,31.0
London,2026-08-21T15:58:45.637310+00:00,2026-08-31T00:00,2026-08-30T23:00:00+00:00,15.5,26.0
London,2026-08-21T15:58:45.637310+00:00,2026-08-31T01:00,2026-08-31T00:00:00+00:00,15.2,22.0
London,2026-08-21T15:58:45.637310+00:00,2026-08-31T02:00,2026-08-31T01:00:00+00:00,15.0,20.0
London,2026-08-21T15:58:45.637310+00:00,2026-08-31T03:00,2026-08-31T02:00:00+00:00,14.8,18.0
London,2026-08-21T15:58:45.637310+00:00,2026-08-31T04:00,2026-08-31T03:00:00+00:00,14.8,17.0
London,2026-08-21T15:58:45.637310+00:00,2026-08-31T05:00,2026-08-31T04:00:00+00:00,14.8,16.0
London,2026-08-21T15:58:45.637310+00:00,2026-08-31T06:00,2026-08-31T05:00:00+00:00,15.1,16.0
London,2026-08-21T15:58:45.637310+00:00,2026-08-31T07:00,2026-08-31T06:00:00+00:00,15.4,16.0
London,2026-08-21T15:58:45.637310+00:00,2026-08-31T08:00,2026-08-31T07:00:00+00:00,16.1,16.0
London,2026-08-21T15:58:45.637310+00:00,2026-08-31T09:00,2026-08-31T08:00:00+00:00,17.1,16.0
London,2026-08-21T15:58:45.637310+00:00,2026-08-31T10:00,2026-08-31T09:00:00+00:00,18.2,16.0
London,2026-08-21T15:58:45.637310+00:00,2026-08-31T11:00,2026-08-31T10:00:00+00:00,19.3,17.0
London,2026-08-21T15:58:45.637310+00:00,2026-08-31T12:00,2026-08-31T11:00:00+00:00,20.2,18.0
London,2026-08-21T15:58:45.637310+00:00,2026-08-31T13:00,2026-08-31T12:00:00+00:00,20.7,20.0
London,2026-08-21T15:58:45.637310+00:00,2026-08-31T14:00,2026-08-31T13:00:00+00:00,20.9,24.0
London,2026-08-21T15:58:45.637310+00:00,2026-08-31T15:00,2026-08-31T14:00:00+00:00,20.7,29.0
London,2026-08-21T15:58:45.637310+00:00,2026-08-31T16:00,2026-08-31T15:00:00+00:00,20.4,34.0
London,2026-08-21T15:58:45.637310+00:00,2026-08-31T17:00,2026-08-31T16:00:00+00:00,19.9,38.0
London,2026-08-21T15:58:45.637310+00:00,2026-08-31T18:00,2026-08-31T17:00:00+00:00,19.4,42.0
London,2026-08-21T15:58:45.637310+00:00,2026-08-31T19:00,2026-08-31T18:00:00+00:00,18.8,43.0
London,2026-08-21T15:58:45.637310+00:00,2026-08-31T20:00,2026-08-31T19:00:00+00:00,18.2,39.0
London,2026-08-21T15:58:45.637310+00:00,2026-08-31T21:00,2026-08-31T20:00:00+00:00,17.5,33.0
London,2026-08-21T15:58:45.637310+00:00,2026-08-31T22:00,2026-08-31T21:00:00+00:00,16.7,26.0
London,2026-08-21T15:58:45.637310+00:00,2026-08-31T23:00,2026-08-31T22:00:00+00:00,15.9,19.0
London,2026-08-21T15:58:45.637310+00:00,2026-09-01T00:00,2026-08-31T23:00:00+00:00,15.2,11.0
London,2026-08-21T15:58:45.637310+00:00,2026-09-01T01:00,2026-09-01T00:00:00+00:00,14.7,6.0
London,2026-08-21T15:58:45.637310+00:00,2026-09-01T02:00,2026-09-01T01:00:00+00:00,14.2,4.0
London,2026-08-21T15:58:45.637310+00:00,2026-09-01T03:00,2026-09-01T02:00:00+00:00,13.7,4.0
London,2026-08-21T15:58:45.637310+00:00,2026-09-01T04:00,2026-09-01T03:00:00+00:00,13.2,5.0
London,2026-08-21T15:58:45.637310+00:00,2026-09-01T05:00,2026-09-01T04:00:00+00:00,13.0,6.0
London,2026-08-21T15:58:45.637310+00:00,2026-09-01T06:00,2026-09-01T05:00:00+00:00,12.9,8.0
London,2026-08-21T15:58:45.637310+00:00,2026-09-01T07:00,2026-09-01T06:00:00+00:00,13.3,10.0
London,2026-08-21T15:58:45.637310+00:00,2026-09-01T08:00,2026-09-01T07:00:00+00:00,14.1,13.0
London,2026-08-21T15:58:45.637310+00:00,2026-09-01T09:00,2026-09-01T08:00:00+00:00,15.5,16.0
London,2026-08-21T15:58:45.637310+00:00,2026-09-01T10:00,2026-09-01T09:00:00+00:00,17.1,19.0
London,2026-08-21T15:58:45.637310+00:00,2026-09-01T11:00,2026-09-01T10:00:00+00:00,18.8,22.0
London,2026-08-21T15:58:45.637310+00:00,2026-09-01T12:00,2026-09-01T11:00:00+00:00,20.2,25.0
London,2026-08-21T15:58:45.637310+00:00,2026-09-01T13:00,2026-09-01T12:00:00+00:00,21.1,29.0
London,2026-08-21T15:58:45.637310+00:00,2026-09-01T14:00,2026-09-01T13:00:00+00:00,21.5,34.0
London,2026-08-21T15:58:45.637310+00:00,2026-09-01T15:00,2026-09-01T14:00:00+00:00,21.7,39.0
London,2026-08-21T15:58:45.637310+00:00,2026-09-01T16:00,2026-09-01T15:00:00+00:00,21.6,43.0
London,2026-08-21T15:58:45.637310+00:00,2026-09-01T17:00,2026-09-01T16:00:00+00:00,21.3,46.0
London,2026-08-21T15:58:45.637310+00:00,2026-09-01T18:00,2026-09-01T17:00:00+00:00,20.9,49.0
London,2026-08-21T15:58:45.637310+00:00,2026-09-01T19:00,2026-09-01T18:00:00+00:00,20.4,49.0
London,2026-08-21T15:58:45.637310+00:00,2026-09-01T20:00,2026-09-01T19:00:00+00:00,19.8,45.0
London,2026-08-21T15:58:45.637310+00:00,2026-09-01T21:00,2026-09-01T20:00:00+00:00,18.9,38.0
London,2026-08-21T15:58:45.637310+00:00,2026-09-01T22:00,2026-09-01T21:00:00+00:00,17.9,31.0
London,2026-08-21T15:58:45.637310+00:00,2026-09-01T23:00,2026-09-01T22:00:00+00:00,16.8,24.0
London,2026-08-21T15:58:45.637310+00:00,2026-09-02T00:00,2026-09-01T23:00:00+00:00,15.9,16.0
London,2026-08-21T15:58:45.637310+00:00,2026-09-02T01:00,2026-09-02T00:00:00+00:00,15.1,10.0
London,2026-08-21T15:58:45.637310+00:00,2026-09-02T02:00,2026-09-02T01:00:00+00:00,14.4,7.0
London,2026-08-21T15:58:45.637310+00:00,2026-09-02T03:00,2026-09-02T02:00:00+00:00,13.6,7.0
London,2026-08-21T15:58:45.637310+00:00,2026-09-02T04:00,2026-09-02T03:00:00+00:00,12.9,7.0
London,2026-08-21T15:58:45.637310+00:00,2026-09-02T05:00,2026-09-02T04:00:00+00:00,12.4,7.0
London,2026-08-21T15:58:45.637310+00:00,2026-09-02T06:00,2026-09-02T05:00:00+00:00,12.2,9.0
London,2026-08-21T15:58:45.637310+00:00,2026-09-02T07:00,2026-09-02T06:00:00+00:00,12.5,10.0
London,2026-08-21T15:58:45.637310+00:00,2026-09-02T08:00,2026-09-02T07:00:00+00:00,13.3,12.0
London,2026-08-21T15:58:45.637310+00:00,2026-09-02T09:00,2026-09-02T08:00:00+00:00,14.7,14.0
London,2026-08-21T15:58:45.637310+00:00,2026-09-02T10:00,2026-09-02T09:00:00+00:00,16.5,16.0
London,2026-08-21T15:58:45.637310+00:00,2026-09-02T11:00,2026-09-02T10:00:00+00:00,18.2,18.0
London,2026-08-21T15:58:45.637310+00:00,2026-09-02T12:00,2026-09-02T11:00:00+00:00,19.7,20.0
London,2026-08-21T15:58:45.637310+00:00,2026-09-02T13:00,2026-09-02T12:00:00+00:00,20.8,22.0
London,2026-08-21T15:58:45.637310+00:00,2026-09-02T14:00,2026-09-02T13:00:00+00:00,21.3,23.0
London,2026-08-21T15:58:45.637310+00:00,2026-09-02T15:00,2026-09-02T14:00:00+00:00,21.7,24.0
London,2026-08-21T15:58:45.637310+00:00,2026-09-02T16:00,2026-09-02T15:00:00+00:00,21.8,25.0
London,2026-08-21T15:58:45.637310+00:00,2026-09-02T17:00,2026-09-02T16:00:00+00:00,21.7,25.0
London,2026-08-21T15:58:45.637310+00:00,2026-09-02T18:00,2026-09-02T17:00:00+00:00,21.4,26.0
London,2026-08-21T15:58:45.637310+00:00,2026-09-02T19:00,2026-09-02T18:00:00+00:00,20.9,25.0
London,2026-08-21T15:58:45.637310+00:00,2026-09-02T20:00,2026-09-02T19:00:00+00:00,20.1,23.0
London,2026-08-21T15:58:45.637310+00:00,2026-09-02T21:00,2026-09-02T20:00:00+00:00,19.0,21.0
London,2026-08-21T15:58:45.637310+00:00,2026-09-02T22:00,2026-09-02T21:00:00+00:00,17.6,18.0
London,2026-08-21T15:58:45.637310+00:00,2026-09-02T23:00,2026-09-02T22:00:00+00:00,16.3,15.0
London,2026-08-21T15:58:45.637310+00:00,2026-09-03T00:00,2026-09-02T23:00:00+00:00,15.1,12.0
London,2026-08-21T15:58:45.637310+00:00,2026-09-03T01:00,2026-09-03T00:00:00+00:00,14.4,10.0
London,2026-08-21T15:58:45.637310+00:00,2026-09-03T02:00,2026-09-03T01:00:00+00:00,14.1,8.0
London,2026-08-21T15:58:45.637310+00:00,2026-09-03T03:00,2026-09-03T02:00:00+00:00,14.0,7.0
London,2026-08-21T15:58:45.637310+00:00,2026-09-03T04:00,2026-09-03T03:00:00+00:00,14.1,6.0
London,2026-08-21T15:58:45.637310+00:00,2026-09-03T05:00,2026-09-03T04:00:00+00:00,14.5,6.0
London,2026-08-21T15:58:45.637310+00:00,2026-09-03T06:00,2026-09-03T05:00:00+00:00,15.0,5.0
London,2026-08-21T15:58:45.637310+00:00,2026-09-03T07:00,2026-09-03T06:00:00+00:00,15.6,6.0
London,2026-08-21T15:58:45.637310+00:00,2026-09-03T08:00,2026-09-03T07:00:00+00:00,16.6,7.0
London,2026-08-21T15:58:45.637310+00:00,2026-09-03T09:00,2026-09-03T08:00:00+00:00,18.0,9.0
London,2026-08-21T15:58:45.637310+00:00,2026-09-03T10:00,2026-09-03T09:00:00+00:00,19.6,11.0
London,2026-08-21T15:58:45.637310+00:00,2026-09-03T11:00,2026-09-03T10:00:00+00:00,21.2,13.0
London,2026-08-21T15:58:45.637310+00:00,2026-09-03T12:00,2026-09-03T11:00:00+00:00,22.4,16.0
London,2026-08-21T15:58:45.637310+00:00,2026-09-03T13:00,2026-09-03T12:00:00+00:00,23.3,18.0
London,2026-08-21T15:58:45.637310+00:00,2026-09-03T14:00,2026-09-03T13:00:00+00:00,23.6,20.0
London,2026-08-21T15:58:45.637310+00:00,2026-09-03T15:00,2026-09-03T14:00:00+00:00,23.6,21.0
London,2026-08-21T15:58:45.637310+00:00,2026-09-03T16:00,2026-09-03T15:00:00+00:00,23.3,22.0
London,2026-08-21T15:58:45.637310+00:00,2026-09-03T17:00,2026-09-03T16:00:00+00:00,22.9,23.0
London,2026-08-21T15:58:45.637310+00:00,2026-09-03T18:00,2026-09-03T17:00:00+00:00,22.4,24.0
London,2026-08-21T15:58:45.637310+00:00,2026-09-03T19:00,2026-09-03T18:00:00+00:00,21.9,25.0
London,2026-08-21T15:58:45.637310+00:00,2026-09-03T20:00,2026-09-03T19:00:00+00:00,21.3,25.0
London,2026-08-21T15:58:45.637310+00:00,2026-09-03T21:00,2026-09-03T20:00:00+00:00,20.4,25.0
London,2026-08-21T15:58:45.637310+00:00,2026-09-03T22:00,2026-09-03T21:00:00+00:00,19.6,24.0
London,2026-08-21T15:58:45.637310+00:00,2026-09-03T23:00,2026-09-03T22:00:00+00:00,18.7,23.0
London,2026-08-21T15:58:45.637310+00:00,2026-09-04T00:00,2026-09-03T23:00:00+00:00,17.9,22.0
London,2026-08-21T15:58:45.637310+00:00,2026-09-04T01:00,2026-09-04T00:00:00+00:00,17.3,22.0
London,2026-08-21T15:58:45.637310+00:00,2026-09-04T02:00,2026-09-04T01:00:00+00:00,16.8,23.0
London,2026-08-21T15:58:45.637310+00:00,2026-09-04T03:00,2026-09-04T02:00:00+00:00,16.5,24.0
London,2026-08-21T15:58:45.637310+00:00,2026-09-04T04:00,2026-09-04T03:00:00+00:00,16.2,25.0
London,2026-08-21T15:58:45.637310+00:00,2026-09-04T05:00,2026-09-04T04:00:00+00:00,16.0,26.0
London,2026-08-21T15:58:45.637310+00:00,2026-09-04T06:00,2026-09-04T05:00:00+00:00,16.0,28.0
London,2026-08-21T15:58:45.637310+00:00,2026-09-04T07:00,2026-09-04T06:00:00+00:00,16.2,29.0
London,2026-08-21T15:58:45.637310+00:00,2026-09-04T08:00,2026-09-04T07:00:00+00:00,16.7,29.0
London,2026-08-21T15:58:45.637310+00:00,2026-09-04T09:00,2026-09-04T08:00:00+00:00,17.5,29.0
London,2026-08-21T15:58:45.637310+00:00,2026-09-04T10:00,2026-09-04T09:00:00+00:00,18.4,29.0
London,2026-08-21T15:58:45.637310+00:00,2026-09-04T11:00,2026-09-04T10:00:00+00:00,19.4,29.0
London,2026-08-21T15:58:45.637310+00:00,2026-09-04T12:00,2026-09-04T11:00:00+00:00,20.2,29.0
London,2026-08-21T15:58:45.637310+00:00,2026-09-04T13:00,2026-09-04T12:00:00+00:00,20.7,29.0
London,2026-08-21T15:58:45.637310+00:00,2026-09-04T14:00,2026-09-04T13:00:00+00:00,20.9,30.0
London,2026-08-21T15:58:45.637310+00:00,2026-09-04T15:00,2026-09-04T14:00:00+00:00,21.0,31.0
London,2026-08-21T15:58:45.637310+00:00,2026-09-04T16:00,2026-09-04T15:00:00+00:00,20.9,32.0
London,2026-08-21T15:58:45.637310+00:00,2026-09-04T17:00,2026-09-04T16:00:00+00:00,20.8,33.0
London,2026-08-21T15:58:45.637310+00:00,2026-09-04T18:00,2026-09-04T17:00:00+00:00,20.5,33.0
London,2026-08-21T15:58:45.637310+00:00,2026-09-04T19:00,2026-09-04T18:00:00+00:00,20.2,33.0
London,2026-08-21T15:58:45.637310+00:00,2026-09-04T20:00,2026-09-04T19:00:00+00:00,19.8,31.0
London,2026-08-21T15:58:45.637310+00:00,2026-09-04T21:00,2026-09-04T20:00:00+00:00,19.2,29.0
London,2026-08-21T15:58:45.637310+00:00,2026-09-04T22:00,2026-09-04T21:00:00+00:00,18.5,26.0
London,2026-08-21T15:58:45.637310+00:00,2026-09-04T23:00,2026-09-04T22:00:00+00:00,17.8,23.0
London,2026-08-21T15:58:45.637310+00:00,2026-09-05T00:00,2026-09-04T23:00:00+00:00,17.2,20.0
London,2026-08-21T15:58:45.637310+00:00,2026-09-05T01:00,2026-09-05T00:00:00+00:00,16.9,18.0
London,2026-08-21T15:58:45.637310+00:00,2026-09-05T02:00,2026-09-05T01:00:00+00:00,16.7,17.0
London,2026-08-21T15:58:45.637310+00:00,2026-09-05T03:00,2026-09-05T02:00:00+00:00,16.8,18.0
London,2026-08-21T15:58:45.637310+00:00,2026-09-05T04:00,2026-09-05T03:00:00+00:00,,
London,2026-08-21T15:58:45.637310+00:00,2026-09-05T05:00,2026-09-05T04:00:00+00:00,,
London,2026-08-21T15:58:45.637310+00:00,2026-09-05T06:00,2026-09-05T05:00:00+00:00,,
London,2026-08-21T15:58:45.637310+00:00,2026-09-05T07:00,2026-09-05T06:00:00+00:00,,
London,2026-08-21T15:58:45.637310+00:00,2026-09-05T08:00,2026-09-05T07:00:00+00:00,,
London,2026-08-21T15:58:45.637310+00:00,2026-09-05T09:00,2026-09-05T08:00:00+00:00,,
London,2026-08-21T15:58:45.637310+00:00,2026-09-05T10:00,2026-09-05T09:00:00+00:00,,
London,2026-08-21T15:58:45.637310+00:00,2026-09-05T11:00,2026-09-05T10:00:00+00:00,,
London,2026-08-21T15:58:45.637310+00:00,2026-09-05T12:00,2026-09-05T11:00:00+00:00,,
London,2026-08-21T15:58:45.637310+00:00,2026-09-05T13:00,2026-09-05T12:00:00+00:00,,
London,2026-08-21T15:58:45.637310+00:00,2026-09-05T14:00,2026-09-05T13:00:00+00:00,,
London,2026-08-21T15:58:45.637310+00:00,2026-09-05T15:00,2026-09-05T14:00:00+00:00,,
London,2026-08-21T15:58:45.637310+00:00,2026-09-05T16:00,2026-09-05T15:00:00+00:00,,
London,2026-08-21T15:58:45.637310+00:00,2026-09-05T17:00,2026-09-05T16:00:00+00:00,,
London,2026-08-21T15:58:45.637310+00:00,2026-09-05T18:00,2026-09-05T17:00:00+00:00,,
London,2026-08-21T15:58:45.637310+00:00,2026-09-05T19:00,2026-09-05T18:00:00+00:00,,
London,2026-08-21T15:58:45.637310+00:00,2026-09-05T20:00,2026-09-05T19:00:00+00:00,,
London,2026-08-21T15:58:45.637310+00:00,2026-09-05T21:00,2026-09-05T20:00:00+00:00,,
London,2026-08-21T15:58:45.637310+00:00,2026-09-05T22:00,2026-09-05T21:00:00+00:00,,
London,2026-08-21T15:58:45.637310+00:00,2026-09-05T23:00,2026-09-05T22:00:00+00:00,,
London,2026-08-21T17:02:35.934463+00:00,2026-08-21T00:00,2026-08-20T23:00:00+00:00,16.1,12.0
London,2026-08-21T17:02:35.934463+00:00,2026-08-21T01:00,2026-08-21T00:00:00+00:00,15.8,0.0
London,2026-08-21T17:02:35.934463+00:00,2026-08-21T02:00,2026-08-21T01:00:00+00:00,15.5,3.0
London,2026-08-21T17:02:35.934463+00:00,2026-08-21T03:00,2026-08-21T02:00:00+00:00,15.4,13.0
London,2026-08-21T17:02:35.934463+00:00,2026-08-21T04:00,2026-08-21T03:00:00+00:00,15.4,20.0
London,2026-08-21T17:02:35.934463+00:00,2026-08-21T05:00,2026-08-21T04:00:00+00:00,15.0,18.0
London,2026-08-21T17:02:35.934463+00:00,2026-08-21T06:00,2026-08-21T05:00:00+00:00,14.7,13.0
London,2026-08-21T17:02:35.934463+00:00,2026-08-21T07:00,2026-08-21T06:00:00+00:00,14.6,8.0
London,2026-08-21T17:02:35.934463+00:00,2026-08-21T08:00,2026-08-21T07:00:00+00:00,15.1,5.0
London,2026-08-21T17:02:35.934463+00:00,2026-08-21T09:00,2026-08-21T08:00:00+00:00,16.2,3.0
London,2026-08-21T17:02:35.934463+00:00,2026-08-21T10:00,2026-08-21T09:00:00+00:00,17.2,2.0
London,2026-08-21T17:02:35.934463+00:00,2026-08-21T11:00,2026-08-21T10:00:00+00:00,18.1,1.0
London,2026-08-21T17:02:35.934463+00:00,2026-08-21T12:00,2026-08-21T11:00:00+00:00,19.2,0.0
London,2026-08-21T17:02:35.934463+00:00,2026-08-21T13:00,2026-08-21T12:00:00+00:00,20.0,0.0
London,2026-08-21T17:02:35.934463+00:00,2026-08-21T14:00,2026-08-21T13:00:00+00:00,20.9,0.0
London,2026-08-21T17:02:35.934463+00:00,2026-08-21T15:00,2026-08-21T14:00:00+00:00,21.3,0.0
London,2026-08-21T17:02:35.934463+00:00,2026-08-21T16:00,2026-08-21T15:00:00+00:00,21.2,0.0
London,2026-08-21T17:02:35.934463+00:00,2026-08-21T17:00,2026-08-21T16:00:00+00:00,21.2,1.0
London,2026-08-21T17:02:35.934463+00:00,2026-08-21T18:00,2026-08-21T17:00:00+00:00,20.6,3.0
London,2026-08-21T17:02:35.934463+00:00,2026-08-21T19:00,2026-08-21T18:00:00+00:00,18.6,4.0
London,2026-08-21T17:02:35.934463+00:00,2026-08-21T20:00,2026-08-21T19:00:00+00:00,18.0,4.0
London,2026-08-21T17:02:35.934463+00:00,2026-08-21T21:00,2026-08-21T20:00:00+00:00,16.8,2.0
London,2026-08-21T17:02:35.934463+00:00,2026-08-21T22:00,2026-08-21T21:00:00+00:00,15.9,2.0
London,2026-08-21T17:02:35.934463+00:00,2026-08-21T23:00,2026-08-21T22:00:00+00:00,15.8,3.0
London,2026-08-21T17:02:35.934463+00:00,2026-08-22T00:00,2026-08-21T23:00:00+00:00,15.7,5.0
London,2026-08-21T17:02:35.934463+00:00,2026-08-22T01:00,2026-08-22T00:00:00+00:00,15.2,6.0
London,2026-08-21T17:02:35.934463+00:00,2026-08-22T02:00,2026-08-22T01:00:00+00:00,14.8,5.0
London,2026-08-21T17:02:35.934463+00:00,2026-08-22T03:00,2026-08-22T02:00:00+00:00,14.1,2.0
London,2026-08-21T17:02:35.934463+00:00,2026-08-22T04:00,2026-08-22T03:00:00+00:00,13.8,0.0
London,2026-08-21T17:02:35.934463+00:00,2026-08-22T05:00,2026-08-22T04:00:00+00:00,13.6,0.0
London,2026-08-21T17:02:35.934463+00:00,2026-08-22T06:00,2026-08-22T05:00:00+00:00,13.4,0.0
London,2026-08-21T17:02:35.934463+00:00,2026-08-22T07:00,2026-08-22T06:00:00+00:00,13.3,0.0
London,2026-08-21T17:02:35.934463+00:00,2026-08-22T08:00,2026-08-22T07:00:00+00:00,13.9,0.0
London,2026-08-21T17:02:35.934463+00:00,2026-08-22T09:00,2026-08-22T08:00:00+00:00,15.2,0.0
London,2026-08-21T17:02:35.934463+00:00,2026-08-22T10:00,2026-08-22T09:00:00+00:00,16.8,0.0
London,2026-08-21T17:02:35.934463+00:00,2026-08-22T11:00,2026-08-22T10:00:00+00:00,17.9,0.0
London,2026-08-21T17:02:35.934463+00:00,2026-08-22T12:00,2026-08-22T11:00:00+00:00,19.1,0.0
London,2026-08-21T17:02:35.934463+00:00,2026-08-22T13:00,2026-08-22T12:00:00+00:00,19.8,0.0
London,2026-08-21T17:02:35.934463+00:00,2026-08-22T14:00,2026-08-22T13:00:00+00:00,20.5,0.0
London,2026-08-21T17:02:35.934463+00:00,2026-08-22T15:00,2026-08-22T14:00:00+00:00,20.8,0.0
London,2026-08-21T17:02:35.934463+00:00,2026-08-22T16:00,2026-08-22T15:00:00+00:00,21.2,0.0
London,2026-08-21T17:02:35.934463+00:00,2026-08-22T17:00,2026-08-22T16:00:00+00:00,21.2,0.0
London,2026-08-21T17:02:35.934463+00:00,2026-08-22T18:00,2026-08-22T17:00:00+00:00,21.0,0.0
London,2026-08-21T17:02:35.934463+00:00,2026-08-22T19:00,2026-08-22T18:00:00+00:00,20.6,0.0
London,2026-08-21T17:02:35.934463+00:00,2026-08-22T20:00,2026-08-22T19:00:00+00:00,20.1,0.0
London,2026-08-21T17:02:35.934463+00:00,2026-08-22T21:00,2026-08-22T20:00:00+00:00,19.4,0.0
London,2026-08-21T17:02:35.934463+00:00,2026-08-22T22:00,2026-08-22T21:00:00+00:00,18.8,0.0
London,2026-08-21T17:02:35.934463+00:00,2026-08-22T23:00,2026-08-22T22:00:00+00:00,18.0,0.0
London,2026-08-21T17:02:35.934463+00:00,2026-08-23T00:00,2026-08-22T23:00:00+00:00,17.4,0.0
London,2026-08-21T17:02:35.934463+00:00,2026-08-23T01:00,2026-08-23T00:00:00+00:00,16.8,0.0
London,2026-08-21T17:02:35.934463+00:00,2026-08-23T02:00,2026-08-23T01:00:00+00:00,16.6,0.0
London,2026-08-21T17:02:35.934463+00:00,2026-08-23T03:00,2026-08-23T02:00:00+00:00,16.2,0.0
London,2026-08-21T17:02:35.934463+00:00,2026-08-23T04:00,2026-08-23T03:00:00+00:00,16.1,0.0
London,2026-08-21T17:02:35.934463+00:00,2026-08-23T05:00,2026-08-23T04:00:00+00:00,15.8,0.0
London,2026-08-21T17:02:35.934463+00:00,2026-08-23T06:00,2026-08-23T05:00:00+00:00,15.5,0.0
London,2026-08-21T17:02:35.934463+00:00,2026-08-23T07:00,2026-08-23T06:00:00+00:00,15.8,0.0
London,2026-08-21T17:02:35.934463+00:00,2026-08-23T08:00,2026-08-23T07:00:00+00:00,16.2,0.0
London,2026-08-21T17:02:35.934463+00:00,2026-08-23T09:00,2026-08-23T08:00:00+00:00,16.8,0.0
London,2026-08-21T17:02:35.934463+00:00,2026-08-23T10:00,2026-08-23T09:00:00+00:00,17.9,0.0
London,2026-08-21T17:02:35.934463+00:00,2026-08-23T11:00,2026-08-23T10:00:00+00:00,19.4,0.0
London,2026-08-21T17:02:35.934463+00:00,2026-08-23T12:00,2026-08-23T11:00:00+00:00,20.2,0.0
London,2026-08-21T17:02:35.934463+00:00,2026-08-23T13:00,2026-08-23T12:00:00+00:00,21.1,0.0
London,2026-08-21T17:02:35.934463+00:00,2026-08-23T14:00,2026-08-23T13:00:00+00:00,21.8,0.0
London,2026-08-21T17:02:35.934463+00:00,2026-08-23T15:00,2026-08-23T14:00:00+00:00,22.3,0.0
London,2026-08-21T17:02:35.934463+00:00,2026-08-23T16:00,2026-08-23T15:00:00+00:00,23.0,0.0
London,2026-08-21T17:02:35.934463+00:00,2026-08-23T17:00,2026-08-23T16:00:00+00:00,22.9,0.0
London,2026-08-21T17:02:35.934463+00:00,2026-08-23T18:00,2026-08-23T17:00:00+00:00,22.6,0.0
London,2026-08-21T17:02:35.934463+00:00,2026-08-23T19:00,2026-08-23T18:00:00+00:00,22.4,0.0
London,2026-08-21T17:02:35.934463+00:00,2026-08-23T20:00,2026-08-23T19:00:00+00:00,21.7,0.0
London,2026-08-21T17:02:35.934463+00:00,2026-08-23T21:00,2026-08-23T20:00:00+00:00,20.8,0.0
London,2026-08-21T17:02:35.934463+00:00,2026-08-23T22:00,2026-08-23T21:00:00+00:00,19.9,0.0
London,2026-08-21T17:02:35.934463+00:00,2026-08-23T23:00,2026-08-23T22:00:00+00:00,19.2,0.0
London,2026-08-21T17:02:35.934463+00:00,2026-08-24T00:00,2026-08-23T23:00:00+00:00,18.5,0.0
London,2026-08-21T17:02:35.934463+00:00,2026-08-24T01:00,2026-08-24T00:00:00+00:00,17.9,0.0
London,2026-08-21T17:02:35.934463+00:00,2026-08-24T02:00,2026-08-24T01:00:00+00:00,17.5,0.0
London,2026-08-21T17:02:35.934463+00:00,2026-08-24T03:00,2026-08-24T02:00:00+00:00,17.1,0.0
London,2026-08-21T17:02:35.934463+00:00,2026-08-24T04:00,2026-08-24T03:00:00+00:00,16.8,0.0
London,2026-08-21T17:02:35.934463+00:00,2026-08-24T05:00,2026-08-24T04:00:00+00:00,16.3,0.0
London,2026-08-21T17:02:35.934463+00:00,2026-08-24T06:00,2026-08-24T05:00:00+00:00,15.8,0.0
London,2026-08-21T17:02:35.934463+00:00,2026-08-24T07:00,2026-08-24T06:00:00+00:00,15.7,0.0
London,2026-08-21T17:02:35.934463+00:00,2026-08-24T08:00,2026-08-24T07:00:00+00:00,16.4,0.0
London,2026-08-21T17:02:35.934463+00:00,2026-08-24T09:00,2026-08-24T08:00:00+00:00,17.5,1.0
London,2026-08-21T17:02:35.934463+00:00,2026-08-24T10:00,2026-08-24T09:00:00+00:00,18.5,2.0
London,2026-08-21T17:02:35.934463+00:00,2026-08-24T11:00,2026-08-24T10:00:00+00:00,19.2,4.0
London,2026-08-21T17:02:35.934463+00:00,2026-08-24T12:00,2026-08-24T11:00:00+00:00,19.8,5.0
London,2026-08-21T17:02:35.934463+00:00,2026-08-24T13:00,2026-08-24T12:00:00+00:00,20.3,6.0
London,2026-08-21T17:02:35.934463+00:00,2026-08-24T14:00,2026-08-24T13:00:00+00:00,20.6,4.0
London,2026-08-21T17:02:35.934463+00:00,2026-08-24T15:00,2026-08-24T14:00:00+00:00,20.7,2.0
London,2026-08-21T17:02:35.934463+00:00,2026-08-24T16:00,2026-08-24T15:00:00+00:00,20.7,0.0
London,2026-08-21T17:02:35.934463+00:00,2026-08-24T17:00,2026-08-24T16:00:00+00:00,20.5,0.0
London,2026-08-21T17:02:35.934463+00:00,2026-08-24T18:00,2026-08-24T17:00:00+00:00,20.2,1.0
London,2026-08-21T17:02:35.934463+00:00,2026-08-24T19:00,2026-08-24T18:00:00+00:00,19.9,2.0
London,2026-08-21T17:02:35.934463+00:00,2026-08-24T20:00,2026-08-24T19:00:00+00:00,19.6,2.0
London,2026-08-21T17:02:35.934463+00:00,2026-08-24T21:00,2026-08-24T20:00:00+00:00,19.4,2.0
London,2026-08-21T17:02:35.934463+00:00,2026-08-24T22:00,2026-08-24T21:00:00+00:00,19.3,2.0
London,2026-08-21T17:02:35.934463+00:00,2026-08-24T23:00,2026-08-24T22:00:00+00:00,19.2,4.0
London,2026-08-21T17:02:35.934463+00:00,2026-08-25T00:00,2026-08-24T23:00:00+00:00,19.1,6.0
London,2026-08-21T17:02:35.934463+00:00,2026-08-25T01:00,2026-08-25T00:00:00+00:00,19.0,8.0
London,2026-08-21T17:02:35.934463+00:00,2026-08-25T02:00,2026-08-25T01:00:00+00:00,18.8,8.0
London,2026-08-21T17:02:35.934463+00:00,2026-08-25T03:00,2026-08-25T02:00:00+00:00,18.5,8.0
London,2026-08-21T17:02:35.934463+00:00,2026-08-25T04:00,2026-08-25T03:00:00+00:00,18.3,8.0
London,2026-08-21T17:02:35.934463+00:00,2026-08-25T05:00,2026-08-25T04:00:00+00:00,17.8,10.0
London,2026-08-21T17:02:35.934463+00:00,2026-08-25T06:00,2026-08-25T05:00:00+00:00,17.4,12.0
London,2026-08-21T17:02:35.934463+00:00,2026-08-25T07:00,2026-08-25T06:00:00+00:00,17.2,14.0
London,2026-08-21T17:02:35.934463+00:00,2026-08-25T08:00,2026-08-25T07:00:00+00:00,17.7,16.0
London,2026-08-21T17:02:35.934463+00:00,2026-08-25T09:00,2026-08-25T08:00:00+00:00,18.4,18.0
London,2026-08-21T17:02:35.934463+00:00,2026-08-25T10:00,2026-08-25T09:00:00+00:00,19.1,20.0
London,2026-08-21T17:02:35.934463+00:00,2026-08-25T11:00,2026-08-25T10:00:00+00:00,19.7,23.0
London,2026-08-21T17:02:35.934463+00:00,2026-08-25T12:00,2026-08-25T11:00:00+00:00,20.2,26.0
London,2026-08-21T17:02:35.934463+00:00,2026-08-25T13:00,2026-08-25T12:00:00+00:00,20.7,27.0
London,2026-08-21T17:02:35.934463+00:00,2026-08-25T14:00,2026-08-25T13:00:00+00:00,21.2,22.0
London,2026-08-21T17:02:35.934463+00:00,2026-08-25T15:00,2026-08-25T14:00:00+00:00,21.6,15.0
London,2026-08-21T17:02:35.934463+00:00,2026-08-25T16:00,2026-08-25T15:00:00+00:00,22.0,10.0
London,2026-08-21T17:02:35.934463+00:00,2026-08-25T17:00,2026-08-25T16:00:00+00:00,22.4,9.0
London,2026-08-21T17:02:35.934463+00:00,2026-08-25T18:00,2026-08-25T17:00:00+00:00,22.8,9.0
London,2026-08-21T17:02:35.934463+00:00,2026-08-25T19:00,2026-08-25T18:00:00+00:00,22.8,10.0
London,2026-08-21T17:02:35.934463+00:00,2026-08-25T20:00,2026-08-25T19:00:00+00:00,21.9,10.0
London,2026-08-21T17:02:35.934463+00:00,2026-08-25T21:00,2026-08-25T20:00:00+00:00,20.6,10.0
London,2026-08-21T17:02:35.934463+00:00,2026-08-25T22:00,2026-08-25T21:00:00+00:00,19.6,12.0
London,2026-08-21T17:02:35.934463+00:00,2026-08-25T23:00,2026-08-25T22:00:00+00:00,19.2,16.0
London,2026-08-21T17:02:35.934463+00:00,2026-08-26T00:00,2026-08-25T23:00:00+00:00,19.1,21.0
London,2026-08-21T17:02:35.934463+00:00,2026-08-26T01:00,2026-08-26T00:00:00+00:00,19.0,25.0
London,2026-08-21T17:02:35.934463+00:00,2026-08-26T02:00,2026-08-26T01:00:00+00:00,18.7,26.0
London,2026-08-21T17:02:35.934463+00:00,2026-08-26T03:00,2026-08-26T02:00:00+00:00,18.4,27.0
London,2026-08-21T17:02:35.934463+00:00,2026-08-26T04:00,2026-08-26T03:00:00+00:00,18.2,27.0
London,2026-08-21T17:02:35.934463+00:00,2026-08-26T05:00,2026-08-26T04:00:00+00:00,18.0,28.0
London,2026-08-21T17:02:35.934463+00:00,2026-08-26T06:00,2026-08-26T05:00:00+00:00,17.9,29.0
London,2026-08-21T17:02:35.934463+00:00,2026-08-26T07:00,2026-08-26T06:00:00+00:00,18.0,29.0
London,2026-08-21T17:02:35.934463+00:00,2026-08-26T08:00,2026-08-26T07:00:00+00:00,18.3,27.0
London,2026-08-21T17:02:35.934463+00:00,2026-08-26T09:00,2026-08-26T08:00:00+00:00,18.9,23.0
London,2026-08-21T17:02:35.934463+00:00,2026-08-26T10:00,2026-08-26T09:00:00+00:00,19.6,22.0
London,2026-08-21T17:02:35.934463+00:00,2026-08-26T11:00,2026-08-26T10:00:00+00:00,20.8,25.0
London,2026-08-21T17:02:35.934463+00:00,2026-08-26T12:00,2026-08-26T11:00:00+00:00,22.3,30.0
London,2026-08-21T17:02:35.934463+00:00,2026-08-26T13:00,2026-08-26T12:00:00+00:00,23.5,35.0
London,2026-08-21T17:02:35.934463+00:00,2026-08-26T14:00,2026-08-26T13:00:00+00:00,24.4,39.0
London,2026-08-21T17:02:35.934463+00:00,2026-08-26T15:00,2026-08-26T14:00:00+00:00,25.1,42.0
London,2026-08-21T17:02:35.934463+00:00,2026-08-26T16:00,2026-08-26T15:00:00+00:00,25.4,41.0
London,2026-08-21T17:02:35.934463+00:00,2026-08-26T17:00,2026-08-26T16:00:00+00:00,25.5,32.0
London,2026-08-21T17:02:35.934463+00:00,2026-08-26T18:00,2026-08-26T17:00:00+00:00,25.2,19.0
London,2026-08-21T17:02:35.934463+00:00,2026-08-26T19:00,2026-08-26T18:00:00+00:00,24.7,10.0
London,2026-08-21T17:02:35.934463+00:00,2026-08-26T20:00,2026-08-26T19:00:00+00:00,24.0,9.0
London,2026-08-21T17:02:35.934463+00:00,2026-08-26T21:00,2026-08-26T20:00:00+00:00,23.0,13.0
London,2026-08-21T17:02:35.934463+00:00,2026-08-26T22:00,2026-08-26T21:00:00+00:00,22.2,18.0
London,2026-08-21T17:02:35.934463+00:00,2026-08-26T23:00,2026-08-26T22:00:00+00:00,21.9,24.0
London,2026-08-21T17:02:35.934463+00:00,2026-08-27T00:00,2026-08-26T23:00:00+00:00,21.1,32.0
London,2026-08-21T17:02:35.934463+00:00,2026-08-27T01:00,2026-08-27T00:00:00+00:00,20.5,39.0
London,2026-08-21T17:02:35.934463+00:00,2026-08-27T02:00,2026-08-27T01:00:00+00:00,20.0,44.0
London,2026-08-21T17:02:35.934463+00:00,2026-08-27T03:00,2026-08-27T02:00:00+00:00,19.6,48.0
London,2026-08-21T17:02:35.934463+00:00,2026-08-27T04:00,2026-08-27T03:00:00+00:00,19.2,51.0
London,2026-08-21T17:02:35.934463+00:00,2026-08-27T05:00,2026-08-27T04:00:00+00:00,18.9,51.0
London,2026-08-21T17:02:35.934463+00:00,2026-08-27T06:00,2026-08-27T05:00:00+00:00,18.8,49.0
London,2026-08-21T17:02:35.934463+00:00,2026-08-27T07:00,2026-08-27T06:00:00+00:00,18.9,49.0
London,2026-08-21T17:02:35.934463+00:00,2026-08-27T08:00,2026-08-27T07:00:00+00:00,19.2,55.0
London,2026-08-21T17:02:35.934463+00:00,2026-08-27T09:00,2026-08-27T08:00:00+00:00,19.8,63.0
London,2026-08-21T17:02:35.934463+00:00,2026-08-27T10:00,2026-08-27T09:00:00+00:00,20.5,69.0
London,2026-08-21T17:02:35.934463+00:00,2026-08-27T11:00,2026-08-27T10:00:00+00:00,21.2,71.0
London,2026-08-21T17:02:35.934463+00:00,2026-08-27T12:00,2026-08-27T11:00:00+00:00,21.9,71.0
London,2026-08-21T17:02:35.934463+00:00,2026-08-27T13:00,2026-08-27T12:00:00+00:00,22.4,71.0
London,2026-08-21T17:02:35.934463+00:00,2026-08-27T14:00,2026-08-27T13:00:00+00:00,22.8,72.0
London,2026-08-21T17:02:35.934463+00:00,2026-08-27T15:00,2026-08-27T14:00:00+00:00,23.1,73.0
London,2026-08-21T17:02:35.934463+00:00,2026-08-27T16:00,2026-08-27T15:00:00+00:00,23.4,74.0
London,2026-08-21T17:02:35.934463+00:00,2026-08-27T17:00,2026-08-27T16:00:00+00:00,23.5,74.0
London,2026-08-21T17:02:35.934463+00:00,2026-08-27T18:00,2026-08-27T17:00:00+00:00,23.6,74.0
London,2026-08-21T17:02:35.934463+00:00,2026-08-27T19:00,2026-08-27T18:00:00+00:00,23.4,71.0
London,2026-08-21T17:02:35.934463+00:00,2026-08-27T20:00,2026-08-27T19:00:00+00:00,23.1,65.0
London,2026-08-21T17:02:35.934463+00:00,2026-08-27T21:00,2026-08-27T20:00:00+00:00,22.4,56.0
London,2026-08-21T17:02:35.934463+00:00,2026-08-27T22:00,2026-08-27T21:00:00+00:00,21.7,48.0
London,2026-08-21T17:02:35.934463+00:00,2026-08-27T23:00,2026-08-27T22:00:00+00:00,19.8,40.0
London,2026-08-21T17:02:35.934463+00:00,2026-08-28T00:00,2026-08-27T23:00:00+00:00,18.0,31.0
London,2026-08-21T17:02:35.934463+00:00,2026-08-28T01:00,2026-08-28T00:00:00+00:00,16.3,25.0
London,2026-08-21T17:02:35.934463+00:00,2026-08-28T02:00,2026-08-28T01:00:00+00:00,14.6,22.0
London,2026-08-21T17:02:35.934463+00:00,2026-08-28T03:00,2026-08-28T02:00:00+00:00,14.2,22.0
London,2026-08-21T17:02:35.934463+00:00,2026-08-28T04:00,2026-08-28T03:00:00+00:00,13.8,22.0
London,2026-08-21T17:02:35.934463+00:00,2026-08-28T05:00,2026-08-28T04:00:00+00:00,13.6,23.0
London,2026-08-21T17:02:35.934463+00:00,2026-08-28T06:00,2026-08-28T05:00:00+00:00,13.6,25.0
London,2026-08-21T17:02:35.934463+00:00,2026-08-28T07:00,2026-08-28T06:00:00+00:00,13.8,27.0
London,2026-08-21T17:02:35.934463+00:00,2026-08-28T08:00,2026-08-28T07:00:00+00:00,14.5,30.0
London,2026-08-21T17:02:35.934463+00:00,2026-08-28T09:00,2026-08-28T08:00:00+00:00,15.6,34.0
London,2026-08-21T17:02:35.934463+00:00,2026-08-28T10:00,2026-08-28T09:00:00+00:00,16.9,38.0
London,2026-08-21T17:02:35.934463+00:00,2026-08-28T11:00,2026-08-28T10:00:00+00:00,18.2,42.0
London,2026-08-21T17:02:35.934463+00:00,2026-08-28T12:00,2026-08-28T11:00:00+00:00,19.3,46.0
London,2026-08-21T17:02:35.934463+00:00,2026-08-28T13:00,2026-08-28T12:00:00+00:00,19.9,51.0
London,2026-08-21T17:02:35.934463+00:00,2026-08-28T14:00,2026-08-28T13:00:00+00:00,19.9,56.0
London,2026-08-21T17:02:35.934463+00:00,2026-08-28T15:00,2026-08-28T14:00:00+00:00,19.6,62.0
London,2026-08-21T17:02:35.934463+00:00,2026-08-28T16:00,2026-08-28T15:00:00+00:00,19.0,66.0
London,2026-08-21T17:02:35.934463+00:00,2026-08-28T17:00,2026-08-28T16:00:00+00:00,18.3,70.0
London,2026-08-21T17:02:35.934463+00:00,2026-08-28T18:00,2026-08-28T17:00:00+00:00,17.6,72.0
London,2026-08-21T17:02:35.934463+00:00,2026-08-28T19:00,2026-08-28T18:00:00+00:00,17.1,71.0
London,2026-08-21T17:02:35.934463+00:00,2026-08-28T20:00,2026-08-28T19:00:00+00:00,16.8,64.0
London,2026-08-21T17:02:35.934463+00:00,2026-08-28T21:00,2026-08-28T20:00:00+00:00,16.6,54.0
London,2026-08-21T17:02:35.934463+00:00,2026-08-28T22:00,2026-08-28T21:00:00+00:00,16.4,43.0
London,2026-08-21T17:02:35.934463+00:00,2026-08-28T23:00,2026-08-28T22:00:00+00:00,16.2,32.0
London,2026-08-21T17:02:35.934463+00:00,2026-08-29T00:00,2026-08-28T23:00:00+00:00,16.0,21.0
London,2026-08-21T17:02:35.934463+00:00,2026-08-29T01:00,2026-08-29T00:00:00+00:00,15.9,14.0
London,2026-08-21T17:02:35.934463+00:00,2026-08-29T02:00,2026-08-29T01:00:00+00:00,15.7,12.0
London,2026-08-21T17:02:35.934463+00:00,2026-08-29T03:00,2026-08-29T02:00:00+00:00,15.4,14.0
London,2026-08-21T17:02:35.934463+00:00,2026-08-29T04:00,2026-08-29T03:00:00+00:00,15.1,17.0
London,2026-08-21T17:02:35.934463+00:00,2026-08-29T05:00,2026-08-29T04:00:00+00:00,15.0,20.0
London,2026-08-21T17:02:35.934463+00:00,2026-08-29T06:00,2026-08-29T05:00:00+00:00,15.0,24.0
London,2026-08-21T17:02:35.934463+00:00,2026-08-29T07:00,2026-08-29T06:00:00+00:00,15.3,27.0
London,2026-08-21T17:02:35.934463+00:00,2026-08-29T08:00,2026-08-29T07:00:00+00:00,16.0,28.0
London,2026-08-21T17:02:35.934463+00:00,2026-08-29T09:00,2026-08-29T08:00:00+00:00,17.1,28.0
London,2026-08-21T17:02:35.934463+00:00,2026-08-29T10:00,2026-08-29T09:00:00+00:00,18.4,29.0
London,2026-08-21T17:02:35.934463+00:00,2026-08-29T11:00,2026-08-29T10:00:00+00:00,19.7,30.0
London,2026-08-21T17:02:35.934463+00:00,2026-08-29T12:00,2026-08-29T11:00:00+00:00,20.7,31.0
London,2026-08-21T17:02:35.934463+00:00,2026-08-29T13:00,2026-08-29T12:00:00+00:00,21.3,33.0
London,2026-08-21T17:02:35.934463+00:00,2026-08-29T14:00,2026-08-29T13:00:00+00:00,21.5,37.0
London,2026-08-21T17:02:35.934463+00:00,2026-08-29T15:00,2026-08-29T14:00:00+00:00,21.3,42.0
London,2026-08-21T17:02:35.934463+00:00,2026-08-29T16:00,2026-08-29T15:00:00+00:00,20.9,47.0
London,2026-08-21T17:02:35.934463+00:00,2026-08-29T17:00,2026-08-29T16:00:00+00:00,20.4,51.0
London,2026-08-21T17:02:35.934463+00:00,2026-08-29T18:00,2026-08-29T17:00:00+00:00,19.8,55.0
London,2026-08-21T17:02:35.934463+00:00,2026-08-29T19:00,2026-08-29T18:00:00+00:00,19.3,55.0
London,2026-08-21T17:02:35.934463+00:00,2026-08-29T20:00,2026-08-29T19:00:00+00:00,18.7,50.0
London,2026-08-21T17:02:35.934463+00:00,2026-08-29T21:00,2026-08-29T20:00:00+00:00,18.0,42.0
London,2026-08-21T17:02:35.934463+00:00,2026-08-29T22:00,2026-08-29T21:00:00+00:00,17.2,33.0
London,2026-08-21T17:02:35.934463+00:00,2026-08-29T23:00,2026-08-29T22:00:00+00:00,16.5,24.0
London,2026-08-21T17:02:35.934463+00:00,2026-08-30T00:00,2026-08-29T23:00:00+00:00,15.8,16.0
London,2026-08-21T17:02:35.934463+00:00,2026-08-30T01:00,2026-08-30T00:00:00+00:00,15.2,10.0
London,2026-08-21T17:02:35.934463+00:00,2026-08-30T02:00,2026-08-30T01:00:00+00:00,14.6,9.0
London,2026-08-21T17:02:35.934463+00:00,2026-08-30T03:00,2026-08-30T02:00:00+00:00,14.0,10.0
London,2026-08-21T17:02:35.934463+00:00,2026-08-30T04:00,2026-08-30T03:00:00+00:00,13.5,12.0
London,2026-08-21T17:02:35.934463+00:00,2026-08-30T05:00,2026-08-30T04:00:00+00:00,13.1,14.0
London,2026-08-21T17:02:35.934463+00:00,2026-08-30T06:00,2026-08-30T05:00:00+00:00,13.0,17.0
London,2026-08-21T17:02:35.934463+00:00,2026-08-30T07:00,2026-08-30T06:00:00+00:00,13.2,20.0
London,2026-08-21T17:02:35.934463+00:00,2026-08-30T08:00,2026-08-30T07:00:00+00:00,14.0,21.0
London,2026-08-21T17:02:35.934463+00:00,2026-08-30T09:00,2026-08-30T08:00:00+00:00,15.3,22.0
London,2026-08-21T17:02:35.934463+00:00,2026-08-30T10:00,2026-08-30T09:00:00+00:00,16.9,23.0
London,2026-08-21T17:02:35.934463+00:00,2026-08-30T11:00,2026-08-30T10:00:00+00:00,18.5,24.0
London,2026-08-21T17:02:35.934463+00:00,2026-08-30T12:00,2026-08-30T11:00:00+00:00,19.8,25.0
London,2026-08-21T17:02:35.934463+00:00,2026-08-30T13:00,2026-08-30T12:00:00+00:00,20.5,27.0
London,2026-08-21T17:02:35.934463+00:00,2026-08-30T14:00,2026-08-30T13:00:00+00:00,20.7,31.0
London,2026-08-21T17:02:35.934463+00:00,2026-08-30T15:00,2026-08-30T14:00:00+00:00,20.5,35.0
London,2026-08-21T17:02:35.934463+00:00,2026-08-30T16:00,2026-08-30T15:00:00+00:00,20.0,39.0
London,2026-08-21T17:02:35.934463+00:00,2026-08-30T17:00,2026-08-30T16:00:00+00:00,19.3,43.0
London,2026-08-21T17:02:35.934463+00:00,2026-08-30T18:00,2026-08-30T17:00:00+00:00,18.7,46.0
London,2026-08-21T17:02:35.934463+00:00,2026-08-30T19:00,2026-08-30T18:00:00+00:00,18.1,47.0
London,2026-08-21T17:02:35.934463+00:00,2026-08-30T20:00,2026-08-30T19:00:00+00:00,17.6,45.0
London,2026-08-21T17:02:35.934463+00:00,2026-08-30T21:00,2026-08-30T20:00:00+00:00,17.1,41.0
London,2026-08-21T17:02:35.934463+00:00,2026-08-30T22:00,2026-08-30T21:00:00+00:00,16.5,36.0
London,2026-08-21T17:02:35.934463+00:00,2026-08-30T23:00,2026-08-30T22:00:00+00:00,15.9,31.0
London,2026-08-21T17:02:35.934463+00:00,2026-08-31T00:00,2026-08-30T23:00:00+00:00,15.5,26.0
London,2026-08-21T17:02:35.934463+00:00,2026-08-31T01:00,2026-08-31T00:00:00+00:00,15.2,22.0
London,2026-08-21T17:02:35.934463+00:00,2026-08-31T02:00,2026-08-31T01:00:00+00:00,15.0,20.0
London,2026-08-21T17:02:35.934463+00:00,2026-08-31T03:00,2026-08-31T02:00:00+00:00,14.8,18.0
London,2026-08-21T17:02:35.934463+00:00,2026-08-31T04:00,2026-08-31T03:00:00+00:00,14.8,17.0
London,2026-08-21T17:02:35.934463+00:00,2026-08-31T05:00,2026-08-31T04:00:00+00:00,14.8,16.0
London,2026-08-21T17:02:35.934463+00:00,2026-08-31T06:00,2026-08-31T05:00:00+00:00,15.1,16.0
London,2026-08-21T17:02:35.934463+00:00,2026-08-31T07:00,2026-08-31T06:00:00+00:00,15.4,16.0
London,2026-08-21T17:02:35.934463+00:00,2026-08-31T08:00,2026-08-31T07:00:00+00:00,16.1,16.0
London,2026-08-21T17:02:35.934463+00:00,2026-08-31T09:00,2026-08-31T08:00:00+00:00,17.1,16.0
London,2026-08-21T17:02:35.934463+00:00,2026-08-31T10:00,2026-08-31T09:00:00+00:00,18.2,16.0
London,2026-08-21T17:02:35.934463+00:00,2026-08-31T11:00,2026-08-31T10:00:00+00:00,19.3,17.0
London,2026-08-21T17:02:35.934463+00:00,2026-08-31T12:00,2026-08-31T11:00:00+00:00,20.2,18.0
London,2026-08-21T17:02:35.934463+00:00,2026-08-31T13:00,2026-08-31T12:00:00+00:00,20.7,20.0
London,2026-08-21T17:02:35.934463+00:00,2026-08-31T14:00,2026-08-31T13:00:00+00:00,20.9,24.0
London,2026-08-21T17:02:35.934463+00:00,2026-08-31T15:00,2026-08-31T14:00:00+00:00,20.7,29.0
London,2026-08-21T17:02:35.934463+00:00,2026-08-31T16:00,2026-08-31T15:00:00+00:00,20.4,34.0
London,2026-08-21T17:02:35.934463+00:00,2026-08-31T17:00,2026-08-31T16:00:00+00:00,19.9,38.0
London,2026-08-21T17:02:35.934463+00:00,2026-08-31T18:00,2026-08-31T17:00:00+00:00,19.4,42.0
London,2026-08-21T17:02:35.934463+00:00,2026-08-31T19:00,2026-08-31T18:00:00+00:00,18.8,43.0
London,2026-08-21T17:02:35.934463+00:00,2026-08-31T20:00,2026-08-31T19:00:00+00:00,18.2,39.0
London,2026-08-21T17:02:35.934463+00:00,2026-08-31T21:00,2026-08-31T20:00:00+00:00,17.5,33.0
London,2026-08-21T17:02:35.934463+00:00,2026-08-31T22:00,2026-08-31T21:00:00+00:00,16.7,26.0
London,2026-08-21T17:02:35.934463+00:00,2026-08-31T23:00,2026-08-31T22:00:00+00:00,15.9,19.0
London,2026-08-21T17:02:35.934463+00:00,2026-09-01T00:00,2026-08-31T23:00:00+00:00,15.2,11.0
London,2026-08-21T17:02:35.934463+00:00,2026-09-01T01:00,2026-09-01T00:00:00+00:00,14.7,6.0
London,2026-08-21T17:02:35.934463+00:00,2026-09-01T02:00,2026-09-01T01:00:00+00:00,14.2,4.0
London,2026-08-21T17:02:35.934463+00:00,2026-09-01T03:00,2026-09-01T02:00:00+00:00,13.7,4.0
London,2026-08-21T17:02:35.934463+00:00,2026-09-01T04:00,2026-09-01T03:00:00+00:00,13.2,5.0
London,2026-08-21T17:02:35.934463+00:00,2026-09-01T05:00,2026-09-01T04:00:00+00:00,13.0,6.0
London,2026-08-21T17:02:35.934463+00:00,2026-09-01T06:00,2026-09-01T05:00:00+00:00,12.9,8.0
London,2026-08-21T17:02:35.934463+00:00,2026-09-01T07:00,2026-09-01T06:00:00+00:00,13.3,10.0
London,2026-08-21T17:02:35.934463+00:00,2026-09-01T08:00,2026-09-01T07:00:00+00:00,14.1,13.0
London,2026-08-21T17:02:35.934463+00:00,2026-09-01T09:00,2026-09-01T08:00:00+00:00,15.5,16.0
London,2026-08-21T17:02:35.934463+00:00,2026-09-01T10:00,2026-09-01T09:00:00+00:00,17.1,19.0
London,2026-08-21T17:02:35.934463+00:00,2026-09-01T11:00,2026-09-01T10:00:00+00:00,18.8,22.0
London,2026-08-21T17:02:35.934463+00:00,2026-09-01T12:00,2026-09-01T11:00:00+00:00,20.2,25.0
London,2026-08-21T17:02:35.934463+00:00,2026-09-01T13:00,2026-09-01T12:00:00+00:00,21.1,29.0
London,2026-08-21T17:02:35.934463+00:00,2026-09-01T14:00,2026-09-01T13:00:00+00:00,21.5,34.0
London,2026-08-21T17:02:35.934463+00:00,2026-09-01T15:00,2026-09-01T14:00:00+00:00,21.7,39.0
London,2026-08-21T17:02:35.934463+00:00,2026-09-01T16:00,2026-09-01T15:00:00+00:00,21.6,43.0
London,2026-08-21T17:02:35.934463+00:00,2026-09-01T17:00,2026-09-01T16:00:00+00:00,21.3,46.0
London,2026-08-21T17:02:35.934463+00:00,2026-09-01T18:00,2026-09-01T17:00:00+00:00,20.9,49.0
London,2026-08-21T17:02:35.934463+00:00,2026-09-01T19:00,2026-09-01T18:00:00+00:00,20.4,49.0
London,2026-08-21T17:02:35.934463+00:00,2026-09-01T20:00,2026-09-01T19:00:00+00:00,19.8,45.0
London,2026-08-21T17:02:35.934463+00:00,2026-09-01T21:00,2026-09-01T20:00:00+00:00,18.9,38.0
London,2026-08-21T17:02:35.934463+00:00,2026-09-01T22:00,2026-09-01T21:00:00+00:00,17.9,31.0
London,2026-08-21T17:02:35.934463+00:00,2026-09-01T23:00,2026-09-01T22:00:00+00:00,16.8,24.0
London,2026-08-21T17:02:35.934463+00:00,2026-09-02T00:00,2026-09-01T23:00:00+00:00,15.9,16.0
London,2026-08-21T17:02:35.934463+00:00,2026-09-02T01:00,2026-09-02T00:00:00+00:00,15.1,10.0
London,2026-08-21T17:02:35.934463+00:00,2026-09-02T02:00,2026-09-02T01:00:00+00:00,14.4,7.0
London,2026-08-21T17:02:35.934463+00:00,2026-09-02T03:00,2026-09-02T02:00:00+00:00,13.6,7.0
London,2026-08-21T17:02:35.934463+00:00,2026-09-02T04:00,2026-09-02T03:00:00+00:00,12.9,7.0
London,2026-08-21T17:02:35.934463+00:00,2026-09-02T05:00,2026-09-02T04:00:00+00:00,12.4,7.0
London,2026-08-21T17:02:35.934463+00:00,2026-09-02T06:00,2026-09-02T05:00:00+00:00,12.2,9.0
London,2026-08-21T17:02:35.934463+00:00,2026-09-02T07:00,2026-09-02T06:00:00+00:00,12.5,10.0
London,2026-08-21T17:02:35.934463+00:00,2026-09-02T08:00,2026-09-02T07:00:00+00:00,13.3,12.0
London,2026-08-21T17:02:35.934463+00:00,2026-09-02T09:00,2026-09-02T08:00:00+00:00,14.7,14.0
London,2026-08-21T17:02:35.934463+00:00,2026-09-02T10:00,2026-09-02T09:00:00+00:00,16.5,16.0
London,2026-08-21T17:02:35.934463+00:00,2026-09-02T11:00,2026-09-02T10:00:00+00:00,18.2,18.0
London,2026-08-21T17:02:35.934463+00:00,2026-09-02T12:00,2026-09-02T11:00:00+00:00,19.7,20.0
London,2026-08-21T17:02:35.934463+00:00,2026-09-02T13:00,2026-09-02T12:00:00+00:00,20.8,22.0
London,2026-08-21T17:02:35.934463+00:00,2026-09-02T14:00,2026-09-02T13:00:00+00:00,21.3,23.0
London,2026-08-21T17:02:35.934463+00:00,2026-09-02T15:00,2026-09-02T14:00:00+00:00,21.7,24.0
London,2026-08-21T17:02:35.934463+00:00,2026-09-02T16:00,2026-09-02T15:00:00+00:00,21.8,25.0
London,2026-08-21T17:02:35.934463+00:00,2026-09-02T17:00,2026-09-02T16:00:00+00:00,21.7,25.0
London,2026-08-21T17:02:35.934463+00:00,2026-09-02T18:00,2026-09-02T17:00:00+00:00,21.4,26.0
London,2026-08-21T17:02:35.934463+00:00,2026-09-02T19:00,2026-09-02T18:00:00+00:00,20.9,25.0
London,2026-08-21T17:02:35.934463+00:00,2026-09-02T20:00,2026-09-02T19:00:00+00:00,20.1,23.0
London,2026-08-21T17:02:35.934463+00:00,2026-09-02T21:00,2026-09-02T20:00:00+00:00,19.0,21.0
London,2026-08-21T17:02:35.934463+00:00,2026-09-02T22:00,2026-09-02T21:00:00+00:00,17.6,18.0
London,2026-08-21T17:02:35.934463+00:00,2026-09-02T23:00,2026-09-02T22:00:00+00:00,16.3,15.0
London,2026-08-21T17:02:35.934463+00:00,2026-09-03T00:00,2026-09-02T23:00:00+00:00,15.1,12.0
London,2026-08-21T17:02:35.934463+00:00,2026-09-03T01:00,2026-09-03T00:00:00+00:00,14.4,10.0
London,2026-08-21T17:02:35.934463+00:00,2026-09-03T02:00,2026-09-03T01:00:00+00:00,14.1,8.0
London,2026-08-21T17:02:35.934463+00:00,2026-09-03T03:00,2026-09-03T02:00:00+00:00,14.0,7.0
London,2026-08-21T17:02:35.934463+00:00,2026-09-03T04:00,2026-09-03T03:00:00+00:00,14.1,6.0
London,2026-08-21T17:02:35.934463+00:00,2026-09-03T05:00,2026-09-03T04:00:00+00:00,14.5,6.0
London,2026-08-21T17:02:35.934463+00:00,2026-09-03T06:00,2026-09-03T05:00:00+00:00,15.0,5.0
London,2026-08-21T17:02:35.934463+00:00,2026-09-03T07:00,2026-09-03T06:00:00+00:00,15.6,6.0
London,2026-08-21T17:02:35.934463+00:00,2026-09-03T08:00,2026-09-03T07:00:00+00:00,16.6,7.0
London,2026-08-21T17:02:35.934463+00:00,2026-09-03T09:00,2026-09-03T08:00:00+00:00,18.0,9.0
London,2026-08-21T17:02:35.934463+00:00,2026-09-03T10:00,2026-09-03T09:00:00+00:00,19.6,11.0
London,2026-08-21T17:02:35.934463+00:00,2026-09-03T11:00,2026-09-03T10:00:00+00:00,21.2,13.0
London,2026-08-21T17:02:35.934463+00:00,2026-09-03T12:00,2026-09-03T11:00:00+00:00,22.4,16.0
London,2026-08-21T17:02:35.934463+00:00,2026-09-03T13:00,2026-09-03T12:00:00+00:00,23.3,18.0
London,2026-08-21T17:02:35.934463+00:00,2026-09-03T14:00,2026-09-03T13:00:00+00:00,23.6,20.0
London,2026-08-21T17:02:35.934463+00:00,2026-09-03T15:00,2026-09-03T14:00:00+00:00,23.6,21.0
London,2026-08-21T17:02:35.934463+00:00,2026-09-03T16:00,2026-09-03T15:00:00+00:00,23.3,22.0
London,2026-08-21T17:02:35.934463+00:00,2026-09-03T17:00,2026-09-03T16:00:00+00:00,22.9,23.0
London,2026-08-21T17:02:35.934463+00:00,2026-09-03T18:00,2026-09-03T17:00:00+00:00,22.4,24.0
London,2026-08-21T17:02:35.934463+00:00,2026-09-03T19:00,2026-09-03T18:00:00+00:00,21.9,25.0
London,2026-08-21T17:02:35.934463+00:00,2026-09-03T20:00,2026-09-03T19:00:00+00:00,21.3,25.0
London,2026-08-21T17:02:35.934463+00:00,2026-09-03T21:00,2026-09-03T20:00:00+00:00,20.4,25.0
London,2026-08-21T17:02:35.934463+00:00,2026-09-03T22:00,2026-09-03T21:00:00+00:00,19.6,24.0
London,2026-08-21T17:02:35.934463+00:00,2026-09-03T23:00,2026-09-03T22:00:00+00:00,18.7,23.0
London,2026-08-21T17:02:35.934463+00:00,2026-09-04T00:00,2026-09-03T23:00:00+00:00,17.9,22.0
London,2026-08-21T17:02:35.934463+00:00,2026-09-04T01:00,2026-09-04T00:00:00+00:00,17.3,22.0
London,2026-08-21T17:02:35.934463+00:00,2026-09-04T02:00,2026-09-04T01:00:00+00:00,16.8,23.0
London,2026-08-21T17:02:35.934463+00:00,2026-09-04T03:00,2026-09-04T02:00:00+00:00,16.5,24.0
London,2026-08-21T17:02:35.934463+00:00,2026-09-04T04:00,2026-09-04T03:00:00+00:00,16.2,25.0
London,2026-08-21T17:02:35.934463+00:00,2026-09-04T05:00,2026-09-04T04:00:00+00:00,16.0,26.0
London,2026-08-21T17:02:35.934463+00:00,2026-09-04T06:00,2026-09-04T05:00:00+00:00,16.0,28.0
London,2026-08-21T17:02:35.934463+00:00,2026-09-04T07:00,2026-09-04T06:00:00+00:00,16.2,29.0
London,2026-08-21T17:02:35.934463+00:00,2026-09-04T08:00,2026-09-04T07:00:00+00:00,16.7,29.0
London,2026-08-21T17:02:35.934463+00:00,2026-09-04T09:00,2026-09-04T08:00:00+00:00,17.5,29.0
London,2026-08-21T17:02:35.934463+00:00,2026-09-04T10:00,2026-09-04T09:00:00+00:00,18.4,29.0
London,2026-08-21T17:02:35.934463+00:00,2026-09-04T11:00,2026-09-04T10:00:00+00:00,19.4,29.0
London,2026-08-21T17:02:35.934463+00:00,2026-09-04T12:00,2026-09-04T11:00:00+00:00,20.2,29.0
London,2026-08-21T17:02:35.934463+00:00,2026-09-04T13:00,2026-09-04T12:00:00+00:00,20.7,29.0
London,2026-08-21T17:02:35.934463+00:00,2026-09-04T14:00,2026-09-04T13:00:00+00:00,20.9,30.0
London,2026-08-21T17:02:35.934463+00:00,2026-09-04T15:00,2026-09-04T14:00:00+00:00,21.0,31.0
London,2026-08-21T17:02:35.934463+00:00,2026-09-04T16:00,2026-09-04T15:00:00+00:00,20.9,32.0
London,2026-08-21T17:02:35.934463+00:00,2026-09-04T17:00,2026-09-04T16:00:00+00:00,20.8,33.0
London,2026-08-21T17:02:35.934463+00:00,2026-09-04T18:00,2026-09-04T17:00:00+00:00,20.5,33.0
London,2026-08-21T17:02:35.934463+00:00,2026-09-04T19:00,2026-09-04T18:00:00+00:00,20.2,33.0
London,2026-08-21T17:02:35.934463+00:00,2026-09-04T20:00,2026-09-04T19:00:00+00:00,19.8,31.0
London,2026-08-21T17:02:35.934463+00:00,2026-09-04T21:00,2026-09-04T20:00:00+00:00,19.2,29.0
London,2026-08-21T17:02:35.934463+00:00,2026-09-04T22:00,2026-09-04T21:00:00+00:00,18.5,26.0
London,2026-08-21T17:02:35.934463+00:00,2026-09-04T23:00,2026-09-04T22:00:00+00:00,17.8,23.0
London,2026-08-21T17:02:35.934463+00:00,2026-09-05T00:00,2026-09-04T23:00:00+00:00,17.2,20.0
London,2026-08-21T17:02:35.934463+00:00,2026-09-05T01:00,2026-09-05T00:00:00+00:00,16.9,18.0
London,2026-08-21T17:02:35.934463+00:00,2026-09-05T02:00,2026-09-05T01:00:00+00:00,16.7,17.0
London,2026-08-21T17:02:35.934463+00:00,2026-09-05T03:00,2026-09-05T02:00:00+00:00,16.8,18.0
London,2026-08-21T17:02:35.934463+00:00,2026-09-05T04:00,2026-09-05T03:00:00+00:00,,
London,2026-08-21T17:02:35.934463+00:00,2026-09-05T05:00,2026-09-05T04:00:00+00:00,,
London,2026-08-21T17:02:35.934463+00:00,2026-09-05T06:00,2026-09-05T05:00:00+00:00,,
London,2026-08-21T17:02:35.934463+00:00,2026-09-05T07:00,2026-09-05T06:00:00+00:00,,
London,2026-08-21T17:02:35.934463+00:00,2026-09-05T08:00,2026-09-05T07:00:00+00:00,,
London,2026-08-21T17:02:35.934463+00:00,2026-09-05T09:00,2026-09-05T08:00:00+00:00,,
London,2026-08-21T17:02:35.934463+00:00,2026-09-05T10:00,2026-09-05T09:00:00+00:00,,
London,2026-08-21T17:02:35.934463+00:00,2026-09-05T11:00,2026-09-05T10:00:00+00:00,,
London,2026-08-21T17:02:35.934463+00:00,2026-09-05T12:00,2026-09-05T11:00:00+00:00,,
London,2026-08-21T17:02:35.934463+00:00,2026-09-05T13:00,2026-09-05T12:00:00+00:00,,
London,2026-08-21T17:02:35.934463+00:00,2026-09-05T14:00,2026-09-05T13:00:00+00:00,,
London,2026-08-21T17:02:35.934463+00:00,2026-09-05T15:00,2026-09-05T14:00:00+00:00,,
London,2026-08-21T17:02:35.934463+00:00,2026-09-05T16:00,2026-09-05T15:00:00+00:00,,
London,2026-08-21T17:02:35.934463+00:00,2026-09-05T17:00,2026-09-05T16:00:00+00:00,,
London,2026-08-21T17:02:35.934463+00:00,2026-09-05T18:00,2026-09-05T17:00:00+00:00,,
London,2026-08-21T17:02:35.934463+00:00,2026-09-05T19:00,2026-09-05T18:00:00+00:00,,
London,2026-08-21T17:02:35.934463+00:00,2026-09-05T20:00,2026-09-05T19:00:00+00:00,,
London,2026-08-21T17:02:35.934463+00:00,2026-09-05T21:00,2026-09-05T20:00:00+00:00,,
London,2026-08-21T17:02:35.934463+00:00,2026-09-05T22:00,2026-09-05T21:00:00+00:00,,
London,2026-08-21T17:02:35.934463+00:00,2026-09-05T23:00,2026-09-05T22:00:00+00:00,,
London,2026-08-21T17:55:09.874325+00:00,2026-08-21T00:00,2026-08-20T23:00:00+00:00,16.1,12.0
London,2026-08-21T17:55:09.874325+00:00,2026-08-21T01:00,2026-08-21T00:00:00+00:00,15.8,0.0
London,2026-08-21T17:55:09.874325+00:00,2026-08-21T02:00,2026-08-21T01:00:00+00:00,15.5,3.0
London,2026-08-21T17:55:09.874325+00:00,2026-08-21T03:00,2026-08-21T02:00:00+00:00,15.4,13.0
London,2026-08-21T17:55:09.874325+00:00,2026-08-21T04:00,2026-08-21T03:00:00+00:00,15.4,20.0
London,2026-08-21T17:55:09.874325+00:00,2026-08-21T05:00,2026-08-21T04:00:00+00:00,15.0,18.0
London,2026-08-21T17:55:09.874325+00:00,2026-08-21T06:00,2026-08-21T05:00:00+00:00,14.7,13.0
London,2026-08-21T17:55:09.874325+00:00,2026-08-21T07:00,2026-08-21T06:00:00+00:00,14.6,8.0
London,2026-08-21T17:55:09.874325+00:00,2026-08-21T08:00,2026-08-21T07:00:00+00:00,15.1,5.0
London,2026-08-21T17:55:09.874325+00:00,2026-08-21T09:00,2026-08-21T08:00:00+00:00,16.2,3.0
London,2026-08-21T17:55:09.874325+00:00,2026-08-21T10:00,2026-08-21T09:00:00+00:00,17.2,2.0
London,2026-08-21T17:55:09.874325+00:00,2026-08-21T11:00,2026-08-21T10:00:00+00:00,18.1,1.0
London,2026-08-21T17:55:09.874325+00:00,2026-08-21T12:00,2026-08-21T11:00:00+00:00,19.2,0.0
London,2026-08-21T17:55:09.874325+00:00,2026-08-21T13:00,2026-08-21T12:00:00+00:00,20.0,0.0
London,2026-08-21T17:55:09.874325+00:00,2026-08-21T14:00,2026-08-21T13:00:00+00:00,20.9,0.0
London,2026-08-21T17:55:09.874325+00:00,2026-08-21T15:00,2026-08-21T14:00:00+00:00,21.2,0.0
London,2026-08-21T17:55:09.874325+00:00,2026-08-21T16:00,2026-08-21T15:00:00+00:00,21.5,0.0
London,2026-08-21T17:55:09.874325+00:00,2026-08-21T17:00,2026-08-21T16:00:00+00:00,21.2,1.0
London,2026-08-21T17:55:09.874325+00:00,2026-08-21T18:00,2026-08-21T17:00:00+00:00,20.7,3.0
London,2026-08-21T17:55:09.874325+00:00,2026-08-21T19:00,2026-08-21T18:00:00+00:00,18.7,4.0
London,2026-08-21T17:55:09.874325+00:00,2026-08-21T20:00,2026-08-21T19:00:00+00:00,17.9,4.0
London,2026-08-21T17:55:09.874325+00:00,2026-08-21T21:00,2026-08-21T20:00:00+00:00,16.8,2.0
London,2026-08-21T17:55:09.874325+00:00,2026-08-21T22:00,2026-08-21T21:00:00+00:00,16.1,2.0
London,2026-08-21T17:55:09.874325+00:00,2026-08-21T23:00,2026-08-21T22:00:00+00:00,15.9,3.0
London,2026-08-21T17:55:09.874325+00:00,2026-08-22T00:00,2026-08-21T23:00:00+00:00,15.6,5.0
London,2026-08-21T17:55:09.874325+00:00,2026-08-22T01:00,2026-08-22T00:00:00+00:00,15.1,6.0
London,2026-08-21T17:55:09.874325+00:00,2026-08-22T02:00,2026-08-22T01:00:00+00:00,14.7,5.0
London,2026-08-21T17:55:09.874325+00:00,2026-08-22T03:00,2026-08-22T02:00:00+00:00,14.1,2.0
London,2026-08-21T17:55:09.874325+00:00,2026-08-22T04:00,2026-08-22T03:00:00+00:00,13.8,0.0
London,2026-08-21T17:55:09.874325+00:00,2026-08-22T05:00,2026-08-22T04:00:00+00:00,13.6,0.0
London,2026-08-21T17:55:09.874325+00:00,2026-08-22T06:00,2026-08-22T05:00:00+00:00,13.4,0.0
London,2026-08-21T17:55:09.874325+00:00,2026-08-22T07:00,2026-08-22T06:00:00+00:00,13.3,0.0
London,2026-08-21T17:55:09.874325+00:00,2026-08-22T08:00,2026-08-22T07:00:00+00:00,13.9,0.0
London,2026-08-21T17:55:09.874325+00:00,2026-08-22T09:00,2026-08-22T08:00:00+00:00,15.2,0.0
London,2026-08-21T17:55:09.874325+00:00,2026-08-22T10:00,2026-08-22T09:00:00+00:00,16.8,0.0
London,2026-08-21T17:55:09.874325+00:00,2026-08-22T11:00,2026-08-22T10:00:00+00:00,17.9,0.0
London,2026-08-21T17:55:09.874325+00:00,2026-08-22T12:00,2026-08-22T11:00:00+00:00,19.1,0.0
London,2026-08-21T17:55:09.874325+00:00,2026-08-22T13:00,2026-08-22T12:00:00+00:00,19.8,0.0
London,2026-08-21T17:55:09.874325+00:00,2026-08-22T14:00,2026-08-22T13:00:00+00:00,20.5,0.0
London,2026-08-21T17:55:09.874325+00:00,2026-08-22T15:00,2026-08-22T14:00:00+00:00,20.8,0.0
London,2026-08-21T17:55:09.874325+00:00,2026-08-22T16:00,2026-08-22T15:00:00+00:00,21.2,0.0
London,2026-08-21T17:55:09.874325+00:00,2026-08-22T17:00,2026-08-22T16:00:00+00:00,21.2,0.0
London,2026-08-21T17:55:09.874325+00:00,2026-08-22T18:00,2026-08-22T17:00:00+00:00,21.0,0.0
London,2026-08-21T17:55:09.874325+00:00,2026-08-22T19:00,2026-08-22T18:00:00+00:00,20.6,0.0
London,2026-08-21T17:55:09.874325+00:00,2026-08-22T20:00,2026-08-22T19:00:00+00:00,20.1,0.0
London,2026-08-21T17:55:09.874325+00:00,2026-08-22T21:00,2026-08-22T20:00:00+00:00,19.4,0.0
London,2026-08-21T17:55:09.874325+00:00,2026-08-22T22:00,2026-08-22T21:00:00+00:00,18.8,0.0
London,2026-08-21T17:55:09.874325+00:00,2026-08-22T23:00,2026-08-22T22:00:00+00:00,18.0,0.0
London,2026-08-21T17:55:09.874325+00:00,2026-08-23T00:00,2026-08-22T23:00:00+00:00,17.4,0.0
London,2026-08-21T17:55:09.874325+00:00,2026-08-23T01:00,2026-08-23T00:00:00+00:00,16.8,0.0
London,2026-08-21T17:55:09.874325+00:00,2026-08-23T02:00,2026-08-23T01:00:00+00:00,16.6,0.0
London,2026-08-21T17:55:09.874325+00:00,2026-08-23T03:00,2026-08-23T02:00:00+00:00,16.2,0.0
London,2026-08-21T17:55:09.874325+00:00,2026-08-23T04:00,2026-08-23T03:00:00+00:00,16.1,0.0
London,2026-08-21T17:55:09.874325+00:00,2026-08-23T05:00,2026-08-23T04:00:00+00:00,15.8,0.0
London,2026-08-21T17:55:09.874325+00:00,2026-08-23T06:00,2026-08-23T05:00:00+00:00,15.5,0.0
London,2026-08-21T17:55:09.874325+00:00,2026-08-23T07:00,2026-08-23T06:00:00+00:00,15.8,0.0
London,2026-08-21T17:55:09.874325+00:00,2026-08-23T08:00,2026-08-23T07:00:00+00:00,16.2,0.0
London,2026-08-21T17:55:09.874325+00:00,2026-08-23T09:00,2026-08-23T08:00:00+00:00,16.8,0.0
London,2026-08-21T17:55:09.874325+00:00,2026-08-23T10:00,2026-08-23T09:00:00+00:00,17.9,0.0
London,2026-08-21T17:55:09.874325+00:00,2026-08-23T11:00,2026-08-23T10:00:00+00:00,19.4,0.0
London,2026-08-21T17:55:09.874325+00:00,2026-08-23T12:00,2026-08-23T11:00:00+00:00,20.2,0.0
London,2026-08-21T17:55:09.874325+00:00,2026-08-23T13:00,2026-08-23T12:00:00+00:00,21.1,0.0
London,2026-08-21T17:55:09.874325+00:00,2026-08-23T14:00,2026-08-23T13:00:00+00:00,21.8,0.0
London,2026-08-21T17:55:09.874325+00:00,2026-08-23T15:00,2026-08-23T14:00:00+00:00,22.3,0.0
London,2026-08-21T17:55:09.874325+00:00,2026-08-23T16:00,2026-08-23T15:00:00+00:00,23.0,0.0
London,2026-08-21T17:55:09.874325+00:00,2026-08-23T17:00,2026-08-23T16:00:00+00:00,22.9,0.0
London,2026-08-21T17:55:09.874325+00:00,2026-08-23T18:00,2026-08-23T17:00:00+00:00,22.6,0.0
London,2026-08-21T17:55:09.874325+00:00,2026-08-23T19:00,2026-08-23T18:00:00+00:00,22.4,0.0
London,2026-08-21T17:55:09.874325+00:00,2026-08-23T20:00,2026-08-23T19:00:00+00:00,21.7,0.0
London,2026-08-21T17:55:09.874325+00:00,2026-08-23T21:00,2026-08-23T20:00:00+00:00,20.8,0.0
London,2026-08-21T17:55:09.874325+00:00,2026-08-23T22:00,2026-08-23T21:00:00+00:00,19.9,0.0
London,2026-08-21T17:55:09.874325+00:00,2026-08-23T23:00,2026-08-23T22:00:00+00:00,19.2,0.0
London,2026-08-21T17:55:09.874325+00:00,2026-08-24T00:00,2026-08-23T23:00:00+00:00,18.5,0.0
London,2026-08-21T17:55:09.874325+00:00,2026-08-24T01:00,2026-08-24T00:00:00+00:00,17.9,0.0
London,2026-08-21T17:55:09.874325+00:00,2026-08-24T02:00,2026-08-24T01:00:00+00:00,17.5,0.0
London,2026-08-21T17:55:09.874325+00:00,2026-08-24T03:00,2026-08-24T02:00:00+00:00,17.1,0.0
London,2026-08-21T17:55:09.874325+00:00,2026-08-24T04:00,2026-08-24T03:00:00+00:00,16.8,0.0
London,2026-08-21T17:55:09.874325+00:00,2026-08-24T05:00,2026-08-24T04:00:00+00:00,16.3,0.0
London,2026-08-21T17:55:09.874325+00:00,2026-08-24T06:00,2026-08-24T05:00:00+00:00,15.8,0.0
London,2026-08-21T17:55:09.874325+00:00,2026-08-24T07:00,2026-08-24T06:00:00+00:00,15.7,0.0
London,2026-08-21T17:55:09.874325+00:00,2026-08-24T08:00,2026-08-24T07:00:00+00:00,16.4,0.0
London,2026-08-21T17:55:09.874325+00:00,2026-08-24T09:00,2026-08-24T08:00:00+00:00,17.5,1.0
London,2026-08-21T17:55:09.874325+00:00,2026-08-24T10:00,2026-08-24T09:00:00+00:00,18.5,2.0
London,2026-08-21T17:55:09.874325+00:00,2026-08-24T11:00,2026-08-24T10:00:00+00:00,19.2,4.0
London,2026-08-21T17:55:09.874325+00:00,2026-08-24T12:00,2026-08-24T11:00:00+00:00,19.8,5.0
London,2026-08-21T17:55:09.874325+00:00,2026-08-24T13:00,2026-08-24T12:00:00+00:00,20.3,6.0
London,2026-08-21T17:55:09.874325+00:00,2026-08-24T14:00,2026-08-24T13:00:00+00:00,20.6,4.0
London,2026-08-21T17:55:09.874325+00:00,2026-08-24T15:00,2026-08-24T14:00:00+00:00,20.7,2.0
London,2026-08-21T17:55:09.874325+00:00,2026-08-24T16:00,2026-08-24T15:00:00+00:00,20.7,0.0
London,2026-08-21T17:55:09.874325+00:00,2026-08-24T17:00,2026-08-24T16:00:00+00:00,20.5,0.0
London,2026-08-21T17:55:09.874325+00:00,2026-08-24T18:00,2026-08-24T17:00:00+00:00,20.2,1.0
London,2026-08-21T17:55:09.874325+00:00,2026-08-24T19:00,2026-08-24T18:00:00+00:00,19.9,2.0
London,2026-08-21T17:55:09.874325+00:00,2026-08-24T20:00,2026-08-24T19:00:00+00:00,19.6,2.0
London,2026-08-21T17:55:09.874325+00:00,2026-08-24T21:00,2026-08-24T20:00:00+00:00,19.4,2.0
London,2026-08-21T17:55:09.874325+00:00,2026-08-24T22:00,2026-08-24T21:00:00+00:00,19.3,2.0
London,2026-08-21T17:55:09.874325+00:00,2026-08-24T23:00,2026-08-24T22:00:00+00:00,19.2,4.0
London,2026-08-21T17:55:09.874325+00:00,2026-08-25T00:00,2026-08-24T23:00:00+00:00,19.1,6.0
London,2026-08-21T17:55:09.874325+00:00,2026-08-25T01:00,2026-08-25T00:00:00+00:00,19.0,8.0
London,2026-08-21T17:55:09.874325+00:00,2026-08-25T02:00,2026-08-25T01:00:00+00:00,18.8,8.0
London,2026-08-21T17:55:09.874325+00:00,2026-08-25T03:00,2026-08-25T02:00:00+00:00,18.5,8.0
London,2026-08-21T17:55:09.874325+00:00,2026-08-25T04:00,2026-08-25T03:00:00+00:00,18.3,8.0
London,2026-08-21T17:55:09.874325+00:00,2026-08-25T05:00,2026-08-25T04:00:00+00:00,17.8,10.0
London,2026-08-21T17:55:09.874325+00:00,2026-08-25T06:00,2026-08-25T05:00:00+00:00,17.4,12.0
London,2026-08-21T17:55:09.874325+00:00,2026-08-25T07:00,2026-08-25T06:00:00+00:00,17.2,14.0
London,2026-08-21T17:55:09.874325+00:00,2026-08-25T08:00,2026-08-25T07:00:00+00:00,17.7,16.0
London,2026-08-21T17:55:09.874325+00:00,2026-08-25T09:00,2026-08-25T08:00:00+00:00,18.4,18.0
London,2026-08-21T17:55:09.874325+00:00,2026-08-25T10:00,2026-08-25T09:00:00+00:00,19.1,20.0
London,2026-08-21T17:55:09.874325+00:00,2026-08-25T11:00,2026-08-25T10:00:00+00:00,19.7,23.0
London,2026-08-21T17:55:09.874325+00:00,2026-08-25T12:00,2026-08-25T11:00:00+00:00,20.2,26.0
London,2026-08-21T17:55:09.874325+00:00,2026-08-25T13:00,2026-08-25T12:00:00+00:00,20.7,27.0
London,2026-08-21T17:55:09.874325+00:00,2026-08-25T14:00,2026-08-25T13:00:00+00:00,21.2,22.0
London,2026-08-21T17:55:09.874325+00:00,2026-08-25T15:00,2026-08-25T14:00:00+00:00,21.6,15.0
London,2026-08-21T17:55:09.874325+00:00,2026-08-25T16:00,2026-08-25T15:00:00+00:00,22.0,10.0
London,2026-08-21T17:55:09.874325+00:00,2026-08-25T17:00,2026-08-25T16:00:00+00:00,22.4,9.0
London,2026-08-21T17:55:09.874325+00:00,2026-08-25T18:00,2026-08-25T17:00:00+00:00,22.8,9.0
London,2026-08-21T17:55:09.874325+00:00,2026-08-25T19:00,2026-08-25T18:00:00+00:00,22.8,10.0
London,2026-08-21T17:55:09.874325+00:00,2026-08-25T20:00,2026-08-25T19:00:00+00:00,21.9,10.0
London,2026-08-21T17:55:09.874325+00:00,2026-08-25T21:00,2026-08-25T20:00:00+00:00,20.6,10.0
London,2026-08-21T17:55:09.874325+00:00,2026-08-25T22:00,2026-08-25T21:00:00+00:00,19.6,12.0
London,2026-08-21T17:55:09.874325+00:00,2026-08-25T23:00,2026-08-25T22:00:00+00:00,19.2,16.0
London,2026-08-21T17:55:09.874325+00:00,2026-08-26T00:00,2026-08-25T23:00:00+00:00,19.1,21.0
London,2026-08-21T17:55:09.874325+00:00,2026-08-26T01:00,2026-08-26T00:00:00+00:00,19.0,25.0
London,2026-08-21T17:55:09.874325+00:00,2026-08-26T02:00,2026-08-26T01:00:00+00:00,18.7,26.0
London,2026-08-21T17:55:09.874325+00:00,2026-08-26T03:00,2026-08-26T02:00:00+00:00,18.4,27.0
London,2026-08-21T17:55:09.874325+00:00,2026-08-26T04:00,2026-08-26T03:00:00+00:00,18.2,27.0
London,2026-08-21T17:55:09.874325+00:00,2026-08-26T05:00,2026-08-26T04:00:00+00:00,18.0,28.0
London,2026-08-21T17:55:09.874325+00:00,2026-08-26T06:00,2026-08-26T05:00:00+00:00,17.9,29.0
London,2026-08-21T17:55:09.874325+00:00,2026-08-26T07:00,2026-08-26T06:00:00+00:00,18.0,29.0
London,2026-08-21T17:55:09.874325+00:00,2026-08-26T08:00,2026-08-26T07:00:00+00:00,18.3,27.0
London,2026-08-21T17:55:09.874325+00:00,2026-08-26T09:00,2026-08-26T08:00:00+00:00,18.9,23.0
London,2026-08-21T17:55:09.874325+00:00,2026-08-26T10:00,2026-08-26T09:00:00+00:00,19.6,22.0
London,2026-08-21T17:55:09.874325+00:00,2026-08-26T11:00,2026-08-26T10:00:00+00:00,20.8,25.0
London,2026-08-21T17:55:09.874325+00:00,2026-08-26T12:00,2026-08-26T11:00:00+00:00,22.3,30.0
London,2026-08-21T17:55:09.874325+00:00,2026-08-26T13:00,2026-08-26T12:00:00+00:00,23.5,35.0
London,2026-08-21T17:55:09.874325+00:00,2026-08-26T14:00,2026-08-26T13:00:00+00:00,24.4,39.0
London,2026-08-21T17:55:09.874325+00:00,2026-08-26T15:00,2026-08-26T14:00:00+00:00,25.1,42.0
London,2026-08-21T17:55:09.874325+00:00,2026-08-26T16:00,2026-08-26T15:00:00+00:00,25.4,41.0
London,2026-08-21T17:55:09.874325+00:00,2026-08-26T17:00,2026-08-26T16:00:00+00:00,25.5,32.0
London,2026-08-21T17:55:09.874325+00:00,2026-08-26T18:00,2026-08-26T17:00:00+00:00,25.2,19.0
London,2026-08-21T17:55:09.874325+00:00,2026-08-26T19:00,2026-08-26T18:00:00+00:00,24.7,10.0
London,2026-08-21T17:55:09.874325+00:00,2026-08-26T20:00,2026-08-26T19:00:00+00:00,24.0,9.0
London,2026-08-21T17:55:09.874325+00:00,2026-08-26T21:00,2026-08-26T20:00:00+00:00,23.0,13.0
London,2026-08-21T17:55:09.874325+00:00,2026-08-26T22:00,2026-08-26T21:00:00+00:00,22.2,18.0
London,2026-08-21T17:55:09.874325+00:00,2026-08-26T23:00,2026-08-26T22:00:00+00:00,21.9,24.0
London,2026-08-21T17:55:09.874325+00:00,2026-08-27T00:00,2026-08-26T23:00:00+00:00,21.1,32.0
London,2026-08-21T17:55:09.874325+00:00,2026-08-27T01:00,2026-08-27T00:00:00+00:00,20.5,39.0
London,2026-08-21T17:55:09.874325+00:00,2026-08-27T02:00,2026-08-27T01:00:00+00:00,20.0,44.0
London,2026-08-21T17:55:09.874325+00:00,2026-08-27T03:00,2026-08-27T02:00:00+00:00,19.6,48.0
London,2026-08-21T17:55:09.874325+00:00,2026-08-27T04:00,2026-08-27T03:00:00+00:00,19.2,51.0
London,2026-08-21T17:55:09.874325+00:00,2026-08-27T05:00,2026-08-27T04:00:00+00:00,18.9,51.0
London,2026-08-21T17:55:09.874325+00:00,2026-08-27T06:00,2026-08-27T05:00:00+00:00,18.8,49.0
London,2026-08-21T17:55:09.874325+00:00,2026-08-27T07:00,2026-08-27T06:00:00+00:00,18.9,49.0
London,2026-08-21T17:55:09.874325+00:00,2026-08-27T08:00,2026-08-27T07:00:00+00:00,19.2,55.0
London,2026-08-21T17:55:09.874325+00:00,2026-08-27T09:00,2026-08-27T08:00:00+00:00,19.8,63.0
London,2026-08-21T17:55:09.874325+00:00,2026-08-27T10:00,2026-08-27T09:00:00+00:00,20.5,69.0
London,2026-08-21T17:55:09.874325+00:00,2026-08-27T11:00,2026-08-27T10:00:00+00:00,21.2,71.0
London,2026-08-21T17:55:09.874325+00:00,2026-08-27T12:00,2026-08-27T11:00:00+00:00,21.9,71.0
London,2026-08-21T17:55:09.874325+00:00,2026-08-27T13:00,2026-08-27T12:00:00+00:00,22.4,71.0
London,2026-08-21T17:55:09.874325+00:00,2026-08-27T14:00,2026-08-27T13:00:00+00:00,22.8,72.0
London,2026-08-21T17:55:09.874325+00:00,2026-08-27T15:00,2026-08-27T14:00:00+00:00,23.1,73.0
London,2026-08-21T17:55:09.874325+00:00,2026-08-27T16:00,2026-08-27T15:00:00+00:00,23.4,74.0
London,2026-08-21T17:55:09.874325+00:00,2026-08-27T17:00,2026-08-27T16:00:00+00:00,23.5,74.0
London,2026-08-21T17:55:09.874325+00:00,2026-08-27T18:00,2026-08-27T17:00:00+00:00,23.6,74.0
London,2026-08-21T17:55:09.874325+00:00,2026-08-27T19:00,2026-08-27T18:00:00+00:00,23.4,71.0
London,2026-08-21T17:55:09.874325+00:00,2026-08-27T20:00,2026-08-27T19:00:00+00:00,23.1,65.0
London,2026-08-21T17:55:09.874325+00:00,2026-08-27T21:00,2026-08-27T20:00:00+00:00,22.4,56.0
London,2026-08-21T17:55:09.874325+00:00,2026-08-27T22:00,2026-08-27T21:00:00+00:00,21.7,48.0
London,2026-08-21T17:55:09.874325+00:00,2026-08-27T23:00,2026-08-27T22:00:00+00:00,19.8,40.0
London,2026-08-21T17:55:09.874325+00:00,2026-08-28T00:00,2026-08-27T23:00:00+00:00,18.0,31.0
London,2026-08-21T17:55:09.874325+00:00,2026-08-28T01:00,2026-08-28T00:00:00+00:00,16.3,25.0
London,2026-08-21T17:55:09.874325+00:00,2026-08-28T02:00,2026-08-28T01:00:00+00:00,14.6,22.0
London,2026-08-21T17:55:09.874325+00:00,2026-08-28T03:00,2026-08-28T02:00:00+00:00,14.2,22.0
London,2026-08-21T17:55:09.874325+00:00,2026-08-28T04:00,2026-08-28T03:00:00+00:00,13.8,22.0
London,2026-08-21T17:55:09.874325+00:00,2026-08-28T05:00,2026-08-28T04:00:00+00:00,13.6,23.0
London,2026-08-21T17:55:09.874325+00:00,2026-08-28T06:00,2026-08-28T05:00:00+00:00,13.6,25.0
London,2026-08-21T17:55:09.874325+00:00,2026-08-28T07:00,2026-08-28T06:00:00+00:00,13.8,27.0
London,2026-08-21T17:55:09.874325+00:00,2026-08-28T08:00,2026-08-28T07:00:00+00:00,14.5,30.0
London,2026-08-21T17:55:09.874325+00:00,2026-08-28T09:00,2026-08-28T08:00:00+00:00,15.6,34.0
London,2026-08-21T17:55:09.874325+00:00,2026-08-28T10:00,2026-08-28T09:00:00+00:00,16.9,38.0
London,2026-08-21T17:55:09.874325+00:00,2026-08-28T11:00,2026-08-28T10:00:00+00:00,18.2,42.0
London,2026-08-21T17:55:09.874325+00:00,2026-08-28T12:00,2026-08-28T11:00:00+00:00,19.3,46.0
London,2026-08-21T17:55:09.874325+00:00,2026-08-28T13:00,2026-08-28T12:00:00+00:00,19.9,51.0
London,2026-08-21T17:55:09.874325+00:00,2026-08-28T14:00,2026-08-28T13:00:00+00:00,19.9,56.0
London,2026-08-21T17:55:09.874325+00:00,2026-08-28T15:00,2026-08-28T14:00:00+00:00,19.6,62.0
London,2026-08-21T17:55:09.874325+00:00,2026-08-28T16:00,2026-08-28T15:00:00+00:00,19.0,66.0
London,2026-08-21T17:55:09.874325+00:00,2026-08-28T17:00,2026-08-28T16:00:00+00:00,18.3,70.0
London,2026-08-21T17:55:09.874325+00:00,2026-08-28T18:00,2026-08-28T17:00:00+00:00,17.6,72.0
London,2026-08-21T17:55:09.874325+00:00,2026-08-28T19:00,2026-08-28T18:00:00+00:00,17.1,71.0
London,2026-08-21T17:55:09.874325+00:00,2026-08-28T20:00,2026-08-28T19:00:00+00:00,16.8,64.0
London,2026-08-21T17:55:09.874325+00:00,2026-08-28T21:00,2026-08-28T20:00:00+00:00,16.6,54.0
London,2026-08-21T17:55:09.874325+00:00,2026-08-28T22:00,2026-08-28T21:00:00+00:00,16.4,43.0
London,2026-08-21T17:55:09.874325+00:00,2026-08-28T23:00,2026-08-28T22:00:00+00:00,16.2,32.0
London,2026-08-21T17:55:09.874325+00:00,2026-08-29T00:00,2026-08-28T23:00:00+00:00,16.0,21.0
London,2026-08-21T17:55:09.874325+00:00,2026-08-29T01:00,2026-08-29T00:00:00+00:00,15.9,14.0
London,2026-08-21T17:55:09.874325+00:00,2026-08-29T02:00,2026-08-29T01:00:00+00:00,15.7,12.0
London,2026-08-21T17:55:09.874325+00:00,2026-08-29T03:00,2026-08-29T02:00:00+00:00,15.4,14.0
London,2026-08-21T17:55:09.874325+00:00,2026-08-29T04:00,2026-08-29T03:00:00+00:00,15.1,17.0
London,2026-08-21T17:55:09.874325+00:00,2026-08-29T05:00,2026-08-29T04:00:00+00:00,15.0,20.0
London,2026-08-21T17:55:09.874325+00:00,2026-08-29T06:00,2026-08-29T05:00:00+00:00,15.0,24.0
London,2026-08-21T17:55:09.874325+00:00,2026-08-29T07:00,2026-08-29T06:00:00+00:00,15.3,27.0
London,2026-08-21T17:55:09.874325+00:00,2026-08-29T08:00,2026-08-29T07:00:00+00:00,16.0,28.0
London,2026-08-21T17:55:09.874325+00:00,2026-08-29T09:00,2026-08-29T08:00:00+00:00,17.1,28.0
London,2026-08-21T17:55:09.874325+00:00,2026-08-29T10:00,2026-08-29T09:00:00+00:00,18.4,29.0
London,2026-08-21T17:55:09.874325+00:00,2026-08-29T11:00,2026-08-29T10:00:00+00:00,19.7,30.0
London,2026-08-21T17:55:09.874325+00:00,2026-08-29T12:00,2026-08-29T11:00:00+00:00,20.7,31.0
London,2026-08-21T17:55:09.874325+00:00,2026-08-29T13:00,2026-08-29T12:00:00+00:00,21.3,33.0
London,2026-08-21T17:55:09.874325+00:00,2026-08-29T14:00,2026-08-29T13:00:00+00:00,21.5,37.0
London,2026-08-21T17:55:09.874325+00:00,2026-08-29T15:00,2026-08-29T14:00:00+00:00,21.3,42.0
London,2026-08-21T17:55:09.874325+00:00,2026-08-29T16:00,2026-08-29T15:00:00+00:00,20.9,47.0
London,2026-08-21T17:55:09.874325+00:00,2026-08-29T17:00,2026-08-29T16:00:00+00:00,20.4,51.0
London,2026-08-21T17:55:09.874325+00:00,2026-08-29T18:00,2026-08-29T17:00:00+00:00,19.8,55.0
London,2026-08-21T17:55:09.874325+00:00,2026-08-29T19:00,2026-08-29T18:00:00+00:00,19.3,55.0
London,2026-08-21T17:55:09.874325+00:00,2026-08-29T20:00,2026-08-29T19:00:00+00:00,18.7,50.0
London,2026-08-21T17:55:09.874325+00:00,2026-08-29T21:00,2026-08-29T20:00:00+00:00,18.0,42.0
London,2026-08-21T17:55:09.874325+00:00,2026-08-29T22:00,2026-08-29T21:00:00+00:00,17.2,33.0
London,2026-08-21T17:55:09.874325+00:00,2026-08-29T23:00,2026-08-29T22:00:00+00:00,16.5,24.0
London,2026-08-21T17:55:09.874325+00:00,2026-08-30T00:00,2026-08-29T23:00:00+00:00,15.8,16.0
London,2026-08-21T17:55:09.874325+00:00,2026-08-30T01:00,2026-08-30T00:00:00+00:00,15.2,10.0
London,2026-08-21T17:55:09.874325+00:00,2026-08-30T02:00,2026-08-30T01:00:00+00:00,14.6,9.0
London,2026-08-21T17:55:09.874325+00:00,2026-08-30T03:00,2026-08-30T02:00:00+00:00,14.0,10.0
London,2026-08-21T17:55:09.874325+00:00,2026-08-30T04:00,2026-08-30T03:00:00+00:00,13.5,12.0
London,2026-08-21T17:55:09.874325+00:00,2026-08-30T05:00,2026-08-30T04:00:00+00:00,13.1,14.0
London,2026-08-21T17:55:09.874325+00:00,2026-08-30T06:00,2026-08-30T05:00:00+00:00,13.0,17.0
London,2026-08-21T17:55:09.874325+00:00,2026-08-30T07:00,2026-08-30T06:00:00+00:00,13.2,20.0
London,2026-08-21T17:55:09.874325+00:00,2026-08-30T08:00,2026-08-30T07:00:00+00:00,14.0,21.0
London,2026-08-21T17:55:09.874325+00:00,2026-08-30T09:00,2026-08-30T08:00:00+00:00,15.3,22.0
London,2026-08-21T17:55:09.874325+00:00,2026-08-30T10:00,2026-08-30T09:00:00+00:00,16.9,23.0
London,2026-08-21T17:55:09.874325+00:00,2026-08-30T11:00,2026-08-30T10:00:00+00:00,18.5,24.0
London,2026-08-21T17:55:09.874325+00:00,2026-08-30T12:00,2026-08-30T11:00:00+00:00,19.8,25.0
London,2026-08-21T17:55:09.874325+00:00,2026-08-30T13:00,2026-08-30T12:00:00+00:00,20.5,27.0
London,2026-08-21T17:55:09.874325+00:00,2026-08-30T14:00,2026-08-30T13:00:00+00:00,20.7,31.0
London,2026-08-21T17:55:09.874325+00:00,2026-08-30T15:00,2026-08-30T14:00:00+00:00,20.5,35.0
London,2026-08-21T17:55:09.874325+00:00,2026-08-30T16:00,2026-08-30T15:00:00+00:00,20.0,39.0
London,2026-08-21T17:55:09.874325+00:00,2026-08-30T17:00,2026-08-30T16:00:00+00:00,19.3,43.0
London,2026-08-21T17:55:09.874325+00:00,2026-08-30T18:00,2026-08-30T17:00:00+00:00,18.7,46.0
London,2026-08-21T17:55:09.874325+00:00,2026-08-30T19:00,2026-08-30T18:00:00+00:00,18.1,47.0
London,2026-08-21T17:55:09.874325+00:00,2026-08-30T20:00,2026-08-30T19:00:00+00:00,17.6,45.0
London,2026-08-21T17:55:09.874325+00:00,2026-08-30T21:00,2026-08-30T20:00:00+00:00,17.1,41.0
London,2026-08-21T17:55:09.874325+00:00,2026-08-30T22:00,2026-08-30T21:00:00+00:00,16.5,36.0
London,2026-08-21T17:55:09.874325+00:00,2026-08-30T23:00,2026-08-30T22:00:00+00:00,15.9,31.0
London,2026-08-21T17:55:09.874325+00:00,2026-08-31T00:00,2026-08-30T23:00:00+00:00,15.5,26.0
London,2026-08-21T17:55:09.874325+00:00,2026-08-31T01:00,2026-08-31T00:00:00+00:00,15.2,22.0
London,2026-08-21T17:55:09.874325+00:00,2026-08-31T02:00,2026-08-31T01:00:00+00:00,15.0,20.0
London,2026-08-21T17:55:09.874325+00:00,2026-08-31T03:00,2026-08-31T02:00:00+00:00,14.8,18.0
London,2026-08-21T17:55:09.874325+00:00,2026-08-31T04:00,2026-08-31T03:00:00+00:00,14.8,17.0
London,2026-08-21T17:55:09.874325+00:00,2026-08-31T05:00,2026-08-31T04:00:00+00:00,14.8,16.0
London,2026-08-21T17:55:09.874325+00:00,2026-08-31T06:00,2026-08-31T05:00:00+00:00,15.1,16.0
London,2026-08-21T17:55:09.874325+00:00,2026-08-31T07:00,2026-08-31T06:00:00+00:00,15.4,16.0
London,2026-08-21T17:55:09.874325+00:00,2026-08-31T08:00,2026-08-31T07:00:00+00:00,16.1,16.0
London,2026-08-21T17:55:09.874325+00:00,2026-08-31T09:00,2026-08-31T08:00:00+00:00,17.1,16.0
London,2026-08-21T17:55:09.874325+00:00,2026-08-31T10:00,2026-08-31T09:00:00+00:00,18.2,16.0
London,2026-08-21T17:55:09.874325+00:00,2026-08-31T11:00,2026-08-31T10:00:00+00:00,19.3,17.0
London,2026-08-21T17:55:09.874325+00:00,2026-08-31T12:00,2026-08-31T11:00:00+00:00,20.2,18.0
London,2026-08-21T17:55:09.874325+00:00,2026-08-31T13:00,2026-08-31T12:00:00+00:00,20.7,20.0
London,2026-08-21T17:55:09.874325+00:00,2026-08-31T14:00,2026-08-31T13:00:00+00:00,20.9,24.0
London,2026-08-21T17:55:09.874325+00:00,2026-08-31T15:00,2026-08-31T14:00:00+00:00,20.7,29.0
London,2026-08-21T17:55:09.874325+00:00,2026-08-31T16:00,2026-08-31T15:00:00+00:00,20.4,34.0
London,2026-08-21T17:55:09.874325+00:00,2026-08-31T17:00,2026-08-31T16:00:00+00:00,19.9,38.0
London,2026-08-21T17:55:09.874325+00:00,2026-08-31T18:00,2026-08-31T17:00:00+00:00,19.4,42.0
London,2026-08-21T17:55:09.874325+00:00,2026-08-31T19:00,2026-08-31T18:00:00+00:00,18.8,43.0
London,2026-08-21T17:55:09.874325+00:00,2026-08-31T20:00,2026-08-31T19:00:00+00:00,18.2,39.0
London,2026-08-21T17:55:09.874325+00:00,2026-08-31T21:00,2026-08-31T20:00:00+00:00,17.5,33.0
London,2026-08-21T17:55:09.874325+00:00,2026-08-31T22:00,2026-08-31T21:00:00+00:00,16.7,26.0
London,2026-08-21T17:55:09.874325+00:00,2026-08-31T23:00,2026-08-31T22:00:00+00:00,15.9,19.0
London,2026-08-21T17:55:09.874325+00:00,2026-09-01T00:00,2026-08-31T23:00:00+00:00,15.2,11.0
London,2026-08-21T17:55:09.874325+00:00,2026-09-01T01:00,2026-09-01T00:00:00+00:00,14.7,6.0
London,2026-08-21T17:55:09.874325+00:00,2026-09-01T02:00,2026-09-01T01:00:00+00:00,14.2,4.0
London,2026-08-21T17:55:09.874325+00:00,2026-09-01T03:00,2026-09-01T02:00:00+00:00,13.7,4.0
London,2026-08-21T17:55:09.874325+00:00,2026-09-01T04:00,2026-09-01T03:00:00+00:00,13.2,5.0
London,2026-08-21T17:55:09.874325+00:00,2026-09-01T05:00,2026-09-01T04:00:00+00:00,13.0,6.0
London,2026-08-21T17:55:09.874325+00:00,2026-09-01T06:00,2026-09-01T05:00:00+00:00,12.9,8.0
London,2026-08-21T17:55:09.874325+00:00,2026-09-01T07:00,2026-09-01T06:00:00+00:00,13.3,10.0
London,2026-08-21T17:55:09.874325+00:00,2026-09-01T08:00,2026-09-01T07:00:00+00:00,14.1,13.0
London,2026-08-21T17:55:09.874325+00:00,2026-09-01T09:00,2026-09-01T08:00:00+00:00,15.5,16.0
London,2026-08-21T17:55:09.874325+00:00,2026-09-01T10:00,2026-09-01T09:00:00+00:00,17.1,19.0
London,2026-08-21T17:55:09.874325+00:00,2026-09-01T11:00,2026-09-01T10:00:00+00:00,18.8,22.0
London,2026-08-21T17:55:09.874325+00:00,2026-09-01T12:00,2026-09-01T11:00:00+00:00,20.2,25.0
London,2026-08-21T17:55:09.874325+00:00,2026-09-01T13:00,2026-09-01T12:00:00+00:00,21.1,29.0
London,2026-08-21T17:55:09.874325+00:00,2026-09-01T14:00,2026-09-01T13:00:00+00:00,21.5,34.0
London,2026-08-21T17:55:09.874325+00:00,2026-09-01T15:00,2026-09-01T14:00:00+00:00,21.7,39.0
London,2026-08-21T17:55:09.874325+00:00,2026-09-01T16:00,2026-09-01T15:00:00+00:00,21.6,43.0
London,2026-08-21T17:55:09.874325+00:00,2026-09-01T17:00,2026-09-01T16:00:00+00:00,21.3,46.0
London,2026-08-21T17:55:09.874325+00:00,2026-09-01T18:00,2026-09-01T17:00:00+00:00,20.9,49.0
London,2026-08-21T17:55:09.874325+00:00,2026-09-01T19:00,2026-09-01T18:00:00+00:00,20.4,49.0
London,2026-08-21T17:55:09.874325+00:00,2026-09-01T20:00,2026-09-01T19:00:00+00:00,19.8,45.0
London,2026-08-21T17:55:09.874325+00:00,2026-09-01T21:00,2026-09-01T20:00:00+00:00,18.9,38.0
London,2026-08-21T17:55:09.874325+00:00,2026-09-01T22:00,2026-09-01T21:00:00+00:00,17.9,31.0
London,2026-08-21T17:55:09.874325+00:00,2026-09-01T23:00,2026-09-01T22:00:00+00:00,16.8,24.0
London,2026-08-21T17:55:09.874325+00:00,2026-09-02T00:00,2026-09-01T23:00:00+00:00,15.9,16.0
London,2026-08-21T17:55:09.874325+00:00,2026-09-02T01:00,2026-09-02T00:00:00+00:00,15.1,10.0
London,2026-08-21T17:55:09.874325+00:00,2026-09-02T02:00,2026-09-02T01:00:00+00:00,14.4,7.0
London,2026-08-21T17:55:09.874325+00:00,2026-09-02T03:00,2026-09-02T02:00:00+00:00,13.6,7.0
London,2026-08-21T17:55:09.874325+00:00,2026-09-02T04:00,2026-09-02T03:00:00+00:00,12.9,7.0
London,2026-08-21T17:55:09.874325+00:00,2026-09-02T05:00,2026-09-02T04:00:00+00:00,12.4,7.0
London,2026-08-21T17:55:09.874325+00:00,2026-09-02T06:00,2026-09-02T05:00:00+00:00,12.2,9.0
London,2026-08-21T17:55:09.874325+00:00,2026-09-02T07:00,2026-09-02T06:00:00+00:00,12.5,10.0
London,2026-08-21T17:55:09.874325+00:00,2026-09-02T08:00,2026-09-02T07:00:00+00:00,13.3,12.0
London,2026-08-21T17:55:09.874325+00:00,2026-09-02T09:00,2026-09-02T08:00:00+00:00,14.7,14.0
London,2026-08-21T17:55:09.874325+00:00,2026-09-02T10:00,2026-09-02T09:00:00+00:00,16.5,16.0
London,2026-08-21T17:55:09.874325+00:00,2026-09-02T11:00,2026-09-02T10:00:00+00:00,18.2,18.0
London,2026-08-21T17:55:09.874325+00:00,2026-09-02T12:00,2026-09-02T11:00:00+00:00,19.7,20.0
London,2026-08-21T17:55:09.874325+00:00,2026-09-02T13:00,2026-09-02T12:00:00+00:00,20.8,22.0
London,2026-08-21T17:55:09.874325+00:00,2026-09-02T14:00,2026-09-02T13:00:00+00:00,21.3,23.0
London,2026-08-21T17:55:09.874325+00:00,2026-09-02T15:00,2026-09-02T14:00:00+00:00,21.7,24.0
London,2026-08-21T17:55:09.874325+00:00,2026-09-02T16:00,2026-09-02T15:00:00+00:00,21.8,25.0
London,2026-08-21T17:55:09.874325+00:00,2026-09-02T17:00,2026-09-02T16:00:00+00:00,21.7,25.0
London,2026-08-21T17:55:09.874325+00:00,2026-09-02T18:00,2026-09-02T17:00:00+00:00,21.4,26.0
London,2026-08-21T17:55:09.874325+00:00,2026-09-02T19:00,2026-09-02T18:00:00+00:00,20.9,25.0
London,2026-08-21T17:55:09.874325+00:00,2026-09-02T20:00,2026-09-02T19:00:00+00:00,20.1,23.0
London,2026-08-21T17:55:09.874325+00:00,2026-09-02T21:00,2026-09-02T20:00:00+00:00,19.0,21.0
London,2026-08-21T17:55:09.874325+00:00,2026-09-02T22:00,2026-09-02T21:00:00+00:00,17.6,18.0
London,2026-08-21T17:55:09.874325+00:00,2026-09-02T23:00,2026-09-02T22:00:00+00:00,16.3,15.0
London,2026-08-21T17:55:09.874325+00:00,2026-09-03T00:00,2026-09-02T23:00:00+00:00,15.1,12.0
London,2026-08-21T17:55:09.874325+00:00,2026-09-03T01:00,2026-09-03T00:00:00+00:00,14.4,10.0
London,2026-08-21T17:55:09.874325+00:00,2026-09-03T02:00,2026-09-03T01:00:00+00:00,14.1,8.0
London,2026-08-21T17:55:09.874325+00:00,2026-09-03T03:00,2026-09-03T02:00:00+00:00,14.0,7.0
London,2026-08-21T17:55:09.874325+00:00,2026-09-03T04:00,2026-09-03T03:00:00+00:00,14.1,6.0
London,2026-08-21T17:55:09.874325+00:00,2026-09-03T05:00,2026-09-03T04:00:00+00:00,14.5,6.0
London,2026-08-21T17:55:09.874325+00:00,2026-09-03T06:00,2026-09-03T05:00:00+00:00,15.0,5.0
London,2026-08-21T17:55:09.874325+00:00,2026-09-03T07:00,2026-09-03T06:00:00+00:00,15.6,6.0
London,2026-08-21T17:55:09.874325+00:00,2026-09-03T08:00,2026-09-03T07:00:00+00:00,16.6,7.0
London,2026-08-21T17:55:09.874325+00:00,2026-09-03T09:00,2026-09-03T08:00:00+00:00,18.0,9.0
London,2026-08-21T17:55:09.874325+00:00,2026-09-03T10:00,2026-09-03T09:00:00+00:00,19.6,11.0
London,2026-08-21T17:55:09.874325+00:00,2026-09-03T11:00,2026-09-03T10:00:00+00:00,21.2,13.0
London,2026-08-21T17:55:09.874325+00:00,2026-09-03T12:00,2026-09-03T11:00:00+00:00,22.4,16.0
London,2026-08-21T17:55:09.874325+00:00,2026-09-03T13:00,2026-09-03T12:00:00+00:00,23.3,18.0
London,2026-08-21T17:55:09.874325+00:00,2026-09-03T14:00,2026-09-03T13:00:00+00:00,23.6,20.0
London,2026-08-21T17:55:09.874325+00:00,2026-09-03T15:00,2026-09-03T14:00:00+00:00,23.6,21.0
London,2026-08-21T17:55:09.874325+00:00,2026-09-03T16:00,2026-09-03T15:00:00+00:00,23.3,22.0
London,2026-08-21T17:55:09.874325+00:00,2026-09-03T17:00,2026-09-03T16:00:00+00:00,22.9,23.0
London,2026-08-21T17:55:09.874325+00:00,2026-09-03T18:00,2026-09-03T17:00:00+00:00,22.4,24.0
London,2026-08-21T17:55:09.874325+00:00,2026-09-03T19:00,2026-09-03T18:00:00+00:00,21.9,25.0
London,2026-08-21T17:55:09.874325+00:00,2026-09-03T20:00,2026-09-03T19:00:00+00:00,21.3,25.0
London,2026-08-21T17:55:09.874325+00:00,2026-09-03T21:00,2026-09-03T20:00:00+00:00,20.4,25.0
London,2026-08-21T17:55:09.874325+00:00,2026-09-03T22:00,2026-09-03T21:00:00+00:00,19.6,24.0
London,2026-08-21T17:55:09.874325+00:00,2026-09-03T23:00,2026-09-03T22:00:00+00:00,18.7,23.0
London,2026-08-21T17:55:09.874325+00:00,2026-09-04T00:00,2026-09-03T23:00:00+00:00,17.9,22.0
London,2026-08-21T17:55:09.874325+00:00,2026-09-04T01:00,2026-09-04T00:00:00+00:00,17.3,22.0
London,2026-08-21T17:55:09.874325+00:00,2026-09-04T02:00,2026-09-04T01:00:00+00:00,16.8,23.0
London,2026-08-21T17:55:09.874325+00:00,2026-09-04T03:00,2026-09-04T02:00:00+00:00,16.5,24.0
London,2026-08-21T17:55:09.874325+00:00,2026-09-04T04:00,2026-09-04T03:00:00+00:00,16.2,25.0
London,2026-08-21T17:55:09.874325+00:00,2026-09-04T05:00,2026-09-04T04:00:00+00:00,16.0,26.0
London,2026-08-21T17:55:09.874325+00:00,2026-09-04T06:00,2026-09-04T05:00:00+00:00,16.0,28.0
London,2026-08-21T17:55:09.874325+00:00,2026-09-04T07:00,2026-09-04T06:00:00+00:00,16.2,29.0
London,2026-08-21T17:55:09.874325+00:00,2026-09-04T08:00,2026-09-04T07:00:00+00:00,16.7,29.0
London,2026-08-21T17:55:09.874325+00:00,2026-09-04T09:00,2026-09-04T08:00:00+00:00,17.5,29.0
London,2026-08-21T17:55:09.874325+00:00,2026-09-04T10:00,2026-09-04T09:00:00+00:00,18.4,29.0
London,2026-08-21T17:55:09.874325+00:00,2026-09-04T11:00,2026-09-04T10:00:00+00:00,19.4,29.0
London,2026-08-21T17:55:09.874325+00:00,2026-09-04T12:00,2026-09-04T11:00:00+00:00,20.2,29.0
London,2026-08-21T17:55:09.874325+00:00,2026-09-04T13:00,2026-09-04T12:00:00+00:00,20.7,29.0
London,2026-08-21T17:55:09.874325+00:00,2026-09-04T14:00,2026-09-04T13:00:00+00:00,20.9,30.0
London,2026-08-21T17:55:09.874325+00:00,2026-09-04T15:00,2026-09-04T14:00:00+00:00,21.0,31.0
London,2026-08-21T17:55:09.874325+00:00,2026-09-04T16:00,2026-09-04T15:00:00+00:00,20.9,32.0
London,2026-08-21T17:55:09.874325+00:00,2026-09-04T17:00,2026-09-04T16:00:00+00:00,20.8,33.0
London,2026-08-21T17:55:09.874325+00:00,2026-09-04T18:00,2026-09-04T17:00:00+00:00,20.5,33.0
London,2026-08-21T17:55:09.874325+00:00,2026-09-04T19:00,2026-09-04T18:00:00+00:00,20.2,33.0
London,2026-08-21T17:55:09.874325+00:00,2026-09-04T20:00,2026-09-04T19:00:00+00:00,19.8,31.0
London,2026-08-21T17:55:09.874325+00:00,2026-09-04T21:00,2026-09-04T20:00:00+00:00,19.2,29.0
London,2026-08-21T17:55:09.874325+00:00,2026-09-04T22:00,2026-09-04T21:00:00+00:00,18.5,26.0
London,2026-08-21T17:55:09.874325+00:00,2026-09-04T23:00,2026-09-04T22:00:00+00:00,17.8,23.0
London,2026-08-21T17:55:09.874325+00:00,2026-09-05T00:00,2026-09-04T23:00:00+00:00,17.2,20.0
London,2026-08-21T17:55:09.874325+00:00,2026-09-05T01:00,2026-09-05T00:00:00+00:00,16.9,18.0
London,2026-08-21T17:55:09.874325+00:00,2026-09-05T02:00,2026-09-05T01:00:00+00:00,16.7,17.0
London,2026-08-21T17:55:09.874325+00:00,2026-09-05T03:00,2026-09-05T02:00:00+00:00,16.8,18.0
London,2026-08-21T17:55:09.874325+00:00,2026-09-05T04:00,2026-09-05T03:00:00+00:00,,
London,2026-08-21T17:55:09.874325+00:00,2026-09-05T05:00,2026-09-05T04:00:00+00:00,,
London,2026-08-21T17:55:09.874325+00:00,2026-09-05T06:00,2026-09-05T05:00:00+00:00,,
London,2026-08-21T17:55:09.874325+00:00,2026-09-05T07:00,2026-09-05T06:00:00+00:00,,
London,2026-08-21T17:55:09.874325+00:00,2026-09-05T08:00,2026-09-05T07:00:00+00:00,,
London,2026-08-21T17:55:09.874325+00:00,2026-09-05T09:00,2026-09-05T08:00:00+00:00,,
London,2026-08-21T17:55:09.874325+00:00,2026-09-05T10:00,2026-09-05T09:00:00+00:00,,
London,2026-08-21T17:55:09.874325+00:00,2026-09-05T11:00,2026-09-05T10:00:00+00:00,,
London,2026-08-21T17:55:09.874325+00:00,2026-09-05T12:00,2026-09-05T11:00:00+00:00,,
London,2026-08-21T17:55:09.874325+00:00,2026-09-05T13:00,2026-09-05T12:00:00+00:00,,
London,2026-08-21T17:55:09.874325+00:00,2026-09-05T14:00,2026-09-05T13:00:00+00:00,,
London,2026-08-21T17:55:09.874325+00:00,2026-09-05T15:00,2026-09-05T14:00:00+00:00,,
London,2026-08-21T17:55:09.874325+00:00,2026-09-05T16:00,2026-09-05T15:00:00+00:00,,
London,2026-08-21T17:55:09.874325+00:00,2026-09-05T17:00,2026-09-05T16:00:00+00:00,,
London,2026-08-21T17:55:09.874325+00:00,2026-09-05T18:00,2026-09-05T17:00:00+00:00,,
London,2026-08-21T17:55:09.874325+00:00,2026-09-05T19:00,2026-09-05T18:00:00+00:00,,
London,2026-08-21T17:55:09.874325+00:00,2026-09-05T20:00,2026-09-05T19:00:00+00:00,,
London,2026-08-21T17:55:09.874325+00:00,2026-09-05T21:00,2026-09-05T20:00:00+00:00,,
London,2026-08-21T17:55:09.874325+00:00,2026-09-05T22:00,2026-09-05T21:00:00+00:00,,
London,2026-08-21T17:55:09.874325+00:00,2026-09-05T23:00,2026-09-05T22:00:00+00:00,,
London,2026-08-21T19:16:00.763565+00:00,2026-08-21T00:00,2026-08-20T23:00:00+00:00,16.1,12.0
London,2026-08-21T19:16:00.763565+00:00,2026-08-21T01:00,2026-08-21T00:00:00+00:00,15.8,0.0
London,2026-08-21T19:16:00.763565+00:00,2026-08-21T02:00,2026-08-21T01:00:00+00:00,15.5,3.0
London,2026-08-21T19:16:00.763565+00:00,2026-08-21T03:00,2026-08-21T02:00:00+00:00,15.4,13.0
London,2026-08-21T19:16:00.763565+00:00,2026-08-21T04:00,2026-08-21T03:00:00+00:00,15.4,20.0
London,2026-08-21T19:16:00.763565+00:00,2026-08-21T05:00,2026-08-21T04:00:00+00:00,15.0,18.0
London,2026-08-21T19:16:00.763565+00:00,2026-08-21T06:00,2026-08-21T05:00:00+00:00,14.7,13.0
London,2026-08-21T19:16:00.763565+00:00,2026-08-21T07:00,2026-08-21T06:00:00+00:00,14.6,8.0
London,2026-08-21T19:16:00.763565+00:00,2026-08-21T08:00,2026-08-21T07:00:00+00:00,15.1,5.0
London,2026-08-21T19:16:00.763565+00:00,2026-08-21T09:00,2026-08-21T08:00:00+00:00,16.2,3.0
London,2026-08-21T19:16:00.763565+00:00,2026-08-21T10:00,2026-08-21T09:00:00+00:00,17.2,2.0
London,2026-08-21T19:16:00.763565+00:00,2026-08-21T11:00,2026-08-21T10:00:00+00:00,18.1,1.0
London,2026-08-21T19:16:00.763565+00:00,2026-08-21T12:00,2026-08-21T11:00:00+00:00,19.2,0.0
London,2026-08-21T19:16:00.763565+00:00,2026-08-21T13:00,2026-08-21T12:00:00+00:00,20.0,0.0
London,2026-08-21T19:16:00.763565+00:00,2026-08-21T14:00,2026-08-21T13:00:00+00:00,20.9,0.0
London,2026-08-21T19:16:00.763565+00:00,2026-08-21T15:00,2026-08-21T14:00:00+00:00,21.2,0.0
London,2026-08-21T19:16:00.763565+00:00,2026-08-21T16:00,2026-08-21T15:00:00+00:00,21.5,0.0
London,2026-08-21T19:16:00.763565+00:00,2026-08-21T17:00,2026-08-21T16:00:00+00:00,21.3,1.0
London,2026-08-21T19:16:00.763565+00:00,2026-08-21T18:00,2026-08-21T17:00:00+00:00,21.2,3.0
London,2026-08-21T19:16:00.763565+00:00,2026-08-21T19:00,2026-08-21T18:00:00+00:00,18.8,4.0
London,2026-08-21T19:16:00.763565+00:00,2026-08-21T20:00,2026-08-21T19:00:00+00:00,17.6,4.0
London,2026-08-21T19:16:00.763565+00:00,2026-08-21T21:00,2026-08-21T20:00:00+00:00,16.3,2.0
London,2026-08-21T19:16:00.763565+00:00,2026-08-21T22:00,2026-08-21T21:00:00+00:00,15.9,2.0
London,2026-08-21T19:16:00.763565+00:00,2026-08-21T23:00,2026-08-21T22:00:00+00:00,15.8,3.0
London,2026-08-21T19:16:00.763565+00:00,2026-08-22T00:00,2026-08-21T23:00:00+00:00,15.6,5.0
London,2026-08-21T19:16:00.763565+00:00,2026-08-22T01:00,2026-08-22T00:00:00+00:00,15.2,6.0
London,2026-08-21T19:16:00.763565+00:00,2026-08-22T02:00,2026-08-22T01:00:00+00:00,14.7,5.0
London,2026-08-21T19:16:00.763565+00:00,2026-08-22T03:00,2026-08-22T02:00:00+00:00,14.4,2.0
London,2026-08-21T19:16:00.763565+00:00,2026-08-22T04:00,2026-08-22T03:00:00+00:00,13.8,0.0
London,2026-08-21T19:16:00.763565+00:00,2026-08-22T05:00,2026-08-22T04:00:00+00:00,13.6,0.0
London,2026-08-21T19:16:00.763565+00:00,2026-08-22T06:00,2026-08-22T05:00:00+00:00,13.4,0.0
London,2026-08-21T19:16:00.763565+00:00,2026-08-22T07:00,2026-08-22T06:00:00+00:00,13.3,0.0
London,2026-08-21T19:16:00.763565+00:00,2026-08-22T08:00,2026-08-22T07:00:00+00:00,13.9,0.0
London,2026-08-21T19:16:00.763565+00:00,2026-08-22T09:00,2026-08-22T08:00:00+00:00,15.2,0.0
London,2026-08-21T19:16:00.763565+00:00,2026-08-22T10:00,2026-08-22T09:00:00+00:00,16.8,0.0
London,2026-08-21T19:16:00.763565+00:00,2026-08-22T11:00,2026-08-22T10:00:00+00:00,17.9,0.0
London,2026-08-21T19:16:00.763565+00:00,2026-08-22T12:00,2026-08-22T11:00:00+00:00,19.1,0.0
London,2026-08-21T19:16:00.763565+00:00,2026-08-22T13:00,2026-08-22T12:00:00+00:00,19.8,0.0
London,2026-08-21T19:16:00.763565+00:00,2026-08-22T14:00,2026-08-22T13:00:00+00:00,20.5,0.0
London,2026-08-21T19:16:00.763565+00:00,2026-08-22T15:00,2026-08-22T14:00:00+00:00,20.8,0.0
London,2026-08-21T19:16:00.763565+00:00,2026-08-22T16:00,2026-08-22T15:00:00+00:00,21.2,0.0
London,2026-08-21T19:16:00.763565+00:00,2026-08-22T17:00,2026-08-22T16:00:00+00:00,21.2,0.0
London,2026-08-21T19:16:00.763565+00:00,2026-08-22T18:00,2026-08-22T17:00:00+00:00,21.0,0.0
London,2026-08-21T19:16:00.763565+00:00,2026-08-22T19:00,2026-08-22T18:00:00+00:00,20.6,0.0
London,2026-08-21T19:16:00.763565+00:00,2026-08-22T20:00,2026-08-22T19:00:00+00:00,20.1,0.0
London,2026-08-21T19:16:00.763565+00:00,2026-08-22T21:00,2026-08-22T20:00:00+00:00,19.4,0.0
London,2026-08-21T19:16:00.763565+00:00,2026-08-22T22:00,2026-08-22T21:00:00+00:00,18.8,0.0
London,2026-08-21T19:16:00.763565+00:00,2026-08-22T23:00,2026-08-22T22:00:00+00:00,18.0,0.0
London,2026-08-21T19:16:00.763565+00:00,2026-08-23T00:00,2026-08-22T23:00:00+00:00,17.4,0.0
London,2026-08-21T19:16:00.763565+00:00,2026-08-23T01:00,2026-08-23T00:00:00+00:00,16.8,0.0
London,2026-08-21T19:16:00.763565+00:00,2026-08-23T02:00,2026-08-23T01:00:00+00:00,16.6,0.0
London,2026-08-21T19:16:00.763565+00:00,2026-08-23T03:00,2026-08-23T02:00:00+00:00,16.2,0.0
London,2026-08-21T19:16:00.763565+00:00,2026-08-23T04:00,2026-08-23T03:00:00+00:00,16.1,0.0
London,2026-08-21T19:16:00.763565+00:00,2026-08-23T05:00,2026-08-23T04:00:00+00:00,15.8,0.0
London,2026-08-21T19:16:00.763565+00:00,2026-08-23T06:00,2026-08-23T05:00:00+00:00,15.5,0.0
London,2026-08-21T19:16:00.763565+00:00,2026-08-23T07:00,2026-08-23T06:00:00+00:00,15.8,0.0
London,2026-08-21T19:16:00.763565+00:00,2026-08-23T08:00,2026-08-23T07:00:00+00:00,16.2,0.0
London,2026-08-21T19:16:00.763565+00:00,2026-08-23T09:00,2026-08-23T08:00:00+00:00,16.8,0.0
London,2026-08-21T19:16:00.763565+00:00,2026-08-23T10:00,2026-08-23T09:00:00+00:00,17.9,0.0
London,2026-08-21T19:16:00.763565+00:00,2026-08-23T11:00,2026-08-23T10:00:00+00:00,19.4,0.0
London,2026-08-21T19:16:00.763565+00:00,2026-08-23T12:00,2026-08-23T11:00:00+00:00,20.2,0.0
London,2026-08-21T19:16:00.763565+00:00,2026-08-23T13:00,2026-08-23T12:00:00+00:00,21.1,0.0
London,2026-08-21T19:16:00.763565+00:00,2026-08-23T14:00,2026-08-23T13:00:00+00:00,21.8,0.0
London,2026-08-21T19:16:00.763565+00:00,2026-08-23T15:00,2026-08-23T14:00:00+00:00,22.3,0.0
London,2026-08-21T19:16:00.763565+00:00,2026-08-23T16:00,2026-08-23T15:00:00+00:00,23.0,0.0
London,2026-08-21T19:16:00.763565+00:00,2026-08-23T17:00,2026-08-23T16:00:00+00:00,22.9,0.0
London,2026-08-21T19:16:00.763565+00:00,2026-08-23T18:00,2026-08-23T17:00:00+00:00,22.6,0.0
London,2026-08-21T19:16:00.763565+00:00,2026-08-23T19:00,2026-08-23T18:00:00+00:00,22.4,0.0
London,2026-08-21T19:16:00.763565+00:00,2026-08-23T20:00,2026-08-23T19:00:00+00:00,21.7,0.0
London,2026-08-21T19:16:00.763565+00:00,2026-08-23T21:00,2026-08-23T20:00:00+00:00,20.8,0.0
London,2026-08-21T19:16:00.763565+00:00,2026-08-23T22:00,2026-08-23T21:00:00+00:00,19.9,0.0
London,2026-08-21T19:16:00.763565+00:00,2026-08-23T23:00,2026-08-23T22:00:00+00:00,19.2,0.0
London,2026-08-21T19:16:00.763565+00:00,2026-08-24T00:00,2026-08-23T23:00:00+00:00,18.5,0.0
London,2026-08-21T19:16:00.763565+00:00,2026-08-24T01:00,2026-08-24T00:00:00+00:00,17.9,0.0
London,2026-08-21T19:16:00.763565+00:00,2026-08-24T02:00,2026-08-24T01:00:00+00:00,17.5,0.0
London,2026-08-21T19:16:00.763565+00:00,2026-08-24T03:00,2026-08-24T02:00:00+00:00,17.1,0.0
London,2026-08-21T19:16:00.763565+00:00,2026-08-24T04:00,2026-08-24T03:00:00+00:00,16.8,0.0
London,2026-08-21T19:16:00.763565+00:00,2026-08-24T05:00,2026-08-24T04:00:00+00:00,16.3,0.0
London,2026-08-21T19:16:00.763565+00:00,2026-08-24T06:00,2026-08-24T05:00:00+00:00,15.8,0.0
London,2026-08-21T19:16:00.763565+00:00,2026-08-24T07:00,2026-08-24T06:00:00+00:00,15.7,0.0
London,2026-08-21T19:16:00.763565+00:00,2026-08-24T08:00,2026-08-24T07:00:00+00:00,16.4,0.0
London,2026-08-21T19:16:00.763565+00:00,2026-08-24T09:00,2026-08-24T08:00:00+00:00,17.5,1.0
London,2026-08-21T19:16:00.763565+00:00,2026-08-24T10:00,2026-08-24T09:00:00+00:00,18.5,2.0
London,2026-08-21T19:16:00.763565+00:00,2026-08-24T11:00,2026-08-24T10:00:00+00:00,19.2,4.0
London,2026-08-21T19:16:00.763565+00:00,2026-08-24T12:00,2026-08-24T11:00:00+00:00,19.8,5.0
London,2026-08-21T19:16:00.763565+00:00,2026-08-24T13:00,2026-08-24T12:00:00+00:00,20.3,6.0
London,2026-08-21T19:16:00.763565+00:00,2026-08-24T14:00,2026-08-24T13:00:00+00:00,20.6,4.0
London,2026-08-21T19:16:00.763565+00:00,2026-08-24T15:00,2026-08-24T14:00:00+00:00,20.7,2.0
London,2026-08-21T19:16:00.763565+00:00,2026-08-24T16:00,2026-08-24T15:00:00+00:00,20.7,0.0
London,2026-08-21T19:16:00.763565+00:00,2026-08-24T17:00,2026-08-24T16:00:00+00:00,20.5,0.0
London,2026-08-21T19:16:00.763565+00:00,2026-08-24T18:00,2026-08-24T17:00:00+00:00,20.2,1.0
London,2026-08-21T19:16:00.763565+00:00,2026-08-24T19:00,2026-08-24T18:00:00+00:00,19.9,2.0
London,2026-08-21T19:16:00.763565+00:00,2026-08-24T20:00,2026-08-24T19:00:00+00:00,19.6,2.0
London,2026-08-21T19:16:00.763565+00:00,2026-08-24T21:00,2026-08-24T20:00:00+00:00,19.4,2.0
London,2026-08-21T19:16:00.763565+00:00,2026-08-24T22:00,2026-08-24T21:00:00+00:00,19.3,2.0
London,2026-08-21T19:16:00.763565+00:00,2026-08-24T23:00,2026-08-24T22:00:00+00:00,19.2,4.0
London,2026-08-21T19:16:00.763565+00:00,2026-08-25T00:00,2026-08-24T23:00:00+00:00,19.1,6.0
London,2026-08-21T19:16:00.763565+00:00,2026-08-25T01:00,2026-08-25T00:00:00+00:00,19.0,8.0
London,2026-08-21T19:16:00.763565+00:00,2026-08-25T02:00,2026-08-25T01:00:00+00:00,18.8,8.0
London,2026-08-21T19:16:00.763565+00:00,2026-08-25T03:00,2026-08-25T02:00:00+00:00,18.5,8.0
London,2026-08-21T19:16:00.763565+00:00,2026-08-25T04:00,2026-08-25T03:00:00+00:00,18.3,8.0
London,2026-08-21T19:16:00.763565+00:00,2026-08-25T05:00,2026-08-25T04:00:00+00:00,17.8,10.0
London,2026-08-21T19:16:00.763565+00:00,2026-08-25T06:00,2026-08-25T05:00:00+00:00,17.4,12.0
London,2026-08-21T19:16:00.763565+00:00,2026-08-25T07:00,2026-08-25T06:00:00+00:00,17.2,14.0
London,2026-08-21T19:16:00.763565+00:00,2026-08-25T08:00,2026-08-25T07:00:00+00:00,17.7,16.0
London,2026-08-21T19:16:00.763565+00:00,2026-08-25T09:00,2026-08-25T08:00:00+00:00,18.4,18.0
London,2026-08-21T19:16:00.763565+00:00,2026-08-25T10:00,2026-08-25T09:00:00+00:00,19.1,20.0
London,2026-08-21T19:16:00.763565+00:00,2026-08-25T11:00,2026-08-25T10:00:00+00:00,19.7,23.0
London,2026-08-21T19:16:00.763565+00:00,2026-08-25T12:00,2026-08-25T11:00:00+00:00,20.2,26.0
London,2026-08-21T19:16:00.763565+00:00,2026-08-25T13:00,2026-08-25T12:00:00+00:00,20.7,27.0
London,2026-08-21T19:16:00.763565+00:00,2026-08-25T14:00,2026-08-25T13:00:00+00:00,21.2,22.0
London,2026-08-21T19:16:00.763565+00:00,2026-08-25T15:00,2026-08-25T14:00:00+00:00,21.6,15.0
London,2026-08-21T19:16:00.763565+00:00,2026-08-25T16:00,2026-08-25T15:00:00+00:00,22.0,10.0
London,2026-08-21T19:16:00.763565+00:00,2026-08-25T17:00,2026-08-25T16:00:00+00:00,22.4,9.0
London,2026-08-21T19:16:00.763565+00:00,2026-08-25T18:00,2026-08-25T17:00:00+00:00,22.8,9.0
London,2026-08-21T19:16:00.763565+00:00,2026-08-25T19:00,2026-08-25T18:00:00+00:00,22.8,10.0
London,2026-08-21T19:16:00.763565+00:00,2026-08-25T20:00,2026-08-25T19:00:00+00:00,21.9,10.0
London,2026-08-21T19:16:00.763565+00:00,2026-08-25T21:00,2026-08-25T20:00:00+00:00,20.6,10.0
London,2026-08-21T19:16:00.763565+00:00,2026-08-25T22:00,2026-08-25T21:00:00+00:00,19.6,12.0
London,2026-08-21T19:16:00.763565+00:00,2026-08-25T23:00,2026-08-25T22:00:00+00:00,19.2,16.0
London,2026-08-21T19:16:00.763565+00:00,2026-08-26T00:00,2026-08-25T23:00:00+00:00,19.1,21.0
London,2026-08-21T19:16:00.763565+00:00,2026-08-26T01:00,2026-08-26T00:00:00+00:00,19.0,25.0
London,2026-08-21T19:16:00.763565+00:00,2026-08-26T02:00,2026-08-26T01:00:00+00:00,18.7,26.0
London,2026-08-21T19:16:00.763565+00:00,2026-08-26T03:00,2026-08-26T02:00:00+00:00,18.4,27.0
London,2026-08-21T19:16:00.763565+00:00,2026-08-26T04:00,2026-08-26T03:00:00+00:00,18.2,27.0
London,2026-08-21T19:16:00.763565+00:00,2026-08-26T05:00,2026-08-26T04:00:00+00:00,18.0,28.0
London,2026-08-21T19:16:00.763565+00:00,2026-08-26T06:00,2026-08-26T05:00:00+00:00,17.9,29.0
London,2026-08-21T19:16:00.763565+00:00,2026-08-26T07:00,2026-08-26T06:00:00+00:00,18.0,29.0
London,2026-08-21T19:16:00.763565+00:00,2026-08-26T08:00,2026-08-26T07:00:00+00:00,18.3,27.0
London,2026-08-21T19:16:00.763565+00:00,2026-08-26T09:00,2026-08-26T08:00:00+00:00,18.9,23.0
London,2026-08-21T19:16:00.763565+00:00,2026-08-26T10:00,2026-08-26T09:00:00+00:00,19.6,22.0
London,2026-08-21T19:16:00.763565+00:00,2026-08-26T11:00,2026-08-26T10:00:00+00:00,20.8,25.0
London,2026-08-21T19:16:00.763565+00:00,2026-08-26T12:00,2026-08-26T11:00:00+00:00,22.3,30.0
London,2026-08-21T19:16:00.763565+00:00,2026-08-26T13:00,2026-08-26T12:00:00+00:00,23.5,35.0
London,2026-08-21T19:16:00.763565+00:00,2026-08-26T14:00,2026-08-26T13:00:00+00:00,24.4,39.0
London,2026-08-21T19:16:00.763565+00:00,2026-08-26T15:00,2026-08-26T14:00:00+00:00,25.1,42.0
London,2026-08-21T19:16:00.763565+00:00,2026-08-26T16:00,2026-08-26T15:00:00+00:00,25.4,41.0
London,2026-08-21T19:16:00.763565+00:00,2026-08-26T17:00,2026-08-26T16:00:00+00:00,25.5,32.0
London,2026-08-21T19:16:00.763565+00:00,2026-08-26T18:00,2026-08-26T17:00:00+00:00,25.2,19.0
London,2026-08-21T19:16:00.763565+00:00,2026-08-26T19:00,2026-08-26T18:00:00+00:00,24.7,10.0
London,2026-08-21T19:16:00.763565+00:00,2026-08-26T20:00,2026-08-26T19:00:00+00:00,24.0,9.0
London,2026-08-21T19:16:00.763565+00:00,2026-08-26T21:00,2026-08-26T20:00:00+00:00,23.0,13.0
London,2026-08-21T19:16:00.763565+00:00,2026-08-26T22:00,2026-08-26T21:00:00+00:00,22.2,18.0
London,2026-08-21T19:16:00.763565+00:00,2026-08-26T23:00,2026-08-26T22:00:00+00:00,21.9,24.0
London,2026-08-21T19:16:00.763565+00:00,2026-08-27T00:00,2026-08-26T23:00:00+00:00,21.1,32.0
London,2026-08-21T19:16:00.763565+00:00,2026-08-27T01:00,2026-08-27T00:00:00+00:00,20.5,39.0
London,2026-08-21T19:16:00.763565+00:00,2026-08-27T02:00,2026-08-27T01:00:00+00:00,20.0,44.0
London,2026-08-21T19:16:00.763565+00:00,2026-08-27T03:00,2026-08-27T02:00:00+00:00,19.6,48.0
London,2026-08-21T19:16:00.763565+00:00,2026-08-27T04:00,2026-08-27T03:00:00+00:00,19.2,51.0
London,2026-08-21T19:16:00.763565+00:00,2026-08-27T05:00,2026-08-27T04:00:00+00:00,18.9,51.0
London,2026-08-21T19:16:00.763565+00:00,2026-08-27T06:00,2026-08-27T05:00:00+00:00,18.8,49.0
London,2026-08-21T19:16:00.763565+00:00,2026-08-27T07:00,2026-08-27T06:00:00+00:00,18.9,49.0
London,2026-08-21T19:16:00.763565+00:00,2026-08-27T08:00,2026-08-27T07:00:00+00:00,19.2,55.0
London,2026-08-21T19:16:00.763565+00:00,2026-08-27T09:00,2026-08-27T08:00:00+00:00,19.8,63.0
London,2026-08-21T19:16:00.763565+00:00,2026-08-27T10:00,2026-08-27T09:00:00+00:00,20.5,69.0
London,2026-08-21T19:16:00.763565+00:00,2026-08-27T11:00,2026-08-27T10:00:00+00:00,21.2,71.0
London,2026-08-21T19:16:00.763565+00:00,2026-08-27T12:00,2026-08-27T11:00:00+00:00,21.9,71.0
London,2026-08-21T19:16:00.763565+00:00,2026-08-27T13:00,2026-08-27T12:00:00+00:00,22.4,71.0
London,2026-08-21T19:16:00.763565+00:00,2026-08-27T14:00,2026-08-27T13:00:00+00:00,22.8,72.0
London,2026-08-21T19:16:00.763565+00:00,2026-08-27T15:00,2026-08-27T14:00:00+00:00,23.1,73.0
London,2026-08-21T19:16:00.763565+00:00,2026-08-27T16:00,2026-08-27T15:00:00+00:00,23.4,74.0
London,2026-08-21T19:16:00.763565+00:00,2026-08-27T17:00,2026-08-27T16:00:00+00:00,23.5,74.0
London,2026-08-21T19:16:00.763565+00:00,2026-08-27T18:00,2026-08-27T17:00:00+00:00,23.6,74.0
London,2026-08-21T19:16:00.763565+00:00,2026-08-27T19:00,2026-08-27T18:00:00+00:00,23.4,71.0
London,2026-08-21T19:16:00.763565+00:00,2026-08-27T20:00,2026-08-27T19:00:00+00:00,23.1,65.0
London,2026-08-21T19:16:00.763565+00:00,2026-08-27T21:00,2026-08-27T20:00:00+00:00,22.4,56.0
London,2026-08-21T19:16:00.763565+00:00,2026-08-27T22:00,2026-08-27T21:00:00+00:00,21.7,48.0
London,2026-08-21T19:16:00.763565+00:00,2026-08-27T23:00,2026-08-27T22:00:00+00:00,20.2,40.0
London,2026-08-21T19:16:00.763565+00:00,2026-08-28T00:00,2026-08-27T23:00:00+00:00,18.7,31.0
London,2026-08-21T19:16:00.763565+00:00,2026-08-28T01:00,2026-08-28T00:00:00+00:00,17.2,25.0
London,2026-08-21T19:16:00.763565+00:00,2026-08-28T02:00,2026-08-28T01:00:00+00:00,15.9,22.0
London,2026-08-21T19:16:00.763565+00:00,2026-08-28T03:00,2026-08-28T02:00:00+00:00,15.4,22.0
London,2026-08-21T19:16:00.763565+00:00,2026-08-28T04:00,2026-08-28T03:00:00+00:00,15.1,22.0
London,2026-08-21T19:16:00.763565+00:00,2026-08-28T05:00,2026-08-28T04:00:00+00:00,14.9,23.0
London,2026-08-21T19:16:00.763565+00:00,2026-08-28T06:00,2026-08-28T05:00:00+00:00,14.9,25.0
London,2026-08-21T19:16:00.763565+00:00,2026-08-28T07:00,2026-08-28T06:00:00+00:00,15.1,27.0
London,2026-08-21T19:16:00.763565+00:00,2026-08-28T08:00,2026-08-28T07:00:00+00:00,15.8,30.0
London,2026-08-21T19:16:00.763565+00:00,2026-08-28T09:00,2026-08-28T08:00:00+00:00,16.9,34.0
London,2026-08-21T19:16:00.763565+00:00,2026-08-28T10:00,2026-08-28T09:00:00+00:00,18.1,38.0
London,2026-08-21T19:16:00.763565+00:00,2026-08-28T11:00,2026-08-28T10:00:00+00:00,19.4,42.0
London,2026-08-21T19:16:00.763565+00:00,2026-08-28T12:00,2026-08-28T11:00:00+00:00,20.4,46.0
London,2026-08-21T19:16:00.763565+00:00,2026-08-28T13:00,2026-08-28T12:00:00+00:00,20.9,51.0
London,2026-08-21T19:16:00.763565+00:00,2026-08-28T14:00,2026-08-28T13:00:00+00:00,20.9,56.0
London,2026-08-21T19:16:00.763565+00:00,2026-08-28T15:00,2026-08-28T14:00:00+00:00,20.6,62.0
London,2026-08-21T19:16:00.763565+00:00,2026-08-28T16:00,2026-08-28T15:00:00+00:00,20.0,66.0
London,2026-08-21T19:16:00.763565+00:00,2026-08-28T17:00,2026-08-28T16:00:00+00:00,19.3,70.0
London,2026-08-21T19:16:00.763565+00:00,2026-08-28T18:00,2026-08-28T17:00:00+00:00,18.6,72.0
London,2026-08-21T19:16:00.763565+00:00,2026-08-28T19:00,2026-08-28T18:00:00+00:00,18.0,71.0
London,2026-08-21T19:16:00.763565+00:00,2026-08-28T20:00,2026-08-28T19:00:00+00:00,17.5,64.0
London,2026-08-21T19:16:00.763565+00:00,2026-08-28T21:00,2026-08-28T20:00:00+00:00,16.8,54.0
London,2026-08-21T19:16:00.763565+00:00,2026-08-28T22:00,2026-08-28T21:00:00+00:00,16.2,43.0
London,2026-08-21T19:16:00.763565+00:00,2026-08-28T23:00,2026-08-28T22:00:00+00:00,15.6,32.0
London,2026-08-21T19:16:00.763565+00:00,2026-08-29T00:00,2026-08-28T23:00:00+00:00,15.1,21.0
London,2026-08-21T19:16:00.763565+00:00,2026-08-29T01:00,2026-08-29T00:00:00+00:00,14.8,14.0
London,2026-08-21T19:16:00.763565+00:00,2026-08-29T02:00,2026-08-29T01:00:00+00:00,14.5,12.0
London,2026-08-21T19:16:00.763565+00:00,2026-08-29T03:00,2026-08-29T02:00:00+00:00,14.4,14.0
London,2026-08-21T19:16:00.763565+00:00,2026-08-29T04:00,2026-08-29T03:00:00+00:00,14.3,17.0
London,2026-08-21T19:16:00.763565+00:00,2026-08-29T05:00,2026-08-29T04:00:00+00:00,14.3,20.0
London,2026-08-21T19:16:00.763565+00:00,2026-08-29T06:00,2026-08-29T05:00:00+00:00,14.5,24.0
London,2026-08-21T19:16:00.763565+00:00,2026-08-29T07:00,2026-08-29T06:00:00+00:00,14.7,27.0
London,2026-08-21T19:16:00.763565+00:00,2026-08-29T08:00,2026-08-29T07:00:00+00:00,15.1,28.0
London,2026-08-21T19:16:00.763565+00:00,2026-08-29T09:00,2026-08-29T08:00:00+00:00,15.8,28.0
London,2026-08-21T19:16:00.763565+00:00,2026-08-29T10:00,2026-08-29T09:00:00+00:00,16.5,29.0
London,2026-08-21T19:16:00.763565+00:00,2026-08-29T11:00,2026-08-29T10:00:00+00:00,17.2,30.0
London,2026-08-21T19:16:00.763565+00:00,2026-08-29T12:00,2026-08-29T11:00:00+00:00,17.9,31.0
London,2026-08-21T19:16:00.763565+00:00,2026-08-29T13:00,2026-08-29T12:00:00+00:00,18.4,33.0
London,2026-08-21T19:16:00.763565+00:00,2026-08-29T14:00,2026-08-29T13:00:00+00:00,18.8,37.0
London,2026-08-21T19:16:00.763565+00:00,2026-08-29T15:00,2026-08-29T14:00:00+00:00,19.2,42.0
London,2026-08-21T19:16:00.763565+00:00,2026-08-29T16:00,2026-08-29T15:00:00+00:00,19.5,47.0
London,2026-08-21T19:16:00.763565+00:00,2026-08-29T17:00,2026-08-29T16:00:00+00:00,19.7,51.0
London,2026-08-21T19:16:00.763565+00:00,2026-08-29T18:00,2026-08-29T17:00:00+00:00,19.8,55.0
London,2026-08-21T19:16:00.763565+00:00,2026-08-29T19:00,2026-08-29T18:00:00+00:00,19.7,55.0
London,2026-08-21T19:16:00.763565+00:00,2026-08-29T20:00,2026-08-29T19:00:00+00:00,19.4,50.0
London,2026-08-21T19:16:00.763565+00:00,2026-08-29T21:00,2026-08-29T20:00:00+00:00,18.8,42.0
London,2026-08-21T19:16:00.763565+00:00,2026-08-29T22:00,2026-08-29T21:00:00+00:00,18.2,33.0
London,2026-08-21T19:16:00.763565+00:00,2026-08-29T23:00,2026-08-29T22:00:00+00:00,17.5,24.0
London,2026-08-21T19:16:00.763565+00:00,2026-08-30T00:00,2026-08-29T23:00:00+00:00,16.8,16.0
London,2026-08-21T19:16:00.763565+00:00,2026-08-30T01:00,2026-08-30T00:00:00+00:00,16.3,10.0
London,2026-08-21T19:16:00.763565+00:00,2026-08-30T02:00,2026-08-30T01:00:00+00:00,15.8,9.0
London,2026-08-21T19:16:00.763565+00:00,2026-08-30T03:00,2026-08-30T02:00:00+00:00,15.3,10.0
London,2026-08-21T19:16:00.763565+00:00,2026-08-30T04:00,2026-08-30T03:00:00+00:00,14.9,12.0
London,2026-08-21T19:16:00.763565+00:00,2026-08-30T05:00,2026-08-30T04:00:00+00:00,14.5,14.0
London,2026-08-21T19:16:00.763565+00:00,2026-08-30T06:00,2026-08-30T05:00:00+00:00,14.4,17.0
London,2026-08-21T19:16:00.763565+00:00,2026-08-30T07:00,2026-08-30T06:00:00+00:00,14.5,20.0
London,2026-08-21T19:16:00.763565+00:00,2026-08-30T08:00,2026-08-30T07:00:00+00:00,15.1,21.0
London,2026-08-21T19:16:00.763565+00:00,2026-08-30T09:00,2026-08-30T08:00:00+00:00,16.1,22.0
London,2026-08-21T19:16:00.763565+00:00,2026-08-30T10:00,2026-08-30T09:00:00+00:00,17.3,23.0
London,2026-08-21T19:16:00.763565+00:00,2026-08-30T11:00,2026-08-30T10:00:00+00:00,18.5,24.0
London,2026-08-21T19:16:00.763565+00:00,2026-08-30T12:00,2026-08-30T11:00:00+00:00,19.6,25.0
London,2026-08-21T19:16:00.763565+00:00,2026-08-30T13:00,2026-08-30T12:00:00+00:00,20.3,27.0
London,2026-08-21T19:16:00.763565+00:00,2026-08-30T14:00,2026-08-30T13:00:00+00:00,20.6,31.0
London,2026-08-21T19:16:00.763565+00:00,2026-08-30T15:00,2026-08-30T14:00:00+00:00,20.8,35.0
London,2026-08-21T19:16:00.763565+00:00,2026-08-30T16:00,2026-08-30T15:00:00+00:00,20.7,39.0
London,2026-08-21T19:16:00.763565+00:00,2026-08-30T17:00,2026-08-30T16:00:00+00:00,20.6,43.0
London,2026-08-21T19:16:00.763565+00:00,2026-08-30T18:00,2026-08-30T17:00:00+00:00,20.3,46.0
London,2026-08-21T19:16:00.763565+00:00,2026-08-30T19:00,2026-08-30T18:00:00+00:00,19.9,47.0
London,2026-08-21T19:16:00.763565+00:00,2026-08-30T20:00,2026-08-30T19:00:00+00:00,19.3,45.0
London,2026-08-21T19:16:00.763565+00:00,2026-08-30T21:00,2026-08-30T20:00:00+00:00,18.4,41.0
London,2026-08-21T19:16:00.763565+00:00,2026-08-30T22:00,2026-08-30T21:00:00+00:00,17.5,36.0
London,2026-08-21T19:16:00.763565+00:00,2026-08-30T23:00,2026-08-30T22:00:00+00:00,16.5,31.0
London,2026-08-21T19:16:00.763565+00:00,2026-08-31T00:00,2026-08-30T23:00:00+00:00,15.6,26.0
London,2026-08-21T19:16:00.763565+00:00,2026-08-31T01:00,2026-08-31T00:00:00+00:00,15.0,22.0
London,2026-08-21T19:16:00.763565+00:00,2026-08-31T02:00,2026-08-31T01:00:00+00:00,14.5,20.0
London,2026-08-21T19:16:00.763565+00:00,2026-08-31T03:00,2026-08-31T02:00:00+00:00,14.0,18.0
London,2026-08-21T19:16:00.763565+00:00,2026-08-31T04:00,2026-08-31T03:00:00+00:00,13.6,17.0
London,2026-08-21T19:16:00.763565+00:00,2026-08-31T05:00,2026-08-31T04:00:00+00:00,13.4,16.0
London,2026-08-21T19:16:00.763565+00:00,2026-08-31T06:00,2026-08-31T05:00:00+00:00,13.3,16.0
London,2026-08-21T19:16:00.763565+00:00,2026-08-31T07:00,2026-08-31T06:00:00+00:00,13.6,16.0
London,2026-08-21T19:16:00.763565+00:00,2026-08-31T08:00,2026-08-31T07:00:00+00:00,14.3,16.0
London,2026-08-21T19:16:00.763565+00:00,2026-08-31T09:00,2026-08-31T08:00:00+00:00,15.5,16.0
London,2026-08-21T19:16:00.763565+00:00,2026-08-31T10:00,2026-08-31T09:00:00+00:00,16.9,16.0
London,2026-08-21T19:16:00.763565+00:00,2026-08-31T11:00,2026-08-31T10:00:00+00:00,18.3,17.0
London,2026-08-21T19:16:00.763565+00:00,2026-08-31T12:00,2026-08-31T11:00:00+00:00,19.5,18.0
London,2026-08-21T19:16:00.763565+00:00,2026-08-31T13:00,2026-08-31T12:00:00+00:00,20.3,20.0
London,2026-08-21T19:16:00.763565+00:00,2026-08-31T14:00,2026-08-31T13:00:00+00:00,20.7,24.0
London,2026-08-21T19:16:00.763565+00:00,2026-08-31T15:00,2026-08-31T14:00:00+00:00,20.9,29.0
London,2026-08-21T19:16:00.763565+00:00,2026-08-31T16:00,2026-08-31T15:00:00+00:00,20.9,34.0
London,2026-08-21T19:16:00.763565+00:00,2026-08-31T17:00,2026-08-31T16:00:00+00:00,20.8,38.0
London,2026-08-21T19:16:00.763565+00:00,2026-08-31T18:00,2026-08-31T17:00:00+00:00,20.5,42.0
London,2026-08-21T19:16:00.763565+00:00,2026-08-31T19:00,2026-08-31T18:00:00+00:00,20.3,43.0
London,2026-08-21T19:16:00.763565+00:00,2026-08-31T20:00,2026-08-31T19:00:00+00:00,19.9,39.0
London,2026-08-21T19:16:00.763565+00:00,2026-08-31T21:00,2026-08-31T20:00:00+00:00,19.3,33.0
London,2026-08-21T19:16:00.763565+00:00,2026-08-31T22:00,2026-08-31T21:00:00+00:00,18.7,26.0
London,2026-08-21T19:16:00.763565+00:00,2026-08-31T23:00,2026-08-31T22:00:00+00:00,18.0,19.0
London,2026-08-21T19:16:00.763565+00:00,2026-09-01T00:00,2026-08-31T23:00:00+00:00,17.4,11.0
London,2026-08-21T19:16:00.763565+00:00,2026-09-01T01:00,2026-09-01T00:00:00+00:00,16.9,6.0
London,2026-08-21T19:16:00.763565+00:00,2026-09-01T02:00,2026-09-01T01:00:00+00:00,16.6,4.0
London,2026-08-21T19:16:00.763565+00:00,2026-09-01T03:00,2026-09-01T02:00:00+00:00,16.2,4.0
London,2026-08-21T19:16:00.763565+00:00,2026-09-01T04:00,2026-09-01T03:00:00+00:00,15.9,5.0
London,2026-08-21T19:16:00.763565+00:00,2026-09-01T05:00,2026-09-01T04:00:00+00:00,15.8,6.0
London,2026-08-21T19:16:00.763565+00:00,2026-09-01T06:00,2026-09-01T05:00:00+00:00,15.8,8.0
London,2026-08-21T19:16:00.763565+00:00,2026-09-01T07:00,2026-09-01T06:00:00+00:00,16.0,10.0
London,2026-08-21T19:16:00.763565+00:00,2026-09-01T08:00,2026-09-01T07:00:00+00:00,16.7,13.0
London,2026-08-21T19:16:00.763565+00:00,2026-09-01T09:00,2026-09-01T08:00:00+00:00,17.7,16.0
London,2026-08-21T19:16:00.763565+00:00,2026-09-01T10:00,2026-09-01T09:00:00+00:00,18.8,19.0
London,2026-08-21T19:16:00.763565+00:00,2026-09-01T11:00,2026-09-01T10:00:00+00:00,20.0,22.0
London,2026-08-21T19:16:00.763565+00:00,2026-09-01T12:00,2026-09-01T11:00:00+00:00,20.9,25.0
London,2026-08-21T19:16:00.763565+00:00,2026-09-01T13:00,2026-09-01T12:00:00+00:00,21.5,29.0
London,2026-08-21T19:16:00.763565+00:00,2026-09-01T14:00,2026-09-01T13:00:00+00:00,21.6,34.0
London,2026-08-21T19:16:00.763565+00:00,2026-09-01T15:00,2026-09-01T14:00:00+00:00,21.4,39.0
London,2026-08-21T19:16:00.763565+00:00,2026-09-01T16:00,2026-09-01T15:00:00+00:00,21.0,43.0
London,2026-08-21T19:16:00.763565+00:00,2026-09-01T17:00,2026-09-01T16:00:00+00:00,20.5,46.0
London,2026-08-21T19:16:00.763565+00:00,2026-09-01T18:00,2026-09-01T17:00:00+00:00,19.9,49.0
London,2026-08-21T19:16:00.763565+00:00,2026-09-01T19:00,2026-09-01T18:00:00+00:00,19.4,49.0
London,2026-08-21T19:16:00.763565+00:00,2026-09-01T20:00,2026-09-01T19:00:00+00:00,18.8,45.0
London,2026-08-21T19:16:00.763565+00:00,2026-09-01T21:00,2026-09-01T20:00:00+00:00,18.2,38.0
London,2026-08-21T19:16:00.763565+00:00,2026-09-01T22:00,2026-09-01T21:00:00+00:00,17.5,31.0
London,2026-08-21T19:16:00.763565+00:00,2026-09-01T23:00,2026-09-01T22:00:00+00:00,16.8,24.0
London,2026-08-21T19:16:00.763565+00:00,2026-09-02T00:00,2026-09-01T23:00:00+00:00,16.2,16.0
London,2026-08-21T19:16:00.763565+00:00,2026-09-02T01:00,2026-09-02T00:00:00+00:00,15.7,10.0
London,2026-08-21T19:16:00.763565+00:00,2026-09-02T02:00,2026-09-02T01:00:00+00:00,15.2,7.0
London,2026-08-21T19:16:00.763565+00:00,2026-09-02T03:00,2026-09-02T02:00:00+00:00,14.8,7.0
London,2026-08-21T19:16:00.763565+00:00,2026-09-02T04:00,2026-09-02T03:00:00+00:00,14.5,7.0
London,2026-08-21T19:16:00.763565+00:00,2026-09-02T05:00,2026-09-02T04:00:00+00:00,14.3,7.0
London,2026-08-21T19:16:00.763565+00:00,2026-09-02T06:00,2026-09-02T05:00:00+00:00,14.3,9.0
London,2026-08-21T19:16:00.763565+00:00,2026-09-02T07:00,2026-09-02T06:00:00+00:00,14.6,10.0
London,2026-08-21T19:16:00.763565+00:00,2026-09-02T08:00,2026-09-02T07:00:00+00:00,15.4,12.0
London,2026-08-21T19:16:00.763565+00:00,2026-09-02T09:00,2026-09-02T08:00:00+00:00,16.6,14.0
London,2026-08-21T19:16:00.763565+00:00,2026-09-02T10:00,2026-09-02T09:00:00+00:00,18.1,16.0
London,2026-08-21T19:16:00.763565+00:00,2026-09-02T11:00,2026-09-02T10:00:00+00:00,19.5,18.0
London,2026-08-21T19:16:00.763565+00:00,2026-09-02T12:00,2026-09-02T11:00:00+00:00,20.7,20.0
London,2026-08-21T19:16:00.763565+00:00,2026-09-02T13:00,2026-09-02T12:00:00+00:00,21.4,22.0
London,2026-08-21T19:16:00.763565+00:00,2026-09-02T14:00,2026-09-02T13:00:00+00:00,21.6,23.0
London,2026-08-21T19:16:00.763565+00:00,2026-09-02T15:00,2026-09-02T14:00:00+00:00,21.5,24.0
London,2026-08-21T19:16:00.763565+00:00,2026-09-02T16:00,2026-09-02T15:00:00+00:00,21.1,25.0
London,2026-08-21T19:16:00.763565+00:00,2026-09-02T17:00,2026-09-02T16:00:00+00:00,20.5,25.0
London,2026-08-21T19:16:00.763565+00:00,2026-09-02T18:00,2026-09-02T17:00:00+00:00,19.9,26.0
London,2026-08-21T19:16:00.763565+00:00,2026-09-02T19:00,2026-09-02T18:00:00+00:00,19.3,25.0
London,2026-08-21T19:16:00.763565+00:00,2026-09-02T20:00,2026-09-02T19:00:00+00:00,18.7,23.0
London,2026-08-21T19:16:00.763565+00:00,2026-09-02T21:00,2026-09-02T20:00:00+00:00,18.1,21.0
London,2026-08-21T19:16:00.763565+00:00,2026-09-02T22:00,2026-09-02T21:00:00+00:00,17.3,18.0
London,2026-08-21T19:16:00.763565+00:00,2026-09-02T23:00,2026-09-02T22:00:00+00:00,16.6,15.0
London,2026-08-21T19:16:00.763565+00:00,2026-09-03T00:00,2026-09-02T23:00:00+00:00,15.9,12.0
London,2026-08-21T19:16:00.763565+00:00,2026-09-03T01:00,2026-09-03T00:00:00+00:00,15.4,10.0
London,2026-08-21T19:16:00.763565+00:00,2026-09-03T02:00,2026-09-03T01:00:00+00:00,14.8,8.0
London,2026-08-21T19:16:00.763565+00:00,2026-09-03T03:00,2026-09-03T02:00:00+00:00,14.3,7.0
London,2026-08-21T19:16:00.763565+00:00,2026-09-03T04:00,2026-09-03T03:00:00+00:00,13.8,6.0
London,2026-08-21T19:16:00.763565+00:00,2026-09-03T05:00,2026-09-03T04:00:00+00:00,13.4,6.0
London,2026-08-21T19:16:00.763565+00:00,2026-09-03T06:00,2026-09-03T05:00:00+00:00,13.3,5.0
London,2026-08-21T19:16:00.763565+00:00,2026-09-03T07:00,2026-09-03T06:00:00+00:00,13.5,6.0
London,2026-08-21T19:16:00.763565+00:00,2026-09-03T08:00,2026-09-03T07:00:00+00:00,14.2,7.0
London,2026-08-21T19:16:00.763565+00:00,2026-09-03T09:00,2026-09-03T08:00:00+00:00,15.4,9.0
London,2026-08-21T19:16:00.763565+00:00,2026-09-03T10:00,2026-09-03T09:00:00+00:00,16.7,11.0
London,2026-08-21T19:16:00.763565+00:00,2026-09-03T11:00,2026-09-03T10:00:00+00:00,18.1,13.0
London,2026-08-21T19:16:00.763565+00:00,2026-09-03T12:00,2026-09-03T11:00:00+00:00,19.3,16.0
London,2026-08-21T19:16:00.763565+00:00,2026-09-03T13:00,2026-09-03T12:00:00+00:00,20.0,18.0
London,2026-08-21T19:16:00.763565+00:00,2026-09-03T14:00,2026-09-03T13:00:00+00:00,20.3,20.0
London,2026-08-21T19:16:00.763565+00:00,2026-09-03T15:00,2026-09-03T14:00:00+00:00,20.3,21.0
London,2026-08-21T19:16:00.763565+00:00,2026-09-03T16:00,2026-09-03T15:00:00+00:00,20.1,22.0
London,2026-08-21T19:16:00.763565+00:00,2026-09-03T17:00,2026-09-03T16:00:00+00:00,19.8,23.0
London,2026-08-21T19:16:00.763565+00:00,2026-09-03T18:00,2026-09-03T17:00:00+00:00,19.3,24.0
London,2026-08-21T19:16:00.763565+00:00,2026-09-03T19:00,2026-09-03T18:00:00+00:00,18.9,25.0
London,2026-08-21T19:16:00.763565+00:00,2026-09-03T20:00,2026-09-03T19:00:00+00:00,18.3,25.0
London,2026-08-21T19:16:00.763565+00:00,2026-09-03T21:00,2026-09-03T20:00:00+00:00,17.6,25.0
London,2026-08-21T19:16:00.763565+00:00,2026-09-03T22:00,2026-09-03T21:00:00+00:00,16.7,24.0
London,2026-08-21T19:16:00.763565+00:00,2026-09-03T23:00,2026-09-03T22:00:00+00:00,15.9,23.0
London,2026-08-21T19:16:00.763565+00:00,2026-09-04T00:00,2026-09-03T23:00:00+00:00,15.2,22.0
London,2026-08-21T19:16:00.763565+00:00,2026-09-04T01:00,2026-09-04T00:00:00+00:00,14.7,22.0
London,2026-08-21T19:16:00.763565+00:00,2026-09-04T02:00,2026-09-04T01:00:00+00:00,14.4,23.0
London,2026-08-21T19:16:00.763565+00:00,2026-09-04T03:00,2026-09-04T02:00:00+00:00,14.1,24.0
London,2026-08-21T19:16:00.763565+00:00,2026-09-04T04:00,2026-09-04T03:00:00+00:00,14.0,25.0
London,2026-08-21T19:16:00.763565+00:00,2026-09-04T05:00,2026-09-04T04:00:00+00:00,14.0,26.0
London,2026-08-21T19:16:00.763565+00:00,2026-09-04T06:00,2026-09-04T05:00:00+00:00,14.3,28.0
London,2026-08-21T19:16:00.763565+00:00,2026-09-04T07:00,2026-09-04T06:00:00+00:00,14.8,29.0
London,2026-08-21T19:16:00.763565+00:00,2026-09-04T08:00,2026-09-04T07:00:00+00:00,15.8,29.0
London,2026-08-21T19:16:00.763565+00:00,2026-09-04T09:00,2026-09-04T08:00:00+00:00,17.2,29.0
London,2026-08-21T19:16:00.763565+00:00,2026-09-04T10:00,2026-09-04T09:00:00+00:00,18.9,29.0
London,2026-08-21T19:16:00.763565+00:00,2026-09-04T11:00,2026-09-04T10:00:00+00:00,20.5,29.0
London,2026-08-21T19:16:00.763565+00:00,2026-09-04T12:00,2026-09-04T11:00:00+00:00,21.9,29.0
London,2026-08-21T19:16:00.763565+00:00,2026-09-04T13:00,2026-09-04T12:00:00+00:00,22.7,29.0
London,2026-08-21T19:16:00.763565+00:00,2026-09-04T14:00,2026-09-04T13:00:00+00:00,22.9,30.0
London,2026-08-21T19:16:00.763565+00:00,2026-09-04T15:00,2026-09-04T14:00:00+00:00,22.8,31.0
London,2026-08-21T19:16:00.763565+00:00,2026-09-04T16:00,2026-09-04T15:00:00+00:00,22.3,32.0
London,2026-08-21T19:16:00.763565+00:00,2026-09-04T17:00,2026-09-04T16:00:00+00:00,21.6,33.0
London,2026-08-21T19:16:00.763565+00:00,2026-09-04T18:00,2026-09-04T17:00:00+00:00,21.0,33.0
London,2026-08-21T19:16:00.763565+00:00,2026-09-04T19:00,2026-09-04T18:00:00+00:00,20.4,33.0
London,2026-08-21T19:16:00.763565+00:00,2026-09-04T20:00,2026-09-04T19:00:00+00:00,19.9,31.0
London,2026-08-21T19:16:00.763565+00:00,2026-09-04T21:00,2026-09-04T20:00:00+00:00,19.3,29.0
London,2026-08-21T19:16:00.763565+00:00,2026-09-04T22:00,2026-09-04T21:00:00+00:00,18.7,26.0
London,2026-08-21T19:16:00.763565+00:00,2026-09-04T23:00,2026-09-04T22:00:00+00:00,18.1,23.0
London,2026-08-21T19:16:00.763565+00:00,2026-09-05T00:00,2026-09-04T23:00:00+00:00,17.6,20.0
London,2026-08-21T19:16:00.763565+00:00,2026-09-05T01:00,2026-09-05T00:00:00+00:00,17.1,18.0
London,2026-08-21T19:16:00.763565+00:00,2026-09-05T02:00,2026-09-05T01:00:00+00:00,16.7,17.0
London,2026-08-21T19:16:00.763565+00:00,2026-09-05T03:00,2026-09-05T02:00:00+00:00,16.4,18.0
London,2026-08-21T19:16:00.763565+00:00,2026-09-05T04:00,2026-09-05T03:00:00+00:00,16.1,
London,2026-08-21T19:16:00.763565+00:00,2026-09-05T05:00,2026-09-05T04:00:00+00:00,15.9,
London,2026-08-21T19:16:00.763565+00:00,2026-09-05T06:00,2026-09-05T05:00:00+00:00,15.9,
London,2026-08-21T19:16:00.763565+00:00,2026-09-05T07:00,2026-09-05T06:00:00+00:00,16.2,
London,2026-08-21T19:16:00.763565+00:00,2026-09-05T08:00,2026-09-05T07:00:00+00:00,16.9,
London,2026-08-21T19:16:00.763565+00:00,2026-09-05T09:00,2026-09-05T08:00:00+00:00,18.0,
London,2026-08-21T19:16:00.763565+00:00,2026-09-05T10:00,2026-09-05T09:00:00+00:00,19.2,
London,2026-08-21T19:16:00.763565+00:00,2026-09-05T11:00,2026-09-05T10:00:00+00:00,20.5,
London,2026-08-21T19:16:00.763565+00:00,2026-09-05T12:00,2026-09-05T11:00:00+00:00,21.7,
London,2026-08-21T19:16:00.763565+00:00,2026-09-05T13:00,2026-09-05T12:00:00+00:00,22.4,
London,2026-08-21T19:16:00.763565+00:00,2026-09-05T14:00,2026-09-05T13:00:00+00:00,,
London,2026-08-21T19:16:00.763565+00:00,2026-09-05T15:00,2026-09-05T14:00:00+00:00,,
London,2026-08-21T19:16:00.763565+00:00,2026-09-05T16:00,2026-09-05T15:00:00+00:00,,
London,2026-08-21T19:16:00.763565+00:00,2026-09-05T17:00,2026-09-05T16:00:00+00:00,,
London,2026-08-21T19:16:00.763565+00:00,2026-09-05T18:00,2026-09-05T17:00:00+00:00,,
London,2026-08-21T19:16:00.763565+00:00,2026-09-05T19:00,2026-09-05T18:00:00+00:00,,
London,2026-08-21T19:16:00.763565+00:00,2026-09-05T20:00,2026-09-05T19:00:00+00:00,,
London,2026-08-21T19:16:00.763565+00:00,2026-09-05T21:00,2026-09-05T20:00:00+00:00,,
London,2026-08-21T19:16:00.763565+00:00,2026-09-05T22:00,2026-09-05T21:00:00+00:00,,
London,2026-08-21T19:16:00.763565+00:00,2026-09-05T23:00,2026-09-05T22:00:00+00:00,,
London,2026-08-21T19:48:13.531695+00:00,2026-08-21T00:00,2026-08-20T23:00:00+00:00,16.1,12.0
London,2026-08-21T19:48:13.531695+00:00,2026-08-21T01:00,2026-08-21T00:00:00+00:00,15.8,0.0
London,2026-08-21T19:48:13.531695+00:00,2026-08-21T02:00,2026-08-21T01:00:00+00:00,15.5,3.0
London,2026-08-21T19:48:13.531695+00:00,2026-08-21T03:00,2026-08-21T02:00:00+00:00,15.4,13.0
London,2026-08-21T19:48:13.531695+00:00,2026-08-21T04:00,2026-08-21T03:00:00+00:00,15.4,20.0
London,2026-08-21T19:48:13.531695+00:00,2026-08-21T05:00,2026-08-21T04:00:00+00:00,15.0,18.0
London,2026-08-21T19:48:13.531695+00:00,2026-08-21T06:00,2026-08-21T05:00:00+00:00,14.7,13.0
London,2026-08-21T19:48:13.531695+00:00,2026-08-21T07:00,2026-08-21T06:00:00+00:00,14.6,8.0
London,2026-08-21T19:48:13.531695+00:00,2026-08-21T08:00,2026-08-21T07:00:00+00:00,15.1,5.0
London,2026-08-21T19:48:13.531695+00:00,2026-08-21T09:00,2026-08-21T08:00:00+00:00,16.2,3.0
London,2026-08-21T19:48:13.531695+00:00,2026-08-21T10:00,2026-08-21T09:00:00+00:00,17.2,2.0
London,2026-08-21T19:48:13.531695+00:00,2026-08-21T11:00,2026-08-21T10:00:00+00:00,18.1,1.0
London,2026-08-21T19:48:13.531695+00:00,2026-08-21T12:00,2026-08-21T11:00:00+00:00,19.2,0.0
London,2026-08-21T19:48:13.531695+00:00,2026-08-21T13:00,2026-08-21T12:00:00+00:00,20.0,0.0
London,2026-08-21T19:48:13.531695+00:00,2026-08-21T14:00,2026-08-21T13:00:00+00:00,20.9,0.0
London,2026-08-21T19:48:13.531695+00:00,2026-08-21T15:00,2026-08-21T14:00:00+00:00,21.2,0.0
London,2026-08-21T19:48:13.531695+00:00,2026-08-21T16:00,2026-08-21T15:00:00+00:00,21.4,0.0
London,2026-08-21T19:48:13.531695+00:00,2026-08-21T17:00,2026-08-21T16:00:00+00:00,21.3,1.0
London,2026-08-21T19:48:13.531695+00:00,2026-08-21T18:00,2026-08-21T17:00:00+00:00,21.2,3.0
London,2026-08-21T19:48:13.531695+00:00,2026-08-21T19:00,2026-08-21T18:00:00+00:00,18.7,4.0
London,2026-08-21T19:48:13.531695+00:00,2026-08-21T20:00,2026-08-21T19:00:00+00:00,17.8,4.0
London,2026-08-21T19:48:13.531695+00:00,2026-08-21T21:00,2026-08-21T20:00:00+00:00,16.5,2.0
London,2026-08-21T19:48:13.531695+00:00,2026-08-21T22:00,2026-08-21T21:00:00+00:00,15.7,2.0
London,2026-08-21T19:48:13.531695+00:00,2026-08-21T23:00,2026-08-21T22:00:00+00:00,15.6,3.0
London,2026-08-21T19:48:13.531695+00:00,2026-08-22T00:00,2026-08-21T23:00:00+00:00,15.4,5.0
London,2026-08-21T19:48:13.531695+00:00,2026-08-22T01:00,2026-08-22T00:00:00+00:00,15.0,6.0
London,2026-08-21T19:48:13.531695+00:00,2026-08-22T02:00,2026-08-22T01:00:00+00:00,14.7,5.0
London,2026-08-21T19:48:13.531695+00:00,2026-08-22T03:00,2026-08-22T02:00:00+00:00,14.2,2.0
London,2026-08-21T19:48:13.531695+00:00,2026-08-22T04:00,2026-08-22T03:00:00+00:00,13.9,0.0
London,2026-08-21T19:48:13.531695+00:00,2026-08-22T05:00,2026-08-22T04:00:00+00:00,13.7,0.0
London,2026-08-21T19:48:13.531695+00:00,2026-08-22T06:00,2026-08-22T05:00:00+00:00,13.4,0.0
London,2026-08-21T19:48:13.531695+00:00,2026-08-22T07:00,2026-08-22T06:00:00+00:00,13.5,0.0
London,2026-08-21T19:48:13.531695+00:00,2026-08-22T08:00,2026-08-22T07:00:00+00:00,14.0,0.0
London,2026-08-21T19:48:13.531695+00:00,2026-08-22T09:00,2026-08-22T08:00:00+00:00,15.4,0.0
London,2026-08-21T19:48:13.531695+00:00,2026-08-22T10:00,2026-08-22T09:00:00+00:00,17.0,0.0
London,2026-08-21T19:48:13.531695+00:00,2026-08-22T11:00,2026-08-22T10:00:00+00:00,18.3,0.0
London,2026-08-21T19:48:13.531695+00:00,2026-08-22T12:00,2026-08-22T11:00:00+00:00,19.4,0.0
London,2026-08-21T19:48:13.531695+00:00,2026-08-22T13:00,2026-08-22T12:00:00+00:00,20.1,0.0
London,2026-08-21T19:48:13.531695+00:00,2026-08-22T14:00,2026-08-22T13:00:00+00:00,20.5,0.0
London,2026-08-21T19:48:13.531695+00:00,2026-08-22T15:00,2026-08-22T14:00:00+00:00,20.6,0.0
London,2026-08-21T19:48:13.531695+00:00,2026-08-22T16:00,2026-08-22T15:00:00+00:00,20.7,0.0
London,2026-08-21T19:48:13.531695+00:00,2026-08-22T17:00,2026-08-22T16:00:00+00:00,20.9,0.0
London,2026-08-21T19:48:13.531695+00:00,2026-08-22T18:00,2026-08-22T17:00:00+00:00,20.9,0.0
London,2026-08-21T19:48:13.531695+00:00,2026-08-22T19:00,2026-08-22T18:00:00+00:00,20.4,0.0
London,2026-08-21T19:48:13.531695+00:00,2026-08-22T20:00,2026-08-22T19:00:00+00:00,19.6,0.0
London,2026-08-21T19:48:13.531695+00:00,2026-08-22T21:00,2026-08-22T20:00:00+00:00,19.2,0.0
London,2026-08-21T19:48:13.531695+00:00,2026-08-22T22:00,2026-08-22T21:00:00+00:00,18.3,0.0
London,2026-08-21T19:48:13.531695+00:00,2026-08-22T23:00,2026-08-22T22:00:00+00:00,17.5,0.0
London,2026-08-21T19:48:13.531695+00:00,2026-08-23T00:00,2026-08-22T23:00:00+00:00,16.9,0.0
London,2026-08-21T19:48:13.531695+00:00,2026-08-23T01:00,2026-08-23T00:00:00+00:00,16.4,0.0
London,2026-08-21T19:48:13.531695+00:00,2026-08-23T02:00,2026-08-23T01:00:00+00:00,15.7,0.0
London,2026-08-21T19:48:13.531695+00:00,2026-08-23T03:00,2026-08-23T02:00:00+00:00,15.3,0.0
London,2026-08-21T19:48:13.531695+00:00,2026-08-23T04:00,2026-08-23T03:00:00+00:00,15.2,0.0
London,2026-08-21T19:48:13.531695+00:00,2026-08-23T05:00,2026-08-23T04:00:00+00:00,15.1,0.0
London,2026-08-21T19:48:13.531695+00:00,2026-08-23T06:00,2026-08-23T05:00:00+00:00,14.8,0.0
London,2026-08-21T19:48:13.531695+00:00,2026-08-23T07:00,2026-08-23T06:00:00+00:00,14.8,0.0
London,2026-08-21T19:48:13.531695+00:00,2026-08-23T08:00,2026-08-23T07:00:00+00:00,15.2,0.0
London,2026-08-21T19:48:13.531695+00:00,2026-08-23T09:00,2026-08-23T08:00:00+00:00,16.4,0.0
London,2026-08-21T19:48:13.531695+00:00,2026-08-23T10:00,2026-08-23T09:00:00+00:00,17.4,0.0
London,2026-08-21T19:48:13.531695+00:00,2026-08-23T11:00,2026-08-23T10:00:00+00:00,18.4,0.0
London,2026-08-21T19:48:13.531695+00:00,2026-08-23T12:00,2026-08-23T11:00:00+00:00,20.2,0.0
London,2026-08-21T19:48:13.531695+00:00,2026-08-23T13:00,2026-08-23T12:00:00+00:00,21.2,0.0
London,2026-08-21T19:48:13.531695+00:00,2026-08-23T14:00,2026-08-23T13:00:00+00:00,22.0,0.0
London,2026-08-21T19:48:13.531695+00:00,2026-08-23T15:00,2026-08-23T14:00:00+00:00,22.5,0.0
London,2026-08-21T19:48:13.531695+00:00,2026-08-23T16:00,2026-08-23T15:00:00+00:00,23.0,0.0
London,2026-08-21T19:48:13.531695+00:00,2026-08-23T17:00,2026-08-23T16:00:00+00:00,23.1,0.0
London,2026-08-21T19:48:13.531695+00:00,2026-08-23T18:00,2026-08-23T17:00:00+00:00,22.7,0.0
London,2026-08-21T19:48:13.531695+00:00,2026-08-23T19:00,2026-08-23T18:00:00+00:00,21.1,0.0
London,2026-08-21T19:48:13.531695+00:00,2026-08-23T20:00,2026-08-23T19:00:00+00:00,20.3,0.0
London,2026-08-21T19:48:13.531695+00:00,2026-08-23T21:00,2026-08-23T20:00:00+00:00,19.5,0.0
London,2026-08-21T19:48:13.531695+00:00,2026-08-23T22:00,2026-08-23T21:00:00+00:00,18.7,0.0
London,2026-08-21T19:48:13.531695+00:00,2026-08-23T23:00,2026-08-23T22:00:00+00:00,18.3,0.0
London,2026-08-21T19:48:13.531695+00:00,2026-08-24T00:00,2026-08-23T23:00:00+00:00,17.9,0.0
London,2026-08-21T19:48:13.531695+00:00,2026-08-24T01:00,2026-08-24T00:00:00+00:00,17.5,0.0
London,2026-08-21T19:48:13.531695+00:00,2026-08-24T02:00,2026-08-24T01:00:00+00:00,17.1,0.0
London,2026-08-21T19:48:13.531695+00:00,2026-08-24T03:00,2026-08-24T02:00:00+00:00,16.7,0.0
London,2026-08-21T19:48:13.531695+00:00,2026-08-24T04:00,2026-08-24T03:00:00+00:00,16.3,0.0
London,2026-08-21T19:48:13.531695+00:00,2026-08-24T05:00,2026-08-24T04:00:00+00:00,15.7,0.0
London,2026-08-21T19:48:13.531695+00:00,2026-08-24T06:00,2026-08-24T05:00:00+00:00,15.2,0.0
London,2026-08-21T19:48:13.531695+00:00,2026-08-24T07:00,2026-08-24T06:00:00+00:00,15.1,0.0
London,2026-08-21T19:48:13.531695+00:00,2026-08-24T08:00,2026-08-24T07:00:00+00:00,16.0,0.0
London,2026-08-21T19:48:13.531695+00:00,2026-08-24T09:00,2026-08-24T08:00:00+00:00,17.4,1.0
London,2026-08-21T19:48:13.531695+00:00,2026-08-24T10:00,2026-08-24T09:00:00+00:00,18.7,2.0
London,2026-08-21T19:48:13.531695+00:00,2026-08-24T11:00,2026-08-24T10:00:00+00:00,19.7,4.0
London,2026-08-21T19:48:13.531695+00:00,2026-08-24T12:00,2026-08-24T11:00:00+00:00,20.5,5.0
London,2026-08-21T19:48:13.531695+00:00,2026-08-24T13:00,2026-08-24T12:00:00+00:00,21.0,6.0
London,2026-08-21T19:48:13.531695+00:00,2026-08-24T14:00,2026-08-24T13:00:00+00:00,21.3,4.0
London,2026-08-21T19:48:13.531695+00:00,2026-08-24T15:00,2026-08-24T14:00:00+00:00,21.4,2.0
London,2026-08-21T19:48:13.531695+00:00,2026-08-24T16:00,2026-08-24T15:00:00+00:00,21.3,0.0
London,2026-08-21T19:48:13.531695+00:00,2026-08-24T17:00,2026-08-24T16:00:00+00:00,20.9,0.0
London,2026-08-21T19:48:13.531695+00:00,2026-08-24T18:00,2026-08-24T17:00:00+00:00,20.3,1.0
London,2026-08-21T19:48:13.531695+00:00,2026-08-24T19:00,2026-08-24T18:00:00+00:00,19.8,2.0
London,2026-08-21T19:48:13.531695+00:00,2026-08-24T20:00,2026-08-24T19:00:00+00:00,19.5,2.0
London,2026-08-21T19:48:13.531695+00:00,2026-08-24T21:00,2026-08-24T20:00:00+00:00,19.3,2.0
London,2026-08-21T19:48:13.531695+00:00,2026-08-24T22:00,2026-08-24T21:00:00+00:00,19.1,2.0
London,2026-08-21T19:48:13.531695+00:00,2026-08-24T23:00,2026-08-24T22:00:00+00:00,18.8,4.0
London,2026-08-21T19:48:13.531695+00:00,2026-08-25T00:00,2026-08-24T23:00:00+00:00,18.5,6.0
London,2026-08-21T19:48:13.531695+00:00,2026-08-25T01:00,2026-08-25T00:00:00+00:00,18.3,8.0
London,2026-08-21T19:48:13.531695+00:00,2026-08-25T02:00,2026-08-25T01:00:00+00:00,18.2,8.0
London,2026-08-21T19:48:13.531695+00:00,2026-08-25T03:00,2026-08-25T02:00:00+00:00,18.2,8.0
London,2026-08-21T19:48:13.531695+00:00,2026-08-25T04:00,2026-08-25T03:00:00+00:00,18.1,8.0
London,2026-08-21T19:48:13.531695+00:00,2026-08-25T05:00,2026-08-25T04:00:00+00:00,17.9,10.0
London,2026-08-21T19:48:13.531695+00:00,2026-08-25T06:00,2026-08-25T05:00:00+00:00,17.6,12.0
London,2026-08-21T19:48:13.531695+00:00,2026-08-25T07:00,2026-08-25T06:00:00+00:00,17.5,14.0
London,2026-08-21T19:48:13.531695+00:00,2026-08-25T08:00,2026-08-25T07:00:00+00:00,17.5,16.0
London,2026-08-21T19:48:13.531695+00:00,2026-08-25T09:00,2026-08-25T08:00:00+00:00,17.6,18.0
London,2026-08-21T19:48:13.531695+00:00,2026-08-25T10:00,2026-08-25T09:00:00+00:00,17.8,20.0
London,2026-08-21T19:48:13.531695+00:00,2026-08-25T11:00,2026-08-25T10:00:00+00:00,18.0,23.0
London,2026-08-21T19:48:13.531695+00:00,2026-08-25T12:00,2026-08-25T11:00:00+00:00,18.2,26.0
London,2026-08-21T19:48:13.531695+00:00,2026-08-25T13:00,2026-08-25T12:00:00+00:00,18.5,27.0
London,2026-08-21T19:48:13.531695+00:00,2026-08-25T14:00,2026-08-25T13:00:00+00:00,19.2,22.0
London,2026-08-21T19:48:13.531695+00:00,2026-08-25T15:00,2026-08-25T14:00:00+00:00,20.1,15.0
London,2026-08-21T19:48:13.531695+00:00,2026-08-25T16:00,2026-08-25T15:00:00+00:00,20.7,10.0
London,2026-08-21T19:48:13.531695+00:00,2026-08-25T17:00,2026-08-25T16:00:00+00:00,21.1,9.0
London,2026-08-21T19:48:13.531695+00:00,2026-08-25T18:00,2026-08-25T17:00:00+00:00,21.4,9.0
London,2026-08-21T19:48:13.531695+00:00,2026-08-25T19:00,2026-08-25T18:00:00+00:00,21.3,10.0
London,2026-08-21T19:48:13.531695+00:00,2026-08-25T20:00,2026-08-25T19:00:00+00:00,20.9,10.0
London,2026-08-21T19:48:13.531695+00:00,2026-08-25T21:00,2026-08-25T20:00:00+00:00,20.2,10.0
London,2026-08-21T19:48:13.531695+00:00,2026-08-25T22:00,2026-08-25T21:00:00+00:00,19.5,12.0
London,2026-08-21T19:48:13.531695+00:00,2026-08-25T23:00,2026-08-25T22:00:00+00:00,19.1,16.0
London,2026-08-21T19:48:13.531695+00:00,2026-08-26T00:00,2026-08-25T23:00:00+00:00,18.8,21.0
London,2026-08-21T19:48:13.531695+00:00,2026-08-26T01:00,2026-08-26T00:00:00+00:00,18.5,25.0
London,2026-08-21T19:48:13.531695+00:00,2026-08-26T02:00,2026-08-26T01:00:00+00:00,18.1,26.0
London,2026-08-21T19:48:13.531695+00:00,2026-08-26T03:00,2026-08-26T02:00:00+00:00,17.6,27.0
London,2026-08-21T19:48:13.531695+00:00,2026-08-26T04:00,2026-08-26T03:00:00+00:00,17.3,27.0
London,2026-08-21T19:48:13.531695+00:00,2026-08-26T05:00,2026-08-26T04:00:00+00:00,17.0,28.0
London,2026-08-21T19:48:13.531695+00:00,2026-08-26T06:00,2026-08-26T05:00:00+00:00,16.8,29.0
London,2026-08-21T19:48:13.531695+00:00,2026-08-26T07:00,2026-08-26T06:00:00+00:00,17.0,29.0
London,2026-08-21T19:48:13.531695+00:00,2026-08-26T08:00,2026-08-26T07:00:00+00:00,17.5,27.0
London,2026-08-21T19:48:13.531695+00:00,2026-08-26T09:00,2026-08-26T08:00:00+00:00,18.3,23.0
London,2026-08-21T19:48:13.531695+00:00,2026-08-26T10:00,2026-08-26T09:00:00+00:00,19.3,22.0
London,2026-08-21T19:48:13.531695+00:00,2026-08-26T11:00,2026-08-26T10:00:00+00:00,20.5,25.0
London,2026-08-21T19:48:13.531695+00:00,2026-08-26T12:00,2026-08-26T11:00:00+00:00,21.8,30.0
London,2026-08-21T19:48:13.531695+00:00,2026-08-26T13:00,2026-08-26T12:00:00+00:00,23.0,35.0
London,2026-08-21T19:48:13.531695+00:00,2026-08-26T14:00,2026-08-26T13:00:00+00:00,24.1,39.0
London,2026-08-21T19:48:13.531695+00:00,2026-08-26T15:00,2026-08-26T14:00:00+00:00,25.0,42.0
London,2026-08-21T19:48:13.531695+00:00,2026-08-26T16:00,2026-08-26T15:00:00+00:00,25.6,41.0
London,2026-08-21T19:48:13.531695+00:00,2026-08-26T17:00,2026-08-26T16:00:00+00:00,25.6,32.0
London,2026-08-21T19:48:13.531695+00:00,2026-08-26T18:00,2026-08-26T17:00:00+00:00,25.4,19.0
London,2026-08-21T19:48:13.531695+00:00,2026-08-26T19:00,2026-08-26T18:00:00+00:00,25.0,10.0
London,2026-08-21T19:48:13.531695+00:00,2026-08-26T20:00,2026-08-26T19:00:00+00:00,24.5,9.0
London,2026-08-21T19:48:13.531695+00:00,2026-08-26T21:00,2026-08-26T20:00:00+00:00,23.8,13.0
London,2026-08-21T19:48:13.531695+00:00,2026-08-26T22:00,2026-08-26T21:00:00+00:00,23.3,18.0
London,2026-08-21T19:48:13.531695+00:00,2026-08-26T23:00,2026-08-26T22:00:00+00:00,22.8,24.0
London,2026-08-21T19:48:13.531695+00:00,2026-08-27T00:00,2026-08-26T23:00:00+00:00,22.4,32.0
London,2026-08-21T19:48:13.531695+00:00,2026-08-27T01:00,2026-08-27T00:00:00+00:00,22.0,39.0
London,2026-08-21T19:48:13.531695+00:00,2026-08-27T02:00,2026-08-27T01:00:00+00:00,21.6,44.0
London,2026-08-21T19:48:13.531695+00:00,2026-08-27T03:00,2026-08-27T02:00:00+00:00,21.1,48.0
London,2026-08-21T19:48:13.531695+00:00,2026-08-27T04:00,2026-08-27T03:00:00+00:00,20.5,51.0
London,2026-08-21T19:48:13.531695+00:00,2026-08-27T05:00,2026-08-27T04:00:00+00:00,19.6,51.0
London,2026-08-21T19:48:13.531695+00:00,2026-08-27T06:00,2026-08-27T05:00:00+00:00,18.7,49.0
London,2026-08-21T19:48:13.531695+00:00,2026-08-27T07:00,2026-08-27T06:00:00+00:00,18.3,49.0
London,2026-08-21T19:48:13.531695+00:00,2026-08-27T08:00,2026-08-27T07:00:00+00:00,18.5,55.0
London,2026-08-21T19:48:13.531695+00:00,2026-08-27T09:00,2026-08-27T08:00:00+00:00,19.2,63.0
London,2026-08-21T19:48:13.531695+00:00,2026-08-27T10:00,2026-08-27T09:00:00+00:00,20.1,69.0
London,2026-08-21T19:48:13.531695+00:00,2026-08-27T11:00,2026-08-27T10:00:00+00:00,21.8,71.0
London,2026-08-21T19:48:13.531695+00:00,2026-08-27T12:00,2026-08-27T11:00:00+00:00,22.8,71.0
London,2026-08-21T19:48:13.531695+00:00,2026-08-27T13:00,2026-08-27T12:00:00+00:00,23.5,71.0
London,2026-08-21T19:48:13.531695+00:00,2026-08-27T14:00,2026-08-27T13:00:00+00:00,23.8,72.0
London,2026-08-21T19:48:13.531695+00:00,2026-08-27T15:00,2026-08-27T14:00:00+00:00,24.1,73.0
London,2026-08-21T19:48:13.531695+00:00,2026-08-27T16:00,2026-08-27T15:00:00+00:00,24.2,74.0
London,2026-08-21T19:48:13.531695+00:00,2026-08-27T17:00,2026-08-27T16:00:00+00:00,24.1,74.0
London,2026-08-21T19:48:13.531695+00:00,2026-08-27T18:00,2026-08-27T17:00:00+00:00,24.0,74.0
London,2026-08-21T19:48:13.531695+00:00,2026-08-27T19:00,2026-08-27T18:00:00+00:00,23.8,71.0
London,2026-08-21T19:48:13.531695+00:00,2026-08-27T20:00,2026-08-27T19:00:00+00:00,23.4,65.0
London,2026-08-21T19:48:13.531695+00:00,2026-08-27T21:00,2026-08-27T20:00:00+00:00,22.9,56.0
London,2026-08-21T19:48:13.531695+00:00,2026-08-27T22:00,2026-08-27T21:00:00+00:00,22.3,48.0
London,2026-08-21T19:48:13.531695+00:00,2026-08-27T23:00,2026-08-27T22:00:00+00:00,21.7,40.0
London,2026-08-21T19:48:13.531695+00:00,2026-08-28T00:00,2026-08-27T23:00:00+00:00,21.1,31.0
London,2026-08-21T19:48:13.531695+00:00,2026-08-28T01:00,2026-08-28T00:00:00+00:00,20.5,25.0
London,2026-08-21T19:48:13.531695+00:00,2026-08-28T02:00,2026-08-28T01:00:00+00:00,20.1,22.0
London,2026-08-21T19:48:13.531695+00:00,2026-08-28T03:00,2026-08-28T02:00:00+00:00,19.6,22.0
London,2026-08-21T19:48:13.531695+00:00,2026-08-28T04:00,2026-08-28T03:00:00+00:00,19.1,22.0
London,2026-08-21T19:48:13.531695+00:00,2026-08-28T05:00,2026-08-28T04:00:00+00:00,18.7,23.0
London,2026-08-21T19:48:13.531695+00:00,2026-08-28T06:00,2026-08-28T05:00:00+00:00,18.4,25.0
London,2026-08-21T19:48:13.531695+00:00,2026-08-28T07:00,2026-08-28T06:00:00+00:00,18.2,27.0
London,2026-08-21T19:48:13.531695+00:00,2026-08-28T08:00,2026-08-28T07:00:00+00:00,18.2,30.0
London,2026-08-21T19:48:13.531695+00:00,2026-08-28T09:00,2026-08-28T08:00:00+00:00,18.2,34.0
London,2026-08-21T19:48:13.531695+00:00,2026-08-28T10:00,2026-08-28T09:00:00+00:00,18.4,38.0
London,2026-08-21T19:48:13.531695+00:00,2026-08-28T11:00,2026-08-28T10:00:00+00:00,18.7,42.0
London,2026-08-21T19:48:13.531695+00:00,2026-08-28T12:00,2026-08-28T11:00:00+00:00,19.5,46.0
London,2026-08-21T19:48:13.531695+00:00,2026-08-28T13:00,2026-08-28T12:00:00+00:00,20.4,51.0
London,2026-08-21T19:48:13.531695+00:00,2026-08-28T14:00,2026-08-28T13:00:00+00:00,20.9,56.0
London,2026-08-21T19:48:13.531695+00:00,2026-08-28T15:00,2026-08-28T14:00:00+00:00,20.6,62.0
London,2026-08-21T19:48:13.531695+00:00,2026-08-28T16:00,2026-08-28T15:00:00+00:00,20.0,66.0
London,2026-08-21T19:48:13.531695+00:00,2026-08-28T17:00,2026-08-28T16:00:00+00:00,19.3,70.0
London,2026-08-21T19:48:13.531695+00:00,2026-08-28T18:00,2026-08-28T17:00:00+00:00,18.6,72.0
London,2026-08-21T19:48:13.531695+00:00,2026-08-28T19:00,2026-08-28T18:00:00+00:00,18.0,71.0
London,2026-08-21T19:48:13.531695+00:00,2026-08-28T20:00,2026-08-28T19:00:00+00:00,17.5,64.0
London,2026-08-21T19:48:13.531695+00:00,2026-08-28T21:00,2026-08-28T20:00:00+00:00,16.8,54.0
London,2026-08-21T19:48:13.531695+00:00,2026-08-28T22:00,2026-08-28T21:00:00+00:00,16.2,43.0
London,2026-08-21T19:48:13.531695+00:00,2026-08-28T23:00,2026-08-28T22:00:00+00:00,15.6,32.0
London,2026-08-21T19:48:13.531695+00:00,2026-08-29T00:00,2026-08-28T23:00:00+00:00,15.1,21.0
London,2026-08-21T19:48:13.531695+00:00,2026-08-29T01:00,2026-08-29T00:00:00+00:00,14.8,14.0
London,2026-08-21T19:48:13.531695+00:00,2026-08-29T02:00,2026-08-29T01:00:00+00:00,14.5,12.0
London,2026-08-21T19:48:13.531695+00:00,2026-08-29T03:00,2026-08-29T02:00:00+00:00,14.4,14.0
London,2026-08-21T19:48:13.531695+00:00,2026-08-29T04:00,2026-08-29T03:00:00+00:00,14.3,17.0
London,2026-08-21T19:48:13.531695+00:00,2026-08-29T05:00,2026-08-29T04:00:00+00:00,14.3,20.0
London,2026-08-21T19:48:13.531695+00:00,2026-08-29T06:00,2026-08-29T05:00:00+00:00,14.5,24.0
London,2026-08-21T19:48:13.531695+00:00,2026-08-29T07:00,2026-08-29T06:00:00+00:00,14.7,27.0
London,2026-08-21T19:48:13.531695+00:00,2026-08-29T08:00,2026-08-29T07:00:00+00:00,15.1,28.0
London,2026-08-21T19:48:13.531695+00:00,2026-08-29T09:00,2026-08-29T08:00:00+00:00,15.8,28.0
London,2026-08-21T19:48:13.531695+00:00,2026-08-29T10:00,2026-08-29T09:00:00+00:00,16.5,29.0
London,2026-08-21T19:48:13.531695+00:00,2026-08-29T11:00,2026-08-29T10:00:00+00:00,17.2,30.0
London,2026-08-21T19:48:13.531695+00:00,2026-08-29T12:00,2026-08-29T11:00:00+00:00,17.9,31.0
London,2026-08-21T19:48:13.531695+00:00,2026-08-29T13:00,2026-08-29T12:00:00+00:00,18.4,33.0
London,2026-08-21T19:48:13.531695+00:00,2026-08-29T14:00,2026-08-29T13:00:00+00:00,18.8,37.0
London,2026-08-21T19:48:13.531695+00:00,2026-08-29T15:00,2026-08-29T14:00:00+00:00,19.2,42.0
London,2026-08-21T19:48:13.531695+00:00,2026-08-29T16:00,2026-08-29T15:00:00+00:00,19.5,47.0
London,2026-08-21T19:48:13.531695+00:00,2026-08-29T17:00,2026-08-29T16:00:00+00:00,19.7,51.0
London,2026-08-21T19:48:13.531695+00:00,2026-08-29T18:00,2026-08-29T17:00:00+00:00,19.8,55.0
London,2026-08-21T19:48:13.531695+00:00,2026-08-29T19:00,2026-08-29T18:00:00+00:00,19.7,55.0
London,2026-08-21T19:48:13.531695+00:00,2026-08-29T20:00,2026-08-29T19:00:00+00:00,19.4,50.0
London,2026-08-21T19:48:13.531695+00:00,2026-08-29T21:00,2026-08-29T20:00:00+00:00,18.8,42.0
London,2026-08-21T19:48:13.531695+00:00,2026-08-29T22:00,2026-08-29T21:00:00+00:00,18.2,33.0
London,2026-08-21T19:48:13.531695+00:00,2026-08-29T23:00,2026-08-29T22:00:00+00:00,17.5,24.0
London,2026-08-21T19:48:13.531695+00:00,2026-08-30T00:00,2026-08-29T23:00:00+00:00,16.8,16.0
London,2026-08-21T19:48:13.531695+00:00,2026-08-30T01:00,2026-08-30T00:00:00+00:00,16.3,10.0
London,2026-08-21T19:48:13.531695+00:00,2026-08-30T02:00,2026-08-30T01:00:00+00:00,15.8,9.0
London,2026-08-21T19:48:13.531695+00:00,2026-08-30T03:00,2026-08-30T02:00:00+00:00,15.3,10.0
London,2026-08-21T19:48:13.531695+00:00,2026-08-30T04:00,2026-08-30T03:00:00+00:00,14.9,12.0
London,2026-08-21T19:48:13.531695+00:00,2026-08-30T05:00,2026-08-30T04:00:00+00:00,14.5,14.0
London,2026-08-21T19:48:13.531695+00:00,2026-08-30T06:00,2026-08-30T05:00:00+00:00,14.4,17.0
London,2026-08-21T19:48:13.531695+00:00,2026-08-30T07:00,2026-08-30T06:00:00+00:00,14.5,20.0
London,2026-08-21T19:48:13.531695+00:00,2026-08-30T08:00,2026-08-30T07:00:00+00:00,15.1,21.0
London,2026-08-21T19:48:13.531695+00:00,2026-08-30T09:00,2026-08-30T08:00:00+00:00,16.1,22.0
London,2026-08-21T19:48:13.531695+00:00,2026-08-30T10:00,2026-08-30T09:00:00+00:00,17.3,23.0
London,2026-08-21T19:48:13.531695+00:00,2026-08-30T11:00,2026-08-30T10:00:00+00:00,18.5,24.0
London,2026-08-21T19:48:13.531695+00:00,2026-08-30T12:00,2026-08-30T11:00:00+00:00,19.6,25.0
London,2026-08-21T19:48:13.531695+00:00,2026-08-30T13:00,2026-08-30T12:00:00+00:00,20.3,27.0
London,2026-08-21T19:48:13.531695+00:00,2026-08-30T14:00,2026-08-30T13:00:00+00:00,20.6,31.0
London,2026-08-21T19:48:13.531695+00:00,2026-08-30T15:00,2026-08-30T14:00:00+00:00,20.8,35.0
London,2026-08-21T19:48:13.531695+00:00,2026-08-30T16:00,2026-08-30T15:00:00+00:00,20.7,39.0
London,2026-08-21T19:48:13.531695+00:00,2026-08-30T17:00,2026-08-30T16:00:00+00:00,20.6,43.0
London,2026-08-21T19:48:13.531695+00:00,2026-08-30T18:00,2026-08-30T17:00:00+00:00,20.3,46.0
London,2026-08-21T19:48:13.531695+00:00,2026-08-30T19:00,2026-08-30T18:00:00+00:00,19.9,47.0
London,2026-08-21T19:48:13.531695+00:00,2026-08-30T20:00,2026-08-30T19:00:00+00:00,19.3,45.0
London,2026-08-21T19:48:13.531695+00:00,2026-08-30T21:00,2026-08-30T20:00:00+00:00,18.4,41.0
London,2026-08-21T19:48:13.531695+00:00,2026-08-30T22:00,2026-08-30T21:00:00+00:00,17.5,36.0
London,2026-08-21T19:48:13.531695+00:00,2026-08-30T23:00,2026-08-30T22:00:00+00:00,16.5,31.0
London,2026-08-21T19:48:13.531695+00:00,2026-08-31T00:00,2026-08-30T23:00:00+00:00,15.6,26.0
London,2026-08-21T19:48:13.531695+00:00,2026-08-31T01:00,2026-08-31T00:00:00+00:00,15.0,22.0
London,2026-08-21T19:48:13.531695+00:00,2026-08-31T02:00,2026-08-31T01:00:00+00:00,14.5,20.0
London,2026-08-21T19:48:13.531695+00:00,2026-08-31T03:00,2026-08-31T02:00:00+00:00,14.0,18.0
London,2026-08-21T19:48:13.531695+00:00,2026-08-31T04:00,2026-08-31T03:00:00+00:00,13.6,17.0
London,2026-08-21T19:48:13.531695+00:00,2026-08-31T05:00,2026-08-31T04:00:00+00:00,13.4,16.0
London,2026-08-21T19:48:13.531695+00:00,2026-08-31T06:00,2026-08-31T05:00:00+00:00,13.3,16.0
London,2026-08-21T19:48:13.531695+00:00,2026-08-31T07:00,2026-08-31T06:00:00+00:00,13.6,16.0
London,2026-08-21T19:48:13.531695+00:00,2026-08-31T08:00,2026-08-31T07:00:00+00:00,14.3,16.0
London,2026-08-21T19:48:13.531695+00:00,2026-08-31T09:00,2026-08-31T08:00:00+00:00,15.5,16.0
London,2026-08-21T19:48:13.531695+00:00,2026-08-31T10:00,2026-08-31T09:00:00+00:00,16.9,16.0
London,2026-08-21T19:48:13.531695+00:00,2026-08-31T11:00,2026-08-31T10:00:00+00:00,18.3,17.0
London,2026-08-21T19:48:13.531695+00:00,2026-08-31T12:00,2026-08-31T11:00:00+00:00,19.5,18.0
London,2026-08-21T19:48:13.531695+00:00,2026-08-31T13:00,2026-08-31T12:00:00+00:00,20.3,20.0
London,2026-08-21T19:48:13.531695+00:00,2026-08-31T14:00,2026-08-31T13:00:00+00:00,20.7,24.0
London,2026-08-21T19:48:13.531695+00:00,2026-08-31T15:00,2026-08-31T14:00:00+00:00,20.9,29.0
London,2026-08-21T19:48:13.531695+00:00,2026-08-31T16:00,2026-08-31T15:00:00+00:00,20.9,34.0
London,2026-08-21T19:48:13.531695+00:00,2026-08-31T17:00,2026-08-31T16:00:00+00:00,20.8,38.0
London,2026-08-21T19:48:13.531695+00:00,2026-08-31T18:00,2026-08-31T17:00:00+00:00,20.5,42.0
London,2026-08-21T19:48:13.531695+00:00,2026-08-31T19:00,2026-08-31T18:00:00+00:00,20.3,43.0
London,2026-08-21T19:48:13.531695+00:00,2026-08-31T20:00,2026-08-31T19:00:00+00:00,19.9,39.0
London,2026-08-21T19:48:13.531695+00:00,2026-08-31T21:00,2026-08-31T20:00:00+00:00,19.3,33.0
London,2026-08-21T19:48:13.531695+00:00,2026-08-31T22:00,2026-08-31T21:00:00+00:00,18.7,26.0
London,2026-08-21T19:48:13.531695+00:00,2026-08-31T23:00,2026-08-31T22:00:00+00:00,18.0,19.0
London,2026-08-21T19:48:13.531695+00:00,2026-09-01T00:00,2026-08-31T23:00:00+00:00,17.4,11.0
London,2026-08-21T19:48:13.531695+00:00,2026-09-01T01:00,2026-09-01T00:00:00+00:00,16.9,6.0
London,2026-08-21T19:48:13.531695+00:00,2026-09-01T02:00,2026-09-01T01:00:00+00:00,16.6,4.0
London,2026-08-21T19:48:13.531695+00:00,2026-09-01T03:00,2026-09-01T02:00:00+00:00,16.2,4.0
London,2026-08-21T19:48:13.531695+00:00,2026-09-01T04:00,2026-09-01T03:00:00+00:00,15.9,5.0
London,2026-08-21T19:48:13.531695+00:00,2026-09-01T05:00,2026-09-01T04:00:00+00:00,15.8,6.0
London,2026-08-21T19:48:13.531695+00:00,2026-09-01T06:00,2026-09-01T05:00:00+00:00,15.8,8.0
London,2026-08-21T19:48:13.531695+00:00,2026-09-01T07:00,2026-09-01T06:00:00+00:00,16.0,10.0
London,2026-08-21T19:48:13.531695+00:00,2026-09-01T08:00,2026-09-01T07:00:00+00:00,16.7,13.0
London,2026-08-21T19:48:13.531695+00:00,2026-09-01T09:00,2026-09-01T08:00:00+00:00,17.7,16.0
London,2026-08-21T19:48:13.531695+00:00,2026-09-01T10:00,2026-09-01T09:00:00+00:00,18.8,19.0
London,2026-08-21T19:48:13.531695+00:00,2026-09-01T11:00,2026-09-01T10:00:00+00:00,20.0,22.0
London,2026-08-21T19:48:13.531695+00:00,2026-09-01T12:00,2026-09-01T11:00:00+00:00,20.9,25.0
London,2026-08-21T19:48:13.531695+00:00,2026-09-01T13:00,2026-09-01T12:00:00+00:00,21.5,29.0
London,2026-08-21T19:48:13.531695+00:00,2026-09-01T14:00,2026-09-01T13:00:00+00:00,21.6,34.0
London,2026-08-21T19:48:13.531695+00:00,2026-09-01T15:00,2026-09-01T14:00:00+00:00,21.4,39.0
London,2026-08-21T19:48:13.531695+00:00,2026-09-01T16:00,2026-09-01T15:00:00+00:00,21.0,43.0
London,2026-08-21T19:48:13.531695+00:00,2026-09-01T17:00,2026-09-01T16:00:00+00:00,20.5,46.0
London,2026-08-21T19:48:13.531695+00:00,2026-09-01T18:00,2026-09-01T17:00:00+00:00,19.9,49.0
London,2026-08-21T19:48:13.531695+00:00,2026-09-01T19:00,2026-09-01T18:00:00+00:00,19.4,49.0
London,2026-08-21T19:48:13.531695+00:00,2026-09-01T20:00,2026-09-01T19:00:00+00:00,18.8,45.0
London,2026-08-21T19:48:13.531695+00:00,2026-09-01T21:00,2026-09-01T20:00:00+00:00,18.2,38.0
London,2026-08-21T19:48:13.531695+00:00,2026-09-01T22:00,2026-09-01T21:00:00+00:00,17.5,31.0
London,2026-08-21T19:48:13.531695+00:00,2026-09-01T23:00,2026-09-01T22:00:00+00:00,16.8,24.0
London,2026-08-21T19:48:13.531695+00:00,2026-09-02T00:00,2026-09-01T23:00:00+00:00,16.2,16.0
London,2026-08-21T19:48:13.531695+00:00,2026-09-02T01:00,2026-09-02T00:00:00+00:00,15.7,10.0
London,2026-08-21T19:48:13.531695+00:00,2026-09-02T02:00,2026-09-02T01:00:00+00:00,15.2,7.0
London,2026-08-21T19:48:13.531695+00:00,2026-09-02T03:00,2026-09-02T02:00:00+00:00,14.8,7.0
London,2026-08-21T19:48:13.531695+00:00,2026-09-02T04:00,2026-09-02T03:00:00+00:00,14.5,7.0
London,2026-08-21T19:48:13.531695+00:00,2026-09-02T05:00,2026-09-02T04:00:00+00:00,14.3,7.0
London,2026-08-21T19:48:13.531695+00:00,2026-09-02T06:00,2026-09-02T05:00:00+00:00,14.3,9.0
London,2026-08-21T19:48:13.531695+00:00,2026-09-02T07:00,2026-09-02T06:00:00+00:00,14.6,10.0
London,2026-08-21T19:48:13.531695+00:00,2026-09-02T08:00,2026-09-02T07:00:00+00:00,15.4,12.0
London,2026-08-21T19:48:13.531695+00:00,2026-09-02T09:00,2026-09-02T08:00:00+00:00,16.6,14.0
London,2026-08-21T19:48:13.531695+00:00,2026-09-02T10:00,2026-09-02T09:00:00+00:00,18.1,16.0
London,2026-08-21T19:48:13.531695+00:00,2026-09-02T11:00,2026-09-02T10:00:00+00:00,19.5,18.0
London,2026-08-21T19:48:13.531695+00:00,2026-09-02T12:00,2026-09-02T11:00:00+00:00,20.7,20.0
London,2026-08-21T19:48:13.531695+00:00,2026-09-02T13:00,2026-09-02T12:00:00+00:00,21.4,22.0
London,2026-08-21T19:48:13.531695+00:00,2026-09-02T14:00,2026-09-02T13:00:00+00:00,21.6,23.0
London,2026-08-21T19:48:13.531695+00:00,2026-09-02T15:00,2026-09-02T14:00:00+00:00,21.5,24.0
London,2026-08-21T19:48:13.531695+00:00,2026-09-02T16:00,2026-09-02T15:00:00+00:00,21.1,25.0
London,2026-08-21T19:48:13.531695+00:00,2026-09-02T17:00,2026-09-02T16:00:00+00:00,20.5,25.0
London,2026-08-21T19:48:13.531695+00:00,2026-09-02T18:00,2026-09-02T17:00:00+00:00,19.9,26.0
London,2026-08-21T19:48:13.531695+00:00,2026-09-02T19:00,2026-09-02T18:00:00+00:00,19.3,25.0
London,2026-08-21T19:48:13.531695+00:00,2026-09-02T20:00,2026-09-02T19:00:00+00:00,18.7,23.0
London,2026-08-21T19:48:13.531695+00:00,2026-09-02T21:00,2026-09-02T20:00:00+00:00,18.1,21.0
London,2026-08-21T19:48:13.531695+00:00,2026-09-02T22:00,2026-09-02T21:00:00+00:00,17.3,18.0
London,2026-08-21T19:48:13.531695+00:00,2026-09-02T23:00,2026-09-02T22:00:00+00:00,16.6,15.0
London,2026-08-21T19:48:13.531695+00:00,2026-09-03T00:00,2026-09-02T23:00:00+00:00,15.9,12.0
London,2026-08-21T19:48:13.531695+00:00,2026-09-03T01:00,2026-09-03T00:00:00+00:00,15.4,10.0
London,2026-08-21T19:48:13.531695+00:00,2026-09-03T02:00,2026-09-03T01:00:00+00:00,14.8,8.0
London,2026-08-21T19:48:13.531695+00:00,2026-09-03T03:00,2026-09-03T02:00:00+00:00,14.3,7.0
London,2026-08-21T19:48:13.531695+00:00,2026-09-03T04:00,2026-09-03T03:00:00+00:00,13.8,6.0
London,2026-08-21T19:48:13.531695+00:00,2026-09-03T05:00,2026-09-03T04:00:00+00:00,13.4,6.0
London,2026-08-21T19:48:13.531695+00:00,2026-09-03T06:00,2026-09-03T05:00:00+00:00,13.3,5.0
London,2026-08-21T19:48:13.531695+00:00,2026-09-03T07:00,2026-09-03T06:00:00+00:00,13.5,6.0
London,2026-08-21T19:48:13.531695+00:00,2026-09-03T08:00,2026-09-03T07:00:00+00:00,14.2,7.0
London,2026-08-21T19:48:13.531695+00:00,2026-09-03T09:00,2026-09-03T08:00:00+00:00,15.4,9.0
London,2026-08-21T19:48:13.531695+00:00,2026-09-03T10:00,2026-09-03T09:00:00+00:00,16.7,11.0
London,2026-08-21T19:48:13.531695+00:00,2026-09-03T11:00,2026-09-03T10:00:00+00:00,18.1,13.0
London,2026-08-21T19:48:13.531695+00:00,2026-09-03T12:00,2026-09-03T11:00:00+00:00,19.3,16.0
London,2026-08-21T19:48:13.531695+00:00,2026-09-03T13:00,2026-09-03T12:00:00+00:00,20.0,18.0
London,2026-08-21T19:48:13.531695+00:00,2026-09-03T14:00,2026-09-03T13:00:00+00:00,20.3,20.0
London,2026-08-21T19:48:13.531695+00:00,2026-09-03T15:00,2026-09-03T14:00:00+00:00,20.3,21.0
London,2026-08-21T19:48:13.531695+00:00,2026-09-03T16:00,2026-09-03T15:00:00+00:00,20.1,22.0
London,2026-08-21T19:48:13.531695+00:00,2026-09-03T17:00,2026-09-03T16:00:00+00:00,19.8,23.0
London,2026-08-21T19:48:13.531695+00:00,2026-09-03T18:00,2026-09-03T17:00:00+00:00,19.3,24.0
London,2026-08-21T19:48:13.531695+00:00,2026-09-03T19:00,2026-09-03T18:00:00+00:00,18.9,25.0
London,2026-08-21T19:48:13.531695+00:00,2026-09-03T20:00,2026-09-03T19:00:00+00:00,18.3,25.0
London,2026-08-21T19:48:13.531695+00:00,2026-09-03T21:00,2026-09-03T20:00:00+00:00,17.6,25.0
London,2026-08-21T19:48:13.531695+00:00,2026-09-03T22:00,2026-09-03T21:00:00+00:00,16.7,24.0
London,2026-08-21T19:48:13.531695+00:00,2026-09-03T23:00,2026-09-03T22:00:00+00:00,15.9,23.0
London,2026-08-21T19:48:13.531695+00:00,2026-09-04T00:00,2026-09-03T23:00:00+00:00,15.2,22.0
London,2026-08-21T19:48:13.531695+00:00,2026-09-04T01:00,2026-09-04T00:00:00+00:00,14.7,22.0
London,2026-08-21T19:48:13.531695+00:00,2026-09-04T02:00,2026-09-04T01:00:00+00:00,14.4,23.0
London,2026-08-21T19:48:13.531695+00:00,2026-09-04T03:00,2026-09-04T02:00:00+00:00,14.1,24.0
London,2026-08-21T19:48:13.531695+00:00,2026-09-04T04:00,2026-09-04T03:00:00+00:00,14.0,25.0
London,2026-08-21T19:48:13.531695+00:00,2026-09-04T05:00,2026-09-04T04:00:00+00:00,14.0,26.0
London,2026-08-21T19:48:13.531695+00:00,2026-09-04T06:00,2026-09-04T05:00:00+00:00,14.3,28.0
London,2026-08-21T19:48:13.531695+00:00,2026-09-04T07:00,2026-09-04T06:00:00+00:00,14.8,29.0
London,2026-08-21T19:48:13.531695+00:00,2026-09-04T08:00,2026-09-04T07:00:00+00:00,15.8,29.0
London,2026-08-21T19:48:13.531695+00:00,2026-09-04T09:00,2026-09-04T08:00:00+00:00,17.2,29.0
London,2026-08-21T19:48:13.531695+00:00,2026-09-04T10:00,2026-09-04T09:00:00+00:00,18.9,29.0
London,2026-08-21T19:48:13.531695+00:00,2026-09-04T11:00,2026-09-04T10:00:00+00:00,20.5,29.0
London,2026-08-21T19:48:13.531695+00:00,2026-09-04T12:00,2026-09-04T11:00:00+00:00,21.9,29.0
London,2026-08-21T19:48:13.531695+00:00,2026-09-04T13:00,2026-09-04T12:00:00+00:00,22.7,29.0
London,2026-08-21T19:48:13.531695+00:00,2026-09-04T14:00,2026-09-04T13:00:00+00:00,22.9,30.0
London,2026-08-21T19:48:13.531695+00:00,2026-09-04T15:00,2026-09-04T14:00:00+00:00,22.8,31.0
London,2026-08-21T19:48:13.531695+00:00,2026-09-04T16:00,2026-09-04T15:00:00+00:00,22.3,32.0
London,2026-08-21T19:48:13.531695+00:00,2026-09-04T17:00,2026-09-04T16:00:00+00:00,21.6,33.0
London,2026-08-21T19:48:13.531695+00:00,2026-09-04T18:00,2026-09-04T17:00:00+00:00,21.0,33.0
London,2026-08-21T19:48:13.531695+00:00,2026-09-04T19:00,2026-09-04T18:00:00+00:00,20.4,33.0
London,2026-08-21T19:48:13.531695+00:00,2026-09-04T20:00,2026-09-04T19:00:00+00:00,19.9,31.0
London,2026-08-21T19:48:13.531695+00:00,2026-09-04T21:00,2026-09-04T20:00:00+00:00,19.3,29.0
London,2026-08-21T19:48:13.531695+00:00,2026-09-04T22:00,2026-09-04T21:00:00+00:00,18.7,26.0
London,2026-08-21T19:48:13.531695+00:00,2026-09-04T23:00,2026-09-04T22:00:00+00:00,18.1,23.0
London,2026-08-21T19:48:13.531695+00:00,2026-09-05T00:00,2026-09-04T23:00:00+00:00,17.6,20.0
London,2026-08-21T19:48:13.531695+00:00,2026-09-05T01:00,2026-09-05T00:00:00+00:00,17.1,18.0
London,2026-08-21T19:48:13.531695+00:00,2026-09-05T02:00,2026-09-05T01:00:00+00:00,16.7,17.0
London,2026-08-21T19:48:13.531695+00:00,2026-09-05T03:00,2026-09-05T02:00:00+00:00,16.4,18.0
London,2026-08-21T19:48:13.531695+00:00,2026-09-05T04:00,2026-09-05T03:00:00+00:00,16.1,
London,2026-08-21T19:48:13.531695+00:00,2026-09-05T05:00,2026-09-05T04:00:00+00:00,15.9,
London,2026-08-21T19:48:13.531695+00:00,2026-09-05T06:00,2026-09-05T05:00:00+00:00,15.9,
London,2026-08-21T19:48:13.531695+00:00,2026-09-05T07:00,2026-09-05T06:00:00+00:00,16.2,
London,2026-08-21T19:48:13.531695+00:00,2026-09-05T08:00,2026-09-05T07:00:00+00:00,16.9,
London,2026-08-21T19:48:13.531695+00:00,2026-09-05T09:00,2026-09-05T08:00:00+00:00,18.0,
London,2026-08-21T19:48:13.531695+00:00,2026-09-05T10:00,2026-09-05T09:00:00+00:00,19.2,
London,2026-08-21T19:48:13.531695+00:00,2026-09-05T11:00,2026-09-05T10:00:00+00:00,20.5,
London,2026-08-21T19:48:13.531695+00:00,2026-09-05T12:00,2026-09-05T11:00:00+00:00,21.8,
London,2026-08-21T19:48:13.531695+00:00,2026-09-05T13:00,2026-09-05T12:00:00+00:00,22.5,
London,2026-08-21T19:48:13.531695+00:00,2026-09-05T14:00,2026-09-05T13:00:00+00:00,22.8,
London,2026-08-21T19:48:13.531695+00:00,2026-09-05T15:00,2026-09-05T14:00:00+00:00,22.6,
London,2026-08-21T19:48:13.531695+00:00,2026-09-05T16:00,2026-09-05T15:00:00+00:00,,
London,2026-08-21T19:48:13.531695+00:00,2026-09-05T17:00,2026-09-05T16:00:00+00:00,,
London,2026-08-21T19:48:13.531695+00:00,2026-09-05T18:00,2026-09-05T17:00:00+00:00,,
London,2026-08-21T19:48:13.531695+00:00,2026-09-05T19:00,2026-09-05T18:00:00+00:00,,
London,2026-08-21T19:48:13.531695+00:00,2026-09-05T20:00,2026-09-05T19:00:00+00:00,,
London,2026-08-21T19:48:13.531695+00:00,2026-09-05T21:00,2026-09-05T20:00:00+00:00,,
London,2026-08-21T19:48:13.531695+00:00,2026-09-05T22:00,2026-09-05T21:00:00+00:00,,
London,2026-08-21T19:48:13.531695+00:00,2026-09-05T23:00,2026-09-05T22:00:00+00:00,,
London,2026-08-21T20:52:02.876305+00:00,2026-08-21T00:00,2026-08-20T23:00:00+00:00,16.1,12.0
London,2026-08-21T20:52:02.876305+00:00,2026-08-21T01:00,2026-08-21T00:00:00+00:00,15.8,0.0
London,2026-08-21T20:52:02.876305+00:00,2026-08-21T02:00,2026-08-21T01:00:00+00:00,15.5,3.0
London,2026-08-21T20:52:02.876305+00:00,2026-08-21T03:00,2026-08-21T02:00:00+00:00,15.4,13.0
London,2026-08-21T20:52:02.876305+00:00,2026-08-21T04:00,2026-08-21T03:00:00+00:00,15.4,20.0
London,2026-08-21T20:52:02.876305+00:00,2026-08-21T05:00,2026-08-21T04:00:00+00:00,15.0,18.0
London,2026-08-21T20:52:02.876305+00:00,2026-08-21T06:00,2026-08-21T05:00:00+00:00,14.7,13.0
London,2026-08-21T20:52:02.876305+00:00,2026-08-21T07:00,2026-08-21T06:00:00+00:00,14.6,8.0
London,2026-08-21T20:52:02.876305+00:00,2026-08-21T08:00,2026-08-21T07:00:00+00:00,15.1,5.0
London,2026-08-21T20:52:02.876305+00:00,2026-08-21T09:00,2026-08-21T08:00:00+00:00,16.2,3.0
London,2026-08-21T20:52:02.876305+00:00,2026-08-21T10:00,2026-08-21T09:00:00+00:00,17.2,2.0
London,2026-08-21T20:52:02.876305+00:00,2026-08-21T11:00,2026-08-21T10:00:00+00:00,18.1,1.0
London,2026-08-21T20:52:02.876305+00:00,2026-08-21T12:00,2026-08-21T11:00:00+00:00,19.2,0.0
London,2026-08-21T20:52:02.876305+00:00,2026-08-21T13:00,2026-08-21T12:00:00+00:00,20.0,0.0
London,2026-08-21T20:52:02.876305+00:00,2026-08-21T14:00,2026-08-21T13:00:00+00:00,20.9,0.0
London,2026-08-21T20:52:02.876305+00:00,2026-08-21T15:00,2026-08-21T14:00:00+00:00,21.2,0.0
London,2026-08-21T20:52:02.876305+00:00,2026-08-21T16:00,2026-08-21T15:00:00+00:00,21.4,0.0
London,2026-08-21T20:52:02.876305+00:00,2026-08-21T17:00,2026-08-21T16:00:00+00:00,21.3,1.0
London,2026-08-21T20:52:02.876305+00:00,2026-08-21T18:00,2026-08-21T17:00:00+00:00,21.2,3.0
London,2026-08-21T20:52:02.876305+00:00,2026-08-21T19:00,2026-08-21T18:00:00+00:00,20.0,4.0
London,2026-08-21T20:52:02.876305+00:00,2026-08-21T20:00,2026-08-21T19:00:00+00:00,18.2,4.0
London,2026-08-21T20:52:02.876305+00:00,2026-08-21T21:00,2026-08-21T20:00:00+00:00,16.6,2.0
London,2026-08-21T20:52:02.876305+00:00,2026-08-21T22:00,2026-08-21T21:00:00+00:00,15.7,2.0
London,2026-08-21T20:52:02.876305+00:00,2026-08-21T23:00,2026-08-21T22:00:00+00:00,15.4,3.0
London,2026-08-21T20:52:02.876305+00:00,2026-08-22T00:00,2026-08-21T23:00:00+00:00,15.2,5.0
London,2026-08-21T20:52:02.876305+00:00,2026-08-22T01:00,2026-08-22T00:00:00+00:00,15.2,6.0
London,2026-08-21T20:52:02.876305+00:00,2026-08-22T02:00,2026-08-22T01:00:00+00:00,14.8,5.0
London,2026-08-21T20:52:02.876305+00:00,2026-08-22T03:00,2026-08-22T02:00:00+00:00,14.3,2.0
London,2026-08-21T20:52:02.876305+00:00,2026-08-22T04:00,2026-08-22T03:00:00+00:00,13.9,0.0
London,2026-08-21T20:52:02.876305+00:00,2026-08-22T05:00,2026-08-22T04:00:00+00:00,13.7,0.0
London,2026-08-21T20:52:02.876305+00:00,2026-08-22T06:00,2026-08-22T05:00:00+00:00,13.4,0.0
London,2026-08-21T20:52:02.876305+00:00,2026-08-22T07:00,2026-08-22T06:00:00+00:00,13.5,0.0
London,2026-08-21T20:52:02.876305+00:00,2026-08-22T08:00,2026-08-22T07:00:00+00:00,14.0,0.0
London,2026-08-21T20:52:02.876305+00:00,2026-08-22T09:00,2026-08-22T08:00:00+00:00,15.4,0.0
London,2026-08-21T20:52:02.876305+00:00,2026-08-22T10:00,2026-08-22T09:00:00+00:00,17.0,0.0
London,2026-08-21T20:52:02.876305+00:00,2026-08-22T11:00,2026-08-22T10:00:00+00:00,18.3,0.0
London,2026-08-21T20:52:02.876305+00:00,2026-08-22T12:00,2026-08-22T11:00:00+00:00,19.4,0.0
London,2026-08-21T20:52:02.876305+00:00,2026-08-22T13:00,2026-08-22T12:00:00+00:00,20.1,0.0
London,2026-08-21T20:52:02.876305+00:00,2026-08-22T14:00,2026-08-22T13:00:00+00:00,20.5,0.0
London,2026-08-21T20:52:02.876305+00:00,2026-08-22T15:00,2026-08-22T14:00:00+00:00,20.6,0.0
London,2026-08-21T20:52:02.876305+00:00,2026-08-22T16:00,2026-08-22T15:00:00+00:00,20.7,0.0
London,2026-08-21T20:52:02.876305+00:00,2026-08-22T17:00,2026-08-22T16:00:00+00:00,20.9,0.0
London,2026-08-21T20:52:02.876305+00:00,2026-08-22T18:00,2026-08-22T17:00:00+00:00,20.9,0.0
London,2026-08-21T20:52:02.876305+00:00,2026-08-22T19:00,2026-08-22T18:00:00+00:00,20.4,0.0
London,2026-08-21T20:52:02.876305+00:00,2026-08-22T20:00,2026-08-22T19:00:00+00:00,19.6,0.0
London,2026-08-21T20:52:02.876305+00:00,2026-08-22T21:00,2026-08-22T20:00:00+00:00,19.2,0.0
London,2026-08-21T20:52:02.876305+00:00,2026-08-22T22:00,2026-08-22T21:00:00+00:00,18.3,0.0
London,2026-08-21T20:52:02.876305+00:00,2026-08-22T23:00,2026-08-22T22:00:00+00:00,17.5,0.0
London,2026-08-21T20:52:02.876305+00:00,2026-08-23T00:00,2026-08-22T23:00:00+00:00,16.9,0.0
London,2026-08-21T20:52:02.876305+00:00,2026-08-23T01:00,2026-08-23T00:00:00+00:00,16.4,0.0
London,2026-08-21T20:52:02.876305+00:00,2026-08-23T02:00,2026-08-23T01:00:00+00:00,15.7,0.0
London,2026-08-21T20:52:02.876305+00:00,2026-08-23T03:00,2026-08-23T02:00:00+00:00,15.3,0.0
London,2026-08-21T20:52:02.876305+00:00,2026-08-23T04:00,2026-08-23T03:00:00+00:00,15.2,0.0
London,2026-08-21T20:52:02.876305+00:00,2026-08-23T05:00,2026-08-23T04:00:00+00:00,15.1,0.0
London,2026-08-21T20:52:02.876305+00:00,2026-08-23T06:00,2026-08-23T05:00:00+00:00,14.8,0.0
London,2026-08-21T20:52:02.876305+00:00,2026-08-23T07:00,2026-08-23T06:00:00+00:00,14.8,0.0
London,2026-08-21T20:52:02.876305+00:00,2026-08-23T08:00,2026-08-23T07:00:00+00:00,15.2,0.0
London,2026-08-21T20:52:02.876305+00:00,2026-08-23T09:00,2026-08-23T08:00:00+00:00,16.4,0.0
London,2026-08-21T20:52:02.876305+00:00,2026-08-23T10:00,2026-08-23T09:00:00+00:00,17.4,0.0
London,2026-08-21T20:52:02.876305+00:00,2026-08-23T11:00,2026-08-23T10:00:00+00:00,18.4,0.0
London,2026-08-21T20:52:02.876305+00:00,2026-08-23T12:00,2026-08-23T11:00:00+00:00,20.2,0.0
London,2026-08-21T20:52:02.876305+00:00,2026-08-23T13:00,2026-08-23T12:00:00+00:00,21.2,0.0
London,2026-08-21T20:52:02.876305+00:00,2026-08-23T14:00,2026-08-23T13:00:00+00:00,22.0,0.0
London,2026-08-21T20:52:02.876305+00:00,2026-08-23T15:00,2026-08-23T14:00:00+00:00,22.5,0.0
London,2026-08-21T20:52:02.876305+00:00,2026-08-23T16:00,2026-08-23T15:00:00+00:00,23.0,0.0
London,2026-08-21T20:52:02.876305+00:00,2026-08-23T17:00,2026-08-23T16:00:00+00:00,23.1,0.0
London,2026-08-21T20:52:02.876305+00:00,2026-08-23T18:00,2026-08-23T17:00:00+00:00,22.7,0.0
London,2026-08-21T20:52:02.876305+00:00,2026-08-23T19:00,2026-08-23T18:00:00+00:00,21.1,0.0
London,2026-08-21T20:52:02.876305+00:00,2026-08-23T20:00,2026-08-23T19:00:00+00:00,20.3,0.0
London,2026-08-21T20:52:02.876305+00:00,2026-08-23T21:00,2026-08-23T20:00:00+00:00,19.5,0.0
London,2026-08-21T20:52:02.876305+00:00,2026-08-23T22:00,2026-08-23T21:00:00+00:00,18.7,0.0
London,2026-08-21T20:52:02.876305+00:00,2026-08-23T23:00,2026-08-23T22:00:00+00:00,18.3,0.0
London,2026-08-21T20:52:02.876305+00:00,2026-08-24T00:00,2026-08-23T23:00:00+00:00,17.9,0.0
London,2026-08-21T20:52:02.876305+00:00,2026-08-24T01:00,2026-08-24T00:00:00+00:00,17.5,0.0
London,2026-08-21T20:52:02.876305+00:00,2026-08-24T02:00,2026-08-24T01:00:00+00:00,17.1,0.0
London,2026-08-21T20:52:02.876305+00:00,2026-08-24T03:00,2026-08-24T02:00:00+00:00,16.7,0.0
London,2026-08-21T20:52:02.876305+00:00,2026-08-24T04:00,2026-08-24T03:00:00+00:00,16.3,0.0
London,2026-08-21T20:52:02.876305+00:00,2026-08-24T05:00,2026-08-24T04:00:00+00:00,15.7,0.0
London,2026-08-21T20:52:02.876305+00:00,2026-08-24T06:00,2026-08-24T05:00:00+00:00,15.2,0.0
London,2026-08-21T20:52:02.876305+00:00,2026-08-24T07:00,2026-08-24T06:00:00+00:00,15.1,0.0
London,2026-08-21T20:52:02.876305+00:00,2026-08-24T08:00,2026-08-24T07:00:00+00:00,16.0,0.0
London,2026-08-21T20:52:02.876305+00:00,2026-08-24T09:00,2026-08-24T08:00:00+00:00,17.4,1.0
London,2026-08-21T20:52:02.876305+00:00,2026-08-24T10:00,2026-08-24T09:00:00+00:00,18.7,2.0
London,2026-08-21T20:52:02.876305+00:00,2026-08-24T11:00,2026-08-24T10:00:00+00:00,19.7,4.0
London,2026-08-21T20:52:02.876305+00:00,2026-08-24T12:00,2026-08-24T11:00:00+00:00,20.5,5.0
London,2026-08-21T20:52:02.876305+00:00,2026-08-24T13:00,2026-08-24T12:00:00+00:00,21.0,6.0
London,2026-08-21T20:52:02.876305+00:00,2026-08-24T14:00,2026-08-24T13:00:00+00:00,21.3,4.0
London,2026-08-21T20:52:02.876305+00:00,2026-08-24T15:00,2026-08-24T14:00:00+00:00,21.4,2.0
London,2026-08-21T20:52:02.876305+00:00,2026-08-24T16:00,2026-08-24T15:00:00+00:00,21.3,0.0
London,2026-08-21T20:52:02.876305+00:00,2026-08-24T17:00,2026-08-24T16:00:00+00:00,20.9,0.0
London,2026-08-21T20:52:02.876305+00:00,2026-08-24T18:00,2026-08-24T17:00:00+00:00,20.3,1.0
London,2026-08-21T20:52:02.876305+00:00,2026-08-24T19:00,2026-08-24T18:00:00+00:00,19.8,2.0
London,2026-08-21T20:52:02.876305+00:00,2026-08-24T20:00,2026-08-24T19:00:00+00:00,19.5,2.0
London,2026-08-21T20:52:02.876305+00:00,2026-08-24T21:00,2026-08-24T20:00:00+00:00,19.3,2.0
London,2026-08-21T20:52:02.876305+00:00,2026-08-24T22:00,2026-08-24T21:00:00+00:00,19.1,2.0
London,2026-08-21T20:52:02.876305+00:00,2026-08-24T23:00,2026-08-24T22:00:00+00:00,18.8,4.0
London,2026-08-21T20:52:02.876305+00:00,2026-08-25T00:00,2026-08-24T23:00:00+00:00,18.5,6.0
London,2026-08-21T20:52:02.876305+00:00,2026-08-25T01:00,2026-08-25T00:00:00+00:00,18.3,8.0
London,2026-08-21T20:52:02.876305+00:00,2026-08-25T02:00,2026-08-25T01:00:00+00:00,18.2,8.0
London,2026-08-21T20:52:02.876305+00:00,2026-08-25T03:00,2026-08-25T02:00:00+00:00,18.2,8.0
London,2026-08-21T20:52:02.876305+00:00,2026-08-25T04:00,2026-08-25T03:00:00+00:00,18.1,8.0
London,2026-08-21T20:52:02.876305+00:00,2026-08-25T05:00,2026-08-25T04:00:00+00:00,17.9,10.0
London,2026-08-21T20:52:02.876305+00:00,2026-08-25T06:00,2026-08-25T05:00:00+00:00,17.6,12.0
London,2026-08-21T20:52:02.876305+00:00,2026-08-25T07:00,2026-08-25T06:00:00+00:00,17.5,14.0
London,2026-08-21T20:52:02.876305+00:00,2026-08-25T08:00,2026-08-25T07:00:00+00:00,17.5,16.0
London,2026-08-21T20:52:02.876305+00:00,2026-08-25T09:00,2026-08-25T08:00:00+00:00,17.6,18.0
London,2026-08-21T20:52:02.876305+00:00,2026-08-25T10:00,2026-08-25T09:00:00+00:00,17.8,20.0
London,2026-08-21T20:52:02.876305+00:00,2026-08-25T11:00,2026-08-25T10:00:00+00:00,18.0,23.0
London,2026-08-21T20:52:02.876305+00:00,2026-08-25T12:00,2026-08-25T11:00:00+00:00,18.2,26.0
London,2026-08-21T20:52:02.876305+00:00,2026-08-25T13:00,2026-08-25T12:00:00+00:00,18.5,27.0
London,2026-08-21T20:52:02.876305+00:00,2026-08-25T14:00,2026-08-25T13:00:00+00:00,19.2,22.0
London,2026-08-21T20:52:02.876305+00:00,2026-08-25T15:00,2026-08-25T14:00:00+00:00,20.1,15.0
London,2026-08-21T20:52:02.876305+00:00,2026-08-25T16:00,2026-08-25T15:00:00+00:00,20.7,10.0
London,2026-08-21T20:52:02.876305+00:00,2026-08-25T17:00,2026-08-25T16:00:00+00:00,21.1,9.0
London,2026-08-21T20:52:02.876305+00:00,2026-08-25T18:00,2026-08-25T17:00:00+00:00,21.4,9.0
London,2026-08-21T20:52:02.876305+00:00,2026-08-25T19:00,2026-08-25T18:00:00+00:00,21.3,10.0
London,2026-08-21T20:52:02.876305+00:00,2026-08-25T20:00,2026-08-25T19:00:00+00:00,20.9,10.0
London,2026-08-21T20:52:02.876305+00:00,2026-08-25T21:00,2026-08-25T20:00:00+00:00,20.2,10.0
London,2026-08-21T20:52:02.876305+00:00,2026-08-25T22:00,2026-08-25T21:00:00+00:00,19.5,12.0
London,2026-08-21T20:52:02.876305+00:00,2026-08-25T23:00,2026-08-25T22:00:00+00:00,19.1,16.0
London,2026-08-21T20:52:02.876305+00:00,2026-08-26T00:00,2026-08-25T23:00:00+00:00,18.8,21.0
London,2026-08-21T20:52:02.876305+00:00,2026-08-26T01:00,2026-08-26T00:00:00+00:00,18.5,25.0
London,2026-08-21T20:52:02.876305+00:00,2026-08-26T02:00,2026-08-26T01:00:00+00:00,18.1,26.0
London,2026-08-21T20:52:02.876305+00:00,2026-08-26T03:00,2026-08-26T02:00:00+00:00,17.6,27.0
London,2026-08-21T20:52:02.876305+00:00,2026-08-26T04:00,2026-08-26T03:00:00+00:00,17.3,27.0
London,2026-08-21T20:52:02.876305+00:00,2026-08-26T05:00,2026-08-26T04:00:00+00:00,17.0,28.0
London,2026-08-21T20:52:02.876305+00:00,2026-08-26T06:00,2026-08-26T05:00:00+00:00,16.8,29.0
London,2026-08-21T20:52:02.876305+00:00,2026-08-26T07:00,2026-08-26T06:00:00+00:00,17.0,29.0
London,2026-08-21T20:52:02.876305+00:00,2026-08-26T08:00,2026-08-26T07:00:00+00:00,17.5,27.0
London,2026-08-21T20:52:02.876305+00:00,2026-08-26T09:00,2026-08-26T08:00:00+00:00,18.3,23.0
London,2026-08-21T20:52:02.876305+00:00,2026-08-26T10:00,2026-08-26T09:00:00+00:00,19.3,22.0
London,2026-08-21T20:52:02.876305+00:00,2026-08-26T11:00,2026-08-26T10:00:00+00:00,20.5,25.0
London,2026-08-21T20:52:02.876305+00:00,2026-08-26T12:00,2026-08-26T11:00:00+00:00,21.8,30.0
London,2026-08-21T20:52:02.876305+00:00,2026-08-26T13:00,2026-08-26T12:00:00+00:00,23.0,35.0
London,2026-08-21T20:52:02.876305+00:00,2026-08-26T14:00,2026-08-26T13:00:00+00:00,24.1,39.0
London,2026-08-21T20:52:02.876305+00:00,2026-08-26T15:00,2026-08-26T14:00:00+00:00,25.0,42.0
London,2026-08-21T20:52:02.876305+00:00,2026-08-26T16:00,2026-08-26T15:00:00+00:00,25.6,41.0
London,2026-08-21T20:52:02.876305+00:00,2026-08-26T17:00,2026-08-26T16:00:00+00:00,25.6,32.0
London,2026-08-21T20:52:02.876305+00:00,2026-08-26T18:00,2026-08-26T17:00:00+00:00,25.4,19.0
London,2026-08-21T20:52:02.876305+00:00,2026-08-26T19:00,2026-08-26T18:00:00+00:00,25.0,10.0
London,2026-08-21T20:52:02.876305+00:00,2026-08-26T20:00,2026-08-26T19:00:00+00:00,24.5,9.0
London,2026-08-21T20:52:02.876305+00:00,2026-08-26T21:00,2026-08-26T20:00:00+00:00,23.8,13.0
London,2026-08-21T20:52:02.876305+00:00,2026-08-26T22:00,2026-08-26T21:00:00+00:00,23.3,18.0
London,2026-08-21T20:52:02.876305+00:00,2026-08-26T23:00,2026-08-26T22:00:00+00:00,22.8,24.0
London,2026-08-21T20:52:02.876305+00:00,2026-08-27T00:00,2026-08-26T23:00:00+00:00,22.4,32.0
London,2026-08-21T20:52:02.876305+00:00,2026-08-27T01:00,2026-08-27T00:00:00+00:00,22.0,39.0
London,2026-08-21T20:52:02.876305+00:00,2026-08-27T02:00,2026-08-27T01:00:00+00:00,21.6,44.0
London,2026-08-21T20:52:02.876305+00:00,2026-08-27T03:00,2026-08-27T02:00:00+00:00,21.1,48.0
London,2026-08-21T20:52:02.876305+00:00,2026-08-27T04:00,2026-08-27T03:00:00+00:00,20.5,51.0
London,2026-08-21T20:52:02.876305+00:00,2026-08-27T05:00,2026-08-27T04:00:00+00:00,19.6,51.0
London,2026-08-21T20:52:02.876305+00:00,2026-08-27T06:00,2026-08-27T05:00:00+00:00,18.7,49.0
London,2026-08-21T20:52:02.876305+00:00,2026-08-27T07:00,2026-08-27T06:00:00+00:00,18.3,49.0
London,2026-08-21T20:52:02.876305+00:00,2026-08-27T08:00,2026-08-27T07:00:00+00:00,18.5,55.0
London,2026-08-21T20:52:02.876305+00:00,2026-08-27T09:00,2026-08-27T08:00:00+00:00,19.2,63.0
London,2026-08-21T20:52:02.876305+00:00,2026-08-27T10:00,2026-08-27T09:00:00+00:00,20.1,69.0
London,2026-08-21T20:52:02.876305+00:00,2026-08-27T11:00,2026-08-27T10:00:00+00:00,21.8,71.0
London,2026-08-21T20:52:02.876305+00:00,2026-08-27T12:00,2026-08-27T11:00:00+00:00,22.8,71.0
London,2026-08-21T20:52:02.876305+00:00,2026-08-27T13:00,2026-08-27T12:00:00+00:00,23.5,71.0
London,2026-08-21T20:52:02.876305+00:00,2026-08-27T14:00,2026-08-27T13:00:00+00:00,23.8,72.0
London,2026-08-21T20:52:02.876305+00:00,2026-08-27T15:00,2026-08-27T14:00:00+00:00,24.1,73.0
London,2026-08-21T20:52:02.876305+00:00,2026-08-27T16:00,2026-08-27T15:00:00+00:00,24.2,74.0
London,2026-08-21T20:52:02.876305+00:00,2026-08-27T17:00,2026-08-27T16:00:00+00:00,24.1,74.0
London,2026-08-21T20:52:02.876305+00:00,2026-08-27T18:00,2026-08-27T17:00:00+00:00,24.0,74.0
London,2026-08-21T20:52:02.876305+00:00,2026-08-27T19:00,2026-08-27T18:00:00+00:00,23.8,71.0
London,2026-08-21T20:52:02.876305+00:00,2026-08-27T20:00,2026-08-27T19:00:00+00:00,23.4,65.0
London,2026-08-21T20:52:02.876305+00:00,2026-08-27T21:00,2026-08-27T20:00:00+00:00,22.9,56.0
London,2026-08-21T20:52:02.876305+00:00,2026-08-27T22:00,2026-08-27T21:00:00+00:00,22.3,48.0
London,2026-08-21T20:52:02.876305+00:00,2026-08-27T23:00,2026-08-27T22:00:00+00:00,21.7,40.0
London,2026-08-21T20:52:02.876305+00:00,2026-08-28T00:00,2026-08-27T23:00:00+00:00,21.1,31.0
London,2026-08-21T20:52:02.876305+00:00,2026-08-28T01:00,2026-08-28T00:00:00+00:00,20.5,25.0
London,2026-08-21T20:52:02.876305+00:00,2026-08-28T02:00,2026-08-28T01:00:00+00:00,20.1,22.0
London,2026-08-21T20:52:02.876305+00:00,2026-08-28T03:00,2026-08-28T02:00:00+00:00,19.6,22.0
London,2026-08-21T20:52:02.876305+00:00,2026-08-28T04:00,2026-08-28T03:00:00+00:00,19.1,22.0
London,2026-08-21T20:52:02.876305+00:00,2026-08-28T05:00,2026-08-28T04:00:00+00:00,18.7,23.0
London,2026-08-21T20:52:02.876305+00:00,2026-08-28T06:00,2026-08-28T05:00:00+00:00,18.4,25.0
London,2026-08-21T20:52:02.876305+00:00,2026-08-28T07:00,2026-08-28T06:00:00+00:00,18.2,27.0
London,2026-08-21T20:52:02.876305+00:00,2026-08-28T08:00,2026-08-28T07:00:00+00:00,18.2,30.0
London,2026-08-21T20:52:02.876305+00:00,2026-08-28T09:00,2026-08-28T08:00:00+00:00,18.2,34.0
London,2026-08-21T20:52:02.876305+00:00,2026-08-28T10:00,2026-08-28T09:00:00+00:00,18.4,38.0
London,2026-08-21T20:52:02.876305+00:00,2026-08-28T11:00,2026-08-28T10:00:00+00:00,18.7,42.0
London,2026-08-21T20:52:02.876305+00:00,2026-08-28T12:00,2026-08-28T11:00:00+00:00,19.5,46.0
London,2026-08-21T20:52:02.876305+00:00,2026-08-28T13:00,2026-08-28T12:00:00+00:00,20.4,51.0
London,2026-08-21T20:52:02.876305+00:00,2026-08-28T14:00,2026-08-28T13:00:00+00:00,20.9,56.0
London,2026-08-21T20:52:02.876305+00:00,2026-08-28T15:00,2026-08-28T14:00:00+00:00,20.6,62.0
London,2026-08-21T20:52:02.876305+00:00,2026-08-28T16:00,2026-08-28T15:00:00+00:00,20.0,66.0
London,2026-08-21T20:52:02.876305+00:00,2026-08-28T17:00,2026-08-28T16:00:00+00:00,19.3,70.0
London,2026-08-21T20:52:02.876305+00:00,2026-08-28T18:00,2026-08-28T17:00:00+00:00,18.6,72.0
London,2026-08-21T20:52:02.876305+00:00,2026-08-28T19:00,2026-08-28T18:00:00+00:00,18.0,71.0
London,2026-08-21T20:52:02.876305+00:00,2026-08-28T20:00,2026-08-28T19:00:00+00:00,17.5,64.0
London,2026-08-21T20:52:02.876305+00:00,2026-08-28T21:00,2026-08-28T20:00:00+00:00,16.8,54.0
London,2026-08-21T20:52:02.876305+00:00,2026-08-28T22:00,2026-08-28T21:00:00+00:00,16.2,43.0
London,2026-08-21T20:52:02.876305+00:00,2026-08-28T23:00,2026-08-28T22:00:00+00:00,15.6,32.0
London,2026-08-21T20:52:02.876305+00:00,2026-08-29T00:00,2026-08-28T23:00:00+00:00,15.1,21.0
London,2026-08-21T20:52:02.876305+00:00,2026-08-29T01:00,2026-08-29T00:00:00+00:00,14.8,14.0
London,2026-08-21T20:52:02.876305+00:00,2026-08-29T02:00,2026-08-29T01:00:00+00:00,14.5,12.0
London,2026-08-21T20:52:02.876305+00:00,2026-08-29T03:00,2026-08-29T02:00:00+00:00,14.4,14.0
London,2026-08-21T20:52:02.876305+00:00,2026-08-29T04:00,2026-08-29T03:00:00+00:00,14.3,17.0
London,2026-08-21T20:52:02.876305+00:00,2026-08-29T05:00,2026-08-29T04:00:00+00:00,14.3,20.0
London,2026-08-21T20:52:02.876305+00:00,2026-08-29T06:00,2026-08-29T05:00:00+00:00,14.5,24.0
London,2026-08-21T20:52:02.876305+00:00,2026-08-29T07:00,2026-08-29T06:00:00+00:00,14.7,27.0
London,2026-08-21T20:52:02.876305+00:00,2026-08-29T08:00,2026-08-29T07:00:00+00:00,15.1,28.0
London,2026-08-21T20:52:02.876305+00:00,2026-08-29T09:00,2026-08-29T08:00:00+00:00,15.8,28.0
London,2026-08-21T20:52:02.876305+00:00,2026-08-29T10:00,2026-08-29T09:00:00+00:00,16.5,29.0
London,2026-08-21T20:52:02.876305+00:00,2026-08-29T11:00,2026-08-29T10:00:00+00:00,17.2,30.0
London,2026-08-21T20:52:02.876305+00:00,2026-08-29T12:00,2026-08-29T11:00:00+00:00,17.9,31.0
London,2026-08-21T20:52:02.876305+00:00,2026-08-29T13:00,2026-08-29T12:00:00+00:00,18.4,33.0
London,2026-08-21T20:52:02.876305+00:00,2026-08-29T14:00,2026-08-29T13:00:00+00:00,18.8,37.0
London,2026-08-21T20:52:02.876305+00:00,2026-08-29T15:00,2026-08-29T14:00:00+00:00,19.2,42.0
London,2026-08-21T20:52:02.876305+00:00,2026-08-29T16:00,2026-08-29T15:00:00+00:00,19.5,47.0
London,2026-08-21T20:52:02.876305+00:00,2026-08-29T17:00,2026-08-29T16:00:00+00:00,19.7,51.0
London,2026-08-21T20:52:02.876305+00:00,2026-08-29T18:00,2026-08-29T17:00:00+00:00,19.8,55.0
London,2026-08-21T20:52:02.876305+00:00,2026-08-29T19:00,2026-08-29T18:00:00+00:00,19.7,55.0
London,2026-08-21T20:52:02.876305+00:00,2026-08-29T20:00,2026-08-29T19:00:00+00:00,19.4,50.0
London,2026-08-21T20:52:02.876305+00:00,2026-08-29T21:00,2026-08-29T20:00:00+00:00,18.8,42.0
London,2026-08-21T20:52:02.876305+00:00,2026-08-29T22:00,2026-08-29T21:00:00+00:00,18.2,33.0
London,2026-08-21T20:52:02.876305+00:00,2026-08-29T23:00,2026-08-29T22:00:00+00:00,17.5,24.0
London,2026-08-21T20:52:02.876305+00:00,2026-08-30T00:00,2026-08-29T23:00:00+00:00,16.8,16.0
London,2026-08-21T20:52:02.876305+00:00,2026-08-30T01:00,2026-08-30T00:00:00+00:00,16.3,10.0
London,2026-08-21T20:52:02.876305+00:00,2026-08-30T02:00,2026-08-30T01:00:00+00:00,15.8,9.0
London,2026-08-21T20:52:02.876305+00:00,2026-08-30T03:00,2026-08-30T02:00:00+00:00,15.3,10.0
London,2026-08-21T20:52:02.876305+00:00,2026-08-30T04:00,2026-08-30T03:00:00+00:00,14.9,12.0
London,2026-08-21T20:52:02.876305+00:00,2026-08-30T05:00,2026-08-30T04:00:00+00:00,14.5,14.0
London,2026-08-21T20:52:02.876305+00:00,2026-08-30T06:00,2026-08-30T05:00:00+00:00,14.4,17.0
London,2026-08-21T20:52:02.876305+00:00,2026-08-30T07:00,2026-08-30T06:00:00+00:00,14.5,20.0
London,2026-08-21T20:52:02.876305+00:00,2026-08-30T08:00,2026-08-30T07:00:00+00:00,15.1,21.0
London,2026-08-21T20:52:02.876305+00:00,2026-08-30T09:00,2026-08-30T08:00:00+00:00,16.1,22.0
London,2026-08-21T20:52:02.876305+00:00,2026-08-30T10:00,2026-08-30T09:00:00+00:00,17.3,23.0
London,2026-08-21T20:52:02.876305+00:00,2026-08-30T11:00,2026-08-30T10:00:00+00:00,18.5,24.0
London,2026-08-21T20:52:02.876305+00:00,2026-08-30T12:00,2026-08-30T11:00:00+00:00,19.6,25.0
London,2026-08-21T20:52:02.876305+00:00,2026-08-30T13:00,2026-08-30T12:00:00+00:00,20.3,27.0
London,2026-08-21T20:52:02.876305+00:00,2026-08-30T14:00,2026-08-30T13:00:00+00:00,20.6,31.0
London,2026-08-21T20:52:02.876305+00:00,2026-08-30T15:00,2026-08-30T14:00:00+00:00,20.8,35.0
London,2026-08-21T20:52:02.876305+00:00,2026-08-30T16:00,2026-08-30T15:00:00+00:00,20.7,39.0
London,2026-08-21T20:52:02.876305+00:00,2026-08-30T17:00,2026-08-30T16:00:00+00:00,20.6,43.0
London,2026-08-21T20:52:02.876305+00:00,2026-08-30T18:00,2026-08-30T17:00:00+00:00,20.3,46.0
London,2026-08-21T20:52:02.876305+00:00,2026-08-30T19:00,2026-08-30T18:00:00+00:00,19.9,47.0
London,2026-08-21T20:52:02.876305+00:00,2026-08-30T20:00,2026-08-30T19:00:00+00:00,19.3,45.0
London,2026-08-21T20:52:02.876305+00:00,2026-08-30T21:00,2026-08-30T20:00:00+00:00,18.4,41.0
London,2026-08-21T20:52:02.876305+00:00,2026-08-30T22:00,2026-08-30T21:00:00+00:00,17.5,36.0
London,2026-08-21T20:52:02.876305+00:00,2026-08-30T23:00,2026-08-30T22:00:00+00:00,16.5,31.0
London,2026-08-21T20:52:02.876305+00:00,2026-08-31T00:00,2026-08-30T23:00:00+00:00,15.6,26.0
London,2026-08-21T20:52:02.876305+00:00,2026-08-31T01:00,2026-08-31T00:00:00+00:00,15.0,22.0
London,2026-08-21T20:52:02.876305+00:00,2026-08-31T02:00,2026-08-31T01:00:00+00:00,14.5,20.0
London,2026-08-21T20:52:02.876305+00:00,2026-08-31T03:00,2026-08-31T02:00:00+00:00,14.0,18.0
London,2026-08-21T20:52:02.876305+00:00,2026-08-31T04:00,2026-08-31T03:00:00+00:00,13.6,17.0
London,2026-08-21T20:52:02.876305+00:00,2026-08-31T05:00,2026-08-31T04:00:00+00:00,13.4,16.0
London,2026-08-21T20:52:02.876305+00:00,2026-08-31T06:00,2026-08-31T05:00:00+00:00,13.3,16.0
London,2026-08-21T20:52:02.876305+00:00,2026-08-31T07:00,2026-08-31T06:00:00+00:00,13.6,16.0
London,2026-08-21T20:52:02.876305+00:00,2026-08-31T08:00,2026-08-31T07:00:00+00:00,14.3,16.0
London,2026-08-21T20:52:02.876305+00:00,2026-08-31T09:00,2026-08-31T08:00:00+00:00,15.5,16.0
London,2026-08-21T20:52:02.876305+00:00,2026-08-31T10:00,2026-08-31T09:00:00+00:00,16.9,16.0
London,2026-08-21T20:52:02.876305+00:00,2026-08-31T11:00,2026-08-31T10:00:00+00:00,18.3,17.0
London,2026-08-21T20:52:02.876305+00:00,2026-08-31T12:00,2026-08-31T11:00:00+00:00,19.5,18.0
London,2026-08-21T20:52:02.876305+00:00,2026-08-31T13:00,2026-08-31T12:00:00+00:00,20.3,20.0
London,2026-08-21T20:52:02.876305+00:00,2026-08-31T14:00,2026-08-31T13:00:00+00:00,20.7,24.0
London,2026-08-21T20:52:02.876305+00:00,2026-08-31T15:00,2026-08-31T14:00:00+00:00,20.9,29.0
London,2026-08-21T20:52:02.876305+00:00,2026-08-31T16:00,2026-08-31T15:00:00+00:00,20.9,34.0
London,2026-08-21T20:52:02.876305+00:00,2026-08-31T17:00,2026-08-31T16:00:00+00:00,20.8,38.0
London,2026-08-21T20:52:02.876305+00:00,2026-08-31T18:00,2026-08-31T17:00:00+00:00,20.5,42.0
London,2026-08-21T20:52:02.876305+00:00,2026-08-31T19:00,2026-08-31T18:00:00+00:00,20.3,43.0
London,2026-08-21T20:52:02.876305+00:00,2026-08-31T20:00,2026-08-31T19:00:00+00:00,19.9,39.0
London,2026-08-21T20:52:02.876305+00:00,2026-08-31T21:00,2026-08-31T20:00:00+00:00,19.3,33.0
London,2026-08-21T20:52:02.876305+00:00,2026-08-31T22:00,2026-08-31T21:00:00+00:00,18.7,26.0
London,2026-08-21T20:52:02.876305+00:00,2026-08-31T23:00,2026-08-31T22:00:00+00:00,18.0,19.0
London,2026-08-21T20:52:02.876305+00:00,2026-09-01T00:00,2026-08-31T23:00:00+00:00,17.4,11.0
London,2026-08-21T20:52:02.876305+00:00,2026-09-01T01:00,2026-09-01T00:00:00+00:00,16.9,6.0
London,2026-08-21T20:52:02.876305+00:00,2026-09-01T02:00,2026-09-01T01:00:00+00:00,16.6,4.0
London,2026-08-21T20:52:02.876305+00:00,2026-09-01T03:00,2026-09-01T02:00:00+00:00,16.2,4.0
London,2026-08-21T20:52:02.876305+00:00,2026-09-01T04:00,2026-09-01T03:00:00+00:00,15.9,5.0
London,2026-08-21T20:52:02.876305+00:00,2026-09-01T05:00,2026-09-01T04:00:00+00:00,15.8,6.0
London,2026-08-21T20:52:02.876305+00:00,2026-09-01T06:00,2026-09-01T05:00:00+00:00,15.8,8.0
London,2026-08-21T20:52:02.876305+00:00,2026-09-01T07:00,2026-09-01T06:00:00+00:00,16.0,10.0
London,2026-08-21T20:52:02.876305+00:00,2026-09-01T08:00,2026-09-01T07:00:00+00:00,16.7,13.0
London,2026-08-21T20:52:02.876305+00:00,2026-09-01T09:00,2026-09-01T08:00:00+00:00,17.7,16.0
London,2026-08-21T20:52:02.876305+00:00,2026-09-01T10:00,2026-09-01T09:00:00+00:00,18.8,19.0
London,2026-08-21T20:52:02.876305+00:00,2026-09-01T11:00,2026-09-01T10:00:00+00:00,20.0,22.0
London,2026-08-21T20:52:02.876305+00:00,2026-09-01T12:00,2026-09-01T11:00:00+00:00,20.9,25.0
London,2026-08-21T20:52:02.876305+00:00,2026-09-01T13:00,2026-09-01T12:00:00+00:00,21.5,29.0
London,2026-08-21T20:52:02.876305+00:00,2026-09-01T14:00,2026-09-01T13:00:00+00:00,21.6,34.0
London,2026-08-21T20:52:02.876305+00:00,2026-09-01T15:00,2026-09-01T14:00:00+00:00,21.4,39.0
London,2026-08-21T20:52:02.876305+00:00,2026-09-01T16:00,2026-09-01T15:00:00+00:00,21.0,43.0
London,2026-08-21T20:52:02.876305+00:00,2026-09-01T17:00,2026-09-01T16:00:00+00:00,20.5,46.0
London,2026-08-21T20:52:02.876305+00:00,2026-09-01T18:00,2026-09-01T17:00:00+00:00,19.9,49.0
London,2026-08-21T20:52:02.876305+00:00,2026-09-01T19:00,2026-09-01T18:00:00+00:00,19.4,49.0
London,2026-08-21T20:52:02.876305+00:00,2026-09-01T20:00,2026-09-01T19:00:00+00:00,18.8,45.0
London,2026-08-21T20:52:02.876305+00:00,2026-09-01T21:00,2026-09-01T20:00:00+00:00,18.2,38.0
London,2026-08-21T20:52:02.876305+00:00,2026-09-01T22:00,2026-09-01T21:00:00+00:00,17.5,31.0
London,2026-08-21T20:52:02.876305+00:00,2026-09-01T23:00,2026-09-01T22:00:00+00:00,16.8,24.0
London,2026-08-21T20:52:02.876305+00:00,2026-09-02T00:00,2026-09-01T23:00:00+00:00,16.2,16.0
London,2026-08-21T20:52:02.876305+00:00,2026-09-02T01:00,2026-09-02T00:00:00+00:00,15.7,10.0
London,2026-08-21T20:52:02.876305+00:00,2026-09-02T02:00,2026-09-02T01:00:00+00:00,15.2,7.0
London,2026-08-21T20:52:02.876305+00:00,2026-09-02T03:00,2026-09-02T02:00:00+00:00,14.8,7.0
London,2026-08-21T20:52:02.876305+00:00,2026-09-02T04:00,2026-09-02T03:00:00+00:00,14.5,7.0
London,2026-08-21T20:52:02.876305+00:00,2026-09-02T05:00,2026-09-02T04:00:00+00:00,14.3,7.0
London,2026-08-21T20:52:02.876305+00:00,2026-09-02T06:00,2026-09-02T05:00:00+00:00,14.3,9.0
London,2026-08-21T20:52:02.876305+00:00,2026-09-02T07:00,2026-09-02T06:00:00+00:00,14.6,10.0
London,2026-08-21T20:52:02.876305+00:00,2026-09-02T08:00,2026-09-02T07:00:00+00:00,15.4,12.0
London,2026-08-21T20:52:02.876305+00:00,2026-09-02T09:00,2026-09-02T08:00:00+00:00,16.6,14.0
London,2026-08-21T20:52:02.876305+00:00,2026-09-02T10:00,2026-09-02T09:00:00+00:00,18.1,16.0
London,2026-08-21T20:52:02.876305+00:00,2026-09-02T11:00,2026-09-02T10:00:00+00:00,19.5,18.0
London,2026-08-21T20:52:02.876305+00:00,2026-09-02T12:00,2026-09-02T11:00:00+00:00,20.7,20.0
London,2026-08-21T20:52:02.876305+00:00,2026-09-02T13:00,2026-09-02T12:00:00+00:00,21.4,22.0
London,2026-08-21T20:52:02.876305+00:00,2026-09-02T14:00,2026-09-02T13:00:00+00:00,21.6,23.0
London,2026-08-21T20:52:02.876305+00:00,2026-09-02T15:00,2026-09-02T14:00:00+00:00,21.5,24.0
London,2026-08-21T20:52:02.876305+00:00,2026-09-02T16:00,2026-09-02T15:00:00+00:00,21.1,25.0
London,2026-08-21T20:52:02.876305+00:00,2026-09-02T17:00,2026-09-02T16:00:00+00:00,20.5,25.0
London,2026-08-21T20:52:02.876305+00:00,2026-09-02T18:00,2026-09-02T17:00:00+00:00,19.9,26.0
London,2026-08-21T20:52:02.876305+00:00,2026-09-02T19:00,2026-09-02T18:00:00+00:00,19.3,25.0
London,2026-08-21T20:52:02.876305+00:00,2026-09-02T20:00,2026-09-02T19:00:00+00:00,18.7,23.0
London,2026-08-21T20:52:02.876305+00:00,2026-09-02T21:00,2026-09-02T20:00:00+00:00,18.1,21.0
London,2026-08-21T20:52:02.876305+00:00,2026-09-02T22:00,2026-09-02T21:00:00+00:00,17.3,18.0
London,2026-08-21T20:52:02.876305+00:00,2026-09-02T23:00,2026-09-02T22:00:00+00:00,16.6,15.0
London,2026-08-21T20:52:02.876305+00:00,2026-09-03T00:00,2026-09-02T23:00:00+00:00,15.9,12.0
London,2026-08-21T20:52:02.876305+00:00,2026-09-03T01:00,2026-09-03T00:00:00+00:00,15.4,10.0
London,2026-08-21T20:52:02.876305+00:00,2026-09-03T02:00,2026-09-03T01:00:00+00:00,14.8,8.0
London,2026-08-21T20:52:02.876305+00:00,2026-09-03T03:00,2026-09-03T02:00:00+00:00,14.3,7.0
London,2026-08-21T20:52:02.876305+00:00,2026-09-03T04:00,2026-09-03T03:00:00+00:00,13.8,6.0
London,2026-08-21T20:52:02.876305+00:00,2026-09-03T05:00,2026-09-03T04:00:00+00:00,13.4,6.0
London,2026-08-21T20:52:02.876305+00:00,2026-09-03T06:00,2026-09-03T05:00:00+00:00,13.3,5.0
London,2026-08-21T20:52:02.876305+00:00,2026-09-03T07:00,2026-09-03T06:00:00+00:00,13.5,6.0
London,2026-08-21T20:52:02.876305+00:00,2026-09-03T08:00,2026-09-03T07:00:00+00:00,14.2,7.0
London,2026-08-21T20:52:02.876305+00:00,2026-09-03T09:00,2026-09-03T08:00:00+00:00,15.4,9.0
London,2026-08-21T20:52:02.876305+00:00,2026-09-03T10:00,2026-09-03T09:00:00+00:00,16.7,11.0
London,2026-08-21T20:52:02.876305+00:00,2026-09-03T11:00,2026-09-03T10:00:00+00:00,18.1,13.0
London,2026-08-21T20:52:02.876305+00:00,2026-09-03T12:00,2026-09-03T11:00:00+00:00,19.3,16.0
London,2026-08-21T20:52:02.876305+00:00,2026-09-03T13:00,2026-09-03T12:00:00+00:00,20.0,18.0
London,2026-08-21T20:52:02.876305+00:00,2026-09-03T14:00,2026-09-03T13:00:00+00:00,20.3,20.0
London,2026-08-21T20:52:02.876305+00:00,2026-09-03T15:00,2026-09-03T14:00:00+00:00,20.3,21.0
London,2026-08-21T20:52:02.876305+00:00,2026-09-03T16:00,2026-09-03T15:00:00+00:00,20.1,22.0
London,2026-08-21T20:52:02.876305+00:00,2026-09-03T17:00,2026-09-03T16:00:00+00:00,19.8,23.0
London,2026-08-21T20:52:02.876305+00:00,2026-09-03T18:00,2026-09-03T17:00:00+00:00,19.3,24.0
London,2026-08-21T20:52:02.876305+00:00,2026-09-03T19:00,2026-09-03T18:00:00+00:00,18.9,25.0
London,2026-08-21T20:52:02.876305+00:00,2026-09-03T20:00,2026-09-03T19:00:00+00:00,18.3,25.0
London,2026-08-21T20:52:02.876305+00:00,2026-09-03T21:00,2026-09-03T20:00:00+00:00,17.6,25.0
London,2026-08-21T20:52:02.876305+00:00,2026-09-03T22:00,2026-09-03T21:00:00+00:00,16.7,24.0
London,2026-08-21T20:52:02.876305+00:00,2026-09-03T23:00,2026-09-03T22:00:00+00:00,15.9,23.0
London,2026-08-21T20:52:02.876305+00:00,2026-09-04T00:00,2026-09-03T23:00:00+00:00,15.2,22.0
London,2026-08-21T20:52:02.876305+00:00,2026-09-04T01:00,2026-09-04T00:00:00+00:00,14.7,22.0
London,2026-08-21T20:52:02.876305+00:00,2026-09-04T02:00,2026-09-04T01:00:00+00:00,14.4,23.0
London,2026-08-21T20:52:02.876305+00:00,2026-09-04T03:00,2026-09-04T02:00:00+00:00,14.1,24.0
London,2026-08-21T20:52:02.876305+00:00,2026-09-04T04:00,2026-09-04T03:00:00+00:00,14.0,25.0
London,2026-08-21T20:52:02.876305+00:00,2026-09-04T05:00,2026-09-04T04:00:00+00:00,14.0,26.0
London,2026-08-21T20:52:02.876305+00:00,2026-09-04T06:00,2026-09-04T05:00:00+00:00,14.3,28.0
London,2026-08-21T20:52:02.876305+00:00,2026-09-04T07:00,2026-09-04T06:00:00+00:00,14.8,29.0
London,2026-08-21T20:52:02.876305+00:00,2026-09-04T08:00,2026-09-04T07:00:00+00:00,15.8,29.0
London,2026-08-21T20:52:02.876305+00:00,2026-09-04T09:00,2026-09-04T08:00:00+00:00,17.2,29.0
London,2026-08-21T20:52:02.876305+00:00,2026-09-04T10:00,2026-09-04T09:00:00+00:00,18.9,29.0
London,2026-08-21T20:52:02.876305+00:00,2026-09-04T11:00,2026-09-04T10:00:00+00:00,20.5,29.0
London,2026-08-21T20:52:02.876305+00:00,2026-09-04T12:00,2026-09-04T11:00:00+00:00,21.9,29.0
London,2026-08-21T20:52:02.876305+00:00,2026-09-04T13:00,2026-09-04T12:00:00+00:00,22.7,29.0
London,2026-08-21T20:52:02.876305+00:00,2026-09-04T14:00,2026-09-04T13:00:00+00:00,22.9,30.0
London,2026-08-21T20:52:02.876305+00:00,2026-09-04T15:00,2026-09-04T14:00:00+00:00,22.8,31.0
London,2026-08-21T20:52:02.876305+00:00,2026-09-04T16:00,2026-09-04T15:00:00+00:00,22.3,32.0
London,2026-08-21T20:52:02.876305+00:00,2026-09-04T17:00,2026-09-04T16:00:00+00:00,21.6,33.0
London,2026-08-21T20:52:02.876305+00:00,2026-09-04T18:00,2026-09-04T17:00:00+00:00,21.0,33.0
London,2026-08-21T20:52:02.876305+00:00,2026-09-04T19:00,2026-09-04T18:00:00+00:00,20.4,33.0
London,2026-08-21T20:52:02.876305+00:00,2026-09-04T20:00,2026-09-04T19:00:00+00:00,19.9,31.0
London,2026-08-21T20:52:02.876305+00:00,2026-09-04T21:00,2026-09-04T20:00:00+00:00,19.3,29.0
London,2026-08-21T20:52:02.876305+00:00,2026-09-04T22:00,2026-09-04T21:00:00+00:00,18.7,26.0
London,2026-08-21T20:52:02.876305+00:00,2026-09-04T23:00,2026-09-04T22:00:00+00:00,18.1,23.0
London,2026-08-21T20:52:02.876305+00:00,2026-09-05T00:00,2026-09-04T23:00:00+00:00,17.6,20.0
London,2026-08-21T20:52:02.876305+00:00,2026-09-05T01:00,2026-09-05T00:00:00+00:00,17.1,18.0
London,2026-08-21T20:52:02.876305+00:00,2026-09-05T02:00,2026-09-05T01:00:00+00:00,16.7,17.0
London,2026-08-21T20:52:02.876305+00:00,2026-09-05T03:00,2026-09-05T02:00:00+00:00,16.4,18.0
London,2026-08-21T20:52:02.876305+00:00,2026-09-05T04:00,2026-09-05T03:00:00+00:00,16.1,
London,2026-08-21T20:52:02.876305+00:00,2026-09-05T05:00,2026-09-05T04:00:00+00:00,15.9,
London,2026-08-21T20:52:02.876305+00:00,2026-09-05T06:00,2026-09-05T05:00:00+00:00,15.9,
London,2026-08-21T20:52:02.876305+00:00,2026-09-05T07:00,2026-09-05T06:00:00+00:00,16.2,
London,2026-08-21T20:52:02.876305+00:00,2026-09-05T08:00,2026-09-05T07:00:00+00:00,16.9,
London,2026-08-21T20:52:02.876305+00:00,2026-09-05T09:00,2026-09-05T08:00:00+00:00,18.0,
London,2026-08-21T20:52:02.876305+00:00,2026-09-05T10:00,2026-09-05T09:00:00+00:00,19.2,
London,2026-08-21T20:52:02.876305+00:00,2026-09-05T11:00,2026-09-05T10:00:00+00:00,20.5,
London,2026-08-21T20:52:02.876305+00:00,2026-09-05T12:00,2026-09-05T11:00:00+00:00,21.8,
London,2026-08-21T20:52:02.876305+00:00,2026-09-05T13:00,2026-09-05T12:00:00+00:00,22.5,
London,2026-08-21T20:52:02.876305+00:00,2026-09-05T14:00,2026-09-05T13:00:00+00:00,22.8,
London,2026-08-21T20:52:02.876305+00:00,2026-09-05T15:00,2026-09-05T14:00:00+00:00,22.6,
London,2026-08-21T20:52:02.876305+00:00,2026-09-05T16:00,2026-09-05T15:00:00+00:00,,
London,2026-08-21T20:52:02.876305+00:00,2026-09-05T17:00,2026-09-05T16:00:00+00:00,,
London,2026-08-21T20:52:02.876305+00:00,2026-09-05T18:00,2026-09-05T17:00:00+00:00,,
London,2026-08-21T20:52:02.876305+00:00,2026-09-05T19:00,2026-09-05T18:00:00+00:00,,
London,2026-08-21T20:52:02.876305+00:00,2026-09-05T20:00,2026-09-05T19:00:00+00:00,,
London,2026-08-21T20:52:02.876305+00:00,2026-09-05T21:00,2026-09-05T20:00:00+00:00,,
London,2026-08-21T20:52:02.876305+00:00,2026-09-05T22:00,2026-09-05T21:00:00+00:00,,
London,2026-08-21T20:52:02.876305+00:00,2026-09-05T23:00,2026-09-05T22:00:00+00:00,,
London,2026-08-21T21:48:24.272507+00:00,2026-08-21T00:00,2026-08-20T23:00:00+00:00,16.1,12.0
London,2026-08-21T21:48:24.272507+00:00,2026-08-21T01:00,2026-08-21T00:00:00+00:00,15.8,0.0
London,2026-08-21T21:48:24.272507+00:00,2026-08-21T02:00,2026-08-21T01:00:00+00:00,15.5,3.0
London,2026-08-21T21:48:24.272507+00:00,2026-08-21T03:00,2026-08-21T02:00:00+00:00,15.4,13.0
London,2026-08-21T21:48:24.272507+00:00,2026-08-21T04:00,2026-08-21T03:00:00+00:00,15.4,20.0
London,2026-08-21T21:48:24.272507+00:00,2026-08-21T05:00,2026-08-21T04:00:00+00:00,15.0,18.0
London,2026-08-21T21:48:24.272507+00:00,2026-08-21T06:00,2026-08-21T05:00:00+00:00,14.7,13.0
London,2026-08-21T21:48:24.272507+00:00,2026-08-21T07:00,2026-08-21T06:00:00+00:00,14.6,8.0
London,2026-08-21T21:48:24.272507+00:00,2026-08-21T08:00,2026-08-21T07:00:00+00:00,15.1,5.0
London,2026-08-21T21:48:24.272507+00:00,2026-08-21T09:00,2026-08-21T08:00:00+00:00,16.2,3.0
London,2026-08-21T21:48:24.272507+00:00,2026-08-21T10:00,2026-08-21T09:00:00+00:00,17.2,2.0
London,2026-08-21T21:48:24.272507+00:00,2026-08-21T11:00,2026-08-21T10:00:00+00:00,18.1,1.0
London,2026-08-21T21:48:24.272507+00:00,2026-08-21T12:00,2026-08-21T11:00:00+00:00,19.2,0.0
London,2026-08-21T21:48:24.272507+00:00,2026-08-21T13:00,2026-08-21T12:00:00+00:00,20.0,0.0
London,2026-08-21T21:48:24.272507+00:00,2026-08-21T14:00,2026-08-21T13:00:00+00:00,20.9,0.0
London,2026-08-21T21:48:24.272507+00:00,2026-08-21T15:00,2026-08-21T14:00:00+00:00,21.2,0.0
London,2026-08-21T21:48:24.272507+00:00,2026-08-21T16:00,2026-08-21T15:00:00+00:00,21.4,0.0
London,2026-08-21T21:48:24.272507+00:00,2026-08-21T17:00,2026-08-21T16:00:00+00:00,21.3,1.0
London,2026-08-21T21:48:24.272507+00:00,2026-08-21T18:00,2026-08-21T17:00:00+00:00,21.2,3.0
London,2026-08-21T21:48:24.272507+00:00,2026-08-21T19:00,2026-08-21T18:00:00+00:00,20.1,4.0
London,2026-08-21T21:48:24.272507+00:00,2026-08-21T20:00,2026-08-21T19:00:00+00:00,18.3,4.0
London,2026-08-21T21:48:24.272507+00:00,2026-08-21T21:00,2026-08-21T20:00:00+00:00,16.6,2.0
London,2026-08-21T21:48:24.272507+00:00,2026-08-21T22:00,2026-08-21T21:00:00+00:00,15.8,2.0
London,2026-08-21T21:48:24.272507+00:00,2026-08-21T23:00,2026-08-21T22:00:00+00:00,15.4,3.0
London,2026-08-21T21:48:24.272507+00:00,2026-08-22T00:00,2026-08-21T23:00:00+00:00,15.4,5.0
London,2026-08-21T21:48:24.272507+00:00,2026-08-22T01:00,2026-08-22T00:00:00+00:00,15.2,6.0
London,2026-08-21T21:48:24.272507+00:00,2026-08-22T02:00,2026-08-22T01:00:00+00:00,14.8,5.0
London,2026-08-21T21:48:24.272507+00:00,2026-08-22T03:00,2026-08-22T02:00:00+00:00,14.3,2.0
London,2026-08-21T21:48:24.272507+00:00,2026-08-22T04:00,2026-08-22T03:00:00+00:00,13.9,0.0
London,2026-08-21T21:48:24.272507+00:00,2026-08-22T05:00,2026-08-22T04:00:00+00:00,13.7,0.0
London,2026-08-21T21:48:24.272507+00:00,2026-08-22T06:00,2026-08-22T05:00:00+00:00,13.5,0.0
London,2026-08-21T21:48:24.272507+00:00,2026-08-22T07:00,2026-08-22T06:00:00+00:00,13.5,0.0
London,2026-08-21T21:48:24.272507+00:00,2026-08-22T08:00,2026-08-22T07:00:00+00:00,14.0,0.0
London,2026-08-21T21:48:24.272507+00:00,2026-08-22T09:00,2026-08-22T08:00:00+00:00,15.4,0.0
London,2026-08-21T21:48:24.272507+00:00,2026-08-22T10:00,2026-08-22T09:00:00+00:00,17.0,0.0
London,2026-08-21T21:48:24.272507+00:00,2026-08-22T11:00,2026-08-22T10:00:00+00:00,18.3,0.0
London,2026-08-21T21:48:24.272507+00:00,2026-08-22T12:00,2026-08-22T11:00:00+00:00,19.4,0.0
London,2026-08-21T21:48:24.272507+00:00,2026-08-22T13:00,2026-08-22T12:00:00+00:00,20.1,0.0
London,2026-08-21T21:48:24.272507+00:00,2026-08-22T14:00,2026-08-22T13:00:00+00:00,20.5,0.0
London,2026-08-21T21:48:24.272507+00:00,2026-08-22T15:00,2026-08-22T14:00:00+00:00,20.6,0.0
London,2026-08-21T21:48:24.272507+00:00,2026-08-22T16:00,2026-08-22T15:00:00+00:00,20.7,0.0
London,2026-08-21T21:48:24.272507+00:00,2026-08-22T17:00,2026-08-22T16:00:00+00:00,20.9,0.0
London,2026-08-21T21:48:24.272507+00:00,2026-08-22T18:00,2026-08-22T17:00:00+00:00,20.9,0.0
London,2026-08-21T21:48:24.272507+00:00,2026-08-22T19:00,2026-08-22T18:00:00+00:00,20.4,0.0
London,2026-08-21T21:48:24.272507+00:00,2026-08-22T20:00,2026-08-22T19:00:00+00:00,19.6,0.0
London,2026-08-21T21:48:24.272507+00:00,2026-08-22T21:00,2026-08-22T20:00:00+00:00,19.2,0.0
London,2026-08-21T21:48:24.272507+00:00,2026-08-22T22:00,2026-08-22T21:00:00+00:00,18.3,0.0
London,2026-08-21T21:48:24.272507+00:00,2026-08-22T23:00,2026-08-22T22:00:00+00:00,17.5,0.0
London,2026-08-21T21:48:24.272507+00:00,2026-08-23T00:00,2026-08-22T23:00:00+00:00,16.9,0.0
London,2026-08-21T21:48:24.272507+00:00,2026-08-23T01:00,2026-08-23T00:00:00+00:00,16.4,0.0
London,2026-08-21T21:48:24.272507+00:00,2026-08-23T02:00,2026-08-23T01:00:00+00:00,15.7,0.0
London,2026-08-21T21:48:24.272507+00:00,2026-08-23T03:00,2026-08-23T02:00:00+00:00,15.3,0.0
London,2026-08-21T21:48:24.272507+00:00,2026-08-23T04:00,2026-08-23T03:00:00+00:00,15.2,0.0
London,2026-08-21T21:48:24.272507+00:00,2026-08-23T05:00,2026-08-23T04:00:00+00:00,15.1,0.0
London,2026-08-21T21:48:24.272507+00:00,2026-08-23T06:00,2026-08-23T05:00:00+00:00,14.8,0.0
London,2026-08-21T21:48:24.272507+00:00,2026-08-23T07:00,2026-08-23T06:00:00+00:00,14.8,0.0
London,2026-08-21T21:48:24.272507+00:00,2026-08-23T08:00,2026-08-23T07:00:00+00:00,15.2,0.0
London,2026-08-21T21:48:24.272507+00:00,2026-08-23T09:00,2026-08-23T08:00:00+00:00,16.4,0.0
London,2026-08-21T21:48:24.272507+00:00,2026-08-23T10:00,2026-08-23T09:00:00+00:00,17.4,0.0
London,2026-08-21T21:48:24.272507+00:00,2026-08-23T11:00,2026-08-23T10:00:00+00:00,18.4,0.0
London,2026-08-21T21:48:24.272507+00:00,2026-08-23T12:00,2026-08-23T11:00:00+00:00,20.2,0.0
London,2026-08-21T21:48:24.272507+00:00,2026-08-23T13:00,2026-08-23T12:00:00+00:00,21.2,0.0
London,2026-08-21T21:48:24.272507+00:00,2026-08-23T14:00,2026-08-23T13:00:00+00:00,22.0,0.0
London,2026-08-21T21:48:24.272507+00:00,2026-08-23T15:00,2026-08-23T14:00:00+00:00,22.5,0.0
London,2026-08-21T21:48:24.272507+00:00,2026-08-23T16:00,2026-08-23T15:00:00+00:00,23.0,0.0
London,2026-08-21T21:48:24.272507+00:00,2026-08-23T17:00,2026-08-23T16:00:00+00:00,23.1,0.0
London,2026-08-21T21:48:24.272507+00:00,2026-08-23T18:00,2026-08-23T17:00:00+00:00,22.7,0.0
London,2026-08-21T21:48:24.272507+00:00,2026-08-23T19:00,2026-08-23T18:00:00+00:00,21.1,0.0
London,2026-08-21T21:48:24.272507+00:00,2026-08-23T20:00,2026-08-23T19:00:00+00:00,20.3,0.0
London,2026-08-21T21:48:24.272507+00:00,2026-08-23T21:00,2026-08-23T20:00:00+00:00,19.5,0.0
London,2026-08-21T21:48:24.272507+00:00,2026-08-23T22:00,2026-08-23T21:00:00+00:00,18.7,0.0
London,2026-08-21T21:48:24.272507+00:00,2026-08-23T23:00,2026-08-23T22:00:00+00:00,18.3,0.0
London,2026-08-21T21:48:24.272507+00:00,2026-08-24T00:00,2026-08-23T23:00:00+00:00,17.9,0.0
London,2026-08-21T21:48:24.272507+00:00,2026-08-24T01:00,2026-08-24T00:00:00+00:00,17.5,0.0
London,2026-08-21T21:48:24.272507+00:00,2026-08-24T02:00,2026-08-24T01:00:00+00:00,17.1,0.0
London,2026-08-21T21:48:24.272507+00:00,2026-08-24T03:00,2026-08-24T02:00:00+00:00,16.7,0.0
London,2026-08-21T21:48:24.272507+00:00,2026-08-24T04:00,2026-08-24T03:00:00+00:00,16.3,0.0
London,2026-08-21T21:48:24.272507+00:00,2026-08-24T05:00,2026-08-24T04:00:00+00:00,15.7,0.0
London,2026-08-21T21:48:24.272507+00:00,2026-08-24T06:00,2026-08-24T05:00:00+00:00,15.2,0.0
London,2026-08-21T21:48:24.272507+00:00,2026-08-24T07:00,2026-08-24T06:00:00+00:00,15.1,0.0
London,2026-08-21T21:48:24.272507+00:00,2026-08-24T08:00,2026-08-24T07:00:00+00:00,16.0,0.0
London,2026-08-21T21:48:24.272507+00:00,2026-08-24T09:00,2026-08-24T08:00:00+00:00,17.4,1.0
London,2026-08-21T21:48:24.272507+00:00,2026-08-24T10:00,2026-08-24T09:00:00+00:00,18.7,2.0
London,2026-08-21T21:48:24.272507+00:00,2026-08-24T11:00,2026-08-24T10:00:00+00:00,19.7,4.0
London,2026-08-21T21:48:24.272507+00:00,2026-08-24T12:00,2026-08-24T11:00:00+00:00,20.5,5.0
London,2026-08-21T21:48:24.272507+00:00,2026-08-24T13:00,2026-08-24T12:00:00+00:00,21.0,6.0
London,2026-08-21T21:48:24.272507+00:00,2026-08-24T14:00,2026-08-24T13:00:00+00:00,21.3,4.0
London,2026-08-21T21:48:24.272507+00:00,2026-08-24T15:00,2026-08-24T14:00:00+00:00,21.4,2.0
London,2026-08-21T21:48:24.272507+00:00,2026-08-24T16:00,2026-08-24T15:00:00+00:00,21.3,0.0
London,2026-08-21T21:48:24.272507+00:00,2026-08-24T17:00,2026-08-24T16:00:00+00:00,20.9,0.0
London,2026-08-21T21:48:24.272507+00:00,2026-08-24T18:00,2026-08-24T17:00:00+00:00,20.3,1.0
London,2026-08-21T21:48:24.272507+00:00,2026-08-24T19:00,2026-08-24T18:00:00+00:00,19.8,2.0
London,2026-08-21T21:48:24.272507+00:00,2026-08-24T20:00,2026-08-24T19:00:00+00:00,19.5,2.0
London,2026-08-21T21:48:24.272507+00:00,2026-08-24T21:00,2026-08-24T20:00:00+00:00,19.3,2.0
London,2026-08-21T21:48:24.272507+00:00,2026-08-24T22:00,2026-08-24T21:00:00+00:00,19.1,2.0
London,2026-08-21T21:48:24.272507+00:00,2026-08-24T23:00,2026-08-24T22:00:00+00:00,18.8,4.0
London,2026-08-21T21:48:24.272507+00:00,2026-08-25T00:00,2026-08-24T23:00:00+00:00,18.5,6.0
London,2026-08-21T21:48:24.272507+00:00,2026-08-25T01:00,2026-08-25T00:00:00+00:00,18.3,8.0
London,2026-08-21T21:48:24.272507+00:00,2026-08-25T02:00,2026-08-25T01:00:00+00:00,18.2,8.0
London,2026-08-21T21:48:24.272507+00:00,2026-08-25T03:00,2026-08-25T02:00:00+00:00,18.2,8.0
London,2026-08-21T21:48:24.272507+00:00,2026-08-25T04:00,2026-08-25T03:00:00+00:00,18.1,8.0
London,2026-08-21T21:48:24.272507+00:00,2026-08-25T05:00,2026-08-25T04:00:00+00:00,17.9,10.0
London,2026-08-21T21:48:24.272507+00:00,2026-08-25T06:00,2026-08-25T05:00:00+00:00,17.6,12.0
London,2026-08-21T21:48:24.272507+00:00,2026-08-25T07:00,2026-08-25T06:00:00+00:00,17.5,14.0
London,2026-08-21T21:48:24.272507+00:00,2026-08-25T08:00,2026-08-25T07:00:00+00:00,17.5,16.0
London,2026-08-21T21:48:24.272507+00:00,2026-08-25T09:00,2026-08-25T08:00:00+00:00,17.6,18.0
London,2026-08-21T21:48:24.272507+00:00,2026-08-25T10:00,2026-08-25T09:00:00+00:00,17.8,20.0
London,2026-08-21T21:48:24.272507+00:00,2026-08-25T11:00,2026-08-25T10:00:00+00:00,18.0,23.0
London,2026-08-21T21:48:24.272507+00:00,2026-08-25T12:00,2026-08-25T11:00:00+00:00,18.2,26.0
London,2026-08-21T21:48:24.272507+00:00,2026-08-25T13:00,2026-08-25T12:00:00+00:00,18.5,27.0
London,2026-08-21T21:48:24.272507+00:00,2026-08-25T14:00,2026-08-25T13:00:00+00:00,19.2,22.0
London,2026-08-21T21:48:24.272507+00:00,2026-08-25T15:00,2026-08-25T14:00:00+00:00,20.1,15.0
London,2026-08-21T21:48:24.272507+00:00,2026-08-25T16:00,2026-08-25T15:00:00+00:00,20.7,10.0
London,2026-08-21T21:48:24.272507+00:00,2026-08-25T17:00,2026-08-25T16:00:00+00:00,21.1,9.0
London,2026-08-21T21:48:24.272507+00:00,2026-08-25T18:00,2026-08-25T17:00:00+00:00,21.4,9.0
London,2026-08-21T21:48:24.272507+00:00,2026-08-25T19:00,2026-08-25T18:00:00+00:00,21.3,10.0
London,2026-08-21T21:48:24.272507+00:00,2026-08-25T20:00,2026-08-25T19:00:00+00:00,20.9,10.0
London,2026-08-21T21:48:24.272507+00:00,2026-08-25T21:00,2026-08-25T20:00:00+00:00,20.2,10.0
London,2026-08-21T21:48:24.272507+00:00,2026-08-25T22:00,2026-08-25T21:00:00+00:00,19.5,12.0
London,2026-08-21T21:48:24.272507+00:00,2026-08-25T23:00,2026-08-25T22:00:00+00:00,19.1,16.0
London,2026-08-21T21:48:24.272507+00:00,2026-08-26T00:00,2026-08-25T23:00:00+00:00,18.8,21.0
London,2026-08-21T21:48:24.272507+00:00,2026-08-26T01:00,2026-08-26T00:00:00+00:00,18.5,25.0
London,2026-08-21T21:48:24.272507+00:00,2026-08-26T02:00,2026-08-26T01:00:00+00:00,18.1,26.0
London,2026-08-21T21:48:24.272507+00:00,2026-08-26T03:00,2026-08-26T02:00:00+00:00,17.6,27.0
London,2026-08-21T21:48:24.272507+00:00,2026-08-26T04:00,2026-08-26T03:00:00+00:00,17.3,27.0
London,2026-08-21T21:48:24.272507+00:00,2026-08-26T05:00,2026-08-26T04:00:00+00:00,17.0,28.0
London,2026-08-21T21:48:24.272507+00:00,2026-08-26T06:00,2026-08-26T05:00:00+00:00,16.8,29.0
London,2026-08-21T21:48:24.272507+00:00,2026-08-26T07:00,2026-08-26T06:00:00+00:00,17.0,29.0
London,2026-08-21T21:48:24.272507+00:00,2026-08-26T08:00,2026-08-26T07:00:00+00:00,17.5,27.0
London,2026-08-21T21:48:24.272507+00:00,2026-08-26T09:00,2026-08-26T08:00:00+00:00,18.3,23.0
London,2026-08-21T21:48:24.272507+00:00,2026-08-26T10:00,2026-08-26T09:00:00+00:00,19.3,22.0
London,2026-08-21T21:48:24.272507+00:00,2026-08-26T11:00,2026-08-26T10:00:00+00:00,20.5,25.0
London,2026-08-21T21:48:24.272507+00:00,2026-08-26T12:00,2026-08-26T11:00:00+00:00,21.8,30.0
London,2026-08-21T21:48:24.272507+00:00,2026-08-26T13:00,2026-08-26T12:00:00+00:00,23.0,35.0
London,2026-08-21T21:48:24.272507+00:00,2026-08-26T14:00,2026-08-26T13:00:00+00:00,24.1,39.0
London,2026-08-21T21:48:24.272507+00:00,2026-08-26T15:00,2026-08-26T14:00:00+00:00,25.0,42.0
London,2026-08-21T21:48:24.272507+00:00,2026-08-26T16:00,2026-08-26T15:00:00+00:00,25.6,41.0
London,2026-08-21T21:48:24.272507+00:00,2026-08-26T17:00,2026-08-26T16:00:00+00:00,25.6,32.0
London,2026-08-21T21:48:24.272507+00:00,2026-08-26T18:00,2026-08-26T17:00:00+00:00,25.4,19.0
London,2026-08-21T21:48:24.272507+00:00,2026-08-26T19:00,2026-08-26T18:00:00+00:00,25.0,10.0
London,2026-08-21T21:48:24.272507+00:00,2026-08-26T20:00,2026-08-26T19:00:00+00:00,24.5,9.0
London,2026-08-21T21:48:24.272507+00:00,2026-08-26T21:00,2026-08-26T20:00:00+00:00,23.8,13.0
London,2026-08-21T21:48:24.272507+00:00,2026-08-26T22:00,2026-08-26T21:00:00+00:00,23.3,18.0
London,2026-08-21T21:48:24.272507+00:00,2026-08-26T23:00,2026-08-26T22:00:00+00:00,22.8,24.0
London,2026-08-21T21:48:24.272507+00:00,2026-08-27T00:00,2026-08-26T23:00:00+00:00,22.4,32.0
London,2026-08-21T21:48:24.272507+00:00,2026-08-27T01:00,2026-08-27T00:00:00+00:00,22.0,39.0
London,2026-08-21T21:48:24.272507+00:00,2026-08-27T02:00,2026-08-27T01:00:00+00:00,21.6,44.0
London,2026-08-21T21:48:24.272507+00:00,2026-08-27T03:00,2026-08-27T02:00:00+00:00,21.1,48.0
London,2026-08-21T21:48:24.272507+00:00,2026-08-27T04:00,2026-08-27T03:00:00+00:00,20.5,51.0
London,2026-08-21T21:48:24.272507+00:00,2026-08-27T05:00,2026-08-27T04:00:00+00:00,19.6,51.0
London,2026-08-21T21:48:24.272507+00:00,2026-08-27T06:00,2026-08-27T05:00:00+00:00,18.7,49.0
London,2026-08-21T21:48:24.272507+00:00,2026-08-27T07:00,2026-08-27T06:00:00+00:00,18.3,49.0
London,2026-08-21T21:48:24.272507+00:00,2026-08-27T08:00,2026-08-27T07:00:00+00:00,18.5,55.0
London,2026-08-21T21:48:24.272507+00:00,2026-08-27T09:00,2026-08-27T08:00:00+00:00,19.2,63.0
London,2026-08-21T21:48:24.272507+00:00,2026-08-27T10:00,2026-08-27T09:00:00+00:00,20.1,69.0
London,2026-08-21T21:48:24.272507+00:00,2026-08-27T11:00,2026-08-27T10:00:00+00:00,21.8,71.0
London,2026-08-21T21:48:24.272507+00:00,2026-08-27T12:00,2026-08-27T11:00:00+00:00,22.8,71.0
London,2026-08-21T21:48:24.272507+00:00,2026-08-27T13:00,2026-08-27T12:00:00+00:00,23.5,71.0
London,2026-08-21T21:48:24.272507+00:00,2026-08-27T14:00,2026-08-27T13:00:00+00:00,23.8,72.0
London,2026-08-21T21:48:24.272507+00:00,2026-08-27T15:00,2026-08-27T14:00:00+00:00,24.1,73.0
London,2026-08-21T21:48:24.272507+00:00,2026-08-27T16:00,2026-08-27T15:00:00+00:00,24.2,74.0
London,2026-08-21T21:48:24.272507+00:00,2026-08-27T17:00,2026-08-27T16:00:00+00:00,24.1,74.0
London,2026-08-21T21:48:24.272507+00:00,2026-08-27T18:00,2026-08-27T17:00:00+00:00,24.0,74.0
London,2026-08-21T21:48:24.272507+00:00,2026-08-27T19:00,2026-08-27T18:00:00+00:00,23.8,71.0
London,2026-08-21T21:48:24.272507+00:00,2026-08-27T20:00,2026-08-27T19:00:00+00:00,23.4,65.0
London,2026-08-21T21:48:24.272507+00:00,2026-08-27T21:00,2026-08-27T20:00:00+00:00,22.9,56.0
London,2026-08-21T21:48:24.272507+00:00,2026-08-27T22:00,2026-08-27T21:00:00+00:00,22.3,48.0
London,2026-08-21T21:48:24.272507+00:00,2026-08-27T23:00,2026-08-27T22:00:00+00:00,21.7,40.0
London,2026-08-21T21:48:24.272507+00:00,2026-08-28T00:00,2026-08-27T23:00:00+00:00,21.1,31.0
London,2026-08-21T21:48:24.272507+00:00,2026-08-28T01:00,2026-08-28T00:00:00+00:00,20.5,25.0
London,2026-08-21T21:48:24.272507+00:00,2026-08-28T02:00,2026-08-28T01:00:00+00:00,20.1,22.0
London,2026-08-21T21:48:24.272507+00:00,2026-08-28T03:00,2026-08-28T02:00:00+00:00,19.6,22.0
London,2026-08-21T21:48:24.272507+00:00,2026-08-28T04:00,2026-08-28T03:00:00+00:00,19.1,22.0
London,2026-08-21T21:48:24.272507+00:00,2026-08-28T05:00,2026-08-28T04:00:00+00:00,18.7,23.0
London,2026-08-21T21:48:24.272507+00:00,2026-08-28T06:00,2026-08-28T05:00:00+00:00,18.4,25.0
London,2026-08-21T21:48:24.272507+00:00,2026-08-28T07:00,2026-08-28T06:00:00+00:00,18.2,27.0
London,2026-08-21T21:48:24.272507+00:00,2026-08-28T08:00,2026-08-28T07:00:00+00:00,18.2,30.0
London,2026-08-21T21:48:24.272507+00:00,2026-08-28T09:00,2026-08-28T08:00:00+00:00,18.2,34.0
London,2026-08-21T21:48:24.272507+00:00,2026-08-28T10:00,2026-08-28T09:00:00+00:00,18.4,38.0
London,2026-08-21T21:48:24.272507+00:00,2026-08-28T11:00,2026-08-28T10:00:00+00:00,18.7,42.0
London,2026-08-21T21:48:24.272507+00:00,2026-08-28T12:00,2026-08-28T11:00:00+00:00,19.5,46.0
London,2026-08-21T21:48:24.272507+00:00,2026-08-28T13:00,2026-08-28T12:00:00+00:00,20.4,51.0
London,2026-08-21T21:48:24.272507+00:00,2026-08-28T14:00,2026-08-28T13:00:00+00:00,20.9,56.0
London,2026-08-21T21:48:24.272507+00:00,2026-08-28T15:00,2026-08-28T14:00:00+00:00,20.6,62.0
London,2026-08-21T21:48:24.272507+00:00,2026-08-28T16:00,2026-08-28T15:00:00+00:00,20.0,66.0
London,2026-08-21T21:48:24.272507+00:00,2026-08-28T17:00,2026-08-28T16:00:00+00:00,19.3,70.0
London,2026-08-21T21:48:24.272507+00:00,2026-08-28T18:00,2026-08-28T17:00:00+00:00,18.6,72.0
London,2026-08-21T21:48:24.272507+00:00,2026-08-28T19:00,2026-08-28T18:00:00+00:00,18.0,71.0
London,2026-08-21T21:48:24.272507+00:00,2026-08-28T20:00,2026-08-28T19:00:00+00:00,17.5,64.0
London,2026-08-21T21:48:24.272507+00:00,2026-08-28T21:00,2026-08-28T20:00:00+00:00,16.8,54.0
London,2026-08-21T21:48:24.272507+00:00,2026-08-28T22:00,2026-08-28T21:00:00+00:00,16.2,43.0
London,2026-08-21T21:48:24.272507+00:00,2026-08-28T23:00,2026-08-28T22:00:00+00:00,15.6,32.0
London,2026-08-21T21:48:24.272507+00:00,2026-08-29T00:00,2026-08-28T23:00:00+00:00,15.1,21.0
London,2026-08-21T21:48:24.272507+00:00,2026-08-29T01:00,2026-08-29T00:00:00+00:00,14.8,14.0
London,2026-08-21T21:48:24.272507+00:00,2026-08-29T02:00,2026-08-29T01:00:00+00:00,14.5,12.0
London,2026-08-21T21:48:24.272507+00:00,2026-08-29T03:00,2026-08-29T02:00:00+00:00,14.4,14.0
London,2026-08-21T21:48:24.272507+00:00,2026-08-29T04:00,2026-08-29T03:00:00+00:00,14.3,17.0
London,2026-08-21T21:48:24.272507+00:00,2026-08-29T05:00,2026-08-29T04:00:00+00:00,14.3,20.0
London,2026-08-21T21:48:24.272507+00:00,2026-08-29T06:00,2026-08-29T05:00:00+00:00,14.5,24.0
London,2026-08-21T21:48:24.272507+00:00,2026-08-29T07:00,2026-08-29T06:00:00+00:00,14.7,27.0
London,2026-08-21T21:48:24.272507+00:00,2026-08-29T08:00,2026-08-29T07:00:00+00:00,15.1,28.0
London,2026-08-21T21:48:24.272507+00:00,2026-08-29T09:00,2026-08-29T08:00:00+00:00,15.8,28.0
London,2026-08-21T21:48:24.272507+00:00,2026-08-29T10:00,2026-08-29T09:00:00+00:00,16.5,29.0
London,2026-08-21T21:48:24.272507+00:00,2026-08-29T11:00,2026-08-29T10:00:00+00:00,17.2,30.0
London,2026-08-21T21:48:24.272507+00:00,2026-08-29T12:00,2026-08-29T11:00:00+00:00,17.9,31.0
London,2026-08-21T21:48:24.272507+00:00,2026-08-29T13:00,2026-08-29T12:00:00+00:00,18.4,33.0
London,2026-08-21T21:48:24.272507+00:00,2026-08-29T14:00,2026-08-29T13:00:00+00:00,18.8,37.0
London,2026-08-21T21:48:24.272507+00:00,2026-08-29T15:00,2026-08-29T14:00:00+00:00,19.2,42.0
London,2026-08-21T21:48:24.272507+00:00,2026-08-29T16:00,2026-08-29T15:00:00+00:00,19.5,47.0
London,2026-08-21T21:48:24.272507+00:00,2026-08-29T17:00,2026-08-29T16:00:00+00:00,19.7,51.0
London,2026-08-21T21:48:24.272507+00:00,2026-08-29T18:00,2026-08-29T17:00:00+00:00,19.8,55.0
London,2026-08-21T21:48:24.272507+00:00,2026-08-29T19:00,2026-08-29T18:00:00+00:00,19.7,55.0
London,2026-08-21T21:48:24.272507+00:00,2026-08-29T20:00,2026-08-29T19:00:00+00:00,19.4,50.0
London,2026-08-21T21:48:24.272507+00:00,2026-08-29T21:00,2026-08-29T20:00:00+00:00,18.8,42.0
London,2026-08-21T21:48:24.272507+00:00,2026-08-29T22:00,2026-08-29T21:00:00+00:00,18.2,33.0
London,2026-08-21T21:48:24.272507+00:00,2026-08-29T23:00,2026-08-29T22:00:00+00:00,17.5,24.0
London,2026-08-21T21:48:24.272507+00:00,2026-08-30T00:00,2026-08-29T23:00:00+00:00,16.8,16.0
London,2026-08-21T21:48:24.272507+00:00,2026-08-30T01:00,2026-08-30T00:00:00+00:00,16.3,10.0
London,2026-08-21T21:48:24.272507+00:00,2026-08-30T02:00,2026-08-30T01:00:00+00:00,15.8,9.0
London,2026-08-21T21:48:24.272507+00:00,2026-08-30T03:00,2026-08-30T02:00:00+00:00,15.3,10.0
London,2026-08-21T21:48:24.272507+00:00,2026-08-30T04:00,2026-08-30T03:00:00+00:00,14.9,12.0
London,2026-08-21T21:48:24.272507+00:00,2026-08-30T05:00,2026-08-30T04:00:00+00:00,14.5,14.0
London,2026-08-21T21:48:24.272507+00:00,2026-08-30T06:00,2026-08-30T05:00:00+00:00,14.4,17.0
London,2026-08-21T21:48:24.272507+00:00,2026-08-30T07:00,2026-08-30T06:00:00+00:00,14.5,20.0
London,2026-08-21T21:48:24.272507+00:00,2026-08-30T08:00,2026-08-30T07:00:00+00:00,15.1,21.0
London,2026-08-21T21:48:24.272507+00:00,2026-08-30T09:00,2026-08-30T08:00:00+00:00,16.1,22.0
London,2026-08-21T21:48:24.272507+00:00,2026-08-30T10:00,2026-08-30T09:00:00+00:00,17.3,23.0
London,2026-08-21T21:48:24.272507+00:00,2026-08-30T11:00,2026-08-30T10:00:00+00:00,18.5,24.0
London,2026-08-21T21:48:24.272507+00:00,2026-08-30T12:00,2026-08-30T11:00:00+00:00,19.6,25.0
London,2026-08-21T21:48:24.272507+00:00,2026-08-30T13:00,2026-08-30T12:00:00+00:00,20.3,27.0
London,2026-08-21T21:48:24.272507+00:00,2026-08-30T14:00,2026-08-30T13:00:00+00:00,20.6,31.0
London,2026-08-21T21:48:24.272507+00:00,2026-08-30T15:00,2026-08-30T14:00:00+00:00,20.8,35.0
London,2026-08-21T21:48:24.272507+00:00,2026-08-30T16:00,2026-08-30T15:00:00+00:00,20.7,39.0
London,2026-08-21T21:48:24.272507+00:00,2026-08-30T17:00,2026-08-30T16:00:00+00:00,20.6,43.0
London,2026-08-21T21:48:24.272507+00:00,2026-08-30T18:00,2026-08-30T17:00:00+00:00,20.3,46.0
London,2026-08-21T21:48:24.272507+00:00,2026-08-30T19:00,2026-08-30T18:00:00+00:00,19.9,47.0
London,2026-08-21T21:48:24.272507+00:00,2026-08-30T20:00,2026-08-30T19:00:00+00:00,19.3,45.0
London,2026-08-21T21:48:24.272507+00:00,2026-08-30T21:00,2026-08-30T20:00:00+00:00,18.4,41.0
London,2026-08-21T21:48:24.272507+00:00,2026-08-30T22:00,2026-08-30T21:00:00+00:00,17.5,36.0
London,2026-08-21T21:48:24.272507+00:00,2026-08-30T23:00,2026-08-30T22:00:00+00:00,16.5,31.0
London,2026-08-21T21:48:24.272507+00:00,2026-08-31T00:00,2026-08-30T23:00:00+00:00,15.6,26.0
London,2026-08-21T21:48:24.272507+00:00,2026-08-31T01:00,2026-08-31T00:00:00+00:00,15.0,22.0
London,2026-08-21T21:48:24.272507+00:00,2026-08-31T02:00,2026-08-31T01:00:00+00:00,14.5,20.0
London,2026-08-21T21:48:24.272507+00:00,2026-08-31T03:00,2026-08-31T02:00:00+00:00,14.0,18.0
London,2026-08-21T21:48:24.272507+00:00,2026-08-31T04:00,2026-08-31T03:00:00+00:00,13.6,17.0
London,2026-08-21T21:48:24.272507+00:00,2026-08-31T05:00,2026-08-31T04:00:00+00:00,13.4,16.0
London,2026-08-21T21:48:24.272507+00:00,2026-08-31T06:00,2026-08-31T05:00:00+00:00,13.3,16.0
London,2026-08-21T21:48:24.272507+00:00,2026-08-31T07:00,2026-08-31T06:00:00+00:00,13.6,16.0
London,2026-08-21T21:48:24.272507+00:00,2026-08-31T08:00,2026-08-31T07:00:00+00:00,14.3,16.0
London,2026-08-21T21:48:24.272507+00:00,2026-08-31T09:00,2026-08-31T08:00:00+00:00,15.5,16.0
London,2026-08-21T21:48:24.272507+00:00,2026-08-31T10:00,2026-08-31T09:00:00+00:00,16.9,16.0
London,2026-08-21T21:48:24.272507+00:00,2026-08-31T11:00,2026-08-31T10:00:00+00:00,18.3,17.0
London,2026-08-21T21:48:24.272507+00:00,2026-08-31T12:00,2026-08-31T11:00:00+00:00,19.5,18.0
London,2026-08-21T21:48:24.272507+00:00,2026-08-31T13:00,2026-08-31T12:00:00+00:00,20.3,20.0
London,2026-08-21T21:48:24.272507+00:00,2026-08-31T14:00,2026-08-31T13:00:00+00:00,20.7,24.0
London,2026-08-21T21:48:24.272507+00:00,2026-08-31T15:00,2026-08-31T14:00:00+00:00,20.9,29.0
London,2026-08-21T21:48:24.272507+00:00,2026-08-31T16:00,2026-08-31T15:00:00+00:00,20.9,34.0
London,2026-08-21T21:48:24.272507+00:00,2026-08-31T17:00,2026-08-31T16:00:00+00:00,20.8,38.0
London,2026-08-21T21:48:24.272507+00:00,2026-08-31T18:00,2026-08-31T17:00:00+00:00,20.5,42.0
London,2026-08-21T21:48:24.272507+00:00,2026-08-31T19:00,2026-08-31T18:00:00+00:00,20.3,43.0
London,2026-08-21T21:48:24.272507+00:00,2026-08-31T20:00,2026-08-31T19:00:00+00:00,19.9,39.0
London,2026-08-21T21:48:24.272507+00:00,2026-08-31T21:00,2026-08-31T20:00:00+00:00,19.3,33.0
London,2026-08-21T21:48:24.272507+00:00,2026-08-31T22:00,2026-08-31T21:00:00+00:00,18.7,26.0
London,2026-08-21T21:48:24.272507+00:00,2026-08-31T23:00,2026-08-31T22:00:00+00:00,18.0,19.0
London,2026-08-21T21:48:24.272507+00:00,2026-09-01T00:00,2026-08-31T23:00:00+00:00,17.4,11.0
London,2026-08-21T21:48:24.272507+00:00,2026-09-01T01:00,2026-09-01T00:00:00+00:00,16.9,6.0
London,2026-08-21T21:48:24.272507+00:00,2026-09-01T02:00,2026-09-01T01:00:00+00:00,16.6,4.0
London,2026-08-21T21:48:24.272507+00:00,2026-09-01T03:00,2026-09-01T02:00:00+00:00,16.2,4.0
London,2026-08-21T21:48:24.272507+00:00,2026-09-01T04:00,2026-09-01T03:00:00+00:00,15.9,5.0
London,2026-08-21T21:48:24.272507+00:00,2026-09-01T05:00,2026-09-01T04:00:00+00:00,15.8,6.0
London,2026-08-21T21:48:24.272507+00:00,2026-09-01T06:00,2026-09-01T05:00:00+00:00,15.8,8.0
London,2026-08-21T21:48:24.272507+00:00,2026-09-01T07:00,2026-09-01T06:00:00+00:00,16.0,10.0
London,2026-08-21T21:48:24.272507+00:00,2026-09-01T08:00,2026-09-01T07:00:00+00:00,16.7,13.0
London,2026-08-21T21:48:24.272507+00:00,2026-09-01T09:00,2026-09-01T08:00:00+00:00,17.7,16.0
London,2026-08-21T21:48:24.272507+00:00,2026-09-01T10:00,2026-09-01T09:00:00+00:00,18.8,19.0
London,2026-08-21T21:48:24.272507+00:00,2026-09-01T11:00,2026-09-01T10:00:00+00:00,20.0,22.0
London,2026-08-21T21:48:24.272507+00:00,2026-09-01T12:00,2026-09-01T11:00:00+00:00,20.9,25.0
London,2026-08-21T21:48:24.272507+00:00,2026-09-01T13:00,2026-09-01T12:00:00+00:00,21.5,29.0
London,2026-08-21T21:48:24.272507+00:00,2026-09-01T14:00,2026-09-01T13:00:00+00:00,21.6,34.0
London,2026-08-21T21:48:24.272507+00:00,2026-09-01T15:00,2026-09-01T14:00:00+00:00,21.4,39.0
London,2026-08-21T21:48:24.272507+00:00,2026-09-01T16:00,2026-09-01T15:00:00+00:00,21.0,43.0
London,2026-08-21T21:48:24.272507+00:00,2026-09-01T17:00,2026-09-01T16:00:00+00:00,20.5,46.0
London,2026-08-21T21:48:24.272507+00:00,2026-09-01T18:00,2026-09-01T17:00:00+00:00,19.9,49.0
London,2026-08-21T21:48:24.272507+00:00,2026-09-01T19:00,2026-09-01T18:00:00+00:00,19.4,49.0
London,2026-08-21T21:48:24.272507+00:00,2026-09-01T20:00,2026-09-01T19:00:00+00:00,18.8,45.0
London,2026-08-21T21:48:24.272507+00:00,2026-09-01T21:00,2026-09-01T20:00:00+00:00,18.2,38.0
London,2026-08-21T21:48:24.272507+00:00,2026-09-01T22:00,2026-09-01T21:00:00+00:00,17.5,31.0
London,2026-08-21T21:48:24.272507+00:00,2026-09-01T23:00,2026-09-01T22:00:00+00:00,16.8,24.0
London,2026-08-21T21:48:24.272507+00:00,2026-09-02T00:00,2026-09-01T23:00:00+00:00,16.2,16.0
London,2026-08-21T21:48:24.272507+00:00,2026-09-02T01:00,2026-09-02T00:00:00+00:00,15.7,10.0
London,2026-08-21T21:48:24.272507+00:00,2026-09-02T02:00,2026-09-02T01:00:00+00:00,15.2,7.0
London,2026-08-21T21:48:24.272507+00:00,2026-09-02T03:00,2026-09-02T02:00:00+00:00,14.8,7.0
London,2026-08-21T21:48:24.272507+00:00,2026-09-02T04:00,2026-09-02T03:00:00+00:00,14.5,7.0
London,2026-08-21T21:48:24.272507+00:00,2026-09-02T05:00,2026-09-02T04:00:00+00:00,14.3,7.0
London,2026-08-21T21:48:24.272507+00:00,2026-09-02T06:00,2026-09-02T05:00:00+00:00,14.3,9.0
London,2026-08-21T21:48:24.272507+00:00,2026-09-02T07:00,2026-09-02T06:00:00+00:00,14.6,10.0
London,2026-08-21T21:48:24.272507+00:00,2026-09-02T08:00,2026-09-02T07:00:00+00:00,15.4,12.0
London,2026-08-21T21:48:24.272507+00:00,2026-09-02T09:00,2026-09-02T08:00:00+00:00,16.6,14.0
London,2026-08-21T21:48:24.272507+00:00,2026-09-02T10:00,2026-09-02T09:00:00+00:00,18.1,16.0
London,2026-08-21T21:48:24.272507+00:00,2026-09-02T11:00,2026-09-02T10:00:00+00:00,19.5,18.0
London,2026-08-21T21:48:24.272507+00:00,2026-09-02T12:00,2026-09-02T11:00:00+00:00,20.7,20.0
London,2026-08-21T21:48:24.272507+00:00,2026-09-02T13:00,2026-09-02T12:00:00+00:00,21.4,22.0
London,2026-08-21T21:48:24.272507+00:00,2026-09-02T14:00,2026-09-02T13:00:00+00:00,21.6,23.0
London,2026-08-21T21:48:24.272507+00:00,2026-09-02T15:00,2026-09-02T14:00:00+00:00,21.5,24.0
London,2026-08-21T21:48:24.272507+00:00,2026-09-02T16:00,2026-09-02T15:00:00+00:00,21.1,25.0
London,2026-08-21T21:48:24.272507+00:00,2026-09-02T17:00,2026-09-02T16:00:00+00:00,20.5,25.0
London,2026-08-21T21:48:24.272507+00:00,2026-09-02T18:00,2026-09-02T17:00:00+00:00,19.9,26.0
London,2026-08-21T21:48:24.272507+00:00,2026-09-02T19:00,2026-09-02T18:00:00+00:00,19.3,25.0
London,2026-08-21T21:48:24.272507+00:00,2026-09-02T20:00,2026-09-02T19:00:00+00:00,18.7,23.0
London,2026-08-21T21:48:24.272507+00:00,2026-09-02T21:00,2026-09-02T20:00:00+00:00,18.1,21.0
London,2026-08-21T21:48:24.272507+00:00,2026-09-02T22:00,2026-09-02T21:00:00+00:00,17.3,18.0
London,2026-08-21T21:48:24.272507+00:00,2026-09-02T23:00,2026-09-02T22:00:00+00:00,16.6,15.0
London,2026-08-21T21:48:24.272507+00:00,2026-09-03T00:00,2026-09-02T23:00:00+00:00,15.9,12.0
London,2026-08-21T21:48:24.272507+00:00,2026-09-03T01:00,2026-09-03T00:00:00+00:00,15.4,10.0
London,2026-08-21T21:48:24.272507+00:00,2026-09-03T02:00,2026-09-03T01:00:00+00:00,14.8,8.0
London,2026-08-21T21:48:24.272507+00:00,2026-09-03T03:00,2026-09-03T02:00:00+00:00,14.3,7.0
London,2026-08-21T21:48:24.272507+00:00,2026-09-03T04:00,2026-09-03T03:00:00+00:00,13.8,6.0
London,2026-08-21T21:48:24.272507+00:00,2026-09-03T05:00,2026-09-03T04:00:00+00:00,13.4,6.0
London,2026-08-21T21:48:24.272507+00:00,2026-09-03T06:00,2026-09-03T05:00:00+00:00,13.3,5.0
London,2026-08-21T21:48:24.272507+00:00,2026-09-03T07:00,2026-09-03T06:00:00+00:00,13.5,6.0
London,2026-08-21T21:48:24.272507+00:00,2026-09-03T08:00,2026-09-03T07:00:00+00:00,14.2,7.0
London,2026-08-21T21:48:24.272507+00:00,2026-09-03T09:00,2026-09-03T08:00:00+00:00,15.4,9.0
London,2026-08-21T21:48:24.272507+00:00,2026-09-03T10:00,2026-09-03T09:00:00+00:00,16.7,11.0
London,2026-08-21T21:48:24.272507+00:00,2026-09-03T11:00,2026-09-03T10:00:00+00:00,18.1,13.0
London,2026-08-21T21:48:24.272507+00:00,2026-09-03T12:00,2026-09-03T11:00:00+00:00,19.3,16.0
London,2026-08-21T21:48:24.272507+00:00,2026-09-03T13:00,2026-09-03T12:00:00+00:00,20.0,18.0
London,2026-08-21T21:48:24.272507+00:00,2026-09-03T14:00,2026-09-03T13:00:00+00:00,20.3,20.0
London,2026-08-21T21:48:24.272507+00:00,2026-09-03T15:00,2026-09-03T14:00:00+00:00,20.3,21.0
London,2026-08-21T21:48:24.272507+00:00,2026-09-03T16:00,2026-09-03T15:00:00+00:00,20.1,22.0
London,2026-08-21T21:48:24.272507+00:00,2026-09-03T17:00,2026-09-03T16:00:00+00:00,19.8,23.0
London,2026-08-21T21:48:24.272507+00:00,2026-09-03T18:00,2026-09-03T17:00:00+00:00,19.3,24.0
London,2026-08-21T21:48:24.272507+00:00,2026-09-03T19:00,2026-09-03T18:00:00+00:00,18.9,25.0
London,2026-08-21T21:48:24.272507+00:00,2026-09-03T20:00,2026-09-03T19:00:00+00:00,18.3,25.0
London,2026-08-21T21:48:24.272507+00:00,2026-09-03T21:00,2026-09-03T20:00:00+00:00,17.6,25.0
London,2026-08-21T21:48:24.272507+00:00,2026-09-03T22:00,2026-09-03T21:00:00+00:00,16.7,24.0
London,2026-08-21T21:48:24.272507+00:00,2026-09-03T23:00,2026-09-03T22:00:00+00:00,15.9,23.0
London,2026-08-21T21:48:24.272507+00:00,2026-09-04T00:00,2026-09-03T23:00:00+00:00,15.2,22.0
London,2026-08-21T21:48:24.272507+00:00,2026-09-04T01:00,2026-09-04T00:00:00+00:00,14.7,22.0
London,2026-08-21T21:48:24.272507+00:00,2026-09-04T02:00,2026-09-04T01:00:00+00:00,14.4,23.0
London,2026-08-21T21:48:24.272507+00:00,2026-09-04T03:00,2026-09-04T02:00:00+00:00,14.1,24.0
London,2026-08-21T21:48:24.272507+00:00,2026-09-04T04:00,2026-09-04T03:00:00+00:00,14.0,25.0
London,2026-08-21T21:48:24.272507+00:00,2026-09-04T05:00,2026-09-04T04:00:00+00:00,14.0,26.0
London,2026-08-21T21:48:24.272507+00:00,2026-09-04T06:00,2026-09-04T05:00:00+00:00,14.3,28.0
London,2026-08-21T21:48:24.272507+00:00,2026-09-04T07:00,2026-09-04T06:00:00+00:00,14.8,29.0
London,2026-08-21T21:48:24.272507+00:00,2026-09-04T08:00,2026-09-04T07:00:00+00:00,15.8,29.0
London,2026-08-21T21:48:24.272507+00:00,2026-09-04T09:00,2026-09-04T08:00:00+00:00,17.2,29.0
London,2026-08-21T21:48:24.272507+00:00,2026-09-04T10:00,2026-09-04T09:00:00+00:00,18.9,29.0
London,2026-08-21T21:48:24.272507+00:00,2026-09-04T11:00,2026-09-04T10:00:00+00:00,20.5,29.0
London,2026-08-21T21:48:24.272507+00:00,2026-09-04T12:00,2026-09-04T11:00:00+00:00,21.9,29.0
London,2026-08-21T21:48:24.272507+00:00,2026-09-04T13:00,2026-09-04T12:00:00+00:00,22.7,29.0
London,2026-08-21T21:48:24.272507+00:00,2026-09-04T14:00,2026-09-04T13:00:00+00:00,22.9,30.0
London,2026-08-21T21:48:24.272507+00:00,2026-09-04T15:00,2026-09-04T14:00:00+00:00,22.8,31.0
London,2026-08-21T21:48:24.272507+00:00,2026-09-04T16:00,2026-09-04T15:00:00+00:00,22.3,32.0
London,2026-08-21T21:48:24.272507+00:00,2026-09-04T17:00,2026-09-04T16:00:00+00:00,21.6,33.0
London,2026-08-21T21:48:24.272507+00:00,2026-09-04T18:00,2026-09-04T17:00:00+00:00,21.0,33.0
London,2026-08-21T21:48:24.272507+00:00,2026-09-04T19:00,2026-09-04T18:00:00+00:00,20.4,33.0
London,2026-08-21T21:48:24.272507+00:00,2026-09-04T20:00,2026-09-04T19:00:00+00:00,19.9,31.0
London,2026-08-21T21:48:24.272507+00:00,2026-09-04T21:00,2026-09-04T20:00:00+00:00,19.3,29.0
London,2026-08-21T21:48:24.272507+00:00,2026-09-04T22:00,2026-09-04T21:00:00+00:00,18.7,26.0
London,2026-08-21T21:48:24.272507+00:00,2026-09-04T23:00,2026-09-04T22:00:00+00:00,18.1,23.0
London,2026-08-21T21:48:24.272507+00:00,2026-09-05T00:00,2026-09-04T23:00:00+00:00,17.6,20.0
London,2026-08-21T21:48:24.272507+00:00,2026-09-05T01:00,2026-09-05T00:00:00+00:00,17.1,18.0
London,2026-08-21T21:48:24.272507+00:00,2026-09-05T02:00,2026-09-05T01:00:00+00:00,16.7,17.0
London,2026-08-21T21:48:24.272507+00:00,2026-09-05T03:00,2026-09-05T02:00:00+00:00,16.4,18.0
London,2026-08-21T21:48:24.272507+00:00,2026-09-05T04:00,2026-09-05T03:00:00+00:00,16.1,
London,2026-08-21T21:48:24.272507+00:00,2026-09-05T05:00,2026-09-05T04:00:00+00:00,15.9,
London,2026-08-21T21:48:24.272507+00:00,2026-09-05T06:00,2026-09-05T05:00:00+00:00,15.9,
London,2026-08-21T21:48:24.272507+00:00,2026-09-05T07:00,2026-09-05T06:00:00+00:00,16.2,
London,2026-08-21T21:48:24.272507+00:00,2026-09-05T08:00,2026-09-05T07:00:00+00:00,16.9,
London,2026-08-21T21:48:24.272507+00:00,2026-09-05T09:00,2026-09-05T08:00:00+00:00,18.0,
London,2026-08-21T21:48:24.272507+00:00,2026-09-05T10:00,2026-09-05T09:00:00+00:00,19.2,
London,2026-08-21T21:48:24.272507+00:00,2026-09-05T11:00,2026-09-05T10:00:00+00:00,20.5,
London,2026-08-21T21:48:24.272507+00:00,2026-09-05T12:00,2026-09-05T11:00:00+00:00,21.8,
London,2026-08-21T21:48:24.272507+00:00,2026-09-05T13:00,2026-09-05T12:00:00+00:00,22.5,
London,2026-08-21T21:48:24.272507+00:00,2026-09-05T14:00,2026-09-05T13:00:00+00:00,22.8,
London,2026-08-21T21:48:24.272507+00:00,2026-09-05T15:00,2026-09-05T14:00:00+00:00,22.6,
London,2026-08-21T21:48:24.272507+00:00,2026-09-05T16:00,2026-09-05T15:00:00+00:00,,
London,2026-08-21T21:48:24.272507+00:00,2026-09-05T17:00,2026-09-05T16:00:00+00:00,,
London,2026-08-21T21:48:24.272507+00:00,2026-09-05T18:00,2026-09-05T17:00:00+00:00,,
London,2026-08-21T21:48:24.272507+00:00,2026-09-05T19:00,2026-09-05T18:00:00+00:00,,
London,2026-08-21T21:48:24.272507+00:00,2026-09-05T20:00,2026-09-05T19:00:00+00:00,,
London,2026-08-21T21:48:24.272507+00:00,2026-09-05T21:00,2026-09-05T20:00:00+00:00,,
London,2026-08-21T21:48:24.272507+00:00,2026-09-05T22:00,2026-09-05T21:00:00+00:00,,
London,2026-08-21T21:48:24.272507+00:00,2026-09-05T23:00,2026-09-05T22:00:00+00:00,,
London,2026-08-21T22:50:18.886010+00:00,2026-08-21T00:00,2026-08-20T23:00:00+00:00,16.1,12.0
London,2026-08-21T22:50:18.886010+00:00,2026-08-21T01:00,2026-08-21T00:00:00+00:00,15.8,0.0
London,2026-08-21T22:50:18.886010+00:00,2026-08-21T02:00,2026-08-21T01:00:00+00:00,15.5,3.0
London,2026-08-21T22:50:18.886010+00:00,2026-08-21T03:00,2026-08-21T02:00:00+00:00,15.4,13.0
London,2026-08-21T22:50:18.886010+00:00,2026-08-21T04:00,2026-08-21T03:00:00+00:00,15.4,20.0
London,2026-08-21T22:50:18.886010+00:00,2026-08-21T05:00,2026-08-21T04:00:00+00:00,15.0,18.0
London,2026-08-21T22:50:18.886010+00:00,2026-08-21T06:00,2026-08-21T05:00:00+00:00,14.7,13.0
London,2026-08-21T22:50:18.886010+00:00,2026-08-21T07:00,2026-08-21T06:00:00+00:00,14.6,8.0
London,2026-08-21T22:50:18.886010+00:00,2026-08-21T08:00,2026-08-21T07:00:00+00:00,15.1,5.0
London,2026-08-21T22:50:18.886010+00:00,2026-08-21T09:00,2026-08-21T08:00:00+00:00,16.2,3.0
London,2026-08-21T22:50:18.886010+00:00,2026-08-21T10:00,2026-08-21T09:00:00+00:00,17.2,2.0
London,2026-08-21T22:50:18.886010+00:00,2026-08-21T11:00,2026-08-21T10:00:00+00:00,18.1,1.0
London,2026-08-21T22:50:18.886010+00:00,2026-08-21T12:00,2026-08-21T11:00:00+00:00,19.2,0.0
London,2026-08-21T22:50:18.886010+00:00,2026-08-21T13:00,2026-08-21T12:00:00+00:00,20.0,0.0
London,2026-08-21T22:50:18.886010+00:00,2026-08-21T14:00,2026-08-21T13:00:00+00:00,20.9,0.0
London,2026-08-21T22:50:18.886010+00:00,2026-08-21T15:00,2026-08-21T14:00:00+00:00,21.2,0.0
London,2026-08-21T22:50:18.886010+00:00,2026-08-21T16:00,2026-08-21T15:00:00+00:00,21.4,0.0
London,2026-08-21T22:50:18.886010+00:00,2026-08-21T17:00,2026-08-21T16:00:00+00:00,21.3,1.0
London,2026-08-21T22:50:18.886010+00:00,2026-08-21T18:00,2026-08-21T17:00:00+00:00,21.2,3.0
London,2026-08-21T22:50:18.886010+00:00,2026-08-21T19:00,2026-08-21T18:00:00+00:00,20.0,4.0
London,2026-08-21T22:50:18.886010+00:00,2026-08-21T20:00,2026-08-21T19:00:00+00:00,18.2,4.0
London,2026-08-21T22:50:18.886010+00:00,2026-08-21T21:00,2026-08-21T20:00:00+00:00,16.7,2.0
London,2026-08-21T22:50:18.886010+00:00,2026-08-21T22:00,2026-08-21T21:00:00+00:00,15.8,2.0
London,2026-08-21T22:50:18.886010+00:00,2026-08-21T23:00,2026-08-21T22:00:00+00:00,15.6,3.0
London,2026-08-21T22:50:18.886010+00:00,2026-08-22T00:00,2026-08-21T23:00:00+00:00,15.5,5.0
London,2026-08-21T22:50:18.886010+00:00,2026-08-22T01:00,2026-08-22T00:00:00+00:00,15.3,6.0
London,2026-08-21T22:50:18.886010+00:00,2026-08-22T02:00,2026-08-22T01:00:00+00:00,14.8,5.0
London,2026-08-21T22:50:18.886010+00:00,2026-08-22T03:00,2026-08-22T02:00:00+00:00,14.4,2.0
London,2026-08-21T22:50:18.886010+00:00,2026-08-22T04:00,2026-08-22T03:00:00+00:00,14.0,0.0
London,2026-08-21T22:50:18.886010+00:00,2026-08-22T05:00,2026-08-22T04:00:00+00:00,13.8,0.0
London,2026-08-21T22:50:18.886010+00:00,2026-08-22T06:00,2026-08-22T05:00:00+00:00,13.5,0.0
London,2026-08-21T22:50:18.886010+00:00,2026-08-22T07:00,2026-08-22T06:00:00+00:00,13.4,0.0
London,2026-08-21T22:50:18.886010+00:00,2026-08-22T08:00,2026-08-22T07:00:00+00:00,14.0,0.0
London,2026-08-21T22:50:18.886010+00:00,2026-08-22T09:00,2026-08-22T08:00:00+00:00,15.3,0.0
London,2026-08-21T22:50:18.886010+00:00,2026-08-22T10:00,2026-08-22T09:00:00+00:00,17.0,0.0
London,2026-08-21T22:50:18.886010+00:00,2026-08-22T11:00,2026-08-22T10:00:00+00:00,18.4,0.0
London,2026-08-21T22:50:18.886010+00:00,2026-08-22T12:00,2026-08-22T11:00:00+00:00,19.5,0.0
London,2026-08-21T22:50:18.886010+00:00,2026-08-22T13:00,2026-08-22T12:00:00+00:00,20.2,0.0
London,2026-08-21T22:50:18.886010+00:00,2026-08-22T14:00,2026-08-22T13:00:00+00:00,20.6,0.0
London,2026-08-21T22:50:18.886010+00:00,2026-08-22T15:00,2026-08-22T14:00:00+00:00,20.8,0.0
London,2026-08-21T22:50:18.886010+00:00,2026-08-22T16:00,2026-08-22T15:00:00+00:00,20.7,0.0
London,2026-08-21T22:50:18.886010+00:00,2026-08-22T17:00,2026-08-22T16:00:00+00:00,20.8,0.0
London,2026-08-21T22:50:18.886010+00:00,2026-08-22T18:00,2026-08-22T17:00:00+00:00,20.6,0.0
London,2026-08-21T22:50:18.886010+00:00,2026-08-22T19:00,2026-08-22T18:00:00+00:00,20.2,0.0
London,2026-08-21T22:50:18.886010+00:00,2026-08-22T20:00,2026-08-22T19:00:00+00:00,19.4,0.0
London,2026-08-21T22:50:18.886010+00:00,2026-08-22T21:00,2026-08-22T20:00:00+00:00,18.9,0.0
London,2026-08-21T22:50:18.886010+00:00,2026-08-22T22:00,2026-08-22T21:00:00+00:00,18.4,0.0
London,2026-08-21T22:50:18.886010+00:00,2026-08-22T23:00,2026-08-22T22:00:00+00:00,17.8,0.0
London,2026-08-21T22:50:18.886010+00:00,2026-08-23T00:00,2026-08-22T23:00:00+00:00,17.1,0.0
London,2026-08-21T22:50:18.886010+00:00,2026-08-23T01:00,2026-08-23T00:00:00+00:00,16.7,0.0
London,2026-08-21T22:50:18.886010+00:00,2026-08-23T02:00,2026-08-23T01:00:00+00:00,16.4,0.0
London,2026-08-21T22:50:18.886010+00:00,2026-08-23T03:00,2026-08-23T02:00:00+00:00,15.8,0.0
London,2026-08-21T22:50:18.886010+00:00,2026-08-23T04:00,2026-08-23T03:00:00+00:00,15.1,0.0
London,2026-08-21T22:50:18.886010+00:00,2026-08-23T05:00,2026-08-23T04:00:00+00:00,14.7,0.0
London,2026-08-21T22:50:18.886010+00:00,2026-08-23T06:00,2026-08-23T05:00:00+00:00,14.6,0.0
London,2026-08-21T22:50:18.886010+00:00,2026-08-23T07:00,2026-08-23T06:00:00+00:00,14.7,0.0
London,2026-08-21T22:50:18.886010+00:00,2026-08-23T08:00,2026-08-23T07:00:00+00:00,15.4,0.0
London,2026-08-21T22:50:18.886010+00:00,2026-08-23T09:00,2026-08-23T08:00:00+00:00,16.4,0.0
London,2026-08-21T22:50:18.886010+00:00,2026-08-23T10:00,2026-08-23T09:00:00+00:00,17.4,0.0
London,2026-08-21T22:50:18.886010+00:00,2026-08-23T11:00,2026-08-23T10:00:00+00:00,18.4,0.0
London,2026-08-21T22:50:18.886010+00:00,2026-08-23T12:00,2026-08-23T11:00:00+00:00,19.9,0.0
London,2026-08-21T22:50:18.886010+00:00,2026-08-23T13:00,2026-08-23T12:00:00+00:00,21.0,0.0
London,2026-08-21T22:50:18.886010+00:00,2026-08-23T14:00,2026-08-23T13:00:00+00:00,21.8,0.0
London,2026-08-21T22:50:18.886010+00:00,2026-08-23T15:00,2026-08-23T14:00:00+00:00,22.4,0.0
London,2026-08-21T22:50:18.886010+00:00,2026-08-23T16:00,2026-08-23T15:00:00+00:00,22.8,0.0
London,2026-08-21T22:50:18.886010+00:00,2026-08-23T17:00,2026-08-23T16:00:00+00:00,23.0,0.0
London,2026-08-21T22:50:18.886010+00:00,2026-08-23T18:00,2026-08-23T17:00:00+00:00,22.1,0.0
London,2026-08-21T22:50:18.886010+00:00,2026-08-23T19:00,2026-08-23T18:00:00+00:00,20.6,0.0
London,2026-08-21T22:50:18.886010+00:00,2026-08-23T20:00,2026-08-23T19:00:00+00:00,19.3,0.0
London,2026-08-21T22:50:18.886010+00:00,2026-08-23T21:00,2026-08-23T20:00:00+00:00,18.6,0.0
London,2026-08-21T22:50:18.886010+00:00,2026-08-23T22:00,2026-08-23T21:00:00+00:00,18.1,0.0
London,2026-08-21T22:50:18.886010+00:00,2026-08-23T23:00,2026-08-23T22:00:00+00:00,17.7,0.0
London,2026-08-21T22:50:18.886010+00:00,2026-08-24T00:00,2026-08-23T23:00:00+00:00,17.4,0.0
London,2026-08-21T22:50:18.886010+00:00,2026-08-24T01:00,2026-08-24T00:00:00+00:00,17.2,0.0
London,2026-08-21T22:50:18.886010+00:00,2026-08-24T02:00,2026-08-24T01:00:00+00:00,17.1,0.0
London,2026-08-21T22:50:18.886010+00:00,2026-08-24T03:00,2026-08-24T02:00:00+00:00,16.7,0.0
London,2026-08-21T22:50:18.886010+00:00,2026-08-24T04:00,2026-08-24T03:00:00+00:00,16.3,0.0
London,2026-08-21T22:50:18.886010+00:00,2026-08-24T05:00,2026-08-24T04:00:00+00:00,15.7,0.0
London,2026-08-21T22:50:18.886010+00:00,2026-08-24T06:00,2026-08-24T05:00:00+00:00,15.2,0.0
London,2026-08-21T22:50:18.886010+00:00,2026-08-24T07:00,2026-08-24T06:00:00+00:00,15.1,0.0
London,2026-08-21T22:50:18.886010+00:00,2026-08-24T08:00,2026-08-24T07:00:00+00:00,16.0,0.0
London,2026-08-21T22:50:18.886010+00:00,2026-08-24T09:00,2026-08-24T08:00:00+00:00,17.4,1.0
London,2026-08-21T22:50:18.886010+00:00,2026-08-24T10:00,2026-08-24T09:00:00+00:00,18.7,2.0
London,2026-08-21T22:50:18.886010+00:00,2026-08-24T11:00,2026-08-24T10:00:00+00:00,19.7,4.0
London,2026-08-21T22:50:18.886010+00:00,2026-08-24T12:00,2026-08-24T11:00:00+00:00,20.5,5.0
London,2026-08-21T22:50:18.886010+00:00,2026-08-24T13:00,2026-08-24T12:00:00+00:00,21.0,6.0
London,2026-08-21T22:50:18.886010+00:00,2026-08-24T14:00,2026-08-24T13:00:00+00:00,21.3,4.0
London,2026-08-21T22:50:18.886010+00:00,2026-08-24T15:00,2026-08-24T14:00:00+00:00,21.4,2.0
London,2026-08-21T22:50:18.886010+00:00,2026-08-24T16:00,2026-08-24T15:00:00+00:00,21.3,0.0
London,2026-08-21T22:50:18.886010+00:00,2026-08-24T17:00,2026-08-24T16:00:00+00:00,20.9,0.0
London,2026-08-21T22:50:18.886010+00:00,2026-08-24T18:00,2026-08-24T17:00:00+00:00,20.3,1.0
London,2026-08-21T22:50:18.886010+00:00,2026-08-24T19:00,2026-08-24T18:00:00+00:00,19.8,2.0
London,2026-08-21T22:50:18.886010+00:00,2026-08-24T20:00,2026-08-24T19:00:00+00:00,19.5,2.0
London,2026-08-21T22:50:18.886010+00:00,2026-08-24T21:00,2026-08-24T20:00:00+00:00,19.3,2.0
London,2026-08-21T22:50:18.886010+00:00,2026-08-24T22:00,2026-08-24T21:00:00+00:00,19.1,2.0
London,2026-08-21T22:50:18.886010+00:00,2026-08-24T23:00,2026-08-24T22:00:00+00:00,18.8,4.0
London,2026-08-21T22:50:18.886010+00:00,2026-08-25T00:00,2026-08-24T23:00:00+00:00,18.5,6.0
London,2026-08-21T22:50:18.886010+00:00,2026-08-25T01:00,2026-08-25T00:00:00+00:00,18.3,8.0
London,2026-08-21T22:50:18.886010+00:00,2026-08-25T02:00,2026-08-25T01:00:00+00:00,18.2,8.0
London,2026-08-21T22:50:18.886010+00:00,2026-08-25T03:00,2026-08-25T02:00:00+00:00,18.2,8.0
London,2026-08-21T22:50:18.886010+00:00,2026-08-25T04:00,2026-08-25T03:00:00+00:00,18.1,8.0
London,2026-08-21T22:50:18.886010+00:00,2026-08-25T05:00,2026-08-25T04:00:00+00:00,17.9,10.0
London,2026-08-21T22:50:18.886010+00:00,2026-08-25T06:00,2026-08-25T05:00:00+00:00,17.6,12.0
London,2026-08-21T22:50:18.886010+00:00,2026-08-25T07:00,2026-08-25T06:00:00+00:00,17.5,14.0
London,2026-08-21T22:50:18.886010+00:00,2026-08-25T08:00,2026-08-25T07:00:00+00:00,17.5,16.0
London,2026-08-21T22:50:18.886010+00:00,2026-08-25T09:00,2026-08-25T08:00:00+00:00,17.6,18.0
London,2026-08-21T22:50:18.886010+00:00,2026-08-25T10:00,2026-08-25T09:00:00+00:00,17.8,20.0
London,2026-08-21T22:50:18.886010+00:00,2026-08-25T11:00,2026-08-25T10:00:00+00:00,18.0,23.0
London,2026-08-21T22:50:18.886010+00:00,2026-08-25T12:00,2026-08-25T11:00:00+00:00,18.2,26.0
London,2026-08-21T22:50:18.886010+00:00,2026-08-25T13:00,2026-08-25T12:00:00+00:00,18.5,27.0
London,2026-08-21T22:50:18.886010+00:00,2026-08-25T14:00,2026-08-25T13:00:00+00:00,19.2,22.0
London,2026-08-21T22:50:18.886010+00:00,2026-08-25T15:00,2026-08-25T14:00:00+00:00,20.1,15.0
London,2026-08-21T22:50:18.886010+00:00,2026-08-25T16:00,2026-08-25T15:00:00+00:00,20.7,10.0
London,2026-08-21T22:50:18.886010+00:00,2026-08-25T17:00,2026-08-25T16:00:00+00:00,21.1,9.0
London,2026-08-21T22:50:18.886010+00:00,2026-08-25T18:00,2026-08-25T17:00:00+00:00,21.4,9.0
London,2026-08-21T22:50:18.886010+00:00,2026-08-25T19:00,2026-08-25T18:00:00+00:00,21.3,10.0
London,2026-08-21T22:50:18.886010+00:00,2026-08-25T20:00,2026-08-25T19:00:00+00:00,20.9,10.0
London,2026-08-21T22:50:18.886010+00:00,2026-08-25T21:00,2026-08-25T20:00:00+00:00,20.2,10.0
London,2026-08-21T22:50:18.886010+00:00,2026-08-25T22:00,2026-08-25T21:00:00+00:00,19.5,12.0
London,2026-08-21T22:50:18.886010+00:00,2026-08-25T23:00,2026-08-25T22:00:00+00:00,19.1,16.0
London,2026-08-21T22:50:18.886010+00:00,2026-08-26T00:00,2026-08-25T23:00:00+00:00,18.8,21.0
London,2026-08-21T22:50:18.886010+00:00,2026-08-26T01:00,2026-08-26T00:00:00+00:00,18.5,25.0
London,2026-08-21T22:50:18.886010+00:00,2026-08-26T02:00,2026-08-26T01:00:00+00:00,18.1,26.0
London,2026-08-21T22:50:18.886010+00:00,2026-08-26T03:00,2026-08-26T02:00:00+00:00,17.6,27.0
London,2026-08-21T22:50:18.886010+00:00,2026-08-26T04:00,2026-08-26T03:00:00+00:00,17.3,27.0
London,2026-08-21T22:50:18.886010+00:00,2026-08-26T05:00,2026-08-26T04:00:00+00:00,17.0,28.0
London,2026-08-21T22:50:18.886010+00:00,2026-08-26T06:00,2026-08-26T05:00:00+00:00,16.8,29.0
London,2026-08-21T22:50:18.886010+00:00,2026-08-26T07:00,2026-08-26T06:00:00+00:00,17.0,29.0
London,2026-08-21T22:50:18.886010+00:00,2026-08-26T08:00,2026-08-26T07:00:00+00:00,17.5,27.0
London,2026-08-21T22:50:18.886010+00:00,2026-08-26T09:00,2026-08-26T08:00:00+00:00,18.3,23.0
London,2026-08-21T22:50:18.886010+00:00,2026-08-26T10:00,2026-08-26T09:00:00+00:00,19.3,22.0
London,2026-08-21T22:50:18.886010+00:00,2026-08-26T11:00,2026-08-26T10:00:00+00:00,20.5,25.0
London,2026-08-21T22:50:18.886010+00:00,2026-08-26T12:00,2026-08-26T11:00:00+00:00,21.8,30.0
London,2026-08-21T22:50:18.886010+00:00,2026-08-26T13:00,2026-08-26T12:00:00+00:00,23.0,35.0
London,2026-08-21T22:50:18.886010+00:00,2026-08-26T14:00,2026-08-26T13:00:00+00:00,24.1,39.0
London,2026-08-21T22:50:18.886010+00:00,2026-08-26T15:00,2026-08-26T14:00:00+00:00,25.0,42.0
London,2026-08-21T22:50:18.886010+00:00,2026-08-26T16:00,2026-08-26T15:00:00+00:00,25.6,41.0
London,2026-08-21T22:50:18.886010+00:00,2026-08-26T17:00,2026-08-26T16:00:00+00:00,25.6,32.0
London,2026-08-21T22:50:18.886010+00:00,2026-08-26T18:00,2026-08-26T17:00:00+00:00,25.4,19.0
London,2026-08-21T22:50:18.886010+00:00,2026-08-26T19:00,2026-08-26T18:00:00+00:00,25.0,10.0
London,2026-08-21T22:50:18.886010+00:00,2026-08-26T20:00,2026-08-26T19:00:00+00:00,24.5,9.0
London,2026-08-21T22:50:18.886010+00:00,2026-08-26T21:00,2026-08-26T20:00:00+00:00,23.8,13.0
London,2026-08-21T22:50:18.886010+00:00,2026-08-26T22:00,2026-08-26T21:00:00+00:00,23.3,18.0
London,2026-08-21T22:50:18.886010+00:00,2026-08-26T23:00,2026-08-26T22:00:00+00:00,22.8,24.0
London,2026-08-21T22:50:18.886010+00:00,2026-08-27T00:00,2026-08-26T23:00:00+00:00,22.4,32.0
London,2026-08-21T22:50:18.886010+00:00,2026-08-27T01:00,2026-08-27T00:00:00+00:00,22.0,39.0
London,2026-08-21T22:50:18.886010+00:00,2026-08-27T02:00,2026-08-27T01:00:00+00:00,21.6,44.0
London,2026-08-21T22:50:18.886010+00:00,2026-08-27T03:00,2026-08-27T02:00:00+00:00,21.1,48.0
London,2026-08-21T22:50:18.886010+00:00,2026-08-27T04:00,2026-08-27T03:00:00+00:00,20.5,51.0
London,2026-08-21T22:50:18.886010+00:00,2026-08-27T05:00,2026-08-27T04:00:00+00:00,19.6,51.0
London,2026-08-21T22:50:18.886010+00:00,2026-08-27T06:00,2026-08-27T05:00:00+00:00,18.7,49.0
London,2026-08-21T22:50:18.886010+00:00,2026-08-27T07:00,2026-08-27T06:00:00+00:00,18.3,49.0
London,2026-08-21T22:50:18.886010+00:00,2026-08-27T08:00,2026-08-27T07:00:00+00:00,18.5,55.0
London,2026-08-21T22:50:18.886010+00:00,2026-08-27T09:00,2026-08-27T08:00:00+00:00,19.2,63.0
London,2026-08-21T22:50:18.886010+00:00,2026-08-27T10:00,2026-08-27T09:00:00+00:00,20.1,69.0
London,2026-08-21T22:50:18.886010+00:00,2026-08-27T11:00,2026-08-27T10:00:00+00:00,21.8,71.0
London,2026-08-21T22:50:18.886010+00:00,2026-08-27T12:00,2026-08-27T11:00:00+00:00,22.8,71.0
London,2026-08-21T22:50:18.886010+00:00,2026-08-27T13:00,2026-08-27T12:00:00+00:00,23.5,71.0
London,2026-08-21T22:50:18.886010+00:00,2026-08-27T14:00,2026-08-27T13:00:00+00:00,23.8,72.0
London,2026-08-21T22:50:18.886010+00:00,2026-08-27T15:00,2026-08-27T14:00:00+00:00,24.1,73.0
London,2026-08-21T22:50:18.886010+00:00,2026-08-27T16:00,2026-08-27T15:00:00+00:00,24.2,74.0
London,2026-08-21T22:50:18.886010+00:00,2026-08-27T17:00,2026-08-27T16:00:00+00:00,24.1,74.0
London,2026-08-21T22:50:18.886010+00:00,2026-08-27T18:00,2026-08-27T17:00:00+00:00,24.0,74.0
London,2026-08-21T22:50:18.886010+00:00,2026-08-27T19:00,2026-08-27T18:00:00+00:00,23.8,71.0
London,2026-08-21T22:50:18.886010+00:00,2026-08-27T20:00,2026-08-27T19:00:00+00:00,23.4,65.0
London,2026-08-21T22:50:18.886010+00:00,2026-08-27T21:00,2026-08-27T20:00:00+00:00,22.9,56.0
London,2026-08-21T22:50:18.886010+00:00,2026-08-27T22:00,2026-08-27T21:00:00+00:00,22.3,48.0
London,2026-08-21T22:50:18.886010+00:00,2026-08-27T23:00,2026-08-27T22:00:00+00:00,21.7,40.0
London,2026-08-21T22:50:18.886010+00:00,2026-08-28T00:00,2026-08-27T23:00:00+00:00,21.1,31.0
London,2026-08-21T22:50:18.886010+00:00,2026-08-28T01:00,2026-08-28T00:00:00+00:00,20.5,25.0
London,2026-08-21T22:50:18.886010+00:00,2026-08-28T02:00,2026-08-28T01:00:00+00:00,20.1,22.0
London,2026-08-21T22:50:18.886010+00:00,2026-08-28T03:00,2026-08-28T02:00:00+00:00,19.6,22.0
London,2026-08-21T22:50:18.886010+00:00,2026-08-28T04:00,2026-08-28T03:00:00+00:00,19.1,22.0
London,2026-08-21T22:50:18.886010+00:00,2026-08-28T05:00,2026-08-28T04:00:00+00:00,18.7,23.0
London,2026-08-21T22:50:18.886010+00:00,2026-08-28T06:00,2026-08-28T05:00:00+00:00,18.4,25.0
London,2026-08-21T22:50:18.886010+00:00,2026-08-28T07:00,2026-08-28T06:00:00+00:00,18.2,27.0
London,2026-08-21T22:50:18.886010+00:00,2026-08-28T08:00,2026-08-28T07:00:00+00:00,18.2,30.0
London,2026-08-21T22:50:18.886010+00:00,2026-08-28T09:00,2026-08-28T08:00:00+00:00,18.2,34.0
London,2026-08-21T22:50:18.886010+00:00,2026-08-28T10:00,2026-08-28T09:00:00+00:00,18.4,38.0
London,2026-08-21T22:50:18.886010+00:00,2026-08-28T11:00,2026-08-28T10:00:00+00:00,18.7,42.0
London,2026-08-21T22:50:18.886010+00:00,2026-08-28T12:00,2026-08-28T11:00:00+00:00,19.5,46.0
London,2026-08-21T22:50:18.886010+00:00,2026-08-28T13:00,2026-08-28T12:00:00+00:00,20.4,51.0
London,2026-08-21T22:50:18.886010+00:00,2026-08-28T14:00,2026-08-28T13:00:00+00:00,20.9,56.0
London,2026-08-21T22:50:18.886010+00:00,2026-08-28T15:00,2026-08-28T14:00:00+00:00,20.6,62.0
London,2026-08-21T22:50:18.886010+00:00,2026-08-28T16:00,2026-08-28T15:00:00+00:00,20.0,66.0
London,2026-08-21T22:50:18.886010+00:00,2026-08-28T17:00,2026-08-28T16:00:00+00:00,19.3,70.0
London,2026-08-21T22:50:18.886010+00:00,2026-08-28T18:00,2026-08-28T17:00:00+00:00,18.6,72.0
London,2026-08-21T22:50:18.886010+00:00,2026-08-28T19:00,2026-08-28T18:00:00+00:00,18.0,71.0
London,2026-08-21T22:50:18.886010+00:00,2026-08-28T20:00,2026-08-28T19:00:00+00:00,17.5,64.0
London,2026-08-21T22:50:18.886010+00:00,2026-08-28T21:00,2026-08-28T20:00:00+00:00,16.8,54.0
London,2026-08-21T22:50:18.886010+00:00,2026-08-28T22:00,2026-08-28T21:00:00+00:00,16.2,43.0
London,2026-08-21T22:50:18.886010+00:00,2026-08-28T23:00,2026-08-28T22:00:00+00:00,15.6,32.0
London,2026-08-21T22:50:18.886010+00:00,2026-08-29T00:00,2026-08-28T23:00:00+00:00,15.1,21.0
London,2026-08-21T22:50:18.886010+00:00,2026-08-29T01:00,2026-08-29T00:00:00+00:00,14.8,14.0
London,2026-08-21T22:50:18.886010+00:00,2026-08-29T02:00,2026-08-29T01:00:00+00:00,14.5,12.0
London,2026-08-21T22:50:18.886010+00:00,2026-08-29T03:00,2026-08-29T02:00:00+00:00,14.4,14.0
London,2026-08-21T22:50:18.886010+00:00,2026-08-29T04:00,2026-08-29T03:00:00+00:00,14.3,17.0
London,2026-08-21T22:50:18.886010+00:00,2026-08-29T05:00,2026-08-29T04:00:00+00:00,14.3,20.0
London,2026-08-21T22:50:18.886010+00:00,2026-08-29T06:00,2026-08-29T05:00:00+00:00,14.5,24.0
London,2026-08-21T22:50:18.886010+00:00,2026-08-29T07:00,2026-08-29T06:00:00+00:00,14.7,27.0
London,2026-08-21T22:50:18.886010+00:00,2026-08-29T08:00,2026-08-29T07:00:00+00:00,15.1,28.0
London,2026-08-21T22:50:18.886010+00:00,2026-08-29T09:00,2026-08-29T08:00:00+00:00,15.8,28.0
London,2026-08-21T22:50:18.886010+00:00,2026-08-29T10:00,2026-08-29T09:00:00+00:00,16.5,29.0
London,2026-08-21T22:50:18.886010+00:00,2026-08-29T11:00,2026-08-29T10:00:00+00:00,17.2,30.0
London,2026-08-21T22:50:18.886010+00:00,2026-08-29T12:00,2026-08-29T11:00:00+00:00,17.9,31.0
London,2026-08-21T22:50:18.886010+00:00,2026-08-29T13:00,2026-08-29T12:00:00+00:00,18.4,33.0
London,2026-08-21T22:50:18.886010+00:00,2026-08-29T14:00,2026-08-29T13:00:00+00:00,18.8,37.0
London,2026-08-21T22:50:18.886010+00:00,2026-08-29T15:00,2026-08-29T14:00:00+00:00,19.2,42.0
London,2026-08-21T22:50:18.886010+00:00,2026-08-29T16:00,2026-08-29T15:00:00+00:00,19.5,47.0
London,2026-08-21T22:50:18.886010+00:00,2026-08-29T17:00,2026-08-29T16:00:00+00:00,19.7,51.0
London,2026-08-21T22:50:18.886010+00:00,2026-08-29T18:00,2026-08-29T17:00:00+00:00,19.8,55.0
London,2026-08-21T22:50:18.886010+00:00,2026-08-29T19:00,2026-08-29T18:00:00+00:00,19.7,55.0
London,2026-08-21T22:50:18.886010+00:00,2026-08-29T20:00,2026-08-29T19:00:00+00:00,19.4,50.0
London,2026-08-21T22:50:18.886010+00:00,2026-08-29T21:00,2026-08-29T20:00:00+00:00,18.8,42.0
London,2026-08-21T22:50:18.886010+00:00,2026-08-29T22:00,2026-08-29T21:00:00+00:00,18.2,33.0
London,2026-08-21T22:50:18.886010+00:00,2026-08-29T23:00,2026-08-29T22:00:00+00:00,17.5,24.0
London,2026-08-21T22:50:18.886010+00:00,2026-08-30T00:00,2026-08-29T23:00:00+00:00,16.8,16.0
London,2026-08-21T22:50:18.886010+00:00,2026-08-30T01:00,2026-08-30T00:00:00+00:00,16.3,10.0
London,2026-08-21T22:50:18.886010+00:00,2026-08-30T02:00,2026-08-30T01:00:00+00:00,15.8,9.0
London,2026-08-21T22:50:18.886010+00:00,2026-08-30T03:00,2026-08-30T02:00:00+00:00,15.3,10.0
London,2026-08-21T22:50:18.886010+00:00,2026-08-30T04:00,2026-08-30T03:00:00+00:00,14.9,12.0
London,2026-08-21T22:50:18.886010+00:00,2026-08-30T05:00,2026-08-30T04:00:00+00:00,14.5,14.0
London,2026-08-21T22:50:18.886010+00:00,2026-08-30T06:00,2026-08-30T05:00:00+00:00,14.4,17.0
London,2026-08-21T22:50:18.886010+00:00,2026-08-30T07:00,2026-08-30T06:00:00+00:00,14.5,20.0
London,2026-08-21T22:50:18.886010+00:00,2026-08-30T08:00,2026-08-30T07:00:00+00:00,15.1,21.0
London,2026-08-21T22:50:18.886010+00:00,2026-08-30T09:00,2026-08-30T08:00:00+00:00,16.1,22.0
London,2026-08-21T22:50:18.886010+00:00,2026-08-30T10:00,2026-08-30T09:00:00+00:00,17.3,23.0
London,2026-08-21T22:50:18.886010+00:00,2026-08-30T11:00,2026-08-30T10:00:00+00:00,18.5,24.0
London,2026-08-21T22:50:18.886010+00:00,2026-08-30T12:00,2026-08-30T11:00:00+00:00,19.6,25.0
London,2026-08-21T22:50:18.886010+00:00,2026-08-30T13:00,2026-08-30T12:00:00+00:00,20.3,27.0
London,2026-08-21T22:50:18.886010+00:00,2026-08-30T14:00,2026-08-30T13:00:00+00:00,20.6,31.0
London,2026-08-21T22:50:18.886010+00:00,2026-08-30T15:00,2026-08-30T14:00:00+00:00,20.8,35.0
London,2026-08-21T22:50:18.886010+00:00,2026-08-30T16:00,2026-08-30T15:00:00+00:00,20.7,39.0
London,2026-08-21T22:50:18.886010+00:00,2026-08-30T17:00,2026-08-30T16:00:00+00:00,20.6,43.0
London,2026-08-21T22:50:18.886010+00:00,2026-08-30T18:00,2026-08-30T17:00:00+00:00,20.3,46.0
London,2026-08-21T22:50:18.886010+00:00,2026-08-30T19:00,2026-08-30T18:00:00+00:00,19.9,47.0
London,2026-08-21T22:50:18.886010+00:00,2026-08-30T20:00,2026-08-30T19:00:00+00:00,19.3,45.0
London,2026-08-21T22:50:18.886010+00:00,2026-08-30T21:00,2026-08-30T20:00:00+00:00,18.4,41.0
London,2026-08-21T22:50:18.886010+00:00,2026-08-30T22:00,2026-08-30T21:00:00+00:00,17.5,36.0
London,2026-08-21T22:50:18.886010+00:00,2026-08-30T23:00,2026-08-30T22:00:00+00:00,16.5,31.0
London,2026-08-21T22:50:18.886010+00:00,2026-08-31T00:00,2026-08-30T23:00:00+00:00,15.6,26.0
London,2026-08-21T22:50:18.886010+00:00,2026-08-31T01:00,2026-08-31T00:00:00+00:00,15.0,22.0
London,2026-08-21T22:50:18.886010+00:00,2026-08-31T02:00,2026-08-31T01:00:00+00:00,14.5,20.0
London,2026-08-21T22:50:18.886010+00:00,2026-08-31T03:00,2026-08-31T02:00:00+00:00,14.0,18.0
London,2026-08-21T22:50:18.886010+00:00,2026-08-31T04:00,2026-08-31T03:00:00+00:00,13.6,17.0
London,2026-08-21T22:50:18.886010+00:00,2026-08-31T05:00,2026-08-31T04:00:00+00:00,13.4,16.0
London,2026-08-21T22:50:18.886010+00:00,2026-08-31T06:00,2026-08-31T05:00:00+00:00,13.3,16.0
London,2026-08-21T22:50:18.886010+00:00,2026-08-31T07:00,2026-08-31T06:00:00+00:00,13.6,16.0
London,2026-08-21T22:50:18.886010+00:00,2026-08-31T08:00,2026-08-31T07:00:00+00:00,14.3,16.0
London,2026-08-21T22:50:18.886010+00:00,2026-08-31T09:00,2026-08-31T08:00:00+00:00,15.5,16.0
London,2026-08-21T22:50:18.886010+00:00,2026-08-31T10:00,2026-08-31T09:00:00+00:00,16.9,16.0
London,2026-08-21T22:50:18.886010+00:00,2026-08-31T11:00,2026-08-31T10:00:00+00:00,18.3,17.0
London,2026-08-21T22:50:18.886010+00:00,2026-08-31T12:00,2026-08-31T11:00:00+00:00,19.5,18.0
London,2026-08-21T22:50:18.886010+00:00,2026-08-31T13:00,2026-08-31T12:00:00+00:00,20.3,20.0
London,2026-08-21T22:50:18.886010+00:00,2026-08-31T14:00,2026-08-31T13:00:00+00:00,20.7,24.0
London,2026-08-21T22:50:18.886010+00:00,2026-08-31T15:00,2026-08-31T14:00:00+00:00,20.9,29.0
London,2026-08-21T22:50:18.886010+00:00,2026-08-31T16:00,2026-08-31T15:00:00+00:00,20.9,34.0
London,2026-08-21T22:50:18.886010+00:00,2026-08-31T17:00,2026-08-31T16:00:00+00:00,20.8,38.0
London,2026-08-21T22:50:18.886010+00:00,2026-08-31T18:00,2026-08-31T17:00:00+00:00,20.5,42.0
London,2026-08-21T22:50:18.886010+00:00,2026-08-31T19:00,2026-08-31T18:00:00+00:00,20.3,43.0
London,2026-08-21T22:50:18.886010+00:00,2026-08-31T20:00,2026-08-31T19:00:00+00:00,19.9,39.0
London,2026-08-21T22:50:18.886010+00:00,2026-08-31T21:00,2026-08-31T20:00:00+00:00,19.3,33.0
London,2026-08-21T22:50:18.886010+00:00,2026-08-31T22:00,2026-08-31T21:00:00+00:00,18.7,26.0
London,2026-08-21T22:50:18.886010+00:00,2026-08-31T23:00,2026-08-31T22:00:00+00:00,18.0,19.0
London,2026-08-21T22:50:18.886010+00:00,2026-09-01T00:00,2026-08-31T23:00:00+00:00,17.4,11.0
London,2026-08-21T22:50:18.886010+00:00,2026-09-01T01:00,2026-09-01T00:00:00+00:00,16.9,6.0
London,2026-08-21T22:50:18.886010+00:00,2026-09-01T02:00,2026-09-01T01:00:00+00:00,16.6,4.0
London,2026-08-21T22:50:18.886010+00:00,2026-09-01T03:00,2026-09-01T02:00:00+00:00,16.2,4.0
London,2026-08-21T22:50:18.886010+00:00,2026-09-01T04:00,2026-09-01T03:00:00+00:00,15.9,5.0
London,2026-08-21T22:50:18.886010+00:00,2026-09-01T05:00,2026-09-01T04:00:00+00:00,15.8,6.0
London,2026-08-21T22:50:18.886010+00:00,2026-09-01T06:00,2026-09-01T05:00:00+00:00,15.8,8.0
London,2026-08-21T22:50:18.886010+00:00,2026-09-01T07:00,2026-09-01T06:00:00+00:00,16.0,10.0
London,2026-08-21T22:50:18.886010+00:00,2026-09-01T08:00,2026-09-01T07:00:00+00:00,16.7,13.0
London,2026-08-21T22:50:18.886010+00:00,2026-09-01T09:00,2026-09-01T08:00:00+00:00,17.7,16.0
London,2026-08-21T22:50:18.886010+00:00,2026-09-01T10:00,2026-09-01T09:00:00+00:00,18.8,19.0
London,2026-08-21T22:50:18.886010+00:00,2026-09-01T11:00,2026-09-01T10:00:00+00:00,20.0,22.0
London,2026-08-21T22:50:18.886010+00:00,2026-09-01T12:00,2026-09-01T11:00:00+00:00,20.9,25.0
London,2026-08-21T22:50:18.886010+00:00,2026-09-01T13:00,2026-09-01T12:00:00+00:00,21.5,29.0
London,2026-08-21T22:50:18.886010+00:00,2026-09-01T14:00,2026-09-01T13:00:00+00:00,21.6,34.0
London,2026-08-21T22:50:18.886010+00:00,2026-09-01T15:00,2026-09-01T14:00:00+00:00,21.4,39.0
London,2026-08-21T22:50:18.886010+00:00,2026-09-01T16:00,2026-09-01T15:00:00+00:00,21.0,43.0
London,2026-08-21T22:50:18.886010+00:00,2026-09-01T17:00,2026-09-01T16:00:00+00:00,20.5,46.0
London,2026-08-21T22:50:18.886010+00:00,2026-09-01T18:00,2026-09-01T17:00:00+00:00,19.9,49.0
London,2026-08-21T22:50:18.886010+00:00,2026-09-01T19:00,2026-09-01T18:00:00+00:00,19.4,49.0
London,2026-08-21T22:50:18.886010+00:00,2026-09-01T20:00,2026-09-01T19:00:00+00:00,18.8,45.0
London,2026-08-21T22:50:18.886010+00:00,2026-09-01T21:00,2026-09-01T20:00:00+00:00,18.2,38.0
London,2026-08-21T22:50:18.886010+00:00,2026-09-01T22:00,2026-09-01T21:00:00+00:00,17.5,31.0
London,2026-08-21T22:50:18.886010+00:00,2026-09-01T23:00,2026-09-01T22:00:00+00:00,16.8,24.0
London,2026-08-21T22:50:18.886010+00:00,2026-09-02T00:00,2026-09-01T23:00:00+00:00,16.2,16.0
London,2026-08-21T22:50:18.886010+00:00,2026-09-02T01:00,2026-09-02T00:00:00+00:00,15.7,10.0
London,2026-08-21T22:50:18.886010+00:00,2026-09-02T02:00,2026-09-02T01:00:00+00:00,15.2,7.0
London,2026-08-21T22:50:18.886010+00:00,2026-09-02T03:00,2026-09-02T02:00:00+00:00,14.8,7.0
London,2026-08-21T22:50:18.886010+00:00,2026-09-02T04:00,2026-09-02T03:00:00+00:00,14.5,7.0
London,2026-08-21T22:50:18.886010+00:00,2026-09-02T05:00,2026-09-02T04:00:00+00:00,14.3,7.0
London,2026-08-21T22:50:18.886010+00:00,2026-09-02T06:00,2026-09-02T05:00:00+00:00,14.3,9.0
London,2026-08-21T22:50:18.886010+00:00,2026-09-02T07:00,2026-09-02T06:00:00+00:00,14.6,10.0
London,2026-08-21T22:50:18.886010+00:00,2026-09-02T08:00,2026-09-02T07:00:00+00:00,15.4,12.0
London,2026-08-21T22:50:18.886010+00:00,2026-09-02T09:00,2026-09-02T08:00:00+00:00,16.6,14.0
London,2026-08-21T22:50:18.886010+00:00,2026-09-02T10:00,2026-09-02T09:00:00+00:00,18.1,16.0
London,2026-08-21T22:50:18.886010+00:00,2026-09-02T11:00,2026-09-02T10:00:00+00:00,19.5,18.0
London,2026-08-21T22:50:18.886010+00:00,2026-09-02T12:00,2026-09-02T11:00:00+00:00,20.7,20.0
London,2026-08-21T22:50:18.886010+00:00,2026-09-02T13:00,2026-09-02T12:00:00+00:00,21.4,22.0
London,2026-08-21T22:50:18.886010+00:00,2026-09-02T14:00,2026-09-02T13:00:00+00:00,21.6,23.0
London,2026-08-21T22:50:18.886010+00:00,2026-09-02T15:00,2026-09-02T14:00:00+00:00,21.5,24.0
London,2026-08-21T22:50:18.886010+00:00,2026-09-02T16:00,2026-09-02T15:00:00+00:00,21.1,25.0
London,2026-08-21T22:50:18.886010+00:00,2026-09-02T17:00,2026-09-02T16:00:00+00:00,20.5,25.0
London,2026-08-21T22:50:18.886010+00:00,2026-09-02T18:00,2026-09-02T17:00:00+00:00,19.9,26.0
London,2026-08-21T22:50:18.886010+00:00,2026-09-02T19:00,2026-09-02T18:00:00+00:00,19.3,25.0
London,2026-08-21T22:50:18.886010+00:00,2026-09-02T20:00,2026-09-02T19:00:00+00:00,18.7,23.0
London,2026-08-21T22:50:18.886010+00:00,2026-09-02T21:00,2026-09-02T20:00:00+00:00,18.1,21.0
London,2026-08-21T22:50:18.886010+00:00,2026-09-02T22:00,2026-09-02T21:00:00+00:00,17.3,18.0
London,2026-08-21T22:50:18.886010+00:00,2026-09-02T23:00,2026-09-02T22:00:00+00:00,16.6,15.0
London,2026-08-21T22:50:18.886010+00:00,2026-09-03T00:00,2026-09-02T23:00:00+00:00,15.9,12.0
London,2026-08-21T22:50:18.886010+00:00,2026-09-03T01:00,2026-09-03T00:00:00+00:00,15.4,10.0
London,2026-08-21T22:50:18.886010+00:00,2026-09-03T02:00,2026-09-03T01:00:00+00:00,14.8,8.0
London,2026-08-21T22:50:18.886010+00:00,2026-09-03T03:00,2026-09-03T02:00:00+00:00,14.3,7.0
London,2026-08-21T22:50:18.886010+00:00,2026-09-03T04:00,2026-09-03T03:00:00+00:00,13.8,6.0
London,2026-08-21T22:50:18.886010+00:00,2026-09-03T05:00,2026-09-03T04:00:00+00:00,13.4,6.0
London,2026-08-21T22:50:18.886010+00:00,2026-09-03T06:00,2026-09-03T05:00:00+00:00,13.3,5.0
London,2026-08-21T22:50:18.886010+00:00,2026-09-03T07:00,2026-09-03T06:00:00+00:00,13.5,6.0
London,2026-08-21T22:50:18.886010+00:00,2026-09-03T08:00,2026-09-03T07:00:00+00:00,14.2,7.0
London,2026-08-21T22:50:18.886010+00:00,2026-09-03T09:00,2026-09-03T08:00:00+00:00,15.4,9.0
London,2026-08-21T22:50:18.886010+00:00,2026-09-03T10:00,2026-09-03T09:00:00+00:00,16.7,11.0
London,2026-08-21T22:50:18.886010+00:00,2026-09-03T11:00,2026-09-03T10:00:00+00:00,18.1,13.0
London,2026-08-21T22:50:18.886010+00:00,2026-09-03T12:00,2026-09-03T11:00:00+00:00,19.3,16.0
London,2026-08-21T22:50:18.886010+00:00,2026-09-03T13:00,2026-09-03T12:00:00+00:00,20.0,18.0
London,2026-08-21T22:50:18.886010+00:00,2026-09-03T14:00,2026-09-03T13:00:00+00:00,20.3,20.0
London,2026-08-21T22:50:18.886010+00:00,2026-09-03T15:00,2026-09-03T14:00:00+00:00,20.3,21.0
London,2026-08-21T22:50:18.886010+00:00,2026-09-03T16:00,2026-09-03T15:00:00+00:00,20.1,22.0
London,2026-08-21T22:50:18.886010+00:00,2026-09-03T17:00,2026-09-03T16:00:00+00:00,19.8,23.0
London,2026-08-21T22:50:18.886010+00:00,2026-09-03T18:00,2026-09-03T17:00:00+00:00,19.3,24.0
London,2026-08-21T22:50:18.886010+00:00,2026-09-03T19:00,2026-09-03T18:00:00+00:00,18.9,25.0
London,2026-08-21T22:50:18.886010+00:00,2026-09-03T20:00,2026-09-03T19:00:00+00:00,18.3,25.0
London,2026-08-21T22:50:18.886010+00:00,2026-09-03T21:00,2026-09-03T20:00:00+00:00,17.6,25.0
London,2026-08-21T22:50:18.886010+00:00,2026-09-03T22:00,2026-09-03T21:00:00+00:00,16.7,24.0
London,2026-08-21T22:50:18.886010+00:00,2026-09-03T23:00,2026-09-03T22:00:00+00:00,15.9,23.0
London,2026-08-21T22:50:18.886010+00:00,2026-09-04T00:00,2026-09-03T23:00:00+00:00,15.2,22.0
London,2026-08-21T22:50:18.886010+00:00,2026-09-04T01:00,2026-09-04T00:00:00+00:00,14.7,22.0
London,2026-08-21T22:50:18.886010+00:00,2026-09-04T02:00,2026-09-04T01:00:00+00:00,14.4,23.0
London,2026-08-21T22:50:18.886010+00:00,2026-09-04T03:00,2026-09-04T02:00:00+00:00,14.1,24.0
London,2026-08-21T22:50:18.886010+00:00,2026-09-04T04:00,2026-09-04T03:00:00+00:00,14.0,25.0
London,2026-08-21T22:50:18.886010+00:00,2026-09-04T05:00,2026-09-04T04:00:00+00:00,14.0,26.0
London,2026-08-21T22:50:18.886010+00:00,2026-09-04T06:00,2026-09-04T05:00:00+00:00,14.3,28.0
London,2026-08-21T22:50:18.886010+00:00,2026-09-04T07:00,2026-09-04T06:00:00+00:00,14.8,29.0
London,2026-08-21T22:50:18.886010+00:00,2026-09-04T08:00,2026-09-04T07:00:00+00:00,15.8,29.0
London,2026-08-21T22:50:18.886010+00:00,2026-09-04T09:00,2026-09-04T08:00:00+00:00,17.2,29.0
London,2026-08-21T22:50:18.886010+00:00,2026-09-04T10:00,2026-09-04T09:00:00+00:00,18.9,29.0
London,2026-08-21T22:50:18.886010+00:00,2026-09-04T11:00,2026-09-04T10:00:00+00:00,20.5,29.0
London,2026-08-21T22:50:18.886010+00:00,2026-09-04T12:00,2026-09-04T11:00:00+00:00,21.9,29.0
London,2026-08-21T22:50:18.886010+00:00,2026-09-04T13:00,2026-09-04T12:00:00+00:00,22.7,29.0
London,2026-08-21T22:50:18.886010+00:00,2026-09-04T14:00,2026-09-04T13:00:00+00:00,22.9,30.0
London,2026-08-21T22:50:18.886010+00:00,2026-09-04T15:00,2026-09-04T14:00:00+00:00,22.8,31.0
London,2026-08-21T22:50:18.886010+00:00,2026-09-04T16:00,2026-09-04T15:00:00+00:00,22.3,32.0
London,2026-08-21T22:50:18.886010+00:00,2026-09-04T17:00,2026-09-04T16:00:00+00:00,21.6,33.0
London,2026-08-21T22:50:18.886010+00:00,2026-09-04T18:00,2026-09-04T17:00:00+00:00,21.0,33.0
London,2026-08-21T22:50:18.886010+00:00,2026-09-04T19:00,2026-09-04T18:00:00+00:00,20.4,33.0
London,2026-08-21T22:50:18.886010+00:00,2026-09-04T20:00,2026-09-04T19:00:00+00:00,19.9,31.0
London,2026-08-21T22:50:18.886010+00:00,2026-09-04T21:00,2026-09-04T20:00:00+00:00,19.3,29.0
London,2026-08-21T22:50:18.886010+00:00,2026-09-04T22:00,2026-09-04T21:00:00+00:00,18.7,26.0
London,2026-08-21T22:50:18.886010+00:00,2026-09-04T23:00,2026-09-04T22:00:00+00:00,18.1,23.0
London,2026-08-21T22:50:18.886010+00:00,2026-09-05T00:00,2026-09-04T23:00:00+00:00,17.6,20.0
London,2026-08-21T22:50:18.886010+00:00,2026-09-05T01:00,2026-09-05T00:00:00+00:00,17.1,18.0
London,2026-08-21T22:50:18.886010+00:00,2026-09-05T02:00,2026-09-05T01:00:00+00:00,16.7,17.0
London,2026-08-21T22:50:18.886010+00:00,2026-09-05T03:00,2026-09-05T02:00:00+00:00,16.4,18.0
London,2026-08-21T22:50:18.886010+00:00,2026-09-05T04:00,2026-09-05T03:00:00+00:00,16.1,
London,2026-08-21T22:50:18.886010+00:00,2026-09-05T05:00,2026-09-05T04:00:00+00:00,15.9,
London,2026-08-21T22:50:18.886010+00:00,2026-09-05T06:00,2026-09-05T05:00:00+00:00,15.9,
London,2026-08-21T22:50:18.886010+00:00,2026-09-05T07:00,2026-09-05T06:00:00+00:00,16.2,
London,2026-08-21T22:50:18.886010+00:00,2026-09-05T08:00,2026-09-05T07:00:00+00:00,16.9,
London,2026-08-21T22:50:18.886010+00:00,2026-09-05T09:00,2026-09-05T08:00:00+00:00,18.0,
London,2026-08-21T22:50:18.886010+00:00,2026-09-05T10:00,2026-09-05T09:00:00+00:00,19.2,
London,2026-08-21T22:50:18.886010+00:00,2026-09-05T11:00,2026-09-05T10:00:00+00:00,20.5,
London,2026-08-21T22:50:18.886010+00:00,2026-09-05T12:00,2026-09-05T11:00:00+00:00,21.8,
London,2026-08-21T22:50:18.886010+00:00,2026-09-05T13:00,2026-09-05T12:00:00+00:00,22.5,
London,2026-08-21T22:50:18.886010+00:00,2026-09-05T14:00,2026-09-05T13:00:00+00:00,22.8,
London,2026-08-21T22:50:18.886010+00:00,2026-09-05T15:00,2026-09-05T14:00:00+00:00,22.6,
London,2026-08-21T22:50:18.886010+00:00,2026-09-05T16:00,2026-09-05T15:00:00+00:00,,
London,2026-08-21T22:50:18.886010+00:00,2026-09-05T17:00,2026-09-05T16:00:00+00:00,,
London,2026-08-21T22:50:18.886010+00:00,2026-09-05T18:00,2026-09-05T17:00:00+00:00,,
London,2026-08-21T22:50:18.886010+00:00,2026-09-05T19:00,2026-09-05T18:00:00+00:00,,
London,2026-08-21T22:50:18.886010+00:00,2026-09-05T20:00,2026-09-05T19:00:00+00:00,,
London,2026-08-21T22:50:18.886010+00:00,2026-09-05T21:00,2026-09-05T20:00:00+00:00,,
London,2026-08-21T22:50:18.886010+00:00,2026-09-05T22:00,2026-09-05T21:00:00+00:00,,
London,2026-08-21T22:50:18.886010+00:00,2026-09-05T23:00,2026-09-05T22:00:00+00:00,,
London,2026-08-21T23:49:15.400888+00:00,2026-08-22T00:00,2026-08-21T23:00:00+00:00,15.4,17.0
London,2026-08-21T23:49:15.400888+00:00,2026-08-22T01:00,2026-08-22T00:00:00+00:00,15.5,18.0
London,2026-08-21T23:49:15.400888+00:00,2026-08-22T02:00,2026-08-22T01:00:00+00:00,14.9,13.0
London,2026-08-21T23:49:15.400888+00:00,2026-08-22T03:00,2026-08-22T02:00:00+00:00,14.5,6.0
London,2026-08-21T23:49:15.400888+00:00,2026-08-22T04:00,2026-08-22T03:00:00+00:00,14.0,0.0
London,2026-08-21T23:49:15.400888+00:00,2026-08-22T05:00,2026-08-22T04:00:00+00:00,13.7,0.0
London,2026-08-21T23:49:15.400888+00:00,2026-08-22T06:00,2026-08-22T05:00:00+00:00,13.4,0.0
London,2026-08-21T23:49:15.400888+00:00,2026-08-22T07:00,2026-08-22T06:00:00+00:00,13.3,0.0
London,2026-08-21T23:49:15.400888+00:00,2026-08-22T08:00,2026-08-22T07:00:00+00:00,13.9,0.0
London,2026-08-21T23:49:15.400888+00:00,2026-08-22T09:00,2026-08-22T08:00:00+00:00,15.3,0.0
London,2026-08-21T23:49:15.400888+00:00,2026-08-22T10:00,2026-08-22T09:00:00+00:00,17.0,0.0
London,2026-08-21T23:49:15.400888+00:00,2026-08-22T11:00,2026-08-22T10:00:00+00:00,18.4,0.0
London,2026-08-21T23:49:15.400888+00:00,2026-08-22T12:00,2026-08-22T11:00:00+00:00,19.5,0.0
London,2026-08-21T23:49:15.400888+00:00,2026-08-22T13:00,2026-08-22T12:00:00+00:00,20.2,0.0
London,2026-08-21T23:49:15.400888+00:00,2026-08-22T14:00,2026-08-22T13:00:00+00:00,20.6,0.0
London,2026-08-21T23:49:15.400888+00:00,2026-08-22T15:00,2026-08-22T14:00:00+00:00,20.8,0.0
London,2026-08-21T23:49:15.400888+00:00,2026-08-22T16:00,2026-08-22T15:00:00+00:00,20.7,0.0
London,2026-08-21T23:49:15.400888+00:00,2026-08-22T17:00,2026-08-22T16:00:00+00:00,20.8,0.0
London,2026-08-21T23:49:15.400888+00:00,2026-08-22T18:00,2026-08-22T17:00:00+00:00,20.6,0.0
London,2026-08-21T23:49:15.400888+00:00,2026-08-22T19:00,2026-08-22T18:00:00+00:00,20.2,0.0
London,2026-08-21T23:49:15.400888+00:00,2026-08-22T20:00,2026-08-22T19:00:00+00:00,19.4,0.0
London,2026-08-21T23:49:15.400888+00:00,2026-08-22T21:00,2026-08-22T20:00:00+00:00,18.9,0.0
London,2026-08-21T23:49:15.400888+00:00,2026-08-22T22:00,2026-08-22T21:00:00+00:00,18.4,0.0
London,2026-08-21T23:49:15.400888+00:00,2026-08-22T23:00,2026-08-22T22:00:00+00:00,17.8,0.0
London,2026-08-21T23:49:15.400888+00:00,2026-08-23T00:00,2026-08-22T23:00:00+00:00,17.1,0.0
London,2026-08-21T23:49:15.400888+00:00,2026-08-23T01:00,2026-08-23T00:00:00+00:00,16.7,0.0
London,2026-08-21T23:49:15.400888+00:00,2026-08-23T02:00,2026-08-23T01:00:00+00:00,16.4,0.0
London,2026-08-21T23:49:15.400888+00:00,2026-08-23T03:00,2026-08-23T02:00:00+00:00,15.8,0.0
London,2026-08-21T23:49:15.400888+00:00,2026-08-23T04:00,2026-08-23T03:00:00+00:00,15.1,0.0
London,2026-08-21T23:49:15.400888+00:00,2026-08-23T05:00,2026-08-23T04:00:00+00:00,14.7,0.0
London,2026-08-21T23:49:15.400888+00:00,2026-08-23T06:00,2026-08-23T05:00:00+00:00,14.6,0.0
London,2026-08-21T23:49:15.400888+00:00,2026-08-23T07:00,2026-08-23T06:00:00+00:00,14.7,0.0
London,2026-08-21T23:49:15.400888+00:00,2026-08-23T08:00,2026-08-23T07:00:00+00:00,15.4,0.0
London,2026-08-21T23:49:15.400888+00:00,2026-08-23T09:00,2026-08-23T08:00:00+00:00,16.4,0.0
London,2026-08-21T23:49:15.400888+00:00,2026-08-23T10:00,2026-08-23T09:00:00+00:00,17.4,0.0
London,2026-08-21T23:49:15.400888+00:00,2026-08-23T11:00,2026-08-23T10:00:00+00:00,18.4,0.0
London,2026-08-21T23:49:15.400888+00:00,2026-08-23T12:00,2026-08-23T11:00:00+00:00,19.9,0.0
London,2026-08-21T23:49:15.400888+00:00,2026-08-23T13:00,2026-08-23T12:00:00+00:00,21.0,0.0
London,2026-08-21T23:49:15.400888+00:00,2026-08-23T14:00,2026-08-23T13:00:00+00:00,21.8,0.0
London,2026-08-21T23:49:15.400888+00:00,2026-08-23T15:00,2026-08-23T14:00:00+00:00,22.4,0.0
London,2026-08-21T23:49:15.400888+00:00,2026-08-23T16:00,2026-08-23T15:00:00+00:00,22.8,0.0
London,2026-08-21T23:49:15.400888+00:00,2026-08-23T17:00,2026-08-23T16:00:00+00:00,23.0,0.0
London,2026-08-21T23:49:15.400888+00:00,2026-08-23T18:00,2026-08-23T17:00:00+00:00,22.1,0.0
London,2026-08-21T23:49:15.400888+00:00,2026-08-23T19:00,2026-08-23T18:00:00+00:00,20.6,0.0
London,2026-08-21T23:49:15.400888+00:00,2026-08-23T20:00,2026-08-23T19:00:00+00:00,19.3,0.0
London,2026-08-21T23:49:15.400888+00:00,2026-08-23T21:00,2026-08-23T20:00:00+00:00,18.6,0.0
London,2026-08-21T23:49:15.400888+00:00,2026-08-23T22:00,2026-08-23T21:00:00+00:00,18.1,0.0
London,2026-08-21T23:49:15.400888+00:00,2026-08-23T23:00,2026-08-23T22:00:00+00:00,17.7,0.0
London,2026-08-21T23:49:15.400888+00:00,2026-08-24T00:00,2026-08-23T23:00:00+00:00,17.4,0.0
London,2026-08-21T23:49:15.400888+00:00,2026-08-24T01:00,2026-08-24T00:00:00+00:00,17.2,0.0
London,2026-08-21T23:49:15.400888+00:00,2026-08-24T02:00,2026-08-24T01:00:00+00:00,17.1,0.0
London,2026-08-21T23:49:15.400888+00:00,2026-08-24T03:00,2026-08-24T02:00:00+00:00,16.7,0.0
London,2026-08-21T23:49:15.400888+00:00,2026-08-24T04:00,2026-08-24T03:00:00+00:00,16.3,0.0
London,2026-08-21T23:49:15.400888+00:00,2026-08-24T05:00,2026-08-24T04:00:00+00:00,15.7,0.0
London,2026-08-21T23:49:15.400888+00:00,2026-08-24T06:00,2026-08-24T05:00:00+00:00,15.2,0.0
London,2026-08-21T23:49:15.400888+00:00,2026-08-24T07:00,2026-08-24T06:00:00+00:00,15.1,0.0
London,2026-08-21T23:49:15.400888+00:00,2026-08-24T08:00,2026-08-24T07:00:00+00:00,16.0,1.0
London,2026-08-21T23:49:15.400888+00:00,2026-08-24T09:00,2026-08-24T08:00:00+00:00,17.4,1.0
London,2026-08-21T23:49:15.400888+00:00,2026-08-24T10:00,2026-08-24T09:00:00+00:00,18.7,2.0
London,2026-08-21T23:49:15.400888+00:00,2026-08-24T11:00,2026-08-24T10:00:00+00:00,19.7,2.0
London,2026-08-21T23:49:15.400888+00:00,2026-08-24T12:00,2026-08-24T11:00:00+00:00,20.5,2.0
London,2026-08-21T23:49:15.400888+00:00,2026-08-24T13:00,2026-08-24T12:00:00+00:00,21.0,2.0
London,2026-08-21T23:49:15.400888+00:00,2026-08-24T14:00,2026-08-24T13:00:00+00:00,21.3,1.0
London,2026-08-21T23:49:15.400888+00:00,2026-08-24T15:00,2026-08-24T14:00:00+00:00,21.4,1.0
London,2026-08-21T23:49:15.400888+00:00,2026-08-24T16:00,2026-08-24T15:00:00+00:00,21.3,0.0
London,2026-08-21T23:49:15.400888+00:00,2026-08-24T17:00,2026-08-24T16:00:00+00:00,20.9,0.0
London,2026-08-21T23:49:15.400888+00:00,2026-08-24T18:00,2026-08-24T17:00:00+00:00,20.3,0.0
London,2026-08-21T23:49:15.400888+00:00,2026-08-24T19:00,2026-08-24T18:00:00+00:00,19.8,0.0
London,2026-08-21T23:49:15.400888+00:00,2026-08-24T20:00,2026-08-24T19:00:00+00:00,19.5,0.0
London,2026-08-21T23:49:15.400888+00:00,2026-08-24T21:00,2026-08-24T20:00:00+00:00,19.3,1.0
London,2026-08-21T23:49:15.400888+00:00,2026-08-24T22:00,2026-08-24T21:00:00+00:00,19.1,2.0
London,2026-08-21T23:49:15.400888+00:00,2026-08-24T23:00,2026-08-24T22:00:00+00:00,18.8,3.0
London,2026-08-21T23:49:15.400888+00:00,2026-08-25T00:00,2026-08-24T23:00:00+00:00,18.5,5.0
London,2026-08-21T23:49:15.400888+00:00,2026-08-25T01:00,2026-08-25T00:00:00+00:00,18.3,6.0
London,2026-08-21T23:49:15.400888+00:00,2026-08-25T02:00,2026-08-25T01:00:00+00:00,18.2,8.0
London,2026-08-21T23:49:15.400888+00:00,2026-08-25T03:00,2026-08-25T02:00:00+00:00,18.2,9.0
London,2026-08-21T23:49:15.400888+00:00,2026-08-25T04:00,2026-08-25T03:00:00+00:00,18.1,10.0
London,2026-08-21T23:49:15.400888+00:00,2026-08-25T05:00,2026-08-25T04:00:00+00:00,17.9,9.0
London,2026-08-21T23:49:15.400888+00:00,2026-08-25T06:00,2026-08-25T05:00:00+00:00,17.6,7.0
London,2026-08-21T23:49:15.400888+00:00,2026-08-25T07:00,2026-08-25T06:00:00+00:00,17.5,6.0
London,2026-08-21T23:49:15.400888+00:00,2026-08-25T08:00,2026-08-25T07:00:00+00:00,17.5,7.0
London,2026-08-21T23:49:15.400888+00:00,2026-08-25T09:00,2026-08-25T08:00:00+00:00,17.6,10.0
London,2026-08-21T23:49:15.400888+00:00,2026-08-25T10:00,2026-08-25T09:00:00+00:00,17.8,12.0
London,2026-08-21T23:49:15.400888+00:00,2026-08-25T11:00,2026-08-25T10:00:00+00:00,18.0,13.0
London,2026-08-21T23:49:15.400888+00:00,2026-08-25T12:00,2026-08-25T11:00:00+00:00,18.2,14.0
London,2026-08-21T23:49:15.400888+00:00,2026-08-25T13:00,2026-08-25T12:00:00+00:00,18.5,14.0
London,2026-08-21T23:49:15.400888+00:00,2026-08-25T14:00,2026-08-25T13:00:00+00:00,19.2,12.0
London,2026-08-21T23:49:15.400888+00:00,2026-08-25T15:00,2026-08-25T14:00:00+00:00,20.1,8.0
London,2026-08-21T23:49:15.400888+00:00,2026-08-25T16:00,2026-08-25T15:00:00+00:00,20.7,6.0
London,2026-08-21T23:49:15.400888+00:00,2026-08-25T17:00,2026-08-25T16:00:00+00:00,21.1,7.0
London,2026-08-21T23:49:15.400888+00:00,2026-08-25T18:00,2026-08-25T17:00:00+00:00,21.4,11.0
London,2026-08-21T23:49:15.400888+00:00,2026-08-25T19:00,2026-08-25T18:00:00+00:00,21.3,12.0
London,2026-08-21T23:49:15.400888+00:00,2026-08-25T20:00,2026-08-25T19:00:00+00:00,20.9,10.0
London,2026-08-21T23:49:15.400888+00:00,2026-08-25T21:00,2026-08-25T20:00:00+00:00,20.2,6.0
London,2026-08-21T23:49:15.400888+00:00,2026-08-25T22:00,2026-08-25T21:00:00+00:00,19.5,4.0
London,2026-08-21T23:49:15.400888+00:00,2026-08-25T23:00,2026-08-25T22:00:00+00:00,19.1,5.0
London,2026-08-21T23:49:15.400888+00:00,2026-08-26T00:00,2026-08-25T23:00:00+00:00,18.8,7.0
London,2026-08-21T23:49:15.400888+00:00,2026-08-26T01:00,2026-08-26T00:00:00+00:00,18.5,10.0
London,2026-08-21T23:49:15.400888+00:00,2026-08-26T02:00,2026-08-26T01:00:00+00:00,18.1,13.0
London,2026-08-21T23:49:15.400888+00:00,2026-08-26T03:00,2026-08-26T02:00:00+00:00,17.6,17.0
London,2026-08-21T23:49:15.400888+00:00,2026-08-26T04:00,2026-08-26T03:00:00+00:00,17.3,20.0
London,2026-08-21T23:49:15.400888+00:00,2026-08-26T05:00,2026-08-26T04:00:00+00:00,17.0,23.0
London,2026-08-21T23:49:15.400888+00:00,2026-08-26T06:00,2026-08-26T05:00:00+00:00,16.8,25.0
London,2026-08-21T23:49:15.400888+00:00,2026-08-26T07:00,2026-08-26T06:00:00+00:00,17.0,27.0
London,2026-08-21T23:49:15.400888+00:00,2026-08-26T08:00,2026-08-26T07:00:00+00:00,17.5,30.0
London,2026-08-21T23:49:15.400888+00:00,2026-08-26T09:00,2026-08-26T08:00:00+00:00,18.3,32.0
London,2026-08-21T23:49:15.400888+00:00,2026-08-26T10:00,2026-08-26T09:00:00+00:00,19.3,35.0
London,2026-08-21T23:49:15.400888+00:00,2026-08-26T11:00,2026-08-26T10:00:00+00:00,20.5,38.0
London,2026-08-21T23:49:15.400888+00:00,2026-08-26T12:00,2026-08-26T11:00:00+00:00,21.8,40.0
London,2026-08-21T23:49:15.400888+00:00,2026-08-26T13:00,2026-08-26T12:00:00+00:00,23.0,43.0
London,2026-08-21T23:49:15.400888+00:00,2026-08-26T14:00,2026-08-26T13:00:00+00:00,24.1,47.0
London,2026-08-21T23:49:15.400888+00:00,2026-08-26T15:00,2026-08-26T14:00:00+00:00,25.0,50.0
London,2026-08-21T23:49:15.400888+00:00,2026-08-26T16:00,2026-08-26T15:00:00+00:00,25.6,51.0
London,2026-08-21T23:49:15.400888+00:00,2026-08-26T17:00,2026-08-26T16:00:00+00:00,25.6,46.0
London,2026-08-21T23:49:15.400888+00:00,2026-08-26T18:00,2026-08-26T17:00:00+00:00,25.4,38.0
London,2026-08-21T23:49:15.400888+00:00,2026-08-26T19:00,2026-08-26T18:00:00+00:00,25.0,31.0
London,2026-08-21T23:49:15.400888+00:00,2026-08-26T20:00,2026-08-26T19:00:00+00:00,24.5,28.0
London,2026-08-21T23:49:15.400888+00:00,2026-08-26T21:00,2026-08-26T20:00:00+00:00,23.8,27.0
London,2026-08-21T23:49:15.400888+00:00,2026-08-26T22:00,2026-08-26T21:00:00+00:00,23.3,27.0
London,2026-08-21T23:49:15.400888+00:00,2026-08-26T23:00,2026-08-26T22:00:00+00:00,22.8,28.0
London,2026-08-21T23:49:15.400888+00:00,2026-08-27T00:00,2026-08-26T23:00:00+00:00,22.4,31.0
London,2026-08-21T23:49:15.400888+00:00,2026-08-27T01:00,2026-08-27T00:00:00+00:00,22.0,33.0
London,2026-08-21T23:49:15.400888+00:00,2026-08-27T02:00,2026-08-27T01:00:00+00:00,21.6,35.0
London,2026-08-21T23:49:15.400888+00:00,2026-08-27T03:00,2026-08-27T02:00:00+00:00,21.1,36.0
London,2026-08-21T23:49:15.400888+00:00,2026-08-27T04:00,2026-08-27T03:00:00+00:00,20.5,37.0
London,2026-08-21T23:49:15.400888+00:00,2026-08-27T05:00,2026-08-27T04:00:00+00:00,19.6,38.0
London,2026-08-21T23:49:15.400888+00:00,2026-08-27T06:00,2026-08-27T05:00:00+00:00,18.7,38.0
London,2026-08-21T23:49:15.400888+00:00,2026-08-27T07:00,2026-08-27T06:00:00+00:00,18.3,39.0
London,2026-08-21T23:49:15.400888+00:00,2026-08-27T08:00,2026-08-27T07:00:00+00:00,18.5,40.0
London,2026-08-21T23:49:15.400888+00:00,2026-08-27T09:00,2026-08-27T08:00:00+00:00,19.2,42.0
London,2026-08-21T23:49:15.400888+00:00,2026-08-27T10:00,2026-08-27T09:00:00+00:00,20.1,45.0
London,2026-08-21T23:49:15.400888+00:00,2026-08-27T11:00,2026-08-27T10:00:00+00:00,21.8,50.0
London,2026-08-21T23:49:15.400888+00:00,2026-08-27T12:00,2026-08-27T11:00:00+00:00,22.8,57.0
London,2026-08-21T23:49:15.400888+00:00,2026-08-27T13:00,2026-08-27T12:00:00+00:00,23.5,63.0
London,2026-08-21T23:49:15.400888+00:00,2026-08-27T14:00,2026-08-27T13:00:00+00:00,23.8,68.0
London,2026-08-21T23:49:15.400888+00:00,2026-08-27T15:00,2026-08-27T14:00:00+00:00,24.1,73.0
London,2026-08-21T23:49:15.400888+00:00,2026-08-27T16:00,2026-08-27T15:00:00+00:00,24.2,77.0
London,2026-08-21T23:49:15.400888+00:00,2026-08-27T17:00,2026-08-27T16:00:00+00:00,24.1,80.0
London,2026-08-21T23:49:15.400888+00:00,2026-08-27T18:00,2026-08-27T17:00:00+00:00,24.0,83.0
London,2026-08-21T23:49:15.400888+00:00,2026-08-27T19:00,2026-08-27T18:00:00+00:00,23.8,82.0
London,2026-08-21T23:49:15.400888+00:00,2026-08-27T20:00,2026-08-27T19:00:00+00:00,23.4,77.0
London,2026-08-21T23:49:15.400888+00:00,2026-08-27T21:00,2026-08-27T20:00:00+00:00,22.9,70.0
London,2026-08-21T23:49:15.400888+00:00,2026-08-27T22:00,2026-08-27T21:00:00+00:00,22.3,62.0
London,2026-08-21T23:49:15.400888+00:00,2026-08-27T23:00,2026-08-27T22:00:00+00:00,21.7,54.0
London,2026-08-21T23:49:15.400888+00:00,2026-08-28T00:00,2026-08-27T23:00:00+00:00,21.1,47.0
London,2026-08-21T23:49:15.400888+00:00,2026-08-28T01:00,2026-08-28T00:00:00+00:00,20.5,41.0
London,2026-08-21T23:49:15.400888+00:00,2026-08-28T02:00,2026-08-28T01:00:00+00:00,20.1,39.0
London,2026-08-21T23:49:15.400888+00:00,2026-08-28T03:00,2026-08-28T02:00:00+00:00,19.6,39.0
London,2026-08-21T23:49:15.400888+00:00,2026-08-28T04:00,2026-08-28T03:00:00+00:00,19.1,40.0
London,2026-08-21T23:49:15.400888+00:00,2026-08-28T05:00,2026-08-28T04:00:00+00:00,18.7,41.0
London,2026-08-21T23:49:15.400888+00:00,2026-08-28T06:00,2026-08-28T05:00:00+00:00,18.4,43.0
London,2026-08-21T23:49:15.400888+00:00,2026-08-28T07:00,2026-08-28T06:00:00+00:00,18.2,45.0
London,2026-08-21T23:49:15.400888+00:00,2026-08-28T08:00,2026-08-28T07:00:00+00:00,18.2,47.0
London,2026-08-21T23:49:15.400888+00:00,2026-08-28T09:00,2026-08-28T08:00:00+00:00,18.2,49.0
London,2026-08-21T23:49:15.400888+00:00,2026-08-28T10:00,2026-08-28T09:00:00+00:00,18.4,51.0
London,2026-08-21T23:49:15.400888+00:00,2026-08-28T11:00,2026-08-28T10:00:00+00:00,18.7,53.0
London,2026-08-21T23:49:15.400888+00:00,2026-08-28T12:00,2026-08-28T11:00:00+00:00,19.5,56.0
London,2026-08-21T23:49:15.400888+00:00,2026-08-28T13:00,2026-08-28T12:00:00+00:00,20.4,59.0
London,2026-08-21T23:49:15.400888+00:00,2026-08-28T14:00,2026-08-28T13:00:00+00:00,20.9,63.0
London,2026-08-21T23:49:15.400888+00:00,2026-08-28T15:00,2026-08-28T14:00:00+00:00,20.6,69.0
London,2026-08-21T23:49:15.400888+00:00,2026-08-28T16:00,2026-08-28T15:00:00+00:00,20.0,73.0
London,2026-08-21T23:49:15.400888+00:00,2026-08-28T17:00,2026-08-28T16:00:00+00:00,19.3,77.0
London,2026-08-21T23:49:15.400888+00:00,2026-08-28T18:00,2026-08-28T17:00:00+00:00,18.6,80.0
London,2026-08-21T23:49:15.400888+00:00,2026-08-28T19:00,2026-08-28T18:00:00+00:00,18.0,80.0
London,2026-08-21T23:49:15.400888+00:00,2026-08-28T20:00,2026-08-28T19:00:00+00:00,17.5,76.0
London,2026-08-21T23:49:15.400888+00:00,2026-08-28T21:00,2026-08-28T20:00:00+00:00,16.8,69.0
London,2026-08-21T23:49:15.400888+00:00,2026-08-28T22:00,2026-08-28T21:00:00+00:00,16.2,62.0
London,2026-08-21T23:49:15.400888+00:00,2026-08-28T23:00,2026-08-28T22:00:00+00:00,15.6,55.0
London,2026-08-21T23:49:15.400888+00:00,2026-08-29T00:00,2026-08-28T23:00:00+00:00,15.1,47.0
London,2026-08-21T23:49:15.400888+00:00,2026-08-29T01:00,2026-08-29T00:00:00+00:00,14.8,41.0
London,2026-08-21T23:49:15.400888+00:00,2026-08-29T02:00,2026-08-29T01:00:00+00:00,14.5,37.0
London,2026-08-21T23:49:15.400888+00:00,2026-08-29T03:00,2026-08-29T02:00:00+00:00,14.4,35.0
London,2026-08-21T23:49:15.400888+00:00,2026-08-29T04:00,2026-08-29T03:00:00+00:00,14.3,33.0
London,2026-08-21T23:49:15.400888+00:00,2026-08-29T05:00,2026-08-29T04:00:00+00:00,14.3,32.0
London,2026-08-21T23:49:15.400888+00:00,2026-08-29T06:00,2026-08-29T05:00:00+00:00,14.5,31.0
London,2026-08-21T23:49:15.400888+00:00,2026-08-29T07:00,2026-08-29T06:00:00+00:00,14.7,31.0
London,2026-08-21T23:49:15.400888+00:00,2026-08-29T08:00,2026-08-29T07:00:00+00:00,15.1,31.0
London,2026-08-21T23:49:15.400888+00:00,2026-08-29T09:00,2026-08-29T08:00:00+00:00,15.8,31.0
London,2026-08-21T23:49:15.400888+00:00,2026-08-29T10:00,2026-08-29T09:00:00+00:00,16.5,32.0
London,2026-08-21T23:49:15.400888+00:00,2026-08-29T11:00,2026-08-29T10:00:00+00:00,17.2,33.0
London,2026-08-21T23:49:15.400888+00:00,2026-08-29T12:00,2026-08-29T11:00:00+00:00,17.9,34.0
London,2026-08-21T23:49:15.400888+00:00,2026-08-29T13:00,2026-08-29T12:00:00+00:00,18.4,35.0
London,2026-08-21T23:49:15.400888+00:00,2026-08-29T14:00,2026-08-29T13:00:00+00:00,18.8,37.0
London,2026-08-21T23:49:15.400888+00:00,2026-08-29T15:00,2026-08-29T14:00:00+00:00,19.2,40.0
London,2026-08-21T23:49:15.400888+00:00,2026-08-29T16:00,2026-08-29T15:00:00+00:00,19.5,42.0
London,2026-08-21T23:49:15.400888+00:00,2026-08-29T17:00,2026-08-29T16:00:00+00:00,19.7,44.0
London,2026-08-21T23:49:15.400888+00:00,2026-08-29T18:00,2026-08-29T17:00:00+00:00,19.8,45.0
London,2026-08-21T23:49:15.400888+00:00,2026-08-29T19:00,2026-08-29T18:00:00+00:00,19.7,45.0
London,2026-08-21T23:49:15.400888+00:00,2026-08-29T20:00,2026-08-29T19:00:00+00:00,19.4,42.0
London,2026-08-21T23:49:15.400888+00:00,2026-08-29T21:00,2026-08-29T20:00:00+00:00,18.8,37.0
London,2026-08-21T23:49:15.400888+00:00,2026-08-29T22:00,2026-08-29T21:00:00+00:00,18.2,32.0
London,2026-08-21T23:49:15.400888+00:00,2026-08-29T23:00,2026-08-29T22:00:00+00:00,17.5,27.0
London,2026-08-21T23:49:15.400888+00:00,2026-08-30T00:00,2026-08-29T23:00:00+00:00,16.8,22.0
London,2026-08-21T23:49:15.400888+00:00,2026-08-30T01:00,2026-08-30T00:00:00+00:00,16.3,18.0
London,2026-08-21T23:49:15.400888+00:00,2026-08-30T02:00,2026-08-30T01:00:00+00:00,15.8,16.0
London,2026-08-21T23:49:15.400888+00:00,2026-08-30T03:00,2026-08-30T02:00:00+00:00,15.3,15.0
London,2026-08-21T23:49:15.400888+00:00,2026-08-30T04:00,2026-08-30T03:00:00+00:00,14.9,15.0
London,2026-08-21T23:49:15.400888+00:00,2026-08-30T05:00,2026-08-30T04:00:00+00:00,14.5,15.0
London,2026-08-21T23:49:15.400888+00:00,2026-08-30T06:00,2026-08-30T05:00:00+00:00,14.4,15.0
London,2026-08-21T23:49:15.400888+00:00,2026-08-30T07:00,2026-08-30T06:00:00+00:00,14.5,16.0
London,2026-08-21T23:49:15.400888+00:00,2026-08-30T08:00,2026-08-30T07:00:00+00:00,15.1,17.0
London,2026-08-21T23:49:15.400888+00:00,2026-08-30T09:00,2026-08-30T08:00:00+00:00,16.1,19.0
London,2026-08-21T23:49:15.400888+00:00,2026-08-30T10:00,2026-08-30T09:00:00+00:00,17.3,21.0
London,2026-08-21T23:49:15.400888+00:00,2026-08-30T11:00,2026-08-30T10:00:00+00:00,18.5,23.0
London,2026-08-21T23:49:15.400888+00:00,2026-08-30T12:00,2026-08-30T11:00:00+00:00,19.6,26.0
London,2026-08-21T23:49:15.400888+00:00,2026-08-30T13:00,2026-08-30T12:00:00+00:00,20.3,29.0
London,2026-08-21T23:49:15.400888+00:00,2026-08-30T14:00,2026-08-30T13:00:00+00:00,20.6,34.0
London,2026-08-21T23:49:15.400888+00:00,2026-08-30T15:00,2026-08-30T14:00:00+00:00,20.8,40.0
London,2026-08-21T23:49:15.400888+00:00,2026-08-30T16:00,2026-08-30T15:00:00+00:00,20.7,45.0
London,2026-08-21T23:49:15.400888+00:00,2026-08-30T17:00,2026-08-30T16:00:00+00:00,20.6,50.0
London,2026-08-21T23:49:15.400888+00:00,2026-08-30T18:00,2026-08-30T17:00:00+00:00,20.3,54.0
London,2026-08-21T23:49:15.400888+00:00,2026-08-30T19:00,2026-08-30T18:00:00+00:00,19.9,55.0
London,2026-08-21T23:49:15.400888+00:00,2026-08-30T20:00,2026-08-30T19:00:00+00:00,19.3,53.0
London,2026-08-21T23:49:15.400888+00:00,2026-08-30T21:00,2026-08-30T20:00:00+00:00,18.4,48.0
London,2026-08-21T23:49:15.400888+00:00,2026-08-30T22:00,2026-08-30T21:00:00+00:00,17.5,42.0
London,2026-08-21T23:49:15.400888+00:00,2026-08-30T23:00,2026-08-30T22:00:00+00:00,16.5,36.0
London,2026-08-21T23:49:15.400888+00:00,2026-08-31T00:00,2026-08-30T23:00:00+00:00,15.6,29.0
London,2026-08-21T23:49:15.400888+00:00,2026-08-31T01:00,2026-08-31T00:00:00+00:00,15.0,24.0
London,2026-08-21T23:49:15.400888+00:00,2026-08-31T02:00,2026-08-31T01:00:00+00:00,14.5,21.0
London,2026-08-21T23:49:15.400888+00:00,2026-08-31T03:00,2026-08-31T02:00:00+00:00,14.0,19.0
London,2026-08-21T23:49:15.400888+00:00,2026-08-31T04:00,2026-08-31T03:00:00+00:00,13.6,17.0
London,2026-08-21T23:49:15.400888+00:00,2026-08-31T05:00,2026-08-31T04:00:00+00:00,13.4,15.0
London,2026-08-21T23:49:15.400888+00:00,2026-08-31T06:00,2026-08-31T05:00:00+00:00,13.3,14.0
London,2026-08-21T23:49:15.400888+00:00,2026-08-31T07:00,2026-08-31T06:00:00+00:00,13.6,14.0
London,2026-08-21T23:49:15.400888+00:00,2026-08-31T08:00,2026-08-31T07:00:00+00:00,14.3,14.0
London,2026-08-21T23:49:15.400888+00:00,2026-08-31T09:00,2026-08-31T08:00:00+00:00,15.5,16.0
London,2026-08-21T23:49:15.400888+00:00,2026-08-31T10:00,2026-08-31T09:00:00+00:00,16.9,17.0
London,2026-08-21T23:49:15.400888+00:00,2026-08-31T11:00,2026-08-31T10:00:00+00:00,18.3,18.0
London,2026-08-21T23:49:15.400888+00:00,2026-08-31T12:00,2026-08-31T11:00:00+00:00,19.5,20.0
London,2026-08-21T23:49:15.400888+00:00,2026-08-31T13:00,2026-08-31T12:00:00+00:00,20.3,22.0
London,2026-08-21T23:49:15.400888+00:00,2026-08-31T14:00,2026-08-31T13:00:00+00:00,20.7,25.0
London,2026-08-21T23:49:15.400888+00:00,2026-08-31T15:00,2026-08-31T14:00:00+00:00,20.9,28.0
London,2026-08-21T23:49:15.400888+00:00,2026-08-31T16:00,2026-08-31T15:00:00+00:00,20.9,31.0
London,2026-08-21T23:49:15.400888+00:00,2026-08-31T17:00,2026-08-31T16:00:00+00:00,20.8,33.0
London,2026-08-21T23:49:15.400888+00:00,2026-08-31T18:00,2026-08-31T17:00:00+00:00,20.5,35.0
London,2026-08-21T23:49:15.400888+00:00,2026-08-31T19:00,2026-08-31T18:00:00+00:00,20.3,35.0
London,2026-08-21T23:49:15.400888+00:00,2026-08-31T20:00,2026-08-31T19:00:00+00:00,19.9,31.0
London,2026-08-21T23:49:15.400888+00:00,2026-08-31T21:00,2026-08-31T20:00:00+00:00,19.3,26.0
London,2026-08-21T23:49:15.400888+00:00,2026-08-31T22:00,2026-08-31T21:00:00+00:00,18.7,20.0
London,2026-08-21T23:49:15.400888+00:00,2026-08-31T23:00,2026-08-31T22:00:00+00:00,18.0,14.0
London,2026-08-21T23:49:15.400888+00:00,2026-09-01T00:00,2026-08-31T23:00:00+00:00,17.4,8.0
London,2026-08-21T23:49:15.400888+00:00,2026-09-01T01:00,2026-09-01T00:00:00+00:00,16.9,4.0
London,2026-08-21T23:49:15.400888+00:00,2026-09-01T02:00,2026-09-01T01:00:00+00:00,16.6,2.0
London,2026-08-21T23:49:15.400888+00:00,2026-09-01T03:00,2026-09-01T02:00:00+00:00,16.2,2.0
London,2026-08-21T23:49:15.400888+00:00,2026-09-01T04:00,2026-09-01T03:00:00+00:00,15.9,2.0
London,2026-08-21T23:49:15.400888+00:00,2026-09-01T05:00,2026-09-01T04:00:00+00:00,15.8,3.0
London,2026-08-21T23:49:15.400888+00:00,2026-09-01T06:00,2026-09-01T05:00:00+00:00,15.8,4.0
London,2026-08-21T23:49:15.400888+00:00,2026-09-01T07:00,2026-09-01T06:00:00+00:00,16.0,6.0
London,2026-08-21T23:49:15.400888+00:00,2026-09-01T08:00,2026-09-01T07:00:00+00:00,16.7,8.0
London,2026-08-21T23:49:15.400888+00:00,2026-09-01T09:00,2026-09-01T08:00:00+00:00,17.7,10.0
London,2026-08-21T23:49:15.400888+00:00,2026-09-01T10:00,2026-09-01T09:00:00+00:00,18.8,13.0
London,2026-08-21T23:49:15.400888+00:00,2026-09-01T11:00,2026-09-01T10:00:00+00:00,20.0,16.0
London,2026-08-21T23:49:15.400888+00:00,2026-09-01T12:00,2026-09-01T11:00:00+00:00,20.9,19.0
London,2026-08-21T23:49:15.400888+00:00,2026-09-01T13:00,2026-09-01T12:00:00+00:00,21.5,22.0
London,2026-08-21T23:49:15.400888+00:00,2026-09-01T14:00,2026-09-01T13:00:00+00:00,21.6,25.0
London,2026-08-21T23:49:15.400888+00:00,2026-09-01T15:00,2026-09-01T14:00:00+00:00,21.4,29.0
London,2026-08-21T23:49:15.400888+00:00,2026-09-01T16:00,2026-09-01T15:00:00+00:00,21.0,32.0
London,2026-08-21T23:49:15.400888+00:00,2026-09-01T17:00,2026-09-01T16:00:00+00:00,20.5,35.0
London,2026-08-21T23:49:15.400888+00:00,2026-09-01T18:00,2026-09-01T17:00:00+00:00,19.9,37.0
London,2026-08-21T23:49:15.400888+00:00,2026-09-01T19:00,2026-09-01T18:00:00+00:00,19.4,37.0
London,2026-08-21T23:49:15.400888+00:00,2026-09-01T20:00,2026-09-01T19:00:00+00:00,18.8,34.0
London,2026-08-21T23:49:15.400888+00:00,2026-09-01T21:00,2026-09-01T20:00:00+00:00,18.2,30.0
London,2026-08-21T23:49:15.400888+00:00,2026-09-01T22:00,2026-09-01T21:00:00+00:00,17.5,25.0
London,2026-08-21T23:49:15.400888+00:00,2026-09-01T23:00,2026-09-01T22:00:00+00:00,16.8,20.0
London,2026-08-21T23:49:15.400888+00:00,2026-09-02T00:00,2026-09-01T23:00:00+00:00,16.2,14.0
London,2026-08-21T23:49:15.400888+00:00,2026-09-02T01:00,2026-09-02T00:00:00+00:00,15.7,10.0
London,2026-08-21T23:49:15.400888+00:00,2026-09-02T02:00,2026-09-02T01:00:00+00:00,15.2,8.0
London,2026-08-21T23:49:15.400888+00:00,2026-09-02T03:00,2026-09-02T02:00:00+00:00,14.8,7.0
London,2026-08-21T23:49:15.400888+00:00,2026-09-02T04:00,2026-09-02T03:00:00+00:00,14.5,7.0
London,2026-08-21T23:49:15.400888+00:00,2026-09-02T05:00,2026-09-02T04:00:00+00:00,14.3,7.0
London,2026-08-21T23:49:15.400888+00:00,2026-09-02T06:00,2026-09-02T05:00:00+00:00,14.3,8.0
London,2026-08-21T23:49:15.400888+00:00,2026-09-02T07:00,2026-09-02T06:00:00+00:00,14.6,8.0
London,2026-08-21T23:49:15.400888+00:00,2026-09-02T08:00,2026-09-02T07:00:00+00:00,15.4,8.0
London,2026-08-21T23:49:15.400888+00:00,2026-09-02T09:00,2026-09-02T08:00:00+00:00,16.6,9.0
London,2026-08-21T23:49:15.400888+00:00,2026-09-02T10:00,2026-09-02T09:00:00+00:00,18.1,9.0
London,2026-08-21T23:49:15.400888+00:00,2026-09-02T11:00,2026-09-02T10:00:00+00:00,19.5,10.0
London,2026-08-21T23:49:15.400888+00:00,2026-09-02T12:00,2026-09-02T11:00:00+00:00,20.7,10.0
London,2026-08-21T23:49:15.400888+00:00,2026-09-02T13:00,2026-09-02T12:00:00+00:00,21.4,12.0
London,2026-08-21T23:49:15.400888+00:00,2026-09-02T14:00,2026-09-02T13:00:00+00:00,21.6,15.0
London,2026-08-21T23:49:15.400888+00:00,2026-09-02T15:00,2026-09-02T14:00:00+00:00,21.5,19.0
London,2026-08-21T23:49:15.400888+00:00,2026-09-02T16:00,2026-09-02T15:00:00+00:00,21.1,22.0
London,2026-08-21T23:49:15.400888+00:00,2026-09-02T17:00,2026-09-02T16:00:00+00:00,20.5,25.0
London,2026-08-21T23:49:15.400888+00:00,2026-09-02T18:00,2026-09-02T17:00:00+00:00,19.9,28.0
London,2026-08-21T23:49:15.400888+00:00,2026-09-02T19:00,2026-09-02T18:00:00+00:00,19.3,29.0
London,2026-08-21T23:49:15.400888+00:00,2026-09-02T20:00,2026-09-02T19:00:00+00:00,18.7,28.0
London,2026-08-21T23:49:15.400888+00:00,2026-09-02T21:00,2026-09-02T20:00:00+00:00,18.1,25.0
London,2026-08-21T23:49:15.400888+00:00,2026-09-02T22:00,2026-09-02T21:00:00+00:00,17.3,22.0
London,2026-08-21T23:49:15.400888+00:00,2026-09-02T23:00,2026-09-02T22:00:00+00:00,16.6,19.0
London,2026-08-21T23:49:15.400888+00:00,2026-09-03T00:00,2026-09-02T23:00:00+00:00,15.9,15.0
London,2026-08-21T23:49:15.400888+00:00,2026-09-03T01:00,2026-09-03T00:00:00+00:00,15.4,12.0
London,2026-08-21T23:49:15.400888+00:00,2026-09-03T02:00,2026-09-03T01:00:00+00:00,14.8,10.0
London,2026-08-21T23:49:15.400888+00:00,2026-09-03T03:00,2026-09-03T02:00:00+00:00,14.3,8.0
London,2026-08-21T23:49:15.400888+00:00,2026-09-03T04:00,2026-09-03T03:00:00+00:00,13.8,6.0
London,2026-08-21T23:49:15.400888+00:00,2026-09-03T05:00,2026-09-03T04:00:00+00:00,13.4,5.0
London,2026-08-21T23:49:15.400888+00:00,2026-09-03T06:00,2026-09-03T05:00:00+00:00,13.3,4.0
London,2026-08-21T23:49:15.400888+00:00,2026-09-03T07:00,2026-09-03T06:00:00+00:00,13.5,4.0
London,2026-08-21T23:49:15.400888+00:00,2026-09-03T08:00,2026-09-03T07:00:00+00:00,14.2,5.0
London,2026-08-21T23:49:15.400888+00:00,2026-09-03T09:00,2026-09-03T08:00:00+00:00,15.4,8.0
London,2026-08-21T23:49:15.400888+00:00,2026-09-03T10:00,2026-09-03T09:00:00+00:00,16.7,10.0
London,2026-08-21T23:49:15.400888+00:00,2026-09-03T11:00,2026-09-03T10:00:00+00:00,18.1,13.0
London,2026-08-21T23:49:15.400888+00:00,2026-09-03T12:00,2026-09-03T11:00:00+00:00,19.3,15.0
London,2026-08-21T23:49:15.400888+00:00,2026-09-03T13:00,2026-09-03T12:00:00+00:00,20.0,18.0
London,2026-08-21T23:49:15.400888+00:00,2026-09-03T14:00,2026-09-03T13:00:00+00:00,20.3,21.0
London,2026-08-21T23:49:15.400888+00:00,2026-09-03T15:00,2026-09-03T14:00:00+00:00,20.3,24.0
London,2026-08-21T23:49:15.400888+00:00,2026-09-03T16:00,2026-09-03T15:00:00+00:00,20.1,26.0
London,2026-08-21T23:49:15.400888+00:00,2026-09-03T17:00,2026-09-03T16:00:00+00:00,19.8,28.0
London,2026-08-21T23:49:15.400888+00:00,2026-09-03T18:00,2026-09-03T17:00:00+00:00,19.3,30.0
London,2026-08-21T23:49:15.400888+00:00,2026-09-03T19:00,2026-09-03T18:00:00+00:00,18.9,31.0
London,2026-08-21T23:49:15.400888+00:00,2026-09-03T20:00,2026-09-03T19:00:00+00:00,18.3,30.0
London,2026-08-21T23:49:15.400888+00:00,2026-09-03T21:00,2026-09-03T20:00:00+00:00,17.6,28.0
London,2026-08-21T23:49:15.400888+00:00,2026-09-03T22:00,2026-09-03T21:00:00+00:00,16.7,25.0
London,2026-08-21T23:49:15.400888+00:00,2026-09-03T23:00,2026-09-03T22:00:00+00:00,15.9,22.0
London,2026-08-21T23:49:15.400888+00:00,2026-09-04T00:00,2026-09-03T23:00:00+00:00,15.2,19.0
London,2026-08-21T23:49:15.400888+00:00,2026-09-04T01:00,2026-09-04T00:00:00+00:00,14.7,16.0
London,2026-08-21T23:49:15.400888+00:00,2026-09-04T02:00,2026-09-04T01:00:00+00:00,14.4,14.0
London,2026-08-21T23:49:15.400888+00:00,2026-09-04T03:00,2026-09-04T02:00:00+00:00,14.1,12.0
London,2026-08-21T23:49:15.400888+00:00,2026-09-04T04:00,2026-09-04T03:00:00+00:00,14.0,11.0
London,2026-08-21T23:49:15.400888+00:00,2026-09-04T05:00,2026-09-04T04:00:00+00:00,14.0,10.0
London,2026-08-21T23:49:15.400888+00:00,2026-09-04T06:00,2026-09-04T05:00:00+00:00,14.3,10.0
London,2026-08-21T23:49:15.400888+00:00,2026-09-04T07:00,2026-09-04T06:00:00+00:00,14.8,10.0
London,2026-08-21T23:49:15.400888+00:00,2026-09-04T08:00,2026-09-04T07:00:00+00:00,15.8,11.0
London,2026-08-21T23:49:15.400888+00:00,2026-09-04T09:00,2026-09-04T08:00:00+00:00,17.2,14.0
London,2026-08-21T23:49:15.400888+00:00,2026-09-04T10:00,2026-09-04T09:00:00+00:00,18.9,16.0
London,2026-08-21T23:49:15.400888+00:00,2026-09-04T11:00,2026-09-04T10:00:00+00:00,20.5,19.0
London,2026-08-21T23:49:15.400888+00:00,2026-09-04T12:00,2026-09-04T11:00:00+00:00,21.9,21.0
London,2026-08-21T23:49:15.400888+00:00,2026-09-04T13:00,2026-09-04T12:00:00+00:00,22.7,24.0
London,2026-08-21T23:49:15.400888+00:00,2026-09-04T14:00,2026-09-04T13:00:00+00:00,22.9,26.0
London,2026-08-21T23:49:15.400888+00:00,2026-09-04T15:00,2026-09-04T14:00:00+00:00,22.8,28.0
London,2026-08-21T23:49:15.400888+00:00,2026-09-04T16:00,2026-09-04T15:00:00+00:00,22.3,30.0
London,2026-08-21T23:49:15.400888+00:00,2026-09-04T17:00,2026-09-04T16:00:00+00:00,21.6,31.0
London,2026-08-21T23:49:15.400888+00:00,2026-09-04T18:00,2026-09-04T17:00:00+00:00,21.0,32.0
London,2026-08-21T23:49:15.400888+00:00,2026-09-04T19:00,2026-09-04T18:00:00+00:00,20.4,31.0
London,2026-08-21T23:49:15.400888+00:00,2026-09-04T20:00,2026-09-04T19:00:00+00:00,19.9,28.0
London,2026-08-21T23:49:15.400888+00:00,2026-09-04T21:00,2026-09-04T20:00:00+00:00,19.3,23.0
London,2026-08-21T23:49:15.400888+00:00,2026-09-04T22:00,2026-09-04T21:00:00+00:00,18.7,18.0
London,2026-08-21T23:49:15.400888+00:00,2026-09-04T23:00,2026-09-04T22:00:00+00:00,18.1,13.0
London,2026-08-21T23:49:15.400888+00:00,2026-09-05T00:00,2026-09-04T23:00:00+00:00,17.6,8.0
London,2026-08-21T23:49:15.400888+00:00,2026-09-05T01:00,2026-09-05T00:00:00+00:00,17.1,6.0
London,2026-08-21T23:49:15.400888+00:00,2026-09-05T02:00,2026-09-05T01:00:00+00:00,16.7,7.0
London,2026-08-21T23:49:15.400888+00:00,2026-09-05T03:00,2026-09-05T02:00:00+00:00,16.4,10.0
London,2026-08-21T23:49:15.400888+00:00,2026-09-05T04:00,2026-09-05T03:00:00+00:00,16.1,14.0
London,2026-08-21T23:49:15.400888+00:00,2026-09-05T05:00,2026-09-05T04:00:00+00:00,15.9,18.0
London,2026-08-21T23:49:15.400888+00:00,2026-09-05T06:00,2026-09-05T05:00:00+00:00,15.9,21.0
London,2026-08-21T23:49:15.400888+00:00,2026-09-05T07:00,2026-09-05T06:00:00+00:00,16.2,24.0
London,2026-08-21T23:49:15.400888+00:00,2026-09-05T08:00,2026-09-05T07:00:00+00:00,16.9,24.0
London,2026-08-21T23:49:15.400888+00:00,2026-09-05T09:00,2026-09-05T08:00:00+00:00,18.0,23.0
London,2026-08-21T23:49:15.400888+00:00,2026-09-05T10:00,2026-09-05T09:00:00+00:00,19.2,22.0
London,2026-08-21T23:49:15.400888+00:00,2026-09-05T11:00,2026-09-05T10:00:00+00:00,20.5,21.0
London,2026-08-21T23:49:15.400888+00:00,2026-09-05T12:00,2026-09-05T11:00:00+00:00,21.8,19.0
London,2026-08-21T23:49:15.400888+00:00,2026-09-05T13:00,2026-09-05T12:00:00+00:00,22.5,18.0
London,2026-08-21T23:49:15.400888+00:00,2026-09-05T14:00,2026-09-05T13:00:00+00:00,22.8,18.0
London,2026-08-21T23:49:15.400888+00:00,2026-09-05T15:00,2026-09-05T14:00:00+00:00,22.6,18.0
London,2026-08-21T23:49:15.400888+00:00,2026-09-05T16:00,2026-09-05T15:00:00+00:00,,
London,2026-08-21T23:49:15.400888+00:00,2026-09-05T17:00,2026-09-05T16:00:00+00:00,,
London,2026-08-21T23:49:15.400888+00:00,2026-09-05T18:00,2026-09-05T17:00:00+00:00,,
London,2026-08-21T23:49:15.400888+00:00,2026-09-05T19:00,2026-09-05T18:00:00+00:00,,
London,2026-08-21T23:49:15.400888+00:00,2026-09-05T20:00,2026-09-05T19:00:00+00:00,,
London,2026-08-21T23:49:15.400888+00:00,2026-09-05T21:00,2026-09-05T20:00:00+00:00,,
London,2026-08-21T23:49:15.400888+00:00,2026-09-05T22:00,2026-09-05T21:00:00+00:00,,
London,2026-08-21T23:49:15.400888+00:00,2026-09-05T23:00,2026-09-05T22:00:00+00:00,,
London,2026-08-21T23:49:15.400888+00:00,2026-09-06T00:00,2026-09-05T23:00:00+00:00,,
London,2026-08-21T23:49:15.400888+00:00,2026-09-06T01:00,2026-09-06T00:00:00+00:00,,
London,2026-08-21T23:49:15.400888+00:00,2026-09-06T02:00,2026-09-06T01:00:00+00:00,,
London,2026-08-21T23:49:15.400888+00:00,2026-09-06T03:00,2026-09-06T02:00:00+00:00,,
London,2026-08-21T23:49:15.400888+00:00,2026-09-06T04:00,2026-09-06T03:00:00+00:00,,
London,2026-08-21T23:49:15.400888+00:00,2026-09-06T05:00,2026-09-06T04:00:00+00:00,,
London,2026-08-21T23:49:15.400888+00:00,2026-09-06T06:00,2026-09-06T05:00:00+00:00,,
London,2026-08-21T23:49:15.400888+00:00,2026-09-06T07:00,2026-09-06T06:00:00+00:00,,
London,2026-08-21T23:49:15.400888+00:00,2026-09-06T08:00,2026-09-06T07:00:00+00:00,,
London,2026-08-21T23:49:15.400888+00:00,2026-09-06T09:00,2026-09-06T08:00:00+00:00,,
London,2026-08-21T23:49:15.400888+00:00,2026-09-06T10:00,2026-09-06T09:00:00+00:00,,
London,2026-08-21T23:49:15.400888+00:00,2026-09-06T11:00,2026-09-06T10:00:00+00:00,,
London,2026-08-21T23:49:15.400888+00:00,2026-09-06T12:00,2026-09-06T11:00:00+00:00,,
London,2026-08-21T23:49:15.400888+00:00,2026-09-06T13:00,2026-09-06T12:00:00+00:00,,
London,2026-08-21T23:49:15.400888+00:00,2026-09-06T14:00,2026-09-06T13:00:00+00:00,,
London,2026-08-21T23:49:15.400888+00:00,2026-09-06T15:00,2026-09-06T14:00:00+00:00,,
London,2026-08-21T23:49:15.400888+00:00,2026-09-06T16:00,2026-09-06T15:00:00+00:00,,
London,2026-08-21T23:49:15.400888+00:00,2026-09-06T17:00,2026-09-06T16:00:00+00:00,,
London,2026-08-21T23:49:15.400888+00:00,2026-09-06T18:00,2026-09-06T17:00:00+00:00,,
London,2026-08-21T23:49:15.400888+00:00,2026-09-06T19:00,2026-09-06T18:00:00+00:00,,
London,2026-08-21T23:49:15.400888+00:00,2026-09-06T20:00,2026-09-06T19:00:00+00:00,,
London,2026-08-21T23:49:15.400888+00:00,2026-09-06T21:00,2026-09-06T20:00:00+00:00,,
London,2026-08-21T23:49:15.400888+00:00,2026-09-06T22:00,2026-09-06T21:00:00+00:00,,
London,2026-08-21T23:49:15.400888+00:00,2026-09-06T23:00,2026-09-06T22:00:00+00:00,,
