city,fetched_at_utc,datetime_local,datetime_utc,temp_c,precip_prob_pct
New York City,2026-07-26T03:55:59.333792+00:00,2026-07-25T00:00,2026-07-25T04:00:00+00:00,19.6,0
New York City,2026-07-26T03:55:59.333792+00:00,2026-07-25T01:00,2026-07-25T05:00:00+00:00,19.3,0
New York City,2026-07-26T03:55:59.333792+00:00,2026-07-25T02:00,2026-07-25T06:00:00+00:00,18.5,0
New York City,2026-07-26T03:55:59.333792+00:00,2026-07-25T03:00,2026-07-25T07:00:00+00:00,18.0,0
New York City,2026-07-26T03:55:59.333792+00:00,2026-07-25T04:00,2026-07-25T08:00:00+00:00,16.9,0
New York City,2026-07-26T03:55:59.333792+00:00,2026-07-25T05:00,2026-07-25T09:00:00+00:00,17.2,0
New York City,2026-07-26T03:55:59.333792+00:00,2026-07-25T06:00,2026-07-25T10:00:00+00:00,17.0,0
New York City,2026-07-26T03:55:59.333792+00:00,2026-07-25T07:00,2026-07-25T11:00:00+00:00,18.7,0
New York City,2026-07-26T03:55:59.333792+00:00,2026-07-25T08:00,2026-07-25T12:00:00+00:00,21.2,0
New York City,2026-07-26T03:55:59.333792+00:00,2026-07-25T09:00,2026-07-25T13:00:00+00:00,24.0,0
New York City,2026-07-26T03:55:59.333792+00:00,2026-07-25T10:00,2026-07-25T14:00:00+00:00,24.6,0
New York City,2026-07-26T03:55:59.333792+00:00,2026-07-25T11:00,2026-07-25T15:00:00+00:00,26.8,0
New York City,2026-07-26T03:55:59.333792+00:00,2026-07-25T12:00,2026-07-25T16:00:00+00:00,25.7,0
New York City,2026-07-26T03:55:59.333792+00:00,2026-07-25T13:00,2026-07-25T17:00:00+00:00,26.7,0
New York City,2026-07-26T03:55:59.333792+00:00,2026-07-25T14:00,2026-07-25T18:00:00+00:00,26.9,0
New York City,2026-07-26T03:55:59.333792+00:00,2026-07-25T15:00,2026-07-25T19:00:00+00:00,26.9,0
New York City,2026-07-26T03:55:59.333792+00:00,2026-07-25T16:00,2026-07-25T20:00:00+00:00,27.6,0
New York City,2026-07-26T03:55:59.333792+00:00,2026-07-25T17:00,2026-07-25T21:00:00+00:00,26.8,0
New York City,2026-07-26T03:55:59.333792+00:00,2026-07-25T18:00,2026-07-25T22:00:00+00:00,26.2,0
New York City,2026-07-26T03:55:59.333792+00:00,2026-07-25T19:00,2026-07-25T23:00:00+00:00,24.7,0
New York City,2026-07-26T03:55:59.333792+00:00,2026-07-25T20:00,2026-07-26T00:00:00+00:00,23.8,0
New York City,2026-07-26T03:55:59.333792+00:00,2026-07-25T21:00,2026-07-26T01:00:00+00:00,21.8,0
New York City,2026-07-26T03:55:59.333792+00:00,2026-07-25T22:00,2026-07-26T02:00:00+00:00,19.9,0
New York City,2026-07-26T03:55:59.333792+00:00,2026-07-25T23:00,2026-07-26T03:00:00+00:00,19.1,0
New York City,2026-07-26T03:55:59.333792+00:00,2026-07-26T00:00,2026-07-26T04:00:00+00:00,18.2,0
New York City,2026-07-26T03:55:59.333792+00:00,2026-07-26T01:00,2026-07-26T05:00:00+00:00,17.5,0
New York City,2026-07-26T03:55:59.333792+00:00,2026-07-26T02:00,2026-07-26T06:00:00+00:00,16.9,0
New York City,2026-07-26T03:55:59.333792+00:00,2026-07-26T03:00,2026-07-26T07:00:00+00:00,16.3,0
New York City,2026-07-26T03:55:59.333792+00:00,2026-07-26T04:00,2026-07-26T08:00:00+00:00,15.7,0
New York City,2026-07-26T03:55:59.333792+00:00,2026-07-26T05:00,2026-07-26T09:00:00+00:00,15.4,0
New York City,2026-07-26T03:55:59.333792+00:00,2026-07-26T06:00,2026-07-26T10:00:00+00:00,15.1,0
New York City,2026-07-26T03:55:59.333792+00:00,2026-07-26T07:00,2026-07-26T11:00:00+00:00,17.0,0
New York City,2026-07-26T03:55:59.333792+00:00,2026-07-26T08:00,2026-07-26T12:00:00+00:00,20.4,0
New York City,2026-07-26T03:55:59.333792+00:00,2026-07-26T09:00,2026-07-26T13:00:00+00:00,22.7,0
New York City,2026-07-26T03:55:59.333792+00:00,2026-07-26T10:00,2026-07-26T14:00:00+00:00,24.6,0
New York City,2026-07-26T03:55:59.333792+00:00,2026-07-26T11:00,2026-07-26T15:00:00+00:00,26.0,0
New York City,2026-07-26T03:55:59.333792+00:00,2026-07-26T12:00,2026-07-26T16:00:00+00:00,27.2,0
New York City,2026-07-26T03:55:59.333792+00:00,2026-07-26T13:00,2026-07-26T17:00:00+00:00,28.2,0
New York City,2026-07-26T03:55:59.333792+00:00,2026-07-26T14:00,2026-07-26T18:00:00+00:00,29.1,0
New York City,2026-07-26T03:55:59.333792+00:00,2026-07-26T15:00,2026-07-26T19:00:00+00:00,29.6,0
New York City,2026-07-26T03:55:59.333792+00:00,2026-07-26T16:00,2026-07-26T20:00:00+00:00,29.7,1
New York City,2026-07-26T03:55:59.333792+00:00,2026-07-26T17:00,2026-07-26T21:00:00+00:00,28.5,1
New York City,2026-07-26T03:55:59.333792+00:00,2026-07-26T18:00,2026-07-26T22:00:00+00:00,26.9,1
New York City,2026-07-26T03:55:59.333792+00:00,2026-07-26T19:00,2026-07-26T23:00:00+00:00,24.8,1
New York City,2026-07-26T03:55:59.333792+00:00,2026-07-26T20:00,2026-07-27T00:00:00+00:00,23.1,1
New York City,2026-07-26T03:55:59.333792+00:00,2026-07-26T21:00,2026-07-27T01:00:00+00:00,22.2,1
New York City,2026-07-26T03:55:59.333792+00:00,2026-07-26T22:00,2026-07-27T02:00:00+00:00,21.7,1
New York City,2026-07-26T03:55:59.333792+00:00,2026-07-26T23:00,2026-07-27T03:00:00+00:00,21.4,1
New York City,2026-07-26T03:55:59.333792+00:00,2026-07-27T00:00,2026-07-27T04:00:00+00:00,21.6,2
New York City,2026-07-26T03:55:59.333792+00:00,2026-07-27T01:00,2026-07-27T05:00:00+00:00,21.0,2
New York City,2026-07-26T03:55:59.333792+00:00,2026-07-27T02:00,2026-07-27T06:00:00+00:00,20.7,2
New York City,2026-07-26T03:55:59.333792+00:00,2026-07-27T03:00,2026-07-27T07:00:00+00:00,20.3,4
New York City,2026-07-26T03:55:59.333792+00:00,2026-07-27T04:00,2026-07-27T08:00:00+00:00,20.4,5
New York City,2026-07-26T03:55:59.333792+00:00,2026-07-27T05:00,2026-07-27T09:00:00+00:00,20.2,4
New York City,2026-07-26T03:55:59.333792+00:00,2026-07-27T06:00,2026-07-27T10:00:00+00:00,19.6,2
New York City,2026-07-26T03:55:59.333792+00:00,2026-07-27T07:00,2026-07-27T11:00:00+00:00,20.8,2
New York City,2026-07-26T03:55:59.333792+00:00,2026-07-27T08:00,2026-07-27T12:00:00+00:00,22.6,2
New York City,2026-07-26T03:55:59.333792+00:00,2026-07-27T09:00,2026-07-27T13:00:00+00:00,24.9,3
New York City,2026-07-26T03:55:59.333792+00:00,2026-07-27T10:00,2026-07-27T14:00:00+00:00,27.0,2
New York City,2026-07-26T03:55:59.333792+00:00,2026-07-27T11:00,2026-07-27T15:00:00+00:00,28.9,3
New York City,2026-07-26T03:55:59.333792+00:00,2026-07-27T12:00,2026-07-27T16:00:00+00:00,30.0,3
New York City,2026-07-26T03:55:59.333792+00:00,2026-07-27T13:00,2026-07-27T17:00:00+00:00,29.8,3
New York City,2026-07-26T03:55:59.333792+00:00,2026-07-27T14:00,2026-07-27T18:00:00+00:00,30.0,3
New York City,2026-07-26T03:55:59.333792+00:00,2026-07-27T15:00,2026-07-27T19:00:00+00:00,29.7,42
New York City,2026-07-26T03:55:59.333792+00:00,2026-07-27T16:00,2026-07-27T20:00:00+00:00,28.7,42
New York City,2026-07-26T03:55:59.333792+00:00,2026-07-27T17:00,2026-07-27T21:00:00+00:00,28.1,42
New York City,2026-07-26T03:55:59.333792+00:00,2026-07-27T18:00,2026-07-27T22:00:00+00:00,26.9,42
New York City,2026-07-26T03:55:59.333792+00:00,2026-07-27T19:00,2026-07-27T23:00:00+00:00,26.2,42
New York City,2026-07-26T03:55:59.333792+00:00,2026-07-27T20:00,2026-07-28T00:00:00+00:00,24.4,42
New York City,2026-07-26T03:55:59.333792+00:00,2026-07-27T21:00,2026-07-28T01:00:00+00:00,23.7,12
New York City,2026-07-26T03:55:59.333792+00:00,2026-07-27T22:00,2026-07-28T02:00:00+00:00,23.7,12
New York City,2026-07-26T03:55:59.333792+00:00,2026-07-27T23:00,2026-07-28T03:00:00+00:00,23.1,12
New York City,2026-07-26T03:55:59.333792+00:00,2026-07-28T00:00,2026-07-28T04:00:00+00:00,22.6,12
New York City,2026-07-26T03:55:59.333792+00:00,2026-07-28T01:00,2026-07-28T05:00:00+00:00,22.3,12
New York City,2026-07-26T03:55:59.333792+00:00,2026-07-28T02:00,2026-07-28T06:00:00+00:00,22.0,12
New York City,2026-07-26T03:55:59.333792+00:00,2026-07-28T03:00,2026-07-28T07:00:00+00:00,21.8,30
New York City,2026-07-26T03:55:59.333792+00:00,2026-07-28T04:00,2026-07-28T08:00:00+00:00,21.7,30
New York City,2026-07-26T03:55:59.333792+00:00,2026-07-28T05:00,2026-07-28T09:00:00+00:00,21.5,30
New York City,2026-07-26T03:55:59.333792+00:00,2026-07-28T06:00,2026-07-28T10:00:00+00:00,21.4,30
New York City,2026-07-26T03:55:59.333792+00:00,2026-07-28T07:00,2026-07-28T11:00:00+00:00,22.1,30
New York City,2026-07-26T03:55:59.333792+00:00,2026-07-28T08:00,2026-07-28T12:00:00+00:00,23.7,30
New York City,2026-07-26T03:55:59.333792+00:00,2026-07-28T09:00,2026-07-28T13:00:00+00:00,25.4,69
New York City,2026-07-26T03:55:59.333792+00:00,2026-07-28T10:00,2026-07-28T14:00:00+00:00,27.0,69
New York City,2026-07-26T03:55:59.333792+00:00,2026-07-28T11:00,2026-07-28T15:00:00+00:00,27.4,69
New York City,2026-07-26T03:55:59.333792+00:00,2026-07-28T12:00,2026-07-28T16:00:00+00:00,28.4,69
New York City,2026-07-26T03:55:59.333792+00:00,2026-07-28T13:00,2026-07-28T17:00:00+00:00,28.5,69
New York City,2026-07-26T03:55:59.333792+00:00,2026-07-28T14:00,2026-07-28T18:00:00+00:00,28.7,69
New York City,2026-07-26T03:55:59.333792+00:00,2026-07-28T15:00,2026-07-28T19:00:00+00:00,28.8,73
New York City,2026-07-26T03:55:59.333792+00:00,2026-07-28T16:00,2026-07-28T20:00:00+00:00,28.1,73
New York City,2026-07-26T03:55:59.333792+00:00,2026-07-28T17:00,2026-07-28T21:00:00+00:00,27.3,73
New York City,2026-07-26T03:55:59.333792+00:00,2026-07-28T18:00,2026-07-28T22:00:00+00:00,25.2,73
New York City,2026-07-26T03:55:59.333792+00:00,2026-07-28T19:00,2026-07-28T23:00:00+00:00,23.6,73
New York City,2026-07-26T03:55:59.333792+00:00,2026-07-28T20:00,2026-07-29T00:00:00+00:00,21.9,73
New York City,2026-07-26T03:55:59.333792+00:00,2026-07-28T21:00,2026-07-29T01:00:00+00:00,21.8,82
New York City,2026-07-26T03:55:59.333792+00:00,2026-07-28T22:00,2026-07-29T02:00:00+00:00,21.7,82
New York City,2026-07-26T03:55:59.333792+00:00,2026-07-28T23:00,2026-07-29T03:00:00+00:00,21.8,82
New York City,2026-07-26T03:55:59.333792+00:00,2026-07-29T00:00,2026-07-29T04:00:00+00:00,21.5,82
New York City,2026-07-26T03:55:59.333792+00:00,2026-07-29T01:00,2026-07-29T05:00:00+00:00,21.4,82
New York City,2026-07-26T03:55:59.333792+00:00,2026-07-29T02:00,2026-07-29T06:00:00+00:00,21.7,82
New York City,2026-07-26T03:55:59.333792+00:00,2026-07-29T03:00,2026-07-29T07:00:00+00:00,21.8,58
New York City,2026-07-26T03:55:59.333792+00:00,2026-07-29T04:00,2026-07-29T08:00:00+00:00,21.4,58
New York City,2026-07-26T03:55:59.333792+00:00,2026-07-29T05:00,2026-07-29T09:00:00+00:00,21.4,58
New York City,2026-07-26T03:55:59.333792+00:00,2026-07-29T06:00,2026-07-29T10:00:00+00:00,21.6,58
New York City,2026-07-26T03:55:59.333792+00:00,2026-07-29T07:00,2026-07-29T11:00:00+00:00,21.4,58
New York City,2026-07-26T03:55:59.333792+00:00,2026-07-29T08:00,2026-07-29T12:00:00+00:00,21.3,58
New York City,2026-07-26T03:55:59.333792+00:00,2026-07-29T09:00,2026-07-29T13:00:00+00:00,21.1,56
New York City,2026-07-26T03:55:59.333792+00:00,2026-07-29T10:00,2026-07-29T14:00:00+00:00,21.2,56
New York City,2026-07-26T03:55:59.333792+00:00,2026-07-29T11:00,2026-07-29T15:00:00+00:00,21.5,56
New York City,2026-07-26T03:55:59.333792+00:00,2026-07-29T12:00,2026-07-29T16:00:00+00:00,21.7,56
New York City,2026-07-26T03:55:59.333792+00:00,2026-07-29T13:00,2026-07-29T17:00:00+00:00,21.7,56
New York City,2026-07-26T03:55:59.333792+00:00,2026-07-29T14:00,2026-07-29T18:00:00+00:00,21.7,56
New York City,2026-07-26T03:55:59.333792+00:00,2026-07-29T15:00,2026-07-29T19:00:00+00:00,22.1,59
New York City,2026-07-26T03:55:59.333792+00:00,2026-07-29T16:00,2026-07-29T20:00:00+00:00,22.2,59
New York City,2026-07-26T03:55:59.333792+00:00,2026-07-29T17:00,2026-07-29T21:00:00+00:00,21.7,59
New York City,2026-07-26T03:55:59.333792+00:00,2026-07-29T18:00,2026-07-29T22:00:00+00:00,21.7,59
New York City,2026-07-26T03:55:59.333792+00:00,2026-07-29T19:00,2026-07-29T23:00:00+00:00,21.4,59
New York City,2026-07-26T03:55:59.333792+00:00,2026-07-29T20:00,2026-07-30T00:00:00+00:00,20.9,59
New York City,2026-07-26T03:55:59.333792+00:00,2026-07-29T21:00,2026-07-30T01:00:00+00:00,20.0,43
New York City,2026-07-26T03:55:59.333792+00:00,2026-07-29T22:00,2026-07-30T02:00:00+00:00,19.6,43
New York City,2026-07-26T03:55:59.333792+00:00,2026-07-29T23:00,2026-07-30T03:00:00+00:00,19.4,43
New York City,2026-07-26T03:55:59.333792+00:00,2026-07-30T00:00,2026-07-30T04:00:00+00:00,19.3,43
New York City,2026-07-26T03:55:59.333792+00:00,2026-07-30T01:00,2026-07-30T05:00:00+00:00,19.2,43
New York City,2026-07-26T03:55:59.333792+00:00,2026-07-30T02:00,2026-07-30T06:00:00+00:00,19.3,43
New York City,2026-07-26T03:55:59.333792+00:00,2026-07-30T03:00,2026-07-30T07:00:00+00:00,19.2,17
New York City,2026-07-26T03:55:59.333792+00:00,2026-07-30T04:00,2026-07-30T08:00:00+00:00,19.1,17
New York City,2026-07-26T03:55:59.333792+00:00,2026-07-30T05:00,2026-07-30T09:00:00+00:00,18.8,17
New York City,2026-07-26T03:55:59.333792+00:00,2026-07-30T06:00,2026-07-30T10:00:00+00:00,18.7,17
New York City,2026-07-26T03:55:59.333792+00:00,2026-07-30T07:00,2026-07-30T11:00:00+00:00,19.1,17
New York City,2026-07-26T03:55:59.333792+00:00,2026-07-30T08:00,2026-07-30T12:00:00+00:00,20.5,17
New York City,2026-07-26T03:55:59.333792+00:00,2026-07-30T09:00,2026-07-30T13:00:00+00:00,22.2,23
New York City,2026-07-26T03:55:59.333792+00:00,2026-07-30T10:00,2026-07-30T14:00:00+00:00,23.8,23
New York City,2026-07-26T03:55:59.333792+00:00,2026-07-30T11:00,2026-07-30T15:00:00+00:00,25.5,23
New York City,2026-07-26T03:55:59.333792+00:00,2026-07-30T12:00,2026-07-30T16:00:00+00:00,27.1,23
New York City,2026-07-26T03:55:59.333792+00:00,2026-07-30T13:00,2026-07-30T17:00:00+00:00,28.4,23
New York City,2026-07-26T03:55:59.333792+00:00,2026-07-30T14:00,2026-07-30T18:00:00+00:00,28.6,23
New York City,2026-07-26T03:55:59.333792+00:00,2026-07-30T15:00,2026-07-30T19:00:00+00:00,29.1,27
New York City,2026-07-26T03:55:59.333792+00:00,2026-07-30T16:00,2026-07-30T20:00:00+00:00,29.4,27
New York City,2026-07-26T03:55:59.333792+00:00,2026-07-30T17:00,2026-07-30T21:00:00+00:00,29.3,27
New York City,2026-07-26T03:55:59.333792+00:00,2026-07-30T18:00,2026-07-30T22:00:00+00:00,28.5,27
New York City,2026-07-26T03:55:59.333792+00:00,2026-07-30T19:00,2026-07-30T23:00:00+00:00,27.3,27
New York City,2026-07-26T03:55:59.333792+00:00,2026-07-30T20:00,2026-07-31T00:00:00+00:00,26.2,27
New York City,2026-07-26T03:55:59.333792+00:00,2026-07-30T21:00,2026-07-31T01:00:00+00:00,25.4,16
New York City,2026-07-26T03:55:59.333792+00:00,2026-07-30T22:00,2026-07-31T02:00:00+00:00,24.7,16
New York City,2026-07-26T03:55:59.333792+00:00,2026-07-30T23:00,2026-07-31T03:00:00+00:00,24.1,16
New York City,2026-07-26T03:55:59.333792+00:00,2026-07-31T00:00,2026-07-31T04:00:00+00:00,23.4,16
New York City,2026-07-26T03:55:59.333792+00:00,2026-07-31T01:00,2026-07-31T05:00:00+00:00,22.8,16
New York City,2026-07-26T03:55:59.333792+00:00,2026-07-31T02:00,2026-07-31T06:00:00+00:00,22.2,16
New York City,2026-07-26T03:55:59.333792+00:00,2026-07-31T03:00,2026-07-31T07:00:00+00:00,21.5,4
New York City,2026-07-26T03:55:59.333792+00:00,2026-07-31T04:00,2026-07-31T08:00:00+00:00,20.9,4
New York City,2026-07-26T03:55:59.333792+00:00,2026-07-31T05:00,2026-07-31T09:00:00+00:00,20.7,4
New York City,2026-07-26T03:55:59.333792+00:00,2026-07-31T06:00,2026-07-31T10:00:00+00:00,20.9,4
New York City,2026-07-26T03:55:59.333792+00:00,2026-07-31T07:00,2026-07-31T11:00:00+00:00,21.6,4
New York City,2026-07-26T03:55:59.333792+00:00,2026-07-31T08:00,2026-07-31T12:00:00+00:00,22.6,4
New York City,2026-07-26T03:55:59.333792+00:00,2026-07-31T09:00,2026-07-31T13:00:00+00:00,24.1,4
New York City,2026-07-26T03:55:59.333792+00:00,2026-07-31T10:00,2026-07-31T14:00:00+00:00,26.0,4
New York City,2026-07-26T03:55:59.333792+00:00,2026-07-31T11:00,2026-07-31T15:00:00+00:00,27.6,4
New York City,2026-07-26T03:55:59.333792+00:00,2026-07-31T12:00,2026-07-31T16:00:00+00:00,28.7,4
New York City,2026-07-26T03:55:59.333792+00:00,2026-07-31T13:00,2026-07-31T17:00:00+00:00,29.6,4
New York City,2026-07-26T03:55:59.333792+00:00,2026-07-31T14:00,2026-07-31T18:00:00+00:00,30.3,4
New York City,2026-07-26T03:55:59.333792+00:00,2026-07-31T15:00,2026-07-31T19:00:00+00:00,30.7,17
New York City,2026-07-26T03:55:59.333792+00:00,2026-07-31T16:00,2026-07-31T20:00:00+00:00,30.9,17
New York City,2026-07-26T03:55:59.333792+00:00,2026-07-31T17:00,2026-07-31T21:00:00+00:00,30.7,17
New York City,2026-07-26T03:55:59.333792+00:00,2026-07-31T18:00,2026-07-31T22:00:00+00:00,30.0,17
New York City,2026-07-26T03:55:59.333792+00:00,2026-07-31T19:00,2026-07-31T23:00:00+00:00,28.9,17
New York City,2026-07-26T03:55:59.333792+00:00,2026-07-31T20:00,2026-08-01T00:00:00+00:00,27.8,17
New York City,2026-07-26T03:55:59.333792+00:00,2026-07-31T21:00,2026-08-01T01:00:00+00:00,26.7,10
New York City,2026-07-26T03:55:59.333792+00:00,2026-07-31T22:00,2026-08-01T02:00:00+00:00,25.7,10
New York City,2026-07-26T03:55:59.333792+00:00,2026-07-31T23:00,2026-08-01T03:00:00+00:00,24.9,10
New York City,2026-07-26T03:55:59.333792+00:00,2026-08-01T00:00,2026-08-01T04:00:00+00:00,24.3,10
New York City,2026-07-26T03:55:59.333792+00:00,2026-08-01T01:00,2026-08-01T05:00:00+00:00,24.0,10
New York City,2026-07-26T03:55:59.333792+00:00,2026-08-01T02:00,2026-08-01T06:00:00+00:00,23.6,10
New York City,2026-07-26T03:55:59.333792+00:00,2026-08-01T03:00,2026-08-01T07:00:00+00:00,22.8,2
New York City,2026-07-26T03:55:59.333792+00:00,2026-08-01T04:00,2026-08-01T08:00:00+00:00,22.0,2
New York City,2026-07-26T03:55:59.333792+00:00,2026-08-01T05:00,2026-08-01T09:00:00+00:00,21.6,2
New York City,2026-07-26T03:55:59.333792+00:00,2026-08-01T06:00,2026-08-01T10:00:00+00:00,21.5,2
New York City,2026-07-26T03:55:59.333792+00:00,2026-08-01T07:00,2026-08-01T11:00:00+00:00,21.8,2
New York City,2026-07-26T03:55:59.333792+00:00,2026-08-01T08:00,2026-08-01T12:00:00+00:00,22.6,2
New York City,2026-07-26T03:55:59.333792+00:00,2026-08-01T09:00,2026-08-01T13:00:00+00:00,24.1,7
New York City,2026-07-26T03:55:59.333792+00:00,2026-08-01T10:00,2026-08-01T14:00:00+00:00,26.0,7
New York City,2026-07-26T03:55:59.333792+00:00,2026-08-01T11:00,2026-08-01T15:00:00+00:00,27.8,7
New York City,2026-07-26T03:55:59.333792+00:00,2026-08-01T12:00,2026-08-01T16:00:00+00:00,29.2,7
New York City,2026-07-26T03:55:59.333792+00:00,2026-08-01T13:00,2026-08-01T17:00:00+00:00,30.5,7
New York City,2026-07-26T03:55:59.333792+00:00,2026-08-01T14:00,2026-08-01T18:00:00+00:00,31.3,7
New York City,2026-07-26T03:55:59.333792+00:00,2026-08-01T15:00,2026-08-01T19:00:00+00:00,31.3,20
New York City,2026-07-26T03:55:59.333792+00:00,2026-08-01T16:00,2026-08-01T20:00:00+00:00,30.9,20
New York City,2026-07-26T03:55:59.333792+00:00,2026-08-01T17:00,2026-08-01T21:00:00+00:00,30.2,20
New York City,2026-07-26T03:55:59.333792+00:00,2026-08-01T18:00,2026-08-01T22:00:00+00:00,29.1,20
New York City,2026-07-26T03:55:59.333792+00:00,2026-08-01T19:00,2026-08-01T23:00:00+00:00,27.7,20
New York City,2026-07-26T03:55:59.333792+00:00,2026-08-01T20:00,2026-08-02T00:00:00+00:00,26.6,20
New York City,2026-07-26T03:55:59.333792+00:00,2026-08-01T21:00,2026-08-02T01:00:00+00:00,26.0,25
New York City,2026-07-26T03:55:59.333792+00:00,2026-08-01T22:00,2026-08-02T02:00:00+00:00,25.6,25
New York City,2026-07-26T03:55:59.333792+00:00,2026-08-01T23:00,2026-08-02T03:00:00+00:00,25.3,25
New York City,2026-07-26T03:55:59.333792+00:00,2026-08-02T00:00,2026-08-02T04:00:00+00:00,25.0,25
New York City,2026-07-26T03:55:59.333792+00:00,2026-08-02T01:00,2026-08-02T05:00:00+00:00,24.7,25
New York City,2026-07-26T03:55:59.333792+00:00,2026-08-02T02:00,2026-08-02T06:00:00+00:00,24.4,25
New York City,2026-07-26T03:55:59.333792+00:00,2026-08-02T03:00,2026-08-02T07:00:00+00:00,23.9,11
New York City,2026-07-26T03:55:59.333792+00:00,2026-08-02T04:00,2026-08-02T08:00:00+00:00,23.5,11
New York City,2026-07-26T03:55:59.333792+00:00,2026-08-02T05:00,2026-08-02T09:00:00+00:00,23.3,11
New York City,2026-07-26T03:55:59.333792+00:00,2026-08-02T06:00,2026-08-02T10:00:00+00:00,23.3,11
New York City,2026-07-26T03:55:59.333792+00:00,2026-08-02T07:00,2026-08-02T11:00:00+00:00,23.7,11
New York City,2026-07-26T03:55:59.333792+00:00,2026-08-02T08:00,2026-08-02T12:00:00+00:00,24.4,11
New York City,2026-07-26T03:55:59.333792+00:00,2026-08-02T09:00,2026-08-02T13:00:00+00:00,25.7,13
New York City,2026-07-26T03:55:59.333792+00:00,2026-08-02T10:00,2026-08-02T14:00:00+00:00,27.5,13
New York City,2026-07-26T03:55:59.333792+00:00,2026-08-02T11:00,2026-08-02T15:00:00+00:00,29.1,13
New York City,2026-07-26T03:55:59.333792+00:00,2026-08-02T12:00,2026-08-02T16:00:00+00:00,30.3,13
New York City,2026-07-26T03:55:59.333792+00:00,2026-08-02T13:00,2026-08-02T17:00:00+00:00,31.3,13
New York City,2026-07-26T03:55:59.333792+00:00,2026-08-02T14:00,2026-08-02T18:00:00+00:00,31.9,13
New York City,2026-07-26T03:55:59.333792+00:00,2026-08-02T15:00,2026-08-02T19:00:00+00:00,31.7,27
New York City,2026-07-26T03:55:59.333792+00:00,2026-08-02T16:00,2026-08-02T20:00:00+00:00,31.0,27
New York City,2026-07-26T03:55:59.333792+00:00,2026-08-02T17:00,2026-08-02T21:00:00+00:00,30.2,27
New York City,2026-07-26T03:55:59.333792+00:00,2026-08-02T18:00,2026-08-02T22:00:00+00:00,29.2,27
New York City,2026-07-26T03:55:59.333792+00:00,2026-08-02T19:00,2026-08-02T23:00:00+00:00,28.0,27
New York City,2026-07-26T03:55:59.333792+00:00,2026-08-02T20:00,2026-08-03T00:00:00+00:00,27.1,27
New York City,2026-07-26T03:55:59.333792+00:00,2026-08-02T21:00,2026-08-03T01:00:00+00:00,26.5,26
New York City,2026-07-26T03:55:59.333792+00:00,2026-08-02T22:00,2026-08-03T02:00:00+00:00,26.1,26
New York City,2026-07-26T03:55:59.333792+00:00,2026-08-02T23:00,2026-08-03T03:00:00+00:00,25.8,26
New York City,2026-07-26T03:55:59.333792+00:00,2026-08-03T00:00,2026-08-03T04:00:00+00:00,25.5,26
New York City,2026-07-26T03:55:59.333792+00:00,2026-08-03T01:00,2026-08-03T05:00:00+00:00,25.3,26
New York City,2026-07-26T03:55:59.333792+00:00,2026-08-03T02:00,2026-08-03T06:00:00+00:00,25.1,26
New York City,2026-07-26T03:55:59.333792+00:00,2026-08-03T03:00,2026-08-03T07:00:00+00:00,24.7,12
New York City,2026-07-26T03:55:59.333792+00:00,2026-08-03T04:00,2026-08-03T08:00:00+00:00,24.2,12
New York City,2026-07-26T03:55:59.333792+00:00,2026-08-03T05:00,2026-08-03T09:00:00+00:00,24.1,12
New York City,2026-07-26T03:55:59.333792+00:00,2026-08-03T06:00,2026-08-03T10:00:00+00:00,24.4,12
New York City,2026-07-26T03:55:59.333792+00:00,2026-08-03T07:00,2026-08-03T11:00:00+00:00,25.0,12
New York City,2026-07-26T03:55:59.333792+00:00,2026-08-03T08:00,2026-08-03T12:00:00+00:00,26.1,12
New York City,2026-07-26T03:55:59.333792+00:00,2026-08-03T09:00,2026-08-03T13:00:00+00:00,27.9,14
New York City,2026-07-26T03:55:59.333792+00:00,2026-08-03T10:00,2026-08-03T14:00:00+00:00,30.1,14
New York City,2026-07-26T03:55:59.333792+00:00,2026-08-03T11:00,2026-08-03T15:00:00+00:00,32.1,14
New York City,2026-07-26T03:55:59.333792+00:00,2026-08-03T12:00,2026-08-03T16:00:00+00:00,33.7,14
New York City,2026-07-26T03:55:59.333792+00:00,2026-08-03T13:00,2026-08-03T17:00:00+00:00,35.1,14
New York City,2026-07-26T03:55:59.333792+00:00,2026-08-03T14:00,2026-08-03T18:00:00+00:00,35.9,14
New York City,2026-07-26T03:55:59.333792+00:00,2026-08-03T15:00,2026-08-03T19:00:00+00:00,35.7,20
New York City,2026-07-26T03:55:59.333792+00:00,2026-08-03T16:00,2026-08-03T20:00:00+00:00,35.0,20
New York City,2026-07-26T03:55:59.333792+00:00,2026-08-03T17:00,2026-08-03T21:00:00+00:00,34.0,20
New York City,2026-07-26T03:55:59.333792+00:00,2026-08-03T18:00,2026-08-03T22:00:00+00:00,32.7,20
New York City,2026-07-26T03:55:59.333792+00:00,2026-08-03T19:00,2026-08-03T23:00:00+00:00,31.2,20
New York City,2026-07-26T03:55:59.333792+00:00,2026-08-03T20:00,2026-08-04T00:00:00+00:00,30.0,20
New York City,2026-07-26T03:55:59.333792+00:00,2026-08-03T21:00,2026-08-04T01:00:00+00:00,29.4,12
New York City,2026-07-26T03:55:59.333792+00:00,2026-08-03T22:00,2026-08-04T02:00:00+00:00,29.2,12
New York City,2026-07-26T03:55:59.333792+00:00,2026-08-03T23:00,2026-08-04T03:00:00+00:00,28.9,12
New York City,2026-07-26T03:55:59.333792+00:00,2026-08-04T00:00,2026-08-04T04:00:00+00:00,28.4,12
New York City,2026-07-26T03:55:59.333792+00:00,2026-08-04T01:00,2026-08-04T05:00:00+00:00,27.9,12
New York City,2026-07-26T03:55:59.333792+00:00,2026-08-04T02:00,2026-08-04T06:00:00+00:00,27.5,12
New York City,2026-07-26T03:55:59.333792+00:00,2026-08-04T03:00,2026-08-04T07:00:00+00:00,27.1,5
New York City,2026-07-26T03:55:59.333792+00:00,2026-08-04T04:00,2026-08-04T08:00:00+00:00,26.9,5
New York City,2026-07-26T03:55:59.333792+00:00,2026-08-04T05:00,2026-08-04T09:00:00+00:00,26.8,5
New York City,2026-07-26T03:55:59.333792+00:00,2026-08-04T06:00,2026-08-04T10:00:00+00:00,26.8,5
New York City,2026-07-26T03:55:59.333792+00:00,2026-08-04T07:00,2026-08-04T11:00:00+00:00,27.1,5
New York City,2026-07-26T03:55:59.333792+00:00,2026-08-04T08:00,2026-08-04T12:00:00+00:00,27.6,5
New York City,2026-07-26T03:55:59.333792+00:00,2026-08-04T09:00,2026-08-04T13:00:00+00:00,28.4,4
New York City,2026-07-26T03:55:59.333792+00:00,2026-08-04T10:00,2026-08-04T14:00:00+00:00,29.6,4
New York City,2026-07-26T03:55:59.333792+00:00,2026-08-04T11:00,2026-08-04T15:00:00+00:00,30.8,4
New York City,2026-07-26T03:55:59.333792+00:00,2026-08-04T12:00,2026-08-04T16:00:00+00:00,32.2,4
New York City,2026-07-26T03:55:59.333792+00:00,2026-08-04T13:00,2026-08-04T17:00:00+00:00,33.7,4
New York City,2026-07-26T03:55:59.333792+00:00,2026-08-04T14:00,2026-08-04T18:00:00+00:00,34.7,4
New York City,2026-07-26T03:55:59.333792+00:00,2026-08-04T15:00,2026-08-04T19:00:00+00:00,34.8,11
New York City,2026-07-26T03:55:59.333792+00:00,2026-08-04T16:00,2026-08-04T20:00:00+00:00,34.5,11
New York City,2026-07-26T03:55:59.333792+00:00,2026-08-04T17:00,2026-08-04T21:00:00+00:00,34.0,11
New York City,2026-07-26T03:55:59.333792+00:00,2026-08-04T18:00,2026-08-04T22:00:00+00:00,33.4,11
New York City,2026-07-26T03:55:59.333792+00:00,2026-08-04T19:00,2026-08-04T23:00:00+00:00,32.8,11
New York City,2026-07-26T03:55:59.333792+00:00,2026-08-04T20:00,2026-08-05T00:00:00+00:00,31.9,11
New York City,2026-07-26T03:55:59.333792+00:00,2026-08-04T21:00,2026-08-05T01:00:00+00:00,30.6,7
New York City,2026-07-26T03:55:59.333792+00:00,2026-08-04T22:00,2026-08-05T02:00:00+00:00,29.1,7
New York City,2026-07-26T03:55:59.333792+00:00,2026-08-04T23:00,2026-08-05T03:00:00+00:00,28.0,7
New York City,2026-07-26T03:55:59.333792+00:00,2026-08-05T00:00,2026-08-05T04:00:00+00:00,27.6,7
New York City,2026-07-26T03:55:59.333792+00:00,2026-08-05T01:00,2026-08-05T05:00:00+00:00,27.5,7
New York City,2026-07-26T03:55:59.333792+00:00,2026-08-05T02:00,2026-08-05T06:00:00+00:00,27.4,7
New York City,2026-07-26T03:55:59.333792+00:00,2026-08-05T03:00,2026-08-05T07:00:00+00:00,26.9,5
New York City,2026-07-26T03:55:59.333792+00:00,2026-08-05T04:00,2026-08-05T08:00:00+00:00,26.4,5
New York City,2026-07-26T03:55:59.333792+00:00,2026-08-05T05:00,2026-08-05T09:00:00+00:00,26.2,5
New York City,2026-07-26T03:55:59.333792+00:00,2026-08-05T06:00,2026-08-05T10:00:00+00:00,26.3,5
New York City,2026-07-26T03:55:59.333792+00:00,2026-08-05T07:00,2026-08-05T11:00:00+00:00,26.7,5
New York City,2026-07-26T03:55:59.333792+00:00,2026-08-05T08:00,2026-08-05T12:00:00+00:00,27.5,5
New York City,2026-07-26T03:55:59.333792+00:00,2026-08-05T09:00,2026-08-05T13:00:00+00:00,28.9,7
New York City,2026-07-26T03:55:59.333792+00:00,2026-08-05T10:00,2026-08-05T14:00:00+00:00,30.6,7
New York City,2026-07-26T03:55:59.333792+00:00,2026-08-05T11:00,2026-08-05T15:00:00+00:00,32.2,7
New York City,2026-07-26T03:55:59.333792+00:00,2026-08-05T12:00,2026-08-05T16:00:00+00:00,33.5,7
New York City,2026-07-26T03:55:59.333792+00:00,2026-08-05T13:00,2026-08-05T17:00:00+00:00,34.6,7
New York City,2026-07-26T03:55:59.333792+00:00,2026-08-05T14:00,2026-08-05T18:00:00+00:00,35.1,7
New York City,2026-07-26T03:55:59.333792+00:00,2026-08-05T15:00,2026-08-05T19:00:00+00:00,34.8,14
New York City,2026-07-26T03:55:59.333792+00:00,2026-08-05T16:00,2026-08-05T20:00:00+00:00,33.9,14
New York City,2026-07-26T03:55:59.333792+00:00,2026-08-05T17:00,2026-08-05T21:00:00+00:00,32.9,14
New York City,2026-07-26T03:55:59.333792+00:00,2026-08-05T18:00,2026-08-05T22:00:00+00:00,31.8,13
New York City,2026-07-26T03:55:59.333792+00:00,2026-08-05T19:00,2026-08-05T23:00:00+00:00,30.7,14
New York City,2026-07-26T03:55:59.333792+00:00,2026-08-05T20:00,2026-08-06T00:00:00+00:00,29.7,16
New York City,2026-07-26T03:55:59.333792+00:00,2026-08-05T21:00,2026-08-06T01:00:00+00:00,29.0,20
New York City,2026-07-26T03:55:59.333792+00:00,2026-08-05T22:00,2026-08-06T02:00:00+00:00,28.4,25
New York City,2026-07-26T03:55:59.333792+00:00,2026-08-05T23:00,2026-08-06T03:00:00+00:00,27.8,30
New York City,2026-07-26T03:55:59.333792+00:00,2026-08-06T00:00,2026-08-06T04:00:00+00:00,27.0,35
New York City,2026-07-26T03:55:59.333792+00:00,2026-08-06T01:00,2026-08-06T05:00:00+00:00,26.1,39
New York City,2026-07-26T03:55:59.333792+00:00,2026-08-06T02:00,2026-08-06T06:00:00+00:00,25.4,42
New York City,2026-07-26T03:55:59.333792+00:00,2026-08-06T03:00,2026-08-06T07:00:00+00:00,24.9,42
New York City,2026-07-26T03:55:59.333792+00:00,2026-08-06T04:00,2026-08-06T08:00:00+00:00,24.6,40
New York City,2026-07-26T03:55:59.333792+00:00,2026-08-06T05:00,2026-08-06T09:00:00+00:00,24.6,38
New York City,2026-07-26T03:55:59.333792+00:00,2026-08-06T06:00,2026-08-06T10:00:00+00:00,24.8,35
New York City,2026-07-26T03:55:59.333792+00:00,2026-08-06T07:00,2026-08-06T11:00:00+00:00,25.2,32
New York City,2026-07-26T03:55:59.333792+00:00,2026-08-06T08:00,2026-08-06T12:00:00+00:00,25.7,29
New York City,2026-07-26T03:55:59.333792+00:00,2026-08-06T09:00,2026-08-06T13:00:00+00:00,26.3,26
New York City,2026-07-26T03:55:59.333792+00:00,2026-08-06T10:00,2026-08-06T14:00:00+00:00,27.0,24
New York City,2026-07-26T03:55:59.333792+00:00,2026-08-06T11:00,2026-08-06T15:00:00+00:00,27.9,22
New York City,2026-07-26T03:55:59.333792+00:00,2026-08-06T12:00,2026-08-06T16:00:00+00:00,29.2,20
New York City,2026-07-26T03:55:59.333792+00:00,2026-08-06T13:00,2026-08-06T17:00:00+00:00,30.7,18
New York City,2026-07-26T03:55:59.333792+00:00,2026-08-06T14:00,2026-08-06T18:00:00+00:00,31.5,16
New York City,2026-07-26T03:55:59.333792+00:00,2026-08-06T15:00,2026-08-06T19:00:00+00:00,31.2,15
New York City,2026-07-26T03:55:59.333792+00:00,2026-08-06T16:00,2026-08-06T20:00:00+00:00,30.2,15
New York City,2026-07-26T03:55:59.333792+00:00,2026-08-06T17:00,2026-08-06T21:00:00+00:00,29.1,15
New York City,2026-07-26T03:55:59.333792+00:00,2026-08-06T18:00,2026-08-06T22:00:00+00:00,27.9,16
New York City,2026-07-26T03:55:59.333792+00:00,2026-08-06T19:00,2026-08-06T23:00:00+00:00,26.5,17
New York City,2026-07-26T03:55:59.333792+00:00,2026-08-06T20:00,2026-08-07T00:00:00+00:00,25.5,19
New York City,2026-07-26T03:55:59.333792+00:00,2026-08-06T21:00,2026-08-07T01:00:00+00:00,24.9,23
New York City,2026-07-26T03:55:59.333792+00:00,2026-08-06T22:00,2026-08-07T02:00:00+00:00,24.5,28
New York City,2026-07-26T03:55:59.333792+00:00,2026-08-06T23:00,2026-08-07T03:00:00+00:00,24.3,33
New York City,2026-07-26T03:55:59.333792+00:00,2026-08-07T00:00,2026-08-07T04:00:00+00:00,24.0,38
New York City,2026-07-26T03:55:59.333792+00:00,2026-08-07T01:00,2026-08-07T05:00:00+00:00,23.8,42
New York City,2026-07-26T03:55:59.333792+00:00,2026-08-07T02:00,2026-08-07T06:00:00+00:00,23.6,45
New York City,2026-07-26T03:55:59.333792+00:00,2026-08-07T03:00,2026-08-07T07:00:00+00:00,23.3,44
New York City,2026-07-26T03:55:59.333792+00:00,2026-08-07T04:00,2026-08-07T08:00:00+00:00,23.1,42
New York City,2026-07-26T03:55:59.333792+00:00,2026-08-07T05:00,2026-08-07T09:00:00+00:00,23.2,39
New York City,2026-07-26T03:55:59.333792+00:00,2026-08-07T06:00,2026-08-07T10:00:00+00:00,23.4,36
New York City,2026-07-26T03:55:59.333792+00:00,2026-08-07T07:00,2026-08-07T11:00:00+00:00,23.9,32
New York City,2026-07-26T03:55:59.333792+00:00,2026-08-07T08:00,2026-08-07T12:00:00+00:00,24.8,29
New York City,2026-07-26T03:55:59.333792+00:00,2026-08-07T09:00,2026-08-07T13:00:00+00:00,26.2,27
New York City,2026-07-26T03:55:59.333792+00:00,2026-08-07T10:00,2026-08-07T14:00:00+00:00,28.0,25
New York City,2026-07-26T03:55:59.333792+00:00,2026-08-07T11:00,2026-08-07T15:00:00+00:00,29.6,23
New York City,2026-07-26T03:55:59.333792+00:00,2026-08-07T12:00,2026-08-07T16:00:00+00:00,30.8,21
New York City,2026-07-26T03:55:59.333792+00:00,2026-08-07T13:00,2026-08-07T17:00:00+00:00,31.9,20
New York City,2026-07-26T03:55:59.333792+00:00,2026-08-07T14:00,2026-08-07T18:00:00+00:00,32.3,19
New York City,2026-07-26T03:55:59.333792+00:00,2026-08-07T15:00,2026-08-07T19:00:00+00:00,31.7,19
New York City,2026-07-26T03:55:59.333792+00:00,2026-08-07T16:00,2026-08-07T20:00:00+00:00,30.4,19
New York City,2026-07-26T03:55:59.333792+00:00,2026-08-07T17:00,2026-08-07T21:00:00+00:00,29.2,19
New York City,2026-07-26T03:55:59.333792+00:00,2026-08-07T18:00,2026-08-07T22:00:00+00:00,28.2,20
New York City,2026-07-26T03:55:59.333792+00:00,2026-08-07T19:00,2026-08-07T23:00:00+00:00,27.3,21
New York City,2026-07-26T03:55:59.333792+00:00,2026-08-07T20:00,2026-08-08T00:00:00+00:00,26.5,23
New York City,2026-07-26T03:55:59.333792+00:00,2026-08-07T21:00,2026-08-08T01:00:00+00:00,25.8,26
New York City,2026-07-26T03:55:59.333792+00:00,2026-08-07T22:00,2026-08-08T02:00:00+00:00,25.3,30
New York City,2026-07-26T03:55:59.333792+00:00,2026-08-07T23:00,2026-08-08T03:00:00+00:00,25.0,34
New York City,2026-07-26T03:55:59.333792+00:00,2026-08-08T00:00,2026-08-08T04:00:00+00:00,24.8,37
New York City,2026-07-26T03:55:59.333792+00:00,2026-08-08T01:00,2026-08-08T05:00:00+00:00,24.7,40
New York City,2026-07-26T03:55:59.333792+00:00,2026-08-08T02:00,2026-08-08T06:00:00+00:00,24.6,42
New York City,2026-07-26T03:55:59.333792+00:00,2026-08-08T03:00,2026-08-08T07:00:00+00:00,24.3,41
New York City,2026-07-26T03:55:59.333792+00:00,2026-08-08T04:00,2026-08-08T08:00:00+00:00,24.0,39
New York City,2026-07-26T03:55:59.333792+00:00,2026-08-08T05:00,2026-08-08T09:00:00+00:00,24.0,37
New York City,2026-07-26T03:55:59.333792+00:00,2026-08-08T06:00,2026-08-08T10:00:00+00:00,24.1,34
New York City,2026-07-26T03:55:59.333792+00:00,2026-08-08T07:00,2026-08-08T11:00:00+00:00,24.6,32
New York City,2026-07-26T03:55:59.333792+00:00,2026-08-08T08:00,2026-08-08T12:00:00+00:00,25.5,29
New York City,2026-07-26T03:55:59.333792+00:00,2026-08-08T09:00,2026-08-08T13:00:00+00:00,27.2,27
New York City,2026-07-26T03:55:59.333792+00:00,2026-08-08T10:00,2026-08-08T14:00:00+00:00,29.5,25
New York City,2026-07-26T03:55:59.333792+00:00,2026-08-08T11:00,2026-08-08T15:00:00+00:00,31.6,24
New York City,2026-07-26T03:55:59.333792+00:00,2026-08-08T12:00,2026-08-08T16:00:00+00:00,33.3,23
New York City,2026-07-26T03:55:59.333792+00:00,2026-08-08T13:00,2026-08-08T17:00:00+00:00,34.9,23
New York City,2026-07-26T03:55:59.333792+00:00,2026-08-08T14:00,2026-08-08T18:00:00+00:00,35.9,23
New York City,2026-07-26T03:55:59.333792+00:00,2026-08-08T15:00,2026-08-08T19:00:00+00:00,36.1,24
New York City,2026-07-26T03:55:59.333792+00:00,2026-08-08T16:00,2026-08-08T20:00:00+00:00,35.7,27
New York City,2026-07-26T03:55:59.333792+00:00,2026-08-08T17:00,2026-08-08T21:00:00+00:00,34.8,29
New York City,2026-07-26T03:55:59.333792+00:00,2026-08-08T18:00,2026-08-08T22:00:00+00:00,32.9,31
New York City,2026-07-26T03:55:59.333792+00:00,2026-08-08T19:00,2026-08-08T23:00:00+00:00,30.6,33
New York City,2026-07-26T03:55:59.333792+00:00,2026-08-08T20:00,2026-08-09T00:00:00+00:00,28.6,35
New York City,2026-07-26T03:55:59.333792+00:00,2026-08-08T21:00,2026-08-09T01:00:00+00:00,27.4,36
New York City,2026-07-26T03:55:59.333792+00:00,2026-08-08T22:00,2026-08-09T02:00:00+00:00,26.7,35
New York City,2026-07-26T03:55:59.333792+00:00,2026-08-08T23:00,2026-08-09T03:00:00+00:00,26.1,35
New York City,2026-07-26T03:55:59.333792+00:00,2026-08-09T00:00,2026-08-09T04:00:00+00:00,25.6,34
New York City,2026-07-26T03:55:59.333792+00:00,2026-08-09T01:00,2026-08-09T05:00:00+00:00,25.3,33
New York City,2026-07-26T03:55:59.333792+00:00,2026-08-09T02:00,2026-08-09T06:00:00+00:00,24.9,32
New York City,2026-07-26T03:55:59.333792+00:00,2026-08-09T03:00,2026-08-09T07:00:00+00:00,24.2,31
New York City,2026-07-26T03:55:59.333792+00:00,2026-08-09T04:00,2026-08-09T08:00:00+00:00,23.6,29
New York City,2026-07-26T03:55:59.333792+00:00,2026-08-09T05:00,2026-08-09T09:00:00+00:00,23.2,28
New York City,2026-07-26T03:55:59.333792+00:00,2026-08-09T06:00,2026-08-09T10:00:00+00:00,23.2,26
New York City,2026-07-26T03:55:59.333792+00:00,2026-08-09T07:00,2026-08-09T11:00:00+00:00,23.5,25
New York City,2026-07-26T03:55:59.333792+00:00,2026-08-09T08:00,2026-08-09T12:00:00+00:00,24.1,23
New York City,2026-07-26T03:55:59.333792+00:00,2026-08-09T09:00,2026-08-09T13:00:00+00:00,25.0,22
New York City,2026-07-26T03:55:59.333792+00:00,2026-08-09T10:00,2026-08-09T14:00:00+00:00,26.1,20
New York City,2026-07-26T03:55:59.333792+00:00,2026-08-09T11:00,2026-08-09T15:00:00+00:00,27.3,19
New York City,2026-07-26T03:55:59.333792+00:00,2026-08-09T12:00,2026-08-09T16:00:00+00:00,28.6,18
New York City,2026-07-26T03:55:59.333792+00:00,2026-08-09T13:00,2026-08-09T17:00:00+00:00,29.9,17
New York City,2026-07-26T03:55:59.333792+00:00,2026-08-09T14:00,2026-08-09T18:00:00+00:00,30.9,16
New York City,2026-07-26T03:55:59.333792+00:00,2026-08-09T15:00,2026-08-09T19:00:00+00:00,31.3,17
New York City,2026-07-26T03:55:59.333792+00:00,2026-08-09T16:00,2026-08-09T20:00:00+00:00,31.3,18
New York City,2026-07-26T03:55:59.333792+00:00,2026-08-09T17:00,2026-08-09T21:00:00+00:00,31.0,19
New York City,2026-07-26T03:55:59.333792+00:00,2026-08-09T18:00,2026-08-09T22:00:00+00:00,30.3,20
New York City,2026-07-26T03:55:59.333792+00:00,2026-08-09T19:00,2026-08-09T23:00:00+00:00,29.3,22
New York City,2026-07-26T03:55:59.333792+00:00,2026-08-09T20:00,2026-08-10T00:00:00+00:00,28.4,23
New York City,2026-07-26T03:55:59.333792+00:00,2026-08-09T21:00,2026-08-10T01:00:00+00:00,27.5,23
New York City,2026-07-26T03:55:59.333792+00:00,2026-08-09T22:00,2026-08-10T02:00:00+00:00,26.7,23
New York City,2026-07-26T03:55:59.333792+00:00,2026-08-09T23:00,2026-08-10T03:00:00+00:00,26.1,22
New York City,2026-07-26T06:51:14.996654+00:00,2026-07-26T00:00,2026-07-26T04:00:00+00:00,18.4,0
New York City,2026-07-26T06:51:14.996654+00:00,2026-07-26T01:00,2026-07-26T05:00:00+00:00,17.8,0
New York City,2026-07-26T06:51:14.996654+00:00,2026-07-26T02:00,2026-07-26T06:00:00+00:00,17.1,0
New York City,2026-07-26T06:51:14.996654+00:00,2026-07-26T03:00,2026-07-26T07:00:00+00:00,16.5,0
New York City,2026-07-26T06:51:14.996654+00:00,2026-07-26T04:00,2026-07-26T08:00:00+00:00,15.7,0
New York City,2026-07-26T06:51:14.996654+00:00,2026-07-26T05:00,2026-07-26T09:00:00+00:00,15.2,0
New York City,2026-07-26T06:51:14.996654+00:00,2026-07-26T06:00,2026-07-26T10:00:00+00:00,15.1,0
New York City,2026-07-26T06:51:14.996654+00:00,2026-07-26T07:00,2026-07-26T11:00:00+00:00,17.1,0
New York City,2026-07-26T06:51:14.996654+00:00,2026-07-26T08:00,2026-07-26T12:00:00+00:00,20.6,0
New York City,2026-07-26T06:51:14.996654+00:00,2026-07-26T09:00,2026-07-26T13:00:00+00:00,22.9,0
New York City,2026-07-26T06:51:14.996654+00:00,2026-07-26T10:00,2026-07-26T14:00:00+00:00,24.6,0
New York City,2026-07-26T06:51:14.996654+00:00,2026-07-26T11:00,2026-07-26T15:00:00+00:00,25.9,0
New York City,2026-07-26T06:51:14.996654+00:00,2026-07-26T12:00,2026-07-26T16:00:00+00:00,27.0,0
New York City,2026-07-26T06:51:14.996654+00:00,2026-07-26T13:00,2026-07-26T17:00:00+00:00,28.0,0
New York City,2026-07-26T06:51:14.996654+00:00,2026-07-26T14:00,2026-07-26T18:00:00+00:00,28.9,0
New York City,2026-07-26T06:51:14.996654+00:00,2026-07-26T15:00,2026-07-26T19:00:00+00:00,29.4,0
New York City,2026-07-26T06:51:14.996654+00:00,2026-07-26T16:00,2026-07-26T20:00:00+00:00,29.5,0
New York City,2026-07-26T06:51:14.996654+00:00,2026-07-26T17:00,2026-07-26T21:00:00+00:00,29.4,1
New York City,2026-07-26T06:51:14.996654+00:00,2026-07-26T18:00,2026-07-26T22:00:00+00:00,28.5,1
New York City,2026-07-26T06:51:14.996654+00:00,2026-07-26T19:00,2026-07-26T23:00:00+00:00,26.8,1
New York City,2026-07-26T06:51:14.996654+00:00,2026-07-26T20:00,2026-07-27T00:00:00+00:00,23.1,2
New York City,2026-07-26T06:51:14.996654+00:00,2026-07-26T21:00,2026-07-27T01:00:00+00:00,22.2,2
New York City,2026-07-26T06:51:14.996654+00:00,2026-07-26T22:00,2026-07-27T02:00:00+00:00,21.7,2
New York City,2026-07-26T06:51:14.996654+00:00,2026-07-26T23:00,2026-07-27T03:00:00+00:00,21.4,2
New York City,2026-07-26T06:51:14.996654+00:00,2026-07-27T00:00,2026-07-27T04:00:00+00:00,21.6,2
New York City,2026-07-26T06:51:14.996654+00:00,2026-07-27T01:00,2026-07-27T05:00:00+00:00,21.0,2
New York City,2026-07-26T06:51:14.996654+00:00,2026-07-27T02:00,2026-07-27T06:00:00+00:00,20.7,2
New York City,2026-07-26T06:51:14.996654+00:00,2026-07-27T03:00,2026-07-27T07:00:00+00:00,20.3,4
New York City,2026-07-26T06:51:14.996654+00:00,2026-07-27T04:00,2026-07-27T08:00:00+00:00,20.4,5
New York City,2026-07-26T06:51:14.996654+00:00,2026-07-27T05:00,2026-07-27T09:00:00+00:00,20.2,5
New York City,2026-07-26T06:51:14.996654+00:00,2026-07-27T06:00,2026-07-27T10:00:00+00:00,19.6,3
New York City,2026-07-26T06:51:14.996654+00:00,2026-07-27T07:00,2026-07-27T11:00:00+00:00,20.8,2
New York City,2026-07-26T06:51:14.996654+00:00,2026-07-27T08:00,2026-07-27T12:00:00+00:00,22.6,2
New York City,2026-07-26T06:51:14.996654+00:00,2026-07-27T09:00,2026-07-27T13:00:00+00:00,24.9,2
New York City,2026-07-26T06:51:14.996654+00:00,2026-07-27T10:00,2026-07-27T14:00:00+00:00,27.0,2
New York City,2026-07-26T06:51:14.996654+00:00,2026-07-27T11:00,2026-07-27T15:00:00+00:00,28.9,2
New York City,2026-07-26T06:51:14.996654+00:00,2026-07-27T12:00,2026-07-27T16:00:00+00:00,30.0,8
New York City,2026-07-26T06:51:14.996654+00:00,2026-07-27T13:00,2026-07-27T17:00:00+00:00,29.8,12
New York City,2026-07-26T06:51:14.996654+00:00,2026-07-27T14:00,2026-07-27T18:00:00+00:00,30.0,3
New York City,2026-07-26T06:51:14.996654+00:00,2026-07-27T15:00,2026-07-27T19:00:00+00:00,29.7,42
New York City,2026-07-26T06:51:14.996654+00:00,2026-07-27T16:00,2026-07-27T20:00:00+00:00,28.7,42
New York City,2026-07-26T06:51:14.996654+00:00,2026-07-27T17:00,2026-07-27T21:00:00+00:00,28.1,42
New York City,2026-07-26T06:51:14.996654+00:00,2026-07-27T18:00,2026-07-27T22:00:00+00:00,26.9,42
New York City,2026-07-26T06:51:14.996654+00:00,2026-07-27T19:00,2026-07-27T23:00:00+00:00,25.8,42
New York City,2026-07-26T06:51:14.996654+00:00,2026-07-27T20:00,2026-07-28T00:00:00+00:00,24.4,42
New York City,2026-07-26T06:51:14.996654+00:00,2026-07-27T21:00,2026-07-28T01:00:00+00:00,23.1,12
New York City,2026-07-26T06:51:14.996654+00:00,2026-07-27T22:00,2026-07-28T02:00:00+00:00,23.4,12
New York City,2026-07-26T06:51:14.996654+00:00,2026-07-27T23:00,2026-07-28T03:00:00+00:00,23.1,12
New York City,2026-07-26T06:51:14.996654+00:00,2026-07-28T00:00,2026-07-28T04:00:00+00:00,22.6,12
New York City,2026-07-26T06:51:14.996654+00:00,2026-07-28T01:00,2026-07-28T05:00:00+00:00,22.3,12
New York City,2026-07-26T06:51:14.996654+00:00,2026-07-28T02:00,2026-07-28T06:00:00+00:00,22.0,12
New York City,2026-07-26T06:51:14.996654+00:00,2026-07-28T03:00,2026-07-28T07:00:00+00:00,21.7,30
New York City,2026-07-26T06:51:14.996654+00:00,2026-07-28T04:00,2026-07-28T08:00:00+00:00,21.5,30
New York City,2026-07-26T06:51:14.996654+00:00,2026-07-28T05:00,2026-07-28T09:00:00+00:00,21.3,30
New York City,2026-07-26T06:51:14.996654+00:00,2026-07-28T06:00,2026-07-28T10:00:00+00:00,21.1,30
New York City,2026-07-26T06:51:14.996654+00:00,2026-07-28T07:00,2026-07-28T11:00:00+00:00,21.8,30
New York City,2026-07-26T06:51:14.996654+00:00,2026-07-28T08:00,2026-07-28T12:00:00+00:00,22.9,30
New York City,2026-07-26T06:51:14.996654+00:00,2026-07-28T09:00,2026-07-28T13:00:00+00:00,24.4,69
New York City,2026-07-26T06:51:14.996654+00:00,2026-07-28T10:00,2026-07-28T14:00:00+00:00,25.8,69
New York City,2026-07-26T06:51:14.996654+00:00,2026-07-28T11:00,2026-07-28T15:00:00+00:00,25.3,69
New York City,2026-07-26T06:51:14.996654+00:00,2026-07-28T12:00,2026-07-28T16:00:00+00:00,23.5,69
New York City,2026-07-26T06:51:14.996654+00:00,2026-07-28T13:00,2026-07-28T17:00:00+00:00,21.9,69
New York City,2026-07-26T06:51:14.996654+00:00,2026-07-28T14:00,2026-07-28T18:00:00+00:00,23.7,69
New York City,2026-07-26T06:51:14.996654+00:00,2026-07-28T15:00,2026-07-28T19:00:00+00:00,24.2,73
New York City,2026-07-26T06:51:14.996654+00:00,2026-07-28T16:00,2026-07-28T20:00:00+00:00,21.8,73
New York City,2026-07-26T06:51:14.996654+00:00,2026-07-28T17:00,2026-07-28T21:00:00+00:00,21.3,73
New York City,2026-07-26T06:51:14.996654+00:00,2026-07-28T18:00,2026-07-28T22:00:00+00:00,20.3,73
New York City,2026-07-26T06:51:14.996654+00:00,2026-07-28T19:00,2026-07-28T23:00:00+00:00,19.9,73
New York City,2026-07-26T06:51:14.996654+00:00,2026-07-28T20:00,2026-07-29T00:00:00+00:00,19.7,73
New York City,2026-07-26T06:51:14.996654+00:00,2026-07-28T21:00,2026-07-29T01:00:00+00:00,19.8,82
New York City,2026-07-26T06:51:14.996654+00:00,2026-07-28T22:00,2026-07-29T02:00:00+00:00,20.0,82
New York City,2026-07-26T06:51:14.996654+00:00,2026-07-28T23:00,2026-07-29T03:00:00+00:00,20.3,82
New York City,2026-07-26T06:51:14.996654+00:00,2026-07-29T00:00,2026-07-29T04:00:00+00:00,20.8,82
New York City,2026-07-26T06:51:14.996654+00:00,2026-07-29T01:00,2026-07-29T05:00:00+00:00,21.0,82
New York City,2026-07-26T06:51:14.996654+00:00,2026-07-29T02:00,2026-07-29T06:00:00+00:00,21.1,82
New York City,2026-07-26T06:51:14.996654+00:00,2026-07-29T03:00,2026-07-29T07:00:00+00:00,20.7,58
New York City,2026-07-26T06:51:14.996654+00:00,2026-07-29T04:00,2026-07-29T08:00:00+00:00,20.4,58
New York City,2026-07-26T06:51:14.996654+00:00,2026-07-29T05:00,2026-07-29T09:00:00+00:00,20.1,58
New York City,2026-07-26T06:51:14.996654+00:00,2026-07-29T06:00,2026-07-29T10:00:00+00:00,19.9,58
New York City,2026-07-26T06:51:14.996654+00:00,2026-07-29T07:00,2026-07-29T11:00:00+00:00,20.0,58
New York City,2026-07-26T06:51:14.996654+00:00,2026-07-29T08:00,2026-07-29T12:00:00+00:00,20.4,58
New York City,2026-07-26T06:51:14.996654+00:00,2026-07-29T09:00,2026-07-29T13:00:00+00:00,21.2,56
New York City,2026-07-26T06:51:14.996654+00:00,2026-07-29T10:00,2026-07-29T14:00:00+00:00,22.4,56
New York City,2026-07-26T06:51:14.996654+00:00,2026-07-29T11:00,2026-07-29T15:00:00+00:00,24.3,56
New York City,2026-07-26T06:51:14.996654+00:00,2026-07-29T12:00,2026-07-29T16:00:00+00:00,25.0,56
New York City,2026-07-26T06:51:14.996654+00:00,2026-07-29T13:00,2026-07-29T17:00:00+00:00,24.6,56
New York City,2026-07-26T06:51:14.996654+00:00,2026-07-29T14:00,2026-07-29T18:00:00+00:00,25.8,56
New York City,2026-07-26T06:51:14.996654+00:00,2026-07-29T15:00,2026-07-29T19:00:00+00:00,26.5,59
New York City,2026-07-26T06:51:14.996654+00:00,2026-07-29T16:00,2026-07-29T20:00:00+00:00,26.4,59
New York City,2026-07-26T06:51:14.996654+00:00,2026-07-29T17:00,2026-07-29T21:00:00+00:00,26.7,59
New York City,2026-07-26T06:51:14.996654+00:00,2026-07-29T18:00,2026-07-29T22:00:00+00:00,26.0,59
New York City,2026-07-26T06:51:14.996654+00:00,2026-07-29T19:00,2026-07-29T23:00:00+00:00,24.1,59
New York City,2026-07-26T06:51:14.996654+00:00,2026-07-29T20:00,2026-07-30T00:00:00+00:00,23.0,59
New York City,2026-07-26T06:51:14.996654+00:00,2026-07-29T21:00,2026-07-30T01:00:00+00:00,22.3,43
New York City,2026-07-26T06:51:14.996654+00:00,2026-07-29T22:00,2026-07-30T02:00:00+00:00,21.7,43
New York City,2026-07-26T06:51:14.996654+00:00,2026-07-29T23:00,2026-07-30T03:00:00+00:00,21.0,43
New York City,2026-07-26T06:51:14.996654+00:00,2026-07-30T00:00,2026-07-30T04:00:00+00:00,20.7,43
New York City,2026-07-26T06:51:14.996654+00:00,2026-07-30T01:00,2026-07-30T05:00:00+00:00,20.5,43
New York City,2026-07-26T06:51:14.996654+00:00,2026-07-30T02:00,2026-07-30T06:00:00+00:00,20.2,43
New York City,2026-07-26T06:51:14.996654+00:00,2026-07-30T03:00,2026-07-30T07:00:00+00:00,20.0,17
New York City,2026-07-26T06:51:14.996654+00:00,2026-07-30T04:00,2026-07-30T08:00:00+00:00,19.5,17
New York City,2026-07-26T06:51:14.996654+00:00,2026-07-30T05:00,2026-07-30T09:00:00+00:00,19.8,17
New York City,2026-07-26T06:51:14.996654+00:00,2026-07-30T06:00,2026-07-30T10:00:00+00:00,19.3,17
New York City,2026-07-26T06:51:14.996654+00:00,2026-07-30T07:00,2026-07-30T11:00:00+00:00,18.9,17
New York City,2026-07-26T06:51:14.996654+00:00,2026-07-30T08:00,2026-07-30T12:00:00+00:00,19.0,17
New York City,2026-07-26T06:51:14.996654+00:00,2026-07-30T09:00,2026-07-30T13:00:00+00:00,19.2,23
New York City,2026-07-26T06:51:14.996654+00:00,2026-07-30T10:00,2026-07-30T14:00:00+00:00,19.9,23
New York City,2026-07-26T06:51:14.996654+00:00,2026-07-30T11:00,2026-07-30T15:00:00+00:00,21.1,23
New York City,2026-07-26T06:51:14.996654+00:00,2026-07-30T12:00,2026-07-30T16:00:00+00:00,22.5,23
New York City,2026-07-26T06:51:14.996654+00:00,2026-07-30T13:00,2026-07-30T17:00:00+00:00,23.2,23
New York City,2026-07-26T06:51:14.996654+00:00,2026-07-30T14:00,2026-07-30T18:00:00+00:00,23.8,23
New York City,2026-07-26T06:51:14.996654+00:00,2026-07-30T15:00,2026-07-30T19:00:00+00:00,23.9,27
New York City,2026-07-26T06:51:14.996654+00:00,2026-07-30T16:00,2026-07-30T20:00:00+00:00,23.6,27
New York City,2026-07-26T06:51:14.996654+00:00,2026-07-30T17:00,2026-07-30T21:00:00+00:00,24.9,27
New York City,2026-07-26T06:51:14.996654+00:00,2026-07-30T18:00,2026-07-30T22:00:00+00:00,25.0,27
New York City,2026-07-26T06:51:14.996654+00:00,2026-07-30T19:00,2026-07-30T23:00:00+00:00,24.7,27
New York City,2026-07-26T06:51:14.996654+00:00,2026-07-30T20:00,2026-07-31T00:00:00+00:00,23.6,27
New York City,2026-07-26T06:51:14.996654+00:00,2026-07-30T21:00,2026-07-31T01:00:00+00:00,23.1,16
New York City,2026-07-26T06:51:14.996654+00:00,2026-07-30T22:00,2026-07-31T02:00:00+00:00,22.6,16
New York City,2026-07-26T06:51:14.996654+00:00,2026-07-30T23:00,2026-07-31T03:00:00+00:00,22.2,16
New York City,2026-07-26T06:51:14.996654+00:00,2026-07-31T00:00,2026-07-31T04:00:00+00:00,21.7,16
New York City,2026-07-26T06:51:14.996654+00:00,2026-07-31T01:00,2026-07-31T05:00:00+00:00,21.3,16
New York City,2026-07-26T06:51:14.996654+00:00,2026-07-31T02:00,2026-07-31T06:00:00+00:00,20.9,16
New York City,2026-07-26T06:51:14.996654+00:00,2026-07-31T03:00,2026-07-31T07:00:00+00:00,20.5,4
New York City,2026-07-26T06:51:14.996654+00:00,2026-07-31T04:00,2026-07-31T08:00:00+00:00,20.2,4
New York City,2026-07-26T06:51:14.996654+00:00,2026-07-31T05:00,2026-07-31T09:00:00+00:00,20.2,4
New York City,2026-07-26T06:51:14.996654+00:00,2026-07-31T06:00,2026-07-31T10:00:00+00:00,20.5,4
New York City,2026-07-26T06:51:14.996654+00:00,2026-07-31T07:00,2026-07-31T11:00:00+00:00,21.2,4
New York City,2026-07-26T06:51:14.996654+00:00,2026-07-31T08:00,2026-07-31T12:00:00+00:00,22.2,4
New York City,2026-07-26T06:51:14.996654+00:00,2026-07-31T09:00,2026-07-31T13:00:00+00:00,23.7,4
New York City,2026-07-26T06:51:14.996654+00:00,2026-07-31T10:00,2026-07-31T14:00:00+00:00,25.6,4
New York City,2026-07-26T06:51:14.996654+00:00,2026-07-31T11:00,2026-07-31T15:00:00+00:00,27.2,4
New York City,2026-07-26T06:51:14.996654+00:00,2026-07-31T12:00,2026-07-31T16:00:00+00:00,28.3,4
New York City,2026-07-26T06:51:14.996654+00:00,2026-07-31T13:00,2026-07-31T17:00:00+00:00,29.2,4
New York City,2026-07-26T06:51:14.996654+00:00,2026-07-31T14:00,2026-07-31T18:00:00+00:00,29.8,4
New York City,2026-07-26T06:51:14.996654+00:00,2026-07-31T15:00,2026-07-31T19:00:00+00:00,30.0,17
New York City,2026-07-26T06:51:14.996654+00:00,2026-07-31T16:00,2026-07-31T20:00:00+00:00,29.8,17
New York City,2026-07-26T06:51:14.996654+00:00,2026-07-31T17:00,2026-07-31T21:00:00+00:00,29.3,17
New York City,2026-07-26T06:51:14.996654+00:00,2026-07-31T18:00,2026-07-31T22:00:00+00:00,28.2,17
New York City,2026-07-26T06:51:14.996654+00:00,2026-07-31T19:00,2026-07-31T23:00:00+00:00,26.9,17
New York City,2026-07-26T06:51:14.996654+00:00,2026-07-31T20:00,2026-08-01T00:00:00+00:00,25.7,17
New York City,2026-07-26T06:51:14.996654+00:00,2026-07-31T21:00,2026-08-01T01:00:00+00:00,24.8,10
New York City,2026-07-26T06:51:14.996654+00:00,2026-07-31T22:00,2026-08-01T02:00:00+00:00,24.2,10
New York City,2026-07-26T06:51:14.996654+00:00,2026-07-31T23:00,2026-08-01T03:00:00+00:00,23.7,10
New York City,2026-07-26T06:51:14.996654+00:00,2026-08-01T00:00,2026-08-01T04:00:00+00:00,23.3,10
New York City,2026-07-26T06:51:14.996654+00:00,2026-08-01T01:00,2026-08-01T05:00:00+00:00,23.0,10
New York City,2026-07-26T06:51:14.996654+00:00,2026-08-01T02:00,2026-08-01T06:00:00+00:00,22.8,10
New York City,2026-07-26T06:51:14.996654+00:00,2026-08-01T03:00,2026-08-01T07:00:00+00:00,22.4,2
New York City,2026-07-26T06:51:14.996654+00:00,2026-08-01T04:00,2026-08-01T08:00:00+00:00,22.0,2
New York City,2026-07-26T06:51:14.996654+00:00,2026-08-01T05:00,2026-08-01T09:00:00+00:00,21.9,2
New York City,2026-07-26T06:51:14.996654+00:00,2026-08-01T06:00,2026-08-01T10:00:00+00:00,22.1,2
New York City,2026-07-26T06:51:14.996654+00:00,2026-08-01T07:00,2026-08-01T11:00:00+00:00,22.6,2
New York City,2026-07-26T06:51:14.996654+00:00,2026-08-01T08:00,2026-08-01T12:00:00+00:00,23.4,2
New York City,2026-07-26T06:51:14.996654+00:00,2026-08-01T09:00,2026-08-01T13:00:00+00:00,24.7,7
New York City,2026-07-26T06:51:14.996654+00:00,2026-08-01T10:00,2026-08-01T14:00:00+00:00,26.4,7
New York City,2026-07-26T06:51:14.996654+00:00,2026-08-01T11:00,2026-08-01T15:00:00+00:00,27.8,7
New York City,2026-07-26T06:51:14.996654+00:00,2026-08-01T12:00,2026-08-01T16:00:00+00:00,28.7,7
New York City,2026-07-26T06:51:14.996654+00:00,2026-08-01T13:00,2026-08-01T17:00:00+00:00,29.4,7
New York City,2026-07-26T06:51:14.996654+00:00,2026-08-01T14:00,2026-08-01T18:00:00+00:00,29.7,7
New York City,2026-07-26T06:51:14.996654+00:00,2026-08-01T15:00,2026-08-01T19:00:00+00:00,29.6,20
New York City,2026-07-26T06:51:14.996654+00:00,2026-08-01T16:00,2026-08-01T20:00:00+00:00,29.2,20
New York City,2026-07-26T06:51:14.996654+00:00,2026-08-01T17:00,2026-08-01T21:00:00+00:00,28.5,20
New York City,2026-07-26T06:51:14.996654+00:00,2026-08-01T18:00,2026-08-01T22:00:00+00:00,27.4,20
New York City,2026-07-26T06:51:14.996654+00:00,2026-08-01T19:00,2026-08-01T23:00:00+00:00,26.0,20
New York City,2026-07-26T06:51:14.996654+00:00,2026-08-01T20:00,2026-08-02T00:00:00+00:00,24.9,20
New York City,2026-07-26T06:51:14.996654+00:00,2026-08-01T21:00,2026-08-02T01:00:00+00:00,24.1,25
New York City,2026-07-26T06:51:14.996654+00:00,2026-08-01T22:00,2026-08-02T02:00:00+00:00,23.6,25
New York City,2026-07-26T06:51:14.996654+00:00,2026-08-01T23:00,2026-08-02T03:00:00+00:00,23.2,25
New York City,2026-07-26T06:51:14.996654+00:00,2026-08-02T00:00,2026-08-02T04:00:00+00:00,22.8,25
New York City,2026-07-26T06:51:14.996654+00:00,2026-08-02T01:00,2026-08-02T05:00:00+00:00,22.5,25
New York City,2026-07-26T06:51:14.996654+00:00,2026-08-02T02:00,2026-08-02T06:00:00+00:00,22.3,25
New York City,2026-07-26T06:51:14.996654+00:00,2026-08-02T03:00,2026-08-02T07:00:00+00:00,22.0,11
New York City,2026-07-26T06:51:14.996654+00:00,2026-08-02T04:00,2026-08-02T08:00:00+00:00,21.8,11
New York City,2026-07-26T06:51:14.996654+00:00,2026-08-02T05:00,2026-08-02T09:00:00+00:00,21.8,11
New York City,2026-07-26T06:51:14.996654+00:00,2026-08-02T06:00,2026-08-02T10:00:00+00:00,22.0,11
New York City,2026-07-26T06:51:14.996654+00:00,2026-08-02T07:00,2026-08-02T11:00:00+00:00,22.5,11
New York City,2026-07-26T06:51:14.996654+00:00,2026-08-02T08:00,2026-08-02T12:00:00+00:00,23.3,11
New York City,2026-07-26T06:51:14.996654+00:00,2026-08-02T09:00,2026-08-02T13:00:00+00:00,24.6,13
New York City,2026-07-26T06:51:14.996654+00:00,2026-08-02T10:00,2026-08-02T14:00:00+00:00,26.2,13
New York City,2026-07-26T06:51:14.996654+00:00,2026-08-02T11:00,2026-08-02T15:00:00+00:00,27.4,13
New York City,2026-07-26T06:51:14.996654+00:00,2026-08-02T12:00,2026-08-02T16:00:00+00:00,27.6,13
New York City,2026-07-26T06:51:14.996654+00:00,2026-08-02T13:00,2026-08-02T17:00:00+00:00,27.4,13
New York City,2026-07-26T06:51:14.996654+00:00,2026-08-02T14:00,2026-08-02T18:00:00+00:00,27.3,13
New York City,2026-07-26T06:51:14.996654+00:00,2026-08-02T15:00,2026-08-02T19:00:00+00:00,27.4,27
New York City,2026-07-26T06:51:14.996654+00:00,2026-08-02T16:00,2026-08-02T20:00:00+00:00,27.6,27
New York City,2026-07-26T06:51:14.996654+00:00,2026-08-02T17:00,2026-08-02T21:00:00+00:00,27.6,27
New York City,2026-07-26T06:51:14.996654+00:00,2026-08-02T18:00,2026-08-02T22:00:00+00:00,27.2,27
New York City,2026-07-26T06:51:14.996654+00:00,2026-08-02T19:00,2026-08-02T23:00:00+00:00,26.6,27
New York City,2026-07-26T06:51:14.996654+00:00,2026-08-02T20:00,2026-08-03T00:00:00+00:00,26.1,27
New York City,2026-07-26T06:51:14.996654+00:00,2026-08-02T21:00,2026-08-03T01:00:00+00:00,25.8,26
New York City,2026-07-26T06:51:14.996654+00:00,2026-08-02T22:00,2026-08-03T02:00:00+00:00,25.6,26
New York City,2026-07-26T06:51:14.996654+00:00,2026-08-02T23:00,2026-08-03T03:00:00+00:00,25.4,26
New York City,2026-07-26T06:51:14.996654+00:00,2026-08-03T00:00,2026-08-03T04:00:00+00:00,25.0,26
New York City,2026-07-26T06:51:14.996654+00:00,2026-08-03T01:00,2026-08-03T05:00:00+00:00,24.5,26
New York City,2026-07-26T06:51:14.996654+00:00,2026-08-03T02:00,2026-08-03T06:00:00+00:00,24.2,26
New York City,2026-07-26T06:51:14.996654+00:00,2026-08-03T03:00,2026-08-03T07:00:00+00:00,24.2,12
New York City,2026-07-26T06:51:14.996654+00:00,2026-08-03T04:00,2026-08-03T08:00:00+00:00,24.4,12
New York City,2026-07-26T06:51:14.996654+00:00,2026-08-03T05:00,2026-08-03T09:00:00+00:00,24.6,12
New York City,2026-07-26T06:51:14.996654+00:00,2026-08-03T06:00,2026-08-03T10:00:00+00:00,24.4,12
New York City,2026-07-26T06:51:14.996654+00:00,2026-08-03T07:00,2026-08-03T11:00:00+00:00,24.2,12
New York City,2026-07-26T06:51:14.996654+00:00,2026-08-03T08:00,2026-08-03T12:00:00+00:00,24.5,12
New York City,2026-07-26T06:51:14.996654+00:00,2026-08-03T09:00,2026-08-03T13:00:00+00:00,25.5,14
New York City,2026-07-26T06:51:14.996654+00:00,2026-08-03T10:00,2026-08-03T14:00:00+00:00,27.0,14
New York City,2026-07-26T06:51:14.996654+00:00,2026-08-03T11:00,2026-08-03T15:00:00+00:00,28.5,14
New York City,2026-07-26T06:51:14.996654+00:00,2026-08-03T12:00,2026-08-03T16:00:00+00:00,30.0,14
New York City,2026-07-26T06:51:14.996654+00:00,2026-08-03T13:00,2026-08-03T17:00:00+00:00,31.5,14
New York City,2026-07-26T06:51:14.996654+00:00,2026-08-03T14:00,2026-08-03T18:00:00+00:00,32.6,14
New York City,2026-07-26T06:51:14.996654+00:00,2026-08-03T15:00,2026-08-03T19:00:00+00:00,32.8,20
New York City,2026-07-26T06:51:14.996654+00:00,2026-08-03T16:00,2026-08-03T20:00:00+00:00,32.6,20
New York City,2026-07-26T06:51:14.996654+00:00,2026-08-03T17:00,2026-08-03T21:00:00+00:00,32.3,20
New York City,2026-07-26T06:51:14.996654+00:00,2026-08-03T18:00,2026-08-03T22:00:00+00:00,32.0,20
New York City,2026-07-26T06:51:14.996654+00:00,2026-08-03T19:00,2026-08-03T23:00:00+00:00,31.6,20
New York City,2026-07-26T06:51:14.996654+00:00,2026-08-03T20:00,2026-08-04T00:00:00+00:00,31.0,20
New York City,2026-07-26T06:51:14.996654+00:00,2026-08-03T21:00,2026-08-04T01:00:00+00:00,29.8,12
New York City,2026-07-26T06:51:14.996654+00:00,2026-08-03T22:00,2026-08-04T02:00:00+00:00,28.2,12
New York City,2026-07-26T06:51:14.996654+00:00,2026-08-03T23:00,2026-08-04T03:00:00+00:00,27.1,12
New York City,2026-07-26T06:51:14.996654+00:00,2026-08-04T00:00,2026-08-04T04:00:00+00:00,26.6,12
New York City,2026-07-26T06:51:14.996654+00:00,2026-08-04T01:00,2026-08-04T05:00:00+00:00,26.4,12
New York City,2026-07-26T06:51:14.996654+00:00,2026-08-04T02:00,2026-08-04T06:00:00+00:00,26.2,12
New York City,2026-07-26T06:51:14.996654+00:00,2026-08-04T03:00,2026-08-04T07:00:00+00:00,25.6,5
New York City,2026-07-26T06:51:14.996654+00:00,2026-08-04T04:00,2026-08-04T08:00:00+00:00,25.0,5
New York City,2026-07-26T06:51:14.996654+00:00,2026-08-04T05:00,2026-08-04T09:00:00+00:00,24.7,5
New York City,2026-07-26T06:51:14.996654+00:00,2026-08-04T06:00,2026-08-04T10:00:00+00:00,24.9,5
New York City,2026-07-26T06:51:14.996654+00:00,2026-08-04T07:00,2026-08-04T11:00:00+00:00,25.4,5
New York City,2026-07-26T06:51:14.996654+00:00,2026-08-04T08:00,2026-08-04T12:00:00+00:00,26.1,5
New York City,2026-07-26T06:51:14.996654+00:00,2026-08-04T09:00,2026-08-04T13:00:00+00:00,26.6,4
New York City,2026-07-26T06:51:14.996654+00:00,2026-08-04T10:00,2026-08-04T14:00:00+00:00,27.3,4
New York City,2026-07-26T06:51:14.996654+00:00,2026-08-04T11:00,2026-08-04T15:00:00+00:00,28.3,4
New York City,2026-07-26T06:51:14.996654+00:00,2026-08-04T12:00,2026-08-04T16:00:00+00:00,30.0,4
New York City,2026-07-26T06:51:14.996654+00:00,2026-08-04T13:00,2026-08-04T17:00:00+00:00,32.0,4
New York City,2026-07-26T06:51:14.996654+00:00,2026-08-04T14:00,2026-08-04T18:00:00+00:00,33.4,4
New York City,2026-07-26T06:51:14.996654+00:00,2026-08-04T15:00,2026-08-04T19:00:00+00:00,33.8,11
New York City,2026-07-26T06:51:14.996654+00:00,2026-08-04T16:00,2026-08-04T20:00:00+00:00,33.7,11
New York City,2026-07-26T06:51:14.996654+00:00,2026-08-04T17:00,2026-08-04T21:00:00+00:00,33.3,11
New York City,2026-07-26T06:51:14.996654+00:00,2026-08-04T18:00,2026-08-04T22:00:00+00:00,32.5,11
New York City,2026-07-26T06:51:14.996654+00:00,2026-08-04T19:00,2026-08-04T23:00:00+00:00,31.4,11
New York City,2026-07-26T06:51:14.996654+00:00,2026-08-04T20:00,2026-08-05T00:00:00+00:00,30.4,11
New York City,2026-07-26T06:51:14.996654+00:00,2026-08-04T21:00,2026-08-05T01:00:00+00:00,29.4,7
New York City,2026-07-26T06:51:14.996654+00:00,2026-08-04T22:00,2026-08-05T02:00:00+00:00,28.4,7
New York City,2026-07-26T06:51:14.996654+00:00,2026-08-04T23:00,2026-08-05T03:00:00+00:00,27.5,7
New York City,2026-07-26T06:51:14.996654+00:00,2026-08-05T00:00,2026-08-05T04:00:00+00:00,26.8,7
New York City,2026-07-26T06:51:14.996654+00:00,2026-08-05T01:00,2026-08-05T05:00:00+00:00,26.2,7
New York City,2026-07-26T06:51:14.996654+00:00,2026-08-05T02:00,2026-08-05T06:00:00+00:00,25.7,7
New York City,2026-07-26T06:51:14.996654+00:00,2026-08-05T03:00,2026-08-05T07:00:00+00:00,25.1,5
New York City,2026-07-26T06:51:14.996654+00:00,2026-08-05T04:00,2026-08-05T08:00:00+00:00,24.5,5
New York City,2026-07-26T06:51:14.996654+00:00,2026-08-05T05:00,2026-08-05T09:00:00+00:00,24.2,5
New York City,2026-07-26T06:51:14.996654+00:00,2026-08-05T06:00,2026-08-05T10:00:00+00:00,24.2,5
New York City,2026-07-26T06:51:14.996654+00:00,2026-08-05T07:00,2026-08-05T11:00:00+00:00,24.6,5
New York City,2026-07-26T06:51:14.996654+00:00,2026-08-05T08:00,2026-08-05T12:00:00+00:00,25.4,5
New York City,2026-07-26T06:51:14.996654+00:00,2026-08-05T09:00,2026-08-05T13:00:00+00:00,27.0,7
New York City,2026-07-26T06:51:14.996654+00:00,2026-08-05T10:00,2026-08-05T14:00:00+00:00,29.0,7
New York City,2026-07-26T06:51:14.996654+00:00,2026-08-05T11:00,2026-08-05T15:00:00+00:00,30.9,7
New York City,2026-07-26T06:51:14.996654+00:00,2026-08-05T12:00,2026-08-05T16:00:00+00:00,32.3,7
New York City,2026-07-26T06:51:14.996654+00:00,2026-08-05T13:00,2026-08-05T17:00:00+00:00,33.4,7
New York City,2026-07-26T06:51:14.996654+00:00,2026-08-05T14:00,2026-08-05T18:00:00+00:00,34.3,7
New York City,2026-07-26T06:51:14.996654+00:00,2026-08-05T15:00,2026-08-05T19:00:00+00:00,34.8,14
New York City,2026-07-26T06:51:14.996654+00:00,2026-08-05T16:00,2026-08-05T20:00:00+00:00,35.0,14
New York City,2026-07-26T06:51:14.996654+00:00,2026-08-05T17:00,2026-08-05T21:00:00+00:00,34.8,14
New York City,2026-07-26T06:51:14.996654+00:00,2026-08-05T18:00,2026-08-05T22:00:00+00:00,33.7,18
New York City,2026-07-26T06:51:14.996654+00:00,2026-08-05T19:00,2026-08-05T23:00:00+00:00,32.2,22
New York City,2026-07-26T06:51:14.996654+00:00,2026-08-05T20:00,2026-08-06T00:00:00+00:00,30.8,25
New York City,2026-07-26T06:51:14.996654+00:00,2026-08-05T21:00,2026-08-06T01:00:00+00:00,29.7,28
New York City,2026-07-26T06:51:14.996654+00:00,2026-08-05T22:00,2026-08-06T02:00:00+00:00,28.7,28
New York City,2026-07-26T06:51:14.996654+00:00,2026-08-05T23:00,2026-08-06T03:00:00+00:00,27.9,27
New York City,2026-07-26T06:51:14.996654+00:00,2026-08-06T00:00,2026-08-06T04:00:00+00:00,27.1,26
New York City,2026-07-26T06:51:14.996654+00:00,2026-08-06T01:00,2026-08-06T05:00:00+00:00,26.5,26
New York City,2026-07-26T06:51:14.996654+00:00,2026-08-06T02:00,2026-08-06T06:00:00+00:00,25.9,26
New York City,2026-07-26T06:51:14.996654+00:00,2026-08-06T03:00,2026-08-06T07:00:00+00:00,25.3,27
New York City,2026-07-26T06:51:14.996654+00:00,2026-08-06T04:00,2026-08-06T08:00:00+00:00,24.8,29
New York City,2026-07-26T06:51:14.996654+00:00,2026-08-06T05:00,2026-08-06T09:00:00+00:00,24.4,31
New York City,2026-07-26T06:51:14.996654+00:00,2026-08-06T06:00,2026-08-06T10:00:00+00:00,24.0,33
New York City,2026-07-26T06:51:14.996654+00:00,2026-08-06T07:00,2026-08-06T11:00:00+00:00,23.6,35
New York City,2026-07-26T06:51:14.996654+00:00,2026-08-06T08:00,2026-08-06T12:00:00+00:00,23.2,35
New York City,2026-07-26T06:51:14.996654+00:00,2026-08-06T09:00,2026-08-06T13:00:00+00:00,22.4,33
New York City,2026-07-26T06:51:14.996654+00:00,2026-08-06T10:00,2026-08-06T14:00:00+00:00,21.6,30
New York City,2026-07-26T06:51:14.996654+00:00,2026-08-06T11:00,2026-08-06T15:00:00+00:00,21.9,27
New York City,2026-07-26T06:51:14.996654+00:00,2026-08-06T12:00,2026-08-06T16:00:00+00:00,24.2,24
New York City,2026-07-26T06:51:14.996654+00:00,2026-08-06T13:00,2026-08-06T17:00:00+00:00,27.5,21
New York City,2026-07-26T06:51:14.996654+00:00,2026-08-06T14:00,2026-08-06T18:00:00+00:00,30.0,19
New York City,2026-07-26T06:51:14.996654+00:00,2026-08-06T15:00,2026-08-06T19:00:00+00:00,30.8,18
New York City,2026-07-26T06:51:14.996654+00:00,2026-08-06T16:00,2026-08-06T20:00:00+00:00,30.7,18
New York City,2026-07-26T06:51:14.996654+00:00,2026-08-06T17:00,2026-08-06T21:00:00+00:00,30.2,19
New York City,2026-07-26T06:51:14.996654+00:00,2026-08-06T18:00,2026-08-06T22:00:00+00:00,29.2,20
New York City,2026-07-26T06:51:14.996654+00:00,2026-08-06T19:00,2026-08-06T23:00:00+00:00,27.8,21
New York City,2026-07-26T06:51:14.996654+00:00,2026-08-06T20:00,2026-08-07T00:00:00+00:00,26.7,23
New York City,2026-07-26T06:51:14.996654+00:00,2026-08-06T21:00,2026-08-07T01:00:00+00:00,26.3,25
New York City,2026-07-26T06:51:14.996654+00:00,2026-08-06T22:00,2026-08-07T02:00:00+00:00,26.2,26
New York City,2026-07-26T06:51:14.996654+00:00,2026-08-06T23:00,2026-08-07T03:00:00+00:00,25.9,28
New York City,2026-07-26T06:51:14.996654+00:00,2026-08-07T00:00,2026-08-07T04:00:00+00:00,24.9,30
New York City,2026-07-26T06:51:14.996654+00:00,2026-08-07T01:00,2026-08-07T05:00:00+00:00,23.7,31
New York City,2026-07-26T06:51:14.996654+00:00,2026-08-07T02:00,2026-08-07T06:00:00+00:00,22.7,32
New York City,2026-07-26T06:51:14.996654+00:00,2026-08-07T03:00,2026-08-07T07:00:00+00:00,22.0,32
New York City,2026-07-26T06:51:14.996654+00:00,2026-08-07T04:00,2026-08-07T08:00:00+00:00,21.5,31
New York City,2026-07-26T06:51:14.996654+00:00,2026-08-07T05:00,2026-08-07T09:00:00+00:00,21.3,30
New York City,2026-07-26T06:51:14.996654+00:00,2026-08-07T06:00,2026-08-07T10:00:00+00:00,21.1,29
New York City,2026-07-26T06:51:14.996654+00:00,2026-08-07T07:00,2026-08-07T11:00:00+00:00,21.2,28
New York City,2026-07-26T06:51:14.996654+00:00,2026-08-07T08:00,2026-08-07T12:00:00+00:00,21.7,26
New York City,2026-07-26T06:51:14.996654+00:00,2026-08-07T09:00,2026-08-07T13:00:00+00:00,22.8,24
New York City,2026-07-26T06:51:14.996654+00:00,2026-08-07T10:00,2026-08-07T14:00:00+00:00,24.5,21
New York City,2026-07-26T06:51:14.996654+00:00,2026-08-07T11:00,2026-08-07T15:00:00+00:00,26.0,18
New York City,2026-07-26T06:51:14.996654+00:00,2026-08-07T12:00,2026-08-07T16:00:00+00:00,27.3,16
New York City,2026-07-26T06:51:14.996654+00:00,2026-08-07T13:00,2026-08-07T17:00:00+00:00,28.5,13
New York City,2026-07-26T06:51:14.996654+00:00,2026-08-07T14:00,2026-08-07T18:00:00+00:00,29.5,13
New York City,2026-07-26T06:51:14.996654+00:00,2026-08-07T15:00,2026-08-07T19:00:00+00:00,30.2,15
New York City,2026-07-26T06:51:14.996654+00:00,2026-08-07T16:00,2026-08-07T20:00:00+00:00,30.6,19
New York City,2026-07-26T06:51:14.996654+00:00,2026-08-07T17:00,2026-08-07T21:00:00+00:00,30.6,23
New York City,2026-07-26T06:51:14.996654+00:00,2026-08-07T18:00,2026-08-07T22:00:00+00:00,29.9,27
New York City,2026-07-26T06:51:14.996654+00:00,2026-08-07T19:00,2026-08-07T23:00:00+00:00,28.8,30
New York City,2026-07-26T06:51:14.996654+00:00,2026-08-07T20:00,2026-08-08T00:00:00+00:00,27.7,32
New York City,2026-07-26T06:51:14.996654+00:00,2026-08-07T21:00,2026-08-08T01:00:00+00:00,26.8,32
New York City,2026-07-26T06:51:14.996654+00:00,2026-08-07T22:00,2026-08-08T02:00:00+00:00,26.1,30
New York City,2026-07-26T06:51:14.996654+00:00,2026-08-07T23:00,2026-08-08T03:00:00+00:00,25.3,28
New York City,2026-07-26T06:51:14.996654+00:00,2026-08-08T00:00,2026-08-08T04:00:00+00:00,24.4,25
New York City,2026-07-26T06:51:14.996654+00:00,2026-08-08T01:00,2026-08-08T05:00:00+00:00,23.4,22
New York City,2026-07-26T06:51:14.996654+00:00,2026-08-08T02:00,2026-08-08T06:00:00+00:00,22.6,19
New York City,2026-07-26T06:51:14.996654+00:00,2026-08-08T03:00,2026-08-08T07:00:00+00:00,21.8,16
New York City,2026-07-26T06:51:14.996654+00:00,2026-08-08T04:00,2026-08-08T08:00:00+00:00,21.2,13
New York City,2026-07-26T06:51:14.996654+00:00,2026-08-08T05:00,2026-08-08T09:00:00+00:00,20.8,11
New York City,2026-07-26T06:51:14.996654+00:00,2026-08-08T06:00,2026-08-08T10:00:00+00:00,20.6,9
New York City,2026-07-26T06:51:14.996654+00:00,2026-08-08T07:00,2026-08-08T11:00:00+00:00,20.7,7
New York City,2026-07-26T06:51:14.996654+00:00,2026-08-08T08:00,2026-08-08T12:00:00+00:00,21.2,6
New York City,2026-07-26T06:51:14.996654+00:00,2026-08-08T09:00,2026-08-08T13:00:00+00:00,22.3,6
New York City,2026-07-26T06:51:14.996654+00:00,2026-08-08T10:00,2026-08-08T14:00:00+00:00,23.9,8
New York City,2026-07-26T06:51:14.996654+00:00,2026-08-08T11:00,2026-08-08T15:00:00+00:00,25.5,9
New York City,2026-07-26T06:51:14.996654+00:00,2026-08-08T12:00,2026-08-08T16:00:00+00:00,27.0,10
New York City,2026-07-26T06:51:14.996654+00:00,2026-08-08T13:00,2026-08-08T17:00:00+00:00,28.4,12
New York City,2026-07-26T06:51:14.996654+00:00,2026-08-08T14:00,2026-08-08T18:00:00+00:00,29.5,13
New York City,2026-07-26T06:51:14.996654+00:00,2026-08-08T15:00,2026-08-08T19:00:00+00:00,30.0,13
New York City,2026-07-26T06:51:14.996654+00:00,2026-08-08T16:00,2026-08-08T20:00:00+00:00,30.1,12
New York City,2026-07-26T06:51:14.996654+00:00,2026-08-08T17:00,2026-08-08T21:00:00+00:00,29.8,11
New York City,2026-07-26T06:51:14.996654+00:00,2026-08-08T18:00,2026-08-08T22:00:00+00:00,28.6,10
New York City,2026-07-26T06:51:14.996654+00:00,2026-08-08T19:00,2026-08-08T23:00:00+00:00,27.0,10
New York City,2026-07-26T06:51:14.996654+00:00,2026-08-08T20:00,2026-08-09T00:00:00+00:00,25.6,10
New York City,2026-07-26T06:51:14.996654+00:00,2026-08-08T21:00,2026-08-09T01:00:00+00:00,24.8,11
New York City,2026-07-26T06:51:14.996654+00:00,2026-08-08T22:00,2026-08-09T02:00:00+00:00,24.3,12
New York City,2026-07-26T06:51:14.996654+00:00,2026-08-08T23:00,2026-08-09T03:00:00+00:00,23.9,14
New York City,2026-07-26T06:51:14.996654+00:00,2026-08-09T00:00,2026-08-09T04:00:00+00:00,23.6,16
New York City,2026-07-26T06:51:14.996654+00:00,2026-08-09T01:00,2026-08-09T05:00:00+00:00,23.5,17
New York City,2026-07-26T06:51:14.996654+00:00,2026-08-09T02:00,2026-08-09T06:00:00+00:00,23.4,19
New York City,2026-07-26T06:51:14.996654+00:00,2026-08-09T03:00,2026-08-09T07:00:00+00:00,23.1,21
New York City,2026-07-26T06:51:14.996654+00:00,2026-08-09T04:00,2026-08-09T08:00:00+00:00,22.8,23
New York City,2026-07-26T06:51:14.996654+00:00,2026-08-09T05:00,2026-08-09T09:00:00+00:00,22.8,24
New York City,2026-07-26T06:51:14.996654+00:00,2026-08-09T06:00,2026-08-09T10:00:00+00:00,23.0,25
New York City,2026-07-26T06:51:14.996654+00:00,2026-08-09T07:00,2026-08-09T11:00:00+00:00,23.5,26
New York City,2026-07-26T06:51:14.996654+00:00,2026-08-09T08:00,2026-08-09T12:00:00+00:00,24.2,26
New York City,2026-07-26T06:51:14.996654+00:00,2026-08-09T09:00,2026-08-09T13:00:00+00:00,25.3,24
New York City,2026-07-26T06:51:14.996654+00:00,2026-08-09T10:00,2026-08-09T14:00:00+00:00,26.7,21
New York City,2026-07-26T06:51:14.996654+00:00,2026-08-09T11:00,2026-08-09T15:00:00+00:00,27.9,18
New York City,2026-07-26T06:51:14.996654+00:00,2026-08-09T12:00,2026-08-09T16:00:00+00:00,28.6,15
New York City,2026-07-26T06:51:14.996654+00:00,2026-08-09T13:00,2026-08-09T17:00:00+00:00,29.0,12
New York City,2026-07-26T06:51:14.996654+00:00,2026-08-09T14:00,2026-08-09T18:00:00+00:00,29.2,10
New York City,2026-07-26T06:51:14.996654+00:00,2026-08-09T15:00,2026-08-09T19:00:00+00:00,29.0,9
New York City,2026-07-26T06:51:14.996654+00:00,2026-08-09T16:00,2026-08-09T20:00:00+00:00,28.4,9
New York City,2026-07-26T06:51:14.996654+00:00,2026-08-09T17:00,2026-08-09T21:00:00+00:00,27.8,10
New York City,2026-07-26T06:51:14.996654+00:00,2026-08-09T18:00,2026-08-09T22:00:00+00:00,26.9,11
New York City,2026-07-26T06:51:14.996654+00:00,2026-08-09T19:00,2026-08-09T23:00:00+00:00,25.9,12
New York City,2026-07-26T06:51:14.996654+00:00,2026-08-09T20:00,2026-08-10T00:00:00+00:00,25.1,13
New York City,2026-07-26T06:51:14.996654+00:00,2026-08-09T21:00,2026-08-10T01:00:00+00:00,24.7,15
New York City,2026-07-26T06:51:14.996654+00:00,2026-08-09T22:00,2026-08-10T02:00:00+00:00,24.4,16
New York City,2026-07-26T06:51:14.996654+00:00,2026-08-09T23:00,2026-08-10T03:00:00+00:00,24.3,18
New York City,2026-07-26T06:51:14.996654+00:00,2026-08-10T00:00,2026-08-10T04:00:00+00:00,24.1,20
New York City,2026-07-26T06:51:14.996654+00:00,2026-08-10T01:00,2026-08-10T05:00:00+00:00,23.9,22
New York City,2026-07-26T06:51:14.996654+00:00,2026-08-10T02:00,2026-08-10T06:00:00+00:00,23.9,23
New York City,2026-07-26T06:51:14.996654+00:00,2026-08-10T03:00,2026-08-10T07:00:00+00:00,24.0,24
New York City,2026-07-26T06:51:14.996654+00:00,2026-08-10T04:00,2026-08-10T08:00:00+00:00,24.3,24
New York City,2026-07-26T06:51:14.996654+00:00,2026-08-10T05:00,2026-08-10T09:00:00+00:00,24.6,24
New York City,2026-07-26T06:51:14.996654+00:00,2026-08-10T06:00,2026-08-10T10:00:00+00:00,24.8,24
New York City,2026-07-26T06:51:14.996654+00:00,2026-08-10T07:00,2026-08-10T11:00:00+00:00,25.0,24
New York City,2026-07-26T06:51:14.996654+00:00,2026-08-10T08:00,2026-08-10T12:00:00+00:00,25.6,23
New York City,2026-07-26T06:51:14.996654+00:00,2026-08-10T09:00,2026-08-10T13:00:00+00:00,26.8,22
New York City,2026-07-26T06:51:14.996654+00:00,2026-08-10T10:00,2026-08-10T14:00:00+00:00,28.5,20
New York City,2026-07-26T06:51:14.996654+00:00,2026-08-10T11:00,2026-08-10T15:00:00+00:00,30.1,19
New York City,2026-07-26T06:51:14.996654+00:00,2026-08-10T12:00,2026-08-10T16:00:00+00:00,31.7,18
New York City,2026-07-26T06:51:14.996654+00:00,2026-08-10T13:00,2026-08-10T17:00:00+00:00,33.3,16
New York City,2026-07-26T06:51:14.996654+00:00,2026-08-10T14:00,2026-08-10T18:00:00+00:00,34.2,16
New York City,2026-07-26T06:51:14.996654+00:00,2026-08-10T15:00,2026-08-10T19:00:00+00:00,34.1,17
New York City,2026-07-26T06:51:14.996654+00:00,2026-08-10T16:00,2026-08-10T20:00:00+00:00,33.4,19
New York City,2026-07-26T06:51:14.996654+00:00,2026-08-10T17:00,2026-08-10T21:00:00+00:00,32.5,21
New York City,2026-07-26T06:51:14.996654+00:00,2026-08-10T18:00,2026-08-10T22:00:00+00:00,31.4,22
New York City,2026-07-26T06:51:14.996654+00:00,2026-08-10T19:00,2026-08-10T23:00:00+00:00,30.1,23
New York City,2026-07-26T06:51:14.996654+00:00,2026-08-10T20:00,2026-08-11T00:00:00+00:00,29.2,26
New York City,2026-07-26T06:51:14.996654+00:00,2026-08-10T21:00,2026-08-11T01:00:00+00:00,,32
New York City,2026-07-26T06:51:14.996654+00:00,2026-08-10T22:00,2026-08-11T02:00:00+00:00,,41
New York City,2026-07-26T06:51:14.996654+00:00,2026-08-10T23:00,2026-08-11T03:00:00+00:00,,48
New York City,2026-07-26T10:14:50.478115+00:00,2026-07-26T00:00,2026-07-26T04:00:00+00:00,18.4,0
New York City,2026-07-26T10:14:50.478115+00:00,2026-07-26T01:00,2026-07-26T05:00:00+00:00,17.8,0
New York City,2026-07-26T10:14:50.478115+00:00,2026-07-26T02:00,2026-07-26T06:00:00+00:00,18.6,0
New York City,2026-07-26T10:14:50.478115+00:00,2026-07-26T03:00,2026-07-26T07:00:00+00:00,17.5,0
New York City,2026-07-26T10:14:50.478115+00:00,2026-07-26T04:00,2026-07-26T08:00:00+00:00,16.9,0
New York City,2026-07-26T10:14:50.478115+00:00,2026-07-26T05:00,2026-07-26T09:00:00+00:00,15.8,0
New York City,2026-07-26T10:14:50.478115+00:00,2026-07-26T06:00,2026-07-26T10:00:00+00:00,15.5,0
New York City,2026-07-26T10:14:50.478115+00:00,2026-07-26T07:00,2026-07-26T11:00:00+00:00,17.4,0
New York City,2026-07-26T10:14:50.478115+00:00,2026-07-26T08:00,2026-07-26T12:00:00+00:00,20.4,0
New York City,2026-07-26T10:14:50.478115+00:00,2026-07-26T09:00,2026-07-26T13:00:00+00:00,22.4,0
New York City,2026-07-26T10:14:50.478115+00:00,2026-07-26T10:00,2026-07-26T14:00:00+00:00,24.2,0
New York City,2026-07-26T10:14:50.478115+00:00,2026-07-26T11:00,2026-07-26T15:00:00+00:00,25.8,0
New York City,2026-07-26T10:14:50.478115+00:00,2026-07-26T12:00,2026-07-26T16:00:00+00:00,27.2,0
New York City,2026-07-26T10:14:50.478115+00:00,2026-07-26T13:00,2026-07-26T17:00:00+00:00,28.2,0
New York City,2026-07-26T10:14:50.478115+00:00,2026-07-26T14:00,2026-07-26T18:00:00+00:00,29.0,0
New York City,2026-07-26T10:14:50.478115+00:00,2026-07-26T15:00,2026-07-26T19:00:00+00:00,29.5,0
New York City,2026-07-26T10:14:50.478115+00:00,2026-07-26T16:00,2026-07-26T20:00:00+00:00,29.7,0
New York City,2026-07-26T10:14:50.478115+00:00,2026-07-26T17:00,2026-07-26T21:00:00+00:00,29.1,0
New York City,2026-07-26T10:14:50.478115+00:00,2026-07-26T18:00,2026-07-26T22:00:00+00:00,27.9,0
New York City,2026-07-26T10:14:50.478115+00:00,2026-07-26T19:00,2026-07-26T23:00:00+00:00,26.5,1
New York City,2026-07-26T10:14:50.478115+00:00,2026-07-26T20:00,2026-07-27T00:00:00+00:00,24.1,2
New York City,2026-07-26T10:14:50.478115+00:00,2026-07-26T21:00,2026-07-27T01:00:00+00:00,22.8,2
New York City,2026-07-26T10:14:50.478115+00:00,2026-07-26T22:00,2026-07-27T02:00:00+00:00,22.3,2
New York City,2026-07-26T10:14:50.478115+00:00,2026-07-26T23:00,2026-07-27T03:00:00+00:00,21.2,2
New York City,2026-07-26T10:14:50.478115+00:00,2026-07-27T00:00,2026-07-27T04:00:00+00:00,20.6,2
New York City,2026-07-26T10:14:50.478115+00:00,2026-07-27T01:00,2026-07-27T05:00:00+00:00,20.3,2
New York City,2026-07-26T10:14:50.478115+00:00,2026-07-27T02:00,2026-07-27T06:00:00+00:00,19.9,2
New York City,2026-07-26T10:14:50.478115+00:00,2026-07-27T03:00,2026-07-27T07:00:00+00:00,19.3,2
New York City,2026-07-26T10:14:50.478115+00:00,2026-07-27T04:00,2026-07-27T08:00:00+00:00,18.9,2
New York City,2026-07-26T10:14:50.478115+00:00,2026-07-27T05:00,2026-07-27T09:00:00+00:00,18.6,4
New York City,2026-07-26T10:14:50.478115+00:00,2026-07-27T06:00,2026-07-27T10:00:00+00:00,18.2,3
New York City,2026-07-26T10:14:50.478115+00:00,2026-07-27T07:00,2026-07-27T11:00:00+00:00,19.9,2
New York City,2026-07-26T10:14:50.478115+00:00,2026-07-27T08:00,2026-07-27T12:00:00+00:00,22.4,3
New York City,2026-07-26T10:14:50.478115+00:00,2026-07-27T09:00,2026-07-27T13:00:00+00:00,24.5,2
New York City,2026-07-26T10:14:50.478115+00:00,2026-07-27T10:00,2026-07-27T14:00:00+00:00,26.5,2
New York City,2026-07-26T10:14:50.478115+00:00,2026-07-27T11:00,2026-07-27T15:00:00+00:00,28.2,3
New York City,2026-07-26T10:14:50.478115+00:00,2026-07-27T12:00,2026-07-27T16:00:00+00:00,29.8,9
New York City,2026-07-26T10:14:50.478115+00:00,2026-07-27T13:00,2026-07-27T17:00:00+00:00,30.5,12
New York City,2026-07-26T10:14:50.478115+00:00,2026-07-27T14:00,2026-07-27T18:00:00+00:00,29.8,14
New York City,2026-07-26T10:14:50.478115+00:00,2026-07-27T15:00,2026-07-27T19:00:00+00:00,29.6,15
New York City,2026-07-26T10:14:50.478115+00:00,2026-07-27T16:00,2026-07-27T20:00:00+00:00,29.0,16
New York City,2026-07-26T10:14:50.478115+00:00,2026-07-27T17:00,2026-07-27T21:00:00+00:00,28.6,17
New York City,2026-07-26T10:14:50.478115+00:00,2026-07-27T18:00,2026-07-27T22:00:00+00:00,28.0,39
New York City,2026-07-26T10:14:50.478115+00:00,2026-07-27T19:00,2026-07-27T23:00:00+00:00,28.1,39
New York City,2026-07-26T10:14:50.478115+00:00,2026-07-27T20:00,2026-07-28T00:00:00+00:00,22.1,39
New York City,2026-07-26T10:14:50.478115+00:00,2026-07-27T21:00,2026-07-28T01:00:00+00:00,21.8,20
New York City,2026-07-26T10:14:50.478115+00:00,2026-07-27T22:00,2026-07-28T02:00:00+00:00,22.4,20
New York City,2026-07-26T10:14:50.478115+00:00,2026-07-27T23:00,2026-07-28T03:00:00+00:00,22.4,20
New York City,2026-07-26T10:14:50.478115+00:00,2026-07-28T00:00,2026-07-28T04:00:00+00:00,22.4,20
New York City,2026-07-26T10:14:50.478115+00:00,2026-07-28T01:00,2026-07-28T05:00:00+00:00,22.0,20
New York City,2026-07-26T10:14:50.478115+00:00,2026-07-28T02:00,2026-07-28T06:00:00+00:00,21.7,20
New York City,2026-07-26T10:14:50.478115+00:00,2026-07-28T03:00,2026-07-28T07:00:00+00:00,21.7,22
New York City,2026-07-26T10:14:50.478115+00:00,2026-07-28T04:00,2026-07-28T08:00:00+00:00,21.5,22
New York City,2026-07-26T10:14:50.478115+00:00,2026-07-28T05:00,2026-07-28T09:00:00+00:00,21.3,22
New York City,2026-07-26T10:14:50.478115+00:00,2026-07-28T06:00,2026-07-28T10:00:00+00:00,21.1,22
New York City,2026-07-26T10:14:50.478115+00:00,2026-07-28T07:00,2026-07-28T11:00:00+00:00,21.8,22
New York City,2026-07-26T10:14:50.478115+00:00,2026-07-28T08:00,2026-07-28T12:00:00+00:00,22.9,22
New York City,2026-07-26T10:14:50.478115+00:00,2026-07-28T09:00,2026-07-28T13:00:00+00:00,24.4,62
New York City,2026-07-26T10:14:50.478115+00:00,2026-07-28T10:00,2026-07-28T14:00:00+00:00,25.8,62
New York City,2026-07-26T10:14:50.478115+00:00,2026-07-28T11:00,2026-07-28T15:00:00+00:00,25.3,62
New York City,2026-07-26T10:14:50.478115+00:00,2026-07-28T12:00,2026-07-28T16:00:00+00:00,23.5,62
New York City,2026-07-26T10:14:50.478115+00:00,2026-07-28T13:00,2026-07-28T17:00:00+00:00,21.9,62
New York City,2026-07-26T10:14:50.478115+00:00,2026-07-28T14:00,2026-07-28T18:00:00+00:00,23.7,62
New York City,2026-07-26T10:14:50.478115+00:00,2026-07-28T15:00,2026-07-28T19:00:00+00:00,24.2,77
New York City,2026-07-26T10:14:50.478115+00:00,2026-07-28T16:00,2026-07-28T20:00:00+00:00,21.8,77
New York City,2026-07-26T10:14:50.478115+00:00,2026-07-28T17:00,2026-07-28T21:00:00+00:00,21.3,77
New York City,2026-07-26T10:14:50.478115+00:00,2026-07-28T18:00,2026-07-28T22:00:00+00:00,20.3,77
New York City,2026-07-26T10:14:50.478115+00:00,2026-07-28T19:00,2026-07-28T23:00:00+00:00,19.9,77
New York City,2026-07-26T10:14:50.478115+00:00,2026-07-28T20:00,2026-07-29T00:00:00+00:00,19.7,77
New York City,2026-07-26T10:14:50.478115+00:00,2026-07-28T21:00,2026-07-29T01:00:00+00:00,19.8,76
New York City,2026-07-26T10:14:50.478115+00:00,2026-07-28T22:00,2026-07-29T02:00:00+00:00,20.0,76
New York City,2026-07-26T10:14:50.478115+00:00,2026-07-28T23:00,2026-07-29T03:00:00+00:00,20.3,76
New York City,2026-07-26T10:14:50.478115+00:00,2026-07-29T00:00,2026-07-29T04:00:00+00:00,20.8,76
New York City,2026-07-26T10:14:50.478115+00:00,2026-07-29T01:00,2026-07-29T05:00:00+00:00,21.0,76
New York City,2026-07-26T10:14:50.478115+00:00,2026-07-29T02:00,2026-07-29T06:00:00+00:00,21.1,76
New York City,2026-07-26T10:14:50.478115+00:00,2026-07-29T03:00,2026-07-29T07:00:00+00:00,20.7,60
New York City,2026-07-26T10:14:50.478115+00:00,2026-07-29T04:00,2026-07-29T08:00:00+00:00,20.4,60
New York City,2026-07-26T10:14:50.478115+00:00,2026-07-29T05:00,2026-07-29T09:00:00+00:00,20.1,60
New York City,2026-07-26T10:14:50.478115+00:00,2026-07-29T06:00,2026-07-29T10:00:00+00:00,19.9,60
New York City,2026-07-26T10:14:50.478115+00:00,2026-07-29T07:00,2026-07-29T11:00:00+00:00,20.0,60
New York City,2026-07-26T10:14:50.478115+00:00,2026-07-29T08:00,2026-07-29T12:00:00+00:00,20.4,60
New York City,2026-07-26T10:14:50.478115+00:00,2026-07-29T09:00,2026-07-29T13:00:00+00:00,21.2,54
New York City,2026-07-26T10:14:50.478115+00:00,2026-07-29T10:00,2026-07-29T14:00:00+00:00,22.4,54
New York City,2026-07-26T10:14:50.478115+00:00,2026-07-29T11:00,2026-07-29T15:00:00+00:00,24.3,54
New York City,2026-07-26T10:14:50.478115+00:00,2026-07-29T12:00,2026-07-29T16:00:00+00:00,25.0,54
New York City,2026-07-26T10:14:50.478115+00:00,2026-07-29T13:00,2026-07-29T17:00:00+00:00,24.6,54
New York City,2026-07-26T10:14:50.478115+00:00,2026-07-29T14:00,2026-07-29T18:00:00+00:00,25.8,54
New York City,2026-07-26T10:14:50.478115+00:00,2026-07-29T15:00,2026-07-29T19:00:00+00:00,26.5,65
New York City,2026-07-26T10:14:50.478115+00:00,2026-07-29T16:00,2026-07-29T20:00:00+00:00,26.4,65
New York City,2026-07-26T10:14:50.478115+00:00,2026-07-29T17:00,2026-07-29T21:00:00+00:00,26.7,65
New York City,2026-07-26T10:14:50.478115+00:00,2026-07-29T18:00,2026-07-29T22:00:00+00:00,26.0,65
New York City,2026-07-26T10:14:50.478115+00:00,2026-07-29T19:00,2026-07-29T23:00:00+00:00,24.1,65
New York City,2026-07-26T10:14:50.478115+00:00,2026-07-29T20:00,2026-07-30T00:00:00+00:00,23.0,65
New York City,2026-07-26T10:14:50.478115+00:00,2026-07-29T21:00,2026-07-30T01:00:00+00:00,22.3,49
New York City,2026-07-26T10:14:50.478115+00:00,2026-07-29T22:00,2026-07-30T02:00:00+00:00,21.7,49
New York City,2026-07-26T10:14:50.478115+00:00,2026-07-29T23:00,2026-07-30T03:00:00+00:00,21.0,49
New York City,2026-07-26T10:14:50.478115+00:00,2026-07-30T00:00,2026-07-30T04:00:00+00:00,20.7,49
New York City,2026-07-26T10:14:50.478115+00:00,2026-07-30T01:00,2026-07-30T05:00:00+00:00,20.5,49
New York City,2026-07-26T10:14:50.478115+00:00,2026-07-30T02:00,2026-07-30T06:00:00+00:00,20.2,49
New York City,2026-07-26T10:14:50.478115+00:00,2026-07-30T03:00,2026-07-30T07:00:00+00:00,20.0,28
New York City,2026-07-26T10:14:50.478115+00:00,2026-07-30T04:00,2026-07-30T08:00:00+00:00,19.5,28
New York City,2026-07-26T10:14:50.478115+00:00,2026-07-30T05:00,2026-07-30T09:00:00+00:00,19.8,28
New York City,2026-07-26T10:14:50.478115+00:00,2026-07-30T06:00,2026-07-30T10:00:00+00:00,19.3,28
New York City,2026-07-26T10:14:50.478115+00:00,2026-07-30T07:00,2026-07-30T11:00:00+00:00,18.9,28
New York City,2026-07-26T10:14:50.478115+00:00,2026-07-30T08:00,2026-07-30T12:00:00+00:00,19.0,28
New York City,2026-07-26T10:14:50.478115+00:00,2026-07-30T09:00,2026-07-30T13:00:00+00:00,19.2,15
New York City,2026-07-26T10:14:50.478115+00:00,2026-07-30T10:00,2026-07-30T14:00:00+00:00,19.9,15
New York City,2026-07-26T10:14:50.478115+00:00,2026-07-30T11:00,2026-07-30T15:00:00+00:00,21.1,15
New York City,2026-07-26T10:14:50.478115+00:00,2026-07-30T12:00,2026-07-30T16:00:00+00:00,22.5,15
New York City,2026-07-26T10:14:50.478115+00:00,2026-07-30T13:00,2026-07-30T17:00:00+00:00,23.2,15
New York City,2026-07-26T10:14:50.478115+00:00,2026-07-30T14:00,2026-07-30T18:00:00+00:00,23.8,15
New York City,2026-07-26T10:14:50.478115+00:00,2026-07-30T15:00,2026-07-30T19:00:00+00:00,23.9,31
New York City,2026-07-26T10:14:50.478115+00:00,2026-07-30T16:00,2026-07-30T20:00:00+00:00,23.6,31
New York City,2026-07-26T10:14:50.478115+00:00,2026-07-30T17:00,2026-07-30T21:00:00+00:00,24.9,31
New York City,2026-07-26T10:14:50.478115+00:00,2026-07-30T18:00,2026-07-30T22:00:00+00:00,25.0,31
New York City,2026-07-26T10:14:50.478115+00:00,2026-07-30T19:00,2026-07-30T23:00:00+00:00,24.7,31
New York City,2026-07-26T10:14:50.478115+00:00,2026-07-30T20:00,2026-07-31T00:00:00+00:00,23.6,31
New York City,2026-07-26T10:14:50.478115+00:00,2026-07-30T21:00,2026-07-31T01:00:00+00:00,23.1,16
New York City,2026-07-26T10:14:50.478115+00:00,2026-07-30T22:00,2026-07-31T02:00:00+00:00,22.6,16
New York City,2026-07-26T10:14:50.478115+00:00,2026-07-30T23:00,2026-07-31T03:00:00+00:00,22.2,16
New York City,2026-07-26T10:14:50.478115+00:00,2026-07-31T00:00,2026-07-31T04:00:00+00:00,21.7,16
New York City,2026-07-26T10:14:50.478115+00:00,2026-07-31T01:00,2026-07-31T05:00:00+00:00,21.3,16
New York City,2026-07-26T10:14:50.478115+00:00,2026-07-31T02:00,2026-07-31T06:00:00+00:00,20.9,16
New York City,2026-07-26T10:14:50.478115+00:00,2026-07-31T03:00,2026-07-31T07:00:00+00:00,20.5,3
New York City,2026-07-26T10:14:50.478115+00:00,2026-07-31T04:00,2026-07-31T08:00:00+00:00,20.2,3
New York City,2026-07-26T10:14:50.478115+00:00,2026-07-31T05:00,2026-07-31T09:00:00+00:00,20.2,3
New York City,2026-07-26T10:14:50.478115+00:00,2026-07-31T06:00,2026-07-31T10:00:00+00:00,20.5,3
New York City,2026-07-26T10:14:50.478115+00:00,2026-07-31T07:00,2026-07-31T11:00:00+00:00,21.2,3
New York City,2026-07-26T10:14:50.478115+00:00,2026-07-31T08:00,2026-07-31T12:00:00+00:00,22.2,3
New York City,2026-07-26T10:14:50.478115+00:00,2026-07-31T09:00,2026-07-31T13:00:00+00:00,23.7,4
New York City,2026-07-26T10:14:50.478115+00:00,2026-07-31T10:00,2026-07-31T14:00:00+00:00,25.6,4
New York City,2026-07-26T10:14:50.478115+00:00,2026-07-31T11:00,2026-07-31T15:00:00+00:00,27.2,4
New York City,2026-07-26T10:14:50.478115+00:00,2026-07-31T12:00,2026-07-31T16:00:00+00:00,28.3,4
New York City,2026-07-26T10:14:50.478115+00:00,2026-07-31T13:00,2026-07-31T17:00:00+00:00,29.2,4
New York City,2026-07-26T10:14:50.478115+00:00,2026-07-31T14:00,2026-07-31T18:00:00+00:00,29.8,4
New York City,2026-07-26T10:14:50.478115+00:00,2026-07-31T15:00,2026-07-31T19:00:00+00:00,30.0,12
New York City,2026-07-26T10:14:50.478115+00:00,2026-07-31T16:00,2026-07-31T20:00:00+00:00,29.8,12
New York City,2026-07-26T10:14:50.478115+00:00,2026-07-31T17:00,2026-07-31T21:00:00+00:00,29.3,12
New York City,2026-07-26T10:14:50.478115+00:00,2026-07-31T18:00,2026-07-31T22:00:00+00:00,28.2,12
New York City,2026-07-26T10:14:50.478115+00:00,2026-07-31T19:00,2026-07-31T23:00:00+00:00,26.9,12
New York City,2026-07-26T10:14:50.478115+00:00,2026-07-31T20:00,2026-08-01T00:00:00+00:00,25.7,12
New York City,2026-07-26T10:14:50.478115+00:00,2026-07-31T21:00,2026-08-01T01:00:00+00:00,24.8,7
New York City,2026-07-26T10:14:50.478115+00:00,2026-07-31T22:00,2026-08-01T02:00:00+00:00,24.2,7
New York City,2026-07-26T10:14:50.478115+00:00,2026-07-31T23:00,2026-08-01T03:00:00+00:00,23.7,7
New York City,2026-07-26T10:14:50.478115+00:00,2026-08-01T00:00,2026-08-01T04:00:00+00:00,23.3,7
New York City,2026-07-26T10:14:50.478115+00:00,2026-08-01T01:00,2026-08-01T05:00:00+00:00,23.0,7
New York City,2026-07-26T10:14:50.478115+00:00,2026-08-01T02:00,2026-08-01T06:00:00+00:00,22.8,7
New York City,2026-07-26T10:14:50.478115+00:00,2026-08-01T03:00,2026-08-01T07:00:00+00:00,22.4,2
New York City,2026-07-26T10:14:50.478115+00:00,2026-08-01T04:00,2026-08-01T08:00:00+00:00,22.0,2
New York City,2026-07-26T10:14:50.478115+00:00,2026-08-01T05:00,2026-08-01T09:00:00+00:00,21.9,2
New York City,2026-07-26T10:14:50.478115+00:00,2026-08-01T06:00,2026-08-01T10:00:00+00:00,22.1,2
New York City,2026-07-26T10:14:50.478115+00:00,2026-08-01T07:00,2026-08-01T11:00:00+00:00,22.6,2
New York City,2026-07-26T10:14:50.478115+00:00,2026-08-01T08:00,2026-08-01T12:00:00+00:00,23.4,2
New York City,2026-07-26T10:14:50.478115+00:00,2026-08-01T09:00,2026-08-01T13:00:00+00:00,24.7,7
New York City,2026-07-26T10:14:50.478115+00:00,2026-08-01T10:00,2026-08-01T14:00:00+00:00,26.4,7
New York City,2026-07-26T10:14:50.478115+00:00,2026-08-01T11:00,2026-08-01T15:00:00+00:00,27.8,7
New York City,2026-07-26T10:14:50.478115+00:00,2026-08-01T12:00,2026-08-01T16:00:00+00:00,28.7,7
New York City,2026-07-26T10:14:50.478115+00:00,2026-08-01T13:00,2026-08-01T17:00:00+00:00,29.4,7
New York City,2026-07-26T10:14:50.478115+00:00,2026-08-01T14:00,2026-08-01T18:00:00+00:00,29.7,7
New York City,2026-07-26T10:14:50.478115+00:00,2026-08-01T15:00,2026-08-01T19:00:00+00:00,29.6,11
New York City,2026-07-26T10:14:50.478115+00:00,2026-08-01T16:00,2026-08-01T20:00:00+00:00,29.2,11
New York City,2026-07-26T10:14:50.478115+00:00,2026-08-01T17:00,2026-08-01T21:00:00+00:00,28.5,11
New York City,2026-07-26T10:14:50.478115+00:00,2026-08-01T18:00,2026-08-01T22:00:00+00:00,27.4,11
New York City,2026-07-26T10:14:50.478115+00:00,2026-08-01T19:00,2026-08-01T23:00:00+00:00,26.0,11
New York City,2026-07-26T10:14:50.478115+00:00,2026-08-01T20:00,2026-08-02T00:00:00+00:00,24.9,11
New York City,2026-07-26T10:14:50.478115+00:00,2026-08-01T21:00,2026-08-02T01:00:00+00:00,24.1,15
New York City,2026-07-26T10:14:50.478115+00:00,2026-08-01T22:00,2026-08-02T02:00:00+00:00,23.6,15
New York City,2026-07-26T10:14:50.478115+00:00,2026-08-01T23:00,2026-08-02T03:00:00+00:00,23.2,15
New York City,2026-07-26T10:14:50.478115+00:00,2026-08-02T00:00,2026-08-02T04:00:00+00:00,22.8,15
New York City,2026-07-26T10:14:50.478115+00:00,2026-08-02T01:00,2026-08-02T05:00:00+00:00,22.5,15
New York City,2026-07-26T10:14:50.478115+00:00,2026-08-02T02:00,2026-08-02T06:00:00+00:00,22.3,15
New York City,2026-07-26T10:14:50.478115+00:00,2026-08-02T03:00,2026-08-02T07:00:00+00:00,22.0,8
New York City,2026-07-26T10:14:50.478115+00:00,2026-08-02T04:00,2026-08-02T08:00:00+00:00,21.8,8
New York City,2026-07-26T10:14:50.478115+00:00,2026-08-02T05:00,2026-08-02T09:00:00+00:00,21.8,8
New York City,2026-07-26T10:14:50.478115+00:00,2026-08-02T06:00,2026-08-02T10:00:00+00:00,22.0,8
New York City,2026-07-26T10:14:50.478115+00:00,2026-08-02T07:00,2026-08-02T11:00:00+00:00,22.5,8
New York City,2026-07-26T10:14:50.478115+00:00,2026-08-02T08:00,2026-08-02T12:00:00+00:00,23.3,8
New York City,2026-07-26T10:14:50.478115+00:00,2026-08-02T09:00,2026-08-02T13:00:00+00:00,24.6,17
New York City,2026-07-26T10:14:50.478115+00:00,2026-08-02T10:00,2026-08-02T14:00:00+00:00,26.2,17
New York City,2026-07-26T10:14:50.478115+00:00,2026-08-02T11:00,2026-08-02T15:00:00+00:00,27.4,17
New York City,2026-07-26T10:14:50.478115+00:00,2026-08-02T12:00,2026-08-02T16:00:00+00:00,27.6,17
New York City,2026-07-26T10:14:50.478115+00:00,2026-08-02T13:00,2026-08-02T17:00:00+00:00,27.4,17
New York City,2026-07-26T10:14:50.478115+00:00,2026-08-02T14:00,2026-08-02T18:00:00+00:00,27.3,17
New York City,2026-07-26T10:14:50.478115+00:00,2026-08-02T15:00,2026-08-02T19:00:00+00:00,27.4,32
New York City,2026-07-26T10:14:50.478115+00:00,2026-08-02T16:00,2026-08-02T20:00:00+00:00,27.6,32
New York City,2026-07-26T10:14:50.478115+00:00,2026-08-02T17:00,2026-08-02T21:00:00+00:00,27.6,32
New York City,2026-07-26T10:14:50.478115+00:00,2026-08-02T18:00,2026-08-02T22:00:00+00:00,27.2,32
New York City,2026-07-26T10:14:50.478115+00:00,2026-08-02T19:00,2026-08-02T23:00:00+00:00,26.6,32
New York City,2026-07-26T10:14:50.478115+00:00,2026-08-02T20:00,2026-08-03T00:00:00+00:00,26.1,32
New York City,2026-07-26T10:14:50.478115+00:00,2026-08-02T21:00,2026-08-03T01:00:00+00:00,25.8,24
New York City,2026-07-26T10:14:50.478115+00:00,2026-08-02T22:00,2026-08-03T02:00:00+00:00,25.6,24
New York City,2026-07-26T10:14:50.478115+00:00,2026-08-02T23:00,2026-08-03T03:00:00+00:00,25.4,24
New York City,2026-07-26T10:14:50.478115+00:00,2026-08-03T00:00,2026-08-03T04:00:00+00:00,25.0,24
New York City,2026-07-26T10:14:50.478115+00:00,2026-08-03T01:00,2026-08-03T05:00:00+00:00,24.5,24
New York City,2026-07-26T10:14:50.478115+00:00,2026-08-03T02:00,2026-08-03T06:00:00+00:00,24.2,24
New York City,2026-07-26T10:14:50.478115+00:00,2026-08-03T03:00,2026-08-03T07:00:00+00:00,24.2,12
New York City,2026-07-26T10:14:50.478115+00:00,2026-08-03T04:00,2026-08-03T08:00:00+00:00,24.4,12
New York City,2026-07-26T10:14:50.478115+00:00,2026-08-03T05:00,2026-08-03T09:00:00+00:00,24.6,12
New York City,2026-07-26T10:14:50.478115+00:00,2026-08-03T06:00,2026-08-03T10:00:00+00:00,24.4,12
New York City,2026-07-26T10:14:50.478115+00:00,2026-08-03T07:00,2026-08-03T11:00:00+00:00,24.2,12
New York City,2026-07-26T10:14:50.478115+00:00,2026-08-03T08:00,2026-08-03T12:00:00+00:00,24.5,12
New York City,2026-07-26T10:14:50.478115+00:00,2026-08-03T09:00,2026-08-03T13:00:00+00:00,25.5,8
New York City,2026-07-26T10:14:50.478115+00:00,2026-08-03T10:00,2026-08-03T14:00:00+00:00,27.0,8
New York City,2026-07-26T10:14:50.478115+00:00,2026-08-03T11:00,2026-08-03T15:00:00+00:00,28.5,8
New York City,2026-07-26T10:14:50.478115+00:00,2026-08-03T12:00,2026-08-03T16:00:00+00:00,30.0,8
New York City,2026-07-26T10:14:50.478115+00:00,2026-08-03T13:00,2026-08-03T17:00:00+00:00,31.5,8
New York City,2026-07-26T10:14:50.478115+00:00,2026-08-03T14:00,2026-08-03T18:00:00+00:00,32.6,8
New York City,2026-07-26T10:14:50.478115+00:00,2026-08-03T15:00,2026-08-03T19:00:00+00:00,32.8,17
New York City,2026-07-26T10:14:50.478115+00:00,2026-08-03T16:00,2026-08-03T20:00:00+00:00,32.6,17
New York City,2026-07-26T10:14:50.478115+00:00,2026-08-03T17:00,2026-08-03T21:00:00+00:00,32.3,17
New York City,2026-07-26T10:14:50.478115+00:00,2026-08-03T18:00,2026-08-03T22:00:00+00:00,32.0,17
New York City,2026-07-26T10:14:50.478115+00:00,2026-08-03T19:00,2026-08-03T23:00:00+00:00,31.6,17
New York City,2026-07-26T10:14:50.478115+00:00,2026-08-03T20:00,2026-08-04T00:00:00+00:00,31.0,17
New York City,2026-07-26T10:14:50.478115+00:00,2026-08-03T21:00,2026-08-04T01:00:00+00:00,29.8,11
New York City,2026-07-26T10:14:50.478115+00:00,2026-08-03T22:00,2026-08-04T02:00:00+00:00,28.2,11
New York City,2026-07-26T10:14:50.478115+00:00,2026-08-03T23:00,2026-08-04T03:00:00+00:00,27.1,11
New York City,2026-07-26T10:14:50.478115+00:00,2026-08-04T00:00,2026-08-04T04:00:00+00:00,26.6,11
New York City,2026-07-26T10:14:50.478115+00:00,2026-08-04T01:00,2026-08-04T05:00:00+00:00,26.4,11
New York City,2026-07-26T10:14:50.478115+00:00,2026-08-04T02:00,2026-08-04T06:00:00+00:00,26.2,11
New York City,2026-07-26T10:14:50.478115+00:00,2026-08-04T03:00,2026-08-04T07:00:00+00:00,25.6,4
New York City,2026-07-26T10:14:50.478115+00:00,2026-08-04T04:00,2026-08-04T08:00:00+00:00,25.0,4
New York City,2026-07-26T10:14:50.478115+00:00,2026-08-04T05:00,2026-08-04T09:00:00+00:00,24.7,4
New York City,2026-07-26T10:14:50.478115+00:00,2026-08-04T06:00,2026-08-04T10:00:00+00:00,24.9,4
New York City,2026-07-26T10:14:50.478115+00:00,2026-08-04T07:00,2026-08-04T11:00:00+00:00,25.4,4
New York City,2026-07-26T10:14:50.478115+00:00,2026-08-04T08:00,2026-08-04T12:00:00+00:00,26.1,4
New York City,2026-07-26T10:14:50.478115+00:00,2026-08-04T09:00,2026-08-04T13:00:00+00:00,26.6,4
New York City,2026-07-26T10:14:50.478115+00:00,2026-08-04T10:00,2026-08-04T14:00:00+00:00,27.3,4
New York City,2026-07-26T10:14:50.478115+00:00,2026-08-04T11:00,2026-08-04T15:00:00+00:00,28.3,4
New York City,2026-07-26T10:14:50.478115+00:00,2026-08-04T12:00,2026-08-04T16:00:00+00:00,30.0,4
New York City,2026-07-26T10:14:50.478115+00:00,2026-08-04T13:00,2026-08-04T17:00:00+00:00,32.0,4
New York City,2026-07-26T10:14:50.478115+00:00,2026-08-04T14:00,2026-08-04T18:00:00+00:00,33.4,4
New York City,2026-07-26T10:14:50.478115+00:00,2026-08-04T15:00,2026-08-04T19:00:00+00:00,33.8,7
New York City,2026-07-26T10:14:50.478115+00:00,2026-08-04T16:00,2026-08-04T20:00:00+00:00,33.7,7
New York City,2026-07-26T10:14:50.478115+00:00,2026-08-04T17:00,2026-08-04T21:00:00+00:00,33.3,7
New York City,2026-07-26T10:14:50.478115+00:00,2026-08-04T18:00,2026-08-04T22:00:00+00:00,32.5,7
New York City,2026-07-26T10:14:50.478115+00:00,2026-08-04T19:00,2026-08-04T23:00:00+00:00,31.4,7
New York City,2026-07-26T10:14:50.478115+00:00,2026-08-04T20:00,2026-08-05T00:00:00+00:00,30.4,7
New York City,2026-07-26T10:14:50.478115+00:00,2026-08-04T21:00,2026-08-05T01:00:00+00:00,29.4,10
New York City,2026-07-26T10:14:50.478115+00:00,2026-08-04T22:00,2026-08-05T02:00:00+00:00,28.4,10
New York City,2026-07-26T10:14:50.478115+00:00,2026-08-04T23:00,2026-08-05T03:00:00+00:00,27.5,10
New York City,2026-07-26T10:14:50.478115+00:00,2026-08-05T00:00,2026-08-05T04:00:00+00:00,26.8,10
New York City,2026-07-26T10:14:50.478115+00:00,2026-08-05T01:00,2026-08-05T05:00:00+00:00,26.2,10
New York City,2026-07-26T10:14:50.478115+00:00,2026-08-05T02:00,2026-08-05T06:00:00+00:00,25.7,10
New York City,2026-07-26T10:14:50.478115+00:00,2026-08-05T03:00,2026-08-05T07:00:00+00:00,25.1,6
New York City,2026-07-26T10:14:50.478115+00:00,2026-08-05T04:00,2026-08-05T08:00:00+00:00,24.5,6
New York City,2026-07-26T10:14:50.478115+00:00,2026-08-05T05:00,2026-08-05T09:00:00+00:00,24.2,6
New York City,2026-07-26T10:14:50.478115+00:00,2026-08-05T06:00,2026-08-05T10:00:00+00:00,24.2,6
New York City,2026-07-26T10:14:50.478115+00:00,2026-08-05T07:00,2026-08-05T11:00:00+00:00,24.6,6
New York City,2026-07-26T10:14:50.478115+00:00,2026-08-05T08:00,2026-08-05T12:00:00+00:00,25.4,6
New York City,2026-07-26T10:14:50.478115+00:00,2026-08-05T09:00,2026-08-05T13:00:00+00:00,27.0,10
New York City,2026-07-26T10:14:50.478115+00:00,2026-08-05T10:00,2026-08-05T14:00:00+00:00,29.0,10
New York City,2026-07-26T10:14:50.478115+00:00,2026-08-05T11:00,2026-08-05T15:00:00+00:00,30.9,10
New York City,2026-07-26T10:14:50.478115+00:00,2026-08-05T12:00,2026-08-05T16:00:00+00:00,32.3,10
New York City,2026-07-26T10:14:50.478115+00:00,2026-08-05T13:00,2026-08-05T17:00:00+00:00,33.4,10
New York City,2026-07-26T10:14:50.478115+00:00,2026-08-05T14:00,2026-08-05T18:00:00+00:00,34.3,10
New York City,2026-07-26T10:14:50.478115+00:00,2026-08-05T15:00,2026-08-05T19:00:00+00:00,34.8,15
New York City,2026-07-26T10:14:50.478115+00:00,2026-08-05T16:00,2026-08-05T20:00:00+00:00,35.0,15
New York City,2026-07-26T10:14:50.478115+00:00,2026-08-05T17:00,2026-08-05T21:00:00+00:00,34.8,15
New York City,2026-07-26T10:14:50.478115+00:00,2026-08-05T18:00,2026-08-05T22:00:00+00:00,33.7,15
New York City,2026-07-26T10:14:50.478115+00:00,2026-08-05T19:00,2026-08-05T23:00:00+00:00,32.2,15
New York City,2026-07-26T10:14:50.478115+00:00,2026-08-05T20:00,2026-08-06T00:00:00+00:00,30.8,15
New York City,2026-07-26T10:14:50.478115+00:00,2026-08-05T21:00,2026-08-06T01:00:00+00:00,29.7,13
New York City,2026-07-26T10:14:50.478115+00:00,2026-08-05T22:00,2026-08-06T02:00:00+00:00,28.7,13
New York City,2026-07-26T10:14:50.478115+00:00,2026-08-05T23:00,2026-08-06T03:00:00+00:00,27.9,13
New York City,2026-07-26T10:14:50.478115+00:00,2026-08-06T00:00,2026-08-06T04:00:00+00:00,27.1,16
New York City,2026-07-26T10:14:50.478115+00:00,2026-08-06T01:00,2026-08-06T05:00:00+00:00,26.5,20
New York City,2026-07-26T10:14:50.478115+00:00,2026-08-06T02:00,2026-08-06T06:00:00+00:00,25.9,23
New York City,2026-07-26T10:14:50.478115+00:00,2026-08-06T03:00,2026-08-06T07:00:00+00:00,25.3,27
New York City,2026-07-26T10:14:50.478115+00:00,2026-08-06T04:00,2026-08-06T08:00:00+00:00,24.8,29
New York City,2026-07-26T10:14:50.478115+00:00,2026-08-06T05:00,2026-08-06T09:00:00+00:00,24.4,31
New York City,2026-07-26T10:14:50.478115+00:00,2026-08-06T06:00,2026-08-06T10:00:00+00:00,24.0,33
New York City,2026-07-26T10:14:50.478115+00:00,2026-08-06T07:00,2026-08-06T11:00:00+00:00,23.6,35
New York City,2026-07-26T10:14:50.478115+00:00,2026-08-06T08:00,2026-08-06T12:00:00+00:00,23.2,35
New York City,2026-07-26T10:14:50.478115+00:00,2026-08-06T09:00,2026-08-06T13:00:00+00:00,22.4,33
New York City,2026-07-26T10:14:50.478115+00:00,2026-08-06T10:00,2026-08-06T14:00:00+00:00,21.6,30
New York City,2026-07-26T10:14:50.478115+00:00,2026-08-06T11:00,2026-08-06T15:00:00+00:00,21.9,27
New York City,2026-07-26T10:14:50.478115+00:00,2026-08-06T12:00,2026-08-06T16:00:00+00:00,24.2,24
New York City,2026-07-26T10:14:50.478115+00:00,2026-08-06T13:00,2026-08-06T17:00:00+00:00,27.5,21
New York City,2026-07-26T10:14:50.478115+00:00,2026-08-06T14:00,2026-08-06T18:00:00+00:00,30.0,19
New York City,2026-07-26T10:14:50.478115+00:00,2026-08-06T15:00,2026-08-06T19:00:00+00:00,30.8,18
New York City,2026-07-26T10:14:50.478115+00:00,2026-08-06T16:00,2026-08-06T20:00:00+00:00,30.7,18
New York City,2026-07-26T10:14:50.478115+00:00,2026-08-06T17:00,2026-08-06T21:00:00+00:00,30.2,19
New York City,2026-07-26T10:14:50.478115+00:00,2026-08-06T18:00,2026-08-06T22:00:00+00:00,29.2,20
New York City,2026-07-26T10:14:50.478115+00:00,2026-08-06T19:00,2026-08-06T23:00:00+00:00,27.8,21
New York City,2026-07-26T10:14:50.478115+00:00,2026-08-06T20:00,2026-08-07T00:00:00+00:00,26.7,23
New York City,2026-07-26T10:14:50.478115+00:00,2026-08-06T21:00,2026-08-07T01:00:00+00:00,26.3,25
New York City,2026-07-26T10:14:50.478115+00:00,2026-08-06T22:00,2026-08-07T02:00:00+00:00,26.2,26
New York City,2026-07-26T10:14:50.478115+00:00,2026-08-06T23:00,2026-08-07T03:00:00+00:00,25.9,28
New York City,2026-07-26T10:14:50.478115+00:00,2026-08-07T00:00,2026-08-07T04:00:00+00:00,24.9,30
New York City,2026-07-26T10:14:50.478115+00:00,2026-08-07T01:00,2026-08-07T05:00:00+00:00,23.7,31
New York City,2026-07-26T10:14:50.478115+00:00,2026-08-07T02:00,2026-08-07T06:00:00+00:00,22.7,32
New York City,2026-07-26T10:14:50.478115+00:00,2026-08-07T03:00,2026-08-07T07:00:00+00:00,22.0,32
New York City,2026-07-26T10:14:50.478115+00:00,2026-08-07T04:00,2026-08-07T08:00:00+00:00,21.5,31
New York City,2026-07-26T10:14:50.478115+00:00,2026-08-07T05:00,2026-08-07T09:00:00+00:00,21.3,30
New York City,2026-07-26T10:14:50.478115+00:00,2026-08-07T06:00,2026-08-07T10:00:00+00:00,21.1,29
New York City,2026-07-26T10:14:50.478115+00:00,2026-08-07T07:00,2026-08-07T11:00:00+00:00,21.2,28
New York City,2026-07-26T10:14:50.478115+00:00,2026-08-07T08:00,2026-08-07T12:00:00+00:00,21.7,26
New York City,2026-07-26T10:14:50.478115+00:00,2026-08-07T09:00,2026-08-07T13:00:00+00:00,22.8,24
New York City,2026-07-26T10:14:50.478115+00:00,2026-08-07T10:00,2026-08-07T14:00:00+00:00,24.5,21
New York City,2026-07-26T10:14:50.478115+00:00,2026-08-07T11:00,2026-08-07T15:00:00+00:00,26.0,18
New York City,2026-07-26T10:14:50.478115+00:00,2026-08-07T12:00,2026-08-07T16:00:00+00:00,27.3,16
New York City,2026-07-26T10:14:50.478115+00:00,2026-08-07T13:00,2026-08-07T17:00:00+00:00,28.5,13
New York City,2026-07-26T10:14:50.478115+00:00,2026-08-07T14:00,2026-08-07T18:00:00+00:00,29.5,13
New York City,2026-07-26T10:14:50.478115+00:00,2026-08-07T15:00,2026-08-07T19:00:00+00:00,30.2,15
New York City,2026-07-26T10:14:50.478115+00:00,2026-08-07T16:00,2026-08-07T20:00:00+00:00,30.6,19
New York City,2026-07-26T10:14:50.478115+00:00,2026-08-07T17:00,2026-08-07T21:00:00+00:00,30.6,23
New York City,2026-07-26T10:14:50.478115+00:00,2026-08-07T18:00,2026-08-07T22:00:00+00:00,29.9,27
New York City,2026-07-26T10:14:50.478115+00:00,2026-08-07T19:00,2026-08-07T23:00:00+00:00,28.8,30
New York City,2026-07-26T10:14:50.478115+00:00,2026-08-07T20:00,2026-08-08T00:00:00+00:00,27.7,32
New York City,2026-07-26T10:14:50.478115+00:00,2026-08-07T21:00,2026-08-08T01:00:00+00:00,26.8,32
New York City,2026-07-26T10:14:50.478115+00:00,2026-08-07T22:00,2026-08-08T02:00:00+00:00,26.1,30
New York City,2026-07-26T10:14:50.478115+00:00,2026-08-07T23:00,2026-08-08T03:00:00+00:00,25.3,28
New York City,2026-07-26T10:14:50.478115+00:00,2026-08-08T00:00,2026-08-08T04:00:00+00:00,24.4,25
New York City,2026-07-26T10:14:50.478115+00:00,2026-08-08T01:00,2026-08-08T05:00:00+00:00,23.4,22
New York City,2026-07-26T10:14:50.478115+00:00,2026-08-08T02:00,2026-08-08T06:00:00+00:00,22.6,19
New York City,2026-07-26T10:14:50.478115+00:00,2026-08-08T03:00,2026-08-08T07:00:00+00:00,21.8,16
New York City,2026-07-26T10:14:50.478115+00:00,2026-08-08T04:00,2026-08-08T08:00:00+00:00,21.2,13
New York City,2026-07-26T10:14:50.478115+00:00,2026-08-08T05:00,2026-08-08T09:00:00+00:00,20.8,11
New York City,2026-07-26T10:14:50.478115+00:00,2026-08-08T06:00,2026-08-08T10:00:00+00:00,20.6,9
New York City,2026-07-26T10:14:50.478115+00:00,2026-08-08T07:00,2026-08-08T11:00:00+00:00,20.7,7
New York City,2026-07-26T10:14:50.478115+00:00,2026-08-08T08:00,2026-08-08T12:00:00+00:00,21.2,6
New York City,2026-07-26T10:14:50.478115+00:00,2026-08-08T09:00,2026-08-08T13:00:00+00:00,22.3,6
New York City,2026-07-26T10:14:50.478115+00:00,2026-08-08T10:00,2026-08-08T14:00:00+00:00,23.9,8
New York City,2026-07-26T10:14:50.478115+00:00,2026-08-08T11:00,2026-08-08T15:00:00+00:00,25.5,9
New York City,2026-07-26T10:14:50.478115+00:00,2026-08-08T12:00,2026-08-08T16:00:00+00:00,27.0,10
New York City,2026-07-26T10:14:50.478115+00:00,2026-08-08T13:00,2026-08-08T17:00:00+00:00,28.4,12
New York City,2026-07-26T10:14:50.478115+00:00,2026-08-08T14:00,2026-08-08T18:00:00+00:00,29.5,13
New York City,2026-07-26T10:14:50.478115+00:00,2026-08-08T15:00,2026-08-08T19:00:00+00:00,30.0,13
New York City,2026-07-26T10:14:50.478115+00:00,2026-08-08T16:00,2026-08-08T20:00:00+00:00,30.1,12
New York City,2026-07-26T10:14:50.478115+00:00,2026-08-08T17:00,2026-08-08T21:00:00+00:00,29.8,11
New York City,2026-07-26T10:14:50.478115+00:00,2026-08-08T18:00,2026-08-08T22:00:00+00:00,28.6,10
New York City,2026-07-26T10:14:50.478115+00:00,2026-08-08T19:00,2026-08-08T23:00:00+00:00,27.0,10
New York City,2026-07-26T10:14:50.478115+00:00,2026-08-08T20:00,2026-08-09T00:00:00+00:00,25.6,10
New York City,2026-07-26T10:14:50.478115+00:00,2026-08-08T21:00,2026-08-09T01:00:00+00:00,24.8,11
New York City,2026-07-26T10:14:50.478115+00:00,2026-08-08T22:00,2026-08-09T02:00:00+00:00,24.3,12
New York City,2026-07-26T10:14:50.478115+00:00,2026-08-08T23:00,2026-08-09T03:00:00+00:00,23.9,14
New York City,2026-07-26T10:14:50.478115+00:00,2026-08-09T00:00,2026-08-09T04:00:00+00:00,23.6,16
New York City,2026-07-26T10:14:50.478115+00:00,2026-08-09T01:00,2026-08-09T05:00:00+00:00,23.5,17
New York City,2026-07-26T10:14:50.478115+00:00,2026-08-09T02:00,2026-08-09T06:00:00+00:00,23.4,19
New York City,2026-07-26T10:14:50.478115+00:00,2026-08-09T03:00,2026-08-09T07:00:00+00:00,23.1,21
New York City,2026-07-26T10:14:50.478115+00:00,2026-08-09T04:00,2026-08-09T08:00:00+00:00,22.8,23
New York City,2026-07-26T10:14:50.478115+00:00,2026-08-09T05:00,2026-08-09T09:00:00+00:00,22.8,24
New York City,2026-07-26T10:14:50.478115+00:00,2026-08-09T06:00,2026-08-09T10:00:00+00:00,23.0,25
New York City,2026-07-26T10:14:50.478115+00:00,2026-08-09T07:00,2026-08-09T11:00:00+00:00,23.5,26
New York City,2026-07-26T10:14:50.478115+00:00,2026-08-09T08:00,2026-08-09T12:00:00+00:00,24.2,26
New York City,2026-07-26T10:14:50.478115+00:00,2026-08-09T09:00,2026-08-09T13:00:00+00:00,25.3,24
New York City,2026-07-26T10:14:50.478115+00:00,2026-08-09T10:00,2026-08-09T14:00:00+00:00,26.7,21
New York City,2026-07-26T10:14:50.478115+00:00,2026-08-09T11:00,2026-08-09T15:00:00+00:00,27.9,18
New York City,2026-07-26T10:14:50.478115+00:00,2026-08-09T12:00,2026-08-09T16:00:00+00:00,28.6,15
New York City,2026-07-26T10:14:50.478115+00:00,2026-08-09T13:00,2026-08-09T17:00:00+00:00,29.0,12
New York City,2026-07-26T10:14:50.478115+00:00,2026-08-09T14:00,2026-08-09T18:00:00+00:00,29.2,10
New York City,2026-07-26T10:14:50.478115+00:00,2026-08-09T15:00,2026-08-09T19:00:00+00:00,29.0,9
New York City,2026-07-26T10:14:50.478115+00:00,2026-08-09T16:00,2026-08-09T20:00:00+00:00,28.4,9
New York City,2026-07-26T10:14:50.478115+00:00,2026-08-09T17:00,2026-08-09T21:00:00+00:00,27.8,10
New York City,2026-07-26T10:14:50.478115+00:00,2026-08-09T18:00,2026-08-09T22:00:00+00:00,26.9,11
New York City,2026-07-26T10:14:50.478115+00:00,2026-08-09T19:00,2026-08-09T23:00:00+00:00,25.9,12
New York City,2026-07-26T10:14:50.478115+00:00,2026-08-09T20:00,2026-08-10T00:00:00+00:00,25.1,13
New York City,2026-07-26T10:14:50.478115+00:00,2026-08-09T21:00,2026-08-10T01:00:00+00:00,24.7,15
New York City,2026-07-26T10:14:50.478115+00:00,2026-08-09T22:00,2026-08-10T02:00:00+00:00,24.4,16
New York City,2026-07-26T10:14:50.478115+00:00,2026-08-09T23:00,2026-08-10T03:00:00+00:00,24.3,18
New York City,2026-07-26T10:14:50.478115+00:00,2026-08-10T00:00,2026-08-10T04:00:00+00:00,24.1,20
New York City,2026-07-26T10:14:50.478115+00:00,2026-08-10T01:00,2026-08-10T05:00:00+00:00,23.9,22
New York City,2026-07-26T10:14:50.478115+00:00,2026-08-10T02:00,2026-08-10T06:00:00+00:00,23.9,23
New York City,2026-07-26T10:14:50.478115+00:00,2026-08-10T03:00,2026-08-10T07:00:00+00:00,24.0,24
New York City,2026-07-26T10:14:50.478115+00:00,2026-08-10T04:00,2026-08-10T08:00:00+00:00,24.3,24
New York City,2026-07-26T10:14:50.478115+00:00,2026-08-10T05:00,2026-08-10T09:00:00+00:00,24.6,24
New York City,2026-07-26T10:14:50.478115+00:00,2026-08-10T06:00,2026-08-10T10:00:00+00:00,24.8,24
New York City,2026-07-26T10:14:50.478115+00:00,2026-08-10T07:00,2026-08-10T11:00:00+00:00,25.0,24
New York City,2026-07-26T10:14:50.478115+00:00,2026-08-10T08:00,2026-08-10T12:00:00+00:00,25.6,23
New York City,2026-07-26T10:14:50.478115+00:00,2026-08-10T09:00,2026-08-10T13:00:00+00:00,26.8,22
New York City,2026-07-26T10:14:50.478115+00:00,2026-08-10T10:00,2026-08-10T14:00:00+00:00,28.5,20
New York City,2026-07-26T10:14:50.478115+00:00,2026-08-10T11:00,2026-08-10T15:00:00+00:00,30.1,19
New York City,2026-07-26T10:14:50.478115+00:00,2026-08-10T12:00,2026-08-10T16:00:00+00:00,31.7,18
New York City,2026-07-26T10:14:50.478115+00:00,2026-08-10T13:00,2026-08-10T17:00:00+00:00,33.3,16
New York City,2026-07-26T10:14:50.478115+00:00,2026-08-10T14:00,2026-08-10T18:00:00+00:00,34.2,16
New York City,2026-07-26T10:14:50.478115+00:00,2026-08-10T15:00,2026-08-10T19:00:00+00:00,34.1,17
New York City,2026-07-26T10:14:50.478115+00:00,2026-08-10T16:00,2026-08-10T20:00:00+00:00,33.4,19
New York City,2026-07-26T10:14:50.478115+00:00,2026-08-10T17:00,2026-08-10T21:00:00+00:00,32.5,21
New York City,2026-07-26T10:14:50.478115+00:00,2026-08-10T18:00,2026-08-10T22:00:00+00:00,31.4,22
New York City,2026-07-26T10:14:50.478115+00:00,2026-08-10T19:00,2026-08-10T23:00:00+00:00,30.1,23
New York City,2026-07-26T10:14:50.478115+00:00,2026-08-10T20:00,2026-08-11T00:00:00+00:00,29.2,26
New York City,2026-07-26T10:14:50.478115+00:00,2026-08-10T21:00,2026-08-11T01:00:00+00:00,,32
New York City,2026-07-26T10:14:50.478115+00:00,2026-08-10T22:00,2026-08-11T02:00:00+00:00,,41
New York City,2026-07-26T10:14:50.478115+00:00,2026-08-10T23:00,2026-08-11T03:00:00+00:00,,48
New York City,2026-07-26T11:40:51.926108+00:00,2026-07-26T00:00,2026-07-26T04:00:00+00:00,18.4,0
New York City,2026-07-26T11:40:51.926108+00:00,2026-07-26T01:00,2026-07-26T05:00:00+00:00,17.8,0
New York City,2026-07-26T11:40:51.926108+00:00,2026-07-26T02:00,2026-07-26T06:00:00+00:00,18.6,0
New York City,2026-07-26T11:40:51.926108+00:00,2026-07-26T03:00,2026-07-26T07:00:00+00:00,17.5,0
New York City,2026-07-26T11:40:51.926108+00:00,2026-07-26T04:00,2026-07-26T08:00:00+00:00,16.9,0
New York City,2026-07-26T11:40:51.926108+00:00,2026-07-26T05:00,2026-07-26T09:00:00+00:00,15.9,0
New York City,2026-07-26T11:40:51.926108+00:00,2026-07-26T06:00,2026-07-26T10:00:00+00:00,16.0,0
New York City,2026-07-26T11:40:51.926108+00:00,2026-07-26T07:00,2026-07-26T11:00:00+00:00,17.5,0
New York City,2026-07-26T11:40:51.926108+00:00,2026-07-26T08:00,2026-07-26T12:00:00+00:00,20.3,0
New York City,2026-07-26T11:40:51.926108+00:00,2026-07-26T09:00,2026-07-26T13:00:00+00:00,22.4,0
New York City,2026-07-26T11:40:51.926108+00:00,2026-07-26T10:00,2026-07-26T14:00:00+00:00,24.1,0
New York City,2026-07-26T11:40:51.926108+00:00,2026-07-26T11:00,2026-07-26T15:00:00+00:00,25.8,0
New York City,2026-07-26T11:40:51.926108+00:00,2026-07-26T12:00,2026-07-26T16:00:00+00:00,27.3,0
New York City,2026-07-26T11:40:51.926108+00:00,2026-07-26T13:00,2026-07-26T17:00:00+00:00,28.5,0
New York City,2026-07-26T11:40:51.926108+00:00,2026-07-26T14:00,2026-07-26T18:00:00+00:00,29.4,0
New York City,2026-07-26T11:40:51.926108+00:00,2026-07-26T15:00,2026-07-26T19:00:00+00:00,29.9,0
New York City,2026-07-26T11:40:51.926108+00:00,2026-07-26T16:00,2026-07-26T20:00:00+00:00,30.0,1
New York City,2026-07-26T11:40:51.926108+00:00,2026-07-26T17:00,2026-07-26T21:00:00+00:00,29.5,1
New York City,2026-07-26T11:40:51.926108+00:00,2026-07-26T18:00,2026-07-26T22:00:00+00:00,28.3,1
New York City,2026-07-26T11:40:51.926108+00:00,2026-07-26T19:00,2026-07-26T23:00:00+00:00,26.8,1
New York City,2026-07-26T11:40:51.926108+00:00,2026-07-26T20:00,2026-07-27T00:00:00+00:00,24.5,2
New York City,2026-07-26T11:40:51.926108+00:00,2026-07-26T21:00,2026-07-27T01:00:00+00:00,23.7,2
New York City,2026-07-26T11:40:51.926108+00:00,2026-07-26T22:00,2026-07-27T02:00:00+00:00,23.2,2
New York City,2026-07-26T11:40:51.926108+00:00,2026-07-26T23:00,2026-07-27T03:00:00+00:00,22.4,2
New York City,2026-07-26T11:40:51.926108+00:00,2026-07-27T00:00,2026-07-27T04:00:00+00:00,22.5,2
New York City,2026-07-26T11:40:51.926108+00:00,2026-07-27T01:00,2026-07-27T05:00:00+00:00,20.3,2
New York City,2026-07-26T11:40:51.926108+00:00,2026-07-27T02:00,2026-07-27T06:00:00+00:00,19.9,4
New York City,2026-07-26T11:40:51.926108+00:00,2026-07-27T03:00,2026-07-27T07:00:00+00:00,19.3,2
New York City,2026-07-26T11:40:51.926108+00:00,2026-07-27T04:00,2026-07-27T08:00:00+00:00,18.9,2
New York City,2026-07-26T11:40:51.926108+00:00,2026-07-27T05:00,2026-07-27T09:00:00+00:00,18.6,4
New York City,2026-07-26T11:40:51.926108+00:00,2026-07-27T06:00,2026-07-27T10:00:00+00:00,18.2,3
New York City,2026-07-26T11:40:51.926108+00:00,2026-07-27T07:00,2026-07-27T11:00:00+00:00,19.9,2
New York City,2026-07-26T11:40:51.926108+00:00,2026-07-27T08:00,2026-07-27T12:00:00+00:00,22.4,2
New York City,2026-07-26T11:40:51.926108+00:00,2026-07-27T09:00,2026-07-27T13:00:00+00:00,24.5,2
New York City,2026-07-26T11:40:51.926108+00:00,2026-07-27T10:00,2026-07-27T14:00:00+00:00,26.5,3
New York City,2026-07-26T11:40:51.926108+00:00,2026-07-27T11:00,2026-07-27T15:00:00+00:00,28.2,3
New York City,2026-07-26T11:40:51.926108+00:00,2026-07-27T12:00,2026-07-27T16:00:00+00:00,29.8,8
New York City,2026-07-26T11:40:51.926108+00:00,2026-07-27T13:00,2026-07-27T17:00:00+00:00,30.5,12
New York City,2026-07-26T11:40:51.926108+00:00,2026-07-27T14:00,2026-07-27T18:00:00+00:00,29.8,18
New York City,2026-07-26T11:40:51.926108+00:00,2026-07-27T15:00,2026-07-27T19:00:00+00:00,29.6,21
New York City,2026-07-26T11:40:51.926108+00:00,2026-07-27T16:00,2026-07-27T20:00:00+00:00,29.0,22
New York City,2026-07-26T11:40:51.926108+00:00,2026-07-27T17:00,2026-07-27T21:00:00+00:00,28.6,22
New York City,2026-07-26T11:40:51.926108+00:00,2026-07-27T18:00,2026-07-27T22:00:00+00:00,28.0,20
New York City,2026-07-26T11:40:51.926108+00:00,2026-07-27T19:00,2026-07-27T23:00:00+00:00,28.1,39
New York City,2026-07-26T11:40:51.926108+00:00,2026-07-27T20:00,2026-07-28T00:00:00+00:00,22.1,39
New York City,2026-07-26T11:40:51.926108+00:00,2026-07-27T21:00,2026-07-28T01:00:00+00:00,21.8,20
New York City,2026-07-26T11:40:51.926108+00:00,2026-07-27T22:00,2026-07-28T02:00:00+00:00,22.4,20
New York City,2026-07-26T11:40:51.926108+00:00,2026-07-27T23:00,2026-07-28T03:00:00+00:00,22.4,20
New York City,2026-07-26T11:40:51.926108+00:00,2026-07-28T00:00,2026-07-28T04:00:00+00:00,22.4,20
New York City,2026-07-26T11:40:51.926108+00:00,2026-07-28T01:00,2026-07-28T05:00:00+00:00,22.0,20
New York City,2026-07-26T11:40:51.926108+00:00,2026-07-28T02:00,2026-07-28T06:00:00+00:00,21.7,20
New York City,2026-07-26T11:40:51.926108+00:00,2026-07-28T03:00,2026-07-28T07:00:00+00:00,21.8,22
New York City,2026-07-26T11:40:51.926108+00:00,2026-07-28T04:00,2026-07-28T08:00:00+00:00,21.5,22
New York City,2026-07-26T11:40:51.926108+00:00,2026-07-28T05:00,2026-07-28T09:00:00+00:00,21.3,22
New York City,2026-07-26T11:40:51.926108+00:00,2026-07-28T06:00,2026-07-28T10:00:00+00:00,21.2,22
New York City,2026-07-26T11:40:51.926108+00:00,2026-07-28T07:00,2026-07-28T11:00:00+00:00,22.0,22
New York City,2026-07-26T11:40:51.926108+00:00,2026-07-28T08:00,2026-07-28T12:00:00+00:00,23.4,22
New York City,2026-07-26T11:40:51.926108+00:00,2026-07-28T09:00,2026-07-28T13:00:00+00:00,25.1,62
New York City,2026-07-26T11:40:51.926108+00:00,2026-07-28T10:00,2026-07-28T14:00:00+00:00,26.3,62
New York City,2026-07-26T11:40:51.926108+00:00,2026-07-28T11:00,2026-07-28T15:00:00+00:00,27.1,62
New York City,2026-07-26T11:40:51.926108+00:00,2026-07-28T12:00,2026-07-28T16:00:00+00:00,27.3,62
New York City,2026-07-26T11:40:51.926108+00:00,2026-07-28T13:00,2026-07-28T17:00:00+00:00,28.1,62
New York City,2026-07-26T11:40:51.926108+00:00,2026-07-28T14:00,2026-07-28T18:00:00+00:00,28.5,62
New York City,2026-07-26T11:40:51.926108+00:00,2026-07-28T15:00,2026-07-28T19:00:00+00:00,28.2,77
New York City,2026-07-26T11:40:51.926108+00:00,2026-07-28T16:00,2026-07-28T20:00:00+00:00,27.1,77
New York City,2026-07-26T11:40:51.926108+00:00,2026-07-28T17:00,2026-07-28T21:00:00+00:00,22.9,77
New York City,2026-07-26T11:40:51.926108+00:00,2026-07-28T18:00,2026-07-28T22:00:00+00:00,23.3,77
New York City,2026-07-26T11:40:51.926108+00:00,2026-07-28T19:00,2026-07-28T23:00:00+00:00,23.2,77
New York City,2026-07-26T11:40:51.926108+00:00,2026-07-28T20:00,2026-07-29T00:00:00+00:00,23.3,77
New York City,2026-07-26T11:40:51.926108+00:00,2026-07-28T21:00,2026-07-29T01:00:00+00:00,23.2,76
New York City,2026-07-26T11:40:51.926108+00:00,2026-07-28T22:00,2026-07-29T02:00:00+00:00,23.0,76
New York City,2026-07-26T11:40:51.926108+00:00,2026-07-28T23:00,2026-07-29T03:00:00+00:00,22.8,76
New York City,2026-07-26T11:40:51.926108+00:00,2026-07-29T00:00,2026-07-29T04:00:00+00:00,21.4,76
New York City,2026-07-26T11:40:51.926108+00:00,2026-07-29T01:00,2026-07-29T05:00:00+00:00,21.5,76
New York City,2026-07-26T11:40:51.926108+00:00,2026-07-29T02:00,2026-07-29T06:00:00+00:00,21.8,76
New York City,2026-07-26T11:40:51.926108+00:00,2026-07-29T03:00,2026-07-29T07:00:00+00:00,21.6,60
New York City,2026-07-26T11:40:51.926108+00:00,2026-07-29T04:00,2026-07-29T08:00:00+00:00,21.5,60
New York City,2026-07-26T11:40:51.926108+00:00,2026-07-29T05:00,2026-07-29T09:00:00+00:00,21.5,60
New York City,2026-07-26T11:40:51.926108+00:00,2026-07-29T06:00,2026-07-29T10:00:00+00:00,21.6,60
New York City,2026-07-26T11:40:51.926108+00:00,2026-07-29T07:00,2026-07-29T11:00:00+00:00,21.7,60
New York City,2026-07-26T11:40:51.926108+00:00,2026-07-29T08:00,2026-07-29T12:00:00+00:00,21.9,60
New York City,2026-07-26T11:40:51.926108+00:00,2026-07-29T09:00,2026-07-29T13:00:00+00:00,22.5,54
New York City,2026-07-26T11:40:51.926108+00:00,2026-07-29T10:00,2026-07-29T14:00:00+00:00,22.5,54
New York City,2026-07-26T11:40:51.926108+00:00,2026-07-29T11:00,2026-07-29T15:00:00+00:00,21.7,54
New York City,2026-07-26T11:40:51.926108+00:00,2026-07-29T12:00,2026-07-29T16:00:00+00:00,22.5,54
New York City,2026-07-26T11:40:51.926108+00:00,2026-07-29T13:00,2026-07-29T17:00:00+00:00,22.7,54
New York City,2026-07-26T11:40:51.926108+00:00,2026-07-29T14:00,2026-07-29T18:00:00+00:00,22.0,54
New York City,2026-07-26T11:40:51.926108+00:00,2026-07-29T15:00,2026-07-29T19:00:00+00:00,21.4,65
New York City,2026-07-26T11:40:51.926108+00:00,2026-07-29T16:00,2026-07-29T20:00:00+00:00,21.3,65
New York City,2026-07-26T11:40:51.926108+00:00,2026-07-29T17:00,2026-07-29T21:00:00+00:00,20.9,65
New York City,2026-07-26T11:40:51.926108+00:00,2026-07-29T18:00,2026-07-29T22:00:00+00:00,21.2,65
New York City,2026-07-26T11:40:51.926108+00:00,2026-07-29T19:00,2026-07-29T23:00:00+00:00,21.5,65
New York City,2026-07-26T11:40:51.926108+00:00,2026-07-29T20:00,2026-07-30T00:00:00+00:00,21.4,65
New York City,2026-07-26T11:40:51.926108+00:00,2026-07-29T21:00,2026-07-30T01:00:00+00:00,21.2,49
New York City,2026-07-26T11:40:51.926108+00:00,2026-07-29T22:00,2026-07-30T02:00:00+00:00,21.2,49
New York City,2026-07-26T11:40:51.926108+00:00,2026-07-29T23:00,2026-07-30T03:00:00+00:00,21.0,49
New York City,2026-07-26T11:40:51.926108+00:00,2026-07-30T00:00,2026-07-30T04:00:00+00:00,21.0,49
New York City,2026-07-26T11:40:51.926108+00:00,2026-07-30T01:00,2026-07-30T05:00:00+00:00,21.2,49
New York City,2026-07-26T11:40:51.926108+00:00,2026-07-30T02:00,2026-07-30T06:00:00+00:00,20.9,49
New York City,2026-07-26T11:40:51.926108+00:00,2026-07-30T03:00,2026-07-30T07:00:00+00:00,20.7,28
New York City,2026-07-26T11:40:51.926108+00:00,2026-07-30T04:00,2026-07-30T08:00:00+00:00,20.4,28
New York City,2026-07-26T11:40:51.926108+00:00,2026-07-30T05:00,2026-07-30T09:00:00+00:00,20.2,28
New York City,2026-07-26T11:40:51.926108+00:00,2026-07-30T06:00,2026-07-30T10:00:00+00:00,20.1,28
New York City,2026-07-26T11:40:51.926108+00:00,2026-07-30T07:00,2026-07-30T11:00:00+00:00,20.1,28
New York City,2026-07-26T11:40:51.926108+00:00,2026-07-30T08:00,2026-07-30T12:00:00+00:00,20.2,28
New York City,2026-07-26T11:40:51.926108+00:00,2026-07-30T09:00,2026-07-30T13:00:00+00:00,20.3,15
New York City,2026-07-26T11:40:51.926108+00:00,2026-07-30T10:00,2026-07-30T14:00:00+00:00,20.6,15
New York City,2026-07-26T11:40:51.926108+00:00,2026-07-30T11:00,2026-07-30T15:00:00+00:00,20.9,15
New York City,2026-07-26T11:40:51.926108+00:00,2026-07-30T12:00,2026-07-30T16:00:00+00:00,21.9,15
New York City,2026-07-26T11:40:51.926108+00:00,2026-07-30T13:00,2026-07-30T17:00:00+00:00,22.9,15
New York City,2026-07-26T11:40:51.926108+00:00,2026-07-30T14:00,2026-07-30T18:00:00+00:00,22.9,15
New York City,2026-07-26T11:40:51.926108+00:00,2026-07-30T15:00,2026-07-30T19:00:00+00:00,23.2,31
New York City,2026-07-26T11:40:51.926108+00:00,2026-07-30T16:00,2026-07-30T20:00:00+00:00,23.0,31
New York City,2026-07-26T11:40:51.926108+00:00,2026-07-30T17:00,2026-07-30T21:00:00+00:00,22.4,31
New York City,2026-07-26T11:40:51.926108+00:00,2026-07-30T18:00,2026-07-30T22:00:00+00:00,21.9,31
New York City,2026-07-26T11:40:51.926108+00:00,2026-07-30T19:00,2026-07-30T23:00:00+00:00,21.5,31
New York City,2026-07-26T11:40:51.926108+00:00,2026-07-30T20:00,2026-07-31T00:00:00+00:00,21.3,31
New York City,2026-07-26T11:40:51.926108+00:00,2026-07-30T21:00,2026-07-31T01:00:00+00:00,20.9,16
New York City,2026-07-26T11:40:51.926108+00:00,2026-07-30T22:00,2026-07-31T02:00:00+00:00,20.7,16
New York City,2026-07-26T11:40:51.926108+00:00,2026-07-30T23:00,2026-07-31T03:00:00+00:00,20.6,16
New York City,2026-07-26T11:40:51.926108+00:00,2026-07-31T00:00,2026-07-31T04:00:00+00:00,20.4,16
New York City,2026-07-26T11:40:51.926108+00:00,2026-07-31T01:00,2026-07-31T05:00:00+00:00,20.2,16
New York City,2026-07-26T11:40:51.926108+00:00,2026-07-31T02:00,2026-07-31T06:00:00+00:00,20.1,16
New York City,2026-07-26T11:40:51.926108+00:00,2026-07-31T03:00,2026-07-31T07:00:00+00:00,20.0,3
New York City,2026-07-26T11:40:51.926108+00:00,2026-07-31T04:00,2026-07-31T08:00:00+00:00,19.9,3
New York City,2026-07-26T11:40:51.926108+00:00,2026-07-31T05:00,2026-07-31T09:00:00+00:00,19.9,3
New York City,2026-07-26T11:40:51.926108+00:00,2026-07-31T06:00,2026-07-31T10:00:00+00:00,19.7,3
New York City,2026-07-26T11:40:51.926108+00:00,2026-07-31T07:00,2026-07-31T11:00:00+00:00,19.4,3
New York City,2026-07-26T11:40:51.926108+00:00,2026-07-31T08:00,2026-07-31T12:00:00+00:00,19.7,3
New York City,2026-07-26T11:40:51.926108+00:00,2026-07-31T09:00,2026-07-31T13:00:00+00:00,20.7,4
New York City,2026-07-26T11:40:51.926108+00:00,2026-07-31T10:00,2026-07-31T14:00:00+00:00,22.2,4
New York City,2026-07-26T11:40:51.926108+00:00,2026-07-31T11:00,2026-07-31T15:00:00+00:00,23.6,4
New York City,2026-07-26T11:40:51.926108+00:00,2026-07-31T12:00,2026-07-31T16:00:00+00:00,24.8,4
New York City,2026-07-26T11:40:51.926108+00:00,2026-07-31T13:00,2026-07-31T17:00:00+00:00,26.0,4
New York City,2026-07-26T11:40:51.926108+00:00,2026-07-31T14:00,2026-07-31T18:00:00+00:00,26.9,4
New York City,2026-07-26T11:40:51.926108+00:00,2026-07-31T15:00,2026-07-31T19:00:00+00:00,27.2,12
New York City,2026-07-26T11:40:51.926108+00:00,2026-07-31T16:00,2026-07-31T20:00:00+00:00,27.2,12
New York City,2026-07-26T11:40:51.926108+00:00,2026-07-31T17:00,2026-07-31T21:00:00+00:00,27.1,12
New York City,2026-07-26T11:40:51.926108+00:00,2026-07-31T18:00,2026-07-31T22:00:00+00:00,26.8,12
New York City,2026-07-26T11:40:51.926108+00:00,2026-07-31T19:00,2026-07-31T23:00:00+00:00,26.3,12
New York City,2026-07-26T11:40:51.926108+00:00,2026-07-31T20:00,2026-08-01T00:00:00+00:00,25.8,12
New York City,2026-07-26T11:40:51.926108+00:00,2026-07-31T21:00,2026-08-01T01:00:00+00:00,25.3,7
New York City,2026-07-26T11:40:51.926108+00:00,2026-07-31T22:00,2026-08-01T02:00:00+00:00,24.8,7
New York City,2026-07-26T11:40:51.926108+00:00,2026-07-31T23:00,2026-08-01T03:00:00+00:00,24.4,7
New York City,2026-07-26T11:40:51.926108+00:00,2026-08-01T00:00,2026-08-01T04:00:00+00:00,23.9,7
New York City,2026-07-26T11:40:51.926108+00:00,2026-08-01T01:00,2026-08-01T05:00:00+00:00,23.5,7
New York City,2026-07-26T11:40:51.926108+00:00,2026-08-01T02:00,2026-08-01T06:00:00+00:00,23.2,7
New York City,2026-07-26T11:40:51.926108+00:00,2026-08-01T03:00,2026-08-01T07:00:00+00:00,22.8,2
New York City,2026-07-26T11:40:51.926108+00:00,2026-08-01T04:00,2026-08-01T08:00:00+00:00,22.4,2
New York City,2026-07-26T11:40:51.926108+00:00,2026-08-01T05:00,2026-08-01T09:00:00+00:00,22.3,2
New York City,2026-07-26T11:40:51.926108+00:00,2026-08-01T06:00,2026-08-01T10:00:00+00:00,22.5,2
New York City,2026-07-26T11:40:51.926108+00:00,2026-08-01T07:00,2026-08-01T11:00:00+00:00,23.1,2
New York City,2026-07-26T11:40:51.926108+00:00,2026-08-01T08:00,2026-08-01T12:00:00+00:00,24.1,2
New York City,2026-07-26T11:40:51.926108+00:00,2026-08-01T09:00,2026-08-01T13:00:00+00:00,25.6,7
New York City,2026-07-26T11:40:51.926108+00:00,2026-08-01T10:00,2026-08-01T14:00:00+00:00,27.6,7
New York City,2026-07-26T11:40:51.926108+00:00,2026-08-01T11:00,2026-08-01T15:00:00+00:00,29.4,7
New York City,2026-07-26T11:40:51.926108+00:00,2026-08-01T12:00,2026-08-01T16:00:00+00:00,31.1,7
New York City,2026-07-26T11:40:51.926108+00:00,2026-08-01T13:00,2026-08-01T17:00:00+00:00,32.6,7
New York City,2026-07-26T11:40:51.926108+00:00,2026-08-01T14:00,2026-08-01T18:00:00+00:00,33.3,7
New York City,2026-07-26T11:40:51.926108+00:00,2026-08-01T15:00,2026-08-01T19:00:00+00:00,32.6,11
New York City,2026-07-26T11:40:51.926108+00:00,2026-08-01T16:00,2026-08-01T20:00:00+00:00,31.1,11
New York City,2026-07-26T11:40:51.926108+00:00,2026-08-01T17:00,2026-08-01T21:00:00+00:00,29.7,11
New York City,2026-07-26T11:40:51.926108+00:00,2026-08-01T18:00,2026-08-01T22:00:00+00:00,28.6,11
New York City,2026-07-26T11:40:51.926108+00:00,2026-08-01T19:00,2026-08-01T23:00:00+00:00,27.7,11
New York City,2026-07-26T11:40:51.926108+00:00,2026-08-01T20:00,2026-08-02T00:00:00+00:00,26.9,11
New York City,2026-07-26T11:40:51.926108+00:00,2026-08-01T21:00,2026-08-02T01:00:00+00:00,26.4,15
New York City,2026-07-26T11:40:51.926108+00:00,2026-08-01T22:00,2026-08-02T02:00:00+00:00,26.1,15
New York City,2026-07-26T11:40:51.926108+00:00,2026-08-01T23:00,2026-08-02T03:00:00+00:00,25.7,15
New York City,2026-07-26T11:40:51.926108+00:00,2026-08-02T00:00,2026-08-02T04:00:00+00:00,25.0,15
New York City,2026-07-26T11:40:51.926108+00:00,2026-08-02T01:00,2026-08-02T05:00:00+00:00,24.3,15
New York City,2026-07-26T11:40:51.926108+00:00,2026-08-02T02:00,2026-08-02T06:00:00+00:00,23.7,15
New York City,2026-07-26T11:40:51.926108+00:00,2026-08-02T03:00,2026-08-02T07:00:00+00:00,23.2,8
New York City,2026-07-26T11:40:51.926108+00:00,2026-08-02T04:00,2026-08-02T08:00:00+00:00,22.9,8
New York City,2026-07-26T11:40:51.926108+00:00,2026-08-02T05:00,2026-08-02T09:00:00+00:00,22.8,8
New York City,2026-07-26T11:40:51.926108+00:00,2026-08-02T06:00,2026-08-02T10:00:00+00:00,22.9,8
New York City,2026-07-26T11:40:51.926108+00:00,2026-08-02T07:00,2026-08-02T11:00:00+00:00,23.4,8
New York City,2026-07-26T11:40:51.926108+00:00,2026-08-02T08:00,2026-08-02T12:00:00+00:00,24.1,8
New York City,2026-07-26T11:40:51.926108+00:00,2026-08-02T09:00,2026-08-02T13:00:00+00:00,25.3,17
New York City,2026-07-26T11:40:51.926108+00:00,2026-08-02T10:00,2026-08-02T14:00:00+00:00,26.8,17
New York City,2026-07-26T11:40:51.926108+00:00,2026-08-02T11:00,2026-08-02T15:00:00+00:00,28.1,17
New York City,2026-07-26T11:40:51.926108+00:00,2026-08-02T12:00,2026-08-02T16:00:00+00:00,29.0,17
New York City,2026-07-26T11:40:51.926108+00:00,2026-08-02T13:00,2026-08-02T17:00:00+00:00,29.6,17
New York City,2026-07-26T11:40:51.926108+00:00,2026-08-02T14:00,2026-08-02T18:00:00+00:00,29.8,17
New York City,2026-07-26T11:40:51.926108+00:00,2026-08-02T15:00,2026-08-02T19:00:00+00:00,29.2,32
New York City,2026-07-26T11:40:51.926108+00:00,2026-08-02T16:00,2026-08-02T20:00:00+00:00,28.1,32
New York City,2026-07-26T11:40:51.926108+00:00,2026-08-02T17:00,2026-08-02T21:00:00+00:00,27.2,32
New York City,2026-07-26T11:40:51.926108+00:00,2026-08-02T18:00,2026-08-02T22:00:00+00:00,26.7,32
New York City,2026-07-26T11:40:51.926108+00:00,2026-08-02T19:00,2026-08-02T23:00:00+00:00,26.4,32
New York City,2026-07-26T11:40:51.926108+00:00,2026-08-02T20:00,2026-08-03T00:00:00+00:00,26.1,32
New York City,2026-07-26T11:40:51.926108+00:00,2026-08-02T21:00,2026-08-03T01:00:00+00:00,25.7,24
New York City,2026-07-26T11:40:51.926108+00:00,2026-08-02T22:00,2026-08-03T02:00:00+00:00,25.3,24
New York City,2026-07-26T11:40:51.926108+00:00,2026-08-02T23:00,2026-08-03T03:00:00+00:00,24.9,24
New York City,2026-07-26T11:40:51.926108+00:00,2026-08-03T00:00,2026-08-03T04:00:00+00:00,24.5,24
New York City,2026-07-26T11:40:51.926108+00:00,2026-08-03T01:00,2026-08-03T05:00:00+00:00,24.2,24
New York City,2026-07-26T11:40:51.926108+00:00,2026-08-03T02:00,2026-08-03T06:00:00+00:00,24.0,24
New York City,2026-07-26T11:40:51.926108+00:00,2026-08-03T03:00,2026-08-03T07:00:00+00:00,23.7,12
New York City,2026-07-26T11:40:51.926108+00:00,2026-08-03T04:00,2026-08-03T08:00:00+00:00,23.6,12
New York City,2026-07-26T11:40:51.926108+00:00,2026-08-03T05:00,2026-08-03T09:00:00+00:00,23.6,12
New York City,2026-07-26T11:40:51.926108+00:00,2026-08-03T06:00,2026-08-03T10:00:00+00:00,23.8,12
New York City,2026-07-26T11:40:51.926108+00:00,2026-08-03T07:00,2026-08-03T11:00:00+00:00,24.1,12
New York City,2026-07-26T11:40:51.926108+00:00,2026-08-03T08:00,2026-08-03T12:00:00+00:00,24.9,12
New York City,2026-07-26T11:40:51.926108+00:00,2026-08-03T09:00,2026-08-03T13:00:00+00:00,26.3,8
New York City,2026-07-26T11:40:51.926108+00:00,2026-08-03T10:00,2026-08-03T14:00:00+00:00,28.1,8
New York City,2026-07-26T11:40:51.926108+00:00,2026-08-03T11:00,2026-08-03T15:00:00+00:00,29.7,8
New York City,2026-07-26T11:40:51.926108+00:00,2026-08-03T12:00,2026-08-03T16:00:00+00:00,31.1,8
New York City,2026-07-26T11:40:51.926108+00:00,2026-08-03T13:00,2026-08-03T17:00:00+00:00,32.3,8
New York City,2026-07-26T11:40:51.926108+00:00,2026-08-03T14:00,2026-08-03T18:00:00+00:00,33.0,8
New York City,2026-07-26T11:40:51.926108+00:00,2026-08-03T15:00,2026-08-03T19:00:00+00:00,32.7,17
New York City,2026-07-26T11:40:51.926108+00:00,2026-08-03T16:00,2026-08-03T20:00:00+00:00,31.9,17
New York City,2026-07-26T11:40:51.926108+00:00,2026-08-03T17:00,2026-08-03T21:00:00+00:00,30.9,17
New York City,2026-07-26T11:40:51.926108+00:00,2026-08-03T18:00,2026-08-03T22:00:00+00:00,29.6,17
New York City,2026-07-26T11:40:51.926108+00:00,2026-08-03T19:00,2026-08-03T23:00:00+00:00,28.2,17
New York City,2026-07-26T11:40:51.926108+00:00,2026-08-03T20:00,2026-08-04T00:00:00+00:00,27.1,17
New York City,2026-07-26T11:40:51.926108+00:00,2026-08-03T21:00,2026-08-04T01:00:00+00:00,26.4,11
New York City,2026-07-26T11:40:51.926108+00:00,2026-08-03T22:00,2026-08-04T02:00:00+00:00,26.0,11
New York City,2026-07-26T11:40:51.926108+00:00,2026-08-03T23:00,2026-08-04T03:00:00+00:00,25.7,11
New York City,2026-07-26T11:40:51.926108+00:00,2026-08-04T00:00,2026-08-04T04:00:00+00:00,25.3,11
New York City,2026-07-26T11:40:51.926108+00:00,2026-08-04T01:00,2026-08-04T05:00:00+00:00,25.0,11
New York City,2026-07-26T11:40:51.926108+00:00,2026-08-04T02:00,2026-08-04T06:00:00+00:00,24.7,11
New York City,2026-07-26T11:40:51.926108+00:00,2026-08-04T03:00,2026-08-04T07:00:00+00:00,24.3,4
New York City,2026-07-26T11:40:51.926108+00:00,2026-08-04T04:00,2026-08-04T08:00:00+00:00,23.9,4
New York City,2026-07-26T11:40:51.926108+00:00,2026-08-04T05:00,2026-08-04T09:00:00+00:00,23.9,4
New York City,2026-07-26T11:40:51.926108+00:00,2026-08-04T06:00,2026-08-04T10:00:00+00:00,24.2,4
New York City,2026-07-26T11:40:51.926108+00:00,2026-08-04T07:00,2026-08-04T11:00:00+00:00,24.8,4
New York City,2026-07-26T11:40:51.926108+00:00,2026-08-04T08:00,2026-08-04T12:00:00+00:00,25.8,4
New York City,2026-07-26T11:40:51.926108+00:00,2026-08-04T09:00,2026-08-04T13:00:00+00:00,27.5,4
New York City,2026-07-26T11:40:51.926108+00:00,2026-08-04T10:00,2026-08-04T14:00:00+00:00,29.6,4
New York City,2026-07-26T11:40:51.926108+00:00,2026-08-04T11:00,2026-08-04T15:00:00+00:00,31.5,4
New York City,2026-07-26T11:40:51.926108+00:00,2026-08-04T12:00,2026-08-04T16:00:00+00:00,33.0,4
New York City,2026-07-26T11:40:51.926108+00:00,2026-08-04T13:00,2026-08-04T17:00:00+00:00,34.3,4
New York City,2026-07-26T11:40:51.926108+00:00,2026-08-04T14:00,2026-08-04T18:00:00+00:00,34.6,4
New York City,2026-07-26T11:40:51.926108+00:00,2026-08-04T15:00,2026-08-04T19:00:00+00:00,33.1,7
New York City,2026-07-26T11:40:51.926108+00:00,2026-08-04T16:00,2026-08-04T20:00:00+00:00,30.6,7
New York City,2026-07-26T11:40:51.926108+00:00,2026-08-04T17:00,2026-08-04T21:00:00+00:00,28.7,7
New York City,2026-07-26T11:40:51.926108+00:00,2026-08-04T18:00,2026-08-04T22:00:00+00:00,28.1,7
New York City,2026-07-26T11:40:51.926108+00:00,2026-08-04T19:00,2026-08-04T23:00:00+00:00,28.2,7
New York City,2026-07-26T11:40:51.926108+00:00,2026-08-04T20:00,2026-08-05T00:00:00+00:00,28.2,7
New York City,2026-07-26T11:40:51.926108+00:00,2026-08-04T21:00,2026-08-05T01:00:00+00:00,27.7,10
New York City,2026-07-26T11:40:51.926108+00:00,2026-08-04T22:00,2026-08-05T02:00:00+00:00,27.2,10
New York City,2026-07-26T11:40:51.926108+00:00,2026-08-04T23:00,2026-08-05T03:00:00+00:00,26.6,10
New York City,2026-07-26T11:40:51.926108+00:00,2026-08-05T00:00,2026-08-05T04:00:00+00:00,25.9,10
New York City,2026-07-26T11:40:51.926108+00:00,2026-08-05T01:00,2026-08-05T05:00:00+00:00,25.2,10
New York City,2026-07-26T11:40:51.926108+00:00,2026-08-05T02:00,2026-08-05T06:00:00+00:00,24.7,10
New York City,2026-07-26T11:40:51.926108+00:00,2026-08-05T03:00,2026-08-05T07:00:00+00:00,24.2,6
New York City,2026-07-26T11:40:51.926108+00:00,2026-08-05T04:00,2026-08-05T08:00:00+00:00,23.9,6
New York City,2026-07-26T11:40:51.926108+00:00,2026-08-05T05:00,2026-08-05T09:00:00+00:00,23.8,6
New York City,2026-07-26T11:40:51.926108+00:00,2026-08-05T06:00,2026-08-05T10:00:00+00:00,24.0,6
New York City,2026-07-26T11:40:51.926108+00:00,2026-08-05T07:00,2026-08-05T11:00:00+00:00,24.5,6
New York City,2026-07-26T11:40:51.926108+00:00,2026-08-05T08:00,2026-08-05T12:00:00+00:00,25.3,6
New York City,2026-07-26T11:40:51.926108+00:00,2026-08-05T09:00,2026-08-05T13:00:00+00:00,26.6,10
New York City,2026-07-26T11:40:51.926108+00:00,2026-08-05T10:00,2026-08-05T14:00:00+00:00,28.3,10
New York City,2026-07-26T11:40:51.926108+00:00,2026-08-05T11:00,2026-08-05T15:00:00+00:00,29.8,10
New York City,2026-07-26T11:40:51.926108+00:00,2026-08-05T12:00,2026-08-05T16:00:00+00:00,30.8,10
New York City,2026-07-26T11:40:51.926108+00:00,2026-08-05T13:00,2026-08-05T17:00:00+00:00,31.5,10
New York City,2026-07-26T11:40:51.926108+00:00,2026-08-05T14:00,2026-08-05T18:00:00+00:00,31.9,10
New York City,2026-07-26T11:40:51.926108+00:00,2026-08-05T15:00,2026-08-05T19:00:00+00:00,32.0,15
New York City,2026-07-26T11:40:51.926108+00:00,2026-08-05T16:00,2026-08-05T20:00:00+00:00,31.8,15
New York City,2026-07-26T11:40:51.926108+00:00,2026-08-05T17:00,2026-08-05T21:00:00+00:00,31.2,15
New York City,2026-07-26T11:40:51.926108+00:00,2026-08-05T18:00,2026-08-05T22:00:00+00:00,29.8,15
New York City,2026-07-26T11:40:51.926108+00:00,2026-08-05T19:00,2026-08-05T23:00:00+00:00,27.9,15
New York City,2026-07-26T11:40:51.926108+00:00,2026-08-05T20:00,2026-08-06T00:00:00+00:00,26.5,15
New York City,2026-07-26T11:40:51.926108+00:00,2026-08-05T21:00,2026-08-06T01:00:00+00:00,25.9,13
New York City,2026-07-26T11:40:51.926108+00:00,2026-08-05T22:00,2026-08-06T02:00:00+00:00,25.6,13
New York City,2026-07-26T11:40:51.926108+00:00,2026-08-05T23:00,2026-08-06T03:00:00+00:00,25.5,13
New York City,2026-07-26T11:40:51.926108+00:00,2026-08-06T00:00,2026-08-06T04:00:00+00:00,25.3,16
New York City,2026-07-26T11:40:51.926108+00:00,2026-08-06T01:00,2026-08-06T05:00:00+00:00,25.1,20
New York City,2026-07-26T11:40:51.926108+00:00,2026-08-06T02:00,2026-08-06T06:00:00+00:00,24.9,23
New York City,2026-07-26T11:40:51.926108+00:00,2026-08-06T03:00,2026-08-06T07:00:00+00:00,24.5,27
New York City,2026-07-26T11:40:51.926108+00:00,2026-08-06T04:00,2026-08-06T08:00:00+00:00,24.2,29
New York City,2026-07-26T11:40:51.926108+00:00,2026-08-06T05:00,2026-08-06T09:00:00+00:00,24.1,31
New York City,2026-07-26T11:40:51.926108+00:00,2026-08-06T06:00,2026-08-06T10:00:00+00:00,24.4,33
New York City,2026-07-26T11:40:51.926108+00:00,2026-08-06T07:00,2026-08-06T11:00:00+00:00,24.9,35
New York City,2026-07-26T11:40:51.926108+00:00,2026-08-06T08:00,2026-08-06T12:00:00+00:00,25.7,35
New York City,2026-07-26T11:40:51.926108+00:00,2026-08-06T09:00,2026-08-06T13:00:00+00:00,26.8,33
New York City,2026-07-26T11:40:51.926108+00:00,2026-08-06T10:00,2026-08-06T14:00:00+00:00,28.1,30
New York City,2026-07-26T11:40:51.926108+00:00,2026-08-06T11:00,2026-08-06T15:00:00+00:00,29.3,27
New York City,2026-07-26T11:40:51.926108+00:00,2026-08-06T12:00,2026-08-06T16:00:00+00:00,30.2,24
New York City,2026-07-26T11:40:51.926108+00:00,2026-08-06T13:00,2026-08-06T17:00:00+00:00,30.9,21
New York City,2026-07-26T11:40:51.926108+00:00,2026-08-06T14:00,2026-08-06T18:00:00+00:00,31.1,19
New York City,2026-07-26T11:40:51.926108+00:00,2026-08-06T15:00,2026-08-06T19:00:00+00:00,30.3,18
New York City,2026-07-26T11:40:51.926108+00:00,2026-08-06T16:00,2026-08-06T20:00:00+00:00,29.0,18
New York City,2026-07-26T11:40:51.926108+00:00,2026-08-06T17:00,2026-08-06T21:00:00+00:00,27.7,19
New York City,2026-07-26T11:40:51.926108+00:00,2026-08-06T18:00,2026-08-06T22:00:00+00:00,26.6,20
New York City,2026-07-26T11:40:51.926108+00:00,2026-08-06T19:00,2026-08-06T23:00:00+00:00,25.6,21
New York City,2026-07-26T11:40:51.926108+00:00,2026-08-06T20:00,2026-08-07T00:00:00+00:00,24.9,23
New York City,2026-07-26T11:40:51.926108+00:00,2026-08-06T21:00,2026-08-07T01:00:00+00:00,24.4,25
New York City,2026-07-26T11:40:51.926108+00:00,2026-08-06T22:00,2026-08-07T02:00:00+00:00,24.1,26
New York City,2026-07-26T11:40:51.926108+00:00,2026-08-06T23:00,2026-08-07T03:00:00+00:00,24.0,28
New York City,2026-07-26T11:40:51.926108+00:00,2026-08-07T00:00,2026-08-07T04:00:00+00:00,24.2,30
New York City,2026-07-26T11:40:51.926108+00:00,2026-08-07T01:00,2026-08-07T05:00:00+00:00,24.5,31
New York City,2026-07-26T11:40:51.926108+00:00,2026-08-07T02:00,2026-08-07T06:00:00+00:00,24.4,32
New York City,2026-07-26T11:40:51.926108+00:00,2026-08-07T03:00,2026-08-07T07:00:00+00:00,23.4,32
New York City,2026-07-26T11:40:51.926108+00:00,2026-08-07T04:00,2026-08-07T08:00:00+00:00,22.1,31
New York City,2026-07-26T11:40:51.926108+00:00,2026-08-07T05:00,2026-08-07T09:00:00+00:00,21.0,30
New York City,2026-07-26T11:40:51.926108+00:00,2026-08-07T06:00,2026-08-07T10:00:00+00:00,20.3,29
New York City,2026-07-26T11:40:51.926108+00:00,2026-08-07T07:00,2026-08-07T11:00:00+00:00,19.9,28
New York City,2026-07-26T11:40:51.926108+00:00,2026-08-07T08:00,2026-08-07T12:00:00+00:00,19.9,26
New York City,2026-07-26T11:40:51.926108+00:00,2026-08-07T09:00,2026-08-07T13:00:00+00:00,20.2,24
New York City,2026-07-26T11:40:51.926108+00:00,2026-08-07T10:00,2026-08-07T14:00:00+00:00,20.9,21
New York City,2026-07-26T11:40:51.926108+00:00,2026-08-07T11:00,2026-08-07T15:00:00+00:00,22.0,18
New York City,2026-07-26T11:40:51.926108+00:00,2026-08-07T12:00,2026-08-07T16:00:00+00:00,23.8,16
New York City,2026-07-26T11:40:51.926108+00:00,2026-08-07T13:00,2026-08-07T17:00:00+00:00,26.0,13
New York City,2026-07-26T11:40:51.926108+00:00,2026-08-07T14:00,2026-08-07T18:00:00+00:00,27.7,13
New York City,2026-07-26T11:40:51.926108+00:00,2026-08-07T15:00,2026-08-07T19:00:00+00:00,28.5,15
New York City,2026-07-26T11:40:51.926108+00:00,2026-08-07T16:00,2026-08-07T20:00:00+00:00,28.9,19
New York City,2026-07-26T11:40:51.926108+00:00,2026-08-07T17:00,2026-08-07T21:00:00+00:00,28.9,23
New York City,2026-07-26T11:40:51.926108+00:00,2026-08-07T18:00,2026-08-07T22:00:00+00:00,28.4,27
New York City,2026-07-26T11:40:51.926108+00:00,2026-08-07T19:00,2026-08-07T23:00:00+00:00,27.6,30
New York City,2026-07-26T11:40:51.926108+00:00,2026-08-07T20:00,2026-08-08T00:00:00+00:00,26.7,32
New York City,2026-07-26T11:40:51.926108+00:00,2026-08-07T21:00,2026-08-08T01:00:00+00:00,25.8,32
New York City,2026-07-26T11:40:51.926108+00:00,2026-08-07T22:00,2026-08-08T02:00:00+00:00,25.0,30
New York City,2026-07-26T11:40:51.926108+00:00,2026-08-07T23:00,2026-08-08T03:00:00+00:00,24.1,28
New York City,2026-07-26T11:40:51.926108+00:00,2026-08-08T00:00,2026-08-08T04:00:00+00:00,23.2,25
New York City,2026-07-26T11:40:51.926108+00:00,2026-08-08T01:00,2026-08-08T05:00:00+00:00,22.3,22
New York City,2026-07-26T11:40:51.926108+00:00,2026-08-08T02:00,2026-08-08T06:00:00+00:00,21.5,19
New York City,2026-07-26T11:40:51.926108+00:00,2026-08-08T03:00,2026-08-08T07:00:00+00:00,20.7,16
New York City,2026-07-26T11:40:51.926108+00:00,2026-08-08T04:00,2026-08-08T08:00:00+00:00,19.9,13
New York City,2026-07-26T11:40:51.926108+00:00,2026-08-08T05:00,2026-08-08T09:00:00+00:00,19.4,11
New York City,2026-07-26T11:40:51.926108+00:00,2026-08-08T06:00,2026-08-08T10:00:00+00:00,19.1,9
New York City,2026-07-26T11:40:51.926108+00:00,2026-08-08T07:00,2026-08-08T11:00:00+00:00,19.1,7
New York City,2026-07-26T11:40:51.926108+00:00,2026-08-08T08:00,2026-08-08T12:00:00+00:00,19.5,6
New York City,2026-07-26T11:40:51.926108+00:00,2026-08-08T09:00,2026-08-08T13:00:00+00:00,20.3,6
New York City,2026-07-26T11:40:51.926108+00:00,2026-08-08T10:00,2026-08-08T14:00:00+00:00,21.5,8
New York City,2026-07-26T11:40:51.926108+00:00,2026-08-08T11:00,2026-08-08T15:00:00+00:00,22.7,9
New York City,2026-07-26T11:40:51.926108+00:00,2026-08-08T12:00,2026-08-08T16:00:00+00:00,23.8,10
New York City,2026-07-26T11:40:51.926108+00:00,2026-08-08T13:00,2026-08-08T17:00:00+00:00,25.0,12
New York City,2026-07-26T11:40:51.926108+00:00,2026-08-08T14:00,2026-08-08T18:00:00+00:00,25.9,13
New York City,2026-07-26T11:40:51.926108+00:00,2026-08-08T15:00,2026-08-08T19:00:00+00:00,26.6,13
New York City,2026-07-26T11:40:51.926108+00:00,2026-08-08T16:00,2026-08-08T20:00:00+00:00,27.0,12
New York City,2026-07-26T11:40:51.926108+00:00,2026-08-08T17:00,2026-08-08T21:00:00+00:00,27.0,11
New York City,2026-07-26T11:40:51.926108+00:00,2026-08-08T18:00,2026-08-08T22:00:00+00:00,26.0,10
New York City,2026-07-26T11:40:51.926108+00:00,2026-08-08T19:00,2026-08-08T23:00:00+00:00,24.4,10
New York City,2026-07-26T11:40:51.926108+00:00,2026-08-08T20:00,2026-08-09T00:00:00+00:00,23.2,10
New York City,2026-07-26T11:40:51.926108+00:00,2026-08-08T21:00,2026-08-09T01:00:00+00:00,22.7,11
New York City,2026-07-26T11:40:51.926108+00:00,2026-08-08T22:00,2026-08-09T02:00:00+00:00,22.5,12
New York City,2026-07-26T11:40:51.926108+00:00,2026-08-08T23:00,2026-08-09T03:00:00+00:00,22.3,14
New York City,2026-07-26T11:40:51.926108+00:00,2026-08-09T00:00,2026-08-09T04:00:00+00:00,22.0,16
New York City,2026-07-26T11:40:51.926108+00:00,2026-08-09T01:00,2026-08-09T05:00:00+00:00,21.8,17
New York City,2026-07-26T11:40:51.926108+00:00,2026-08-09T02:00,2026-08-09T06:00:00+00:00,21.6,19
New York City,2026-07-26T11:40:51.926108+00:00,2026-08-09T03:00,2026-08-09T07:00:00+00:00,21.3,21
New York City,2026-07-26T11:40:51.926108+00:00,2026-08-09T04:00,2026-08-09T08:00:00+00:00,21.1,23
New York City,2026-07-26T11:40:51.926108+00:00,2026-08-09T05:00,2026-08-09T09:00:00+00:00,21.0,24
New York City,2026-07-26T11:40:51.926108+00:00,2026-08-09T06:00,2026-08-09T10:00:00+00:00,21.1,25
New York City,2026-07-26T11:40:51.926108+00:00,2026-08-09T07:00,2026-08-09T11:00:00+00:00,21.3,26
New York City,2026-07-26T11:40:51.926108+00:00,2026-08-09T08:00,2026-08-09T12:00:00+00:00,21.8,26
New York City,2026-07-26T11:40:51.926108+00:00,2026-08-09T09:00,2026-08-09T13:00:00+00:00,22.7,24
New York City,2026-07-26T11:40:51.926108+00:00,2026-08-09T10:00,2026-08-09T14:00:00+00:00,23.9,21
New York City,2026-07-26T11:40:51.926108+00:00,2026-08-09T11:00,2026-08-09T15:00:00+00:00,24.9,18
New York City,2026-07-26T11:40:51.926108+00:00,2026-08-09T12:00,2026-08-09T16:00:00+00:00,25.6,15
New York City,2026-07-26T11:40:51.926108+00:00,2026-08-09T13:00,2026-08-09T17:00:00+00:00,26.1,12
New York City,2026-07-26T11:40:51.926108+00:00,2026-08-09T14:00,2026-08-09T18:00:00+00:00,26.4,10
New York City,2026-07-26T11:40:51.926108+00:00,2026-08-09T15:00,2026-08-09T19:00:00+00:00,26.4,9
New York City,2026-07-26T11:40:51.926108+00:00,2026-08-09T16:00,2026-08-09T20:00:00+00:00,26.3,9
New York City,2026-07-26T11:40:51.926108+00:00,2026-08-09T17:00,2026-08-09T21:00:00+00:00,25.9,10
New York City,2026-07-26T11:40:51.926108+00:00,2026-08-09T18:00,2026-08-09T22:00:00+00:00,25.1,11
New York City,2026-07-26T11:40:51.926108+00:00,2026-08-09T19:00,2026-08-09T23:00:00+00:00,24.1,12
New York City,2026-07-26T11:40:51.926108+00:00,2026-08-09T20:00,2026-08-10T00:00:00+00:00,23.3,13
New York City,2026-07-26T11:40:51.926108+00:00,2026-08-09T21:00,2026-08-10T01:00:00+00:00,22.8,15
New York City,2026-07-26T11:40:51.926108+00:00,2026-08-09T22:00,2026-08-10T02:00:00+00:00,22.4,16
New York City,2026-07-26T11:40:51.926108+00:00,2026-08-09T23:00,2026-08-10T03:00:00+00:00,22.2,18
New York City,2026-07-26T11:40:51.926108+00:00,2026-08-10T00:00,2026-08-10T04:00:00+00:00,22.0,20
New York City,2026-07-26T11:40:51.926108+00:00,2026-08-10T01:00,2026-08-10T05:00:00+00:00,21.9,22
New York City,2026-07-26T11:40:51.926108+00:00,2026-08-10T02:00,2026-08-10T06:00:00+00:00,21.8,23
New York City,2026-07-26T11:40:51.926108+00:00,2026-08-10T03:00,2026-08-10T07:00:00+00:00,21.7,24
New York City,2026-07-26T11:40:51.926108+00:00,2026-08-10T04:00,2026-08-10T08:00:00+00:00,21.7,24
New York City,2026-07-26T11:40:51.926108+00:00,2026-08-10T05:00,2026-08-10T09:00:00+00:00,21.5,24
New York City,2026-07-26T11:40:51.926108+00:00,2026-08-10T06:00,2026-08-10T10:00:00+00:00,20.8,24
New York City,2026-07-26T11:40:51.926108+00:00,2026-08-10T07:00,2026-08-10T11:00:00+00:00,19.9,24
New York City,2026-07-26T11:40:51.926108+00:00,2026-08-10T08:00,2026-08-10T12:00:00+00:00,19.3,23
New York City,2026-07-26T11:40:51.926108+00:00,2026-08-10T09:00,2026-08-10T13:00:00+00:00,19.0,22
New York City,2026-07-26T11:40:51.926108+00:00,2026-08-10T10:00,2026-08-10T14:00:00+00:00,18.9,20
New York City,2026-07-26T11:40:51.926108+00:00,2026-08-10T11:00,2026-08-10T15:00:00+00:00,18.9,19
New York City,2026-07-26T11:40:51.926108+00:00,2026-08-10T12:00,2026-08-10T16:00:00+00:00,18.8,18
New York City,2026-07-26T11:40:51.926108+00:00,2026-08-10T13:00,2026-08-10T17:00:00+00:00,18.8,16
New York City,2026-07-26T11:40:51.926108+00:00,2026-08-10T14:00,2026-08-10T18:00:00+00:00,18.9,16
New York City,2026-07-26T11:40:51.926108+00:00,2026-08-10T15:00,2026-08-10T19:00:00+00:00,19.1,17
New York City,2026-07-26T11:40:51.926108+00:00,2026-08-10T16:00,2026-08-10T20:00:00+00:00,19.5,19
New York City,2026-07-26T11:40:51.926108+00:00,2026-08-10T17:00,2026-08-10T21:00:00+00:00,19.7,21
New York City,2026-07-26T11:40:51.926108+00:00,2026-08-10T18:00,2026-08-10T22:00:00+00:00,19.4,22
New York City,2026-07-26T11:40:51.926108+00:00,2026-08-10T19:00,2026-08-10T23:00:00+00:00,19.0,23
New York City,2026-07-26T11:40:51.926108+00:00,2026-08-10T20:00,2026-08-11T00:00:00+00:00,18.7,26
New York City,2026-07-26T11:40:51.926108+00:00,2026-08-10T21:00,2026-08-11T01:00:00+00:00,18.5,32
New York City,2026-07-26T11:40:51.926108+00:00,2026-08-10T22:00,2026-08-11T02:00:00+00:00,18.4,41
New York City,2026-07-26T11:40:51.926108+00:00,2026-08-10T23:00,2026-08-11T03:00:00+00:00,18.4,48
New York City,2026-07-26T13:57:12.524857+00:00,2026-07-26T00:00,2026-07-26T04:00:00+00:00,18.4,0
New York City,2026-07-26T13:57:12.524857+00:00,2026-07-26T01:00,2026-07-26T05:00:00+00:00,17.8,0
New York City,2026-07-26T13:57:12.524857+00:00,2026-07-26T02:00,2026-07-26T06:00:00+00:00,18.6,0
New York City,2026-07-26T13:57:12.524857+00:00,2026-07-26T03:00,2026-07-26T07:00:00+00:00,17.5,0
New York City,2026-07-26T13:57:12.524857+00:00,2026-07-26T04:00,2026-07-26T08:00:00+00:00,16.9,0
New York City,2026-07-26T13:57:12.524857+00:00,2026-07-26T05:00,2026-07-26T09:00:00+00:00,15.9,0
New York City,2026-07-26T13:57:12.524857+00:00,2026-07-26T06:00,2026-07-26T10:00:00+00:00,16.0,0
New York City,2026-07-26T13:57:12.524857+00:00,2026-07-26T07:00,2026-07-26T11:00:00+00:00,18.2,0
New York City,2026-07-26T13:57:12.524857+00:00,2026-07-26T08:00,2026-07-26T12:00:00+00:00,21.6,0
New York City,2026-07-26T13:57:12.524857+00:00,2026-07-26T09:00,2026-07-26T13:00:00+00:00,23.1,0
New York City,2026-07-26T13:57:12.524857+00:00,2026-07-26T10:00,2026-07-26T14:00:00+00:00,24.4,0
New York City,2026-07-26T13:57:12.524857+00:00,2026-07-26T11:00,2026-07-26T15:00:00+00:00,25.9,0
New York City,2026-07-26T13:57:12.524857+00:00,2026-07-26T12:00,2026-07-26T16:00:00+00:00,27.3,0
New York City,2026-07-26T13:57:12.524857+00:00,2026-07-26T13:00,2026-07-26T17:00:00+00:00,28.4,0
New York City,2026-07-26T13:57:12.524857+00:00,2026-07-26T14:00,2026-07-26T18:00:00+00:00,29.2,0
New York City,2026-07-26T13:57:12.524857+00:00,2026-07-26T15:00,2026-07-26T19:00:00+00:00,29.7,0
New York City,2026-07-26T13:57:12.524857+00:00,2026-07-26T16:00,2026-07-26T20:00:00+00:00,29.9,0
New York City,2026-07-26T13:57:12.524857+00:00,2026-07-26T17:00,2026-07-26T21:00:00+00:00,29.4,1
New York City,2026-07-26T13:57:12.524857+00:00,2026-07-26T18:00,2026-07-26T22:00:00+00:00,28.4,1
New York City,2026-07-26T13:57:12.524857+00:00,2026-07-26T19:00,2026-07-26T23:00:00+00:00,26.2,1
New York City,2026-07-26T13:57:12.524857+00:00,2026-07-26T20:00,2026-07-27T00:00:00+00:00,24.3,2
New York City,2026-07-26T13:57:12.524857+00:00,2026-07-26T21:00,2026-07-27T01:00:00+00:00,23.2,1
New York City,2026-07-26T13:57:12.524857+00:00,2026-07-26T22:00,2026-07-27T02:00:00+00:00,23.4,2
New York City,2026-07-26T13:57:12.524857+00:00,2026-07-26T23:00,2026-07-27T03:00:00+00:00,22.1,2
New York City,2026-07-26T13:57:12.524857+00:00,2026-07-27T00:00,2026-07-27T04:00:00+00:00,21.4,2
New York City,2026-07-26T13:57:12.524857+00:00,2026-07-27T01:00,2026-07-27T05:00:00+00:00,21.8,2
New York City,2026-07-26T13:57:12.524857+00:00,2026-07-27T02:00,2026-07-27T06:00:00+00:00,21.3,4
New York City,2026-07-26T13:57:12.524857+00:00,2026-07-27T03:00,2026-07-27T07:00:00+00:00,20.4,3
New York City,2026-07-26T13:57:12.524857+00:00,2026-07-27T04:00,2026-07-27T08:00:00+00:00,19.7,3
New York City,2026-07-26T13:57:12.524857+00:00,2026-07-27T05:00,2026-07-27T09:00:00+00:00,19.0,4
New York City,2026-07-26T13:57:12.524857+00:00,2026-07-27T06:00,2026-07-27T10:00:00+00:00,18.6,5
New York City,2026-07-26T13:57:12.524857+00:00,2026-07-27T07:00,2026-07-27T11:00:00+00:00,20.5,3
New York City,2026-07-26T13:57:12.524857+00:00,2026-07-27T08:00,2026-07-27T12:00:00+00:00,23.1,3
New York City,2026-07-26T13:57:12.524857+00:00,2026-07-27T09:00,2026-07-27T13:00:00+00:00,25.6,2
New York City,2026-07-26T13:57:12.524857+00:00,2026-07-27T10:00,2026-07-27T14:00:00+00:00,27.6,4
New York City,2026-07-26T13:57:12.524857+00:00,2026-07-27T11:00,2026-07-27T15:00:00+00:00,29.2,5
New York City,2026-07-26T13:57:12.524857+00:00,2026-07-27T12:00,2026-07-27T16:00:00+00:00,29.7,9
New York City,2026-07-26T13:57:12.524857+00:00,2026-07-27T13:00,2026-07-27T17:00:00+00:00,30.0,13
New York City,2026-07-26T13:57:12.524857+00:00,2026-07-27T14:00,2026-07-27T18:00:00+00:00,29.7,15
New York City,2026-07-26T13:57:12.524857+00:00,2026-07-27T15:00,2026-07-27T19:00:00+00:00,29.3,18
New York City,2026-07-26T13:57:12.524857+00:00,2026-07-27T16:00,2026-07-27T20:00:00+00:00,27.9,20
New York City,2026-07-26T13:57:12.524857+00:00,2026-07-27T17:00,2026-07-27T21:00:00+00:00,27.9,20
New York City,2026-07-26T13:57:12.524857+00:00,2026-07-27T18:00,2026-07-27T22:00:00+00:00,27.2,22
New York City,2026-07-26T13:57:12.524857+00:00,2026-07-27T19:00,2026-07-27T23:00:00+00:00,25.8,22
New York City,2026-07-26T13:57:12.524857+00:00,2026-07-27T20:00,2026-07-28T00:00:00+00:00,25.5,35
New York City,2026-07-26T13:57:12.524857+00:00,2026-07-27T21:00,2026-07-28T01:00:00+00:00,23.3,20
New York City,2026-07-26T13:57:12.524857+00:00,2026-07-27T22:00,2026-07-28T02:00:00+00:00,21.9,20
New York City,2026-07-26T13:57:12.524857+00:00,2026-07-27T23:00,2026-07-28T03:00:00+00:00,20.7,20
New York City,2026-07-26T13:57:12.524857+00:00,2026-07-28T00:00,2026-07-28T04:00:00+00:00,20.6,20
New York City,2026-07-26T13:57:12.524857+00:00,2026-07-28T01:00,2026-07-28T05:00:00+00:00,20.8,20
New York City,2026-07-26T13:57:12.524857+00:00,2026-07-28T02:00,2026-07-28T06:00:00+00:00,21.0,20
New York City,2026-07-26T13:57:12.524857+00:00,2026-07-28T03:00,2026-07-28T07:00:00+00:00,20.7,22
New York City,2026-07-26T13:57:12.524857+00:00,2026-07-28T04:00,2026-07-28T08:00:00+00:00,20.4,22
New York City,2026-07-26T13:57:12.524857+00:00,2026-07-28T05:00,2026-07-28T09:00:00+00:00,20.3,22
New York City,2026-07-26T13:57:12.524857+00:00,2026-07-28T06:00,2026-07-28T10:00:00+00:00,20.4,22
New York City,2026-07-26T13:57:12.524857+00:00,2026-07-28T07:00,2026-07-28T11:00:00+00:00,21.4,22
New York City,2026-07-26T13:57:12.524857+00:00,2026-07-28T08:00,2026-07-28T12:00:00+00:00,23.1,22
New York City,2026-07-26T13:57:12.524857+00:00,2026-07-28T09:00,2026-07-28T13:00:00+00:00,25.1,62
New York City,2026-07-26T13:57:12.524857+00:00,2026-07-28T10:00,2026-07-28T14:00:00+00:00,26.3,62
New York City,2026-07-26T13:57:12.524857+00:00,2026-07-28T11:00,2026-07-28T15:00:00+00:00,27.1,62
New York City,2026-07-26T13:57:12.524857+00:00,2026-07-28T12:00,2026-07-28T16:00:00+00:00,27.3,62
New York City,2026-07-26T13:57:12.524857+00:00,2026-07-28T13:00,2026-07-28T17:00:00+00:00,28.1,62
New York City,2026-07-26T13:57:12.524857+00:00,2026-07-28T14:00,2026-07-28T18:00:00+00:00,28.5,62
New York City,2026-07-26T13:57:12.524857+00:00,2026-07-28T15:00,2026-07-28T19:00:00+00:00,28.2,77
New York City,2026-07-26T13:57:12.524857+00:00,2026-07-28T16:00,2026-07-28T20:00:00+00:00,27.1,77
New York City,2026-07-26T13:57:12.524857+00:00,2026-07-28T17:00,2026-07-28T21:00:00+00:00,22.9,77
New York City,2026-07-26T13:57:12.524857+00:00,2026-07-28T18:00,2026-07-28T22:00:00+00:00,23.3,77
New York City,2026-07-26T13:57:12.524857+00:00,2026-07-28T19:00,2026-07-28T23:00:00+00:00,23.2,77
New York City,2026-07-26T13:57:12.524857+00:00,2026-07-28T20:00,2026-07-29T00:00:00+00:00,23.3,77
New York City,2026-07-26T13:57:12.524857+00:00,2026-07-28T21:00,2026-07-29T01:00:00+00:00,23.2,76
New York City,2026-07-26T13:57:12.524857+00:00,2026-07-28T22:00,2026-07-29T02:00:00+00:00,23.0,76
New York City,2026-07-26T13:57:12.524857+00:00,2026-07-28T23:00,2026-07-29T03:00:00+00:00,22.8,76
New York City,2026-07-26T13:57:12.524857+00:00,2026-07-29T00:00,2026-07-29T04:00:00+00:00,21.4,76
New York City,2026-07-26T13:57:12.524857+00:00,2026-07-29T01:00,2026-07-29T05:00:00+00:00,21.5,76
New York City,2026-07-26T13:57:12.524857+00:00,2026-07-29T02:00,2026-07-29T06:00:00+00:00,21.8,76
New York City,2026-07-26T13:57:12.524857+00:00,2026-07-29T03:00,2026-07-29T07:00:00+00:00,21.6,60
New York City,2026-07-26T13:57:12.524857+00:00,2026-07-29T04:00,2026-07-29T08:00:00+00:00,21.5,60
New York City,2026-07-26T13:57:12.524857+00:00,2026-07-29T05:00,2026-07-29T09:00:00+00:00,21.5,60
New York City,2026-07-26T13:57:12.524857+00:00,2026-07-29T06:00,2026-07-29T10:00:00+00:00,21.6,60
New York City,2026-07-26T13:57:12.524857+00:00,2026-07-29T07:00,2026-07-29T11:00:00+00:00,21.7,60
New York City,2026-07-26T13:57:12.524857+00:00,2026-07-29T08:00,2026-07-29T12:00:00+00:00,21.9,60
New York City,2026-07-26T13:57:12.524857+00:00,2026-07-29T09:00,2026-07-29T13:00:00+00:00,22.5,54
New York City,2026-07-26T13:57:12.524857+00:00,2026-07-29T10:00,2026-07-29T14:00:00+00:00,22.5,54
New York City,2026-07-26T13:57:12.524857+00:00,2026-07-29T11:00,2026-07-29T15:00:00+00:00,21.7,54
New York City,2026-07-26T13:57:12.524857+00:00,2026-07-29T12:00,2026-07-29T16:00:00+00:00,22.5,54
New York City,2026-07-26T13:57:12.524857+00:00,2026-07-29T13:00,2026-07-29T17:00:00+00:00,22.7,54
New York City,2026-07-26T13:57:12.524857+00:00,2026-07-29T14:00,2026-07-29T18:00:00+00:00,22.0,54
New York City,2026-07-26T13:57:12.524857+00:00,2026-07-29T15:00,2026-07-29T19:00:00+00:00,21.4,65
New York City,2026-07-26T13:57:12.524857+00:00,2026-07-29T16:00,2026-07-29T20:00:00+00:00,21.3,65
New York City,2026-07-26T13:57:12.524857+00:00,2026-07-29T17:00,2026-07-29T21:00:00+00:00,20.9,65
New York City,2026-07-26T13:57:12.524857+00:00,2026-07-29T18:00,2026-07-29T22:00:00+00:00,21.2,65
New York City,2026-07-26T13:57:12.524857+00:00,2026-07-29T19:00,2026-07-29T23:00:00+00:00,21.5,65
New York City,2026-07-26T13:57:12.524857+00:00,2026-07-29T20:00,2026-07-30T00:00:00+00:00,21.4,65
New York City,2026-07-26T13:57:12.524857+00:00,2026-07-29T21:00,2026-07-30T01:00:00+00:00,21.2,49
New York City,2026-07-26T13:57:12.524857+00:00,2026-07-29T22:00,2026-07-30T02:00:00+00:00,21.2,49
New York City,2026-07-26T13:57:12.524857+00:00,2026-07-29T23:00,2026-07-30T03:00:00+00:00,21.0,49
New York City,2026-07-26T13:57:12.524857+00:00,2026-07-30T00:00,2026-07-30T04:00:00+00:00,21.0,49
New York City,2026-07-26T13:57:12.524857+00:00,2026-07-30T01:00,2026-07-30T05:00:00+00:00,21.2,49
New York City,2026-07-26T13:57:12.524857+00:00,2026-07-30T02:00,2026-07-30T06:00:00+00:00,20.9,49
New York City,2026-07-26T13:57:12.524857+00:00,2026-07-30T03:00,2026-07-30T07:00:00+00:00,20.7,28
New York City,2026-07-26T13:57:12.524857+00:00,2026-07-30T04:00,2026-07-30T08:00:00+00:00,20.4,28
New York City,2026-07-26T13:57:12.524857+00:00,2026-07-30T05:00,2026-07-30T09:00:00+00:00,20.2,28
New York City,2026-07-26T13:57:12.524857+00:00,2026-07-30T06:00,2026-07-30T10:00:00+00:00,20.1,28
New York City,2026-07-26T13:57:12.524857+00:00,2026-07-30T07:00,2026-07-30T11:00:00+00:00,20.1,28
New York City,2026-07-26T13:57:12.524857+00:00,2026-07-30T08:00,2026-07-30T12:00:00+00:00,20.2,28
New York City,2026-07-26T13:57:12.524857+00:00,2026-07-30T09:00,2026-07-30T13:00:00+00:00,20.3,15
New York City,2026-07-26T13:57:12.524857+00:00,2026-07-30T10:00,2026-07-30T14:00:00+00:00,20.6,15
New York City,2026-07-26T13:57:12.524857+00:00,2026-07-30T11:00,2026-07-30T15:00:00+00:00,20.9,15
New York City,2026-07-26T13:57:12.524857+00:00,2026-07-30T12:00,2026-07-30T16:00:00+00:00,21.9,15
New York City,2026-07-26T13:57:12.524857+00:00,2026-07-30T13:00,2026-07-30T17:00:00+00:00,22.9,15
New York City,2026-07-26T13:57:12.524857+00:00,2026-07-30T14:00,2026-07-30T18:00:00+00:00,22.9,15
New York City,2026-07-26T13:57:12.524857+00:00,2026-07-30T15:00,2026-07-30T19:00:00+00:00,23.2,31
New York City,2026-07-26T13:57:12.524857+00:00,2026-07-30T16:00,2026-07-30T20:00:00+00:00,23.0,31
New York City,2026-07-26T13:57:12.524857+00:00,2026-07-30T17:00,2026-07-30T21:00:00+00:00,22.4,31
New York City,2026-07-26T13:57:12.524857+00:00,2026-07-30T18:00,2026-07-30T22:00:00+00:00,21.9,31
New York City,2026-07-26T13:57:12.524857+00:00,2026-07-30T19:00,2026-07-30T23:00:00+00:00,21.5,31
New York City,2026-07-26T13:57:12.524857+00:00,2026-07-30T20:00,2026-07-31T00:00:00+00:00,21.3,31
New York City,2026-07-26T13:57:12.524857+00:00,2026-07-30T21:00,2026-07-31T01:00:00+00:00,20.9,16
New York City,2026-07-26T13:57:12.524857+00:00,2026-07-30T22:00,2026-07-31T02:00:00+00:00,20.7,16
New York City,2026-07-26T13:57:12.524857+00:00,2026-07-30T23:00,2026-07-31T03:00:00+00:00,20.6,16
New York City,2026-07-26T13:57:12.524857+00:00,2026-07-31T00:00,2026-07-31T04:00:00+00:00,20.4,16
New York City,2026-07-26T13:57:12.524857+00:00,2026-07-31T01:00,2026-07-31T05:00:00+00:00,20.2,16
New York City,2026-07-26T13:57:12.524857+00:00,2026-07-31T02:00,2026-07-31T06:00:00+00:00,20.1,16
New York City,2026-07-26T13:57:12.524857+00:00,2026-07-31T03:00,2026-07-31T07:00:00+00:00,20.0,3
New York City,2026-07-26T13:57:12.524857+00:00,2026-07-31T04:00,2026-07-31T08:00:00+00:00,19.9,3
New York City,2026-07-26T13:57:12.524857+00:00,2026-07-31T05:00,2026-07-31T09:00:00+00:00,19.9,3
New York City,2026-07-26T13:57:12.524857+00:00,2026-07-31T06:00,2026-07-31T10:00:00+00:00,19.7,3
New York City,2026-07-26T13:57:12.524857+00:00,2026-07-31T07:00,2026-07-31T11:00:00+00:00,19.4,3
New York City,2026-07-26T13:57:12.524857+00:00,2026-07-31T08:00,2026-07-31T12:00:00+00:00,19.7,3
New York City,2026-07-26T13:57:12.524857+00:00,2026-07-31T09:00,2026-07-31T13:00:00+00:00,20.7,4
New York City,2026-07-26T13:57:12.524857+00:00,2026-07-31T10:00,2026-07-31T14:00:00+00:00,22.2,4
New York City,2026-07-26T13:57:12.524857+00:00,2026-07-31T11:00,2026-07-31T15:00:00+00:00,23.6,4
New York City,2026-07-26T13:57:12.524857+00:00,2026-07-31T12:00,2026-07-31T16:00:00+00:00,24.8,4
New York City,2026-07-26T13:57:12.524857+00:00,2026-07-31T13:00,2026-07-31T17:00:00+00:00,26.0,4
New York City,2026-07-26T13:57:12.524857+00:00,2026-07-31T14:00,2026-07-31T18:00:00+00:00,26.9,4
New York City,2026-07-26T13:57:12.524857+00:00,2026-07-31T15:00,2026-07-31T19:00:00+00:00,27.2,12
New York City,2026-07-26T13:57:12.524857+00:00,2026-07-31T16:00,2026-07-31T20:00:00+00:00,27.2,12
New York City,2026-07-26T13:57:12.524857+00:00,2026-07-31T17:00,2026-07-31T21:00:00+00:00,27.1,12
New York City,2026-07-26T13:57:12.524857+00:00,2026-07-31T18:00,2026-07-31T22:00:00+00:00,26.8,12
New York City,2026-07-26T13:57:12.524857+00:00,2026-07-31T19:00,2026-07-31T23:00:00+00:00,26.3,12
New York City,2026-07-26T13:57:12.524857+00:00,2026-07-31T20:00,2026-08-01T00:00:00+00:00,25.8,12
New York City,2026-07-26T13:57:12.524857+00:00,2026-07-31T21:00,2026-08-01T01:00:00+00:00,25.3,7
New York City,2026-07-26T13:57:12.524857+00:00,2026-07-31T22:00,2026-08-01T02:00:00+00:00,24.8,7
New York City,2026-07-26T13:57:12.524857+00:00,2026-07-31T23:00,2026-08-01T03:00:00+00:00,24.4,7
New York City,2026-07-26T13:57:12.524857+00:00,2026-08-01T00:00,2026-08-01T04:00:00+00:00,23.9,7
New York City,2026-07-26T13:57:12.524857+00:00,2026-08-01T01:00,2026-08-01T05:00:00+00:00,23.5,7
New York City,2026-07-26T13:57:12.524857+00:00,2026-08-01T02:00,2026-08-01T06:00:00+00:00,23.2,7
New York City,2026-07-26T13:57:12.524857+00:00,2026-08-01T03:00,2026-08-01T07:00:00+00:00,22.8,2
New York City,2026-07-26T13:57:12.524857+00:00,2026-08-01T04:00,2026-08-01T08:00:00+00:00,22.4,2
New York City,2026-07-26T13:57:12.524857+00:00,2026-08-01T05:00,2026-08-01T09:00:00+00:00,22.3,2
New York City,2026-07-26T13:57:12.524857+00:00,2026-08-01T06:00,2026-08-01T10:00:00+00:00,22.5,2
New York City,2026-07-26T13:57:12.524857+00:00,2026-08-01T07:00,2026-08-01T11:00:00+00:00,23.1,2
New York City,2026-07-26T13:57:12.524857+00:00,2026-08-01T08:00,2026-08-01T12:00:00+00:00,24.1,2
New York City,2026-07-26T13:57:12.524857+00:00,2026-08-01T09:00,2026-08-01T13:00:00+00:00,25.6,7
New York City,2026-07-26T13:57:12.524857+00:00,2026-08-01T10:00,2026-08-01T14:00:00+00:00,27.6,7
New York City,2026-07-26T13:57:12.524857+00:00,2026-08-01T11:00,2026-08-01T15:00:00+00:00,29.4,7
New York City,2026-07-26T13:57:12.524857+00:00,2026-08-01T12:00,2026-08-01T16:00:00+00:00,31.1,7
New York City,2026-07-26T13:57:12.524857+00:00,2026-08-01T13:00,2026-08-01T17:00:00+00:00,32.6,7
New York City,2026-07-26T13:57:12.524857+00:00,2026-08-01T14:00,2026-08-01T18:00:00+00:00,33.3,7
New York City,2026-07-26T13:57:12.524857+00:00,2026-08-01T15:00,2026-08-01T19:00:00+00:00,32.6,11
New York City,2026-07-26T13:57:12.524857+00:00,2026-08-01T16:00,2026-08-01T20:00:00+00:00,31.1,11
New York City,2026-07-26T13:57:12.524857+00:00,2026-08-01T17:00,2026-08-01T21:00:00+00:00,29.7,11
New York City,2026-07-26T13:57:12.524857+00:00,2026-08-01T18:00,2026-08-01T22:00:00+00:00,28.6,11
New York City,2026-07-26T13:57:12.524857+00:00,2026-08-01T19:00,2026-08-01T23:00:00+00:00,27.7,11
New York City,2026-07-26T13:57:12.524857+00:00,2026-08-01T20:00,2026-08-02T00:00:00+00:00,26.9,11
New York City,2026-07-26T13:57:12.524857+00:00,2026-08-01T21:00,2026-08-02T01:00:00+00:00,26.4,15
New York City,2026-07-26T13:57:12.524857+00:00,2026-08-01T22:00,2026-08-02T02:00:00+00:00,26.1,15
New York City,2026-07-26T13:57:12.524857+00:00,2026-08-01T23:00,2026-08-02T03:00:00+00:00,25.7,15
New York City,2026-07-26T13:57:12.524857+00:00,2026-08-02T00:00,2026-08-02T04:00:00+00:00,25.0,15
New York City,2026-07-26T13:57:12.524857+00:00,2026-08-02T01:00,2026-08-02T05:00:00+00:00,24.3,15
New York City,2026-07-26T13:57:12.524857+00:00,2026-08-02T02:00,2026-08-02T06:00:00+00:00,23.7,15
New York City,2026-07-26T13:57:12.524857+00:00,2026-08-02T03:00,2026-08-02T07:00:00+00:00,23.2,8
New York City,2026-07-26T13:57:12.524857+00:00,2026-08-02T04:00,2026-08-02T08:00:00+00:00,22.9,8
New York City,2026-07-26T13:57:12.524857+00:00,2026-08-02T05:00,2026-08-02T09:00:00+00:00,22.8,8
New York City,2026-07-26T13:57:12.524857+00:00,2026-08-02T06:00,2026-08-02T10:00:00+00:00,22.9,8
New York City,2026-07-26T13:57:12.524857+00:00,2026-08-02T07:00,2026-08-02T11:00:00+00:00,23.4,8
New York City,2026-07-26T13:57:12.524857+00:00,2026-08-02T08:00,2026-08-02T12:00:00+00:00,24.1,8
New York City,2026-07-26T13:57:12.524857+00:00,2026-08-02T09:00,2026-08-02T13:00:00+00:00,25.3,17
New York City,2026-07-26T13:57:12.524857+00:00,2026-08-02T10:00,2026-08-02T14:00:00+00:00,26.8,17
New York City,2026-07-26T13:57:12.524857+00:00,2026-08-02T11:00,2026-08-02T15:00:00+00:00,28.1,17
New York City,2026-07-26T13:57:12.524857+00:00,2026-08-02T12:00,2026-08-02T16:00:00+00:00,29.0,17
New York City,2026-07-26T13:57:12.524857+00:00,2026-08-02T13:00,2026-08-02T17:00:00+00:00,29.6,17
New York City,2026-07-26T13:57:12.524857+00:00,2026-08-02T14:00,2026-08-02T18:00:00+00:00,29.8,17
New York City,2026-07-26T13:57:12.524857+00:00,2026-08-02T15:00,2026-08-02T19:00:00+00:00,29.2,32
New York City,2026-07-26T13:57:12.524857+00:00,2026-08-02T16:00,2026-08-02T20:00:00+00:00,28.1,32
New York City,2026-07-26T13:57:12.524857+00:00,2026-08-02T17:00,2026-08-02T21:00:00+00:00,27.2,32
New York City,2026-07-26T13:57:12.524857+00:00,2026-08-02T18:00,2026-08-02T22:00:00+00:00,26.7,32
New York City,2026-07-26T13:57:12.524857+00:00,2026-08-02T19:00,2026-08-02T23:00:00+00:00,26.4,32
New York City,2026-07-26T13:57:12.524857+00:00,2026-08-02T20:00,2026-08-03T00:00:00+00:00,26.1,32
New York City,2026-07-26T13:57:12.524857+00:00,2026-08-02T21:00,2026-08-03T01:00:00+00:00,25.7,24
New York City,2026-07-26T13:57:12.524857+00:00,2026-08-02T22:00,2026-08-03T02:00:00+00:00,25.3,24
New York City,2026-07-26T13:57:12.524857+00:00,2026-08-02T23:00,2026-08-03T03:00:00+00:00,24.9,24
New York City,2026-07-26T13:57:12.524857+00:00,2026-08-03T00:00,2026-08-03T04:00:00+00:00,24.5,24
New York City,2026-07-26T13:57:12.524857+00:00,2026-08-03T01:00,2026-08-03T05:00:00+00:00,24.2,24
New York City,2026-07-26T13:57:12.524857+00:00,2026-08-03T02:00,2026-08-03T06:00:00+00:00,24.0,24
New York City,2026-07-26T13:57:12.524857+00:00,2026-08-03T03:00,2026-08-03T07:00:00+00:00,23.7,12
New York City,2026-07-26T13:57:12.524857+00:00,2026-08-03T04:00,2026-08-03T08:00:00+00:00,23.6,12
New York City,2026-07-26T13:57:12.524857+00:00,2026-08-03T05:00,2026-08-03T09:00:00+00:00,23.6,12
New York City,2026-07-26T13:57:12.524857+00:00,2026-08-03T06:00,2026-08-03T10:00:00+00:00,23.8,12
New York City,2026-07-26T13:57:12.524857+00:00,2026-08-03T07:00,2026-08-03T11:00:00+00:00,24.1,12
New York City,2026-07-26T13:57:12.524857+00:00,2026-08-03T08:00,2026-08-03T12:00:00+00:00,24.9,12
New York City,2026-07-26T13:57:12.524857+00:00,2026-08-03T09:00,2026-08-03T13:00:00+00:00,26.3,8
New York City,2026-07-26T13:57:12.524857+00:00,2026-08-03T10:00,2026-08-03T14:00:00+00:00,28.1,8
New York City,2026-07-26T13:57:12.524857+00:00,2026-08-03T11:00,2026-08-03T15:00:00+00:00,29.7,8
New York City,2026-07-26T13:57:12.524857+00:00,2026-08-03T12:00,2026-08-03T16:00:00+00:00,31.1,8
New York City,2026-07-26T13:57:12.524857+00:00,2026-08-03T13:00,2026-08-03T17:00:00+00:00,32.3,8
New York City,2026-07-26T13:57:12.524857+00:00,2026-08-03T14:00,2026-08-03T18:00:00+00:00,33.0,8
New York City,2026-07-26T13:57:12.524857+00:00,2026-08-03T15:00,2026-08-03T19:00:00+00:00,32.7,17
New York City,2026-07-26T13:57:12.524857+00:00,2026-08-03T16:00,2026-08-03T20:00:00+00:00,31.9,17
New York City,2026-07-26T13:57:12.524857+00:00,2026-08-03T17:00,2026-08-03T21:00:00+00:00,30.9,17
New York City,2026-07-26T13:57:12.524857+00:00,2026-08-03T18:00,2026-08-03T22:00:00+00:00,29.6,17
New York City,2026-07-26T13:57:12.524857+00:00,2026-08-03T19:00,2026-08-03T23:00:00+00:00,28.2,17
New York City,2026-07-26T13:57:12.524857+00:00,2026-08-03T20:00,2026-08-04T00:00:00+00:00,27.1,17
New York City,2026-07-26T13:57:12.524857+00:00,2026-08-03T21:00,2026-08-04T01:00:00+00:00,26.4,11
New York City,2026-07-26T13:57:12.524857+00:00,2026-08-03T22:00,2026-08-04T02:00:00+00:00,26.0,11
New York City,2026-07-26T13:57:12.524857+00:00,2026-08-03T23:00,2026-08-04T03:00:00+00:00,25.7,11
New York City,2026-07-26T13:57:12.524857+00:00,2026-08-04T00:00,2026-08-04T04:00:00+00:00,25.3,11
New York City,2026-07-26T13:57:12.524857+00:00,2026-08-04T01:00,2026-08-04T05:00:00+00:00,25.0,11
New York City,2026-07-26T13:57:12.524857+00:00,2026-08-04T02:00,2026-08-04T06:00:00+00:00,24.7,11
New York City,2026-07-26T13:57:12.524857+00:00,2026-08-04T03:00,2026-08-04T07:00:00+00:00,24.3,4
New York City,2026-07-26T13:57:12.524857+00:00,2026-08-04T04:00,2026-08-04T08:00:00+00:00,23.9,4
New York City,2026-07-26T13:57:12.524857+00:00,2026-08-04T05:00,2026-08-04T09:00:00+00:00,23.9,4
New York City,2026-07-26T13:57:12.524857+00:00,2026-08-04T06:00,2026-08-04T10:00:00+00:00,24.2,4
New York City,2026-07-26T13:57:12.524857+00:00,2026-08-04T07:00,2026-08-04T11:00:00+00:00,24.8,4
New York City,2026-07-26T13:57:12.524857+00:00,2026-08-04T08:00,2026-08-04T12:00:00+00:00,25.8,4
New York City,2026-07-26T13:57:12.524857+00:00,2026-08-04T09:00,2026-08-04T13:00:00+00:00,27.5,4
New York City,2026-07-26T13:57:12.524857+00:00,2026-08-04T10:00,2026-08-04T14:00:00+00:00,29.6,4
New York City,2026-07-26T13:57:12.524857+00:00,2026-08-04T11:00,2026-08-04T15:00:00+00:00,31.5,4
New York City,2026-07-26T13:57:12.524857+00:00,2026-08-04T12:00,2026-08-04T16:00:00+00:00,33.0,4
New York City,2026-07-26T13:57:12.524857+00:00,2026-08-04T13:00,2026-08-04T17:00:00+00:00,34.3,4
New York City,2026-07-26T13:57:12.524857+00:00,2026-08-04T14:00,2026-08-04T18:00:00+00:00,34.6,4
New York City,2026-07-26T13:57:12.524857+00:00,2026-08-04T15:00,2026-08-04T19:00:00+00:00,33.1,7
New York City,2026-07-26T13:57:12.524857+00:00,2026-08-04T16:00,2026-08-04T20:00:00+00:00,30.6,7
New York City,2026-07-26T13:57:12.524857+00:00,2026-08-04T17:00,2026-08-04T21:00:00+00:00,28.7,7
New York City,2026-07-26T13:57:12.524857+00:00,2026-08-04T18:00,2026-08-04T22:00:00+00:00,28.1,7
New York City,2026-07-26T13:57:12.524857+00:00,2026-08-04T19:00,2026-08-04T23:00:00+00:00,28.2,7
New York City,2026-07-26T13:57:12.524857+00:00,2026-08-04T20:00,2026-08-05T00:00:00+00:00,28.2,7
New York City,2026-07-26T13:57:12.524857+00:00,2026-08-04T21:00,2026-08-05T01:00:00+00:00,27.7,10
New York City,2026-07-26T13:57:12.524857+00:00,2026-08-04T22:00,2026-08-05T02:00:00+00:00,27.2,10
New York City,2026-07-26T13:57:12.524857+00:00,2026-08-04T23:00,2026-08-05T03:00:00+00:00,26.6,10
New York City,2026-07-26T13:57:12.524857+00:00,2026-08-05T00:00,2026-08-05T04:00:00+00:00,25.9,10
New York City,2026-07-26T13:57:12.524857+00:00,2026-08-05T01:00,2026-08-05T05:00:00+00:00,25.2,10
New York City,2026-07-26T13:57:12.524857+00:00,2026-08-05T02:00,2026-08-05T06:00:00+00:00,24.7,10
New York City,2026-07-26T13:57:12.524857+00:00,2026-08-05T03:00,2026-08-05T07:00:00+00:00,24.2,6
New York City,2026-07-26T13:57:12.524857+00:00,2026-08-05T04:00,2026-08-05T08:00:00+00:00,23.9,6
New York City,2026-07-26T13:57:12.524857+00:00,2026-08-05T05:00,2026-08-05T09:00:00+00:00,23.8,6
New York City,2026-07-26T13:57:12.524857+00:00,2026-08-05T06:00,2026-08-05T10:00:00+00:00,24.0,6
New York City,2026-07-26T13:57:12.524857+00:00,2026-08-05T07:00,2026-08-05T11:00:00+00:00,24.5,6
New York City,2026-07-26T13:57:12.524857+00:00,2026-08-05T08:00,2026-08-05T12:00:00+00:00,25.3,6
New York City,2026-07-26T13:57:12.524857+00:00,2026-08-05T09:00,2026-08-05T13:00:00+00:00,26.6,10
New York City,2026-07-26T13:57:12.524857+00:00,2026-08-05T10:00,2026-08-05T14:00:00+00:00,28.3,10
New York City,2026-07-26T13:57:12.524857+00:00,2026-08-05T11:00,2026-08-05T15:00:00+00:00,29.8,10
New York City,2026-07-26T13:57:12.524857+00:00,2026-08-05T12:00,2026-08-05T16:00:00+00:00,30.8,10
New York City,2026-07-26T13:57:12.524857+00:00,2026-08-05T13:00,2026-08-05T17:00:00+00:00,31.5,10
New York City,2026-07-26T13:57:12.524857+00:00,2026-08-05T14:00,2026-08-05T18:00:00+00:00,31.9,10
New York City,2026-07-26T13:57:12.524857+00:00,2026-08-05T15:00,2026-08-05T19:00:00+00:00,32.0,15
New York City,2026-07-26T13:57:12.524857+00:00,2026-08-05T16:00,2026-08-05T20:00:00+00:00,31.8,15
New York City,2026-07-26T13:57:12.524857+00:00,2026-08-05T17:00,2026-08-05T21:00:00+00:00,31.2,15
New York City,2026-07-26T13:57:12.524857+00:00,2026-08-05T18:00,2026-08-05T22:00:00+00:00,29.8,15
New York City,2026-07-26T13:57:12.524857+00:00,2026-08-05T19:00,2026-08-05T23:00:00+00:00,27.9,15
New York City,2026-07-26T13:57:12.524857+00:00,2026-08-05T20:00,2026-08-06T00:00:00+00:00,26.5,15
New York City,2026-07-26T13:57:12.524857+00:00,2026-08-05T21:00,2026-08-06T01:00:00+00:00,25.9,13
New York City,2026-07-26T13:57:12.524857+00:00,2026-08-05T22:00,2026-08-06T02:00:00+00:00,25.6,13
New York City,2026-07-26T13:57:12.524857+00:00,2026-08-05T23:00,2026-08-06T03:00:00+00:00,25.5,13
New York City,2026-07-26T13:57:12.524857+00:00,2026-08-06T00:00,2026-08-06T04:00:00+00:00,25.3,13
New York City,2026-07-26T13:57:12.524857+00:00,2026-08-06T01:00,2026-08-06T05:00:00+00:00,25.1,13
New York City,2026-07-26T13:57:12.524857+00:00,2026-08-06T02:00,2026-08-06T06:00:00+00:00,24.9,13
New York City,2026-07-26T13:57:12.524857+00:00,2026-08-06T03:00,2026-08-06T07:00:00+00:00,24.5,10
New York City,2026-07-26T13:57:12.524857+00:00,2026-08-06T04:00,2026-08-06T08:00:00+00:00,24.2,10
New York City,2026-07-26T13:57:12.524857+00:00,2026-08-06T05:00,2026-08-06T09:00:00+00:00,24.1,10
New York City,2026-07-26T13:57:12.524857+00:00,2026-08-06T06:00,2026-08-06T10:00:00+00:00,24.4,15
New York City,2026-07-26T13:57:12.524857+00:00,2026-08-06T07:00,2026-08-06T11:00:00+00:00,24.9,17
New York City,2026-07-26T13:57:12.524857+00:00,2026-08-06T08:00,2026-08-06T12:00:00+00:00,25.7,17
New York City,2026-07-26T13:57:12.524857+00:00,2026-08-06T09:00,2026-08-06T13:00:00+00:00,26.8,16
New York City,2026-07-26T13:57:12.524857+00:00,2026-08-06T10:00,2026-08-06T14:00:00+00:00,28.1,14
New York City,2026-07-26T13:57:12.524857+00:00,2026-08-06T11:00,2026-08-06T15:00:00+00:00,29.3,13
New York City,2026-07-26T13:57:12.524857+00:00,2026-08-06T12:00,2026-08-06T16:00:00+00:00,30.2,12
New York City,2026-07-26T13:57:12.524857+00:00,2026-08-06T13:00,2026-08-06T17:00:00+00:00,30.9,12
New York City,2026-07-26T13:57:12.524857+00:00,2026-08-06T14:00,2026-08-06T18:00:00+00:00,31.1,13
New York City,2026-07-26T13:57:12.524857+00:00,2026-08-06T15:00,2026-08-06T19:00:00+00:00,30.3,16
New York City,2026-07-26T13:57:12.524857+00:00,2026-08-06T16:00,2026-08-06T20:00:00+00:00,29.0,19
New York City,2026-07-26T13:57:12.524857+00:00,2026-08-06T17:00,2026-08-06T21:00:00+00:00,27.7,23
New York City,2026-07-26T13:57:12.524857+00:00,2026-08-06T18:00,2026-08-06T22:00:00+00:00,26.6,27
New York City,2026-07-26T13:57:12.524857+00:00,2026-08-06T19:00,2026-08-06T23:00:00+00:00,25.6,31
New York City,2026-07-26T13:57:12.524857+00:00,2026-08-06T20:00,2026-08-07T00:00:00+00:00,24.9,35
New York City,2026-07-26T13:57:12.524857+00:00,2026-08-06T21:00,2026-08-07T01:00:00+00:00,24.4,38
New York City,2026-07-26T13:57:12.524857+00:00,2026-08-06T22:00,2026-08-07T02:00:00+00:00,24.1,40
New York City,2026-07-26T13:57:12.524857+00:00,2026-08-06T23:00,2026-08-07T03:00:00+00:00,24.0,42
New York City,2026-07-26T13:57:12.524857+00:00,2026-08-07T00:00,2026-08-07T04:00:00+00:00,24.2,44
New York City,2026-07-26T13:57:12.524857+00:00,2026-08-07T01:00,2026-08-07T05:00:00+00:00,24.5,45
New York City,2026-07-26T13:57:12.524857+00:00,2026-08-07T02:00,2026-08-07T06:00:00+00:00,24.4,45
New York City,2026-07-26T13:57:12.524857+00:00,2026-08-07T03:00,2026-08-07T07:00:00+00:00,23.4,43
New York City,2026-07-26T13:57:12.524857+00:00,2026-08-07T04:00,2026-08-07T08:00:00+00:00,22.1,41
New York City,2026-07-26T13:57:12.524857+00:00,2026-08-07T05:00,2026-08-07T09:00:00+00:00,21.0,38
New York City,2026-07-26T13:57:12.524857+00:00,2026-08-07T06:00,2026-08-07T10:00:00+00:00,20.3,35
New York City,2026-07-26T13:57:12.524857+00:00,2026-08-07T07:00,2026-08-07T11:00:00+00:00,19.9,32
New York City,2026-07-26T13:57:12.524857+00:00,2026-08-07T08:00,2026-08-07T12:00:00+00:00,19.9,29
New York City,2026-07-26T13:57:12.524857+00:00,2026-08-07T09:00,2026-08-07T13:00:00+00:00,20.2,26
New York City,2026-07-26T13:57:12.524857+00:00,2026-08-07T10:00,2026-08-07T14:00:00+00:00,20.9,23
New York City,2026-07-26T13:57:12.524857+00:00,2026-08-07T11:00,2026-08-07T15:00:00+00:00,22.0,21
New York City,2026-07-26T13:57:12.524857+00:00,2026-08-07T12:00,2026-08-07T16:00:00+00:00,23.8,19
New York City,2026-07-26T13:57:12.524857+00:00,2026-08-07T13:00,2026-08-07T17:00:00+00:00,26.0,17
New York City,2026-07-26T13:57:12.524857+00:00,2026-08-07T14:00,2026-08-07T18:00:00+00:00,27.7,16
New York City,2026-07-26T13:57:12.524857+00:00,2026-08-07T15:00,2026-08-07T19:00:00+00:00,28.5,17
New York City,2026-07-26T13:57:12.524857+00:00,2026-08-07T16:00,2026-08-07T20:00:00+00:00,28.9,20
New York City,2026-07-26T13:57:12.524857+00:00,2026-08-07T17:00,2026-08-07T21:00:00+00:00,28.9,23
New York City,2026-07-26T13:57:12.524857+00:00,2026-08-07T18:00,2026-08-07T22:00:00+00:00,28.4,26
New York City,2026-07-26T13:57:12.524857+00:00,2026-08-07T19:00,2026-08-07T23:00:00+00:00,27.6,29
New York City,2026-07-26T13:57:12.524857+00:00,2026-08-07T20:00,2026-08-08T00:00:00+00:00,26.7,32
New York City,2026-07-26T13:57:12.524857+00:00,2026-08-07T21:00,2026-08-08T01:00:00+00:00,25.8,34
New York City,2026-07-26T13:57:12.524857+00:00,2026-08-07T22:00,2026-08-08T02:00:00+00:00,25.0,34
New York City,2026-07-26T13:57:12.524857+00:00,2026-08-07T23:00,2026-08-08T03:00:00+00:00,24.1,35
New York City,2026-07-26T13:57:12.524857+00:00,2026-08-08T00:00,2026-08-08T04:00:00+00:00,23.2,35
New York City,2026-07-26T13:57:12.524857+00:00,2026-08-08T01:00,2026-08-08T05:00:00+00:00,22.3,35
New York City,2026-07-26T13:57:12.524857+00:00,2026-08-08T02:00,2026-08-08T06:00:00+00:00,21.5,35
New York City,2026-07-26T13:57:12.524857+00:00,2026-08-08T03:00,2026-08-08T07:00:00+00:00,20.7,34
New York City,2026-07-26T13:57:12.524857+00:00,2026-08-08T04:00,2026-08-08T08:00:00+00:00,19.9,33
New York City,2026-07-26T13:57:12.524857+00:00,2026-08-08T05:00,2026-08-08T09:00:00+00:00,19.4,32
New York City,2026-07-26T13:57:12.524857+00:00,2026-08-08T06:00,2026-08-08T10:00:00+00:00,19.1,31
New York City,2026-07-26T13:57:12.524857+00:00,2026-08-08T07:00,2026-08-08T11:00:00+00:00,19.1,30
New York City,2026-07-26T13:57:12.524857+00:00,2026-08-08T08:00,2026-08-08T12:00:00+00:00,19.5,29
New York City,2026-07-26T13:57:12.524857+00:00,2026-08-08T09:00,2026-08-08T13:00:00+00:00,20.3,29
New York City,2026-07-26T13:57:12.524857+00:00,2026-08-08T10:00,2026-08-08T14:00:00+00:00,21.5,28
New York City,2026-07-26T13:57:12.524857+00:00,2026-08-08T11:00,2026-08-08T15:00:00+00:00,22.7,28
New York City,2026-07-26T13:57:12.524857+00:00,2026-08-08T12:00,2026-08-08T16:00:00+00:00,23.8,27
New York City,2026-07-26T13:57:12.524857+00:00,2026-08-08T13:00,2026-08-08T17:00:00+00:00,25.0,27
New York City,2026-07-26T13:57:12.524857+00:00,2026-08-08T14:00,2026-08-08T18:00:00+00:00,25.9,26
New York City,2026-07-26T13:57:12.524857+00:00,2026-08-08T15:00,2026-08-08T19:00:00+00:00,26.6,25
New York City,2026-07-26T13:57:12.524857+00:00,2026-08-08T16:00,2026-08-08T20:00:00+00:00,27.0,23
New York City,2026-07-26T13:57:12.524857+00:00,2026-08-08T17:00,2026-08-08T21:00:00+00:00,27.0,22
New York City,2026-07-26T13:57:12.524857+00:00,2026-08-08T18:00,2026-08-08T22:00:00+00:00,26.0,21
New York City,2026-07-26T13:57:12.524857+00:00,2026-08-08T19:00,2026-08-08T23:00:00+00:00,24.4,19
New York City,2026-07-26T13:57:12.524857+00:00,2026-08-08T20:00,2026-08-09T00:00:00+00:00,23.2,19
New York City,2026-07-26T13:57:12.524857+00:00,2026-08-08T21:00,2026-08-09T01:00:00+00:00,22.7,21
New York City,2026-07-26T13:57:12.524857+00:00,2026-08-08T22:00,2026-08-09T02:00:00+00:00,22.5,23
New York City,2026-07-26T13:57:12.524857+00:00,2026-08-08T23:00,2026-08-09T03:00:00+00:00,22.3,26
New York City,2026-07-26T13:57:12.524857+00:00,2026-08-09T00:00,2026-08-09T04:00:00+00:00,22.0,29
New York City,2026-07-26T13:57:12.524857+00:00,2026-08-09T01:00,2026-08-09T05:00:00+00:00,21.8,31
New York City,2026-07-26T13:57:12.524857+00:00,2026-08-09T02:00,2026-08-09T06:00:00+00:00,21.6,32
New York City,2026-07-26T13:57:12.524857+00:00,2026-08-09T03:00,2026-08-09T07:00:00+00:00,21.3,30
New York City,2026-07-26T13:57:12.524857+00:00,2026-08-09T04:00,2026-08-09T08:00:00+00:00,21.1,27
New York City,2026-07-26T13:57:12.524857+00:00,2026-08-09T05:00,2026-08-09T09:00:00+00:00,21.0,23
New York City,2026-07-26T13:57:12.524857+00:00,2026-08-09T06:00,2026-08-09T10:00:00+00:00,21.1,19
New York City,2026-07-26T13:57:12.524857+00:00,2026-08-09T07:00,2026-08-09T11:00:00+00:00,21.3,16
New York City,2026-07-26T13:57:12.524857+00:00,2026-08-09T08:00,2026-08-09T12:00:00+00:00,21.8,13
New York City,2026-07-26T13:57:12.524857+00:00,2026-08-09T09:00,2026-08-09T13:00:00+00:00,22.7,12
New York City,2026-07-26T13:57:12.524857+00:00,2026-08-09T10:00,2026-08-09T14:00:00+00:00,23.9,12
New York City,2026-07-26T13:57:12.524857+00:00,2026-08-09T11:00,2026-08-09T15:00:00+00:00,24.9,13
New York City,2026-07-26T13:57:12.524857+00:00,2026-08-09T12:00,2026-08-09T16:00:00+00:00,25.6,14
New York City,2026-07-26T13:57:12.524857+00:00,2026-08-09T13:00,2026-08-09T17:00:00+00:00,26.1,15
New York City,2026-07-26T13:57:12.524857+00:00,2026-08-09T14:00,2026-08-09T18:00:00+00:00,26.4,16
New York City,2026-07-26T13:57:12.524857+00:00,2026-08-09T15:00,2026-08-09T19:00:00+00:00,26.4,16
New York City,2026-07-26T13:57:12.524857+00:00,2026-08-09T16:00,2026-08-09T20:00:00+00:00,26.3,17
New York City,2026-07-26T13:57:12.524857+00:00,2026-08-09T17:00,2026-08-09T21:00:00+00:00,25.9,17
New York City,2026-07-26T13:57:12.524857+00:00,2026-08-09T18:00,2026-08-09T22:00:00+00:00,25.1,17
New York City,2026-07-26T13:57:12.524857+00:00,2026-08-09T19:00,2026-08-09T23:00:00+00:00,24.1,18
New York City,2026-07-26T13:57:12.524857+00:00,2026-08-09T20:00,2026-08-10T00:00:00+00:00,23.3,19
New York City,2026-07-26T13:57:12.524857+00:00,2026-08-09T21:00,2026-08-10T01:00:00+00:00,22.8,22
New York City,2026-07-26T13:57:12.524857+00:00,2026-08-09T22:00,2026-08-10T02:00:00+00:00,22.4,25
New York City,2026-07-26T13:57:12.524857+00:00,2026-08-09T23:00,2026-08-10T03:00:00+00:00,22.2,28
New York City,2026-07-26T13:57:12.524857+00:00,2026-08-10T00:00,2026-08-10T04:00:00+00:00,22.0,31
New York City,2026-07-26T13:57:12.524857+00:00,2026-08-10T01:00,2026-08-10T05:00:00+00:00,21.9,34
New York City,2026-07-26T13:57:12.524857+00:00,2026-08-10T02:00,2026-08-10T06:00:00+00:00,21.8,35
New York City,2026-07-26T13:57:12.524857+00:00,2026-08-10T03:00,2026-08-10T07:00:00+00:00,21.7,34
New York City,2026-07-26T13:57:12.524857+00:00,2026-08-10T04:00,2026-08-10T08:00:00+00:00,21.7,32
New York City,2026-07-26T13:57:12.524857+00:00,2026-08-10T05:00,2026-08-10T09:00:00+00:00,21.5,30
New York City,2026-07-26T13:57:12.524857+00:00,2026-08-10T06:00,2026-08-10T10:00:00+00:00,20.8,28
New York City,2026-07-26T13:57:12.524857+00:00,2026-08-10T07:00,2026-08-10T11:00:00+00:00,19.9,25
New York City,2026-07-26T13:57:12.524857+00:00,2026-08-10T08:00,2026-08-10T12:00:00+00:00,19.3,23
New York City,2026-07-26T13:57:12.524857+00:00,2026-08-10T09:00,2026-08-10T13:00:00+00:00,19.0,22
New York City,2026-07-26T13:57:12.524857+00:00,2026-08-10T10:00,2026-08-10T14:00:00+00:00,18.9,21
New York City,2026-07-26T13:57:12.524857+00:00,2026-08-10T11:00,2026-08-10T15:00:00+00:00,18.9,20
New York City,2026-07-26T13:57:12.524857+00:00,2026-08-10T12:00,2026-08-10T16:00:00+00:00,18.8,20
New York City,2026-07-26T13:57:12.524857+00:00,2026-08-10T13:00,2026-08-10T17:00:00+00:00,18.8,19
New York City,2026-07-26T13:57:12.524857+00:00,2026-08-10T14:00,2026-08-10T18:00:00+00:00,18.9,19
New York City,2026-07-26T13:57:12.524857+00:00,2026-08-10T15:00,2026-08-10T19:00:00+00:00,19.1,18
New York City,2026-07-26T13:57:12.524857+00:00,2026-08-10T16:00,2026-08-10T20:00:00+00:00,19.5,18
New York City,2026-07-26T13:57:12.524857+00:00,2026-08-10T17:00,2026-08-10T21:00:00+00:00,19.7,17
New York City,2026-07-26T13:57:12.524857+00:00,2026-08-10T18:00,2026-08-10T22:00:00+00:00,19.4,16
New York City,2026-07-26T13:57:12.524857+00:00,2026-08-10T19:00,2026-08-10T23:00:00+00:00,19.0,16
New York City,2026-07-26T13:57:12.524857+00:00,2026-08-10T20:00,2026-08-11T00:00:00+00:00,18.7,16
New York City,2026-07-26T13:57:12.524857+00:00,2026-08-10T21:00,2026-08-11T01:00:00+00:00,18.5,17
New York City,2026-07-26T13:57:12.524857+00:00,2026-08-10T22:00,2026-08-11T02:00:00+00:00,18.4,19
New York City,2026-07-26T13:57:12.524857+00:00,2026-08-10T23:00,2026-08-11T03:00:00+00:00,18.4,21
New York City,2026-07-26T15:22:44.787306+00:00,2026-07-26T00:00,2026-07-26T04:00:00+00:00,18.4,0
New York City,2026-07-26T15:22:44.787306+00:00,2026-07-26T01:00,2026-07-26T05:00:00+00:00,17.8,0
New York City,2026-07-26T15:22:44.787306+00:00,2026-07-26T02:00,2026-07-26T06:00:00+00:00,18.6,0
New York City,2026-07-26T15:22:44.787306+00:00,2026-07-26T03:00,2026-07-26T07:00:00+00:00,17.5,0
New York City,2026-07-26T15:22:44.787306+00:00,2026-07-26T04:00,2026-07-26T08:00:00+00:00,16.9,0
New York City,2026-07-26T15:22:44.787306+00:00,2026-07-26T05:00,2026-07-26T09:00:00+00:00,15.9,0
New York City,2026-07-26T15:22:44.787306+00:00,2026-07-26T06:00,2026-07-26T10:00:00+00:00,16.0,0
New York City,2026-07-26T15:22:44.787306+00:00,2026-07-26T07:00,2026-07-26T11:00:00+00:00,18.2,0
New York City,2026-07-26T15:22:44.787306+00:00,2026-07-26T08:00,2026-07-26T12:00:00+00:00,21.6,0
New York City,2026-07-26T15:22:44.787306+00:00,2026-07-26T09:00,2026-07-26T13:00:00+00:00,23.8,0
New York City,2026-07-26T15:22:44.787306+00:00,2026-07-26T10:00,2026-07-26T14:00:00+00:00,24.6,0
New York City,2026-07-26T15:22:44.787306+00:00,2026-07-26T11:00,2026-07-26T15:00:00+00:00,26.1,0
New York City,2026-07-26T15:22:44.787306+00:00,2026-07-26T12:00,2026-07-26T16:00:00+00:00,27.4,0
New York City,2026-07-26T15:22:44.787306+00:00,2026-07-26T13:00,2026-07-26T17:00:00+00:00,28.6,0
New York City,2026-07-26T15:22:44.787306+00:00,2026-07-26T14:00,2026-07-26T18:00:00+00:00,29.3,0
New York City,2026-07-26T15:22:44.787306+00:00,2026-07-26T15:00,2026-07-26T19:00:00+00:00,29.8,0
New York City,2026-07-26T15:22:44.787306+00:00,2026-07-26T16:00,2026-07-26T20:00:00+00:00,30.0,0
New York City,2026-07-26T15:22:44.787306+00:00,2026-07-26T17:00,2026-07-26T21:00:00+00:00,29.4,1
New York City,2026-07-26T15:22:44.787306+00:00,2026-07-26T18:00,2026-07-26T22:00:00+00:00,28.6,1
New York City,2026-07-26T15:22:44.787306+00:00,2026-07-26T19:00,2026-07-26T23:00:00+00:00,26.6,1
New York City,2026-07-26T15:22:44.787306+00:00,2026-07-26T20:00,2026-07-27T00:00:00+00:00,24.5,2
New York City,2026-07-26T15:22:44.787306+00:00,2026-07-26T21:00,2026-07-27T01:00:00+00:00,23.2,1
New York City,2026-07-26T15:22:44.787306+00:00,2026-07-26T22:00,2026-07-27T02:00:00+00:00,23.3,1
New York City,2026-07-26T15:22:44.787306+00:00,2026-07-26T23:00,2026-07-27T03:00:00+00:00,22.3,2
New York City,2026-07-26T15:22:44.787306+00:00,2026-07-27T00:00,2026-07-27T04:00:00+00:00,21.4,2
New York City,2026-07-26T15:22:44.787306+00:00,2026-07-27T01:00,2026-07-27T05:00:00+00:00,20.5,2
New York City,2026-07-26T15:22:44.787306+00:00,2026-07-27T02:00,2026-07-27T06:00:00+00:00,19.8,4
New York City,2026-07-26T15:22:44.787306+00:00,2026-07-27T03:00,2026-07-27T07:00:00+00:00,19.6,4
New York City,2026-07-26T15:22:44.787306+00:00,2026-07-27T04:00,2026-07-27T08:00:00+00:00,19.7,4
New York City,2026-07-26T15:22:44.787306+00:00,2026-07-27T05:00,2026-07-27T09:00:00+00:00,19.0,5
New York City,2026-07-26T15:22:44.787306+00:00,2026-07-27T06:00,2026-07-27T10:00:00+00:00,18.6,7
New York City,2026-07-26T15:22:44.787306+00:00,2026-07-27T07:00,2026-07-27T11:00:00+00:00,20.5,3
New York City,2026-07-26T15:22:44.787306+00:00,2026-07-27T08:00,2026-07-27T12:00:00+00:00,23.1,4
New York City,2026-07-26T15:22:44.787306+00:00,2026-07-27T09:00,2026-07-27T13:00:00+00:00,25.6,2
New York City,2026-07-26T15:22:44.787306+00:00,2026-07-27T10:00,2026-07-27T14:00:00+00:00,27.6,4
New York City,2026-07-26T15:22:44.787306+00:00,2026-07-27T11:00,2026-07-27T15:00:00+00:00,29.2,5
New York City,2026-07-26T15:22:44.787306+00:00,2026-07-27T12:00,2026-07-27T16:00:00+00:00,29.7,9
New York City,2026-07-26T15:22:44.787306+00:00,2026-07-27T13:00,2026-07-27T17:00:00+00:00,30.0,15
New York City,2026-07-26T15:22:44.787306+00:00,2026-07-27T14:00,2026-07-27T18:00:00+00:00,29.7,16
New York City,2026-07-26T15:22:44.787306+00:00,2026-07-27T15:00,2026-07-27T19:00:00+00:00,29.3,18
New York City,2026-07-26T15:22:44.787306+00:00,2026-07-27T16:00,2026-07-27T20:00:00+00:00,27.9,21
New York City,2026-07-26T15:22:44.787306+00:00,2026-07-27T17:00,2026-07-27T21:00:00+00:00,27.9,21
New York City,2026-07-26T15:22:44.787306+00:00,2026-07-27T18:00,2026-07-27T22:00:00+00:00,27.2,22
New York City,2026-07-26T15:22:44.787306+00:00,2026-07-27T19:00,2026-07-27T23:00:00+00:00,25.8,20
New York City,2026-07-26T15:22:44.787306+00:00,2026-07-27T20:00,2026-07-28T00:00:00+00:00,25.5,34
New York City,2026-07-26T15:22:44.787306+00:00,2026-07-27T21:00,2026-07-28T01:00:00+00:00,23.3,29
New York City,2026-07-26T15:22:44.787306+00:00,2026-07-27T22:00,2026-07-28T02:00:00+00:00,21.9,18
New York City,2026-07-26T15:22:44.787306+00:00,2026-07-27T23:00,2026-07-28T03:00:00+00:00,20.7,43
New York City,2026-07-26T15:22:44.787306+00:00,2026-07-28T00:00,2026-07-28T04:00:00+00:00,20.6,43
New York City,2026-07-26T15:22:44.787306+00:00,2026-07-28T01:00,2026-07-28T05:00:00+00:00,20.8,43
New York City,2026-07-26T15:22:44.787306+00:00,2026-07-28T02:00,2026-07-28T06:00:00+00:00,21.0,43
New York City,2026-07-26T15:22:44.787306+00:00,2026-07-28T03:00,2026-07-28T07:00:00+00:00,20.7,38
New York City,2026-07-26T15:22:44.787306+00:00,2026-07-28T04:00,2026-07-28T08:00:00+00:00,20.4,38
New York City,2026-07-26T15:22:44.787306+00:00,2026-07-28T05:00,2026-07-28T09:00:00+00:00,20.3,38
New York City,2026-07-26T15:22:44.787306+00:00,2026-07-28T06:00,2026-07-28T10:00:00+00:00,20.4,38
New York City,2026-07-26T15:22:44.787306+00:00,2026-07-28T07:00,2026-07-28T11:00:00+00:00,21.4,38
New York City,2026-07-26T15:22:44.787306+00:00,2026-07-28T08:00,2026-07-28T12:00:00+00:00,23.1,38
New York City,2026-07-26T15:22:44.787306+00:00,2026-07-28T09:00,2026-07-28T13:00:00+00:00,25.1,64
New York City,2026-07-26T15:22:44.787306+00:00,2026-07-28T10:00,2026-07-28T14:00:00+00:00,26.3,64
New York City,2026-07-26T15:22:44.787306+00:00,2026-07-28T11:00,2026-07-28T15:00:00+00:00,27.1,64
New York City,2026-07-26T15:22:44.787306+00:00,2026-07-28T12:00,2026-07-28T16:00:00+00:00,27.3,64
New York City,2026-07-26T15:22:44.787306+00:00,2026-07-28T13:00,2026-07-28T17:00:00+00:00,28.1,64
New York City,2026-07-26T15:22:44.787306+00:00,2026-07-28T14:00,2026-07-28T18:00:00+00:00,28.5,64
New York City,2026-07-26T15:22:44.787306+00:00,2026-07-28T15:00,2026-07-28T19:00:00+00:00,28.2,73
New York City,2026-07-26T15:22:44.787306+00:00,2026-07-28T16:00,2026-07-28T20:00:00+00:00,27.1,73
New York City,2026-07-26T15:22:44.787306+00:00,2026-07-28T17:00,2026-07-28T21:00:00+00:00,22.9,73
New York City,2026-07-26T15:22:44.787306+00:00,2026-07-28T18:00,2026-07-28T22:00:00+00:00,23.3,73
New York City,2026-07-26T15:22:44.787306+00:00,2026-07-28T19:00,2026-07-28T23:00:00+00:00,23.2,73
New York City,2026-07-26T15:22:44.787306+00:00,2026-07-28T20:00,2026-07-29T00:00:00+00:00,23.3,73
New York City,2026-07-26T15:22:44.787306+00:00,2026-07-28T21:00,2026-07-29T01:00:00+00:00,23.2,77
New York City,2026-07-26T15:22:44.787306+00:00,2026-07-28T22:00,2026-07-29T02:00:00+00:00,23.0,77
New York City,2026-07-26T15:22:44.787306+00:00,2026-07-28T23:00,2026-07-29T03:00:00+00:00,22.8,77
New York City,2026-07-26T15:22:44.787306+00:00,2026-07-29T00:00,2026-07-29T04:00:00+00:00,21.4,77
New York City,2026-07-26T15:22:44.787306+00:00,2026-07-29T01:00,2026-07-29T05:00:00+00:00,21.5,77
New York City,2026-07-26T15:22:44.787306+00:00,2026-07-29T02:00,2026-07-29T06:00:00+00:00,21.8,77
New York City,2026-07-26T15:22:44.787306+00:00,2026-07-29T03:00,2026-07-29T07:00:00+00:00,21.6,68
New York City,2026-07-26T15:22:44.787306+00:00,2026-07-29T04:00,2026-07-29T08:00:00+00:00,21.5,68
New York City,2026-07-26T15:22:44.787306+00:00,2026-07-29T05:00,2026-07-29T09:00:00+00:00,21.5,68
New York City,2026-07-26T15:22:44.787306+00:00,2026-07-29T06:00,2026-07-29T10:00:00+00:00,21.6,68
New York City,2026-07-26T15:22:44.787306+00:00,2026-07-29T07:00,2026-07-29T11:00:00+00:00,21.7,68
New York City,2026-07-26T15:22:44.787306+00:00,2026-07-29T08:00,2026-07-29T12:00:00+00:00,21.9,68
New York City,2026-07-26T15:22:44.787306+00:00,2026-07-29T09:00,2026-07-29T13:00:00+00:00,22.5,65
New York City,2026-07-26T15:22:44.787306+00:00,2026-07-29T10:00,2026-07-29T14:00:00+00:00,22.5,65
New York City,2026-07-26T15:22:44.787306+00:00,2026-07-29T11:00,2026-07-29T15:00:00+00:00,21.7,65
New York City,2026-07-26T15:22:44.787306+00:00,2026-07-29T12:00,2026-07-29T16:00:00+00:00,22.5,65
New York City,2026-07-26T15:22:44.787306+00:00,2026-07-29T13:00,2026-07-29T17:00:00+00:00,22.7,65
New York City,2026-07-26T15:22:44.787306+00:00,2026-07-29T14:00,2026-07-29T18:00:00+00:00,22.0,65
New York City,2026-07-26T15:22:44.787306+00:00,2026-07-29T15:00,2026-07-29T19:00:00+00:00,21.4,71
New York City,2026-07-26T15:22:44.787306+00:00,2026-07-29T16:00,2026-07-29T20:00:00+00:00,21.3,71
New York City,2026-07-26T15:22:44.787306+00:00,2026-07-29T17:00,2026-07-29T21:00:00+00:00,20.9,71
New York City,2026-07-26T15:22:44.787306+00:00,2026-07-29T18:00,2026-07-29T22:00:00+00:00,21.2,71
New York City,2026-07-26T15:22:44.787306+00:00,2026-07-29T19:00,2026-07-29T23:00:00+00:00,21.5,71
New York City,2026-07-26T15:22:44.787306+00:00,2026-07-29T20:00,2026-07-30T00:00:00+00:00,21.4,71
New York City,2026-07-26T15:22:44.787306+00:00,2026-07-29T21:00,2026-07-30T01:00:00+00:00,21.2,53
New York City,2026-07-26T15:22:44.787306+00:00,2026-07-29T22:00,2026-07-30T02:00:00+00:00,21.2,53
New York City,2026-07-26T15:22:44.787306+00:00,2026-07-29T23:00,2026-07-30T03:00:00+00:00,21.0,53
New York City,2026-07-26T15:22:44.787306+00:00,2026-07-30T00:00,2026-07-30T04:00:00+00:00,21.0,53
New York City,2026-07-26T15:22:44.787306+00:00,2026-07-30T01:00,2026-07-30T05:00:00+00:00,21.2,53
New York City,2026-07-26T15:22:44.787306+00:00,2026-07-30T02:00,2026-07-30T06:00:00+00:00,20.9,53
New York City,2026-07-26T15:22:44.787306+00:00,2026-07-30T03:00,2026-07-30T07:00:00+00:00,20.7,27
New York City,2026-07-26T15:22:44.787306+00:00,2026-07-30T04:00,2026-07-30T08:00:00+00:00,20.4,27
New York City,2026-07-26T15:22:44.787306+00:00,2026-07-30T05:00,2026-07-30T09:00:00+00:00,20.2,27
New York City,2026-07-26T15:22:44.787306+00:00,2026-07-30T06:00,2026-07-30T10:00:00+00:00,20.1,27
New York City,2026-07-26T15:22:44.787306+00:00,2026-07-30T07:00,2026-07-30T11:00:00+00:00,20.1,27
New York City,2026-07-26T15:22:44.787306+00:00,2026-07-30T08:00,2026-07-30T12:00:00+00:00,20.2,27
New York City,2026-07-26T15:22:44.787306+00:00,2026-07-30T09:00,2026-07-30T13:00:00+00:00,20.3,7
New York City,2026-07-26T15:22:44.787306+00:00,2026-07-30T10:00,2026-07-30T14:00:00+00:00,20.6,7
New York City,2026-07-26T15:22:44.787306+00:00,2026-07-30T11:00,2026-07-30T15:00:00+00:00,20.9,7
New York City,2026-07-26T15:22:44.787306+00:00,2026-07-30T12:00,2026-07-30T16:00:00+00:00,21.9,7
New York City,2026-07-26T15:22:44.787306+00:00,2026-07-30T13:00,2026-07-30T17:00:00+00:00,22.9,7
New York City,2026-07-26T15:22:44.787306+00:00,2026-07-30T14:00,2026-07-30T18:00:00+00:00,22.9,7
New York City,2026-07-26T15:22:44.787306+00:00,2026-07-30T15:00,2026-07-30T19:00:00+00:00,23.2,17
New York City,2026-07-26T15:22:44.787306+00:00,2026-07-30T16:00,2026-07-30T20:00:00+00:00,23.0,17
New York City,2026-07-26T15:22:44.787306+00:00,2026-07-30T17:00,2026-07-30T21:00:00+00:00,22.4,17
New York City,2026-07-26T15:22:44.787306+00:00,2026-07-30T18:00,2026-07-30T22:00:00+00:00,21.9,17
New York City,2026-07-26T15:22:44.787306+00:00,2026-07-30T19:00,2026-07-30T23:00:00+00:00,21.5,17
New York City,2026-07-26T15:22:44.787306+00:00,2026-07-30T20:00,2026-07-31T00:00:00+00:00,21.3,17
New York City,2026-07-26T15:22:44.787306+00:00,2026-07-30T21:00,2026-07-31T01:00:00+00:00,20.9,10
New York City,2026-07-26T15:22:44.787306+00:00,2026-07-30T22:00,2026-07-31T02:00:00+00:00,20.7,10
New York City,2026-07-26T15:22:44.787306+00:00,2026-07-30T23:00,2026-07-31T03:00:00+00:00,20.6,10
New York City,2026-07-26T15:22:44.787306+00:00,2026-07-31T00:00,2026-07-31T04:00:00+00:00,20.4,10
New York City,2026-07-26T15:22:44.787306+00:00,2026-07-31T01:00,2026-07-31T05:00:00+00:00,20.2,10
New York City,2026-07-26T15:22:44.787306+00:00,2026-07-31T02:00,2026-07-31T06:00:00+00:00,20.1,10
New York City,2026-07-26T15:22:44.787306+00:00,2026-07-31T03:00,2026-07-31T07:00:00+00:00,20.0,0
New York City,2026-07-26T15:22:44.787306+00:00,2026-07-31T04:00,2026-07-31T08:00:00+00:00,19.9,0
New York City,2026-07-26T15:22:44.787306+00:00,2026-07-31T05:00,2026-07-31T09:00:00+00:00,19.9,0
New York City,2026-07-26T15:22:44.787306+00:00,2026-07-31T06:00,2026-07-31T10:00:00+00:00,19.7,0
New York City,2026-07-26T15:22:44.787306+00:00,2026-07-31T07:00,2026-07-31T11:00:00+00:00,19.4,0
New York City,2026-07-26T15:22:44.787306+00:00,2026-07-31T08:00,2026-07-31T12:00:00+00:00,19.7,0
New York City,2026-07-26T15:22:44.787306+00:00,2026-07-31T09:00,2026-07-31T13:00:00+00:00,20.7,1
New York City,2026-07-26T15:22:44.787306+00:00,2026-07-31T10:00,2026-07-31T14:00:00+00:00,22.2,1
New York City,2026-07-26T15:22:44.787306+00:00,2026-07-31T11:00,2026-07-31T15:00:00+00:00,23.6,1
New York City,2026-07-26T15:22:44.787306+00:00,2026-07-31T12:00,2026-07-31T16:00:00+00:00,24.8,1
New York City,2026-07-26T15:22:44.787306+00:00,2026-07-31T13:00,2026-07-31T17:00:00+00:00,26.0,1
New York City,2026-07-26T15:22:44.787306+00:00,2026-07-31T14:00,2026-07-31T18:00:00+00:00,26.9,1
New York City,2026-07-26T15:22:44.787306+00:00,2026-07-31T15:00,2026-07-31T19:00:00+00:00,27.2,7
New York City,2026-07-26T15:22:44.787306+00:00,2026-07-31T16:00,2026-07-31T20:00:00+00:00,27.2,7
New York City,2026-07-26T15:22:44.787306+00:00,2026-07-31T17:00,2026-07-31T21:00:00+00:00,27.1,7
New York City,2026-07-26T15:22:44.787306+00:00,2026-07-31T18:00,2026-07-31T22:00:00+00:00,26.8,7
New York City,2026-07-26T15:22:44.787306+00:00,2026-07-31T19:00,2026-07-31T23:00:00+00:00,26.3,7
New York City,2026-07-26T15:22:44.787306+00:00,2026-07-31T20:00,2026-08-01T00:00:00+00:00,25.8,7
New York City,2026-07-26T15:22:44.787306+00:00,2026-07-31T21:00,2026-08-01T01:00:00+00:00,25.3,6
New York City,2026-07-26T15:22:44.787306+00:00,2026-07-31T22:00,2026-08-01T02:00:00+00:00,24.8,6
New York City,2026-07-26T15:22:44.787306+00:00,2026-07-31T23:00,2026-08-01T03:00:00+00:00,24.4,6
New York City,2026-07-26T15:22:44.787306+00:00,2026-08-01T00:00,2026-08-01T04:00:00+00:00,23.9,6
New York City,2026-07-26T15:22:44.787306+00:00,2026-08-01T01:00,2026-08-01T05:00:00+00:00,23.5,6
New York City,2026-07-26T15:22:44.787306+00:00,2026-08-01T02:00,2026-08-01T06:00:00+00:00,23.2,6
New York City,2026-07-26T15:22:44.787306+00:00,2026-08-01T03:00,2026-08-01T07:00:00+00:00,22.8,1
New York City,2026-07-26T15:22:44.787306+00:00,2026-08-01T04:00,2026-08-01T08:00:00+00:00,22.4,1
New York City,2026-07-26T15:22:44.787306+00:00,2026-08-01T05:00,2026-08-01T09:00:00+00:00,22.3,1
New York City,2026-07-26T15:22:44.787306+00:00,2026-08-01T06:00,2026-08-01T10:00:00+00:00,22.5,1
New York City,2026-07-26T15:22:44.787306+00:00,2026-08-01T07:00,2026-08-01T11:00:00+00:00,23.1,1
New York City,2026-07-26T15:22:44.787306+00:00,2026-08-01T08:00,2026-08-01T12:00:00+00:00,24.1,1
New York City,2026-07-26T15:22:44.787306+00:00,2026-08-01T09:00,2026-08-01T13:00:00+00:00,25.6,3
New York City,2026-07-26T15:22:44.787306+00:00,2026-08-01T10:00,2026-08-01T14:00:00+00:00,27.6,3
New York City,2026-07-26T15:22:44.787306+00:00,2026-08-01T11:00,2026-08-01T15:00:00+00:00,29.4,3
New York City,2026-07-26T15:22:44.787306+00:00,2026-08-01T12:00,2026-08-01T16:00:00+00:00,31.1,3
New York City,2026-07-26T15:22:44.787306+00:00,2026-08-01T13:00,2026-08-01T17:00:00+00:00,32.6,3
New York City,2026-07-26T15:22:44.787306+00:00,2026-08-01T14:00,2026-08-01T18:00:00+00:00,33.3,3
New York City,2026-07-26T15:22:44.787306+00:00,2026-08-01T15:00,2026-08-01T19:00:00+00:00,32.6,10
New York City,2026-07-26T15:22:44.787306+00:00,2026-08-01T16:00,2026-08-01T20:00:00+00:00,31.1,10
New York City,2026-07-26T15:22:44.787306+00:00,2026-08-01T17:00,2026-08-01T21:00:00+00:00,29.7,10
New York City,2026-07-26T15:22:44.787306+00:00,2026-08-01T18:00,2026-08-01T22:00:00+00:00,28.6,10
New York City,2026-07-26T15:22:44.787306+00:00,2026-08-01T19:00,2026-08-01T23:00:00+00:00,27.7,10
New York City,2026-07-26T15:22:44.787306+00:00,2026-08-01T20:00,2026-08-02T00:00:00+00:00,26.9,10
New York City,2026-07-26T15:22:44.787306+00:00,2026-08-01T21:00,2026-08-02T01:00:00+00:00,26.4,8
New York City,2026-07-26T15:22:44.787306+00:00,2026-08-01T22:00,2026-08-02T02:00:00+00:00,26.1,8
New York City,2026-07-26T15:22:44.787306+00:00,2026-08-01T23:00,2026-08-02T03:00:00+00:00,25.7,8
New York City,2026-07-26T15:22:44.787306+00:00,2026-08-02T00:00,2026-08-02T04:00:00+00:00,25.0,8
New York City,2026-07-26T15:22:44.787306+00:00,2026-08-02T01:00,2026-08-02T05:00:00+00:00,24.3,8
New York City,2026-07-26T15:22:44.787306+00:00,2026-08-02T02:00,2026-08-02T06:00:00+00:00,23.7,8
New York City,2026-07-26T15:22:44.787306+00:00,2026-08-02T03:00,2026-08-02T07:00:00+00:00,23.2,7
New York City,2026-07-26T15:22:44.787306+00:00,2026-08-02T04:00,2026-08-02T08:00:00+00:00,22.9,7
New York City,2026-07-26T15:22:44.787306+00:00,2026-08-02T05:00,2026-08-02T09:00:00+00:00,22.8,7
New York City,2026-07-26T15:22:44.787306+00:00,2026-08-02T06:00,2026-08-02T10:00:00+00:00,22.9,7
New York City,2026-07-26T15:22:44.787306+00:00,2026-08-02T07:00,2026-08-02T11:00:00+00:00,23.4,7
New York City,2026-07-26T15:22:44.787306+00:00,2026-08-02T08:00,2026-08-02T12:00:00+00:00,24.1,7
New York City,2026-07-26T15:22:44.787306+00:00,2026-08-02T09:00,2026-08-02T13:00:00+00:00,25.3,15
New York City,2026-07-26T15:22:44.787306+00:00,2026-08-02T10:00,2026-08-02T14:00:00+00:00,26.8,15
New York City,2026-07-26T15:22:44.787306+00:00,2026-08-02T11:00,2026-08-02T15:00:00+00:00,28.1,15
New York City,2026-07-26T15:22:44.787306+00:00,2026-08-02T12:00,2026-08-02T16:00:00+00:00,29.0,15
New York City,2026-07-26T15:22:44.787306+00:00,2026-08-02T13:00,2026-08-02T17:00:00+00:00,29.6,15
New York City,2026-07-26T15:22:44.787306+00:00,2026-08-02T14:00,2026-08-02T18:00:00+00:00,29.8,15
New York City,2026-07-26T15:22:44.787306+00:00,2026-08-02T15:00,2026-08-02T19:00:00+00:00,29.2,31
New York City,2026-07-26T15:22:44.787306+00:00,2026-08-02T16:00,2026-08-02T20:00:00+00:00,28.1,31
New York City,2026-07-26T15:22:44.787306+00:00,2026-08-02T17:00,2026-08-02T21:00:00+00:00,27.2,31
New York City,2026-07-26T15:22:44.787306+00:00,2026-08-02T18:00,2026-08-02T22:00:00+00:00,26.7,31
New York City,2026-07-26T15:22:44.787306+00:00,2026-08-02T19:00,2026-08-02T23:00:00+00:00,26.4,31
New York City,2026-07-26T15:22:44.787306+00:00,2026-08-02T20:00,2026-08-03T00:00:00+00:00,26.1,31
New York City,2026-07-26T15:22:44.787306+00:00,2026-08-02T21:00,2026-08-03T01:00:00+00:00,25.7,25
New York City,2026-07-26T15:22:44.787306+00:00,2026-08-02T22:00,2026-08-03T02:00:00+00:00,25.3,25
New York City,2026-07-26T15:22:44.787306+00:00,2026-08-02T23:00,2026-08-03T03:00:00+00:00,24.9,25
New York City,2026-07-26T15:22:44.787306+00:00,2026-08-03T00:00,2026-08-03T04:00:00+00:00,24.5,25
New York City,2026-07-26T15:22:44.787306+00:00,2026-08-03T01:00,2026-08-03T05:00:00+00:00,24.2,25
New York City,2026-07-26T15:22:44.787306+00:00,2026-08-03T02:00,2026-08-03T06:00:00+00:00,24.0,25
New York City,2026-07-26T15:22:44.787306+00:00,2026-08-03T03:00,2026-08-03T07:00:00+00:00,23.7,16
New York City,2026-07-26T15:22:44.787306+00:00,2026-08-03T04:00,2026-08-03T08:00:00+00:00,23.6,16
New York City,2026-07-26T15:22:44.787306+00:00,2026-08-03T05:00,2026-08-03T09:00:00+00:00,23.6,16
New York City,2026-07-26T15:22:44.787306+00:00,2026-08-03T06:00,2026-08-03T10:00:00+00:00,23.8,16
New York City,2026-07-26T15:22:44.787306+00:00,2026-08-03T07:00,2026-08-03T11:00:00+00:00,24.1,16
New York City,2026-07-26T15:22:44.787306+00:00,2026-08-03T08:00,2026-08-03T12:00:00+00:00,24.9,16
New York City,2026-07-26T15:22:44.787306+00:00,2026-08-03T09:00,2026-08-03T13:00:00+00:00,26.3,14
New York City,2026-07-26T15:22:44.787306+00:00,2026-08-03T10:00,2026-08-03T14:00:00+00:00,28.1,14
New York City,2026-07-26T15:22:44.787306+00:00,2026-08-03T11:00,2026-08-03T15:00:00+00:00,29.7,14
New York City,2026-07-26T15:22:44.787306+00:00,2026-08-03T12:00,2026-08-03T16:00:00+00:00,31.1,14
New York City,2026-07-26T15:22:44.787306+00:00,2026-08-03T13:00,2026-08-03T17:00:00+00:00,32.3,14
New York City,2026-07-26T15:22:44.787306+00:00,2026-08-03T14:00,2026-08-03T18:00:00+00:00,33.0,14
New York City,2026-07-26T15:22:44.787306+00:00,2026-08-03T15:00,2026-08-03T19:00:00+00:00,32.7,20
New York City,2026-07-26T15:22:44.787306+00:00,2026-08-03T16:00,2026-08-03T20:00:00+00:00,31.9,20
New York City,2026-07-26T15:22:44.787306+00:00,2026-08-03T17:00,2026-08-03T21:00:00+00:00,30.9,20
New York City,2026-07-26T15:22:44.787306+00:00,2026-08-03T18:00,2026-08-03T22:00:00+00:00,29.6,20
New York City,2026-07-26T15:22:44.787306+00:00,2026-08-03T19:00,2026-08-03T23:00:00+00:00,28.2,20
New York City,2026-07-26T15:22:44.787306+00:00,2026-08-03T20:00,2026-08-04T00:00:00+00:00,27.1,20
New York City,2026-07-26T15:22:44.787306+00:00,2026-08-03T21:00,2026-08-04T01:00:00+00:00,26.4,13
New York City,2026-07-26T15:22:44.787306+00:00,2026-08-03T22:00,2026-08-04T02:00:00+00:00,26.0,13
New York City,2026-07-26T15:22:44.787306+00:00,2026-08-03T23:00,2026-08-04T03:00:00+00:00,25.7,13
New York City,2026-07-26T15:22:44.787306+00:00,2026-08-04T00:00,2026-08-04T04:00:00+00:00,25.3,13
New York City,2026-07-26T15:22:44.787306+00:00,2026-08-04T01:00,2026-08-04T05:00:00+00:00,25.0,13
New York City,2026-07-26T15:22:44.787306+00:00,2026-08-04T02:00,2026-08-04T06:00:00+00:00,24.7,13
New York City,2026-07-26T15:22:44.787306+00:00,2026-08-04T03:00,2026-08-04T07:00:00+00:00,24.3,8
New York City,2026-07-26T15:22:44.787306+00:00,2026-08-04T04:00,2026-08-04T08:00:00+00:00,23.9,8
New York City,2026-07-26T15:22:44.787306+00:00,2026-08-04T05:00,2026-08-04T09:00:00+00:00,23.9,8
New York City,2026-07-26T15:22:44.787306+00:00,2026-08-04T06:00,2026-08-04T10:00:00+00:00,24.2,8
New York City,2026-07-26T15:22:44.787306+00:00,2026-08-04T07:00,2026-08-04T11:00:00+00:00,24.8,8
New York City,2026-07-26T15:22:44.787306+00:00,2026-08-04T08:00,2026-08-04T12:00:00+00:00,25.8,8
New York City,2026-07-26T15:22:44.787306+00:00,2026-08-04T09:00,2026-08-04T13:00:00+00:00,27.5,8
New York City,2026-07-26T15:22:44.787306+00:00,2026-08-04T10:00,2026-08-04T14:00:00+00:00,29.6,8
New York City,2026-07-26T15:22:44.787306+00:00,2026-08-04T11:00,2026-08-04T15:00:00+00:00,31.5,8
New York City,2026-07-26T15:22:44.787306+00:00,2026-08-04T12:00,2026-08-04T16:00:00+00:00,33.0,8
New York City,2026-07-26T15:22:44.787306+00:00,2026-08-04T13:00,2026-08-04T17:00:00+00:00,34.3,8
New York City,2026-07-26T15:22:44.787306+00:00,2026-08-04T14:00,2026-08-04T18:00:00+00:00,34.6,8
New York City,2026-07-26T15:22:44.787306+00:00,2026-08-04T15:00,2026-08-04T19:00:00+00:00,33.1,15
New York City,2026-07-26T15:22:44.787306+00:00,2026-08-04T16:00,2026-08-04T20:00:00+00:00,30.6,15
New York City,2026-07-26T15:22:44.787306+00:00,2026-08-04T17:00,2026-08-04T21:00:00+00:00,28.7,15
New York City,2026-07-26T15:22:44.787306+00:00,2026-08-04T18:00,2026-08-04T22:00:00+00:00,28.1,15
New York City,2026-07-26T15:22:44.787306+00:00,2026-08-04T19:00,2026-08-04T23:00:00+00:00,28.2,15
New York City,2026-07-26T15:22:44.787306+00:00,2026-08-04T20:00,2026-08-05T00:00:00+00:00,28.2,15
New York City,2026-07-26T15:22:44.787306+00:00,2026-08-04T21:00,2026-08-05T01:00:00+00:00,27.7,12
New York City,2026-07-26T15:22:44.787306+00:00,2026-08-04T22:00,2026-08-05T02:00:00+00:00,27.2,12
New York City,2026-07-26T15:22:44.787306+00:00,2026-08-04T23:00,2026-08-05T03:00:00+00:00,26.6,12
New York City,2026-07-26T15:22:44.787306+00:00,2026-08-05T00:00,2026-08-05T04:00:00+00:00,25.9,12
New York City,2026-07-26T15:22:44.787306+00:00,2026-08-05T01:00,2026-08-05T05:00:00+00:00,25.2,12
New York City,2026-07-26T15:22:44.787306+00:00,2026-08-05T02:00,2026-08-05T06:00:00+00:00,24.7,12
New York City,2026-07-26T15:22:44.787306+00:00,2026-08-05T03:00,2026-08-05T07:00:00+00:00,24.2,11
New York City,2026-07-26T15:22:44.787306+00:00,2026-08-05T04:00,2026-08-05T08:00:00+00:00,23.9,11
New York City,2026-07-26T15:22:44.787306+00:00,2026-08-05T05:00,2026-08-05T09:00:00+00:00,23.8,11
New York City,2026-07-26T15:22:44.787306+00:00,2026-08-05T06:00,2026-08-05T10:00:00+00:00,24.0,11
New York City,2026-07-26T15:22:44.787306+00:00,2026-08-05T07:00,2026-08-05T11:00:00+00:00,24.5,11
New York City,2026-07-26T15:22:44.787306+00:00,2026-08-05T08:00,2026-08-05T12:00:00+00:00,25.3,11
New York City,2026-07-26T15:22:44.787306+00:00,2026-08-05T09:00,2026-08-05T13:00:00+00:00,26.6,6
New York City,2026-07-26T15:22:44.787306+00:00,2026-08-05T10:00,2026-08-05T14:00:00+00:00,28.3,6
New York City,2026-07-26T15:22:44.787306+00:00,2026-08-05T11:00,2026-08-05T15:00:00+00:00,29.8,6
New York City,2026-07-26T15:22:44.787306+00:00,2026-08-05T12:00,2026-08-05T16:00:00+00:00,30.8,6
New York City,2026-07-26T15:22:44.787306+00:00,2026-08-05T13:00,2026-08-05T17:00:00+00:00,31.5,6
New York City,2026-07-26T15:22:44.787306+00:00,2026-08-05T14:00,2026-08-05T18:00:00+00:00,31.9,6
New York City,2026-07-26T15:22:44.787306+00:00,2026-08-05T15:00,2026-08-05T19:00:00+00:00,32.0,21
New York City,2026-07-26T15:22:44.787306+00:00,2026-08-05T16:00,2026-08-05T20:00:00+00:00,31.8,21
New York City,2026-07-26T15:22:44.787306+00:00,2026-08-05T17:00,2026-08-05T21:00:00+00:00,31.2,21
New York City,2026-07-26T15:22:44.787306+00:00,2026-08-05T18:00,2026-08-05T22:00:00+00:00,29.8,21
New York City,2026-07-26T15:22:44.787306+00:00,2026-08-05T19:00,2026-08-05T23:00:00+00:00,27.9,21
New York City,2026-07-26T15:22:44.787306+00:00,2026-08-05T20:00,2026-08-06T00:00:00+00:00,26.5,21
New York City,2026-07-26T15:22:44.787306+00:00,2026-08-05T21:00,2026-08-06T01:00:00+00:00,25.9,20
New York City,2026-07-26T15:22:44.787306+00:00,2026-08-05T22:00,2026-08-06T02:00:00+00:00,25.6,20
New York City,2026-07-26T15:22:44.787306+00:00,2026-08-05T23:00,2026-08-06T03:00:00+00:00,25.5,20
New York City,2026-07-26T15:22:44.787306+00:00,2026-08-06T00:00,2026-08-06T04:00:00+00:00,25.3,20
New York City,2026-07-26T15:22:44.787306+00:00,2026-08-06T01:00,2026-08-06T05:00:00+00:00,25.1,20
New York City,2026-07-26T15:22:44.787306+00:00,2026-08-06T02:00,2026-08-06T06:00:00+00:00,24.9,20
New York City,2026-07-26T15:22:44.787306+00:00,2026-08-06T03:00,2026-08-06T07:00:00+00:00,24.5,9
New York City,2026-07-26T15:22:44.787306+00:00,2026-08-06T04:00,2026-08-06T08:00:00+00:00,24.2,9
New York City,2026-07-26T15:22:44.787306+00:00,2026-08-06T05:00,2026-08-06T09:00:00+00:00,24.1,9
New York City,2026-07-26T15:22:44.787306+00:00,2026-08-06T06:00,2026-08-06T10:00:00+00:00,24.4,14
New York City,2026-07-26T15:22:44.787306+00:00,2026-08-06T07:00,2026-08-06T11:00:00+00:00,24.9,16
New York City,2026-07-26T15:22:44.787306+00:00,2026-08-06T08:00,2026-08-06T12:00:00+00:00,25.7,17
New York City,2026-07-26T15:22:44.787306+00:00,2026-08-06T09:00,2026-08-06T13:00:00+00:00,26.8,16
New York City,2026-07-26T15:22:44.787306+00:00,2026-08-06T10:00,2026-08-06T14:00:00+00:00,28.1,14
New York City,2026-07-26T15:22:44.787306+00:00,2026-08-06T11:00,2026-08-06T15:00:00+00:00,29.3,13
New York City,2026-07-26T15:22:44.787306+00:00,2026-08-06T12:00,2026-08-06T16:00:00+00:00,30.2,12
New York City,2026-07-26T15:22:44.787306+00:00,2026-08-06T13:00,2026-08-06T17:00:00+00:00,30.9,12
New York City,2026-07-26T15:22:44.787306+00:00,2026-08-06T14:00,2026-08-06T18:00:00+00:00,31.1,13
New York City,2026-07-26T15:22:44.787306+00:00,2026-08-06T15:00,2026-08-06T19:00:00+00:00,30.3,16
New York City,2026-07-26T15:22:44.787306+00:00,2026-08-06T16:00,2026-08-06T20:00:00+00:00,29.0,19
New York City,2026-07-26T15:22:44.787306+00:00,2026-08-06T17:00,2026-08-06T21:00:00+00:00,27.7,23
New York City,2026-07-26T15:22:44.787306+00:00,2026-08-06T18:00,2026-08-06T22:00:00+00:00,26.6,27
New York City,2026-07-26T15:22:44.787306+00:00,2026-08-06T19:00,2026-08-06T23:00:00+00:00,25.6,31
New York City,2026-07-26T15:22:44.787306+00:00,2026-08-06T20:00,2026-08-07T00:00:00+00:00,24.9,35
New York City,2026-07-26T15:22:44.787306+00:00,2026-08-06T21:00,2026-08-07T01:00:00+00:00,24.4,38
New York City,2026-07-26T15:22:44.787306+00:00,2026-08-06T22:00,2026-08-07T02:00:00+00:00,24.1,40
New York City,2026-07-26T15:22:44.787306+00:00,2026-08-06T23:00,2026-08-07T03:00:00+00:00,24.0,42
New York City,2026-07-26T15:22:44.787306+00:00,2026-08-07T00:00,2026-08-07T04:00:00+00:00,24.2,44
New York City,2026-07-26T15:22:44.787306+00:00,2026-08-07T01:00,2026-08-07T05:00:00+00:00,24.5,45
New York City,2026-07-26T15:22:44.787306+00:00,2026-08-07T02:00,2026-08-07T06:00:00+00:00,24.4,45
New York City,2026-07-26T15:22:44.787306+00:00,2026-08-07T03:00,2026-08-07T07:00:00+00:00,23.4,43
New York City,2026-07-26T15:22:44.787306+00:00,2026-08-07T04:00,2026-08-07T08:00:00+00:00,22.1,41
New York City,2026-07-26T15:22:44.787306+00:00,2026-08-07T05:00,2026-08-07T09:00:00+00:00,21.0,38
New York City,2026-07-26T15:22:44.787306+00:00,2026-08-07T06:00,2026-08-07T10:00:00+00:00,20.3,35
New York City,2026-07-26T15:22:44.787306+00:00,2026-08-07T07:00,2026-08-07T11:00:00+00:00,19.9,32
New York City,2026-07-26T15:22:44.787306+00:00,2026-08-07T08:00,2026-08-07T12:00:00+00:00,19.9,29
New York City,2026-07-26T15:22:44.787306+00:00,2026-08-07T09:00,2026-08-07T13:00:00+00:00,20.2,26
New York City,2026-07-26T15:22:44.787306+00:00,2026-08-07T10:00,2026-08-07T14:00:00+00:00,20.9,23
New York City,2026-07-26T15:22:44.787306+00:00,2026-08-07T11:00,2026-08-07T15:00:00+00:00,22.0,21
New York City,2026-07-26T15:22:44.787306+00:00,2026-08-07T12:00,2026-08-07T16:00:00+00:00,23.8,19
New York City,2026-07-26T15:22:44.787306+00:00,2026-08-07T13:00,2026-08-07T17:00:00+00:00,26.0,17
New York City,2026-07-26T15:22:44.787306+00:00,2026-08-07T14:00,2026-08-07T18:00:00+00:00,27.7,16
New York City,2026-07-26T15:22:44.787306+00:00,2026-08-07T15:00,2026-08-07T19:00:00+00:00,28.5,17
New York City,2026-07-26T15:22:44.787306+00:00,2026-08-07T16:00,2026-08-07T20:00:00+00:00,28.9,20
New York City,2026-07-26T15:22:44.787306+00:00,2026-08-07T17:00,2026-08-07T21:00:00+00:00,28.9,23
New York City,2026-07-26T15:22:44.787306+00:00,2026-08-07T18:00,2026-08-07T22:00:00+00:00,28.4,26
New York City,2026-07-26T15:22:44.787306+00:00,2026-08-07T19:00,2026-08-07T23:00:00+00:00,27.6,29
New York City,2026-07-26T15:22:44.787306+00:00,2026-08-07T20:00,2026-08-08T00:00:00+00:00,26.7,32
New York City,2026-07-26T15:22:44.787306+00:00,2026-08-07T21:00,2026-08-08T01:00:00+00:00,25.8,34
New York City,2026-07-26T15:22:44.787306+00:00,2026-08-07T22:00,2026-08-08T02:00:00+00:00,25.0,34
New York City,2026-07-26T15:22:44.787306+00:00,2026-08-07T23:00,2026-08-08T03:00:00+00:00,24.1,35
New York City,2026-07-26T15:22:44.787306+00:00,2026-08-08T00:00,2026-08-08T04:00:00+00:00,23.2,35
New York City,2026-07-26T15:22:44.787306+00:00,2026-08-08T01:00,2026-08-08T05:00:00+00:00,22.3,35
New York City,2026-07-26T15:22:44.787306+00:00,2026-08-08T02:00,2026-08-08T06:00:00+00:00,21.5,35
New York City,2026-07-26T15:22:44.787306+00:00,2026-08-08T03:00,2026-08-08T07:00:00+00:00,20.7,34
New York City,2026-07-26T15:22:44.787306+00:00,2026-08-08T04:00,2026-08-08T08:00:00+00:00,19.9,33
New York City,2026-07-26T15:22:44.787306+00:00,2026-08-08T05:00,2026-08-08T09:00:00+00:00,19.4,32
New York City,2026-07-26T15:22:44.787306+00:00,2026-08-08T06:00,2026-08-08T10:00:00+00:00,19.1,31
New York City,2026-07-26T15:22:44.787306+00:00,2026-08-08T07:00,2026-08-08T11:00:00+00:00,19.1,30
New York City,2026-07-26T15:22:44.787306+00:00,2026-08-08T08:00,2026-08-08T12:00:00+00:00,19.5,29
New York City,2026-07-26T15:22:44.787306+00:00,2026-08-08T09:00,2026-08-08T13:00:00+00:00,20.3,29
New York City,2026-07-26T15:22:44.787306+00:00,2026-08-08T10:00,2026-08-08T14:00:00+00:00,21.5,28
New York City,2026-07-26T15:22:44.787306+00:00,2026-08-08T11:00,2026-08-08T15:00:00+00:00,22.7,28
New York City,2026-07-26T15:22:44.787306+00:00,2026-08-08T12:00,2026-08-08T16:00:00+00:00,23.8,27
New York City,2026-07-26T15:22:44.787306+00:00,2026-08-08T13:00,2026-08-08T17:00:00+00:00,25.0,27
New York City,2026-07-26T15:22:44.787306+00:00,2026-08-08T14:00,2026-08-08T18:00:00+00:00,25.9,26
New York City,2026-07-26T15:22:44.787306+00:00,2026-08-08T15:00,2026-08-08T19:00:00+00:00,26.6,25
New York City,2026-07-26T15:22:44.787306+00:00,2026-08-08T16:00,2026-08-08T20:00:00+00:00,27.0,23
New York City,2026-07-26T15:22:44.787306+00:00,2026-08-08T17:00,2026-08-08T21:00:00+00:00,27.0,22
New York City,2026-07-26T15:22:44.787306+00:00,2026-08-08T18:00,2026-08-08T22:00:00+00:00,26.0,21
New York City,2026-07-26T15:22:44.787306+00:00,2026-08-08T19:00,2026-08-08T23:00:00+00:00,24.4,19
New York City,2026-07-26T15:22:44.787306+00:00,2026-08-08T20:00,2026-08-09T00:00:00+00:00,23.2,19
New York City,2026-07-26T15:22:44.787306+00:00,2026-08-08T21:00,2026-08-09T01:00:00+00:00,22.7,21
New York City,2026-07-26T15:22:44.787306+00:00,2026-08-08T22:00,2026-08-09T02:00:00+00:00,22.5,23
New York City,2026-07-26T15:22:44.787306+00:00,2026-08-08T23:00,2026-08-09T03:00:00+00:00,22.3,26
New York City,2026-07-26T15:22:44.787306+00:00,2026-08-09T00:00,2026-08-09T04:00:00+00:00,22.0,29
New York City,2026-07-26T15:22:44.787306+00:00,2026-08-09T01:00,2026-08-09T05:00:00+00:00,21.8,31
New York City,2026-07-26T15:22:44.787306+00:00,2026-08-09T02:00,2026-08-09T06:00:00+00:00,21.6,32
New York City,2026-07-26T15:22:44.787306+00:00,2026-08-09T03:00,2026-08-09T07:00:00+00:00,21.3,30
New York City,2026-07-26T15:22:44.787306+00:00,2026-08-09T04:00,2026-08-09T08:00:00+00:00,21.1,27
New York City,2026-07-26T15:22:44.787306+00:00,2026-08-09T05:00,2026-08-09T09:00:00+00:00,21.0,23
New York City,2026-07-26T15:22:44.787306+00:00,2026-08-09T06:00,2026-08-09T10:00:00+00:00,21.1,19
New York City,2026-07-26T15:22:44.787306+00:00,2026-08-09T07:00,2026-08-09T11:00:00+00:00,21.3,16
New York City,2026-07-26T15:22:44.787306+00:00,2026-08-09T08:00,2026-08-09T12:00:00+00:00,21.8,13
New York City,2026-07-26T15:22:44.787306+00:00,2026-08-09T09:00,2026-08-09T13:00:00+00:00,22.7,12
New York City,2026-07-26T15:22:44.787306+00:00,2026-08-09T10:00,2026-08-09T14:00:00+00:00,23.9,12
New York City,2026-07-26T15:22:44.787306+00:00,2026-08-09T11:00,2026-08-09T15:00:00+00:00,24.9,13
New York City,2026-07-26T15:22:44.787306+00:00,2026-08-09T12:00,2026-08-09T16:00:00+00:00,25.6,14
New York City,2026-07-26T15:22:44.787306+00:00,2026-08-09T13:00,2026-08-09T17:00:00+00:00,26.1,15
New York City,2026-07-26T15:22:44.787306+00:00,2026-08-09T14:00,2026-08-09T18:00:00+00:00,26.4,16
New York City,2026-07-26T15:22:44.787306+00:00,2026-08-09T15:00,2026-08-09T19:00:00+00:00,26.4,16
New York City,2026-07-26T15:22:44.787306+00:00,2026-08-09T16:00,2026-08-09T20:00:00+00:00,26.3,17
New York City,2026-07-26T15:22:44.787306+00:00,2026-08-09T17:00,2026-08-09T21:00:00+00:00,25.9,17
New York City,2026-07-26T15:22:44.787306+00:00,2026-08-09T18:00,2026-08-09T22:00:00+00:00,25.1,17
New York City,2026-07-26T15:22:44.787306+00:00,2026-08-09T19:00,2026-08-09T23:00:00+00:00,24.1,18
New York City,2026-07-26T15:22:44.787306+00:00,2026-08-09T20:00,2026-08-10T00:00:00+00:00,23.3,19
New York City,2026-07-26T15:22:44.787306+00:00,2026-08-09T21:00,2026-08-10T01:00:00+00:00,22.8,22
New York City,2026-07-26T15:22:44.787306+00:00,2026-08-09T22:00,2026-08-10T02:00:00+00:00,22.4,25
New York City,2026-07-26T15:22:44.787306+00:00,2026-08-09T23:00,2026-08-10T03:00:00+00:00,22.2,28
New York City,2026-07-26T15:22:44.787306+00:00,2026-08-10T00:00,2026-08-10T04:00:00+00:00,22.0,31
New York City,2026-07-26T15:22:44.787306+00:00,2026-08-10T01:00,2026-08-10T05:00:00+00:00,21.9,34
New York City,2026-07-26T15:22:44.787306+00:00,2026-08-10T02:00,2026-08-10T06:00:00+00:00,21.8,35
New York City,2026-07-26T15:22:44.787306+00:00,2026-08-10T03:00,2026-08-10T07:00:00+00:00,21.7,34
New York City,2026-07-26T15:22:44.787306+00:00,2026-08-10T04:00,2026-08-10T08:00:00+00:00,21.7,32
New York City,2026-07-26T15:22:44.787306+00:00,2026-08-10T05:00,2026-08-10T09:00:00+00:00,21.5,30
New York City,2026-07-26T15:22:44.787306+00:00,2026-08-10T06:00,2026-08-10T10:00:00+00:00,20.8,28
New York City,2026-07-26T15:22:44.787306+00:00,2026-08-10T07:00,2026-08-10T11:00:00+00:00,19.9,25
New York City,2026-07-26T15:22:44.787306+00:00,2026-08-10T08:00,2026-08-10T12:00:00+00:00,19.3,23
New York City,2026-07-26T15:22:44.787306+00:00,2026-08-10T09:00,2026-08-10T13:00:00+00:00,19.0,22
New York City,2026-07-26T15:22:44.787306+00:00,2026-08-10T10:00,2026-08-10T14:00:00+00:00,18.9,21
New York City,2026-07-26T15:22:44.787306+00:00,2026-08-10T11:00,2026-08-10T15:00:00+00:00,18.9,20
New York City,2026-07-26T15:22:44.787306+00:00,2026-08-10T12:00,2026-08-10T16:00:00+00:00,18.8,20
New York City,2026-07-26T15:22:44.787306+00:00,2026-08-10T13:00,2026-08-10T17:00:00+00:00,18.8,19
New York City,2026-07-26T15:22:44.787306+00:00,2026-08-10T14:00,2026-08-10T18:00:00+00:00,18.9,19
New York City,2026-07-26T15:22:44.787306+00:00,2026-08-10T15:00,2026-08-10T19:00:00+00:00,19.1,18
New York City,2026-07-26T15:22:44.787306+00:00,2026-08-10T16:00,2026-08-10T20:00:00+00:00,19.5,18
New York City,2026-07-26T15:22:44.787306+00:00,2026-08-10T17:00,2026-08-10T21:00:00+00:00,19.7,17
New York City,2026-07-26T15:22:44.787306+00:00,2026-08-10T18:00,2026-08-10T22:00:00+00:00,19.4,16
New York City,2026-07-26T15:22:44.787306+00:00,2026-08-10T19:00,2026-08-10T23:00:00+00:00,19.0,16
New York City,2026-07-26T15:22:44.787306+00:00,2026-08-10T20:00,2026-08-11T00:00:00+00:00,18.7,16
New York City,2026-07-26T15:22:44.787306+00:00,2026-08-10T21:00,2026-08-11T01:00:00+00:00,18.5,17
New York City,2026-07-26T15:22:44.787306+00:00,2026-08-10T22:00,2026-08-11T02:00:00+00:00,18.4,19
New York City,2026-07-26T15:22:44.787306+00:00,2026-08-10T23:00,2026-08-11T03:00:00+00:00,18.4,21
New York City,2026-07-26T17:18:16.227291+00:00,2026-07-26T00:00,2026-07-26T04:00:00+00:00,18.4,0
New York City,2026-07-26T17:18:16.227291+00:00,2026-07-26T01:00,2026-07-26T05:00:00+00:00,17.8,0
New York City,2026-07-26T17:18:16.227291+00:00,2026-07-26T02:00,2026-07-26T06:00:00+00:00,18.6,0
New York City,2026-07-26T17:18:16.227291+00:00,2026-07-26T03:00,2026-07-26T07:00:00+00:00,17.5,0
New York City,2026-07-26T17:18:16.227291+00:00,2026-07-26T04:00,2026-07-26T08:00:00+00:00,16.9,0
New York City,2026-07-26T17:18:16.227291+00:00,2026-07-26T05:00,2026-07-26T09:00:00+00:00,15.9,0
New York City,2026-07-26T17:18:16.227291+00:00,2026-07-26T06:00,2026-07-26T10:00:00+00:00,16.0,0
New York City,2026-07-26T17:18:16.227291+00:00,2026-07-26T07:00,2026-07-26T11:00:00+00:00,18.2,0
New York City,2026-07-26T17:18:16.227291+00:00,2026-07-26T08:00,2026-07-26T12:00:00+00:00,21.6,0
New York City,2026-07-26T17:18:16.227291+00:00,2026-07-26T09:00,2026-07-26T13:00:00+00:00,23.8,0
New York City,2026-07-26T17:18:16.227291+00:00,2026-07-26T10:00,2026-07-26T14:00:00+00:00,25.4,0
New York City,2026-07-26T17:18:16.227291+00:00,2026-07-26T11:00,2026-07-26T15:00:00+00:00,26.1,0
New York City,2026-07-26T17:18:16.227291+00:00,2026-07-26T12:00,2026-07-26T16:00:00+00:00,27.4,0
New York City,2026-07-26T17:18:16.227291+00:00,2026-07-26T13:00,2026-07-26T17:00:00+00:00,28.4,0
New York City,2026-07-26T17:18:16.227291+00:00,2026-07-26T14:00,2026-07-26T18:00:00+00:00,29.1,0
New York City,2026-07-26T17:18:16.227291+00:00,2026-07-26T15:00,2026-07-26T19:00:00+00:00,29.5,0
New York City,2026-07-26T17:18:16.227291+00:00,2026-07-26T16:00,2026-07-26T20:00:00+00:00,29.8,0
New York City,2026-07-26T17:18:16.227291+00:00,2026-07-26T17:00,2026-07-26T21:00:00+00:00,29.3,0
New York City,2026-07-26T17:18:16.227291+00:00,2026-07-26T18:00,2026-07-26T22:00:00+00:00,27.9,0
New York City,2026-07-26T17:18:16.227291+00:00,2026-07-26T19:00,2026-07-26T23:00:00+00:00,26.3,1
New York City,2026-07-26T17:18:16.227291+00:00,2026-07-26T20:00,2026-07-27T00:00:00+00:00,24.2,1
New York City,2026-07-26T17:18:16.227291+00:00,2026-07-26T21:00,2026-07-27T01:00:00+00:00,23.0,1
New York City,2026-07-26T17:18:16.227291+00:00,2026-07-26T22:00,2026-07-27T02:00:00+00:00,23.1,1
New York City,2026-07-26T17:18:16.227291+00:00,2026-07-26T23:00,2026-07-27T03:00:00+00:00,22.0,2
New York City,2026-07-26T17:18:16.227291+00:00,2026-07-27T00:00,2026-07-27T04:00:00+00:00,21.8,2
New York City,2026-07-26T17:18:16.227291+00:00,2026-07-27T01:00,2026-07-27T05:00:00+00:00,21.4,2
New York City,2026-07-26T17:18:16.227291+00:00,2026-07-27T02:00,2026-07-27T06:00:00+00:00,21.3,2
New York City,2026-07-26T17:18:16.227291+00:00,2026-07-27T03:00,2026-07-27T07:00:00+00:00,20.8,3
New York City,2026-07-26T17:18:16.227291+00:00,2026-07-27T04:00,2026-07-27T08:00:00+00:00,20.6,4
New York City,2026-07-26T17:18:16.227291+00:00,2026-07-27T05:00,2026-07-27T09:00:00+00:00,19.7,5
New York City,2026-07-26T17:18:16.227291+00:00,2026-07-27T06:00,2026-07-27T10:00:00+00:00,18.6,6
New York City,2026-07-26T17:18:16.227291+00:00,2026-07-27T07:00,2026-07-27T11:00:00+00:00,20.5,3
New York City,2026-07-26T17:18:16.227291+00:00,2026-07-27T08:00,2026-07-27T12:00:00+00:00,23.1,5
New York City,2026-07-26T17:18:16.227291+00:00,2026-07-27T09:00,2026-07-27T13:00:00+00:00,25.6,3
New York City,2026-07-26T17:18:16.227291+00:00,2026-07-27T10:00,2026-07-27T14:00:00+00:00,27.6,4
New York City,2026-07-26T17:18:16.227291+00:00,2026-07-27T11:00,2026-07-27T15:00:00+00:00,29.2,4
New York City,2026-07-26T17:18:16.227291+00:00,2026-07-27T12:00,2026-07-27T16:00:00+00:00,29.7,8
New York City,2026-07-26T17:18:16.227291+00:00,2026-07-27T13:00,2026-07-27T17:00:00+00:00,30.0,14
New York City,2026-07-26T17:18:16.227291+00:00,2026-07-27T14:00,2026-07-27T18:00:00+00:00,29.7,12
New York City,2026-07-26T17:18:16.227291+00:00,2026-07-27T15:00,2026-07-27T19:00:00+00:00,29.3,14
New York City,2026-07-26T17:18:16.227291+00:00,2026-07-27T16:00,2026-07-27T20:00:00+00:00,27.9,13
New York City,2026-07-26T17:18:16.227291+00:00,2026-07-27T17:00,2026-07-27T21:00:00+00:00,27.9,10
New York City,2026-07-26T17:18:16.227291+00:00,2026-07-27T18:00,2026-07-27T22:00:00+00:00,27.2,17
New York City,2026-07-26T17:18:16.227291+00:00,2026-07-27T19:00,2026-07-27T23:00:00+00:00,25.8,13
New York City,2026-07-26T17:18:16.227291+00:00,2026-07-27T20:00,2026-07-28T00:00:00+00:00,25.5,16
New York City,2026-07-26T17:18:16.227291+00:00,2026-07-27T21:00,2026-07-28T01:00:00+00:00,23.3,23
New York City,2026-07-26T17:18:16.227291+00:00,2026-07-27T22:00,2026-07-28T02:00:00+00:00,21.9,20
New York City,2026-07-26T17:18:16.227291+00:00,2026-07-27T23:00,2026-07-28T03:00:00+00:00,20.7,12
New York City,2026-07-26T17:18:16.227291+00:00,2026-07-28T00:00,2026-07-28T04:00:00+00:00,20.6,19
New York City,2026-07-26T17:18:16.227291+00:00,2026-07-28T01:00,2026-07-28T05:00:00+00:00,20.8,43
New York City,2026-07-26T17:18:16.227291+00:00,2026-07-28T02:00,2026-07-28T06:00:00+00:00,21.0,43
New York City,2026-07-26T17:18:16.227291+00:00,2026-07-28T03:00,2026-07-28T07:00:00+00:00,20.7,38
New York City,2026-07-26T17:18:16.227291+00:00,2026-07-28T04:00,2026-07-28T08:00:00+00:00,20.4,38
New York City,2026-07-26T17:18:16.227291+00:00,2026-07-28T05:00,2026-07-28T09:00:00+00:00,20.3,38
New York City,2026-07-26T17:18:16.227291+00:00,2026-07-28T06:00,2026-07-28T10:00:00+00:00,20.4,38
New York City,2026-07-26T17:18:16.227291+00:00,2026-07-28T07:00,2026-07-28T11:00:00+00:00,21.4,38
New York City,2026-07-26T17:18:16.227291+00:00,2026-07-28T08:00,2026-07-28T12:00:00+00:00,23.1,38
New York City,2026-07-26T17:18:16.227291+00:00,2026-07-28T09:00,2026-07-28T13:00:00+00:00,25.1,64
New York City,2026-07-26T17:18:16.227291+00:00,2026-07-28T10:00,2026-07-28T14:00:00+00:00,26.3,64
New York City,2026-07-26T17:18:16.227291+00:00,2026-07-28T11:00,2026-07-28T15:00:00+00:00,27.1,64
New York City,2026-07-26T17:18:16.227291+00:00,2026-07-28T12:00,2026-07-28T16:00:00+00:00,27.3,64
New York City,2026-07-26T17:18:16.227291+00:00,2026-07-28T13:00,2026-07-28T17:00:00+00:00,28.1,64
New York City,2026-07-26T17:18:16.227291+00:00,2026-07-28T14:00,2026-07-28T18:00:00+00:00,28.5,64
New York City,2026-07-26T17:18:16.227291+00:00,2026-07-28T15:00,2026-07-28T19:00:00+00:00,28.2,73
New York City,2026-07-26T17:18:16.227291+00:00,2026-07-28T16:00,2026-07-28T20:00:00+00:00,27.1,73
New York City,2026-07-26T17:18:16.227291+00:00,2026-07-28T17:00,2026-07-28T21:00:00+00:00,22.9,73
New York City,2026-07-26T17:18:16.227291+00:00,2026-07-28T18:00,2026-07-28T22:00:00+00:00,23.3,73
New York City,2026-07-26T17:18:16.227291+00:00,2026-07-28T19:00,2026-07-28T23:00:00+00:00,23.2,73
New York City,2026-07-26T17:18:16.227291+00:00,2026-07-28T20:00,2026-07-29T00:00:00+00:00,23.3,73
New York City,2026-07-26T17:18:16.227291+00:00,2026-07-28T21:00,2026-07-29T01:00:00+00:00,23.2,77
New York City,2026-07-26T17:18:16.227291+00:00,2026-07-28T22:00,2026-07-29T02:00:00+00:00,23.0,77
New York City,2026-07-26T17:18:16.227291+00:00,2026-07-28T23:00,2026-07-29T03:00:00+00:00,22.8,77
New York City,2026-07-26T17:18:16.227291+00:00,2026-07-29T00:00,2026-07-29T04:00:00+00:00,21.4,77
New York City,2026-07-26T17:18:16.227291+00:00,2026-07-29T01:00,2026-07-29T05:00:00+00:00,21.5,77
New York City,2026-07-26T17:18:16.227291+00:00,2026-07-29T02:00,2026-07-29T06:00:00+00:00,21.8,77
New York City,2026-07-26T17:18:16.227291+00:00,2026-07-29T03:00,2026-07-29T07:00:00+00:00,21.6,68
New York City,2026-07-26T17:18:16.227291+00:00,2026-07-29T04:00,2026-07-29T08:00:00+00:00,21.5,68
New York City,2026-07-26T17:18:16.227291+00:00,2026-07-29T05:00,2026-07-29T09:00:00+00:00,21.5,68
New York City,2026-07-26T17:18:16.227291+00:00,2026-07-29T06:00,2026-07-29T10:00:00+00:00,21.6,68
New York City,2026-07-26T17:18:16.227291+00:00,2026-07-29T07:00,2026-07-29T11:00:00+00:00,21.7,68
New York City,2026-07-26T17:18:16.227291+00:00,2026-07-29T08:00,2026-07-29T12:00:00+00:00,21.9,68
New York City,2026-07-26T17:18:16.227291+00:00,2026-07-29T09:00,2026-07-29T13:00:00+00:00,22.5,65
New York City,2026-07-26T17:18:16.227291+00:00,2026-07-29T10:00,2026-07-29T14:00:00+00:00,22.5,65
New York City,2026-07-26T17:18:16.227291+00:00,2026-07-29T11:00,2026-07-29T15:00:00+00:00,21.7,65
New York City,2026-07-26T17:18:16.227291+00:00,2026-07-29T12:00,2026-07-29T16:00:00+00:00,22.5,65
New York City,2026-07-26T17:18:16.227291+00:00,2026-07-29T13:00,2026-07-29T17:00:00+00:00,22.7,65
New York City,2026-07-26T17:18:16.227291+00:00,2026-07-29T14:00,2026-07-29T18:00:00+00:00,22.0,65
New York City,2026-07-26T17:18:16.227291+00:00,2026-07-29T15:00,2026-07-29T19:00:00+00:00,21.4,71
New York City,2026-07-26T17:18:16.227291+00:00,2026-07-29T16:00,2026-07-29T20:00:00+00:00,21.3,71
New York City,2026-07-26T17:18:16.227291+00:00,2026-07-29T17:00,2026-07-29T21:00:00+00:00,20.9,71
New York City,2026-07-26T17:18:16.227291+00:00,2026-07-29T18:00,2026-07-29T22:00:00+00:00,21.2,71
New York City,2026-07-26T17:18:16.227291+00:00,2026-07-29T19:00,2026-07-29T23:00:00+00:00,21.5,71
New York City,2026-07-26T17:18:16.227291+00:00,2026-07-29T20:00,2026-07-30T00:00:00+00:00,21.4,71
New York City,2026-07-26T17:18:16.227291+00:00,2026-07-29T21:00,2026-07-30T01:00:00+00:00,21.2,53
New York City,2026-07-26T17:18:16.227291+00:00,2026-07-29T22:00,2026-07-30T02:00:00+00:00,21.2,53
New York City,2026-07-26T17:18:16.227291+00:00,2026-07-29T23:00,2026-07-30T03:00:00+00:00,21.0,53
New York City,2026-07-26T17:18:16.227291+00:00,2026-07-30T00:00,2026-07-30T04:00:00+00:00,21.0,53
New York City,2026-07-26T17:18:16.227291+00:00,2026-07-30T01:00,2026-07-30T05:00:00+00:00,21.2,53
New York City,2026-07-26T17:18:16.227291+00:00,2026-07-30T02:00,2026-07-30T06:00:00+00:00,20.9,53
New York City,2026-07-26T17:18:16.227291+00:00,2026-07-30T03:00,2026-07-30T07:00:00+00:00,20.7,27
New York City,2026-07-26T17:18:16.227291+00:00,2026-07-30T04:00,2026-07-30T08:00:00+00:00,20.4,27
New York City,2026-07-26T17:18:16.227291+00:00,2026-07-30T05:00,2026-07-30T09:00:00+00:00,20.2,27
New York City,2026-07-26T17:18:16.227291+00:00,2026-07-30T06:00,2026-07-30T10:00:00+00:00,20.1,27
New York City,2026-07-26T17:18:16.227291+00:00,2026-07-30T07:00,2026-07-30T11:00:00+00:00,20.1,27
New York City,2026-07-26T17:18:16.227291+00:00,2026-07-30T08:00,2026-07-30T12:00:00+00:00,20.2,27
New York City,2026-07-26T17:18:16.227291+00:00,2026-07-30T09:00,2026-07-30T13:00:00+00:00,20.3,7
New York City,2026-07-26T17:18:16.227291+00:00,2026-07-30T10:00,2026-07-30T14:00:00+00:00,20.6,7
New York City,2026-07-26T17:18:16.227291+00:00,2026-07-30T11:00,2026-07-30T15:00:00+00:00,20.9,7
New York City,2026-07-26T17:18:16.227291+00:00,2026-07-30T12:00,2026-07-30T16:00:00+00:00,21.9,7
New York City,2026-07-26T17:18:16.227291+00:00,2026-07-30T13:00,2026-07-30T17:00:00+00:00,22.9,7
New York City,2026-07-26T17:18:16.227291+00:00,2026-07-30T14:00,2026-07-30T18:00:00+00:00,22.9,7
New York City,2026-07-26T17:18:16.227291+00:00,2026-07-30T15:00,2026-07-30T19:00:00+00:00,23.2,17
New York City,2026-07-26T17:18:16.227291+00:00,2026-07-30T16:00,2026-07-30T20:00:00+00:00,23.0,17
New York City,2026-07-26T17:18:16.227291+00:00,2026-07-30T17:00,2026-07-30T21:00:00+00:00,22.4,17
New York City,2026-07-26T17:18:16.227291+00:00,2026-07-30T18:00,2026-07-30T22:00:00+00:00,21.9,17
New York City,2026-07-26T17:18:16.227291+00:00,2026-07-30T19:00,2026-07-30T23:00:00+00:00,21.5,17
New York City,2026-07-26T17:18:16.227291+00:00,2026-07-30T20:00,2026-07-31T00:00:00+00:00,21.3,17
New York City,2026-07-26T17:18:16.227291+00:00,2026-07-30T21:00,2026-07-31T01:00:00+00:00,20.9,10
New York City,2026-07-26T17:18:16.227291+00:00,2026-07-30T22:00,2026-07-31T02:00:00+00:00,20.7,10
New York City,2026-07-26T17:18:16.227291+00:00,2026-07-30T23:00,2026-07-31T03:00:00+00:00,20.6,10
New York City,2026-07-26T17:18:16.227291+00:00,2026-07-31T00:00,2026-07-31T04:00:00+00:00,20.4,10
New York City,2026-07-26T17:18:16.227291+00:00,2026-07-31T01:00,2026-07-31T05:00:00+00:00,20.2,10
New York City,2026-07-26T17:18:16.227291+00:00,2026-07-31T02:00,2026-07-31T06:00:00+00:00,20.1,10
New York City,2026-07-26T17:18:16.227291+00:00,2026-07-31T03:00,2026-07-31T07:00:00+00:00,20.0,0
New York City,2026-07-26T17:18:16.227291+00:00,2026-07-31T04:00,2026-07-31T08:00:00+00:00,19.9,0
New York City,2026-07-26T17:18:16.227291+00:00,2026-07-31T05:00,2026-07-31T09:00:00+00:00,19.9,0
New York City,2026-07-26T17:18:16.227291+00:00,2026-07-31T06:00,2026-07-31T10:00:00+00:00,19.7,0
New York City,2026-07-26T17:18:16.227291+00:00,2026-07-31T07:00,2026-07-31T11:00:00+00:00,19.4,0
New York City,2026-07-26T17:18:16.227291+00:00,2026-07-31T08:00,2026-07-31T12:00:00+00:00,19.7,0
New York City,2026-07-26T17:18:16.227291+00:00,2026-07-31T09:00,2026-07-31T13:00:00+00:00,20.7,1
New York City,2026-07-26T17:18:16.227291+00:00,2026-07-31T10:00,2026-07-31T14:00:00+00:00,22.2,1
New York City,2026-07-26T17:18:16.227291+00:00,2026-07-31T11:00,2026-07-31T15:00:00+00:00,23.6,1
New York City,2026-07-26T17:18:16.227291+00:00,2026-07-31T12:00,2026-07-31T16:00:00+00:00,24.8,1
New York City,2026-07-26T17:18:16.227291+00:00,2026-07-31T13:00,2026-07-31T17:00:00+00:00,26.0,1
New York City,2026-07-26T17:18:16.227291+00:00,2026-07-31T14:00,2026-07-31T18:00:00+00:00,26.9,1
New York City,2026-07-26T17:18:16.227291+00:00,2026-07-31T15:00,2026-07-31T19:00:00+00:00,27.2,7
New York City,2026-07-26T17:18:16.227291+00:00,2026-07-31T16:00,2026-07-31T20:00:00+00:00,27.2,7
New York City,2026-07-26T17:18:16.227291+00:00,2026-07-31T17:00,2026-07-31T21:00:00+00:00,27.1,7
New York City,2026-07-26T17:18:16.227291+00:00,2026-07-31T18:00,2026-07-31T22:00:00+00:00,26.8,7
New York City,2026-07-26T17:18:16.227291+00:00,2026-07-31T19:00,2026-07-31T23:00:00+00:00,26.3,7
New York City,2026-07-26T17:18:16.227291+00:00,2026-07-31T20:00,2026-08-01T00:00:00+00:00,25.8,7
New York City,2026-07-26T17:18:16.227291+00:00,2026-07-31T21:00,2026-08-01T01:00:00+00:00,25.3,6
New York City,2026-07-26T17:18:16.227291+00:00,2026-07-31T22:00,2026-08-01T02:00:00+00:00,24.8,6
New York City,2026-07-26T17:18:16.227291+00:00,2026-07-31T23:00,2026-08-01T03:00:00+00:00,24.4,6
New York City,2026-07-26T17:18:16.227291+00:00,2026-08-01T00:00,2026-08-01T04:00:00+00:00,23.9,6
New York City,2026-07-26T17:18:16.227291+00:00,2026-08-01T01:00,2026-08-01T05:00:00+00:00,23.5,6
New York City,2026-07-26T17:18:16.227291+00:00,2026-08-01T02:00,2026-08-01T06:00:00+00:00,23.2,6
New York City,2026-07-26T17:18:16.227291+00:00,2026-08-01T03:00,2026-08-01T07:00:00+00:00,22.8,1
New York City,2026-07-26T17:18:16.227291+00:00,2026-08-01T04:00,2026-08-01T08:00:00+00:00,22.4,1
New York City,2026-07-26T17:18:16.227291+00:00,2026-08-01T05:00,2026-08-01T09:00:00+00:00,22.3,1
New York City,2026-07-26T17:18:16.227291+00:00,2026-08-01T06:00,2026-08-01T10:00:00+00:00,22.5,1
New York City,2026-07-26T17:18:16.227291+00:00,2026-08-01T07:00,2026-08-01T11:00:00+00:00,23.1,1
New York City,2026-07-26T17:18:16.227291+00:00,2026-08-01T08:00,2026-08-01T12:00:00+00:00,24.1,1
New York City,2026-07-26T17:18:16.227291+00:00,2026-08-01T09:00,2026-08-01T13:00:00+00:00,25.6,3
New York City,2026-07-26T17:18:16.227291+00:00,2026-08-01T10:00,2026-08-01T14:00:00+00:00,27.6,3
New York City,2026-07-26T17:18:16.227291+00:00,2026-08-01T11:00,2026-08-01T15:00:00+00:00,29.4,3
New York City,2026-07-26T17:18:16.227291+00:00,2026-08-01T12:00,2026-08-01T16:00:00+00:00,31.1,3
New York City,2026-07-26T17:18:16.227291+00:00,2026-08-01T13:00,2026-08-01T17:00:00+00:00,32.6,3
New York City,2026-07-26T17:18:16.227291+00:00,2026-08-01T14:00,2026-08-01T18:00:00+00:00,33.3,3
New York City,2026-07-26T17:18:16.227291+00:00,2026-08-01T15:00,2026-08-01T19:00:00+00:00,32.6,10
New York City,2026-07-26T17:18:16.227291+00:00,2026-08-01T16:00,2026-08-01T20:00:00+00:00,31.1,10
New York City,2026-07-26T17:18:16.227291+00:00,2026-08-01T17:00,2026-08-01T21:00:00+00:00,29.7,10
New York City,2026-07-26T17:18:16.227291+00:00,2026-08-01T18:00,2026-08-01T22:00:00+00:00,28.6,10
New York City,2026-07-26T17:18:16.227291+00:00,2026-08-01T19:00,2026-08-01T23:00:00+00:00,27.7,10
New York City,2026-07-26T17:18:16.227291+00:00,2026-08-01T20:00,2026-08-02T00:00:00+00:00,26.9,10
New York City,2026-07-26T17:18:16.227291+00:00,2026-08-01T21:00,2026-08-02T01:00:00+00:00,26.4,8
New York City,2026-07-26T17:18:16.227291+00:00,2026-08-01T22:00,2026-08-02T02:00:00+00:00,26.1,8
New York City,2026-07-26T17:18:16.227291+00:00,2026-08-01T23:00,2026-08-02T03:00:00+00:00,25.7,8
New York City,2026-07-26T17:18:16.227291+00:00,2026-08-02T00:00,2026-08-02T04:00:00+00:00,25.0,8
New York City,2026-07-26T17:18:16.227291+00:00,2026-08-02T01:00,2026-08-02T05:00:00+00:00,24.3,8
New York City,2026-07-26T17:18:16.227291+00:00,2026-08-02T02:00,2026-08-02T06:00:00+00:00,23.7,8
New York City,2026-07-26T17:18:16.227291+00:00,2026-08-02T03:00,2026-08-02T07:00:00+00:00,23.2,7
New York City,2026-07-26T17:18:16.227291+00:00,2026-08-02T04:00,2026-08-02T08:00:00+00:00,22.9,7
New York City,2026-07-26T17:18:16.227291+00:00,2026-08-02T05:00,2026-08-02T09:00:00+00:00,22.8,7
New York City,2026-07-26T17:18:16.227291+00:00,2026-08-02T06:00,2026-08-02T10:00:00+00:00,22.9,7
New York City,2026-07-26T17:18:16.227291+00:00,2026-08-02T07:00,2026-08-02T11:00:00+00:00,23.4,7
New York City,2026-07-26T17:18:16.227291+00:00,2026-08-02T08:00,2026-08-02T12:00:00+00:00,24.1,7
New York City,2026-07-26T17:18:16.227291+00:00,2026-08-02T09:00,2026-08-02T13:00:00+00:00,25.3,15
New York City,2026-07-26T17:18:16.227291+00:00,2026-08-02T10:00,2026-08-02T14:00:00+00:00,26.8,15
New York City,2026-07-26T17:18:16.227291+00:00,2026-08-02T11:00,2026-08-02T15:00:00+00:00,28.1,15
New York City,2026-07-26T17:18:16.227291+00:00,2026-08-02T12:00,2026-08-02T16:00:00+00:00,29.0,15
New York City,2026-07-26T17:18:16.227291+00:00,2026-08-02T13:00,2026-08-02T17:00:00+00:00,29.6,15
New York City,2026-07-26T17:18:16.227291+00:00,2026-08-02T14:00,2026-08-02T18:00:00+00:00,29.8,15
New York City,2026-07-26T17:18:16.227291+00:00,2026-08-02T15:00,2026-08-02T19:00:00+00:00,29.2,31
New York City,2026-07-26T17:18:16.227291+00:00,2026-08-02T16:00,2026-08-02T20:00:00+00:00,28.1,31
New York City,2026-07-26T17:18:16.227291+00:00,2026-08-02T17:00,2026-08-02T21:00:00+00:00,27.2,31
New York City,2026-07-26T17:18:16.227291+00:00,2026-08-02T18:00,2026-08-02T22:00:00+00:00,26.7,31
New York City,2026-07-26T17:18:16.227291+00:00,2026-08-02T19:00,2026-08-02T23:00:00+00:00,26.4,31
New York City,2026-07-26T17:18:16.227291+00:00,2026-08-02T20:00,2026-08-03T00:00:00+00:00,26.1,31
New York City,2026-07-26T17:18:16.227291+00:00,2026-08-02T21:00,2026-08-03T01:00:00+00:00,25.7,25
New York City,2026-07-26T17:18:16.227291+00:00,2026-08-02T22:00,2026-08-03T02:00:00+00:00,25.3,25
New York City,2026-07-26T17:18:16.227291+00:00,2026-08-02T23:00,2026-08-03T03:00:00+00:00,24.9,25
New York City,2026-07-26T17:18:16.227291+00:00,2026-08-03T00:00,2026-08-03T04:00:00+00:00,24.5,25
New York City,2026-07-26T17:18:16.227291+00:00,2026-08-03T01:00,2026-08-03T05:00:00+00:00,24.2,25
New York City,2026-07-26T17:18:16.227291+00:00,2026-08-03T02:00,2026-08-03T06:00:00+00:00,24.0,25
New York City,2026-07-26T17:18:16.227291+00:00,2026-08-03T03:00,2026-08-03T07:00:00+00:00,23.7,16
New York City,2026-07-26T17:18:16.227291+00:00,2026-08-03T04:00,2026-08-03T08:00:00+00:00,23.6,16
New York City,2026-07-26T17:18:16.227291+00:00,2026-08-03T05:00,2026-08-03T09:00:00+00:00,23.6,16
New York City,2026-07-26T17:18:16.227291+00:00,2026-08-03T06:00,2026-08-03T10:00:00+00:00,23.8,16
New York City,2026-07-26T17:18:16.227291+00:00,2026-08-03T07:00,2026-08-03T11:00:00+00:00,24.1,16
New York City,2026-07-26T17:18:16.227291+00:00,2026-08-03T08:00,2026-08-03T12:00:00+00:00,24.9,16
New York City,2026-07-26T17:18:16.227291+00:00,2026-08-03T09:00,2026-08-03T13:00:00+00:00,26.3,14
New York City,2026-07-26T17:18:16.227291+00:00,2026-08-03T10:00,2026-08-03T14:00:00+00:00,28.1,14
New York City,2026-07-26T17:18:16.227291+00:00,2026-08-03T11:00,2026-08-03T15:00:00+00:00,29.7,14
New York City,2026-07-26T17:18:16.227291+00:00,2026-08-03T12:00,2026-08-03T16:00:00+00:00,31.1,14
New York City,2026-07-26T17:18:16.227291+00:00,2026-08-03T13:00,2026-08-03T17:00:00+00:00,32.3,14
New York City,2026-07-26T17:18:16.227291+00:00,2026-08-03T14:00,2026-08-03T18:00:00+00:00,33.0,14
New York City,2026-07-26T17:18:16.227291+00:00,2026-08-03T15:00,2026-08-03T19:00:00+00:00,32.7,20
New York City,2026-07-26T17:18:16.227291+00:00,2026-08-03T16:00,2026-08-03T20:00:00+00:00,31.9,20
New York City,2026-07-26T17:18:16.227291+00:00,2026-08-03T17:00,2026-08-03T21:00:00+00:00,30.9,20
New York City,2026-07-26T17:18:16.227291+00:00,2026-08-03T18:00,2026-08-03T22:00:00+00:00,29.6,20
New York City,2026-07-26T17:18:16.227291+00:00,2026-08-03T19:00,2026-08-03T23:00:00+00:00,28.2,20
New York City,2026-07-26T17:18:16.227291+00:00,2026-08-03T20:00,2026-08-04T00:00:00+00:00,27.1,20
New York City,2026-07-26T17:18:16.227291+00:00,2026-08-03T21:00,2026-08-04T01:00:00+00:00,26.4,13
New York City,2026-07-26T17:18:16.227291+00:00,2026-08-03T22:00,2026-08-04T02:00:00+00:00,26.0,13
New York City,2026-07-26T17:18:16.227291+00:00,2026-08-03T23:00,2026-08-04T03:00:00+00:00,25.7,13
New York City,2026-07-26T17:18:16.227291+00:00,2026-08-04T00:00,2026-08-04T04:00:00+00:00,25.3,13
New York City,2026-07-26T17:18:16.227291+00:00,2026-08-04T01:00,2026-08-04T05:00:00+00:00,25.0,13
New York City,2026-07-26T17:18:16.227291+00:00,2026-08-04T02:00,2026-08-04T06:00:00+00:00,24.7,13
New York City,2026-07-26T17:18:16.227291+00:00,2026-08-04T03:00,2026-08-04T07:00:00+00:00,24.3,8
New York City,2026-07-26T17:18:16.227291+00:00,2026-08-04T04:00,2026-08-04T08:00:00+00:00,23.9,8
New York City,2026-07-26T17:18:16.227291+00:00,2026-08-04T05:00,2026-08-04T09:00:00+00:00,23.9,8
New York City,2026-07-26T17:18:16.227291+00:00,2026-08-04T06:00,2026-08-04T10:00:00+00:00,24.2,8
New York City,2026-07-26T17:18:16.227291+00:00,2026-08-04T07:00,2026-08-04T11:00:00+00:00,24.8,8
New York City,2026-07-26T17:18:16.227291+00:00,2026-08-04T08:00,2026-08-04T12:00:00+00:00,25.8,8
New York City,2026-07-26T17:18:16.227291+00:00,2026-08-04T09:00,2026-08-04T13:00:00+00:00,27.5,8
New York City,2026-07-26T17:18:16.227291+00:00,2026-08-04T10:00,2026-08-04T14:00:00+00:00,29.6,8
New York City,2026-07-26T17:18:16.227291+00:00,2026-08-04T11:00,2026-08-04T15:00:00+00:00,31.5,8
New York City,2026-07-26T17:18:16.227291+00:00,2026-08-04T12:00,2026-08-04T16:00:00+00:00,33.0,8
New York City,2026-07-26T17:18:16.227291+00:00,2026-08-04T13:00,2026-08-04T17:00:00+00:00,34.3,8
New York City,2026-07-26T17:18:16.227291+00:00,2026-08-04T14:00,2026-08-04T18:00:00+00:00,34.6,8
New York City,2026-07-26T17:18:16.227291+00:00,2026-08-04T15:00,2026-08-04T19:00:00+00:00,33.1,15
New York City,2026-07-26T17:18:16.227291+00:00,2026-08-04T16:00,2026-08-04T20:00:00+00:00,30.6,15
New York City,2026-07-26T17:18:16.227291+00:00,2026-08-04T17:00,2026-08-04T21:00:00+00:00,28.7,15
New York City,2026-07-26T17:18:16.227291+00:00,2026-08-04T18:00,2026-08-04T22:00:00+00:00,28.1,15
New York City,2026-07-26T17:18:16.227291+00:00,2026-08-04T19:00,2026-08-04T23:00:00+00:00,28.2,15
New York City,2026-07-26T17:18:16.227291+00:00,2026-08-04T20:00,2026-08-05T00:00:00+00:00,28.2,15
New York City,2026-07-26T17:18:16.227291+00:00,2026-08-04T21:00,2026-08-05T01:00:00+00:00,27.7,12
New York City,2026-07-26T17:18:16.227291+00:00,2026-08-04T22:00,2026-08-05T02:00:00+00:00,27.2,12
New York City,2026-07-26T17:18:16.227291+00:00,2026-08-04T23:00,2026-08-05T03:00:00+00:00,26.6,12
New York City,2026-07-26T17:18:16.227291+00:00,2026-08-05T00:00,2026-08-05T04:00:00+00:00,25.9,12
New York City,2026-07-26T17:18:16.227291+00:00,2026-08-05T01:00,2026-08-05T05:00:00+00:00,25.2,12
New York City,2026-07-26T17:18:16.227291+00:00,2026-08-05T02:00,2026-08-05T06:00:00+00:00,24.7,12
New York City,2026-07-26T17:18:16.227291+00:00,2026-08-05T03:00,2026-08-05T07:00:00+00:00,24.2,11
New York City,2026-07-26T17:18:16.227291+00:00,2026-08-05T04:00,2026-08-05T08:00:00+00:00,23.9,11
New York City,2026-07-26T17:18:16.227291+00:00,2026-08-05T05:00,2026-08-05T09:00:00+00:00,23.8,11
New York City,2026-07-26T17:18:16.227291+00:00,2026-08-05T06:00,2026-08-05T10:00:00+00:00,24.0,11
New York City,2026-07-26T17:18:16.227291+00:00,2026-08-05T07:00,2026-08-05T11:00:00+00:00,24.5,11
New York City,2026-07-26T17:18:16.227291+00:00,2026-08-05T08:00,2026-08-05T12:00:00+00:00,25.3,11
New York City,2026-07-26T17:18:16.227291+00:00,2026-08-05T09:00,2026-08-05T13:00:00+00:00,26.6,6
New York City,2026-07-26T17:18:16.227291+00:00,2026-08-05T10:00,2026-08-05T14:00:00+00:00,28.3,6
New York City,2026-07-26T17:18:16.227291+00:00,2026-08-05T11:00,2026-08-05T15:00:00+00:00,29.8,6
New York City,2026-07-26T17:18:16.227291+00:00,2026-08-05T12:00,2026-08-05T16:00:00+00:00,30.8,6
New York City,2026-07-26T17:18:16.227291+00:00,2026-08-05T13:00,2026-08-05T17:00:00+00:00,31.5,6
New York City,2026-07-26T17:18:16.227291+00:00,2026-08-05T14:00,2026-08-05T18:00:00+00:00,31.9,6
New York City,2026-07-26T17:18:16.227291+00:00,2026-08-05T15:00,2026-08-05T19:00:00+00:00,32.0,21
New York City,2026-07-26T17:18:16.227291+00:00,2026-08-05T16:00,2026-08-05T20:00:00+00:00,31.8,21
New York City,2026-07-26T17:18:16.227291+00:00,2026-08-05T17:00,2026-08-05T21:00:00+00:00,31.2,21
New York City,2026-07-26T17:18:16.227291+00:00,2026-08-05T18:00,2026-08-05T22:00:00+00:00,29.8,21
New York City,2026-07-26T17:18:16.227291+00:00,2026-08-05T19:00,2026-08-05T23:00:00+00:00,27.9,21
New York City,2026-07-26T17:18:16.227291+00:00,2026-08-05T20:00,2026-08-06T00:00:00+00:00,26.5,21
New York City,2026-07-26T17:18:16.227291+00:00,2026-08-05T21:00,2026-08-06T01:00:00+00:00,25.9,20
New York City,2026-07-26T17:18:16.227291+00:00,2026-08-05T22:00,2026-08-06T02:00:00+00:00,25.6,20
New York City,2026-07-26T17:18:16.227291+00:00,2026-08-05T23:00,2026-08-06T03:00:00+00:00,25.5,20
New York City,2026-07-26T17:18:16.227291+00:00,2026-08-06T00:00,2026-08-06T04:00:00+00:00,25.3,20
New York City,2026-07-26T17:18:16.227291+00:00,2026-08-06T01:00,2026-08-06T05:00:00+00:00,25.1,20
New York City,2026-07-26T17:18:16.227291+00:00,2026-08-06T02:00,2026-08-06T06:00:00+00:00,24.9,20
New York City,2026-07-26T17:18:16.227291+00:00,2026-08-06T03:00,2026-08-06T07:00:00+00:00,24.5,9
New York City,2026-07-26T17:18:16.227291+00:00,2026-08-06T04:00,2026-08-06T08:00:00+00:00,24.2,9
New York City,2026-07-26T17:18:16.227291+00:00,2026-08-06T05:00,2026-08-06T09:00:00+00:00,24.1,9
New York City,2026-07-26T17:18:16.227291+00:00,2026-08-06T06:00,2026-08-06T10:00:00+00:00,24.4,14
New York City,2026-07-26T17:18:16.227291+00:00,2026-08-06T07:00,2026-08-06T11:00:00+00:00,24.9,16
New York City,2026-07-26T17:18:16.227291+00:00,2026-08-06T08:00,2026-08-06T12:00:00+00:00,25.7,17
New York City,2026-07-26T17:18:16.227291+00:00,2026-08-06T09:00,2026-08-06T13:00:00+00:00,26.8,16
New York City,2026-07-26T17:18:16.227291+00:00,2026-08-06T10:00,2026-08-06T14:00:00+00:00,28.1,14
New York City,2026-07-26T17:18:16.227291+00:00,2026-08-06T11:00,2026-08-06T15:00:00+00:00,29.3,13
New York City,2026-07-26T17:18:16.227291+00:00,2026-08-06T12:00,2026-08-06T16:00:00+00:00,30.2,12
New York City,2026-07-26T17:18:16.227291+00:00,2026-08-06T13:00,2026-08-06T17:00:00+00:00,30.9,12
New York City,2026-07-26T17:18:16.227291+00:00,2026-08-06T14:00,2026-08-06T18:00:00+00:00,31.1,13
New York City,2026-07-26T17:18:16.227291+00:00,2026-08-06T15:00,2026-08-06T19:00:00+00:00,30.3,16
New York City,2026-07-26T17:18:16.227291+00:00,2026-08-06T16:00,2026-08-06T20:00:00+00:00,29.0,19
New York City,2026-07-26T17:18:16.227291+00:00,2026-08-06T17:00,2026-08-06T21:00:00+00:00,27.7,23
New York City,2026-07-26T17:18:16.227291+00:00,2026-08-06T18:00,2026-08-06T22:00:00+00:00,26.6,27
New York City,2026-07-26T17:18:16.227291+00:00,2026-08-06T19:00,2026-08-06T23:00:00+00:00,25.6,31
New York City,2026-07-26T17:18:16.227291+00:00,2026-08-06T20:00,2026-08-07T00:00:00+00:00,24.9,35
New York City,2026-07-26T17:18:16.227291+00:00,2026-08-06T21:00,2026-08-07T01:00:00+00:00,24.4,38
New York City,2026-07-26T17:18:16.227291+00:00,2026-08-06T22:00,2026-08-07T02:00:00+00:00,24.1,40
New York City,2026-07-26T17:18:16.227291+00:00,2026-08-06T23:00,2026-08-07T03:00:00+00:00,24.0,42
New York City,2026-07-26T17:18:16.227291+00:00,2026-08-07T00:00,2026-08-07T04:00:00+00:00,24.2,44
New York City,2026-07-26T17:18:16.227291+00:00,2026-08-07T01:00,2026-08-07T05:00:00+00:00,24.5,45
New York City,2026-07-26T17:18:16.227291+00:00,2026-08-07T02:00,2026-08-07T06:00:00+00:00,24.4,45
New York City,2026-07-26T17:18:16.227291+00:00,2026-08-07T03:00,2026-08-07T07:00:00+00:00,23.4,43
New York City,2026-07-26T17:18:16.227291+00:00,2026-08-07T04:00,2026-08-07T08:00:00+00:00,22.1,41
New York City,2026-07-26T17:18:16.227291+00:00,2026-08-07T05:00,2026-08-07T09:00:00+00:00,21.0,38
New York City,2026-07-26T17:18:16.227291+00:00,2026-08-07T06:00,2026-08-07T10:00:00+00:00,20.3,35
New York City,2026-07-26T17:18:16.227291+00:00,2026-08-07T07:00,2026-08-07T11:00:00+00:00,19.9,32
New York City,2026-07-26T17:18:16.227291+00:00,2026-08-07T08:00,2026-08-07T12:00:00+00:00,19.9,29
New York City,2026-07-26T17:18:16.227291+00:00,2026-08-07T09:00,2026-08-07T13:00:00+00:00,20.2,26
New York City,2026-07-26T17:18:16.227291+00:00,2026-08-07T10:00,2026-08-07T14:00:00+00:00,20.9,23
New York City,2026-07-26T17:18:16.227291+00:00,2026-08-07T11:00,2026-08-07T15:00:00+00:00,22.0,21
New York City,2026-07-26T17:18:16.227291+00:00,2026-08-07T12:00,2026-08-07T16:00:00+00:00,23.8,19
New York City,2026-07-26T17:18:16.227291+00:00,2026-08-07T13:00,2026-08-07T17:00:00+00:00,26.0,17
New York City,2026-07-26T17:18:16.227291+00:00,2026-08-07T14:00,2026-08-07T18:00:00+00:00,27.7,16
New York City,2026-07-26T17:18:16.227291+00:00,2026-08-07T15:00,2026-08-07T19:00:00+00:00,28.5,17
New York City,2026-07-26T17:18:16.227291+00:00,2026-08-07T16:00,2026-08-07T20:00:00+00:00,28.9,20
New York City,2026-07-26T17:18:16.227291+00:00,2026-08-07T17:00,2026-08-07T21:00:00+00:00,28.9,23
New York City,2026-07-26T17:18:16.227291+00:00,2026-08-07T18:00,2026-08-07T22:00:00+00:00,28.4,26
New York City,2026-07-26T17:18:16.227291+00:00,2026-08-07T19:00,2026-08-07T23:00:00+00:00,27.6,29
New York City,2026-07-26T17:18:16.227291+00:00,2026-08-07T20:00,2026-08-08T00:00:00+00:00,26.7,32
New York City,2026-07-26T17:18:16.227291+00:00,2026-08-07T21:00,2026-08-08T01:00:00+00:00,25.8,34
New York City,2026-07-26T17:18:16.227291+00:00,2026-08-07T22:00,2026-08-08T02:00:00+00:00,25.0,34
New York City,2026-07-26T17:18:16.227291+00:00,2026-08-07T23:00,2026-08-08T03:00:00+00:00,24.1,35
New York City,2026-07-26T17:18:16.227291+00:00,2026-08-08T00:00,2026-08-08T04:00:00+00:00,23.2,35
New York City,2026-07-26T17:18:16.227291+00:00,2026-08-08T01:00,2026-08-08T05:00:00+00:00,22.3,35
New York City,2026-07-26T17:18:16.227291+00:00,2026-08-08T02:00,2026-08-08T06:00:00+00:00,21.5,35
New York City,2026-07-26T17:18:16.227291+00:00,2026-08-08T03:00,2026-08-08T07:00:00+00:00,20.7,34
New York City,2026-07-26T17:18:16.227291+00:00,2026-08-08T04:00,2026-08-08T08:00:00+00:00,19.9,33
New York City,2026-07-26T17:18:16.227291+00:00,2026-08-08T05:00,2026-08-08T09:00:00+00:00,19.4,32
New York City,2026-07-26T17:18:16.227291+00:00,2026-08-08T06:00,2026-08-08T10:00:00+00:00,19.1,31
New York City,2026-07-26T17:18:16.227291+00:00,2026-08-08T07:00,2026-08-08T11:00:00+00:00,19.1,30
New York City,2026-07-26T17:18:16.227291+00:00,2026-08-08T08:00,2026-08-08T12:00:00+00:00,19.5,29
New York City,2026-07-26T17:18:16.227291+00:00,2026-08-08T09:00,2026-08-08T13:00:00+00:00,20.3,29
New York City,2026-07-26T17:18:16.227291+00:00,2026-08-08T10:00,2026-08-08T14:00:00+00:00,21.5,28
New York City,2026-07-26T17:18:16.227291+00:00,2026-08-08T11:00,2026-08-08T15:00:00+00:00,22.7,28
New York City,2026-07-26T17:18:16.227291+00:00,2026-08-08T12:00,2026-08-08T16:00:00+00:00,23.8,27
New York City,2026-07-26T17:18:16.227291+00:00,2026-08-08T13:00,2026-08-08T17:00:00+00:00,25.0,27
New York City,2026-07-26T17:18:16.227291+00:00,2026-08-08T14:00,2026-08-08T18:00:00+00:00,25.9,26
New York City,2026-07-26T17:18:16.227291+00:00,2026-08-08T15:00,2026-08-08T19:00:00+00:00,26.6,25
New York City,2026-07-26T17:18:16.227291+00:00,2026-08-08T16:00,2026-08-08T20:00:00+00:00,27.0,23
New York City,2026-07-26T17:18:16.227291+00:00,2026-08-08T17:00,2026-08-08T21:00:00+00:00,27.0,22
New York City,2026-07-26T17:18:16.227291+00:00,2026-08-08T18:00,2026-08-08T22:00:00+00:00,26.0,21
New York City,2026-07-26T17:18:16.227291+00:00,2026-08-08T19:00,2026-08-08T23:00:00+00:00,24.4,19
New York City,2026-07-26T17:18:16.227291+00:00,2026-08-08T20:00,2026-08-09T00:00:00+00:00,23.2,19
New York City,2026-07-26T17:18:16.227291+00:00,2026-08-08T21:00,2026-08-09T01:00:00+00:00,22.7,21
New York City,2026-07-26T17:18:16.227291+00:00,2026-08-08T22:00,2026-08-09T02:00:00+00:00,22.5,23
New York City,2026-07-26T17:18:16.227291+00:00,2026-08-08T23:00,2026-08-09T03:00:00+00:00,22.3,26
New York City,2026-07-26T17:18:16.227291+00:00,2026-08-09T00:00,2026-08-09T04:00:00+00:00,22.0,29
New York City,2026-07-26T17:18:16.227291+00:00,2026-08-09T01:00,2026-08-09T05:00:00+00:00,21.8,31
New York City,2026-07-26T17:18:16.227291+00:00,2026-08-09T02:00,2026-08-09T06:00:00+00:00,21.6,32
New York City,2026-07-26T17:18:16.227291+00:00,2026-08-09T03:00,2026-08-09T07:00:00+00:00,21.3,30
New York City,2026-07-26T17:18:16.227291+00:00,2026-08-09T04:00,2026-08-09T08:00:00+00:00,21.1,27
New York City,2026-07-26T17:18:16.227291+00:00,2026-08-09T05:00,2026-08-09T09:00:00+00:00,21.0,23
New York City,2026-07-26T17:18:16.227291+00:00,2026-08-09T06:00,2026-08-09T10:00:00+00:00,21.1,19
New York City,2026-07-26T17:18:16.227291+00:00,2026-08-09T07:00,2026-08-09T11:00:00+00:00,21.3,16
New York City,2026-07-26T17:18:16.227291+00:00,2026-08-09T08:00,2026-08-09T12:00:00+00:00,21.8,13
New York City,2026-07-26T17:18:16.227291+00:00,2026-08-09T09:00,2026-08-09T13:00:00+00:00,22.7,12
New York City,2026-07-26T17:18:16.227291+00:00,2026-08-09T10:00,2026-08-09T14:00:00+00:00,23.9,12
New York City,2026-07-26T17:18:16.227291+00:00,2026-08-09T11:00,2026-08-09T15:00:00+00:00,24.9,13
New York City,2026-07-26T17:18:16.227291+00:00,2026-08-09T12:00,2026-08-09T16:00:00+00:00,25.6,14
New York City,2026-07-26T17:18:16.227291+00:00,2026-08-09T13:00,2026-08-09T17:00:00+00:00,26.1,15
New York City,2026-07-26T17:18:16.227291+00:00,2026-08-09T14:00,2026-08-09T18:00:00+00:00,26.4,16
New York City,2026-07-26T17:18:16.227291+00:00,2026-08-09T15:00,2026-08-09T19:00:00+00:00,26.4,16
New York City,2026-07-26T17:18:16.227291+00:00,2026-08-09T16:00,2026-08-09T20:00:00+00:00,26.3,17
New York City,2026-07-26T17:18:16.227291+00:00,2026-08-09T17:00,2026-08-09T21:00:00+00:00,25.9,17
New York City,2026-07-26T17:18:16.227291+00:00,2026-08-09T18:00,2026-08-09T22:00:00+00:00,25.1,17
New York City,2026-07-26T17:18:16.227291+00:00,2026-08-09T19:00,2026-08-09T23:00:00+00:00,24.1,18
New York City,2026-07-26T17:18:16.227291+00:00,2026-08-09T20:00,2026-08-10T00:00:00+00:00,23.3,19
New York City,2026-07-26T17:18:16.227291+00:00,2026-08-09T21:00,2026-08-10T01:00:00+00:00,22.8,22
New York City,2026-07-26T17:18:16.227291+00:00,2026-08-09T22:00,2026-08-10T02:00:00+00:00,22.4,25
New York City,2026-07-26T17:18:16.227291+00:00,2026-08-09T23:00,2026-08-10T03:00:00+00:00,22.2,28
New York City,2026-07-26T17:18:16.227291+00:00,2026-08-10T00:00,2026-08-10T04:00:00+00:00,22.0,31
New York City,2026-07-26T17:18:16.227291+00:00,2026-08-10T01:00,2026-08-10T05:00:00+00:00,21.9,34
New York City,2026-07-26T17:18:16.227291+00:00,2026-08-10T02:00,2026-08-10T06:00:00+00:00,21.8,35
New York City,2026-07-26T17:18:16.227291+00:00,2026-08-10T03:00,2026-08-10T07:00:00+00:00,21.7,34
New York City,2026-07-26T17:18:16.227291+00:00,2026-08-10T04:00,2026-08-10T08:00:00+00:00,21.7,32
New York City,2026-07-26T17:18:16.227291+00:00,2026-08-10T05:00,2026-08-10T09:00:00+00:00,21.5,30
New York City,2026-07-26T17:18:16.227291+00:00,2026-08-10T06:00,2026-08-10T10:00:00+00:00,20.8,28
New York City,2026-07-26T17:18:16.227291+00:00,2026-08-10T07:00,2026-08-10T11:00:00+00:00,19.9,25
New York City,2026-07-26T17:18:16.227291+00:00,2026-08-10T08:00,2026-08-10T12:00:00+00:00,19.3,23
New York City,2026-07-26T17:18:16.227291+00:00,2026-08-10T09:00,2026-08-10T13:00:00+00:00,19.0,22
New York City,2026-07-26T17:18:16.227291+00:00,2026-08-10T10:00,2026-08-10T14:00:00+00:00,18.9,21
New York City,2026-07-26T17:18:16.227291+00:00,2026-08-10T11:00,2026-08-10T15:00:00+00:00,18.9,20
New York City,2026-07-26T17:18:16.227291+00:00,2026-08-10T12:00,2026-08-10T16:00:00+00:00,18.8,20
New York City,2026-07-26T17:18:16.227291+00:00,2026-08-10T13:00,2026-08-10T17:00:00+00:00,18.8,19
New York City,2026-07-26T17:18:16.227291+00:00,2026-08-10T14:00,2026-08-10T18:00:00+00:00,18.9,19
New York City,2026-07-26T17:18:16.227291+00:00,2026-08-10T15:00,2026-08-10T19:00:00+00:00,19.1,18
New York City,2026-07-26T17:18:16.227291+00:00,2026-08-10T16:00,2026-08-10T20:00:00+00:00,19.5,18
New York City,2026-07-26T17:18:16.227291+00:00,2026-08-10T17:00,2026-08-10T21:00:00+00:00,19.7,17
New York City,2026-07-26T17:18:16.227291+00:00,2026-08-10T18:00,2026-08-10T22:00:00+00:00,19.4,16
New York City,2026-07-26T17:18:16.227291+00:00,2026-08-10T19:00,2026-08-10T23:00:00+00:00,19.0,16
New York City,2026-07-26T17:18:16.227291+00:00,2026-08-10T20:00,2026-08-11T00:00:00+00:00,18.7,16
New York City,2026-07-26T17:18:16.227291+00:00,2026-08-10T21:00,2026-08-11T01:00:00+00:00,18.5,17
New York City,2026-07-26T17:18:16.227291+00:00,2026-08-10T22:00,2026-08-11T02:00:00+00:00,18.4,19
New York City,2026-07-26T17:18:16.227291+00:00,2026-08-10T23:00,2026-08-11T03:00:00+00:00,18.4,21
New York City,2026-07-26T19:37:00.364099+00:00,2026-07-26T00:00,2026-07-26T04:00:00+00:00,18.4,0
New York City,2026-07-26T19:37:00.364099+00:00,2026-07-26T01:00,2026-07-26T05:00:00+00:00,17.8,0
New York City,2026-07-26T19:37:00.364099+00:00,2026-07-26T02:00,2026-07-26T06:00:00+00:00,18.6,0
New York City,2026-07-26T19:37:00.364099+00:00,2026-07-26T03:00,2026-07-26T07:00:00+00:00,17.5,0
New York City,2026-07-26T19:37:00.364099+00:00,2026-07-26T04:00,2026-07-26T08:00:00+00:00,16.9,0
New York City,2026-07-26T19:37:00.364099+00:00,2026-07-26T05:00,2026-07-26T09:00:00+00:00,15.9,0
New York City,2026-07-26T19:37:00.364099+00:00,2026-07-26T06:00,2026-07-26T10:00:00+00:00,16.0,0
New York City,2026-07-26T19:37:00.364099+00:00,2026-07-26T07:00,2026-07-26T11:00:00+00:00,18.2,0
New York City,2026-07-26T19:37:00.364099+00:00,2026-07-26T08:00,2026-07-26T12:00:00+00:00,21.6,0
New York City,2026-07-26T19:37:00.364099+00:00,2026-07-26T09:00,2026-07-26T13:00:00+00:00,23.8,0
New York City,2026-07-26T19:37:00.364099+00:00,2026-07-26T10:00,2026-07-26T14:00:00+00:00,25.4,0
New York City,2026-07-26T19:37:00.364099+00:00,2026-07-26T11:00,2026-07-26T15:00:00+00:00,26.1,0
New York City,2026-07-26T19:37:00.364099+00:00,2026-07-26T12:00,2026-07-26T16:00:00+00:00,27.0,0
New York City,2026-07-26T19:37:00.364099+00:00,2026-07-26T13:00,2026-07-26T17:00:00+00:00,28.4,0
New York City,2026-07-26T19:37:00.364099+00:00,2026-07-26T14:00,2026-07-26T18:00:00+00:00,29.0,0
New York City,2026-07-26T19:37:00.364099+00:00,2026-07-26T15:00,2026-07-26T19:00:00+00:00,29.6,0
New York City,2026-07-26T19:37:00.364099+00:00,2026-07-26T16:00,2026-07-26T20:00:00+00:00,29.7,0
New York City,2026-07-26T19:37:00.364099+00:00,2026-07-26T17:00,2026-07-26T21:00:00+00:00,29.5,0
New York City,2026-07-26T19:37:00.364099+00:00,2026-07-26T18:00,2026-07-26T22:00:00+00:00,29.0,0
New York City,2026-07-26T19:37:00.364099+00:00,2026-07-26T19:00,2026-07-26T23:00:00+00:00,27.0,0
New York City,2026-07-26T19:37:00.364099+00:00,2026-07-26T20:00,2026-07-27T00:00:00+00:00,24.2,1
New York City,2026-07-26T19:37:00.364099+00:00,2026-07-26T21:00,2026-07-27T01:00:00+00:00,22.8,1
New York City,2026-07-26T19:37:00.364099+00:00,2026-07-26T22:00,2026-07-27T02:00:00+00:00,22.1,1
New York City,2026-07-26T19:37:00.364099+00:00,2026-07-26T23:00,2026-07-27T03:00:00+00:00,21.5,2
New York City,2026-07-26T19:37:00.364099+00:00,2026-07-27T00:00,2026-07-27T04:00:00+00:00,21.0,1
New York City,2026-07-26T19:37:00.364099+00:00,2026-07-27T01:00,2026-07-27T05:00:00+00:00,20.7,2
New York City,2026-07-26T19:37:00.364099+00:00,2026-07-27T02:00,2026-07-27T06:00:00+00:00,20.5,2
New York City,2026-07-26T19:37:00.364099+00:00,2026-07-27T03:00,2026-07-27T07:00:00+00:00,19.8,2
New York City,2026-07-26T19:37:00.364099+00:00,2026-07-27T04:00,2026-07-27T08:00:00+00:00,19.2,3
New York City,2026-07-26T19:37:00.364099+00:00,2026-07-27T05:00,2026-07-27T09:00:00+00:00,18.8,4
New York City,2026-07-26T19:37:00.364099+00:00,2026-07-27T06:00,2026-07-27T10:00:00+00:00,19.6,3
New York City,2026-07-26T19:37:00.364099+00:00,2026-07-27T07:00,2026-07-27T11:00:00+00:00,20.5,2
New York City,2026-07-26T19:37:00.364099+00:00,2026-07-27T08:00,2026-07-27T12:00:00+00:00,23.1,3
New York City,2026-07-26T19:37:00.364099+00:00,2026-07-27T09:00,2026-07-27T13:00:00+00:00,25.6,3
New York City,2026-07-26T19:37:00.364099+00:00,2026-07-27T10:00,2026-07-27T14:00:00+00:00,27.6,3
New York City,2026-07-26T19:37:00.364099+00:00,2026-07-27T11:00,2026-07-27T15:00:00+00:00,29.2,2
New York City,2026-07-26T19:37:00.364099+00:00,2026-07-27T12:00,2026-07-27T16:00:00+00:00,29.7,7
New York City,2026-07-26T19:37:00.364099+00:00,2026-07-27T13:00,2026-07-27T17:00:00+00:00,30.0,13
New York City,2026-07-26T19:37:00.364099+00:00,2026-07-27T14:00,2026-07-27T18:00:00+00:00,29.7,12
New York City,2026-07-26T19:37:00.364099+00:00,2026-07-27T15:00,2026-07-27T19:00:00+00:00,29.3,16
New York City,2026-07-26T19:37:00.364099+00:00,2026-07-27T16:00,2026-07-27T20:00:00+00:00,27.9,14
New York City,2026-07-26T19:37:00.364099+00:00,2026-07-27T17:00,2026-07-27T21:00:00+00:00,27.9,11
New York City,2026-07-26T19:37:00.364099+00:00,2026-07-27T18:00,2026-07-27T22:00:00+00:00,27.2,14
New York City,2026-07-26T19:37:00.364099+00:00,2026-07-27T19:00,2026-07-27T23:00:00+00:00,25.8,10
New York City,2026-07-26T19:37:00.364099+00:00,2026-07-27T20:00,2026-07-28T00:00:00+00:00,25.5,11
New York City,2026-07-26T19:37:00.364099+00:00,2026-07-27T21:00,2026-07-28T01:00:00+00:00,23.3,23
New York City,2026-07-26T19:37:00.364099+00:00,2026-07-27T22:00,2026-07-28T02:00:00+00:00,21.9,22
New York City,2026-07-26T19:37:00.364099+00:00,2026-07-27T23:00,2026-07-28T03:00:00+00:00,20.7,10
New York City,2026-07-26T19:37:00.364099+00:00,2026-07-28T00:00,2026-07-28T04:00:00+00:00,20.6,21
New York City,2026-07-26T19:37:00.364099+00:00,2026-07-28T01:00,2026-07-28T05:00:00+00:00,20.8,12
New York City,2026-07-26T19:37:00.364099+00:00,2026-07-28T02:00,2026-07-28T06:00:00+00:00,21.0,6
New York City,2026-07-26T19:37:00.364099+00:00,2026-07-28T03:00,2026-07-28T07:00:00+00:00,20.7,38
New York City,2026-07-26T19:37:00.364099+00:00,2026-07-28T04:00,2026-07-28T08:00:00+00:00,20.4,38
New York City,2026-07-26T19:37:00.364099+00:00,2026-07-28T05:00,2026-07-28T09:00:00+00:00,20.3,38
New York City,2026-07-26T19:37:00.364099+00:00,2026-07-28T06:00,2026-07-28T10:00:00+00:00,20.5,38
New York City,2026-07-26T19:37:00.364099+00:00,2026-07-28T07:00,2026-07-28T11:00:00+00:00,21.6,38
New York City,2026-07-26T19:37:00.364099+00:00,2026-07-28T08:00,2026-07-28T12:00:00+00:00,23.0,38
New York City,2026-07-26T19:37:00.364099+00:00,2026-07-28T09:00,2026-07-28T13:00:00+00:00,24.8,64
New York City,2026-07-26T19:37:00.364099+00:00,2026-07-28T10:00,2026-07-28T14:00:00+00:00,26.2,64
New York City,2026-07-26T19:37:00.364099+00:00,2026-07-28T11:00,2026-07-28T15:00:00+00:00,27.3,64
New York City,2026-07-26T19:37:00.364099+00:00,2026-07-28T12:00,2026-07-28T16:00:00+00:00,28.3,64
New York City,2026-07-26T19:37:00.364099+00:00,2026-07-28T13:00,2026-07-28T17:00:00+00:00,28.4,64
New York City,2026-07-26T19:37:00.364099+00:00,2026-07-28T14:00,2026-07-28T18:00:00+00:00,27.8,64
New York City,2026-07-26T19:37:00.364099+00:00,2026-07-28T15:00,2026-07-28T19:00:00+00:00,28.0,73
New York City,2026-07-26T19:37:00.364099+00:00,2026-07-28T16:00,2026-07-28T20:00:00+00:00,26.8,73
New York City,2026-07-26T19:37:00.364099+00:00,2026-07-28T17:00,2026-07-28T21:00:00+00:00,26.5,73
New York City,2026-07-26T19:37:00.364099+00:00,2026-07-28T18:00,2026-07-28T22:00:00+00:00,25.9,73
New York City,2026-07-26T19:37:00.364099+00:00,2026-07-28T19:00,2026-07-28T23:00:00+00:00,24.2,73
New York City,2026-07-26T19:37:00.364099+00:00,2026-07-28T20:00,2026-07-29T00:00:00+00:00,23.6,73
New York City,2026-07-26T19:37:00.364099+00:00,2026-07-28T21:00,2026-07-29T01:00:00+00:00,23.5,77
New York City,2026-07-26T19:37:00.364099+00:00,2026-07-28T22:00,2026-07-29T02:00:00+00:00,23.2,77
New York City,2026-07-26T19:37:00.364099+00:00,2026-07-28T23:00,2026-07-29T03:00:00+00:00,22.1,77
New York City,2026-07-26T19:37:00.364099+00:00,2026-07-29T00:00,2026-07-29T04:00:00+00:00,22.2,77
New York City,2026-07-26T19:37:00.364099+00:00,2026-07-29T01:00,2026-07-29T05:00:00+00:00,22.6,77
New York City,2026-07-26T19:37:00.364099+00:00,2026-07-29T02:00,2026-07-29T06:00:00+00:00,22.4,77
New York City,2026-07-26T19:37:00.364099+00:00,2026-07-29T03:00,2026-07-29T07:00:00+00:00,21.6,68
New York City,2026-07-26T19:37:00.364099+00:00,2026-07-29T04:00,2026-07-29T08:00:00+00:00,21.3,68
New York City,2026-07-26T19:37:00.364099+00:00,2026-07-29T05:00,2026-07-29T09:00:00+00:00,22.5,68
New York City,2026-07-26T19:37:00.364099+00:00,2026-07-29T06:00,2026-07-29T10:00:00+00:00,22.2,68
New York City,2026-07-26T19:37:00.364099+00:00,2026-07-29T07:00,2026-07-29T11:00:00+00:00,22.2,68
New York City,2026-07-26T19:37:00.364099+00:00,2026-07-29T08:00,2026-07-29T12:00:00+00:00,22.6,68
New York City,2026-07-26T19:37:00.364099+00:00,2026-07-29T09:00,2026-07-29T13:00:00+00:00,23.3,65
New York City,2026-07-26T19:37:00.364099+00:00,2026-07-29T10:00,2026-07-29T14:00:00+00:00,24.0,65
New York City,2026-07-26T19:37:00.364099+00:00,2026-07-29T11:00,2026-07-29T15:00:00+00:00,24.7,65
New York City,2026-07-26T19:37:00.364099+00:00,2026-07-29T12:00,2026-07-29T16:00:00+00:00,24.6,65
New York City,2026-07-26T19:37:00.364099+00:00,2026-07-29T13:00,2026-07-29T17:00:00+00:00,25.2,65
New York City,2026-07-26T19:37:00.364099+00:00,2026-07-29T14:00,2026-07-29T18:00:00+00:00,25.1,65
New York City,2026-07-26T19:37:00.364099+00:00,2026-07-29T15:00,2026-07-29T19:00:00+00:00,24.6,71
New York City,2026-07-26T19:37:00.364099+00:00,2026-07-29T16:00,2026-07-29T20:00:00+00:00,24.4,71
New York City,2026-07-26T19:37:00.364099+00:00,2026-07-29T17:00,2026-07-29T21:00:00+00:00,23.6,71
New York City,2026-07-26T19:37:00.364099+00:00,2026-07-29T18:00,2026-07-29T22:00:00+00:00,23.2,71
New York City,2026-07-26T19:37:00.364099+00:00,2026-07-29T19:00,2026-07-29T23:00:00+00:00,22.5,71
New York City,2026-07-26T19:37:00.364099+00:00,2026-07-29T20:00,2026-07-30T00:00:00+00:00,22.3,71
New York City,2026-07-26T19:37:00.364099+00:00,2026-07-29T21:00,2026-07-30T01:00:00+00:00,22.0,53
New York City,2026-07-26T19:37:00.364099+00:00,2026-07-29T22:00,2026-07-30T02:00:00+00:00,21.8,53
New York City,2026-07-26T19:37:00.364099+00:00,2026-07-29T23:00,2026-07-30T03:00:00+00:00,21.5,53
New York City,2026-07-26T19:37:00.364099+00:00,2026-07-30T00:00,2026-07-30T04:00:00+00:00,21.4,53
New York City,2026-07-26T19:37:00.364099+00:00,2026-07-30T01:00,2026-07-30T05:00:00+00:00,21.1,53
New York City,2026-07-26T19:37:00.364099+00:00,2026-07-30T02:00,2026-07-30T06:00:00+00:00,20.6,53
New York City,2026-07-26T19:37:00.364099+00:00,2026-07-30T03:00,2026-07-30T07:00:00+00:00,20.4,27
New York City,2026-07-26T19:37:00.364099+00:00,2026-07-30T04:00,2026-07-30T08:00:00+00:00,20.1,27
New York City,2026-07-26T19:37:00.364099+00:00,2026-07-30T05:00,2026-07-30T09:00:00+00:00,19.8,27
New York City,2026-07-26T19:37:00.364099+00:00,2026-07-30T06:00,2026-07-30T10:00:00+00:00,19.9,27
New York City,2026-07-26T19:37:00.364099+00:00,2026-07-30T07:00,2026-07-30T11:00:00+00:00,19.7,27
New York City,2026-07-26T19:37:00.364099+00:00,2026-07-30T08:00,2026-07-30T12:00:00+00:00,19.5,27
New York City,2026-07-26T19:37:00.364099+00:00,2026-07-30T09:00,2026-07-30T13:00:00+00:00,19.6,7
New York City,2026-07-26T19:37:00.364099+00:00,2026-07-30T10:00,2026-07-30T14:00:00+00:00,19.8,7
New York City,2026-07-26T19:37:00.364099+00:00,2026-07-30T11:00,2026-07-30T15:00:00+00:00,19.8,7
New York City,2026-07-26T19:37:00.364099+00:00,2026-07-30T12:00,2026-07-30T16:00:00+00:00,20.2,7
New York City,2026-07-26T19:37:00.364099+00:00,2026-07-30T13:00,2026-07-30T17:00:00+00:00,20.7,7
New York City,2026-07-26T19:37:00.364099+00:00,2026-07-30T14:00,2026-07-30T18:00:00+00:00,20.8,7
New York City,2026-07-26T19:37:00.364099+00:00,2026-07-30T15:00,2026-07-30T19:00:00+00:00,21.1,17
New York City,2026-07-26T19:37:00.364099+00:00,2026-07-30T16:00,2026-07-30T20:00:00+00:00,21.4,17
New York City,2026-07-26T19:37:00.364099+00:00,2026-07-30T17:00,2026-07-30T21:00:00+00:00,21.5,17
New York City,2026-07-26T19:37:00.364099+00:00,2026-07-30T18:00,2026-07-30T22:00:00+00:00,21.1,17
New York City,2026-07-26T19:37:00.364099+00:00,2026-07-30T19:00,2026-07-30T23:00:00+00:00,20.7,17
New York City,2026-07-26T19:37:00.364099+00:00,2026-07-30T20:00,2026-07-31T00:00:00+00:00,20.5,17
New York City,2026-07-26T19:37:00.364099+00:00,2026-07-30T21:00,2026-07-31T01:00:00+00:00,20.3,10
New York City,2026-07-26T19:37:00.364099+00:00,2026-07-30T22:00,2026-07-31T02:00:00+00:00,20.2,10
New York City,2026-07-26T19:37:00.364099+00:00,2026-07-30T23:00,2026-07-31T03:00:00+00:00,20.1,10
New York City,2026-07-26T19:37:00.364099+00:00,2026-07-31T00:00,2026-07-31T04:00:00+00:00,20.1,10
New York City,2026-07-26T19:37:00.364099+00:00,2026-07-31T01:00,2026-07-31T05:00:00+00:00,20.1,10
New York City,2026-07-26T19:37:00.364099+00:00,2026-07-31T02:00,2026-07-31T06:00:00+00:00,20.2,10
New York City,2026-07-26T19:37:00.364099+00:00,2026-07-31T03:00,2026-07-31T07:00:00+00:00,20.1,0
New York City,2026-07-26T19:37:00.364099+00:00,2026-07-31T04:00,2026-07-31T08:00:00+00:00,20.1,0
New York City,2026-07-26T19:37:00.364099+00:00,2026-07-31T05:00,2026-07-31T09:00:00+00:00,20.2,0
New York City,2026-07-26T19:37:00.364099+00:00,2026-07-31T06:00,2026-07-31T10:00:00+00:00,20.4,0
New York City,2026-07-26T19:37:00.364099+00:00,2026-07-31T07:00,2026-07-31T11:00:00+00:00,20.6,0
New York City,2026-07-26T19:37:00.364099+00:00,2026-07-31T08:00,2026-07-31T12:00:00+00:00,21.0,0
New York City,2026-07-26T19:37:00.364099+00:00,2026-07-31T09:00,2026-07-31T13:00:00+00:00,21.3,1
New York City,2026-07-26T19:37:00.364099+00:00,2026-07-31T10:00,2026-07-31T14:00:00+00:00,21.6,1
New York City,2026-07-26T19:37:00.364099+00:00,2026-07-31T11:00,2026-07-31T15:00:00+00:00,22.3,1
New York City,2026-07-26T19:37:00.364099+00:00,2026-07-31T12:00,2026-07-31T16:00:00+00:00,23.5,1
New York City,2026-07-26T19:37:00.364099+00:00,2026-07-31T13:00,2026-07-31T17:00:00+00:00,25.1,1
New York City,2026-07-26T19:37:00.364099+00:00,2026-07-31T14:00,2026-07-31T18:00:00+00:00,26.3,1
New York City,2026-07-26T19:37:00.364099+00:00,2026-07-31T15:00,2026-07-31T19:00:00+00:00,26.8,7
New York City,2026-07-26T19:37:00.364099+00:00,2026-07-31T16:00,2026-07-31T20:00:00+00:00,26.9,7
New York City,2026-07-26T19:37:00.364099+00:00,2026-07-31T17:00,2026-07-31T21:00:00+00:00,26.9,7
New York City,2026-07-26T19:37:00.364099+00:00,2026-07-31T18:00,2026-07-31T22:00:00+00:00,26.7,7
New York City,2026-07-26T19:37:00.364099+00:00,2026-07-31T19:00,2026-07-31T23:00:00+00:00,26.3,7
New York City,2026-07-26T19:37:00.364099+00:00,2026-07-31T20:00,2026-08-01T00:00:00+00:00,25.9,7
New York City,2026-07-26T19:37:00.364099+00:00,2026-07-31T21:00,2026-08-01T01:00:00+00:00,25.4,6
New York City,2026-07-26T19:37:00.364099+00:00,2026-07-31T22:00,2026-08-01T02:00:00+00:00,24.8,6
New York City,2026-07-26T19:37:00.364099+00:00,2026-07-31T23:00,2026-08-01T03:00:00+00:00,24.2,6
New York City,2026-07-26T19:37:00.364099+00:00,2026-08-01T00:00,2026-08-01T04:00:00+00:00,23.6,6
New York City,2026-07-26T19:37:00.364099+00:00,2026-08-01T01:00,2026-08-01T05:00:00+00:00,23.1,6
New York City,2026-07-26T19:37:00.364099+00:00,2026-08-01T02:00,2026-08-01T06:00:00+00:00,22.7,6
New York City,2026-07-26T19:37:00.364099+00:00,2026-08-01T03:00,2026-08-01T07:00:00+00:00,22.2,1
New York City,2026-07-26T19:37:00.364099+00:00,2026-08-01T04:00,2026-08-01T08:00:00+00:00,21.7,1
New York City,2026-07-26T19:37:00.364099+00:00,2026-08-01T05:00,2026-08-01T09:00:00+00:00,21.6,1
New York City,2026-07-26T19:37:00.364099+00:00,2026-08-01T06:00,2026-08-01T10:00:00+00:00,21.7,1
New York City,2026-07-26T19:37:00.364099+00:00,2026-08-01T07:00,2026-08-01T11:00:00+00:00,22.1,1
New York City,2026-07-26T19:37:00.364099+00:00,2026-08-01T08:00,2026-08-01T12:00:00+00:00,22.9,1
New York City,2026-07-26T19:37:00.364099+00:00,2026-08-01T09:00,2026-08-01T13:00:00+00:00,24.4,3
New York City,2026-07-26T19:37:00.364099+00:00,2026-08-01T10:00,2026-08-01T14:00:00+00:00,26.3,3
New York City,2026-07-26T19:37:00.364099+00:00,2026-08-01T11:00,2026-08-01T15:00:00+00:00,28.0,3
New York City,2026-07-26T19:37:00.364099+00:00,2026-08-01T12:00,2026-08-01T16:00:00+00:00,29.3,3
New York City,2026-07-26T19:37:00.364099+00:00,2026-08-01T13:00,2026-08-01T17:00:00+00:00,30.3,3
New York City,2026-07-26T19:37:00.364099+00:00,2026-08-01T14:00,2026-08-01T18:00:00+00:00,30.8,3
New York City,2026-07-26T19:37:00.364099+00:00,2026-08-01T15:00,2026-08-01T19:00:00+00:00,30.4,10
New York City,2026-07-26T19:37:00.364099+00:00,2026-08-01T16:00,2026-08-01T20:00:00+00:00,29.4,10
New York City,2026-07-26T19:37:00.364099+00:00,2026-08-01T17:00,2026-08-01T21:00:00+00:00,28.5,10
New York City,2026-07-26T19:37:00.364099+00:00,2026-08-01T18:00,2026-08-01T22:00:00+00:00,27.7,10
New York City,2026-07-26T19:37:00.364099+00:00,2026-08-01T19:00,2026-08-01T23:00:00+00:00,27.0,10
New York City,2026-07-26T19:37:00.364099+00:00,2026-08-01T20:00,2026-08-02T00:00:00+00:00,26.4,10
New York City,2026-07-26T19:37:00.364099+00:00,2026-08-01T21:00,2026-08-02T01:00:00+00:00,26.0,8
New York City,2026-07-26T19:37:00.364099+00:00,2026-08-01T22:00,2026-08-02T02:00:00+00:00,25.7,8
New York City,2026-07-26T19:37:00.364099+00:00,2026-08-01T23:00,2026-08-02T03:00:00+00:00,25.5,8
New York City,2026-07-26T19:37:00.364099+00:00,2026-08-02T00:00,2026-08-02T04:00:00+00:00,25.2,8
New York City,2026-07-26T19:37:00.364099+00:00,2026-08-02T01:00,2026-08-02T05:00:00+00:00,25.0,8
New York City,2026-07-26T19:37:00.364099+00:00,2026-08-02T02:00,2026-08-02T06:00:00+00:00,24.7,8
New York City,2026-07-26T19:37:00.364099+00:00,2026-08-02T03:00,2026-08-02T07:00:00+00:00,24.3,7
New York City,2026-07-26T19:37:00.364099+00:00,2026-08-02T04:00,2026-08-02T08:00:00+00:00,23.8,7
New York City,2026-07-26T19:37:00.364099+00:00,2026-08-02T05:00,2026-08-02T09:00:00+00:00,23.7,7
New York City,2026-07-26T19:37:00.364099+00:00,2026-08-02T06:00,2026-08-02T10:00:00+00:00,24.0,7
New York City,2026-07-26T19:37:00.364099+00:00,2026-08-02T07:00,2026-08-02T11:00:00+00:00,24.6,7
New York City,2026-07-26T19:37:00.364099+00:00,2026-08-02T08:00,2026-08-02T12:00:00+00:00,25.5,7
New York City,2026-07-26T19:37:00.364099+00:00,2026-08-02T09:00,2026-08-02T13:00:00+00:00,26.7,15
New York City,2026-07-26T19:37:00.364099+00:00,2026-08-02T10:00,2026-08-02T14:00:00+00:00,28.2,15
New York City,2026-07-26T19:37:00.364099+00:00,2026-08-02T11:00,2026-08-02T15:00:00+00:00,29.3,15
New York City,2026-07-26T19:37:00.364099+00:00,2026-08-02T12:00,2026-08-02T16:00:00+00:00,29.7,15
New York City,2026-07-26T19:37:00.364099+00:00,2026-08-02T13:00,2026-08-02T17:00:00+00:00,29.8,15
New York City,2026-07-26T19:37:00.364099+00:00,2026-08-02T14:00,2026-08-02T18:00:00+00:00,29.7,15
New York City,2026-07-26T19:37:00.364099+00:00,2026-08-02T15:00,2026-08-02T19:00:00+00:00,29.5,31
New York City,2026-07-26T19:37:00.364099+00:00,2026-08-02T16:00,2026-08-02T20:00:00+00:00,29.1,31
New York City,2026-07-26T19:37:00.364099+00:00,2026-08-02T17:00,2026-08-02T21:00:00+00:00,28.7,31
New York City,2026-07-26T19:37:00.364099+00:00,2026-08-02T18:00,2026-08-02T22:00:00+00:00,28.0,31
New York City,2026-07-26T19:37:00.364099+00:00,2026-08-02T19:00,2026-08-02T23:00:00+00:00,27.3,31
New York City,2026-07-26T19:37:00.364099+00:00,2026-08-02T20:00,2026-08-03T00:00:00+00:00,26.5,31
New York City,2026-07-26T19:37:00.364099+00:00,2026-08-02T21:00,2026-08-03T01:00:00+00:00,25.7,25
New York City,2026-07-26T19:37:00.364099+00:00,2026-08-02T22:00,2026-08-03T02:00:00+00:00,24.8,25
New York City,2026-07-26T19:37:00.364099+00:00,2026-08-02T23:00,2026-08-03T03:00:00+00:00,24.1,25
New York City,2026-07-26T19:37:00.364099+00:00,2026-08-03T00:00,2026-08-03T04:00:00+00:00,23.4,25
New York City,2026-07-26T19:37:00.364099+00:00,2026-08-03T01:00,2026-08-03T05:00:00+00:00,22.8,25
New York City,2026-07-26T19:37:00.364099+00:00,2026-08-03T02:00,2026-08-03T06:00:00+00:00,22.5,25
New York City,2026-07-26T19:37:00.364099+00:00,2026-08-03T03:00,2026-08-03T07:00:00+00:00,22.4,16
New York City,2026-07-26T19:37:00.364099+00:00,2026-08-03T04:00,2026-08-03T08:00:00+00:00,22.6,16
New York City,2026-07-26T19:37:00.364099+00:00,2026-08-03T05:00,2026-08-03T09:00:00+00:00,22.7,16
New York City,2026-07-26T19:37:00.364099+00:00,2026-08-03T06:00,2026-08-03T10:00:00+00:00,22.6,16
New York City,2026-07-26T19:37:00.364099+00:00,2026-08-03T07:00,2026-08-03T11:00:00+00:00,22.6,16
New York City,2026-07-26T19:37:00.364099+00:00,2026-08-03T08:00,2026-08-03T12:00:00+00:00,22.5,16
New York City,2026-07-26T19:37:00.364099+00:00,2026-08-03T09:00,2026-08-03T13:00:00+00:00,22.3,14
New York City,2026-07-26T19:37:00.364099+00:00,2026-08-03T10:00,2026-08-03T14:00:00+00:00,22.1,14
New York City,2026-07-26T19:37:00.364099+00:00,2026-08-03T11:00,2026-08-03T15:00:00+00:00,22.2,14
New York City,2026-07-26T19:37:00.364099+00:00,2026-08-03T12:00,2026-08-03T16:00:00+00:00,22.7,14
New York City,2026-07-26T19:37:00.364099+00:00,2026-08-03T13:00,2026-08-03T17:00:00+00:00,23.4,14
New York City,2026-07-26T19:37:00.364099+00:00,2026-08-03T14:00,2026-08-03T18:00:00+00:00,24.0,14
New York City,2026-07-26T19:37:00.364099+00:00,2026-08-03T15:00,2026-08-03T19:00:00+00:00,24.3,20
New York City,2026-07-26T19:37:00.364099+00:00,2026-08-03T16:00,2026-08-03T20:00:00+00:00,24.5,20
New York City,2026-07-26T19:37:00.364099+00:00,2026-08-03T17:00,2026-08-03T21:00:00+00:00,24.7,20
New York City,2026-07-26T19:37:00.364099+00:00,2026-08-03T18:00,2026-08-03T22:00:00+00:00,24.7,20
New York City,2026-07-26T19:37:00.364099+00:00,2026-08-03T19:00,2026-08-03T23:00:00+00:00,24.6,20
New York City,2026-07-26T19:37:00.364099+00:00,2026-08-03T20:00,2026-08-04T00:00:00+00:00,24.5,20
New York City,2026-07-26T19:37:00.364099+00:00,2026-08-03T21:00,2026-08-04T01:00:00+00:00,24.2,13
New York City,2026-07-26T19:37:00.364099+00:00,2026-08-03T22:00,2026-08-04T02:00:00+00:00,23.9,13
New York City,2026-07-26T19:37:00.364099+00:00,2026-08-03T23:00,2026-08-04T03:00:00+00:00,23.6,13
New York City,2026-07-26T19:37:00.364099+00:00,2026-08-04T00:00,2026-08-04T04:00:00+00:00,23.3,13
New York City,2026-07-26T19:37:00.364099+00:00,2026-08-04T01:00,2026-08-04T05:00:00+00:00,23.1,13
New York City,2026-07-26T19:37:00.364099+00:00,2026-08-04T02:00,2026-08-04T06:00:00+00:00,22.9,13
New York City,2026-07-26T19:37:00.364099+00:00,2026-08-04T03:00,2026-08-04T07:00:00+00:00,22.6,8
New York City,2026-07-26T19:37:00.364099+00:00,2026-08-04T04:00,2026-08-04T08:00:00+00:00,22.4,8
New York City,2026-07-26T19:37:00.364099+00:00,2026-08-04T05:00,2026-08-04T09:00:00+00:00,22.4,8
New York City,2026-07-26T19:37:00.364099+00:00,2026-08-04T06:00,2026-08-04T10:00:00+00:00,22.6,8
New York City,2026-07-26T19:37:00.364099+00:00,2026-08-04T07:00,2026-08-04T11:00:00+00:00,23.0,8
New York City,2026-07-26T19:37:00.364099+00:00,2026-08-04T08:00,2026-08-04T12:00:00+00:00,23.7,8
New York City,2026-07-26T19:37:00.364099+00:00,2026-08-04T09:00,2026-08-04T13:00:00+00:00,24.7,8
New York City,2026-07-26T19:37:00.364099+00:00,2026-08-04T10:00,2026-08-04T14:00:00+00:00,25.9,8
New York City,2026-07-26T19:37:00.364099+00:00,2026-08-04T11:00,2026-08-04T15:00:00+00:00,27.1,8
New York City,2026-07-26T19:37:00.364099+00:00,2026-08-04T12:00,2026-08-04T16:00:00+00:00,27.9,8
New York City,2026-07-26T19:37:00.364099+00:00,2026-08-04T13:00,2026-08-04T17:00:00+00:00,28.7,8
New York City,2026-07-26T19:37:00.364099+00:00,2026-08-04T14:00,2026-08-04T18:00:00+00:00,29.5,8
New York City,2026-07-26T19:37:00.364099+00:00,2026-08-04T15:00,2026-08-04T19:00:00+00:00,30.5,15
New York City,2026-07-26T19:37:00.364099+00:00,2026-08-04T16:00,2026-08-04T20:00:00+00:00,31.6,15
New York City,2026-07-26T19:37:00.364099+00:00,2026-08-04T17:00,2026-08-04T21:00:00+00:00,32.1,15
New York City,2026-07-26T19:37:00.364099+00:00,2026-08-04T18:00,2026-08-04T22:00:00+00:00,31.4,15
New York City,2026-07-26T19:37:00.364099+00:00,2026-08-04T19:00,2026-08-04T23:00:00+00:00,30.1,15
New York City,2026-07-26T19:37:00.364099+00:00,2026-08-04T20:00,2026-08-05T00:00:00+00:00,29.0,15
New York City,2026-07-26T19:37:00.364099+00:00,2026-08-04T21:00,2026-08-05T01:00:00+00:00,28.2,12
New York City,2026-07-26T19:37:00.364099+00:00,2026-08-04T22:00,2026-08-05T02:00:00+00:00,27.6,12
New York City,2026-07-26T19:37:00.364099+00:00,2026-08-04T23:00,2026-08-05T03:00:00+00:00,27.1,12
New York City,2026-07-26T19:37:00.364099+00:00,2026-08-05T00:00,2026-08-05T04:00:00+00:00,26.5,12
New York City,2026-07-26T19:37:00.364099+00:00,2026-08-05T01:00,2026-08-05T05:00:00+00:00,26.0,12
New York City,2026-07-26T19:37:00.364099+00:00,2026-08-05T02:00,2026-08-05T06:00:00+00:00,25.4,12
New York City,2026-07-26T19:37:00.364099+00:00,2026-08-05T03:00,2026-08-05T07:00:00+00:00,24.6,11
New York City,2026-07-26T19:37:00.364099+00:00,2026-08-05T04:00,2026-08-05T08:00:00+00:00,23.7,11
New York City,2026-07-26T19:37:00.364099+00:00,2026-08-05T05:00,2026-08-05T09:00:00+00:00,23.2,11
New York City,2026-07-26T19:37:00.364099+00:00,2026-08-05T06:00,2026-08-05T10:00:00+00:00,23.1,11
New York City,2026-07-26T19:37:00.364099+00:00,2026-08-05T07:00,2026-08-05T11:00:00+00:00,23.2,11
New York City,2026-07-26T19:37:00.364099+00:00,2026-08-05T08:00,2026-08-05T12:00:00+00:00,23.8,11
New York City,2026-07-26T19:37:00.364099+00:00,2026-08-05T09:00,2026-08-05T13:00:00+00:00,24.8,6
New York City,2026-07-26T19:37:00.364099+00:00,2026-08-05T10:00,2026-08-05T14:00:00+00:00,26.1,6
New York City,2026-07-26T19:37:00.364099+00:00,2026-08-05T11:00,2026-08-05T15:00:00+00:00,27.5,6
New York City,2026-07-26T19:37:00.364099+00:00,2026-08-05T12:00,2026-08-05T16:00:00+00:00,28.9,6
New York City,2026-07-26T19:37:00.364099+00:00,2026-08-05T13:00,2026-08-05T17:00:00+00:00,30.3,6
New York City,2026-07-26T19:37:00.364099+00:00,2026-08-05T14:00,2026-08-05T18:00:00+00:00,31.3,6
New York City,2026-07-26T19:37:00.364099+00:00,2026-08-05T15:00,2026-08-05T19:00:00+00:00,31.7,21
New York City,2026-07-26T19:37:00.364099+00:00,2026-08-05T16:00,2026-08-05T20:00:00+00:00,31.7,21
New York City,2026-07-26T19:37:00.364099+00:00,2026-08-05T17:00,2026-08-05T21:00:00+00:00,31.2,21
New York City,2026-07-26T19:37:00.364099+00:00,2026-08-05T18:00,2026-08-05T22:00:00+00:00,29.7,21
New York City,2026-07-26T19:37:00.364099+00:00,2026-08-05T19:00,2026-08-05T23:00:00+00:00,27.7,21
New York City,2026-07-26T19:37:00.364099+00:00,2026-08-05T20:00,2026-08-06T00:00:00+00:00,26.1,21
New York City,2026-07-26T19:37:00.364099+00:00,2026-08-05T21:00,2026-08-06T01:00:00+00:00,25.2,20
New York City,2026-07-26T19:37:00.364099+00:00,2026-08-05T22:00,2026-08-06T02:00:00+00:00,24.8,20
New York City,2026-07-26T19:37:00.364099+00:00,2026-08-05T23:00,2026-08-06T03:00:00+00:00,24.4,20
New York City,2026-07-26T19:37:00.364099+00:00,2026-08-06T00:00,2026-08-06T04:00:00+00:00,24.0,20
New York City,2026-07-26T19:37:00.364099+00:00,2026-08-06T01:00,2026-08-06T05:00:00+00:00,23.7,20
New York City,2026-07-26T19:37:00.364099+00:00,2026-08-06T02:00,2026-08-06T06:00:00+00:00,23.5,20
New York City,2026-07-26T19:37:00.364099+00:00,2026-08-06T03:00,2026-08-06T07:00:00+00:00,23.1,9
New York City,2026-07-26T19:37:00.364099+00:00,2026-08-06T04:00,2026-08-06T08:00:00+00:00,22.7,9
New York City,2026-07-26T19:37:00.364099+00:00,2026-08-06T05:00,2026-08-06T09:00:00+00:00,22.6,9
New York City,2026-07-26T19:37:00.364099+00:00,2026-08-06T06:00,2026-08-06T10:00:00+00:00,22.6,9
New York City,2026-07-26T19:37:00.364099+00:00,2026-08-06T07:00,2026-08-06T11:00:00+00:00,22.9,9
New York City,2026-07-26T19:37:00.364099+00:00,2026-08-06T08:00,2026-08-06T12:00:00+00:00,23.5,9
New York City,2026-07-26T19:37:00.364099+00:00,2026-08-06T09:00,2026-08-06T13:00:00+00:00,24.5,10
New York City,2026-07-26T19:37:00.364099+00:00,2026-08-06T10:00,2026-08-06T14:00:00+00:00,25.7,10
New York City,2026-07-26T19:37:00.364099+00:00,2026-08-06T11:00,2026-08-06T15:00:00+00:00,26.9,10
New York City,2026-07-26T19:37:00.364099+00:00,2026-08-06T12:00,2026-08-06T16:00:00+00:00,27.9,13
New York City,2026-07-26T19:37:00.364099+00:00,2026-08-06T13:00,2026-08-06T17:00:00+00:00,28.9,15
New York City,2026-07-26T19:37:00.364099+00:00,2026-08-06T14:00,2026-08-06T18:00:00+00:00,29.5,17
New York City,2026-07-26T19:37:00.364099+00:00,2026-08-06T15:00,2026-08-06T19:00:00+00:00,29.4,20
New York City,2026-07-26T19:37:00.364099+00:00,2026-08-06T16:00,2026-08-06T20:00:00+00:00,28.9,23
New York City,2026-07-26T19:37:00.364099+00:00,2026-08-06T17:00,2026-08-06T21:00:00+00:00,28.2,26
New York City,2026-07-26T19:37:00.364099+00:00,2026-08-06T18:00,2026-08-06T22:00:00+00:00,27.2,29
New York City,2026-07-26T19:37:00.364099+00:00,2026-08-06T19:00,2026-08-06T23:00:00+00:00,26.0,32
New York City,2026-07-26T19:37:00.364099+00:00,2026-08-06T20:00,2026-08-07T00:00:00+00:00,25.0,35
New York City,2026-07-26T19:37:00.364099+00:00,2026-08-06T21:00,2026-08-07T01:00:00+00:00,24.3,36
New York City,2026-07-26T19:37:00.364099+00:00,2026-08-06T22:00,2026-08-07T02:00:00+00:00,23.8,37
New York City,2026-07-26T19:37:00.364099+00:00,2026-08-06T23:00,2026-08-07T03:00:00+00:00,23.4,37
New York City,2026-07-26T19:37:00.364099+00:00,2026-08-07T00:00,2026-08-07T04:00:00+00:00,23.2,37
New York City,2026-07-26T19:37:00.364099+00:00,2026-08-07T01:00,2026-08-07T05:00:00+00:00,23.1,36
New York City,2026-07-26T19:37:00.364099+00:00,2026-08-07T02:00,2026-08-07T06:00:00+00:00,23.1,35
New York City,2026-07-26T19:37:00.364099+00:00,2026-08-07T03:00,2026-08-07T07:00:00+00:00,22.9,33
New York City,2026-07-26T19:37:00.364099+00:00,2026-08-07T04:00,2026-08-07T08:00:00+00:00,22.6,29
New York City,2026-07-26T19:37:00.364099+00:00,2026-08-07T05:00,2026-08-07T09:00:00+00:00,22.6,26
New York City,2026-07-26T19:37:00.364099+00:00,2026-08-07T06:00,2026-08-07T10:00:00+00:00,22.8,23
New York City,2026-07-26T19:37:00.364099+00:00,2026-08-07T07:00,2026-08-07T11:00:00+00:00,23.2,19
New York City,2026-07-26T19:37:00.364099+00:00,2026-08-07T08:00,2026-08-07T12:00:00+00:00,23.9,16
New York City,2026-07-26T19:37:00.364099+00:00,2026-08-07T09:00,2026-08-07T13:00:00+00:00,24.9,14
New York City,2026-07-26T19:37:00.364099+00:00,2026-08-07T10:00,2026-08-07T14:00:00+00:00,26.2,13
New York City,2026-07-26T19:37:00.364099+00:00,2026-08-07T11:00,2026-08-07T15:00:00+00:00,27.4,12
New York City,2026-07-26T19:37:00.364099+00:00,2026-08-07T12:00,2026-08-07T16:00:00+00:00,28.6,11
New York City,2026-07-26T19:37:00.364099+00:00,2026-08-07T13:00,2026-08-07T17:00:00+00:00,29.8,10
New York City,2026-07-26T19:37:00.364099+00:00,2026-08-07T14:00,2026-08-07T18:00:00+00:00,30.5,10
New York City,2026-07-26T19:37:00.364099+00:00,2026-08-07T15:00,2026-08-07T19:00:00+00:00,30.4,10
New York City,2026-07-26T19:37:00.364099+00:00,2026-08-07T16:00,2026-08-07T20:00:00+00:00,29.8,10
New York City,2026-07-26T19:37:00.364099+00:00,2026-08-07T17:00,2026-08-07T21:00:00+00:00,29.0,11
New York City,2026-07-26T19:37:00.364099+00:00,2026-08-07T18:00,2026-08-07T22:00:00+00:00,27.8,12
New York City,2026-07-26T19:37:00.364099+00:00,2026-08-07T19:00,2026-08-07T23:00:00+00:00,26.4,12
New York City,2026-07-26T19:37:00.364099+00:00,2026-08-07T20:00,2026-08-08T00:00:00+00:00,25.2,13
New York City,2026-07-26T19:37:00.364099+00:00,2026-08-07T21:00,2026-08-08T01:00:00+00:00,24.4,14
New York City,2026-07-26T19:37:00.364099+00:00,2026-08-07T22:00,2026-08-08T02:00:00+00:00,23.9,14
New York City,2026-07-26T19:37:00.364099+00:00,2026-08-07T23:00,2026-08-08T03:00:00+00:00,23.5,15
New York City,2026-07-26T19:37:00.364099+00:00,2026-08-08T00:00,2026-08-08T04:00:00+00:00,23.2,15
New York City,2026-07-26T19:37:00.364099+00:00,2026-08-08T01:00,2026-08-08T05:00:00+00:00,23.0,16
New York City,2026-07-26T19:37:00.364099+00:00,2026-08-08T02:00,2026-08-08T06:00:00+00:00,22.9,16
New York City,2026-07-26T19:37:00.364099+00:00,2026-08-08T03:00,2026-08-08T07:00:00+00:00,22.8,16
New York City,2026-07-26T19:37:00.364099+00:00,2026-08-08T04:00,2026-08-08T08:00:00+00:00,22.7,17
New York City,2026-07-26T19:37:00.364099+00:00,2026-08-08T05:00,2026-08-08T09:00:00+00:00,22.8,17
New York City,2026-07-26T19:37:00.364099+00:00,2026-08-08T06:00,2026-08-08T10:00:00+00:00,22.9,17
New York City,2026-07-26T19:37:00.364099+00:00,2026-08-08T07:00,2026-08-08T11:00:00+00:00,23.2,17
New York City,2026-07-26T19:37:00.364099+00:00,2026-08-08T08:00,2026-08-08T12:00:00+00:00,23.8,16
New York City,2026-07-26T19:37:00.364099+00:00,2026-08-08T09:00,2026-08-08T13:00:00+00:00,24.7,14
New York City,2026-07-26T19:37:00.364099+00:00,2026-08-08T10:00,2026-08-08T14:00:00+00:00,26.0,11
New York City,2026-07-26T19:37:00.364099+00:00,2026-08-08T11:00,2026-08-08T15:00:00+00:00,27.0,9
New York City,2026-07-26T19:37:00.364099+00:00,2026-08-08T12:00,2026-08-08T16:00:00+00:00,27.7,7
New York City,2026-07-26T19:37:00.364099+00:00,2026-08-08T13:00,2026-08-08T17:00:00+00:00,28.3,4
New York City,2026-07-26T19:37:00.364099+00:00,2026-08-08T14:00,2026-08-08T18:00:00+00:00,28.4,3
New York City,2026-07-26T19:37:00.364099+00:00,2026-08-08T15:00,2026-08-08T19:00:00+00:00,27.8,3
New York City,2026-07-26T19:37:00.364099+00:00,2026-08-08T16:00,2026-08-08T20:00:00+00:00,26.9,4
New York City,2026-07-26T19:37:00.364099+00:00,2026-08-08T17:00,2026-08-08T21:00:00+00:00,26.0,6
New York City,2026-07-26T19:37:00.364099+00:00,2026-08-08T18:00,2026-08-08T22:00:00+00:00,25.3,8
New York City,2026-07-26T19:37:00.364099+00:00,2026-08-08T19:00,2026-08-08T23:00:00+00:00,24.8,10
New York City,2026-07-26T19:37:00.364099+00:00,2026-08-08T20:00,2026-08-09T00:00:00+00:00,24.4,13
New York City,2026-07-26T19:37:00.364099+00:00,2026-08-08T21:00,2026-08-09T01:00:00+00:00,24.2,16
New York City,2026-07-26T19:37:00.364099+00:00,2026-08-08T22:00,2026-08-09T02:00:00+00:00,24.1,20
New York City,2026-07-26T19:37:00.364099+00:00,2026-08-08T23:00,2026-08-09T03:00:00+00:00,24.0,24
New York City,2026-07-26T19:37:00.364099+00:00,2026-08-09T00:00,2026-08-09T04:00:00+00:00,23.7,27
New York City,2026-07-26T19:37:00.364099+00:00,2026-08-09T01:00,2026-08-09T05:00:00+00:00,23.3,30
New York City,2026-07-26T19:37:00.364099+00:00,2026-08-09T02:00,2026-08-09T06:00:00+00:00,23.1,32
New York City,2026-07-26T19:37:00.364099+00:00,2026-08-09T03:00,2026-08-09T07:00:00+00:00,23.0,32
New York City,2026-07-26T19:37:00.364099+00:00,2026-08-09T04:00,2026-08-09T08:00:00+00:00,22.9,31
New York City,2026-07-26T19:37:00.364099+00:00,2026-08-09T05:00,2026-08-09T09:00:00+00:00,23.0,30
New York City,2026-07-26T19:37:00.364099+00:00,2026-08-09T06:00,2026-08-09T10:00:00+00:00,22.9,28
New York City,2026-07-26T19:37:00.364099+00:00,2026-08-09T07:00,2026-08-09T11:00:00+00:00,22.9,26
New York City,2026-07-26T19:37:00.364099+00:00,2026-08-09T08:00,2026-08-09T12:00:00+00:00,23.3,23
New York City,2026-07-26T19:37:00.364099+00:00,2026-08-09T09:00,2026-08-09T13:00:00+00:00,24.2,21
New York City,2026-07-26T19:37:00.364099+00:00,2026-08-09T10:00,2026-08-09T14:00:00+00:00,25.6,18
New York City,2026-07-26T19:37:00.364099+00:00,2026-08-09T11:00,2026-08-09T15:00:00+00:00,26.8,16
New York City,2026-07-26T19:37:00.364099+00:00,2026-08-09T12:00,2026-08-09T16:00:00+00:00,27.8,14
New York City,2026-07-26T19:37:00.364099+00:00,2026-08-09T13:00,2026-08-09T17:00:00+00:00,28.6,12
New York City,2026-07-26T19:37:00.364099+00:00,2026-08-09T14:00,2026-08-09T18:00:00+00:00,29.1,10
New York City,2026-07-26T19:37:00.364099+00:00,2026-08-09T15:00,2026-08-09T19:00:00+00:00,28.8,9
New York City,2026-07-26T19:37:00.364099+00:00,2026-08-09T16:00,2026-08-09T20:00:00+00:00,28.1,8
New York City,2026-07-26T19:37:00.364099+00:00,2026-08-09T17:00,2026-08-09T21:00:00+00:00,27.5,8
New York City,2026-07-26T19:37:00.364099+00:00,2026-08-09T18:00,2026-08-09T22:00:00+00:00,27.0,8
New York City,2026-07-26T19:37:00.364099+00:00,2026-08-09T19:00,2026-08-09T23:00:00+00:00,26.6,8
New York City,2026-07-26T19:37:00.364099+00:00,2026-08-09T20:00,2026-08-10T00:00:00+00:00,26.2,10
New York City,2026-07-26T19:37:00.364099+00:00,2026-08-09T21:00,2026-08-10T01:00:00+00:00,25.8,13
New York City,2026-07-26T19:37:00.364099+00:00,2026-08-09T22:00,2026-08-10T02:00:00+00:00,25.4,18
New York City,2026-07-26T19:37:00.364099+00:00,2026-08-09T23:00,2026-08-10T03:00:00+00:00,25.0,22
New York City,2026-07-26T19:37:00.364099+00:00,2026-08-10T00:00,2026-08-10T04:00:00+00:00,24.3,26
New York City,2026-07-26T19:37:00.364099+00:00,2026-08-10T01:00,2026-08-10T05:00:00+00:00,23.4,30
New York City,2026-07-26T19:37:00.364099+00:00,2026-08-10T02:00,2026-08-10T06:00:00+00:00,22.8,32
New York City,2026-07-26T19:37:00.364099+00:00,2026-08-10T03:00,2026-08-10T07:00:00+00:00,22.3,32
New York City,2026-07-26T19:37:00.364099+00:00,2026-08-10T04:00,2026-08-10T08:00:00+00:00,22.1,31
New York City,2026-07-26T19:37:00.364099+00:00,2026-08-10T05:00,2026-08-10T09:00:00+00:00,21.9,29
New York City,2026-07-26T19:37:00.364099+00:00,2026-08-10T06:00,2026-08-10T10:00:00+00:00,21.7,27
New York City,2026-07-26T19:37:00.364099+00:00,2026-08-10T07:00,2026-08-10T11:00:00+00:00,21.7,25
New York City,2026-07-26T19:37:00.364099+00:00,2026-08-10T08:00,2026-08-10T12:00:00+00:00,22.0,23
New York City,2026-07-26T19:37:00.364099+00:00,2026-08-10T09:00,2026-08-10T13:00:00+00:00,22.7,21
New York City,2026-07-26T19:37:00.364099+00:00,2026-08-10T10:00,2026-08-10T14:00:00+00:00,23.6,20
New York City,2026-07-26T19:37:00.364099+00:00,2026-08-10T11:00,2026-08-10T15:00:00+00:00,24.5,19
New York City,2026-07-26T19:37:00.364099+00:00,2026-08-10T12:00,2026-08-10T16:00:00+00:00,25.1,18
New York City,2026-07-26T19:37:00.364099+00:00,2026-08-10T13:00,2026-08-10T17:00:00+00:00,25.5,17
New York City,2026-07-26T19:37:00.364099+00:00,2026-08-10T14:00,2026-08-10T18:00:00+00:00,25.7,16
New York City,2026-07-26T19:37:00.364099+00:00,2026-08-10T15:00,2026-08-10T19:00:00+00:00,25.5,17
New York City,2026-07-26T19:37:00.364099+00:00,2026-08-10T16:00,2026-08-10T20:00:00+00:00,25.0,18
New York City,2026-07-26T19:37:00.364099+00:00,2026-08-10T17:00,2026-08-10T21:00:00+00:00,24.4,19
New York City,2026-07-26T19:37:00.364099+00:00,2026-08-10T18:00,2026-08-10T22:00:00+00:00,23.4,20
New York City,2026-07-26T19:37:00.364099+00:00,2026-08-10T19:00,2026-08-10T23:00:00+00:00,22.2,22
New York City,2026-07-26T19:37:00.364099+00:00,2026-08-10T20:00,2026-08-11T00:00:00+00:00,21.3,23
New York City,2026-07-26T19:37:00.364099+00:00,2026-08-10T21:00,2026-08-11T01:00:00+00:00,20.9,24
New York City,2026-07-26T19:37:00.364099+00:00,2026-08-10T22:00,2026-08-11T02:00:00+00:00,20.7,25
New York City,2026-07-26T19:37:00.364099+00:00,2026-08-10T23:00,2026-08-11T03:00:00+00:00,20.6,26
New York City,2026-07-26T21:14:28.945393+00:00,2026-07-26T00:00,2026-07-26T04:00:00+00:00,18.4,0
New York City,2026-07-26T21:14:28.945393+00:00,2026-07-26T01:00,2026-07-26T05:00:00+00:00,17.8,0
New York City,2026-07-26T21:14:28.945393+00:00,2026-07-26T02:00,2026-07-26T06:00:00+00:00,18.6,0
New York City,2026-07-26T21:14:28.945393+00:00,2026-07-26T03:00,2026-07-26T07:00:00+00:00,17.5,0
New York City,2026-07-26T21:14:28.945393+00:00,2026-07-26T04:00,2026-07-26T08:00:00+00:00,16.9,0
New York City,2026-07-26T21:14:28.945393+00:00,2026-07-26T05:00,2026-07-26T09:00:00+00:00,15.9,0
New York City,2026-07-26T21:14:28.945393+00:00,2026-07-26T06:00,2026-07-26T10:00:00+00:00,16.0,0
New York City,2026-07-26T21:14:28.945393+00:00,2026-07-26T07:00,2026-07-26T11:00:00+00:00,18.2,0
New York City,2026-07-26T21:14:28.945393+00:00,2026-07-26T08:00,2026-07-26T12:00:00+00:00,21.6,0
New York City,2026-07-26T21:14:28.945393+00:00,2026-07-26T09:00,2026-07-26T13:00:00+00:00,23.8,0
New York City,2026-07-26T21:14:28.945393+00:00,2026-07-26T10:00,2026-07-26T14:00:00+00:00,25.4,0
New York City,2026-07-26T21:14:28.945393+00:00,2026-07-26T11:00,2026-07-26T15:00:00+00:00,26.1,0
New York City,2026-07-26T21:14:28.945393+00:00,2026-07-26T12:00,2026-07-26T16:00:00+00:00,27.0,0
New York City,2026-07-26T21:14:28.945393+00:00,2026-07-26T13:00,2026-07-26T17:00:00+00:00,28.4,0
New York City,2026-07-26T21:14:28.945393+00:00,2026-07-26T14:00,2026-07-26T18:00:00+00:00,29.4,0
New York City,2026-07-26T21:14:28.945393+00:00,2026-07-26T15:00,2026-07-26T19:00:00+00:00,29.9,0
New York City,2026-07-26T21:14:28.945393+00:00,2026-07-26T16:00,2026-07-26T20:00:00+00:00,29.7,0
New York City,2026-07-26T21:14:28.945393+00:00,2026-07-26T17:00,2026-07-26T21:00:00+00:00,29.8,0
New York City,2026-07-26T21:14:28.945393+00:00,2026-07-26T18:00,2026-07-26T22:00:00+00:00,27.5,0
New York City,2026-07-26T21:14:28.945393+00:00,2026-07-26T19:00,2026-07-26T23:00:00+00:00,26.0,0
New York City,2026-07-26T21:14:28.945393+00:00,2026-07-26T20:00,2026-07-27T00:00:00+00:00,24.0,0
New York City,2026-07-26T21:14:28.945393+00:00,2026-07-26T21:00,2026-07-27T01:00:00+00:00,22.8,1
New York City,2026-07-26T21:14:28.945393+00:00,2026-07-26T22:00,2026-07-27T02:00:00+00:00,22.1,1
New York City,2026-07-26T21:14:28.945393+00:00,2026-07-26T23:00,2026-07-27T03:00:00+00:00,21.6,1
New York City,2026-07-26T21:14:28.945393+00:00,2026-07-27T00:00,2026-07-27T04:00:00+00:00,21.2,1
New York City,2026-07-26T21:14:28.945393+00:00,2026-07-27T01:00,2026-07-27T05:00:00+00:00,20.6,1
New York City,2026-07-26T21:14:28.945393+00:00,2026-07-27T02:00,2026-07-27T06:00:00+00:00,20.0,1
New York City,2026-07-26T21:14:28.945393+00:00,2026-07-27T03:00,2026-07-27T07:00:00+00:00,19.7,1
New York City,2026-07-26T21:14:28.945393+00:00,2026-07-27T04:00,2026-07-27T08:00:00+00:00,19.4,2
New York City,2026-07-26T21:14:28.945393+00:00,2026-07-27T05:00,2026-07-27T09:00:00+00:00,18.8,2
New York City,2026-07-26T21:14:28.945393+00:00,2026-07-27T06:00,2026-07-27T10:00:00+00:00,18.5,2
New York City,2026-07-26T21:14:28.945393+00:00,2026-07-27T07:00,2026-07-27T11:00:00+00:00,20.1,1
New York City,2026-07-26T21:14:28.945393+00:00,2026-07-27T08:00,2026-07-27T12:00:00+00:00,22.5,2
New York City,2026-07-26T21:14:28.945393+00:00,2026-07-27T09:00,2026-07-27T13:00:00+00:00,24.7,3
New York City,2026-07-26T21:14:28.945393+00:00,2026-07-27T10:00,2026-07-27T14:00:00+00:00,26.7,2
New York City,2026-07-26T21:14:28.945393+00:00,2026-07-27T11:00,2026-07-27T15:00:00+00:00,28.3,1
New York City,2026-07-26T21:14:28.945393+00:00,2026-07-27T12:00,2026-07-27T16:00:00+00:00,29.5,5
New York City,2026-07-26T21:14:28.945393+00:00,2026-07-27T13:00,2026-07-27T17:00:00+00:00,29.9,11
New York City,2026-07-26T21:14:28.945393+00:00,2026-07-27T14:00,2026-07-27T18:00:00+00:00,30.0,13
New York City,2026-07-26T21:14:28.945393+00:00,2026-07-27T15:00,2026-07-27T19:00:00+00:00,30.4,18
New York City,2026-07-26T21:14:28.945393+00:00,2026-07-27T16:00,2026-07-27T20:00:00+00:00,29.9,15
New York City,2026-07-26T21:14:28.945393+00:00,2026-07-27T17:00,2026-07-27T21:00:00+00:00,28.8,12
New York City,2026-07-26T21:14:28.945393+00:00,2026-07-27T18:00,2026-07-27T22:00:00+00:00,26.1,15
New York City,2026-07-26T21:14:28.945393+00:00,2026-07-27T19:00,2026-07-27T23:00:00+00:00,26.1,10
New York City,2026-07-26T21:14:28.945393+00:00,2026-07-27T20:00,2026-07-28T00:00:00+00:00,24.7,7
New York City,2026-07-26T21:14:28.945393+00:00,2026-07-27T21:00,2026-07-28T01:00:00+00:00,24.6,21
New York City,2026-07-26T21:14:28.945393+00:00,2026-07-27T22:00,2026-07-28T02:00:00+00:00,23.1,21
New York City,2026-07-26T21:14:28.945393+00:00,2026-07-27T23:00,2026-07-28T03:00:00+00:00,22.5,9
New York City,2026-07-26T21:14:28.945393+00:00,2026-07-28T00:00,2026-07-28T04:00:00+00:00,21.5,19
New York City,2026-07-26T21:14:28.945393+00:00,2026-07-28T01:00,2026-07-28T05:00:00+00:00,21.4,10
New York City,2026-07-26T21:14:28.945393+00:00,2026-07-28T02:00,2026-07-28T06:00:00+00:00,21.0,4
New York City,2026-07-26T21:14:28.945393+00:00,2026-07-28T03:00,2026-07-28T07:00:00+00:00,20.7,3
New York City,2026-07-26T21:14:28.945393+00:00,2026-07-28T04:00,2026-07-28T08:00:00+00:00,20.2,3
New York City,2026-07-26T21:14:28.945393+00:00,2026-07-28T05:00,2026-07-28T09:00:00+00:00,20.5,12
New York City,2026-07-26T21:14:28.945393+00:00,2026-07-28T06:00,2026-07-28T10:00:00+00:00,20.7,12
New York City,2026-07-26T21:14:28.945393+00:00,2026-07-28T07:00,2026-07-28T11:00:00+00:00,21.3,12
New York City,2026-07-26T21:14:28.945393+00:00,2026-07-28T08:00,2026-07-28T12:00:00+00:00,23.3,12
New York City,2026-07-26T21:14:28.945393+00:00,2026-07-28T09:00,2026-07-28T13:00:00+00:00,25.2,49
New York City,2026-07-26T21:14:28.945393+00:00,2026-07-28T10:00,2026-07-28T14:00:00+00:00,25.7,49
New York City,2026-07-26T21:14:28.945393+00:00,2026-07-28T11:00,2026-07-28T15:00:00+00:00,26.9,49
New York City,2026-07-26T21:14:28.945393+00:00,2026-07-28T12:00,2026-07-28T16:00:00+00:00,27.5,49
New York City,2026-07-26T21:14:28.945393+00:00,2026-07-28T13:00,2026-07-28T17:00:00+00:00,28.1,49
New York City,2026-07-26T21:14:28.945393+00:00,2026-07-28T14:00,2026-07-28T18:00:00+00:00,27.8,49
New York City,2026-07-26T21:14:28.945393+00:00,2026-07-28T15:00,2026-07-28T19:00:00+00:00,28.0,75
New York City,2026-07-26T21:14:28.945393+00:00,2026-07-28T16:00,2026-07-28T20:00:00+00:00,26.8,75
New York City,2026-07-26T21:14:28.945393+00:00,2026-07-28T17:00,2026-07-28T21:00:00+00:00,26.5,75
New York City,2026-07-26T21:14:28.945393+00:00,2026-07-28T18:00,2026-07-28T22:00:00+00:00,25.9,75
New York City,2026-07-26T21:14:28.945393+00:00,2026-07-28T19:00,2026-07-28T23:00:00+00:00,24.2,75
New York City,2026-07-26T21:14:28.945393+00:00,2026-07-28T20:00,2026-07-29T00:00:00+00:00,23.6,75
New York City,2026-07-26T21:14:28.945393+00:00,2026-07-28T21:00,2026-07-29T01:00:00+00:00,23.5,83
New York City,2026-07-26T21:14:28.945393+00:00,2026-07-28T22:00,2026-07-29T02:00:00+00:00,23.2,83
New York City,2026-07-26T21:14:28.945393+00:00,2026-07-28T23:00,2026-07-29T03:00:00+00:00,22.1,83
New York City,2026-07-26T21:14:28.945393+00:00,2026-07-29T00:00,2026-07-29T04:00:00+00:00,22.2,83
New York City,2026-07-26T21:14:28.945393+00:00,2026-07-29T01:00,2026-07-29T05:00:00+00:00,22.6,83
New York City,2026-07-26T21:14:28.945393+00:00,2026-07-29T02:00,2026-07-29T06:00:00+00:00,22.4,83
New York City,2026-07-26T21:14:28.945393+00:00,2026-07-29T03:00,2026-07-29T07:00:00+00:00,21.6,71
New York City,2026-07-26T21:14:28.945393+00:00,2026-07-29T04:00,2026-07-29T08:00:00+00:00,21.3,71
New York City,2026-07-26T21:14:28.945393+00:00,2026-07-29T05:00,2026-07-29T09:00:00+00:00,22.5,71
New York City,2026-07-26T21:14:28.945393+00:00,2026-07-29T06:00,2026-07-29T10:00:00+00:00,22.2,71
New York City,2026-07-26T21:14:28.945393+00:00,2026-07-29T07:00,2026-07-29T11:00:00+00:00,22.2,71
New York City,2026-07-26T21:14:28.945393+00:00,2026-07-29T08:00,2026-07-29T12:00:00+00:00,22.6,71
New York City,2026-07-26T21:14:28.945393+00:00,2026-07-29T09:00,2026-07-29T13:00:00+00:00,23.3,69
New York City,2026-07-26T21:14:28.945393+00:00,2026-07-29T10:00,2026-07-29T14:00:00+00:00,24.0,69
New York City,2026-07-26T21:14:28.945393+00:00,2026-07-29T11:00,2026-07-29T15:00:00+00:00,24.7,69
New York City,2026-07-26T21:14:28.945393+00:00,2026-07-29T12:00,2026-07-29T16:00:00+00:00,24.6,69
New York City,2026-07-26T21:14:28.945393+00:00,2026-07-29T13:00,2026-07-29T17:00:00+00:00,25.2,69
New York City,2026-07-26T21:14:28.945393+00:00,2026-07-29T14:00,2026-07-29T18:00:00+00:00,25.1,69
New York City,2026-07-26T21:14:28.945393+00:00,2026-07-29T15:00,2026-07-29T19:00:00+00:00,24.6,78
New York City,2026-07-26T21:14:28.945393+00:00,2026-07-29T16:00,2026-07-29T20:00:00+00:00,24.4,78
New York City,2026-07-26T21:14:28.945393+00:00,2026-07-29T17:00,2026-07-29T21:00:00+00:00,23.6,78
New York City,2026-07-26T21:14:28.945393+00:00,2026-07-29T18:00,2026-07-29T22:00:00+00:00,23.2,78
New York City,2026-07-26T21:14:28.945393+00:00,2026-07-29T19:00,2026-07-29T23:00:00+00:00,22.5,78
New York City,2026-07-26T21:14:28.945393+00:00,2026-07-29T20:00,2026-07-30T00:00:00+00:00,22.3,78
New York City,2026-07-26T21:14:28.945393+00:00,2026-07-29T21:00,2026-07-30T01:00:00+00:00,22.0,62
New York City,2026-07-26T21:14:28.945393+00:00,2026-07-29T22:00,2026-07-30T02:00:00+00:00,21.8,62
New York City,2026-07-26T21:14:28.945393+00:00,2026-07-29T23:00,2026-07-30T03:00:00+00:00,21.5,62
New York City,2026-07-26T21:14:28.945393+00:00,2026-07-30T00:00,2026-07-30T04:00:00+00:00,21.4,62
New York City,2026-07-26T21:14:28.945393+00:00,2026-07-30T01:00,2026-07-30T05:00:00+00:00,21.1,62
New York City,2026-07-26T21:14:28.945393+00:00,2026-07-30T02:00,2026-07-30T06:00:00+00:00,20.6,62
New York City,2026-07-26T21:14:28.945393+00:00,2026-07-30T03:00,2026-07-30T07:00:00+00:00,20.4,34
New York City,2026-07-26T21:14:28.945393+00:00,2026-07-30T04:00,2026-07-30T08:00:00+00:00,20.1,34
New York City,2026-07-26T21:14:28.945393+00:00,2026-07-30T05:00,2026-07-30T09:00:00+00:00,19.8,34
New York City,2026-07-26T21:14:28.945393+00:00,2026-07-30T06:00,2026-07-30T10:00:00+00:00,19.9,34
New York City,2026-07-26T21:14:28.945393+00:00,2026-07-30T07:00,2026-07-30T11:00:00+00:00,19.7,34
New York City,2026-07-26T21:14:28.945393+00:00,2026-07-30T08:00,2026-07-30T12:00:00+00:00,19.5,34
New York City,2026-07-26T21:14:28.945393+00:00,2026-07-30T09:00,2026-07-30T13:00:00+00:00,19.6,16
New York City,2026-07-26T21:14:28.945393+00:00,2026-07-30T10:00,2026-07-30T14:00:00+00:00,19.8,16
New York City,2026-07-26T21:14:28.945393+00:00,2026-07-30T11:00,2026-07-30T15:00:00+00:00,19.8,16
New York City,2026-07-26T21:14:28.945393+00:00,2026-07-30T12:00,2026-07-30T16:00:00+00:00,20.2,16
New York City,2026-07-26T21:14:28.945393+00:00,2026-07-30T13:00,2026-07-30T17:00:00+00:00,20.7,16
New York City,2026-07-26T21:14:28.945393+00:00,2026-07-30T14:00,2026-07-30T18:00:00+00:00,20.8,16
New York City,2026-07-26T21:14:28.945393+00:00,2026-07-30T15:00,2026-07-30T19:00:00+00:00,21.1,25
New York City,2026-07-26T21:14:28.945393+00:00,2026-07-30T16:00,2026-07-30T20:00:00+00:00,21.4,25
New York City,2026-07-26T21:14:28.945393+00:00,2026-07-30T17:00,2026-07-30T21:00:00+00:00,21.5,25
New York City,2026-07-26T21:14:28.945393+00:00,2026-07-30T18:00,2026-07-30T22:00:00+00:00,21.1,25
New York City,2026-07-26T21:14:28.945393+00:00,2026-07-30T19:00,2026-07-30T23:00:00+00:00,20.7,25
New York City,2026-07-26T21:14:28.945393+00:00,2026-07-30T20:00,2026-07-31T00:00:00+00:00,20.5,25
New York City,2026-07-26T21:14:28.945393+00:00,2026-07-30T21:00,2026-07-31T01:00:00+00:00,20.3,16
New York City,2026-07-26T21:14:28.945393+00:00,2026-07-30T22:00,2026-07-31T02:00:00+00:00,20.2,16
New York City,2026-07-26T21:14:28.945393+00:00,2026-07-30T23:00,2026-07-31T03:00:00+00:00,20.1,16
New York City,2026-07-26T21:14:28.945393+00:00,2026-07-31T00:00,2026-07-31T04:00:00+00:00,20.1,16
New York City,2026-07-26T21:14:28.945393+00:00,2026-07-31T01:00,2026-07-31T05:00:00+00:00,20.1,16
New York City,2026-07-26T21:14:28.945393+00:00,2026-07-31T02:00,2026-07-31T06:00:00+00:00,20.2,16
New York City,2026-07-26T21:14:28.945393+00:00,2026-07-31T03:00,2026-07-31T07:00:00+00:00,20.1,1
New York City,2026-07-26T21:14:28.945393+00:00,2026-07-31T04:00,2026-07-31T08:00:00+00:00,20.1,1
New York City,2026-07-26T21:14:28.945393+00:00,2026-07-31T05:00,2026-07-31T09:00:00+00:00,20.2,1
New York City,2026-07-26T21:14:28.945393+00:00,2026-07-31T06:00,2026-07-31T10:00:00+00:00,20.4,1
New York City,2026-07-26T21:14:28.945393+00:00,2026-07-31T07:00,2026-07-31T11:00:00+00:00,20.6,1
New York City,2026-07-26T21:14:28.945393+00:00,2026-07-31T08:00,2026-07-31T12:00:00+00:00,21.0,1
New York City,2026-07-26T21:14:28.945393+00:00,2026-07-31T09:00,2026-07-31T13:00:00+00:00,21.3,1
New York City,2026-07-26T21:14:28.945393+00:00,2026-07-31T10:00,2026-07-31T14:00:00+00:00,21.6,1
New York City,2026-07-26T21:14:28.945393+00:00,2026-07-31T11:00,2026-07-31T15:00:00+00:00,22.3,1
New York City,2026-07-26T21:14:28.945393+00:00,2026-07-31T12:00,2026-07-31T16:00:00+00:00,23.5,1
New York City,2026-07-26T21:14:28.945393+00:00,2026-07-31T13:00,2026-07-31T17:00:00+00:00,25.1,1
New York City,2026-07-26T21:14:28.945393+00:00,2026-07-31T14:00,2026-07-31T18:00:00+00:00,26.3,1
New York City,2026-07-26T21:14:28.945393+00:00,2026-07-31T15:00,2026-07-31T19:00:00+00:00,26.8,8
New York City,2026-07-26T21:14:28.945393+00:00,2026-07-31T16:00,2026-07-31T20:00:00+00:00,26.9,8
New York City,2026-07-26T21:14:28.945393+00:00,2026-07-31T17:00,2026-07-31T21:00:00+00:00,26.9,8
New York City,2026-07-26T21:14:28.945393+00:00,2026-07-31T18:00,2026-07-31T22:00:00+00:00,26.7,8
New York City,2026-07-26T21:14:28.945393+00:00,2026-07-31T19:00,2026-07-31T23:00:00+00:00,26.3,8
New York City,2026-07-26T21:14:28.945393+00:00,2026-07-31T20:00,2026-08-01T00:00:00+00:00,25.9,8
New York City,2026-07-26T21:14:28.945393+00:00,2026-07-31T21:00,2026-08-01T01:00:00+00:00,25.4,6
New York City,2026-07-26T21:14:28.945393+00:00,2026-07-31T22:00,2026-08-01T02:00:00+00:00,24.8,6
New York City,2026-07-26T21:14:28.945393+00:00,2026-07-31T23:00,2026-08-01T03:00:00+00:00,24.2,6
New York City,2026-07-26T21:14:28.945393+00:00,2026-08-01T00:00,2026-08-01T04:00:00+00:00,23.6,6
New York City,2026-07-26T21:14:28.945393+00:00,2026-08-01T01:00,2026-08-01T05:00:00+00:00,23.1,6
New York City,2026-07-26T21:14:28.945393+00:00,2026-08-01T02:00,2026-08-01T06:00:00+00:00,22.7,6
New York City,2026-07-26T21:14:28.945393+00:00,2026-08-01T03:00,2026-08-01T07:00:00+00:00,22.2,1
New York City,2026-07-26T21:14:28.945393+00:00,2026-08-01T04:00,2026-08-01T08:00:00+00:00,21.7,1
New York City,2026-07-26T21:14:28.945393+00:00,2026-08-01T05:00,2026-08-01T09:00:00+00:00,21.6,1
New York City,2026-07-26T21:14:28.945393+00:00,2026-08-01T06:00,2026-08-01T10:00:00+00:00,21.7,1
New York City,2026-07-26T21:14:28.945393+00:00,2026-08-01T07:00,2026-08-01T11:00:00+00:00,22.1,1
New York City,2026-07-26T21:14:28.945393+00:00,2026-08-01T08:00,2026-08-01T12:00:00+00:00,22.9,1
New York City,2026-07-26T21:14:28.945393+00:00,2026-08-01T09:00,2026-08-01T13:00:00+00:00,24.4,0
New York City,2026-07-26T21:14:28.945393+00:00,2026-08-01T10:00,2026-08-01T14:00:00+00:00,26.3,0
New York City,2026-07-26T21:14:28.945393+00:00,2026-08-01T11:00,2026-08-01T15:00:00+00:00,28.0,0
New York City,2026-07-26T21:14:28.945393+00:00,2026-08-01T12:00,2026-08-01T16:00:00+00:00,29.3,0
New York City,2026-07-26T21:14:28.945393+00:00,2026-08-01T13:00,2026-08-01T17:00:00+00:00,30.3,0
New York City,2026-07-26T21:14:28.945393+00:00,2026-08-01T14:00,2026-08-01T18:00:00+00:00,30.8,0
New York City,2026-07-26T21:14:28.945393+00:00,2026-08-01T15:00,2026-08-01T19:00:00+00:00,30.4,10
New York City,2026-07-26T21:14:28.945393+00:00,2026-08-01T16:00,2026-08-01T20:00:00+00:00,29.4,10
New York City,2026-07-26T21:14:28.945393+00:00,2026-08-01T17:00,2026-08-01T21:00:00+00:00,28.5,10
New York City,2026-07-26T21:14:28.945393+00:00,2026-08-01T18:00,2026-08-01T22:00:00+00:00,27.7,10
New York City,2026-07-26T21:14:28.945393+00:00,2026-08-01T19:00,2026-08-01T23:00:00+00:00,27.0,10
New York City,2026-07-26T21:14:28.945393+00:00,2026-08-01T20:00,2026-08-02T00:00:00+00:00,26.4,10
New York City,2026-07-26T21:14:28.945393+00:00,2026-08-01T21:00,2026-08-02T01:00:00+00:00,26.0,9
New York City,2026-07-26T21:14:28.945393+00:00,2026-08-01T22:00,2026-08-02T02:00:00+00:00,25.7,9
New York City,2026-07-26T21:14:28.945393+00:00,2026-08-01T23:00,2026-08-02T03:00:00+00:00,25.5,9
New York City,2026-07-26T21:14:28.945393+00:00,2026-08-02T00:00,2026-08-02T04:00:00+00:00,25.2,9
New York City,2026-07-26T21:14:28.945393+00:00,2026-08-02T01:00,2026-08-02T05:00:00+00:00,25.0,9
New York City,2026-07-26T21:14:28.945393+00:00,2026-08-02T02:00,2026-08-02T06:00:00+00:00,24.7,9
New York City,2026-07-26T21:14:28.945393+00:00,2026-08-02T03:00,2026-08-02T07:00:00+00:00,24.3,7
New York City,2026-07-26T21:14:28.945393+00:00,2026-08-02T04:00,2026-08-02T08:00:00+00:00,23.8,7
New York City,2026-07-26T21:14:28.945393+00:00,2026-08-02T05:00,2026-08-02T09:00:00+00:00,23.7,7
New York City,2026-07-26T21:14:28.945393+00:00,2026-08-02T06:00,2026-08-02T10:00:00+00:00,24.0,7
New York City,2026-07-26T21:14:28.945393+00:00,2026-08-02T07:00,2026-08-02T11:00:00+00:00,24.6,7
New York City,2026-07-26T21:14:28.945393+00:00,2026-08-02T08:00,2026-08-02T12:00:00+00:00,25.5,7
New York City,2026-07-26T21:14:28.945393+00:00,2026-08-02T09:00,2026-08-02T13:00:00+00:00,26.7,12
New York City,2026-07-26T21:14:28.945393+00:00,2026-08-02T10:00,2026-08-02T14:00:00+00:00,28.2,12
New York City,2026-07-26T21:14:28.945393+00:00,2026-08-02T11:00,2026-08-02T15:00:00+00:00,29.3,12
New York City,2026-07-26T21:14:28.945393+00:00,2026-08-02T12:00,2026-08-02T16:00:00+00:00,29.7,12
New York City,2026-07-26T21:14:28.945393+00:00,2026-08-02T13:00,2026-08-02T17:00:00+00:00,29.8,12
New York City,2026-07-26T21:14:28.945393+00:00,2026-08-02T14:00,2026-08-02T18:00:00+00:00,29.7,12
New York City,2026-07-26T21:14:28.945393+00:00,2026-08-02T15:00,2026-08-02T19:00:00+00:00,29.5,28
New York City,2026-07-26T21:14:28.945393+00:00,2026-08-02T16:00,2026-08-02T20:00:00+00:00,29.1,28
New York City,2026-07-26T21:14:28.945393+00:00,2026-08-02T17:00,2026-08-02T21:00:00+00:00,28.7,28
New York City,2026-07-26T21:14:28.945393+00:00,2026-08-02T18:00,2026-08-02T22:00:00+00:00,28.0,28
New York City,2026-07-26T21:14:28.945393+00:00,2026-08-02T19:00,2026-08-02T23:00:00+00:00,27.3,28
New York City,2026-07-26T21:14:28.945393+00:00,2026-08-02T20:00,2026-08-03T00:00:00+00:00,26.5,28
New York City,2026-07-26T21:14:28.945393+00:00,2026-08-02T21:00,2026-08-03T01:00:00+00:00,25.7,28
New York City,2026-07-26T21:14:28.945393+00:00,2026-08-02T22:00,2026-08-03T02:00:00+00:00,24.8,28
New York City,2026-07-26T21:14:28.945393+00:00,2026-08-02T23:00,2026-08-03T03:00:00+00:00,24.1,28
New York City,2026-07-26T21:14:28.945393+00:00,2026-08-03T00:00,2026-08-03T04:00:00+00:00,23.4,28
New York City,2026-07-26T21:14:28.945393+00:00,2026-08-03T01:00,2026-08-03T05:00:00+00:00,22.8,28
New York City,2026-07-26T21:14:28.945393+00:00,2026-08-03T02:00,2026-08-03T06:00:00+00:00,22.5,28
New York City,2026-07-26T21:14:28.945393+00:00,2026-08-03T03:00,2026-08-03T07:00:00+00:00,22.4,21
New York City,2026-07-26T21:14:28.945393+00:00,2026-08-03T04:00,2026-08-03T08:00:00+00:00,22.6,21
New York City,2026-07-26T21:14:28.945393+00:00,2026-08-03T05:00,2026-08-03T09:00:00+00:00,22.7,21
New York City,2026-07-26T21:14:28.945393+00:00,2026-08-03T06:00,2026-08-03T10:00:00+00:00,22.6,21
New York City,2026-07-26T21:14:28.945393+00:00,2026-08-03T07:00,2026-08-03T11:00:00+00:00,22.6,21
New York City,2026-07-26T21:14:28.945393+00:00,2026-08-03T08:00,2026-08-03T12:00:00+00:00,22.5,21
New York City,2026-07-26T21:14:28.945393+00:00,2026-08-03T09:00,2026-08-03T13:00:00+00:00,22.3,24
New York City,2026-07-26T21:14:28.945393+00:00,2026-08-03T10:00,2026-08-03T14:00:00+00:00,22.1,24
New York City,2026-07-26T21:14:28.945393+00:00,2026-08-03T11:00,2026-08-03T15:00:00+00:00,22.2,24
New York City,2026-07-26T21:14:28.945393+00:00,2026-08-03T12:00,2026-08-03T16:00:00+00:00,22.7,24
New York City,2026-07-26T21:14:28.945393+00:00,2026-08-03T13:00,2026-08-03T17:00:00+00:00,23.4,24
New York City,2026-07-26T21:14:28.945393+00:00,2026-08-03T14:00,2026-08-03T18:00:00+00:00,24.0,24
New York City,2026-07-26T21:14:28.945393+00:00,2026-08-03T15:00,2026-08-03T19:00:00+00:00,24.3,24
New York City,2026-07-26T21:14:28.945393+00:00,2026-08-03T16:00,2026-08-03T20:00:00+00:00,24.5,24
New York City,2026-07-26T21:14:28.945393+00:00,2026-08-03T17:00,2026-08-03T21:00:00+00:00,24.7,24
New York City,2026-07-26T21:14:28.945393+00:00,2026-08-03T18:00,2026-08-03T22:00:00+00:00,24.7,24
New York City,2026-07-26T21:14:28.945393+00:00,2026-08-03T19:00,2026-08-03T23:00:00+00:00,24.6,24
New York City,2026-07-26T21:14:28.945393+00:00,2026-08-03T20:00,2026-08-04T00:00:00+00:00,24.5,24
New York City,2026-07-26T21:14:28.945393+00:00,2026-08-03T21:00,2026-08-04T01:00:00+00:00,24.2,19
New York City,2026-07-26T21:14:28.945393+00:00,2026-08-03T22:00,2026-08-04T02:00:00+00:00,23.9,19
New York City,2026-07-26T21:14:28.945393+00:00,2026-08-03T23:00,2026-08-04T03:00:00+00:00,23.6,19
New York City,2026-07-26T21:14:28.945393+00:00,2026-08-04T00:00,2026-08-04T04:00:00+00:00,23.3,19
New York City,2026-07-26T21:14:28.945393+00:00,2026-08-04T01:00,2026-08-04T05:00:00+00:00,23.1,19
New York City,2026-07-26T21:14:28.945393+00:00,2026-08-04T02:00,2026-08-04T06:00:00+00:00,22.9,19
New York City,2026-07-26T21:14:28.945393+00:00,2026-08-04T03:00,2026-08-04T07:00:00+00:00,22.6,12
New York City,2026-07-26T21:14:28.945393+00:00,2026-08-04T04:00,2026-08-04T08:00:00+00:00,22.4,12
New York City,2026-07-26T21:14:28.945393+00:00,2026-08-04T05:00,2026-08-04T09:00:00+00:00,22.4,12
New York City,2026-07-26T21:14:28.945393+00:00,2026-08-04T06:00,2026-08-04T10:00:00+00:00,22.6,12
New York City,2026-07-26T21:14:28.945393+00:00,2026-08-04T07:00,2026-08-04T11:00:00+00:00,23.0,12
New York City,2026-07-26T21:14:28.945393+00:00,2026-08-04T08:00,2026-08-04T12:00:00+00:00,23.7,12
New York City,2026-07-26T21:14:28.945393+00:00,2026-08-04T09:00,2026-08-04T13:00:00+00:00,24.7,10
New York City,2026-07-26T21:14:28.945393+00:00,2026-08-04T10:00,2026-08-04T14:00:00+00:00,25.9,10
New York City,2026-07-26T21:14:28.945393+00:00,2026-08-04T11:00,2026-08-04T15:00:00+00:00,27.1,10
New York City,2026-07-26T21:14:28.945393+00:00,2026-08-04T12:00,2026-08-04T16:00:00+00:00,27.9,10
New York City,2026-07-26T21:14:28.945393+00:00,2026-08-04T13:00,2026-08-04T17:00:00+00:00,28.7,10
New York City,2026-07-26T21:14:28.945393+00:00,2026-08-04T14:00,2026-08-04T18:00:00+00:00,29.5,10
New York City,2026-07-26T21:14:28.945393+00:00,2026-08-04T15:00,2026-08-04T19:00:00+00:00,30.5,16
New York City,2026-07-26T21:14:28.945393+00:00,2026-08-04T16:00,2026-08-04T20:00:00+00:00,31.6,16
New York City,2026-07-26T21:14:28.945393+00:00,2026-08-04T17:00,2026-08-04T21:00:00+00:00,32.1,16
New York City,2026-07-26T21:14:28.945393+00:00,2026-08-04T18:00,2026-08-04T22:00:00+00:00,31.4,16
New York City,2026-07-26T21:14:28.945393+00:00,2026-08-04T19:00,2026-08-04T23:00:00+00:00,30.1,16
New York City,2026-07-26T21:14:28.945393+00:00,2026-08-04T20:00,2026-08-05T00:00:00+00:00,29.0,16
New York City,2026-07-26T21:14:28.945393+00:00,2026-08-04T21:00,2026-08-05T01:00:00+00:00,28.2,11
New York City,2026-07-26T21:14:28.945393+00:00,2026-08-04T22:00,2026-08-05T02:00:00+00:00,27.6,11
New York City,2026-07-26T21:14:28.945393+00:00,2026-08-04T23:00,2026-08-05T03:00:00+00:00,27.1,11
New York City,2026-07-26T21:14:28.945393+00:00,2026-08-05T00:00,2026-08-05T04:00:00+00:00,26.5,11
New York City,2026-07-26T21:14:28.945393+00:00,2026-08-05T01:00,2026-08-05T05:00:00+00:00,26.0,11
New York City,2026-07-26T21:14:28.945393+00:00,2026-08-05T02:00,2026-08-05T06:00:00+00:00,25.4,11
New York City,2026-07-26T21:14:28.945393+00:00,2026-08-05T03:00,2026-08-05T07:00:00+00:00,24.6,4
New York City,2026-07-26T21:14:28.945393+00:00,2026-08-05T04:00,2026-08-05T08:00:00+00:00,23.7,4
New York City,2026-07-26T21:14:28.945393+00:00,2026-08-05T05:00,2026-08-05T09:00:00+00:00,23.2,4
New York City,2026-07-26T21:14:28.945393+00:00,2026-08-05T06:00,2026-08-05T10:00:00+00:00,23.1,4
New York City,2026-07-26T21:14:28.945393+00:00,2026-08-05T07:00,2026-08-05T11:00:00+00:00,23.2,4
New York City,2026-07-26T21:14:28.945393+00:00,2026-08-05T08:00,2026-08-05T12:00:00+00:00,23.8,4
New York City,2026-07-26T21:14:28.945393+00:00,2026-08-05T09:00,2026-08-05T13:00:00+00:00,24.8,4
New York City,2026-07-26T21:14:28.945393+00:00,2026-08-05T10:00,2026-08-05T14:00:00+00:00,26.1,4
New York City,2026-07-26T21:14:28.945393+00:00,2026-08-05T11:00,2026-08-05T15:00:00+00:00,27.5,4
New York City,2026-07-26T21:14:28.945393+00:00,2026-08-05T12:00,2026-08-05T16:00:00+00:00,28.9,4
New York City,2026-07-26T21:14:28.945393+00:00,2026-08-05T13:00,2026-08-05T17:00:00+00:00,30.3,4
New York City,2026-07-26T21:14:28.945393+00:00,2026-08-05T14:00,2026-08-05T18:00:00+00:00,31.3,4
New York City,2026-07-26T21:14:28.945393+00:00,2026-08-05T15:00,2026-08-05T19:00:00+00:00,31.7,17
New York City,2026-07-26T21:14:28.945393+00:00,2026-08-05T16:00,2026-08-05T20:00:00+00:00,31.7,17
New York City,2026-07-26T21:14:28.945393+00:00,2026-08-05T17:00,2026-08-05T21:00:00+00:00,31.2,17
New York City,2026-07-26T21:14:28.945393+00:00,2026-08-05T18:00,2026-08-05T22:00:00+00:00,29.7,17
New York City,2026-07-26T21:14:28.945393+00:00,2026-08-05T19:00,2026-08-05T23:00:00+00:00,27.7,17
New York City,2026-07-26T21:14:28.945393+00:00,2026-08-05T20:00,2026-08-06T00:00:00+00:00,26.1,17
New York City,2026-07-26T21:14:28.945393+00:00,2026-08-05T21:00,2026-08-06T01:00:00+00:00,25.2,15
New York City,2026-07-26T21:14:28.945393+00:00,2026-08-05T22:00,2026-08-06T02:00:00+00:00,24.8,15
New York City,2026-07-26T21:14:28.945393+00:00,2026-08-05T23:00,2026-08-06T03:00:00+00:00,24.4,15
New York City,2026-07-26T21:14:28.945393+00:00,2026-08-06T00:00,2026-08-06T04:00:00+00:00,24.0,15
New York City,2026-07-26T21:14:28.945393+00:00,2026-08-06T01:00,2026-08-06T05:00:00+00:00,23.7,15
New York City,2026-07-26T21:14:28.945393+00:00,2026-08-06T02:00,2026-08-06T06:00:00+00:00,23.5,15
New York City,2026-07-26T21:14:28.945393+00:00,2026-08-06T03:00,2026-08-06T07:00:00+00:00,23.1,7
New York City,2026-07-26T21:14:28.945393+00:00,2026-08-06T04:00,2026-08-06T08:00:00+00:00,22.7,7
New York City,2026-07-26T21:14:28.945393+00:00,2026-08-06T05:00,2026-08-06T09:00:00+00:00,22.6,7
New York City,2026-07-26T21:14:28.945393+00:00,2026-08-06T06:00,2026-08-06T10:00:00+00:00,22.6,7
New York City,2026-07-26T21:14:28.945393+00:00,2026-08-06T07:00,2026-08-06T11:00:00+00:00,22.9,7
New York City,2026-07-26T21:14:28.945393+00:00,2026-08-06T08:00,2026-08-06T12:00:00+00:00,23.5,7
New York City,2026-07-26T21:14:28.945393+00:00,2026-08-06T09:00,2026-08-06T13:00:00+00:00,24.5,7
New York City,2026-07-26T21:14:28.945393+00:00,2026-08-06T10:00,2026-08-06T14:00:00+00:00,25.7,7
New York City,2026-07-26T21:14:28.945393+00:00,2026-08-06T11:00,2026-08-06T15:00:00+00:00,26.9,7
New York City,2026-07-26T21:14:28.945393+00:00,2026-08-06T12:00,2026-08-06T16:00:00+00:00,27.9,11
New York City,2026-07-26T21:14:28.945393+00:00,2026-08-06T13:00,2026-08-06T17:00:00+00:00,28.9,14
New York City,2026-07-26T21:14:28.945393+00:00,2026-08-06T14:00,2026-08-06T18:00:00+00:00,29.5,16
New York City,2026-07-26T21:14:28.945393+00:00,2026-08-06T15:00,2026-08-06T19:00:00+00:00,29.4,20
New York City,2026-07-26T21:14:28.945393+00:00,2026-08-06T16:00,2026-08-06T20:00:00+00:00,28.9,23
New York City,2026-07-26T21:14:28.945393+00:00,2026-08-06T17:00,2026-08-06T21:00:00+00:00,28.2,26
New York City,2026-07-26T21:14:28.945393+00:00,2026-08-06T18:00,2026-08-06T22:00:00+00:00,27.2,29
New York City,2026-07-26T21:14:28.945393+00:00,2026-08-06T19:00,2026-08-06T23:00:00+00:00,26.0,32
New York City,2026-07-26T21:14:28.945393+00:00,2026-08-06T20:00,2026-08-07T00:00:00+00:00,25.0,35
New York City,2026-07-26T21:14:28.945393+00:00,2026-08-06T21:00,2026-08-07T01:00:00+00:00,24.3,36
New York City,2026-07-26T21:14:28.945393+00:00,2026-08-06T22:00,2026-08-07T02:00:00+00:00,23.8,37
New York City,2026-07-26T21:14:28.945393+00:00,2026-08-06T23:00,2026-08-07T03:00:00+00:00,23.4,37
New York City,2026-07-26T21:14:28.945393+00:00,2026-08-07T00:00,2026-08-07T04:00:00+00:00,23.2,37
New York City,2026-07-26T21:14:28.945393+00:00,2026-08-07T01:00,2026-08-07T05:00:00+00:00,23.1,36
New York City,2026-07-26T21:14:28.945393+00:00,2026-08-07T02:00,2026-08-07T06:00:00+00:00,23.1,35
New York City,2026-07-26T21:14:28.945393+00:00,2026-08-07T03:00,2026-08-07T07:00:00+00:00,22.9,33
New York City,2026-07-26T21:14:28.945393+00:00,2026-08-07T04:00,2026-08-07T08:00:00+00:00,22.6,29
New York City,2026-07-26T21:14:28.945393+00:00,2026-08-07T05:00,2026-08-07T09:00:00+00:00,22.6,26
New York City,2026-07-26T21:14:28.945393+00:00,2026-08-07T06:00,2026-08-07T10:00:00+00:00,22.8,23
New York City,2026-07-26T21:14:28.945393+00:00,2026-08-07T07:00,2026-08-07T11:00:00+00:00,23.2,19
New York City,2026-07-26T21:14:28.945393+00:00,2026-08-07T08:00,2026-08-07T12:00:00+00:00,23.9,16
New York City,2026-07-26T21:14:28.945393+00:00,2026-08-07T09:00,2026-08-07T13:00:00+00:00,24.9,14
New York City,2026-07-26T21:14:28.945393+00:00,2026-08-07T10:00,2026-08-07T14:00:00+00:00,26.2,13
New York City,2026-07-26T21:14:28.945393+00:00,2026-08-07T11:00,2026-08-07T15:00:00+00:00,27.4,12
New York City,2026-07-26T21:14:28.945393+00:00,2026-08-07T12:00,2026-08-07T16:00:00+00:00,28.6,11
New York City,2026-07-26T21:14:28.945393+00:00,2026-08-07T13:00,2026-08-07T17:00:00+00:00,29.8,10
New York City,2026-07-26T21:14:28.945393+00:00,2026-08-07T14:00,2026-08-07T18:00:00+00:00,30.5,10
New York City,2026-07-26T21:14:28.945393+00:00,2026-08-07T15:00,2026-08-07T19:00:00+00:00,30.4,10
New York City,2026-07-26T21:14:28.945393+00:00,2026-08-07T16:00,2026-08-07T20:00:00+00:00,29.8,10
New York City,2026-07-26T21:14:28.945393+00:00,2026-08-07T17:00,2026-08-07T21:00:00+00:00,29.0,11
New York City,2026-07-26T21:14:28.945393+00:00,2026-08-07T18:00,2026-08-07T22:00:00+00:00,27.8,12
New York City,2026-07-26T21:14:28.945393+00:00,2026-08-07T19:00,2026-08-07T23:00:00+00:00,26.4,12
New York City,2026-07-26T21:14:28.945393+00:00,2026-08-07T20:00,2026-08-08T00:00:00+00:00,25.2,13
New York City,2026-07-26T21:14:28.945393+00:00,2026-08-07T21:00,2026-08-08T01:00:00+00:00,24.4,14
New York City,2026-07-26T21:14:28.945393+00:00,2026-08-07T22:00,2026-08-08T02:00:00+00:00,23.9,14
New York City,2026-07-26T21:14:28.945393+00:00,2026-08-07T23:00,2026-08-08T03:00:00+00:00,23.5,15
New York City,2026-07-26T21:14:28.945393+00:00,2026-08-08T00:00,2026-08-08T04:00:00+00:00,23.2,15
New York City,2026-07-26T21:14:28.945393+00:00,2026-08-08T01:00,2026-08-08T05:00:00+00:00,23.0,16
New York City,2026-07-26T21:14:28.945393+00:00,2026-08-08T02:00,2026-08-08T06:00:00+00:00,22.9,16
New York City,2026-07-26T21:14:28.945393+00:00,2026-08-08T03:00,2026-08-08T07:00:00+00:00,22.8,16
New York City,2026-07-26T21:14:28.945393+00:00,2026-08-08T04:00,2026-08-08T08:00:00+00:00,22.7,17
New York City,2026-07-26T21:14:28.945393+00:00,2026-08-08T05:00,2026-08-08T09:00:00+00:00,22.8,17
New York City,2026-07-26T21:14:28.945393+00:00,2026-08-08T06:00,2026-08-08T10:00:00+00:00,22.9,17
New York City,2026-07-26T21:14:28.945393+00:00,2026-08-08T07:00,2026-08-08T11:00:00+00:00,23.2,17
New York City,2026-07-26T21:14:28.945393+00:00,2026-08-08T08:00,2026-08-08T12:00:00+00:00,23.8,16
New York City,2026-07-26T21:14:28.945393+00:00,2026-08-08T09:00,2026-08-08T13:00:00+00:00,24.7,14
New York City,2026-07-26T21:14:28.945393+00:00,2026-08-08T10:00,2026-08-08T14:00:00+00:00,26.0,11
New York City,2026-07-26T21:14:28.945393+00:00,2026-08-08T11:00,2026-08-08T15:00:00+00:00,27.0,9
New York City,2026-07-26T21:14:28.945393+00:00,2026-08-08T12:00,2026-08-08T16:00:00+00:00,27.7,7
New York City,2026-07-26T21:14:28.945393+00:00,2026-08-08T13:00,2026-08-08T17:00:00+00:00,28.3,4
New York City,2026-07-26T21:14:28.945393+00:00,2026-08-08T14:00,2026-08-08T18:00:00+00:00,28.4,3
New York City,2026-07-26T21:14:28.945393+00:00,2026-08-08T15:00,2026-08-08T19:00:00+00:00,27.8,3
New York City,2026-07-26T21:14:28.945393+00:00,2026-08-08T16:00,2026-08-08T20:00:00+00:00,26.9,4
New York City,2026-07-26T21:14:28.945393+00:00,2026-08-08T17:00,2026-08-08T21:00:00+00:00,26.0,6
New York City,2026-07-26T21:14:28.945393+00:00,2026-08-08T18:00,2026-08-08T22:00:00+00:00,25.3,8
New York City,2026-07-26T21:14:28.945393+00:00,2026-08-08T19:00,2026-08-08T23:00:00+00:00,24.8,10
New York City,2026-07-26T21:14:28.945393+00:00,2026-08-08T20:00,2026-08-09T00:00:00+00:00,24.4,13
New York City,2026-07-26T21:14:28.945393+00:00,2026-08-08T21:00,2026-08-09T01:00:00+00:00,24.2,16
New York City,2026-07-26T21:14:28.945393+00:00,2026-08-08T22:00,2026-08-09T02:00:00+00:00,24.1,20
New York City,2026-07-26T21:14:28.945393+00:00,2026-08-08T23:00,2026-08-09T03:00:00+00:00,24.0,24
New York City,2026-07-26T21:14:28.945393+00:00,2026-08-09T00:00,2026-08-09T04:00:00+00:00,23.7,27
New York City,2026-07-26T21:14:28.945393+00:00,2026-08-09T01:00,2026-08-09T05:00:00+00:00,23.3,30
New York City,2026-07-26T21:14:28.945393+00:00,2026-08-09T02:00,2026-08-09T06:00:00+00:00,23.1,32
New York City,2026-07-26T21:14:28.945393+00:00,2026-08-09T03:00,2026-08-09T07:00:00+00:00,23.0,32
New York City,2026-07-26T21:14:28.945393+00:00,2026-08-09T04:00,2026-08-09T08:00:00+00:00,22.9,31
New York City,2026-07-26T21:14:28.945393+00:00,2026-08-09T05:00,2026-08-09T09:00:00+00:00,23.0,30
New York City,2026-07-26T21:14:28.945393+00:00,2026-08-09T06:00,2026-08-09T10:00:00+00:00,22.9,28
New York City,2026-07-26T21:14:28.945393+00:00,2026-08-09T07:00,2026-08-09T11:00:00+00:00,22.9,26
New York City,2026-07-26T21:14:28.945393+00:00,2026-08-09T08:00,2026-08-09T12:00:00+00:00,23.3,23
New York City,2026-07-26T21:14:28.945393+00:00,2026-08-09T09:00,2026-08-09T13:00:00+00:00,24.2,21
New York City,2026-07-26T21:14:28.945393+00:00,2026-08-09T10:00,2026-08-09T14:00:00+00:00,25.6,18
New York City,2026-07-26T21:14:28.945393+00:00,2026-08-09T11:00,2026-08-09T15:00:00+00:00,26.8,16
New York City,2026-07-26T21:14:28.945393+00:00,2026-08-09T12:00,2026-08-09T16:00:00+00:00,27.8,14
New York City,2026-07-26T21:14:28.945393+00:00,2026-08-09T13:00,2026-08-09T17:00:00+00:00,28.6,12
New York City,2026-07-26T21:14:28.945393+00:00,2026-08-09T14:00,2026-08-09T18:00:00+00:00,29.1,10
New York City,2026-07-26T21:14:28.945393+00:00,2026-08-09T15:00,2026-08-09T19:00:00+00:00,28.8,9
New York City,2026-07-26T21:14:28.945393+00:00,2026-08-09T16:00,2026-08-09T20:00:00+00:00,28.1,8
New York City,2026-07-26T21:14:28.945393+00:00,2026-08-09T17:00,2026-08-09T21:00:00+00:00,27.5,8
New York City,2026-07-26T21:14:28.945393+00:00,2026-08-09T18:00,2026-08-09T22:00:00+00:00,27.0,8
New York City,2026-07-26T21:14:28.945393+00:00,2026-08-09T19:00,2026-08-09T23:00:00+00:00,26.6,8
New York City,2026-07-26T21:14:28.945393+00:00,2026-08-09T20:00,2026-08-10T00:00:00+00:00,26.2,10
New York City,2026-07-26T21:14:28.945393+00:00,2026-08-09T21:00,2026-08-10T01:00:00+00:00,25.8,13
New York City,2026-07-26T21:14:28.945393+00:00,2026-08-09T22:00,2026-08-10T02:00:00+00:00,25.4,18
New York City,2026-07-26T21:14:28.945393+00:00,2026-08-09T23:00,2026-08-10T03:00:00+00:00,25.0,22
New York City,2026-07-26T21:14:28.945393+00:00,2026-08-10T00:00,2026-08-10T04:00:00+00:00,24.3,26
New York City,2026-07-26T21:14:28.945393+00:00,2026-08-10T01:00,2026-08-10T05:00:00+00:00,23.4,30
New York City,2026-07-26T21:14:28.945393+00:00,2026-08-10T02:00,2026-08-10T06:00:00+00:00,22.8,32
New York City,2026-07-26T21:14:28.945393+00:00,2026-08-10T03:00,2026-08-10T07:00:00+00:00,22.3,32
New York City,2026-07-26T21:14:28.945393+00:00,2026-08-10T04:00,2026-08-10T08:00:00+00:00,22.1,31
New York City,2026-07-26T21:14:28.945393+00:00,2026-08-10T05:00,2026-08-10T09:00:00+00:00,21.9,29
New York City,2026-07-26T21:14:28.945393+00:00,2026-08-10T06:00,2026-08-10T10:00:00+00:00,21.7,27
New York City,2026-07-26T21:14:28.945393+00:00,2026-08-10T07:00,2026-08-10T11:00:00+00:00,21.7,25
New York City,2026-07-26T21:14:28.945393+00:00,2026-08-10T08:00,2026-08-10T12:00:00+00:00,22.0,23
New York City,2026-07-26T21:14:28.945393+00:00,2026-08-10T09:00,2026-08-10T13:00:00+00:00,22.7,21
New York City,2026-07-26T21:14:28.945393+00:00,2026-08-10T10:00,2026-08-10T14:00:00+00:00,23.6,20
New York City,2026-07-26T21:14:28.945393+00:00,2026-08-10T11:00,2026-08-10T15:00:00+00:00,24.5,19
New York City,2026-07-26T21:14:28.945393+00:00,2026-08-10T12:00,2026-08-10T16:00:00+00:00,25.1,18
New York City,2026-07-26T21:14:28.945393+00:00,2026-08-10T13:00,2026-08-10T17:00:00+00:00,25.5,17
New York City,2026-07-26T21:14:28.945393+00:00,2026-08-10T14:00,2026-08-10T18:00:00+00:00,25.7,16
New York City,2026-07-26T21:14:28.945393+00:00,2026-08-10T15:00,2026-08-10T19:00:00+00:00,25.5,17
New York City,2026-07-26T21:14:28.945393+00:00,2026-08-10T16:00,2026-08-10T20:00:00+00:00,25.0,18
New York City,2026-07-26T21:14:28.945393+00:00,2026-08-10T17:00,2026-08-10T21:00:00+00:00,24.4,19
New York City,2026-07-26T21:14:28.945393+00:00,2026-08-10T18:00,2026-08-10T22:00:00+00:00,23.4,20
New York City,2026-07-26T21:14:28.945393+00:00,2026-08-10T19:00,2026-08-10T23:00:00+00:00,22.2,22
New York City,2026-07-26T21:14:28.945393+00:00,2026-08-10T20:00,2026-08-11T00:00:00+00:00,21.3,23
New York City,2026-07-26T21:14:28.945393+00:00,2026-08-10T21:00,2026-08-11T01:00:00+00:00,20.9,24
New York City,2026-07-26T21:14:28.945393+00:00,2026-08-10T22:00,2026-08-11T02:00:00+00:00,20.7,25
New York City,2026-07-26T21:14:28.945393+00:00,2026-08-10T23:00,2026-08-11T03:00:00+00:00,20.6,26
New York City,2026-07-26T23:14:19.921783+00:00,2026-07-26T00:00,2026-07-26T04:00:00+00:00,18.4,0
New York City,2026-07-26T23:14:19.921783+00:00,2026-07-26T01:00,2026-07-26T05:00:00+00:00,17.8,0
New York City,2026-07-26T23:14:19.921783+00:00,2026-07-26T02:00,2026-07-26T06:00:00+00:00,18.6,0
New York City,2026-07-26T23:14:19.921783+00:00,2026-07-26T03:00,2026-07-26T07:00:00+00:00,17.5,0
New York City,2026-07-26T23:14:19.921783+00:00,2026-07-26T04:00,2026-07-26T08:00:00+00:00,16.9,0
New York City,2026-07-26T23:14:19.921783+00:00,2026-07-26T05:00,2026-07-26T09:00:00+00:00,15.9,0
New York City,2026-07-26T23:14:19.921783+00:00,2026-07-26T06:00,2026-07-26T10:00:00+00:00,16.0,0
New York City,2026-07-26T23:14:19.921783+00:00,2026-07-26T07:00,2026-07-26T11:00:00+00:00,18.2,0
New York City,2026-07-26T23:14:19.921783+00:00,2026-07-26T08:00,2026-07-26T12:00:00+00:00,21.6,0
New York City,2026-07-26T23:14:19.921783+00:00,2026-07-26T09:00,2026-07-26T13:00:00+00:00,23.8,0
New York City,2026-07-26T23:14:19.921783+00:00,2026-07-26T10:00,2026-07-26T14:00:00+00:00,25.4,0
New York City,2026-07-26T23:14:19.921783+00:00,2026-07-26T11:00,2026-07-26T15:00:00+00:00,26.1,0
New York City,2026-07-26T23:14:19.921783+00:00,2026-07-26T12:00,2026-07-26T16:00:00+00:00,27.0,0
New York City,2026-07-26T23:14:19.921783+00:00,2026-07-26T13:00,2026-07-26T17:00:00+00:00,28.4,0
New York City,2026-07-26T23:14:19.921783+00:00,2026-07-26T14:00,2026-07-26T18:00:00+00:00,29.4,0
New York City,2026-07-26T23:14:19.921783+00:00,2026-07-26T15:00,2026-07-26T19:00:00+00:00,29.9,0
New York City,2026-07-26T23:14:19.921783+00:00,2026-07-26T16:00,2026-07-26T20:00:00+00:00,30.2,0
New York City,2026-07-26T23:14:19.921783+00:00,2026-07-26T17:00,2026-07-26T21:00:00+00:00,29.2,0
New York City,2026-07-26T23:14:19.921783+00:00,2026-07-26T18:00,2026-07-26T22:00:00+00:00,26.4,0
New York City,2026-07-26T23:14:19.921783+00:00,2026-07-26T19:00,2026-07-26T23:00:00+00:00,25.9,0
New York City,2026-07-26T23:14:19.921783+00:00,2026-07-26T20:00,2026-07-27T00:00:00+00:00,24.1,0
New York City,2026-07-26T23:14:19.921783+00:00,2026-07-26T21:00,2026-07-27T01:00:00+00:00,22.5,1
New York City,2026-07-26T23:14:19.921783+00:00,2026-07-26T22:00,2026-07-27T02:00:00+00:00,21.8,1
New York City,2026-07-26T23:14:19.921783+00:00,2026-07-26T23:00,2026-07-27T03:00:00+00:00,21.4,1
New York City,2026-07-26T23:14:19.921783+00:00,2026-07-27T00:00,2026-07-27T04:00:00+00:00,21.2,1
New York City,2026-07-26T23:14:19.921783+00:00,2026-07-27T01:00,2026-07-27T05:00:00+00:00,20.7,1
New York City,2026-07-26T23:14:19.921783+00:00,2026-07-27T02:00,2026-07-27T06:00:00+00:00,20.2,1
New York City,2026-07-26T23:14:19.921783+00:00,2026-07-27T03:00,2026-07-27T07:00:00+00:00,19.6,1
New York City,2026-07-26T23:14:19.921783+00:00,2026-07-27T04:00,2026-07-27T08:00:00+00:00,19.3,2
New York City,2026-07-26T23:14:19.921783+00:00,2026-07-27T05:00,2026-07-27T09:00:00+00:00,19.0,2
New York City,2026-07-26T23:14:19.921783+00:00,2026-07-27T06:00,2026-07-27T10:00:00+00:00,18.5,1
New York City,2026-07-26T23:14:19.921783+00:00,2026-07-27T07:00,2026-07-27T11:00:00+00:00,20.1,1
New York City,2026-07-26T23:14:19.921783+00:00,2026-07-27T08:00,2026-07-27T12:00:00+00:00,22.5,1
New York City,2026-07-26T23:14:19.921783+00:00,2026-07-27T09:00,2026-07-27T13:00:00+00:00,24.9,2
New York City,2026-07-26T23:14:19.921783+00:00,2026-07-27T10:00,2026-07-27T14:00:00+00:00,26.9,1
New York City,2026-07-26T23:14:19.921783+00:00,2026-07-27T11:00,2026-07-27T15:00:00+00:00,28.5,1
New York City,2026-07-26T23:14:19.921783+00:00,2026-07-27T12:00,2026-07-27T16:00:00+00:00,29.5,3
New York City,2026-07-26T23:14:19.921783+00:00,2026-07-27T13:00,2026-07-27T17:00:00+00:00,29.9,9
New York City,2026-07-26T23:14:19.921783+00:00,2026-07-27T14:00,2026-07-27T18:00:00+00:00,30.0,13
New York City,2026-07-26T23:14:19.921783+00:00,2026-07-27T15:00,2026-07-27T19:00:00+00:00,30.4,17
New York City,2026-07-26T23:14:19.921783+00:00,2026-07-27T16:00,2026-07-27T20:00:00+00:00,29.9,19
New York City,2026-07-26T23:14:19.921783+00:00,2026-07-27T17:00,2026-07-27T21:00:00+00:00,28.8,16
New York City,2026-07-26T23:14:19.921783+00:00,2026-07-27T18:00,2026-07-27T22:00:00+00:00,26.1,15
New York City,2026-07-26T23:14:19.921783+00:00,2026-07-27T19:00,2026-07-27T23:00:00+00:00,26.1,9
New York City,2026-07-26T23:14:19.921783+00:00,2026-07-27T20:00,2026-07-28T00:00:00+00:00,24.7,5
New York City,2026-07-26T23:14:19.921783+00:00,2026-07-27T21:00,2026-07-28T01:00:00+00:00,24.6,7
New York City,2026-07-26T23:14:19.921783+00:00,2026-07-27T22:00,2026-07-28T02:00:00+00:00,23.1,7
New York City,2026-07-26T23:14:19.921783+00:00,2026-07-27T23:00,2026-07-28T03:00:00+00:00,22.5,3
New York City,2026-07-26T23:14:19.921783+00:00,2026-07-28T00:00,2026-07-28T04:00:00+00:00,21.5,6
New York City,2026-07-26T23:14:19.921783+00:00,2026-07-28T01:00,2026-07-28T05:00:00+00:00,21.4,7
New York City,2026-07-26T23:14:19.921783+00:00,2026-07-28T02:00,2026-07-28T06:00:00+00:00,21.0,3
New York City,2026-07-26T23:14:19.921783+00:00,2026-07-28T03:00,2026-07-28T07:00:00+00:00,20.7,5
New York City,2026-07-26T23:14:19.921783+00:00,2026-07-28T04:00,2026-07-28T08:00:00+00:00,20.2,6
New York City,2026-07-26T23:14:19.921783+00:00,2026-07-28T05:00,2026-07-28T09:00:00+00:00,20.5,9
New York City,2026-07-26T23:14:19.921783+00:00,2026-07-28T06:00,2026-07-28T10:00:00+00:00,20.7,10
New York City,2026-07-26T23:14:19.921783+00:00,2026-07-28T07:00,2026-07-28T11:00:00+00:00,21.3,12
New York City,2026-07-26T23:14:19.921783+00:00,2026-07-28T08:00,2026-07-28T12:00:00+00:00,23.3,12
New York City,2026-07-26T23:14:19.921783+00:00,2026-07-28T09:00,2026-07-28T13:00:00+00:00,25.2,49
New York City,2026-07-26T23:14:19.921783+00:00,2026-07-28T10:00,2026-07-28T14:00:00+00:00,25.7,49
New York City,2026-07-26T23:14:19.921783+00:00,2026-07-28T11:00,2026-07-28T15:00:00+00:00,26.9,49
New York City,2026-07-26T23:14:19.921783+00:00,2026-07-28T12:00,2026-07-28T16:00:00+00:00,27.5,49
New York City,2026-07-26T23:14:19.921783+00:00,2026-07-28T13:00,2026-07-28T17:00:00+00:00,28.1,49
New York City,2026-07-26T23:14:19.921783+00:00,2026-07-28T14:00,2026-07-28T18:00:00+00:00,27.8,49
New York City,2026-07-26T23:14:19.921783+00:00,2026-07-28T15:00,2026-07-28T19:00:00+00:00,28.0,75
New York City,2026-07-26T23:14:19.921783+00:00,2026-07-28T16:00,2026-07-28T20:00:00+00:00,26.8,75
New York City,2026-07-26T23:14:19.921783+00:00,2026-07-28T17:00,2026-07-28T21:00:00+00:00,26.5,75
New York City,2026-07-26T23:14:19.921783+00:00,2026-07-28T18:00,2026-07-28T22:00:00+00:00,25.9,75
New York City,2026-07-26T23:14:19.921783+00:00,2026-07-28T19:00,2026-07-28T23:00:00+00:00,24.2,75
New York City,2026-07-26T23:14:19.921783+00:00,2026-07-28T20:00,2026-07-29T00:00:00+00:00,23.6,75
New York City,2026-07-26T23:14:19.921783+00:00,2026-07-28T21:00,2026-07-29T01:00:00+00:00,23.5,83
New York City,2026-07-26T23:14:19.921783+00:00,2026-07-28T22:00,2026-07-29T02:00:00+00:00,23.2,83
New York City,2026-07-26T23:14:19.921783+00:00,2026-07-28T23:00,2026-07-29T03:00:00+00:00,22.1,83
New York City,2026-07-26T23:14:19.921783+00:00,2026-07-29T00:00,2026-07-29T04:00:00+00:00,22.2,83
New York City,2026-07-26T23:14:19.921783+00:00,2026-07-29T01:00,2026-07-29T05:00:00+00:00,22.6,83
New York City,2026-07-26T23:14:19.921783+00:00,2026-07-29T02:00,2026-07-29T06:00:00+00:00,22.4,83
New York City,2026-07-26T23:14:19.921783+00:00,2026-07-29T03:00,2026-07-29T07:00:00+00:00,21.6,71
New York City,2026-07-26T23:14:19.921783+00:00,2026-07-29T04:00,2026-07-29T08:00:00+00:00,21.3,71
New York City,2026-07-26T23:14:19.921783+00:00,2026-07-29T05:00,2026-07-29T09:00:00+00:00,22.5,71
New York City,2026-07-26T23:14:19.921783+00:00,2026-07-29T06:00,2026-07-29T10:00:00+00:00,22.2,71
New York City,2026-07-26T23:14:19.921783+00:00,2026-07-29T07:00,2026-07-29T11:00:00+00:00,22.2,71
New York City,2026-07-26T23:14:19.921783+00:00,2026-07-29T08:00,2026-07-29T12:00:00+00:00,22.6,71
New York City,2026-07-26T23:14:19.921783+00:00,2026-07-29T09:00,2026-07-29T13:00:00+00:00,23.3,69
New York City,2026-07-26T23:14:19.921783+00:00,2026-07-29T10:00,2026-07-29T14:00:00+00:00,24.0,69
New York City,2026-07-26T23:14:19.921783+00:00,2026-07-29T11:00,2026-07-29T15:00:00+00:00,24.7,69
New York City,2026-07-26T23:14:19.921783+00:00,2026-07-29T12:00,2026-07-29T16:00:00+00:00,24.6,69
New York City,2026-07-26T23:14:19.921783+00:00,2026-07-29T13:00,2026-07-29T17:00:00+00:00,25.2,69
New York City,2026-07-26T23:14:19.921783+00:00,2026-07-29T14:00,2026-07-29T18:00:00+00:00,25.1,69
New York City,2026-07-26T23:14:19.921783+00:00,2026-07-29T15:00,2026-07-29T19:00:00+00:00,24.6,78
New York City,2026-07-26T23:14:19.921783+00:00,2026-07-29T16:00,2026-07-29T20:00:00+00:00,24.4,78
New York City,2026-07-26T23:14:19.921783+00:00,2026-07-29T17:00,2026-07-29T21:00:00+00:00,23.6,78
New York City,2026-07-26T23:14:19.921783+00:00,2026-07-29T18:00,2026-07-29T22:00:00+00:00,23.2,78
New York City,2026-07-26T23:14:19.921783+00:00,2026-07-29T19:00,2026-07-29T23:00:00+00:00,22.5,78
New York City,2026-07-26T23:14:19.921783+00:00,2026-07-29T20:00,2026-07-30T00:00:00+00:00,22.3,78
New York City,2026-07-26T23:14:19.921783+00:00,2026-07-29T21:00,2026-07-30T01:00:00+00:00,22.0,62
New York City,2026-07-26T23:14:19.921783+00:00,2026-07-29T22:00,2026-07-30T02:00:00+00:00,21.8,62
New York City,2026-07-26T23:14:19.921783+00:00,2026-07-29T23:00,2026-07-30T03:00:00+00:00,21.5,62
New York City,2026-07-26T23:14:19.921783+00:00,2026-07-30T00:00,2026-07-30T04:00:00+00:00,21.4,62
New York City,2026-07-26T23:14:19.921783+00:00,2026-07-30T01:00,2026-07-30T05:00:00+00:00,21.1,62
New York City,2026-07-26T23:14:19.921783+00:00,2026-07-30T02:00,2026-07-30T06:00:00+00:00,20.6,62
New York City,2026-07-26T23:14:19.921783+00:00,2026-07-30T03:00,2026-07-30T07:00:00+00:00,20.4,34
New York City,2026-07-26T23:14:19.921783+00:00,2026-07-30T04:00,2026-07-30T08:00:00+00:00,20.1,34
New York City,2026-07-26T23:14:19.921783+00:00,2026-07-30T05:00,2026-07-30T09:00:00+00:00,19.8,34
New York City,2026-07-26T23:14:19.921783+00:00,2026-07-30T06:00,2026-07-30T10:00:00+00:00,19.9,34
New York City,2026-07-26T23:14:19.921783+00:00,2026-07-30T07:00,2026-07-30T11:00:00+00:00,19.7,34
New York City,2026-07-26T23:14:19.921783+00:00,2026-07-30T08:00,2026-07-30T12:00:00+00:00,19.5,34
New York City,2026-07-26T23:14:19.921783+00:00,2026-07-30T09:00,2026-07-30T13:00:00+00:00,19.6,16
New York City,2026-07-26T23:14:19.921783+00:00,2026-07-30T10:00,2026-07-30T14:00:00+00:00,19.8,16
New York City,2026-07-26T23:14:19.921783+00:00,2026-07-30T11:00,2026-07-30T15:00:00+00:00,19.8,16
New York City,2026-07-26T23:14:19.921783+00:00,2026-07-30T12:00,2026-07-30T16:00:00+00:00,20.2,16
New York City,2026-07-26T23:14:19.921783+00:00,2026-07-30T13:00,2026-07-30T17:00:00+00:00,20.7,16
New York City,2026-07-26T23:14:19.921783+00:00,2026-07-30T14:00,2026-07-30T18:00:00+00:00,20.8,16
New York City,2026-07-26T23:14:19.921783+00:00,2026-07-30T15:00,2026-07-30T19:00:00+00:00,21.1,25
New York City,2026-07-26T23:14:19.921783+00:00,2026-07-30T16:00,2026-07-30T20:00:00+00:00,21.4,25
New York City,2026-07-26T23:14:19.921783+00:00,2026-07-30T17:00,2026-07-30T21:00:00+00:00,21.5,25
New York City,2026-07-26T23:14:19.921783+00:00,2026-07-30T18:00,2026-07-30T22:00:00+00:00,21.1,25
New York City,2026-07-26T23:14:19.921783+00:00,2026-07-30T19:00,2026-07-30T23:00:00+00:00,20.7,25
New York City,2026-07-26T23:14:19.921783+00:00,2026-07-30T20:00,2026-07-31T00:00:00+00:00,20.5,25
New York City,2026-07-26T23:14:19.921783+00:00,2026-07-30T21:00,2026-07-31T01:00:00+00:00,20.3,16
New York City,2026-07-26T23:14:19.921783+00:00,2026-07-30T22:00,2026-07-31T02:00:00+00:00,20.2,16
New York City,2026-07-26T23:14:19.921783+00:00,2026-07-30T23:00,2026-07-31T03:00:00+00:00,20.1,16
New York City,2026-07-26T23:14:19.921783+00:00,2026-07-31T00:00,2026-07-31T04:00:00+00:00,20.1,16
New York City,2026-07-26T23:14:19.921783+00:00,2026-07-31T01:00,2026-07-31T05:00:00+00:00,20.1,16
New York City,2026-07-26T23:14:19.921783+00:00,2026-07-31T02:00,2026-07-31T06:00:00+00:00,20.2,16
New York City,2026-07-26T23:14:19.921783+00:00,2026-07-31T03:00,2026-07-31T07:00:00+00:00,20.1,1
New York City,2026-07-26T23:14:19.921783+00:00,2026-07-31T04:00,2026-07-31T08:00:00+00:00,20.1,1
New York City,2026-07-26T23:14:19.921783+00:00,2026-07-31T05:00,2026-07-31T09:00:00+00:00,20.2,1
New York City,2026-07-26T23:14:19.921783+00:00,2026-07-31T06:00,2026-07-31T10:00:00+00:00,20.4,1
New York City,2026-07-26T23:14:19.921783+00:00,2026-07-31T07:00,2026-07-31T11:00:00+00:00,20.6,1
New York City,2026-07-26T23:14:19.921783+00:00,2026-07-31T08:00,2026-07-31T12:00:00+00:00,21.0,1
New York City,2026-07-26T23:14:19.921783+00:00,2026-07-31T09:00,2026-07-31T13:00:00+00:00,21.3,1
New York City,2026-07-26T23:14:19.921783+00:00,2026-07-31T10:00,2026-07-31T14:00:00+00:00,21.6,1
New York City,2026-07-26T23:14:19.921783+00:00,2026-07-31T11:00,2026-07-31T15:00:00+00:00,22.3,1
New York City,2026-07-26T23:14:19.921783+00:00,2026-07-31T12:00,2026-07-31T16:00:00+00:00,23.5,1
New York City,2026-07-26T23:14:19.921783+00:00,2026-07-31T13:00,2026-07-31T17:00:00+00:00,25.1,1
New York City,2026-07-26T23:14:19.921783+00:00,2026-07-31T14:00,2026-07-31T18:00:00+00:00,26.3,1
New York City,2026-07-26T23:14:19.921783+00:00,2026-07-31T15:00,2026-07-31T19:00:00+00:00,26.8,8
New York City,2026-07-26T23:14:19.921783+00:00,2026-07-31T16:00,2026-07-31T20:00:00+00:00,26.9,8
New York City,2026-07-26T23:14:19.921783+00:00,2026-07-31T17:00,2026-07-31T21:00:00+00:00,26.9,8
New York City,2026-07-26T23:14:19.921783+00:00,2026-07-31T18:00,2026-07-31T22:00:00+00:00,26.7,8
New York City,2026-07-26T23:14:19.921783+00:00,2026-07-31T19:00,2026-07-31T23:00:00+00:00,26.3,8
New York City,2026-07-26T23:14:19.921783+00:00,2026-07-31T20:00,2026-08-01T00:00:00+00:00,25.9,8
New York City,2026-07-26T23:14:19.921783+00:00,2026-07-31T21:00,2026-08-01T01:00:00+00:00,25.4,6
New York City,2026-07-26T23:14:19.921783+00:00,2026-07-31T22:00,2026-08-01T02:00:00+00:00,24.8,6
New York City,2026-07-26T23:14:19.921783+00:00,2026-07-31T23:00,2026-08-01T03:00:00+00:00,24.2,6
New York City,2026-07-26T23:14:19.921783+00:00,2026-08-01T00:00,2026-08-01T04:00:00+00:00,23.6,6
New York City,2026-07-26T23:14:19.921783+00:00,2026-08-01T01:00,2026-08-01T05:00:00+00:00,23.1,6
New York City,2026-07-26T23:14:19.921783+00:00,2026-08-01T02:00,2026-08-01T06:00:00+00:00,22.7,6
New York City,2026-07-26T23:14:19.921783+00:00,2026-08-01T03:00,2026-08-01T07:00:00+00:00,22.2,1
New York City,2026-07-26T23:14:19.921783+00:00,2026-08-01T04:00,2026-08-01T08:00:00+00:00,21.7,1
New York City,2026-07-26T23:14:19.921783+00:00,2026-08-01T05:00,2026-08-01T09:00:00+00:00,21.6,1
New York City,2026-07-26T23:14:19.921783+00:00,2026-08-01T06:00,2026-08-01T10:00:00+00:00,21.7,1
New York City,2026-07-26T23:14:19.921783+00:00,2026-08-01T07:00,2026-08-01T11:00:00+00:00,22.1,1
New York City,2026-07-26T23:14:19.921783+00:00,2026-08-01T08:00,2026-08-01T12:00:00+00:00,22.9,1
New York City,2026-07-26T23:14:19.921783+00:00,2026-08-01T09:00,2026-08-01T13:00:00+00:00,24.4,0
New York City,2026-07-26T23:14:19.921783+00:00,2026-08-01T10:00,2026-08-01T14:00:00+00:00,26.3,0
New York City,2026-07-26T23:14:19.921783+00:00,2026-08-01T11:00,2026-08-01T15:00:00+00:00,28.0,0
New York City,2026-07-26T23:14:19.921783+00:00,2026-08-01T12:00,2026-08-01T16:00:00+00:00,29.3,0
New York City,2026-07-26T23:14:19.921783+00:00,2026-08-01T13:00,2026-08-01T17:00:00+00:00,30.3,0
New York City,2026-07-26T23:14:19.921783+00:00,2026-08-01T14:00,2026-08-01T18:00:00+00:00,30.8,0
New York City,2026-07-26T23:14:19.921783+00:00,2026-08-01T15:00,2026-08-01T19:00:00+00:00,30.4,10
New York City,2026-07-26T23:14:19.921783+00:00,2026-08-01T16:00,2026-08-01T20:00:00+00:00,29.4,10
New York City,2026-07-26T23:14:19.921783+00:00,2026-08-01T17:00,2026-08-01T21:00:00+00:00,28.5,10
New York City,2026-07-26T23:14:19.921783+00:00,2026-08-01T18:00,2026-08-01T22:00:00+00:00,27.7,10
New York City,2026-07-26T23:14:19.921783+00:00,2026-08-01T19:00,2026-08-01T23:00:00+00:00,27.0,10
New York City,2026-07-26T23:14:19.921783+00:00,2026-08-01T20:00,2026-08-02T00:00:00+00:00,26.4,10
New York City,2026-07-26T23:14:19.921783+00:00,2026-08-01T21:00,2026-08-02T01:00:00+00:00,26.0,9
New York City,2026-07-26T23:14:19.921783+00:00,2026-08-01T22:00,2026-08-02T02:00:00+00:00,25.7,9
New York City,2026-07-26T23:14:19.921783+00:00,2026-08-01T23:00,2026-08-02T03:00:00+00:00,25.5,9
New York City,2026-07-26T23:14:19.921783+00:00,2026-08-02T00:00,2026-08-02T04:00:00+00:00,25.2,9
New York City,2026-07-26T23:14:19.921783+00:00,2026-08-02T01:00,2026-08-02T05:00:00+00:00,25.0,9
New York City,2026-07-26T23:14:19.921783+00:00,2026-08-02T02:00,2026-08-02T06:00:00+00:00,24.7,9
New York City,2026-07-26T23:14:19.921783+00:00,2026-08-02T03:00,2026-08-02T07:00:00+00:00,24.3,7
New York City,2026-07-26T23:14:19.921783+00:00,2026-08-02T04:00,2026-08-02T08:00:00+00:00,23.8,7
New York City,2026-07-26T23:14:19.921783+00:00,2026-08-02T05:00,2026-08-02T09:00:00+00:00,23.7,7
New York City,2026-07-26T23:14:19.921783+00:00,2026-08-02T06:00,2026-08-02T10:00:00+00:00,24.0,7
New York City,2026-07-26T23:14:19.921783+00:00,2026-08-02T07:00,2026-08-02T11:00:00+00:00,24.6,7
New York City,2026-07-26T23:14:19.921783+00:00,2026-08-02T08:00,2026-08-02T12:00:00+00:00,25.5,7
New York City,2026-07-26T23:14:19.921783+00:00,2026-08-02T09:00,2026-08-02T13:00:00+00:00,26.7,12
New York City,2026-07-26T23:14:19.921783+00:00,2026-08-02T10:00,2026-08-02T14:00:00+00:00,28.2,12
New York City,2026-07-26T23:14:19.921783+00:00,2026-08-02T11:00,2026-08-02T15:00:00+00:00,29.3,12
New York City,2026-07-26T23:14:19.921783+00:00,2026-08-02T12:00,2026-08-02T16:00:00+00:00,29.7,12
New York City,2026-07-26T23:14:19.921783+00:00,2026-08-02T13:00,2026-08-02T17:00:00+00:00,29.8,12
New York City,2026-07-26T23:14:19.921783+00:00,2026-08-02T14:00,2026-08-02T18:00:00+00:00,29.7,12
New York City,2026-07-26T23:14:19.921783+00:00,2026-08-02T15:00,2026-08-02T19:00:00+00:00,29.5,28
New York City,2026-07-26T23:14:19.921783+00:00,2026-08-02T16:00,2026-08-02T20:00:00+00:00,29.1,28
New York City,2026-07-26T23:14:19.921783+00:00,2026-08-02T17:00,2026-08-02T21:00:00+00:00,28.7,28
New York City,2026-07-26T23:14:19.921783+00:00,2026-08-02T18:00,2026-08-02T22:00:00+00:00,28.0,28
New York City,2026-07-26T23:14:19.921783+00:00,2026-08-02T19:00,2026-08-02T23:00:00+00:00,27.3,28
New York City,2026-07-26T23:14:19.921783+00:00,2026-08-02T20:00,2026-08-03T00:00:00+00:00,26.5,28
New York City,2026-07-26T23:14:19.921783+00:00,2026-08-02T21:00,2026-08-03T01:00:00+00:00,25.7,28
New York City,2026-07-26T23:14:19.921783+00:00,2026-08-02T22:00,2026-08-03T02:00:00+00:00,24.8,28
New York City,2026-07-26T23:14:19.921783+00:00,2026-08-02T23:00,2026-08-03T03:00:00+00:00,24.1,28
New York City,2026-07-26T23:14:19.921783+00:00,2026-08-03T00:00,2026-08-03T04:00:00+00:00,23.4,28
New York City,2026-07-26T23:14:19.921783+00:00,2026-08-03T01:00,2026-08-03T05:00:00+00:00,22.8,28
New York City,2026-07-26T23:14:19.921783+00:00,2026-08-03T02:00,2026-08-03T06:00:00+00:00,22.5,28
New York City,2026-07-26T23:14:19.921783+00:00,2026-08-03T03:00,2026-08-03T07:00:00+00:00,22.4,21
New York City,2026-07-26T23:14:19.921783+00:00,2026-08-03T04:00,2026-08-03T08:00:00+00:00,22.6,21
New York City,2026-07-26T23:14:19.921783+00:00,2026-08-03T05:00,2026-08-03T09:00:00+00:00,22.7,21
New York City,2026-07-26T23:14:19.921783+00:00,2026-08-03T06:00,2026-08-03T10:00:00+00:00,22.6,21
New York City,2026-07-26T23:14:19.921783+00:00,2026-08-03T07:00,2026-08-03T11:00:00+00:00,22.6,21
New York City,2026-07-26T23:14:19.921783+00:00,2026-08-03T08:00,2026-08-03T12:00:00+00:00,22.5,21
New York City,2026-07-26T23:14:19.921783+00:00,2026-08-03T09:00,2026-08-03T13:00:00+00:00,22.3,24
New York City,2026-07-26T23:14:19.921783+00:00,2026-08-03T10:00,2026-08-03T14:00:00+00:00,22.1,24
New York City,2026-07-26T23:14:19.921783+00:00,2026-08-03T11:00,2026-08-03T15:00:00+00:00,22.2,24
New York City,2026-07-26T23:14:19.921783+00:00,2026-08-03T12:00,2026-08-03T16:00:00+00:00,22.7,24
New York City,2026-07-26T23:14:19.921783+00:00,2026-08-03T13:00,2026-08-03T17:00:00+00:00,23.4,24
New York City,2026-07-26T23:14:19.921783+00:00,2026-08-03T14:00,2026-08-03T18:00:00+00:00,24.0,24
New York City,2026-07-26T23:14:19.921783+00:00,2026-08-03T15:00,2026-08-03T19:00:00+00:00,24.3,24
New York City,2026-07-26T23:14:19.921783+00:00,2026-08-03T16:00,2026-08-03T20:00:00+00:00,24.5,24
New York City,2026-07-26T23:14:19.921783+00:00,2026-08-03T17:00,2026-08-03T21:00:00+00:00,24.7,24
New York City,2026-07-26T23:14:19.921783+00:00,2026-08-03T18:00,2026-08-03T22:00:00+00:00,24.7,24
New York City,2026-07-26T23:14:19.921783+00:00,2026-08-03T19:00,2026-08-03T23:00:00+00:00,24.6,24
New York City,2026-07-26T23:14:19.921783+00:00,2026-08-03T20:00,2026-08-04T00:00:00+00:00,24.5,24
New York City,2026-07-26T23:14:19.921783+00:00,2026-08-03T21:00,2026-08-04T01:00:00+00:00,24.2,19
New York City,2026-07-26T23:14:19.921783+00:00,2026-08-03T22:00,2026-08-04T02:00:00+00:00,23.9,19
New York City,2026-07-26T23:14:19.921783+00:00,2026-08-03T23:00,2026-08-04T03:00:00+00:00,23.6,19
New York City,2026-07-26T23:14:19.921783+00:00,2026-08-04T00:00,2026-08-04T04:00:00+00:00,23.3,19
New York City,2026-07-26T23:14:19.921783+00:00,2026-08-04T01:00,2026-08-04T05:00:00+00:00,23.1,19
New York City,2026-07-26T23:14:19.921783+00:00,2026-08-04T02:00,2026-08-04T06:00:00+00:00,22.9,19
New York City,2026-07-26T23:14:19.921783+00:00,2026-08-04T03:00,2026-08-04T07:00:00+00:00,22.6,12
New York City,2026-07-26T23:14:19.921783+00:00,2026-08-04T04:00,2026-08-04T08:00:00+00:00,22.4,12
New York City,2026-07-26T23:14:19.921783+00:00,2026-08-04T05:00,2026-08-04T09:00:00+00:00,22.4,12
New York City,2026-07-26T23:14:19.921783+00:00,2026-08-04T06:00,2026-08-04T10:00:00+00:00,22.6,12
New York City,2026-07-26T23:14:19.921783+00:00,2026-08-04T07:00,2026-08-04T11:00:00+00:00,23.0,12
New York City,2026-07-26T23:14:19.921783+00:00,2026-08-04T08:00,2026-08-04T12:00:00+00:00,23.7,12
New York City,2026-07-26T23:14:19.921783+00:00,2026-08-04T09:00,2026-08-04T13:00:00+00:00,24.7,10
New York City,2026-07-26T23:14:19.921783+00:00,2026-08-04T10:00,2026-08-04T14:00:00+00:00,25.9,10
New York City,2026-07-26T23:14:19.921783+00:00,2026-08-04T11:00,2026-08-04T15:00:00+00:00,27.1,10
New York City,2026-07-26T23:14:19.921783+00:00,2026-08-04T12:00,2026-08-04T16:00:00+00:00,27.9,10
New York City,2026-07-26T23:14:19.921783+00:00,2026-08-04T13:00,2026-08-04T17:00:00+00:00,28.7,10
New York City,2026-07-26T23:14:19.921783+00:00,2026-08-04T14:00,2026-08-04T18:00:00+00:00,29.5,10
New York City,2026-07-26T23:14:19.921783+00:00,2026-08-04T15:00,2026-08-04T19:00:00+00:00,30.5,16
New York City,2026-07-26T23:14:19.921783+00:00,2026-08-04T16:00,2026-08-04T20:00:00+00:00,31.6,16
New York City,2026-07-26T23:14:19.921783+00:00,2026-08-04T17:00,2026-08-04T21:00:00+00:00,32.1,16
New York City,2026-07-26T23:14:19.921783+00:00,2026-08-04T18:00,2026-08-04T22:00:00+00:00,31.4,16
New York City,2026-07-26T23:14:19.921783+00:00,2026-08-04T19:00,2026-08-04T23:00:00+00:00,30.1,16
New York City,2026-07-26T23:14:19.921783+00:00,2026-08-04T20:00,2026-08-05T00:00:00+00:00,29.0,16
New York City,2026-07-26T23:14:19.921783+00:00,2026-08-04T21:00,2026-08-05T01:00:00+00:00,28.2,11
New York City,2026-07-26T23:14:19.921783+00:00,2026-08-04T22:00,2026-08-05T02:00:00+00:00,27.6,11
New York City,2026-07-26T23:14:19.921783+00:00,2026-08-04T23:00,2026-08-05T03:00:00+00:00,27.1,11
New York City,2026-07-26T23:14:19.921783+00:00,2026-08-05T00:00,2026-08-05T04:00:00+00:00,26.5,11
New York City,2026-07-26T23:14:19.921783+00:00,2026-08-05T01:00,2026-08-05T05:00:00+00:00,26.0,11
New York City,2026-07-26T23:14:19.921783+00:00,2026-08-05T02:00,2026-08-05T06:00:00+00:00,25.4,11
New York City,2026-07-26T23:14:19.921783+00:00,2026-08-05T03:00,2026-08-05T07:00:00+00:00,24.6,4
New York City,2026-07-26T23:14:19.921783+00:00,2026-08-05T04:00,2026-08-05T08:00:00+00:00,23.7,4
New York City,2026-07-26T23:14:19.921783+00:00,2026-08-05T05:00,2026-08-05T09:00:00+00:00,23.2,4
New York City,2026-07-26T23:14:19.921783+00:00,2026-08-05T06:00,2026-08-05T10:00:00+00:00,23.1,4
New York City,2026-07-26T23:14:19.921783+00:00,2026-08-05T07:00,2026-08-05T11:00:00+00:00,23.2,4
New York City,2026-07-26T23:14:19.921783+00:00,2026-08-05T08:00,2026-08-05T12:00:00+00:00,23.8,4
New York City,2026-07-26T23:14:19.921783+00:00,2026-08-05T09:00,2026-08-05T13:00:00+00:00,24.8,4
New York City,2026-07-26T23:14:19.921783+00:00,2026-08-05T10:00,2026-08-05T14:00:00+00:00,26.1,4
New York City,2026-07-26T23:14:19.921783+00:00,2026-08-05T11:00,2026-08-05T15:00:00+00:00,27.5,4
New York City,2026-07-26T23:14:19.921783+00:00,2026-08-05T12:00,2026-08-05T16:00:00+00:00,28.9,4
New York City,2026-07-26T23:14:19.921783+00:00,2026-08-05T13:00,2026-08-05T17:00:00+00:00,30.3,4
New York City,2026-07-26T23:14:19.921783+00:00,2026-08-05T14:00,2026-08-05T18:00:00+00:00,31.3,4
New York City,2026-07-26T23:14:19.921783+00:00,2026-08-05T15:00,2026-08-05T19:00:00+00:00,31.7,17
New York City,2026-07-26T23:14:19.921783+00:00,2026-08-05T16:00,2026-08-05T20:00:00+00:00,31.7,17
New York City,2026-07-26T23:14:19.921783+00:00,2026-08-05T17:00,2026-08-05T21:00:00+00:00,31.2,17
New York City,2026-07-26T23:14:19.921783+00:00,2026-08-05T18:00,2026-08-05T22:00:00+00:00,29.7,17
New York City,2026-07-26T23:14:19.921783+00:00,2026-08-05T19:00,2026-08-05T23:00:00+00:00,27.7,17
New York City,2026-07-26T23:14:19.921783+00:00,2026-08-05T20:00,2026-08-06T00:00:00+00:00,26.1,17
New York City,2026-07-26T23:14:19.921783+00:00,2026-08-05T21:00,2026-08-06T01:00:00+00:00,25.2,15
New York City,2026-07-26T23:14:19.921783+00:00,2026-08-05T22:00,2026-08-06T02:00:00+00:00,24.8,15
New York City,2026-07-26T23:14:19.921783+00:00,2026-08-05T23:00,2026-08-06T03:00:00+00:00,24.4,15
New York City,2026-07-26T23:14:19.921783+00:00,2026-08-06T00:00,2026-08-06T04:00:00+00:00,24.0,15
New York City,2026-07-26T23:14:19.921783+00:00,2026-08-06T01:00,2026-08-06T05:00:00+00:00,23.7,15
New York City,2026-07-26T23:14:19.921783+00:00,2026-08-06T02:00,2026-08-06T06:00:00+00:00,23.5,15
New York City,2026-07-26T23:14:19.921783+00:00,2026-08-06T03:00,2026-08-06T07:00:00+00:00,23.1,7
New York City,2026-07-26T23:14:19.921783+00:00,2026-08-06T04:00,2026-08-06T08:00:00+00:00,22.7,7
New York City,2026-07-26T23:14:19.921783+00:00,2026-08-06T05:00,2026-08-06T09:00:00+00:00,22.6,7
New York City,2026-07-26T23:14:19.921783+00:00,2026-08-06T06:00,2026-08-06T10:00:00+00:00,22.6,7
New York City,2026-07-26T23:14:19.921783+00:00,2026-08-06T07:00,2026-08-06T11:00:00+00:00,22.9,7
New York City,2026-07-26T23:14:19.921783+00:00,2026-08-06T08:00,2026-08-06T12:00:00+00:00,23.5,7
New York City,2026-07-26T23:14:19.921783+00:00,2026-08-06T09:00,2026-08-06T13:00:00+00:00,24.5,7
New York City,2026-07-26T23:14:19.921783+00:00,2026-08-06T10:00,2026-08-06T14:00:00+00:00,25.7,7
New York City,2026-07-26T23:14:19.921783+00:00,2026-08-06T11:00,2026-08-06T15:00:00+00:00,26.9,7
New York City,2026-07-26T23:14:19.921783+00:00,2026-08-06T12:00,2026-08-06T16:00:00+00:00,27.9,11
New York City,2026-07-26T23:14:19.921783+00:00,2026-08-06T13:00,2026-08-06T17:00:00+00:00,28.9,14
New York City,2026-07-26T23:14:19.921783+00:00,2026-08-06T14:00,2026-08-06T18:00:00+00:00,29.5,16
New York City,2026-07-26T23:14:19.921783+00:00,2026-08-06T15:00,2026-08-06T19:00:00+00:00,29.4,20
New York City,2026-07-26T23:14:19.921783+00:00,2026-08-06T16:00,2026-08-06T20:00:00+00:00,28.9,23
New York City,2026-07-26T23:14:19.921783+00:00,2026-08-06T17:00,2026-08-06T21:00:00+00:00,28.2,26
New York City,2026-07-26T23:14:19.921783+00:00,2026-08-06T18:00,2026-08-06T22:00:00+00:00,27.2,29
New York City,2026-07-26T23:14:19.921783+00:00,2026-08-06T19:00,2026-08-06T23:00:00+00:00,26.0,32
New York City,2026-07-26T23:14:19.921783+00:00,2026-08-06T20:00,2026-08-07T00:00:00+00:00,25.0,35
New York City,2026-07-26T23:14:19.921783+00:00,2026-08-06T21:00,2026-08-07T01:00:00+00:00,24.3,36
New York City,2026-07-26T23:14:19.921783+00:00,2026-08-06T22:00,2026-08-07T02:00:00+00:00,23.8,37
New York City,2026-07-26T23:14:19.921783+00:00,2026-08-06T23:00,2026-08-07T03:00:00+00:00,23.4,37
New York City,2026-07-26T23:14:19.921783+00:00,2026-08-07T00:00,2026-08-07T04:00:00+00:00,23.2,37
New York City,2026-07-26T23:14:19.921783+00:00,2026-08-07T01:00,2026-08-07T05:00:00+00:00,23.1,36
New York City,2026-07-26T23:14:19.921783+00:00,2026-08-07T02:00,2026-08-07T06:00:00+00:00,23.1,35
New York City,2026-07-26T23:14:19.921783+00:00,2026-08-07T03:00,2026-08-07T07:00:00+00:00,22.9,33
New York City,2026-07-26T23:14:19.921783+00:00,2026-08-07T04:00,2026-08-07T08:00:00+00:00,22.6,29
New York City,2026-07-26T23:14:19.921783+00:00,2026-08-07T05:00,2026-08-07T09:00:00+00:00,22.6,26
New York City,2026-07-26T23:14:19.921783+00:00,2026-08-07T06:00,2026-08-07T10:00:00+00:00,22.8,23
New York City,2026-07-26T23:14:19.921783+00:00,2026-08-07T07:00,2026-08-07T11:00:00+00:00,23.2,19
New York City,2026-07-26T23:14:19.921783+00:00,2026-08-07T08:00,2026-08-07T12:00:00+00:00,23.9,16
New York City,2026-07-26T23:14:19.921783+00:00,2026-08-07T09:00,2026-08-07T13:00:00+00:00,24.9,14
New York City,2026-07-26T23:14:19.921783+00:00,2026-08-07T10:00,2026-08-07T14:00:00+00:00,26.2,13
New York City,2026-07-26T23:14:19.921783+00:00,2026-08-07T11:00,2026-08-07T15:00:00+00:00,27.4,12
New York City,2026-07-26T23:14:19.921783+00:00,2026-08-07T12:00,2026-08-07T16:00:00+00:00,28.6,11
New York City,2026-07-26T23:14:19.921783+00:00,2026-08-07T13:00,2026-08-07T17:00:00+00:00,29.8,10
New York City,2026-07-26T23:14:19.921783+00:00,2026-08-07T14:00,2026-08-07T18:00:00+00:00,30.5,10
New York City,2026-07-26T23:14:19.921783+00:00,2026-08-07T15:00,2026-08-07T19:00:00+00:00,30.4,10
New York City,2026-07-26T23:14:19.921783+00:00,2026-08-07T16:00,2026-08-07T20:00:00+00:00,29.8,10
New York City,2026-07-26T23:14:19.921783+00:00,2026-08-07T17:00,2026-08-07T21:00:00+00:00,29.0,11
New York City,2026-07-26T23:14:19.921783+00:00,2026-08-07T18:00,2026-08-07T22:00:00+00:00,27.8,12
New York City,2026-07-26T23:14:19.921783+00:00,2026-08-07T19:00,2026-08-07T23:00:00+00:00,26.4,12
New York City,2026-07-26T23:14:19.921783+00:00,2026-08-07T20:00,2026-08-08T00:00:00+00:00,25.2,13
New York City,2026-07-26T23:14:19.921783+00:00,2026-08-07T21:00,2026-08-08T01:00:00+00:00,24.4,14
New York City,2026-07-26T23:14:19.921783+00:00,2026-08-07T22:00,2026-08-08T02:00:00+00:00,23.9,14
New York City,2026-07-26T23:14:19.921783+00:00,2026-08-07T23:00,2026-08-08T03:00:00+00:00,23.5,15
New York City,2026-07-26T23:14:19.921783+00:00,2026-08-08T00:00,2026-08-08T04:00:00+00:00,23.2,15
New York City,2026-07-26T23:14:19.921783+00:00,2026-08-08T01:00,2026-08-08T05:00:00+00:00,23.0,16
New York City,2026-07-26T23:14:19.921783+00:00,2026-08-08T02:00,2026-08-08T06:00:00+00:00,22.9,16
New York City,2026-07-26T23:14:19.921783+00:00,2026-08-08T03:00,2026-08-08T07:00:00+00:00,22.8,16
New York City,2026-07-26T23:14:19.921783+00:00,2026-08-08T04:00,2026-08-08T08:00:00+00:00,22.7,17
New York City,2026-07-26T23:14:19.921783+00:00,2026-08-08T05:00,2026-08-08T09:00:00+00:00,22.8,17
New York City,2026-07-26T23:14:19.921783+00:00,2026-08-08T06:00,2026-08-08T10:00:00+00:00,22.9,17
New York City,2026-07-26T23:14:19.921783+00:00,2026-08-08T07:00,2026-08-08T11:00:00+00:00,23.2,17
New York City,2026-07-26T23:14:19.921783+00:00,2026-08-08T08:00,2026-08-08T12:00:00+00:00,23.8,16
New York City,2026-07-26T23:14:19.921783+00:00,2026-08-08T09:00,2026-08-08T13:00:00+00:00,24.7,14
New York City,2026-07-26T23:14:19.921783+00:00,2026-08-08T10:00,2026-08-08T14:00:00+00:00,26.0,11
New York City,2026-07-26T23:14:19.921783+00:00,2026-08-08T11:00,2026-08-08T15:00:00+00:00,27.0,9
New York City,2026-07-26T23:14:19.921783+00:00,2026-08-08T12:00,2026-08-08T16:00:00+00:00,27.7,7
New York City,2026-07-26T23:14:19.921783+00:00,2026-08-08T13:00,2026-08-08T17:00:00+00:00,28.3,4
New York City,2026-07-26T23:14:19.921783+00:00,2026-08-08T14:00,2026-08-08T18:00:00+00:00,28.4,3
New York City,2026-07-26T23:14:19.921783+00:00,2026-08-08T15:00,2026-08-08T19:00:00+00:00,27.8,3
New York City,2026-07-26T23:14:19.921783+00:00,2026-08-08T16:00,2026-08-08T20:00:00+00:00,26.9,4
New York City,2026-07-26T23:14:19.921783+00:00,2026-08-08T17:00,2026-08-08T21:00:00+00:00,26.0,6
New York City,2026-07-26T23:14:19.921783+00:00,2026-08-08T18:00,2026-08-08T22:00:00+00:00,25.3,8
New York City,2026-07-26T23:14:19.921783+00:00,2026-08-08T19:00,2026-08-08T23:00:00+00:00,24.8,10
New York City,2026-07-26T23:14:19.921783+00:00,2026-08-08T20:00,2026-08-09T00:00:00+00:00,24.4,13
New York City,2026-07-26T23:14:19.921783+00:00,2026-08-08T21:00,2026-08-09T01:00:00+00:00,24.2,16
New York City,2026-07-26T23:14:19.921783+00:00,2026-08-08T22:00,2026-08-09T02:00:00+00:00,24.1,20
New York City,2026-07-26T23:14:19.921783+00:00,2026-08-08T23:00,2026-08-09T03:00:00+00:00,24.0,24
New York City,2026-07-26T23:14:19.921783+00:00,2026-08-09T00:00,2026-08-09T04:00:00+00:00,23.7,27
New York City,2026-07-26T23:14:19.921783+00:00,2026-08-09T01:00,2026-08-09T05:00:00+00:00,23.3,30
New York City,2026-07-26T23:14:19.921783+00:00,2026-08-09T02:00,2026-08-09T06:00:00+00:00,23.1,32
New York City,2026-07-26T23:14:19.921783+00:00,2026-08-09T03:00,2026-08-09T07:00:00+00:00,23.0,32
New York City,2026-07-26T23:14:19.921783+00:00,2026-08-09T04:00,2026-08-09T08:00:00+00:00,22.9,31
New York City,2026-07-26T23:14:19.921783+00:00,2026-08-09T05:00,2026-08-09T09:00:00+00:00,23.0,30
New York City,2026-07-26T23:14:19.921783+00:00,2026-08-09T06:00,2026-08-09T10:00:00+00:00,22.9,28
New York City,2026-07-26T23:14:19.921783+00:00,2026-08-09T07:00,2026-08-09T11:00:00+00:00,22.9,26
New York City,2026-07-26T23:14:19.921783+00:00,2026-08-09T08:00,2026-08-09T12:00:00+00:00,23.3,23
New York City,2026-07-26T23:14:19.921783+00:00,2026-08-09T09:00,2026-08-09T13:00:00+00:00,24.2,21
New York City,2026-07-26T23:14:19.921783+00:00,2026-08-09T10:00,2026-08-09T14:00:00+00:00,25.6,18
New York City,2026-07-26T23:14:19.921783+00:00,2026-08-09T11:00,2026-08-09T15:00:00+00:00,26.8,16
New York City,2026-07-26T23:14:19.921783+00:00,2026-08-09T12:00,2026-08-09T16:00:00+00:00,27.8,14
New York City,2026-07-26T23:14:19.921783+00:00,2026-08-09T13:00,2026-08-09T17:00:00+00:00,28.6,12
New York City,2026-07-26T23:14:19.921783+00:00,2026-08-09T14:00,2026-08-09T18:00:00+00:00,29.1,10
New York City,2026-07-26T23:14:19.921783+00:00,2026-08-09T15:00,2026-08-09T19:00:00+00:00,28.8,9
New York City,2026-07-26T23:14:19.921783+00:00,2026-08-09T16:00,2026-08-09T20:00:00+00:00,28.1,8
New York City,2026-07-26T23:14:19.921783+00:00,2026-08-09T17:00,2026-08-09T21:00:00+00:00,27.5,8
New York City,2026-07-26T23:14:19.921783+00:00,2026-08-09T18:00,2026-08-09T22:00:00+00:00,27.0,8
New York City,2026-07-26T23:14:19.921783+00:00,2026-08-09T19:00,2026-08-09T23:00:00+00:00,26.6,8
New York City,2026-07-26T23:14:19.921783+00:00,2026-08-09T20:00,2026-08-10T00:00:00+00:00,26.2,10
New York City,2026-07-26T23:14:19.921783+00:00,2026-08-09T21:00,2026-08-10T01:00:00+00:00,25.8,13
New York City,2026-07-26T23:14:19.921783+00:00,2026-08-09T22:00,2026-08-10T02:00:00+00:00,25.4,18
New York City,2026-07-26T23:14:19.921783+00:00,2026-08-09T23:00,2026-08-10T03:00:00+00:00,25.0,22
New York City,2026-07-26T23:14:19.921783+00:00,2026-08-10T00:00,2026-08-10T04:00:00+00:00,24.3,26
New York City,2026-07-26T23:14:19.921783+00:00,2026-08-10T01:00,2026-08-10T05:00:00+00:00,23.4,30
New York City,2026-07-26T23:14:19.921783+00:00,2026-08-10T02:00,2026-08-10T06:00:00+00:00,22.8,32
New York City,2026-07-26T23:14:19.921783+00:00,2026-08-10T03:00,2026-08-10T07:00:00+00:00,22.3,32
New York City,2026-07-26T23:14:19.921783+00:00,2026-08-10T04:00,2026-08-10T08:00:00+00:00,22.1,31
New York City,2026-07-26T23:14:19.921783+00:00,2026-08-10T05:00,2026-08-10T09:00:00+00:00,21.9,29
New York City,2026-07-26T23:14:19.921783+00:00,2026-08-10T06:00,2026-08-10T10:00:00+00:00,21.7,27
New York City,2026-07-26T23:14:19.921783+00:00,2026-08-10T07:00,2026-08-10T11:00:00+00:00,21.7,25
New York City,2026-07-26T23:14:19.921783+00:00,2026-08-10T08:00,2026-08-10T12:00:00+00:00,22.0,23
New York City,2026-07-26T23:14:19.921783+00:00,2026-08-10T09:00,2026-08-10T13:00:00+00:00,22.7,21
New York City,2026-07-26T23:14:19.921783+00:00,2026-08-10T10:00,2026-08-10T14:00:00+00:00,23.6,20
New York City,2026-07-26T23:14:19.921783+00:00,2026-08-10T11:00,2026-08-10T15:00:00+00:00,24.5,19
New York City,2026-07-26T23:14:19.921783+00:00,2026-08-10T12:00,2026-08-10T16:00:00+00:00,25.1,18
New York City,2026-07-26T23:14:19.921783+00:00,2026-08-10T13:00,2026-08-10T17:00:00+00:00,25.5,17
New York City,2026-07-26T23:14:19.921783+00:00,2026-08-10T14:00,2026-08-10T18:00:00+00:00,25.7,16
New York City,2026-07-26T23:14:19.921783+00:00,2026-08-10T15:00,2026-08-10T19:00:00+00:00,25.5,17
New York City,2026-07-26T23:14:19.921783+00:00,2026-08-10T16:00,2026-08-10T20:00:00+00:00,25.0,18
New York City,2026-07-26T23:14:19.921783+00:00,2026-08-10T17:00,2026-08-10T21:00:00+00:00,24.4,19
New York City,2026-07-26T23:14:19.921783+00:00,2026-08-10T18:00,2026-08-10T22:00:00+00:00,23.4,20
New York City,2026-07-26T23:14:19.921783+00:00,2026-08-10T19:00,2026-08-10T23:00:00+00:00,22.2,22
New York City,2026-07-26T23:14:19.921783+00:00,2026-08-10T20:00,2026-08-11T00:00:00+00:00,21.3,23
New York City,2026-07-26T23:14:19.921783+00:00,2026-08-10T21:00,2026-08-11T01:00:00+00:00,20.9,24
New York City,2026-07-26T23:14:19.921783+00:00,2026-08-10T22:00,2026-08-11T02:00:00+00:00,20.7,25
New York City,2026-07-26T23:14:19.921783+00:00,2026-08-10T23:00,2026-08-11T03:00:00+00:00,20.6,26
